{
  "generated_at_utc": "2026-03-05T14:59:47.912818+00:00",
  "entity_count": 10000,
  "row_count": 14000,
  "tolerance_pct": 1.5,
  "expected_distributions_pct": {
    "gender": {
      "female": 50.5,
      "male": 49.5
    },
    "ethnicity": {
      "American Indian & Alaskan Native": 0.0,
      "Asian & Pacific Islander": 6.7,
      "Black": 12.6,
      "Hispanic": 20.0,
      "Two or More Races": 2.9,
      "White": 57.8
    },
    "age_bins": {
      "age_0_17": 21.8,
      "age_18_34": 22.4,
      "age_35_64": 38.1,
      "age_65_plus": 17.7
    }
  },
  "achieved_distributions_pct": {
    "gender": {
      "male": 49.34285714285714,
      "female": 50.65714285714286
    },
    "ethnicity": {
      "White": 58.021428571428565,
      "Hispanic": 20.05,
      "Black": 12.55,
      "Two or More Races": 2.7857142857142856,
      "Asian & Pacific Islander": 6.592857142857143
    },
    "age_bins": {
      "age_35_64": 38.15714285714286,
      "age_18_34": 22.564285714285713,
      "age_0_17": 21.871428571428574,
      "age_65_plus": 17.40714285714286
    }
  },
  "distribution_checks": {
    "gender": {
      "female": {
        "expected_pct": 50.5,
        "achieved_pct": 50.65714285714286,
        "delta_pct": 0.15714285714285836,
        "within_tolerance": true
      },
      "male": {
        "expected_pct": 49.5,
        "achieved_pct": 49.34285714285714,
        "delta_pct": -0.15714285714285836,
        "within_tolerance": true
      }
    },
    "ethnicity": {
      "American Indian & Alaskan Native": {
        "expected_pct": 0.0,
        "achieved_pct": 0.0,
        "delta_pct": 0.0,
        "within_tolerance": true
      },
      "Asian & Pacific Islander": {
        "expected_pct": 6.7,
        "achieved_pct": 6.592857142857143,
        "delta_pct": -0.10714285714285676,
        "within_tolerance": true
      },
      "Black": {
        "expected_pct": 12.6,
        "achieved_pct": 12.55,
        "delta_pct": -0.049999999999998934,
        "within_tolerance": true
      },
      "Hispanic": {
        "expected_pct": 20.0,
        "achieved_pct": 20.05,
        "delta_pct": 0.05000000000000071,
        "within_tolerance": true
      },
      "Two or More Races": {
        "expected_pct": 2.9,
        "achieved_pct": 2.7857142857142856,
        "delta_pct": -0.11428571428571432,
        "within_tolerance": true
      },
      "White": {
        "expected_pct": 57.8,
        "achieved_pct": 58.021428571428565,
        "delta_pct": 0.22142857142856798,
        "within_tolerance": true
      }
    },
    "age_bins": {
      "age_0_17": {
        "expected_pct": 21.8,
        "achieved_pct": 21.871428571428574,
        "delta_pct": 0.07142857142857295,
        "within_tolerance": true
      },
      "age_18_34": {
        "expected_pct": 22.4,
        "achieved_pct": 22.564285714285713,
        "delta_pct": 0.1642857142857146,
        "within_tolerance": true
      },
      "age_35_64": {
        "expected_pct": 38.1,
        "achieved_pct": 38.15714285714286,
        "delta_pct": 0.05714285714285694,
        "within_tolerance": true
      },
      "age_65_plus": {
        "expected_pct": 17.7,
        "achieved_pct": 17.40714285714286,
        "delta_pct": -0.29285714285714093,
        "within_tolerance": true
      }
    }
  },
  "name_duplication": {
    "target_exact_full_name_people_pct": 58.0,
    "collision_group_min_size_requested": 3,
    "collision_group_max_size_requested": 7,
    "forced_duplicate_name_groups": 829,
    "forced_duplicate_name_pair_equivalent": 2900,
    "forced_duplicate_name_pairs": 2900,
    "forced_duplicate_name_people": 5800,
    "forced_duplicate_name_people_pct": 57.99999999999999,
    "forced_collision_group_min_size_observed": 6,
    "forced_collision_group_max_size_observed": 7,
    "entity_actual_duplicate_name_people_pct": 58.06,
    "entity_actual_collision_group_count": 831,
    "entity_actual_collision_group_min_size": 2,
    "entity_actual_collision_group_max_size": 8,
    "row_actual_duplicate_name_people_pct": 67.7,
    "row_actual_collision_group_count": 2358,
    "row_actual_collision_group_min_size": 2,
    "row_actual_collision_group_max_size": 14,
    "actual_duplicate_name_people_pct": 67.7,
    "actual_collision_group_count": 2358,
    "actual_collision_group_min_size": 2,
    "actual_collision_group_max_size": 14
  },
  "nickname_metrics": {
    "enabled": true,
    "mode": "per_record",
    "usage_pct_target": 35.0,
    "usage_pct_achieved": 26.064285714285713,
    "per_person_consistency_check": null
  },
  "uniqueness_checks": {
    "record_key_unique": true,
    "person_key_unique": false,
    "person_key_entity_count_matches": true,
    "row_count_matches": true,
    "address_key_unique": true,
    "full_address_unique": true,
    "records_per_entity_within_bounds": true,
    "same_person_distinct_address": true,
    "method": "exact",
    "checked_exactly": true,
    "duplicate_counts": {
      "RecordKey": 0,
      "PersonKey": 4000,
      "AddressKey": 0,
      "full_address": 0
    }
  },
  "missingness_pct": {
    "RecordKey": 0.0,
    "PersonKey": 0.0,
    "EntityRecordIndex": 0.0,
    "AddressKey": 0.0,
    "FormalFirstName": 0.0,
    "FirstName": 0.0,
    "FirstNameType": 0.0,
    "MiddleName": 35.392857142857146,
    "LastName": 0.0,
    "Suffix": 67.10714285714286,
    "FormalFullName": 0.0,
    "FullName": 0.0,
    "Gender": 0.0,
    "Ethnicity": 0.0,
    "DOB": 0.0,
    "Age": 0.0,
    "AgeBin": 0.0,
    "SSN": 0.0,
    "Phone": 2.1999999999999997,
    "ResidenceType": 0.0,
    "ResidenceStreetNumber": 0.0,
    "ResidenceStreetName": 0.0,
    "ResidenceUnitType": 70.0,
    "ResidenceUnitNumber": 70.0,
    "ResidenceCity": 0.0,
    "ResidenceState": 0.0,
    "ResidencePostalCode": 0.0,
    "ResidenceStartDate": 0.0,
    "ResidenceEndDate": 84.65714285714286,
    "MailingAddressMode": 57.56428571428571,
    "MailingStreetNumber": 57.56428571428571,
    "MailingStreetName": 57.56428571428571,
    "MailingUnitType": 100.0,
    "MailingUnitNumber": 57.56428571428571,
    "MailingCity": 57.56428571428571,
    "MailingState": 57.56428571428571,
    "MailingPostalCode": 57.56428571428571
  }
}