row_type,experiment,condition_or_scenario,seed,matcher,source_filename,precision,recall,f1,b3_precision,b3_recall,b3_f1,closure_precision,closure_recall,closure_f1,n_seeds,precision_mean,precision_sd,recall_mean,recall_sd,f1_mean,f1_sd,b3_precision_mean,b3_precision_sd,b3_recall_mean,b3_recall_sd,b3_f1_mean,b3_f1_sd,closure_precision_mean,closure_precision_sd,closure_recall_mean,closure_recall_sd,closure_f1_mean,closure_f1_sd,mean_absolute_closure_minus_pairwise_f1,closure_explanation
per_seed,E1,clean,20260720,baseline,paper_experiments/results/E2_E6/E4/e1_e4_e5_per_run.csv,0.9985267810165211,0.9977917981072556,0.9981591542628728,0.9992617107942974,0.997793618465716,0.9985271250117363,0.9985267810165211,0.9977917981072556,0.9981591542628728,,,,,,,,,,,,,,,,,,,,,
per_seed,E1,clean,20260720,learned,paper_experiments/results/E2_E6/E4/e1_e4_e5_per_run.csv,0.9995789916850858,0.99863301787592,0.9991057808637104,0.99979633401222,0.9982179226069248,0.9990065048449108,0.9995789916850858,0.99863301787592,0.9991057808637104,,,,,,,,,,,,,,,,,,,,,
per_seed,E1,clean,20260720,splink,paper_experiments/results/E2_E6/E4/e1_e4_e5_per_run.csv,0.9866902360403452,0.9977917981072556,0.9922099649709836,0.9920332654446709,0.998099117447386,0.9950569471965416,0.9864850816093148,0.9977917981072556,0.9921062261487792,,,,,,,,,,,,,,,,,,,,,
per_seed,E1,clean,20260721,baseline,paper_experiments/results/E2_E6/E4/e1_e4_e5_per_run.csv,0.9984258579074404,0.99895002099958,0.998687870676534,0.9992112063103497,0.9991330069359444,0.9991721050930948,0.998321091290661,0.99895002099958,0.998635457121864,,,,,,,,,,,,,,,,,,,,,
per_seed,E1,clean,20260721,learned,paper_experiments/results/E2_E6/E4/e1_e4_e5_per_run.csv,0.9998949027850762,0.99895002099958,0.9994222385629498,0.9999320005439956,0.9991330069359444,0.9995323440676274,0.9998949027850762,0.99895002099958,0.9994222385629498,,,,,,,,,,,,,,,,,,,,,
per_seed,E1,clean,20260721,splink,paper_experiments/results/E2_E6/E4/e1_e4_e5_per_run.csv,0.9887757223030555,0.99895002099958,0.9938368327588007,0.9933632530939752,0.9991670066639468,0.996256677421254,0.9886729710069624,0.99895002099958,0.9937849271426332,,,,,,,,,,,,,,,,,,,,,
per_seed,E1,clean,20260722,baseline,paper_experiments/results/E2_E6/E4/e1_e4_e5_per_run.csv,0.99874213836478,0.9981143934632308,0.9984281672430052,0.9992197174019982,0.9987108374467796,0.9989652126176296,0.9984281672430052,0.9981143934632308,0.9982712556969984,,,,,,,,,,,,,,,,,,,,,
per_seed,E1,clean,20260722,learned,paper_experiments/results/E2_E6/E4/e1_e4_e5_per_run.csv,0.9994759459176188,0.998952440812906,0.9992141247969822,0.9997285973572168,0.9991349040761284,0.9994316625486432,0.9994759459176188,0.998952440812906,0.9992141247969822,,,,,,,,,,,,,,,,,,,,,
per_seed,E1,clean,20260722,splink,paper_experiments/results/E2_E6/E4/e1_e4_e5_per_run.csv,0.9857231533209186,0.9981143934632308,0.9918800749531542,0.9914050175563583,0.9988126134378232,0.995095029950252,0.9854173130623642,0.9981143934632308,0.9917252146760344,,,,,,,,,,,,,,,,,,,,,
per_seed,E1,clean,20260723,baseline,paper_experiments/results/E2_E6/E4/e1_e4_e5_per_run.csv,0.9989502414444678,0.9987405541561712,0.9988453867954236,0.999504564118226,0.9989310801180902,0.9992177398328218,0.9989502414444678,0.9987405541561712,0.9988453867954236,,,,,,,,,,,,,,,,,,,,,
per_seed,E1,clean,20260723,learned,paper_experiments/results/E2_E6/E4/e1_e4_e5_per_run.csv,0.9996849401386264,0.9990554156171284,0.9993700787401576,0.9998303301774748,0.999083782958363,0.99945691715904,0.9996849401386264,0.9990554156171284,0.9993700787401576,,,,,,,,,,,,,,,,,,,,,
per_seed,E1,clean,20260723,splink,paper_experiments/results/E2_E6/E4/e1_e4_e5_per_run.csv,0.9869321717486,0.9987405541561712,0.9928012519561816,0.9921324103294988,0.9989310801180902,0.9955201378815084,0.9869321717486,0.9987405541561712,0.9928012519561816,,,,,,,,,,,,,,,,,,,,,
per_seed,E1,clean,20260724,baseline,paper_experiments/results/E2_E6/E4/e1_e4_e5_per_run.csv,0.9995787256450764,0.998422049232064,0.999000052628809,0.9997793843125276,0.9984217493126972,0.9991001056045884,0.9995787256450764,0.998422049232064,0.999000052628809,,,,,,,,,,,,,,,,,,,,,
per_seed,E1,clean,20260724,learned,paper_experiments/results/E2_E6/E4/e1_e4_e5_per_run.csv,1.0,0.999474016410688,0.9997369390224654,1.0,0.9989308624376336,0.9994651453021928,1.0,0.999474016410688,0.9997369390224654,,,,,,,,,,,,,,,,,,,,,
per_seed,E1,clean,20260724,splink,paper_experiments/results/E2_E6/E4/e1_e4_e5_per_run.csv,0.9850544888427608,0.998422049232064,0.9916932239694896,0.9911872518073516,0.9985744832501782,0.9948671545330257,0.9849522623495226,0.998422049232064,0.9916414167798558,,,,,,,,,,,,,,,,,,,,,
per_seed,E1,clean,20260725,baseline,paper_experiments/results/E2_E6/E4/e1_e4_e5_per_run.csv,0.9982142857142856,0.9986338797814208,0.9984240386635848,0.9991311578340036,0.998625464542076,0.9988782471848218,0.9982142857142856,0.9986338797814208,0.9984240386635848,,,,,,,,,,,,,,,,,,,,,
per_seed,E1,clean,20260725,learned,paper_experiments/results/E2_E6/E4/e1_e4_e5_per_run.csv,0.9995796553173604,0.9995796553173604,0.9995796553173604,0.9997963651173446,0.9990836430280507,0.999439877008348,0.9995796553173604,0.9995796553173604,0.9995796553173604,,,,,,,,,,,,,,,,,,,,,
per_seed,E1,clean,20260725,splink,paper_experiments/results/E2_E6/E4/e1_e4_e5_per_run.csv,0.9845627849150436,0.9986338797814208,0.9915484140233722,0.9909518233806784,0.9987781907040676,0.9948496149979632,0.9845627849150436,0.9986338797814208,0.9915484140233722,,,,,,,,,,,,,,,,,,,,,
per_seed,E1,clean,20260726,baseline,paper_experiments/results/E2_E6/E4/e1_e4_e5_per_run.csv,0.9988438091233972,0.999053826745164,0.9989488068958268,0.9993549591757058,0.9990324387635586,0.9991936729437936,0.9985289481979616,0.999053826745164,0.9987913185138472,,,,,,,,,,,,,,,,,,,,,
per_seed,E1,clean,20260726,learned,paper_experiments/results/E2_E6/E4/e1_e4_e5_per_run.csv,0.9992641648270788,0.9993692178301092,0.999316688567674,0.9995926057951826,0.9991852115903652,0.9993888671748932,0.9991591339079252,0.9993692178301092,0.9992641648270788,,,,,,,,,,,,,,,,,,,,,
per_seed,E1,clean,20260726,splink,paper_experiments/results/E2_E6/E4/e1_e4_e5_per_run.csv,0.9857883817427386,0.999053826745164,0.9923767752715122,0.9915363853949176,0.9990324387635586,0.9952702978181728,0.985583903754408,0.999053826745164,0.9922731544324946,,,,,,,,,,,,,,,,,,,,,
per_seed,E1,clean,20260727,baseline,paper_experiments/results/E2_E6/E4/e1_e4_e5_per_run.csv,0.9990533291259072,0.9984232103437402,0.9987381703470032,0.9994737824854442,0.998319498905128,0.9988963072347132,0.998948254101809,0.9984232103437402,0.998685663214342,,,,,,,,,,,,,,,,,,,,,
per_seed,E1,clean,20260727,learned,paper_experiments/results/E2_E6/E4/e1_e4_e5_per_run.csv,0.9997896065642752,0.999053926206244,0.9994216310005783,0.9998472271731934,0.9986250445587412,0.9992357621479117,0.9996844430419692,0.999053926206244,0.9993690851735016,,,,,,,,,,,,,,,,,,,,,
per_seed,E1,clean,20260727,splink,paper_experiments/results/E2_E6/E4/e1_e4_e5_per_run.csv,0.9858833298733652,0.9984232103437402,0.9921136470465348,0.9916687885114835,0.9984213474563324,0.9950336119569976,0.9856787048567872,0.9984232103437402,0.9920100266332448,,,,,,,,,,,,,,,,,,,,,
per_seed,E1,clean,20260728,baseline,paper_experiments/results/E2_E6/E4/e1_e4_e5_per_run.csv,0.9986327303323516,0.9985277105899674,0.9985802176999526,0.9992835557366474,0.998522970357543,0.9989031182657784,0.9985277105899674,0.9985277105899674,0.9985277105899674,,,,,,,,,,,,,,,,,,,,,
per_seed,E1,clean,20260728,learned,paper_experiments/results/E2_E6/E4/e1_e4_e5_per_run.csv,0.999789628694646,0.9995793458828478,0.9996844762305428,0.9998981358867272,0.9990322909239076,0.999465025883158,0.999789628694646,0.9995793458828478,0.9996844762305428,,,,,,,,,,,,,,,,,,,,,
per_seed,E1,clean,20260728,splink,paper_experiments/results/E2_E6/E4/e1_e4_e5_per_run.csv,0.98516289686657,0.9985277105899674,0.9918002820285162,0.9911649859087976,0.9987266985840888,0.9949314747562352,0.9849585062240664,0.9985277105899674,0.991696694344352,,,,,,,,,,,,,,,,,,,,,
per_seed,E1,clean,20260729,baseline,paper_experiments/results/E2_E6/E4/e1_e4_e5_per_run.csv,0.998842105263158,0.998842105263158,0.998842105263158,0.9994219751449313,0.998673942979548,0.9990478190409036,0.998842105263158,0.998842105263158,0.998842105263158,,,,,,,,,,,,,,,,,,,,,
per_seed,E1,clean,20260729,learned,paper_experiments/results/E2_E6/E4/e1_e4_e5_per_run.csv,0.9997893628225382,0.9992631578947369,0.999526191102922,0.9998979956138114,0.9988779517519252,0.9993877134011993,0.9997893628225382,0.9992631578947369,0.999526191102922,,,,,,,,,,,,,,,,,,,,,
per_seed,E1,clean,20260729,splink,paper_experiments/results/E2_E6/E4/e1_e4_e5_per_run.csv,0.9883345484845328,0.998842105263158,0.9935605465682426,0.9932048078067356,0.998673942979548,0.9959318670446728,0.9882316184128308,0.998842105263158,0.9935085331378912,,,,,,,,,,,,,,,,,,,,,
per_seed,E1,high_noise,20260720,baseline,paper_experiments/results/E2_E6/E4/e1_e4_e5_per_run.csv,0.998790012099879,0.9547844374342797,0.9762915972259556,0.9994229463679564,0.9767651052274268,0.987964134878471,0.998790012099879,0.9547844374342797,0.9762915972259556,,,,,,,,,,,,,,,,,,,,,
per_seed,E1,high_noise,20260720,learned,paper_experiments/results/E2_E6/E4/e1_e4_e5_per_run.csv,0.9996798292422624,0.9849631966351208,0.9922669491525424,0.99979633401222,0.9915139171758316,0.9956379011488116,0.9995731512111834,0.9849631966351208,0.9922143954239712,,,,,,,,,,,,,,,,,,,,,
per_seed,E1,high_noise,20260720,splink,paper_experiments/results/E2_E6/E4/e1_e4_e5_per_run.csv,0.988130240662093,0.9541535226077812,0.9708447012250576,0.9931653088934148,0.976714188730482,0.9848710544184736,0.9878075332026998,0.9541535226077812,0.97068891741549,,,,,,,,,,,,,,,,,,,,,
per_seed,E1,high_noise,20260721,baseline,paper_experiments/results/E2_E6/E4/e1_e4_e5_per_run.csv,0.9987971569163476,0.9590508189836204,0.9785205420750978,0.9993812049503604,0.9795406636746908,0.989361474327684,0.998578768995299,0.9590508189836204,0.9784157249210004,,,,,,,,,,,,,,,,,,,,,
per_seed,E1,high_noise,20260721,learned,paper_experiments/results/E2_E6/E4/e1_e4_e5_per_run.csv,0.999893662271374,0.987295254094918,0.9935545224006764,0.9999320005439956,0.993404052767578,0.9966573375143092,0.999893662271374,0.987295254094918,0.9935545224006764,,,,,,,,,,,,,,,,,,,,,
per_seed,E1,high_noise,20260721,splink,paper_experiments/results/E2_E6/E4/e1_e4_e5_per_run.csv,0.9890586068681616,0.9586308273834524,0.9736070381231672,0.993465252277982,0.9793706650346796,0.9863676104779,0.9883091578263692,0.9586308273834524,0.9732437906406564,,,,,,,,,,,,,,,,,,,,,
per_seed,E1,high_noise,20260722,baseline,paper_experiments/results/E2_E6/E4/e1_e4_e5_per_run.csv,0.9986834887547996,0.9535931280117328,0.9756175981994534,0.9992197174019982,0.9768459620375554,0.9879061777028416,0.9983549023908752,0.9535931280117328,0.9754607801114444,,,,,,,,,,,,,,,,,,,,,
per_seed,E1,high_noise,20260722,learned,paper_experiments/results/E2_E6/E4/e1_e4_e5_per_run.csv,0.9995755067388306,0.9866959983239052,0.9930939954662872,0.9997285973572168,0.9931640459348974,0.9964355098907122,0.9994694397283532,0.9866959983239052,0.9930416447021612,,,,,,,,,,,,,,,,,,,,,
per_seed,E1,high_noise,20260722,splink,paper_experiments/results/E2_E6/E4/e1_e4_e5_per_run.csv,0.987086272381986,0.9528598365807668,0.9696711262725868,0.9923634081386866,0.9764897460689024,0.984362587276273,0.9864439865524348,0.9528598365807668,0.9693611125912508,,,,,,,,,,,,,,,,,,,,,
per_seed,E1,high_noise,20260723,baseline,paper_experiments/results/E2_E6/E4/e1_e4_e5_per_run.csv,0.9990131578947368,0.9562342569269522,0.9771557271557272,0.999504564118226,0.9780447249652175,0.98865820630703,0.9989036289880496,0.9562342569269522,0.977103329937262,,,,,,,,,,,,,,,,,,,,,
per_seed,E1,high_noise,20260723,learned,paper_experiments/results/E2_E6/E4/e1_e4_e5_per_run.csv,0.9996806132226126,0.9855163727959698,0.9925479625812588,0.9998303301774748,0.992381824968611,0.9960921532955248,0.9996806132226126,0.9855163727959698,0.9925479625812588,,,,,,,,,,,,,,,,,,,,,
per_seed,E1,high_noise,20260723,splink,paper_experiments/results/E2_E6/E4/e1_e4_e5_per_run.csv,0.9881676074685192,0.9553946263643996,0.971504802561366,0.9929977264243782,0.9776375173911568,0.9852577589721264,0.9876315503960074,0.9553946263643996,0.9712456655108028,,,,,,,,,,,,,,,,,,,,,
per_seed,E1,high_noise,20260724,baseline,paper_experiments/results/E2_E6/E4/e1_e4_e5_per_run.csv,0.9996711608023676,0.9593940669051124,0.9791185785603091,0.9997793843125276,0.9793978888775754,0.989483692646424,0.9995615957913196,0.9593940669051124,0.9790660225442834,,,,,,,,,,,,,,,,,,,,,
per_seed,E1,high_noise,20260724,learned,paper_experiments/results/E2_E6/E4/e1_e4_e5_per_run.csv,0.999893299189074,0.9857984430885756,0.9927958470176924,0.9998778128500152,0.9922445100634694,0.9960465370256116,0.9996799658630254,0.9857984430885756,0.9926906779661018,,,,,,,,,,,,,,,,,,,,,
per_seed,E1,high_noise,20260724,splink,paper_experiments/results/E2_E6/E4/e1_e4_e5_per_run.csv,0.9855119472375392,0.9588680833158004,0.9720074646760865,0.9916284831822963,0.9792112140650988,0.985380731141808,0.9850859180806224,0.9588680833158004,0.9718002025694332,,,,,,,,,,,,,,,,,,,,,
per_seed,E1,high_noise,20260725,baseline,paper_experiments/results/E2_E6/E4/e1_e4_e5_per_run.csv,0.9983567046450482,0.9576502732240436,0.9775799184724308,0.999199036128222,0.978584398174074,0.98878428291679,0.9982473436301896,0.9576502732240436,0.9775274872620004,,,,,,,,,,,,,,,,,,,,,
per_seed,E1,high_noise,20260725,learned,paper_experiments/results/E2_E6/E4/e1_e4_e5_per_run.csv,0.9995733788395904,0.9848675914249684,0.9921659961888628,0.9997963651173446,0.9918715742673386,0.9958182034321196,0.9995733788395904,0.9848675914249684,0.9921659961888628,,,,,,,,,,,,,,,,,,,,,
per_seed,E1,high_noise,20260725,splink,paper_experiments/results/E2_E6/E4/e1_e4_e5_per_run.csv,0.9854946958216064,0.9567044976881044,0.9708862109416656,0.9917069694038588,0.9782450067029814,0.9849299908814184,0.9850681670634062,0.9567044976881044,0.9706791768845292,,,,,,,,,,,,,,,,,,,,,
per_seed,E1,high_noise,20260726,baseline,paper_experiments/results/E2_E6/E4/e1_e4_e5_per_run.csv,0.9991212653778558,0.9562657695542472,0.9772238934250108,0.999405883451308,0.9780940741117956,0.9886351385218626,0.9987921379158888,0.9562657695542472,0.9770664375100704,,,,,,,,,,,,,,,,,,,,,
per_seed,E1,high_noise,20260726,learned,paper_experiments/results/E2_E6/E4/e1_e4_e5_per_run.csv,0.9994674051981252,0.9864381833473508,0.992910052910053,0.9996944543463868,0.9927687528644904,0.9962195669111492,0.999360954308233,0.9864381833473508,0.9928575207660968,,,,,,,,,,,,,,,,,,,,,
per_seed,E1,high_noise,20260726,splink,paper_experiments/results/E2_E6/E4/e1_e4_e5_per_run.csv,0.9876046536914213,0.9548990748528174,0.9709765353573148,0.9924869718728252,0.9774490332875015,0.9849106048788412,0.9863177326528396,0.9548990748528174,0.9703541477485176,,,,,,,,,,,,,,,,,,,,,
per_seed,E1,high_noise,20260727,baseline,paper_experiments/results/E2_E6/E4/e1_e4_e5_per_run.csv,0.9991221332162844,0.957111321349732,0.9776656286910768,0.999405883451308,0.9781365110081308,0.9886568163179892,0.9987933304080736,0.957111321349732,0.9775081861613611,,,,,,,,,,,,,,,,,,,,,
per_seed,E1,high_noise,20260727,learned,paper_experiments/results/E2_E6/E4/e1_e4_e5_per_run.csv,0.9997869166844237,0.9864396089561652,0.9930684163183238,0.9997963028975912,0.9924462324523432,0.99610770920139,0.9995739241585002,0.9864396089561652,0.992963335273266,,,,,,,,,,,,,,,,,,,,,
per_seed,E1,high_noise,20260727,splink,paper_experiments/results/E2_E6/E4/e1_e4_e5_per_run.csv,0.9869763403516388,0.9559550089351414,0.9712180274470016,0.9922968545772436,0.9776781925277114,0.9849332829466302,0.985906331309627,0.9559550089351414,0.970699685115013,,,,,,,,,,,,,,,,,,,,,
per_seed,E1,high_noise,20260728,baseline,paper_experiments/results/E2_E6/E4/e1_e4_e5_per_run.csv,0.9986847873739588,0.958250078872647,0.9780496967745398,0.9993854198499202,0.978812264439238,0.988991862259072,0.9986847873739588,0.958250078872647,0.9780496967745398,,,,,,,,,,,,,,,,,,,,,
per_seed,E1,high_noise,20260728,learned,paper_experiments/results/E2_E6/E4/e1_e4_e5_per_run.csv,1.0,0.9867493953097066,0.9933305102688968,1.0,0.9927336932532004,0.996353598691385,1.0,0.9867493953097066,0.9933305102688968,,,,,,,,,,,,,,,,,,,,,
per_seed,E1,high_noise,20260728,splink,paper_experiments/results/E2_E6/E4/e1_e4_e5_per_run.csv,0.9869862270903372,0.9570932800504784,0.971809930592632,0.9922939798309054,0.9784048079861464,0.9853004495706784,0.9863444239731224,0.9570932800504784,0.9714987190435525,,,,,,,,,,,,,,,,,,,,,
per_seed,E1,high_noise,20260729,baseline,paper_experiments/results/E2_E6/E4/e1_e4_e5_per_run.csv,0.999010227647641,0.9562105263157896,0.9771419351368796,0.9994219751449313,0.9777970452729468,0.9884912538126724,0.9987905442550852,0.9562105263157896,0.9770368378596396,,,,,,,,,,,,,,,,,,,,,
per_seed,E1,high_noise,20260729,learned,paper_experiments/results/E2_E6/E4/e1_e4_e5_per_run.csv,0.9997867121680708,0.986842105263158,0.993272236054458,0.9998979956138114,0.992757688580609,0.9963150491232576,0.9997867121680708,0.986842105263158,0.993272236054458,,,,,,,,,,,,,,,,,,,,,
per_seed,E1,high_noise,20260729,splink,paper_experiments/results/E2_E6/E4/e1_e4_e5_per_run.csv,0.989213336238832,0.9556842105263158,0.9721597601456258,0.993799833392836,0.9775420343074752,0.9856038942271884,0.988782400348508,0.9556842105263158,0.9719516111765336,,,,,,,,,,,,,,,,,,,,,
per_seed,E1,low_overlap,20260720,baseline,paper_experiments/results/E2_E6/E4/e1_e4_e5_per_run.csv,0.9973297730307076,0.9973297730307076,0.9973297730307076,0.9993890081068192,0.990343347639485,0.9948456163204754,0.9973297730307076,0.9973297730307076,0.9973297730307076,,,,,,,,,,,,,,,,,,,,,
per_seed,E1,low_overlap,20260720,learned,paper_experiments/results/E2_E6/E4/e1_e4_e5_per_run.csv,0.999554565701559,0.9986648865153538,0.9991095280498664,0.9998807820696232,0.9906115879828328,0.9952246029392248,0.999554565701559,0.9986648865153538,0.9991095280498664,,,,,,,,,,,,,,,,,,,,,
per_seed,E1,low_overlap,20260720,splink,paper_experiments/results/E2_E6/E4/e1_e4_e5_per_run.csv,0.9773222852158744,0.9973297730307076,0.9872246696035242,0.9948587267525036,0.99052217453505,0.992685714604178,0.9773222852158744,0.9973297730307076,0.9872246696035242,,,,,,,,,,,,,,,,,,,,,
per_seed,E1,low_overlap,20260721,baseline,paper_experiments/results/E2_E6/E4/e1_e4_e5_per_run.csv,0.9982158786797504,0.997326203208556,0.9977708426214892,0.9995522922636104,0.990060888252149,0.994783950995386,0.9982158786797504,0.997326203208556,0.9977708426214892,,,,,,,,,,,,,,,,,,,,,
per_seed,E1,low_overlap,20260721,learned,paper_experiments/results/E2_E6/E4/e1_e4_e5_per_run.csv,0.999553770638108,0.998217468805704,0.9988851727982164,0.999880611270296,0.9902399713467048,0.9950369404776644,0.999553770638108,0.998217468805704,0.9988851727982164,,,,,,,,,,,,,,,,,,,,,
per_seed,E1,low_overlap,20260721,splink,paper_experiments/results/E2_E6/E4/e1_e4_e5_per_run.csv,0.9867724867724867,0.997326203208556,0.9920212765957448,0.9970391595033428,0.990060888252149,0.993537770778132,0.9867724867724867,0.997326203208556,0.9920212765957448,,,,,,,,,,,,,,,,,,,,,
per_seed,E1,low_overlap,20260722,baseline,paper_experiments/results/E2_E6/E4/e1_e4_e5_per_run.csv,0.9991115059973346,0.997339246119734,0.9982245894363072,0.9997617558593168,0.990529795407844,0.9951243644253271,0.9991115059973346,0.997339246119734,0.9982245894363072,,,,,,,,,,,,,,,,,,,,,
per_seed,E1,low_overlap,20260722,learned,paper_experiments/results/E2_E6/E4/e1_e4_e5_per_run.csv,1.0,0.998669623059867,0.9993343687597072,1.0,0.9907978200661128,0.9953776421487232,1.0,0.998669623059867,0.9993343687597072,,,,,,,,,,,,,,,,,,,,,
per_seed,E1,low_overlap,20260722,splink,paper_experiments/results/E2_E6/E4/e1_e4_e5_per_run.csv,0.9803836094158674,0.997339246119734,0.9887887447790724,0.9956222639149468,0.9906191369606004,0.9931143992703249,0.9803836094158674,0.997339246119734,0.9887887447790724,,,,,,,,,,,,,,,,,,,,,
per_seed,E1,low_overlap,20260723,baseline,paper_experiments/results/E2_E6/E4/e1_e4_e5_per_run.csv,0.9982363315696648,0.9973568281938326,0.99779638607316,0.999582923704829,0.992194715047517,0.9958751166349378,0.9982363315696648,0.9973568281938326,0.99779638607316,,,,,,,,,,,,,,,,,,,,,
per_seed,E1,low_overlap,20260723,learned,paper_experiments/results/E2_E6/E4/e1_e4_e5_per_run.csv,0.999559277214632,0.9991189427312775,0.9993390614672836,0.9999106265081776,0.992582000178747,0.9962328355611216,0.999559277214632,0.9991189427312775,0.9993390614672836,,,,,,,,,,,,,,,,,,,,,
per_seed,E1,low_overlap,20260723,splink,paper_experiments/results/E2_E6/E4/e1_e4_e5_per_run.csv,0.98008658008658,0.9973568281938326,0.9886462882096072,0.9952781005153872,0.992194715047517,0.9937340159837206,0.98008658008658,0.9973568281938326,0.9886462882096072,,,,,,,,,,,,,,,,,,,,,
per_seed,E1,low_overlap,20260724,baseline,paper_experiments/results/E2_E6/E4/e1_e4_e5_per_run.csv,0.999113867966327,0.9995567375886524,0.9993352537115,0.9997913872746236,0.991685292802861,0.9957218425401168,0.999113867966327,0.9995567375886524,0.9993352537115,,,,,,,,,,,,,,,,,,,,,
per_seed,E1,low_overlap,20260724,learned,paper_experiments/results/E2_E6/E4/e1_e4_e5_per_run.csv,1.0,0.9995567375886524,0.999778319663046,1.0,0.991685292802861,0.9958252906585268,1.0,0.9995567375886524,0.999778319663046,,,,,,,,,,,,,,,,,,,,,
per_seed,E1,low_overlap,20260724,splink,paper_experiments/results/E2_E6/E4/e1_e4_e5_per_run.csv,0.9761904761904762,0.9995567375886524,0.987735435830048,0.9946207718670838,0.9917746982565936,0.993195696158932,0.9761904761904762,0.9995567375886524,0.987735435830048,,,,,,,,,,,,,,,,,,,,,
per_seed,E1,low_overlap,20260725,baseline,paper_experiments/results/E2_E6/E4/e1_e4_e5_per_run.csv,0.9977827050997784,0.9995557529986672,0.9986684420772304,0.9994338666905038,0.991150442477876,0.9952749196656864,0.9977827050997784,0.9995557529986672,0.9986684420772304,,,,,,,,,,,,,,,,,,,,,
per_seed,E1,low_overlap,20260725,learned,paper_experiments/results/E2_E6/E4/e1_e4_e5_per_run.csv,0.9995559502664298,1.0,0.9997779258272262,0.999880814040106,0.9912398319477964,0.995541573107632,0.9995559502664298,1.0,0.9997779258272262,,,,,,,,,,,,,,,,,,,,,
per_seed,E1,low_overlap,20260725,splink,paper_experiments/results/E2_E6/E4/e1_e4_e5_per_run.csv,0.9799651567944252,0.9995557529986672,0.9896635144051024,0.9952921545841898,0.991150442477876,0.9932169808177508,0.9799651567944252,0.9995557529986672,0.9896635144051024,,,,,,,,,,,,,,,,,,,,,
per_seed,E1,low_overlap,20260726,baseline,paper_experiments/results/E2_E6/E4/e1_e4_e5_per_run.csv,0.9986625055728936,0.9973285841495992,0.9979950991312097,0.9996244299382993,0.990431905570956,0.9950069365706816,0.9977728285077953,0.9973285841495992,0.997550656869294,,,,,,,,,,,,,,,,,,,,,
per_seed,E1,low_overlap,20260726,learned,paper_experiments/results/E2_E6/E4/e1_e4_e5_per_run.csv,0.9991095280498664,0.9991095280498664,0.9991095280498664,0.9997913499657216,0.9907895913440042,0.9952701168836092,0.9991095280498664,0.9991095280498664,0.9991095280498664,,,,,,,,,,,,,,,,,,,,,
per_seed,E1,low_overlap,20260726,splink,paper_experiments/results/E2_E6/E4/e1_e4_e5_per_run.csv,0.98159509202454,0.9973285841495992,0.9893992932862192,0.9961071865033236,0.99061074845748,0.9933513642794994,0.98159509202454,0.9973285841495992,0.9893992932862192,,,,,,,,,,,,,,,,,,,,,
per_seed,E1,low_overlap,20260727,baseline,paper_experiments/results/E2_E6/E4/e1_e4_e5_per_run.csv,0.9982214317474432,0.9991099243435692,0.9986654804270464,0.9996125417262756,0.9907904148783976,0.9951819270044796,0.9982214317474432,0.9991099243435692,0.9986654804270464,,,,,,,,,,,,,,,,,,,,,
per_seed,E1,low_overlap,20260727,learned,paper_experiments/results/E2_E6/E4/e1_e4_e5_per_run.csv,1.0,0.9995549621717846,0.9997774315602048,1.0,0.9908798283261804,0.9954190245216924,1.0,0.9995549621717846,0.9997774315602048,,,,,,,,,,,,,,,,,,,,,
per_seed,E1,low_overlap,20260727,splink,paper_experiments/results/E2_E6/E4/e1_e4_e5_per_run.csv,0.98292469352014,0.9991099243435692,0.9909512248951666,0.9961254172627564,0.9907904148783976,0.9934507536508156,0.98292469352014,0.9991099243435692,0.9909512248951666,,,,,,,,,,,,,,,,,,,,,
per_seed,E1,low_overlap,20260728,baseline,paper_experiments/results/E2_E6/E4/e1_e4_e5_per_run.csv,0.998220640569395,0.999554565701559,0.9988871578010238,0.9995528527991416,0.9906993382221428,0.9951064033528546,0.998220640569395,0.999554565701559,0.9988871578010238,,,,,,,,,,,,,,,,,,,,,
per_seed,E1,low_overlap,20260728,learned,paper_experiments/results/E2_E6/E4/e1_e4_e5_per_run.csv,0.9995547640249332,1.0,0.9997773324426632,0.9998807607464376,0.9907887676623144,0.9953140012557644,0.9995547640249332,1.0,0.9997773324426632,,,,,,,,,,,,,,,,,,,,,
per_seed,E1,low_overlap,20260728,splink,paper_experiments/results/E2_E6/E4/e1_e4_e5_per_run.csv,0.980340760157274,0.999554565701559,0.9898544331715924,0.9954241936445476,0.9906993382221428,0.9930561458753768,0.980340760157274,0.999554565701559,0.9898544331715924,,,,,,,,,,,,,,,,,,,,,
per_seed,E1,low_overlap,20260729,baseline,paper_experiments/results/E2_E6/E4/e1_e4_e5_per_run.csv,0.997773820124666,0.998663101604278,0.9982182628062362,0.9994627026058924,0.9906868451688008,0.9950554246696351,0.997773820124666,0.998663101604278,0.9982182628062362,,,,,,,,,,,,,,,,,,,,,
per_seed,E1,low_overlap,20260729,learned,paper_experiments/results/E2_E6/E4/e1_e4_e5_per_run.csv,0.999554367201426,0.999554367201426,0.999554367201426,0.9999104504343154,0.9908659443001702,0.9953676518425352,0.999554367201426,0.999554367201426,0.999554367201426,,,,,,,,,,,,,,,,,,,,,
per_seed,E1,low_overlap,20260729,splink,paper_experiments/results/E2_E6/E4/e1_e4_e5_per_run.csv,0.9824638316527838,0.998663101604278,0.9904972375690608,0.9959404196889644,0.9908659443001702,0.9933967016699272,0.9824638316527838,0.998663101604278,0.9904972375690608,,,,,,,,,,,,,,,,,,,,,
per_seed,E1,one_to_many,20260720,baseline,paper_experiments/results/E2_E6/E4/e1_e4_e5_per_run.csv,0.99860612233957,0.9979106396657024,0.9982582598676276,0.999274857063171,0.9984602333472784,0.9988673791141848,0.99860612233957,0.9979106396657024,0.9982582598676276,,,,,,,,,,,,,,,,,,,,,
per_seed,E1,one_to_many,20260720,learned,paper_experiments/results/E2_E6/E4/e1_e4_e5_per_run.csv,0.9995711145660215,0.9988749598199936,0.9992229159409416,0.9997908241528378,0.9991632966113512,0.9994769618828816,0.9995711145660215,0.9988749598199936,0.9992229159409416,,,,,,,,,,,,,,,,,,,,,
per_seed,E1,one_to_many,20260720,splink,paper_experiments/results/E2_E6/E4/e1_e4_e5_per_run.csv,0.9913779338974932,0.9979106396657024,0.9946335602723269,0.993469231228958,0.9985880630316551,0.996022070402042,0.9912724176467458,0.9979106396657024,0.9945804522519156,,,,,,,,,,,,,,,,,,,,,
per_seed,E1,one_to_many,20260721,baseline,paper_experiments/results/E2_E6/E4/e1_e4_e5_per_run.csv,0.9986601639959268,0.9982856530590378,0.9984728734092432,0.9992670412900072,0.9987260479564412,0.9989964713812824,0.9985531322008468,0.9982856530590378,0.9984193747153536,,,,,,,,,,,,,,,,,,,,,
per_seed,E1,one_to_many,20260721,learned,paper_experiments/results/E2_E6/E4/e1_e4_e5_per_run.csv,0.9998927383889306,0.9988213864780884,0.9993567753001714,0.9999476458064293,0.9991041615766756,0.9995257257407753,0.9998927383889306,0.9988213864780884,0.9993567753001714,,,,,,,,,,,,,,,,,,,,,
per_seed,E1,one_to_many,20260721,splink,paper_experiments/results/E2_E6/E4/e1_e4_e5_per_run.csv,0.9922257720979766,0.9982856530590378,0.9952464882764516,0.9943457470943422,0.9988191220783452,0.9965774146594784,0.992120115003727,0.9982856530590378,0.9951933347575304,,,,,,,,,,,,,,,,,,,,,
per_seed,E1,one_to_many,20260722,baseline,paper_experiments/results/E2_E6/E4/e1_e4_e5_per_run.csv,0.9987163029525032,0.998289136013687,0.9985026737967916,0.9992163282365644,0.9987461251785033,0.998981171378437,0.9983958934873276,0.998289136013687,0.9983425118964872,,,,,,,,,,,,,,,,,,,,,
per_seed,E1,one_to_many,20260722,learned,paper_experiments/results/E2_E6/E4/e1_e4_e5_per_run.csv,0.9994650117697412,0.9988237810094096,0.9991442935073268,0.9997387760788548,0.9991408635482336,0.9994397303886016,0.9994650117697412,0.9988237810094096,0.9991442935073268,,,,,,,,,,,,,,,,,,,,,
per_seed,E1,one_to_many,20260722,splink,paper_experiments/results/E2_E6/E4/e1_e4_e5_per_run.csv,0.9901362889112796,0.9982356715141146,0.9941694843055296,0.9927414579777786,0.9987925649867064,0.9957578185948474,0.9898213433706198,0.9982356715141146,0.9940107008810924,,,,,,,,,,,,,,,,,,,,,
per_seed,E1,one_to_many,20260723,baseline,paper_experiments/results/E2_E6/E4/e1_e4_e5_per_run.csv,0.9990889115172304,0.9983933161953727,0.9987409927406176,0.9995295019691214,0.9986988696430024,0.9991140131656192,0.9990889115172304,0.9983933161953727,0.9987409927406176,,,,,,,,,,,,,,,,,,,,,
per_seed,E1,one_to_many,20260723,learned,paper_experiments/results/E2_E6/E4/e1_e4_e5_per_run.csv,0.9997320615186752,0.9991431019708654,0.9994374949776336,0.9998431673230403,0.9993262003508404,0.9995846169954676,0.9997320615186752,0.9991431019708654,0.9994374949776336,,,,,,,,,,,,,,,,,,,,,
per_seed,E1,one_to_many,20260723,splink,paper_experiments/results/E2_E6/E4/e1_e4_e5_per_run.csv,0.9915957446808512,0.9983933161953727,0.9949829205807004,0.9935210678562716,0.9987685730549846,0.99613790973586,0.9915430030317536,0.9983933161953727,0.9949563685853816,,,,,,,,,,,,,,,,,,,,,
per_seed,E1,one_to_many,20260724,baseline,paper_experiments/results/E2_E6/E4/e1_e4_e5_per_run.csv,0.9996778004510792,0.9984981763570048,0.9990876402082328,0.9998082019807504,0.998732970660715,0.999270297079158,0.9996778004510792,0.9984981763570048,0.9990876402082328,,,,,,,,,,,,,,,,,,,,,
per_seed,E1,one_to_many,20260724,learned,paper_experiments/results/E2_E6/E4/e1_e4_e5_per_run.csv,1.0,0.9993563612958593,0.9996780770468936,1.0,0.999407169758683,0.9997034969913664,1.0,0.9993563612958593,0.9996780770468936,,,,,,,,,,,,,,,,,,,,,
per_seed,E1,one_to_many,20260724,splink,paper_experiments/results/E2_E6/E4/e1_e4_e5_per_run.csv,0.9904234943605024,0.9984981763570048,0.9944444444444444,0.9928088197198254,0.998732970660715,0.9957620840358822,0.9902127659574468,0.9984981763570048,0.994338211729516,,,,,,,,,,,,,,,,,,,,,
per_seed,E1,one_to_many,20260725,baseline,paper_experiments/results/E2_E6/E4/e1_e4_e5_per_run.csv,0.9983922829581994,0.9984993032479366,0.9984457902352752,0.9991110026495608,0.9987100822758332,0.9989105022345838,0.9982317955312652,0.9984993032479366,0.9983655314702178,,,,,,,,,,,,,,,,,,,,,
per_seed,E1,one_to_many,20260725,learned,paper_experiments/results/E2_E6/E4/e1_e4_e5_per_run.csv,0.9995712294994104,0.9995712294994104,0.9995712294994104,0.9997908241528378,0.9995700274252778,0.9996804135973628,0.9995712294994104,0.9995712294994104,0.9995712294994104,,,,,,,,,,,,,,,,,,,,,
per_seed,E1,one_to_many,20260725,splink,paper_experiments/results/E2_E6/E4/e1_e4_e5_per_run.csv,0.9899569583931134,0.9984993032479366,0.9942097819996264,0.9925259477658028,0.9987333240366292,0.9956199607371844,0.9897991711826586,0.9984993032479366,0.9941302027748132,,,,,,,,,,,,,,,,,,,,,
per_seed,E1,one_to_many,20260726,baseline,paper_experiments/results/E2_E6/E4/e1_e4_e5_per_run.csv,0.9989269234896448,0.9984983374450284,0.9987125844866432,0.9993722098214288,0.9987327938988096,0.99905239955,0.9986054494743616,0.9984983374450284,0.9985518905872888,,,,,,,,,,,,,,,,,,,,,
per_seed,E1,one_to_many,20260726,learned,paper_experiments/results/E2_E6/E4/e1_e4_e5_per_run.csv,0.9992491284526682,0.9991955379169796,0.9992223324662788,0.9995814732142856,0.9992908296130952,0.9994361302833504,0.9991419531291896,0.9991955379169796,0.999168744804655,,,,,,,,,,,,,,,,,,,,,
per_seed,E1,one_to_many,20260726,splink,paper_experiments/results/E2_E6/E4/e1_e4_e5_per_run.csv,0.9903191489361702,0.9984983374450284,0.9943919243710944,0.992902981505102,0.9988025483630952,0.995844027475526,0.990213807041804,0.9984983374450284,0.9943388164922026,,,,,,,,,,,,,,,,,,,,,
per_seed,E1,one_to_many,20260727,baseline,paper_experiments/results/E2_E6/E4/e1_e4_e5_per_run.csv,0.9990888138500296,0.9986070931104682,0.9988478953996196,0.999442119944212,0.9989423523942352,0.9991921736768434,0.9989817246369044,0.9986070931104682,0.9987943737441392,,,,,,,,,,,,,,,,,,,,,
per_seed,E1,one_to_many,20260727,learned,paper_experiments/results/E2_E6/E4/e1_e4_e5_per_run.csv,0.9998391938250428,0.999303546555234,0.9995712984298804,0.999860529986053,0.9995002324500232,0.9996803487540832,0.9997320184371316,0.999303546555234,0.9995177365770014,,,,,,,,,,,,,,,,,,,,,
per_seed,E1,one_to_many,20260727,splink,paper_experiments/results/E2_E6/E4/e1_e4_e5_per_run.csv,0.9906989104437948,0.9986070931104682,0.9946372828899976,0.9930165371587966,0.9989888423988842,0.9959937368838716,0.9903304643502284,0.9986070931104682,0.9944515578318396,,,,,,,,,,,,,,,,,,,,,
per_seed,E1,one_to_many,20260728,baseline,paper_experiments/results/E2_E6/E4/e1_e4_e5_per_run.csv,0.9986597330188174,0.9988203753351208,0.9987400477173418,0.9992909215030672,0.9990989105537922,0.999194906803952,0.9985526668453498,0.9988203753351208,0.998686503149712,,,,,,,,,,,,,,,,,,,,,
per_seed,E1,one_to_many,20260728,learned,paper_experiments/results/E2_E6/E4/e1_e4_e5_per_run.csv,0.9997854307477738,0.9993565683646112,0.9995709535557225,0.999895357354634,0.9994767867731696,0.9996860282498145,0.9997854307477738,0.9993565683646112,0.9995709535557225,,,,,,,,,,,,,,,,,,,,,
per_seed,E1,one_to_many,20260728,splink,paper_experiments/results/E2_E6/E4/e1_e4_e5_per_run.csv,0.9903242955874536,0.9988203753351208,0.9945541911372132,0.9927741761883168,0.9990989105537922,0.9959265020021892,0.9901663743156328,0.9988203753351208,0.9944745482209112,,,,,,,,,,,,,,,,,,,,,
per_seed,E1,one_to_many,20260729,baseline,paper_experiments/results/E2_E6/E4/e1_e4_e5_per_run.csv,0.9988727253207365,0.9984975316591544,0.99868509325104,0.9994237820848612,0.9988242826377975,0.999123942432658,0.9988727253207365,0.9984975316591544,0.99868509325104,,,,,,,,,,,,,,,,,,,,,
per_seed,E1,one_to_many,20260729,learned,paper_experiments/results/E2_E6/E4/e1_e4_e5_per_run.csv,0.9997852233676976,0.999141446662374,0.9994632313472894,0.9998952331063384,0.999359757872068,0.9996274237790592,0.9997852233676976,0.999141446662374,0.9994632313472894,,,,,,,,,,,,,,,,,,,,,
per_seed,E1,one_to_many,20260729,splink,paper_experiments/results/E2_E6/E4/e1_e4_e5_per_run.csv,0.9919505304120688,0.9984975316591544,0.9952132638053216,0.9942622664571328,0.9988708457016472,0.996561228035186,0.9917919198379704,0.9984975316591544,0.9951334295951656,,,,,,,,,,,,,,,,,,,,,
summary,E1,clean,,baseline,paper_experiments/results/E2_E6/E4/e1_e4_e5_per_run.csv,,,,,,,,,,10.0,0.9987810003937385,0.0003774568795769082,0.9985499548681751,0.00038587524705319885,0.9986653970476169,0.000266626611169479,0.9993642013314131,0.0001894759604176954,0.9986164607827082,0.0003891649196320043,0.9989901452829881,0.0002070049837814412,0.9986866310506913,0.00040237443284045406,0.9985499548681751,0.00038587524705319885,0.9986182142750867,0.0002706695903788682,4.718277253028536e-05,"Thresholded edges form almost entirely two-record or otherwise sparse components, so transitive closure introduces few additional eligible pairs. The reported mean absolute F1 gap quantifies this."
summary,E1,clean,,learned,paper_experiments/results/E2_E6/E4/e1_e4_e5_per_run.csv,,,,,,,,,,10.0,0.9996847198752306,0.0002158203499177154,0.999191021484752,0.00031312579763098956,0.9994377804205342,0.00019952562576426458,0.9998319591677166,0.00011437352217566868,0.9989304620867984,0.000299779349845483,0.9993809819537924,0.00015285797057531535,0.9996637004310847,0.000236446038059354,0.999191021484752,0.00031312579763098956,0.999427273463767,0.00020470240928024527,1.0506956767186715e-05,"Thresholded edges form almost entirely two-record or otherwise sparse components, so transitive closure introduces few additional eligible pairs. The reported mean absolute F1 gap quantifies this."
summary,E1,clean,,splink,paper_experiments/results/E2_E6/E4/e1_e4_e5_per_run.csv,,,,,,,,,,10.0,0.986290771413793,0.0013924398743717645,0.9985499548681751,0.00038587524705319885,0.9923821013546787,0.0007847520257943458,0.9918647989234467,0.0008353969559719342,0.998721691940502,0.0003076708677464265,0.9952812813556623,0.0004782362689150255,0.9861475317939901,0.0014093114225138938,0.9985499548681751,0.00038587524705319885,0.992309585927484,0.0007979987713767877,7.25154271948636e-05,"Thresholded edges form almost entirely two-record or otherwise sparse components, so transitive closure introduces few additional eligible pairs. The reported mean absolute F1 gap quantifies this."
summary,E1,high_noise,,baseline,paper_experiments/results/E2_E6/E4/e1_e4_e5_per_run.csv,,,,,,,,,,10.0,0.998925009472892,0.0003531962150406417,0.9568544677578157,0.0018253700732163887,0.9774365115716479,0.001015634674496197,0.9994126015176759,0.00015909847729571433,0.9782018637788651,0.0009338681575507789,0.9886933039690836,0.0005127925844562218,0.998749705184862,0.00035457720499002736,0.9568544677578157,0.0018253700732163887,0.9773526100307557,0.0010303843713426616,8.390154089236158e-05,"Thresholded edges form almost entirely two-record or otherwise sparse components, so transitive closure introduces few additional eligible pairs. The reported mean absolute F1 gap quantifies this."
summary,E1,high_noise,,learned,paper_experiments/results/E2_E6/E4/e1_e4_e5_per_run.csv,,,,,,,,,,10.0,0.9997337323554362,0.00016831814543521165,0.9861606149239839,0.0008294544018780136,0.9929006488359052,0.00045858316237655083,0.9998350192916055,9.310512468682411e-05,0.9925286292328368,0.0005669338346966408,0.9961683566234271,0.00029762846451627183,0.9996591801770943,0.00019300759371120696,0.9861606149239839,0.0008294544018780136,0.9928638801625752,0.00046448206156046495,3.676867333018974e-05,"Thresholded edges form almost entirely two-record or otherwise sparse components, so transitive closure introduces few additional eligible pairs. The reported mean absolute F1 gap quantifies this."
summary,E1,high_noise,,splink,paper_experiments/results/E2_E6/E4/e1_e4_e5_per_run.csv,,,,,,,,,,10.0,0.9874229927812135,0.0012841894090468377,0.9560242968305059,0.001879219554168978,0.9714685597342504,0.0010393943209406308,0.9926204787994427,0.0007193726778552879,0.9778742406102137,0.0009483279929378963,0.9851917964791337,0.0005384256340205006,0.9867697201405636,0.0012999034905815446,0.9560242968305059,0.001879219554168978,0.971152302869578,0.0010567539897968288,0.0003162568646724595,"Thresholded edges form almost entirely two-record or otherwise sparse components, so transitive closure introduces few additional eligible pairs. The reported mean absolute F1 gap quantifies this."
summary,E1,low_overlap,,baseline,paper_experiments/results/E2_E6/E4/e1_e4_e5_per_run.csv,,,,,,,,,,10.0,0.998266846035796,0.0005725908068982502,0.9983120716939154,0.0010626221974745476,0.998289128711591,0.000602306247354533,0.9995763760969313,0.0001306931062494851,0.9908572985468028,0.0006502394750826984,0.995197650217958,0.0003504485435551515,0.9981778783292862,0.0005734008109476746,0.9983120716939154,0.0010626221974745476,0.9982446844853996,0.0006415337278506306,4.444422619156452e-05,"Thresholded edges form almost entirely two-record or otherwise sparse components, so transitive closure introduces few additional eligible pairs. The reported mean absolute F1 gap quantifies this."
summary,E1,low_overlap,,learned,paper_experiments/results/E2_E6/E4/e1_e4_e5_per_run.csv,,,,,,,,,,10.0,0.9996442223096956,0.0002814516746594126,0.9992446516123932,0.0005950413096325167,0.9994443035819506,0.00033612251936084833,0.9999135395034677,6.805005043902924e-05,0.9910480635957724,0.0006580658782819046,0.9954609679396494,0.0003409316039429276,0.9996442223096956,0.0002814516746594126,0.9992446516123932,0.0005950413096325167,0.9994443035819506,0.00033612251936084833,0.0,"Thresholded edges form almost entirely two-record or otherwise sparse components, so transitive closure introduces few additional eligible pairs. The reported mean absolute F1 gap quantifies this."
summary,E1,low_overlap,,splink,paper_experiments/results/E2_E6/E4/e1_e4_e5_per_run.csv,,,,,,,,,,10.0,0.9808044971830447,0.0029536728364782643,0.9983120716939154,0.0010626221974745476,0.9894782118345138,0.0014583342668779851,0.9956308394237045,0.0007030901465682374,0.9909288501387976,0.0006288107975244984,0.9932739543088658,0.0002909501084676449,0.9808044971830447,0.0029536728364782643,0.9983120716939154,0.0010626221974745476,0.9894782118345138,0.0014583342668779851,0.0,"Thresholded edges form almost entirely two-record or otherwise sparse components, so transitive closure introduces few additional eligible pairs. The reported mean absolute F1 gap quantifies this."
summary,E1,one_to_many,,baseline,paper_experiments/results/E2_E6/E4/e1_e4_e5_per_run.csv,,,,,,,,,,10.0,0.9988689779893738,0.0003592108192791806,0.9984299562088514,0.00023902484772004586,0.9986493851112435,0.0002358118796546597,0.9993735966542745,0.00019494497761171604,0.9987672668546409,0.00016687377125229293,0.9990703256816718,0.00013148486992399272,0.9987566221804673,0.0004159612970946139,0.9984299562088514,0.00023902484772004586,0.9985932171630717,0.0002544533590846925,5.616794817162596e-05,"Thresholded edges form almost entirely two-record or otherwise sparse components, so transitive closure introduces few additional eligible pairs. The reported mean absolute F1 gap quantifies this."
summary,E1,one_to_many,,learned,paper_experiments/results/E2_E6/E4/e1_e4_e5_per_run.csv,,,,,,,,,,10.0,0.9996891132135961,0.0002242580556783398,0.9991587919572826,0.0002533641529174567,0.9994238602071549,0.00018107835600637576,0.999834383117531,0.00011801020671376701,0.9993339325979417,0.00016018705219241971,0.9995840876662762,0.00010681557781345401,0.999667678142457,0.00024338919301208897,0.9991587919572826,0.0002533641529174567,0.9994131452557046,0.00018424060923606265,1.0714951450274679e-05,"Thresholded edges form almost entirely two-record or otherwise sparse components, so transitive closure introduces few additional eligible pairs. The reported mean absolute F1 gap quantifies this."
summary,E1,one_to_many,,splink,paper_experiments/results/E2_E6/E4/e1_e4_e5_per_run.csv,,,,,,,,,,10.0,0.9909009077720704,0.0008153158417092399,0.9984246097588942,0.00024308806598516414,0.9946483342082708,0.0003839889187671832,0.9932368232952327,0.0006432547994880009,0.9988195764866454,0.00014199635019988155,0.9960202752562066,0.0003254457157618847,0.9907271381738587,0.0008640081293476163,0.9984246097588942,0.00024308806598516414,0.9945607623120368,0.0004070331712988986,8.757189623378458e-05,"Thresholded edges form almost entirely two-record or otherwise sparse components, so transitive closure introduces few additional eligible pairs. The reported mean absolute F1 gap quantifies this."
per_seed,E2,adoption_blended_family,20260720,baseline,paper_experiments/results/E2_E6/E2/e2_per_run_metrics.csv,0.9851815665201108,0.7409675443968157,0.845798965469034,0.992616162852364,0.8705788765145025,0.927600863686064,0.9851815665201108,0.7409675443968157,0.845798965469034,,,,,,,,,,,,,,,,,,,,,
per_seed,E2,adoption_blended_family,20260720,learned,paper_experiments/results/E2_E6/E2/e2_per_run_metrics.csv,0.9993445846305096,0.7469687691365585,0.8549201009251473,0.999755231917758,0.8735772855219679,0.932416913233025,0.9993445846305096,0.7469687691365585,0.8549201009251473,,,,,,,,,,,,,,,,,,,,,
per_seed,E2,adoption_blended_family,20260720,splink,paper_experiments/results/E2_E6/E2/e2_per_run_metrics.csv,0.7362784471218207,0.7409675443968157,0.7386155536564522,0.8241484110471995,0.8705788765145025,0.8467276157486914,0.7358306981269764,0.7409675443968157,0.738390187343626,,,,,,,,,,,,,,,,,,,,,
per_seed,E2,adoption_blended_family,20260721,baseline,paper_experiments/results/E2_E6/E2/e2_per_run_metrics.csv,0.9837477653177312,0.7414257716805488,0.8455682056296712,0.9920829252366962,0.8707761998041136,0.9274799021737444,0.9837477653177312,0.7414257716805488,0.8455682056296712,,,,,,,,,,,,,,,,,,,,,
per_seed,E2,adoption_blended_family,20260721,learned,paper_experiments/results/E2_E6/E2/e2_per_run_metrics.csv,0.9995074700377606,0.7457128858402744,0.854156436338127,0.9998163565132224,0.8729187071498531,0.93206820147606,0.9995074700377606,0.7457128858402744,0.854156436338127,,,,,,,,,,,,,,,,,,,,,
per_seed,E2,adoption_blended_family,20260721,splink,paper_experiments/results/E2_E6/E2/e2_per_run_metrics.csv,0.734854922908826,0.7414257716805488,0.738125724041217,0.8233839373163565,0.8707761998041136,0.8464171954071912,0.7340528741207858,0.7414257716805488,0.7377209018890921,,,,,,,,,,,,,,,,,,,,,
per_seed,E2,adoption_blended_family,20260722,baseline,paper_experiments/results/E2_E6/E2/e2_per_run_metrics.csv,0.9877650897226754,0.7399486740804107,0.846083979598966,0.993932730678394,0.8700219887612998,0.9278587317826136,0.9876039797749144,0.7399486740804107,0.8460248707559034,,,,,,,,,,,,,,,,,,,,,
per_seed,E2,adoption_blended_family,20260722,learned,paper_experiments/results/E2_E6/E2/e2_per_run_metrics.csv,1.0,0.7444702431870952,0.8535201401050788,1.0,0.8722819447837772,0.931784817146772,1.0,0.7444702431870952,0.8535201401050788,,,,,,,,,,,,,,,,,,,,,
per_seed,E2,adoption_blended_family,20260722,splink,paper_experiments/results/E2_E6/E2/e2_per_run_metrics.csv,0.7351869839728024,0.7399486740804107,0.7375601437359156,0.823595162472514,0.8700219887612998,0.8461722304435958,0.7344735565259582,0.7399486740804107,0.7372009496560542,,,,,,,,,,,,,,,,,,,,,
per_seed,E2,adoption_blended_family,20260723,baseline,paper_experiments/results/E2_E6/E2/e2_per_run_metrics.csv,0.9876060013046314,0.7413392092055331,0.8469337808544858,0.993842264089389,0.8707487154391974,0.928232394456622,0.987123064384678,0.7413392092055331,0.8467561521252795,,,,,,,,,,,,,,,,,,,,,
per_seed,E2,adoption_blended_family,20260723,learned,paper_experiments/results/E2_E6/E2/e2_per_run_metrics.csv,1.0,0.7450116293303954,0.8538758330410383,1.0,0.8725838022999756,0.931957011727044,1.0,0.7450116293303954,0.8538758330410383,,,,,,,,,,,,,,,,,,,,,
per_seed,E2,adoption_blended_family,20260723,splink,paper_experiments/results/E2_E6/E2/e2_per_run_metrics.csv,0.7370983446932814,0.7413392092055331,0.7392126945376869,0.8242007177228611,0.8707487154391974,0.8468355482232577,0.7363813229571985,0.7413392092055331,0.7388519490026231,,,,,,,,,,,,,,,,,,,,,
per_seed,E2,adoption_blended_family,20260724,baseline,paper_experiments/results/E2_E6/E2/e2_per_run_metrics.csv,0.9835905767668562,0.7423666462293071,0.8461215932914046,0.9917902217865456,0.8712780296532288,0.9276364723618972,0.9831113998051316,0.7423666462293071,0.8459442464892055,,,,,,,,,,,,,,,,,,,,,
per_seed,E2,adoption_blended_family,20260724,learned,paper_experiments/results/E2_E6/E2/e2_per_run_metrics.csv,0.9996723996723996,0.7483752299202943,0.8559607293127629,0.9998774659968142,0.8742801127312829,0.932870313159499,0.9996723996723996,0.7483752299202943,0.8559607293127629,,,,,,,,,,,,,,,,,,,,,
per_seed,E2,adoption_blended_family,20260724,splink,paper_experiments/results/E2_E6/E2/e2_per_run_metrics.csv,0.7383245945616388,0.7424892703862661,0.7404010760577159,0.8250091900502389,0.8713392966548217,0.8475415671085819,0.7377848178384306,0.7424892703862661,0.7401295685124069,,,,,,,,,,,,,,,,,,,,,
per_seed,E2,adoption_blended_family,20260725,baseline,paper_experiments/results/E2_E6/E2/e2_per_run_metrics.csv,0.9823166774821545,0.741852487135506,0.8453162082926148,0.9913157035586028,0.8710210577864839,0.927283261154474,0.9819980538436588,0.741852487135506,0.8451982132886655,,,,,,,,,,,,,,,,,,,,,
per_seed,E2,adoption_blended_family,20260725,learned,paper_experiments/results/E2_E6/E2/e2_per_run_metrics.csv,0.9996721848877234,0.7472433227150208,0.855219799481175,0.9998775710088148,0.8737144955925563,0.932548277910858,0.9996721848877234,0.7472433227150208,0.855219799481175,,,,,,,,,,,,,,,,,,,,,
per_seed,E2,adoption_blended_family,20260725,splink,paper_experiments/results/E2_E6/E2/e2_per_run_metrics.csv,0.7363492642587863,0.741852487135506,0.7390906316753126,0.8238695723147241,0.8710210577864839,0.8467894430601909,0.7354548767156565,0.741852487135506,0.7386398292162244,,,,,,,,,,,,,,,,,,,,,
per_seed,E2,adoption_blended_family,20260726,baseline,paper_experiments/results/E2_E6/E2/e2_per_run_metrics.csv,0.9824703781853596,0.7421530161844041,0.8455682056296709,0.9911872230051264,0.8711476012499234,0.9272987439902324,0.9821515495700146,0.7421530161844041,0.8454501012640547,,,,,,,,,,,,,,,,,,,,,
per_seed,E2,adoption_blended_family,20260726,learned,paper_experiments/results/E2_E6/E2/e2_per_run_metrics.csv,0.999015748031496,0.7466895537027954,0.8546168958742634,0.9996323754671896,0.8734146192022547,0.9322708218701202,0.999015748031496,0.7466895537027954,0.8546168958742634,,,,,,,,,,,,,,,,,,,,,
per_seed,E2,adoption_blended_family,20260726,splink,paper_experiments/results/E2_E6/E2/e2_per_run_metrics.csv,0.7370023134055765,0.7421530161844041,0.7395686969271182,0.8244633703000224,0.8711476012499234,0.8471628214327531,0.7361060440228627,0.7421530161844041,0.7391171622199159,,,,,,,,,,,,,,,,,,,,,
per_seed,E2,adoption_blended_family,20260727,baseline,paper_experiments/results/E2_E6/E2/e2_per_run_metrics.csv,0.9855096059915336,0.7414257716805488,0.8462183699147211,0.992889052077596,0.870815739550823,0.927854473584735,0.9853491779260948,0.7414257716805488,0.8461592227580905,,,,,,,,,,,,,,,,,,,,,
per_seed,E2,adoption_blended_family,20260727,learned,paper_experiments/results/E2_E6/E2/e2_per_run_metrics.csv,0.9996718621821165,0.7463253307202352,0.8546181359141595,0.999877608469494,0.8732635701609449,0.9322913831134424,0.9996718621821165,0.7463253307202352,0.8546181359141595,,,,,,,,,,,,,,,,,,,,,
per_seed,E2,adoption_blended_family,20260727,splink,paper_experiments/results/E2_E6/E2/e2_per_run_metrics.csv,0.7360165369649806,0.7414257716805488,0.7387112521357091,0.824062174897497,0.870815739550823,0.8467941037544325,0.7355693279863896,0.7414257716805488,0.7384859391203564,,,,,,,,,,,,,,,,,,,,,
per_seed,E2,adoption_blended_family,20260728,baseline,paper_experiments/results/E2_E6/E2/e2_per_run_metrics.csv,0.9851912123677788,0.7422756253065228,0.8466540801342564,0.9925667258878068,0.8712246523310666,0.9279457033473176,0.9850309144158802,0.7422756253065228,0.8465948818347084,,,,,,,,,,,,,,,,,,,,,
per_seed,E2,adoption_blended_family,20260728,learned,paper_experiments/results/E2_E6/E2/e2_per_run_metrics.csv,0.9993444772205834,0.7476704266797449,0.8553794361060457,0.9997549470072904,0.873920235250873,0.9326121056146348,0.9993444772205834,0.7476704266797449,0.8553794361060457,,,,,,,,,,,,,,,,,,,,,
per_seed,E2,adoption_blended_family,20260728,splink,paper_experiments/results/E2_E6/E2/e2_per_run_metrics.csv,0.7378427787934186,0.7422756253065228,0.7400525640242039,0.8251220159692867,0.8712246523310666,0.8475468545752097,0.7371240715938147,0.7422756253065228,0.7396908791007393,,,,,,,,,,,,,,,,,,,,,
per_seed,E2,adoption_blended_family,20260729,baseline,paper_experiments/results/E2_E6/E2/e2_per_run_metrics.csv,0.9831086568133832,0.7427905264449626,0.8462183699147211,0.991628848276708,0.8714583588862995,0.9276680612921228,0.9827894138658874,0.7427905264449626,0.8461000838691641,,,,,,,,,,,,,,,,,,,,,
per_seed,E2,adoption_blended_family,20260729,learned,paper_experiments/results/E2_E6/E2/e2_per_run_metrics.csv,0.9998356344510192,0.7464719597496625,0.8547741164898476,0.999938672881148,0.8732981724518583,0.9323376462155868,0.9998356344510192,0.7464719597496625,0.8547741164898476,,,,,,,,,,,,,,,,,,,,,
per_seed,E2,adoption_blended_family,20260729,splink,paper_experiments/results/E2_E6/E2/e2_per_run_metrics.csv,0.7368228849665247,0.7427905264449626,0.7397946712295284,0.8245410687272579,0.8714583588862995,0.8473507654403971,0.7362851234642988,0.7427905264449626,0.7395235186316432,,,,,,,,,,,,,,,,,,,,,
per_seed,E2,asymmetric_source_coverage,20260720,baseline,paper_experiments/results/E2_E6/E2/e2_per_run_metrics.csv,0.9978339350180504,0.9944830894698968,0.996155694377703,0.9992987869013392,0.98917794451067,0.9942126094451748,0.9978339350180504,0.9944830894698968,0.996155694377703,,,,,,,,,,,,,,,,,,,,,
per_seed,E2,asymmetric_source_coverage,20260720,learned,paper_experiments/results/E2_E6/E2/e2_per_run_metrics.csv,1.0,0.9976013432477812,0.9987992315081652,1.0,0.9900895215389288,0.9950200840948062,1.0,0.9976013432477812,0.9987992315081652,,,,,,,,,,,,,,,,,,,,,
per_seed,E2,asymmetric_source_coverage,20260720,splink,paper_experiments/results/E2_E6/E2/e2_per_run_metrics.csv,0.9932918064206996,0.9944830894698968,0.9938870909744696,0.9974055115349556,0.98917794451067,0.9932746905157972,0.991866028708134,0.9944830894698968,0.9931728350700684,,,,,,,,,,,,,,,,,,,,,
per_seed,E2,asymmetric_source_coverage,20260721,baseline,paper_experiments/results/E2_E6/E2/e2_per_run_metrics.csv,0.9992795389048992,0.9959310674964098,0.997602493406857,0.9997428705002338,0.9902641421224871,0.9949809319457704,0.9992795389048992,0.9959310674964098,0.997602493406857,,,,,,,,,,,,,,,,,,,,,
per_seed,E2,asymmetric_source_coverage,20260721,learned,paper_experiments/results/E2_E6/E2/e2_per_run_metrics.csv,1.0,0.9973671613212064,0.998681845416417,1.0,0.9906498363721364,0.9953029591357444,1.0,0.9973671613212064,0.998681845416417,,,,,,,,,,,,,,,,,,,,,
per_seed,E2,asymmetric_source_coverage,20260721,splink,paper_experiments/results/E2_E6/E2/e2_per_run_metrics.csv,0.9952164553934464,0.9959310674964098,0.995573633209714,0.9982468443197756,0.9902641421224871,0.9942394702937236,0.9949784791965568,0.9959310674964098,0.9954545454545456,,,,,,,,,,,,,,,,,,,,,
per_seed,E2,asymmetric_source_coverage,20260722,baseline,paper_experiments/results/E2_E6/E2/e2_per_run_metrics.csv,0.998562874251497,0.9966531197704996,0.9976070830342187,0.999556427137321,0.990218051080917,0.994865325754534,0.998562874251497,0.9966531197704996,0.9976070830342187,,,,,,,,,,,,,,,,,,,,,
per_seed,E2,asymmetric_source_coverage,20260722,learned,paper_experiments/results/E2_E6/E2/e2_per_run_metrics.csv,0.9992828113793928,0.9992828113793928,0.9992828113793928,0.99976654059859,0.9910118130457112,0.9953699267498398,0.9992828113793928,0.9992828113793928,0.9992828113793928,,,,,,,,,,,,,,,,,,,,,
per_seed,E2,asymmetric_source_coverage,20260722,splink,paper_experiments/results/E2_E6/E2/e2_per_run_metrics.csv,0.994513358778626,0.9966531197704996,0.9955820895522388,0.998080963720409,0.99028808890134,0.9941692552780989,0.9940391034811636,0.9966531197704996,0.9953443953682704,,,,,,,,,,,,,,,,,,,,,
per_seed,E2,asymmetric_source_coverage,20260723,baseline,paper_experiments/results/E2_E6/E2/e2_per_run_metrics.csv,0.9995187680461982,0.9956855225311602,0.9975984630163304,0.9998130491680688,0.9898345485137408,0.9947987767024556,0.9995187680461982,0.9956855225311602,0.9975984630163304,,,,,,,,,,,,,,,,,,,,,
per_seed,E2,asymmetric_source_coverage,20260723,learned,paper_experiments/results/E2_E6/E2/e2_per_run_metrics.csv,0.9997599039615848,0.9980824544582934,0.998920474991004,0.9999065245840344,0.9905356141334828,0.995199010450096,0.9997599039615848,0.9980824544582934,0.998920474991004,,,,,,,,,,,,,,,,,,,,,
per_seed,E2,asymmetric_source_coverage,20260723,splink,paper_experiments/results/E2_E6/E2/e2_per_run_metrics.csv,0.996402014871672,0.9956855225311602,0.9960436398513368,0.9985464572817347,0.9898345485137408,0.9941714176836464,0.9956855225311602,0.9956855225311602,0.9956855225311602,,,,,,,,,,,,,,,,,,,,,
per_seed,E2,asymmetric_source_coverage,20260724,baseline,paper_experiments/results/E2_E6/E2/e2_per_run_metrics.csv,0.9997597308986064,0.9949784791965568,0.9973633748801536,0.9999064393142004,0.9905620658199424,0.9952123187068332,0.9997597308986064,0.9949784791965568,0.9973633748801536,,,,,,,,,,,,,,,,,,,,,
per_seed,E2,asymmetric_source_coverage,20260724,learned,paper_experiments/results/E2_E6/E2/e2_per_run_metrics.csv,1.0,0.9992826398852224,0.9996411912450665,1.0,0.9918602203354152,0.9959134784753046,1.0,0.9992826398852224,0.9996411912450665,,,,,,,,,,,,,,,,,,,,,
per_seed,E2,asymmetric_source_coverage,20260724,splink,paper_experiments/results/E2_E6/E2/e2_per_run_metrics.csv,0.993315827166388,0.9949784791965568,0.9941464580097956,0.9975206418263046,0.9905620658199424,0.994029175813665,0.992841803865426,0.9949784791965568,0.993908993192404,,,,,,,,,,,,,,,,,,,,,
per_seed,E2,asymmetric_source_coverage,20260725,baseline,paper_experiments/results/E2_E6/E2/e2_per_run_metrics.csv,0.9987943091391368,0.9954337899543378,0.9971112181030332,0.9996259409921916,0.9889886379576378,0.9942788394632716,0.9987943091391368,0.9954337899543378,0.9971112181030332,,,,,,,,,,,,,,,,,,,,,
per_seed,E2,asymmetric_source_coverage,20260725,learned,paper_experiments/results/E2_E6/E2/e2_per_run_metrics.csv,1.0,0.9983177120884402,0.999158147925436,1.0,0.9897601346612428,0.9948537187169544,1.0,0.9983177120884402,0.999158147925436,,,,,,,,,,,,,,,,,,,,,
per_seed,E2,asymmetric_source_coverage,20260725,splink,paper_experiments/results/E2_E6/E2/e2_per_run_metrics.csv,0.9925712916367122,0.9954337899543378,0.994000479961603,0.9975569271052508,0.989058774021602,0.99328967427352,0.9925712916367122,0.9954337899543378,0.994000479961603,,,,,,,,,,,,,,,,,,,,,
per_seed,E2,asymmetric_source_coverage,20260726,baseline,paper_experiments/results/E2_E6/E2/e2_per_run_metrics.csv,0.9987954709708504,0.995438175270108,0.9971139971139972,0.9995907007203668,0.9895921040321828,0.994566273480254,0.9987954709708504,0.995438175270108,0.9971139971139972,,,,,,,,,,,,,,,,,,,,,
per_seed,E2,asymmetric_source_coverage,20260726,learned,paper_experiments/results/E2_E6/E2/e2_per_run_metrics.csv,0.9995189995189996,0.9978391356542616,0.998678361167848,0.9998128917578818,0.9902937599401256,0.9950305597649632,0.9995189995189996,0.9978391356542616,0.998678361167848,,,,,,,,,,,,,,,,,,,,,
per_seed,E2,asymmetric_source_coverage,20260726,splink,paper_experiments/results/E2_E6/E2/e2_per_run_metrics.csv,0.9925784055542256,0.995438175270108,0.994006233517142,0.9973524183740292,0.9895921040321828,0.9934571066585264,0.9916287969385316,0.995438175270108,0.99352983465133,,,,,,,,,,,,,,,,,,,,,
per_seed,E2,asymmetric_source_coverage,20260727,baseline,paper_experiments/results/E2_E6/E2/e2_per_run_metrics.csv,0.999279711884754,0.996647509578544,0.9979618750749312,0.999719495091164,0.9903927068723702,0.9950342456867762,0.999279711884754,0.996647509578544,0.9979618750749312,,,,,,,,,,,,,,,,,,,,,
per_seed,E2,asymmetric_source_coverage,20260727,learned,paper_experiments/results/E2_E6/E2/e2_per_run_metrics.csv,0.9995206136145732,0.9985632183908046,0.9990416866315286,0.9998129967274426,0.990953716690042,0.995363643991463,0.9995206136145732,0.9985632183908046,0.9990416866315286,,,,,,,,,,,,,,,,,,,,,
per_seed,E2,asymmetric_source_coverage,20260727,splink,paper_experiments/results/E2_E6/E2/e2_per_run_metrics.csv,0.9921334922526818,0.996647509578544,0.9943853780910288,0.997183263207106,0.9903927068723702,0.9937763850666982,0.9909523809523808,0.996647509578544,0.9937917860553964,,,,,,,,,,,,,,,,,,,,,
per_seed,E2,asymmetric_source_coverage,20260728,baseline,paper_experiments/results/E2_E6/E2/e2_per_run_metrics.csv,0.9987931450639632,0.9918504314477468,0.9953096812988572,0.9996257835157638,0.9889606137150342,0.994264598941018,0.9987931450639632,0.9918504314477468,0.9953096812988572,,,,,,,,,,,,,,,,,,,,,
per_seed,E2,asymmetric_source_coverage,20260728,learned,paper_experiments/results/E2_E6/E2/e2_per_run_metrics.csv,1.0,0.9966442953020134,0.9983193277310924,1.0,0.9903639255309196,0.9951586368977672,1.0,0.9966442953020134,0.9983193277310924,,,,,,,,,,,,,,,,,,,,,
per_seed,E2,asymmetric_source_coverage,20260728,splink,paper_experiments/results/E2_E6/E2/e2_per_run_metrics.csv,0.9937560038424592,0.9918504314477468,0.992802303262956,0.9980002806623632,0.9889606137150342,0.993459884232792,0.9937560038424592,0.9918504314477468,0.992802303262956,,,,,,,,,,,,,,,,,,,,,
per_seed,E2,asymmetric_source_coverage,20260729,baseline,paper_experiments/results/E2_E6/E2/e2_per_run_metrics.csv,0.9983059051306872,0.9942154736080984,0.9962564907619852,0.9993634746793972,0.9883459702330806,0.993824188465334,0.9980643600290346,0.9942154736080984,0.9961361989857525,,,,,,,,,,,,,,,,,,,,,
per_seed,E2,asymmetric_source_coverage,20260729,learned,paper_experiments/results/E2_E6/E2/e2_per_run_metrics.csv,1.0,0.9983128464690288,0.9991557110119408,1.0,0.9895394552092108,0.9947422280249832,1.0,0.9983128464690288,0.9991557110119408,,,,,,,,,,,,,,,,,,,,,
per_seed,E2,asymmetric_source_coverage,20260729,splink,paper_experiments/results/E2_E6/E2/e2_per_run_metrics.csv,0.993975903614458,0.9942154736080984,0.9940956741776118,0.9975264438828044,0.9883459702330806,0.9929149868889544,0.9925409047160731,0.9942154736080984,0.9933774834437088,,,,,,,,,,,,,,,,,,,,,
per_seed,E2,clean_baseline_linkage,20260720,baseline,paper_experiments/results/E2_E6/E2/e2_per_run_metrics.csv,0.9987398928908956,0.9994745691467004,0.9991070959609224,0.999385466277462,0.9989757771291032,0.9991805797075728,0.9987398928908956,0.9994745691467004,0.9991070959609224,,,,,,,,,,,,,,,,,,,,,
per_seed,E2,clean_baseline_linkage,20260720,learned,paper_experiments/results/E2_E6/E2/e2_per_run_metrics.csv,0.9995798319327732,1.0,0.9997898718218112,0.9997951554258206,0.9992318328468276,0.9995134147646272,0.9995798319327732,1.0,0.9997898718218112,,,,,,,,,,,,,,,,,,,,,
per_seed,E2,clean_baseline_linkage,20260720,splink,paper_experiments/results/E2_E6/E2/e2_per_run_metrics.csv,0.9956034753480582,0.9994745691467004,0.9975352666631706,0.9977467096840272,0.9989757771291032,0.998360865134974,0.9954992673225874,0.9994745691467004,0.9974829575249085,,,,,,,,,,,,,,,,,,,,,
per_seed,E2,clean_baseline_linkage,20260721,baseline,paper_experiments/results/E2_E6/E2/e2_per_run_metrics.csv,0.9989496901585968,0.9994745691467004,0.9992120607238536,0.9994195773157156,0.9989757246747926,0.999197601704414,0.9988447805082966,0.9994745691467004,0.9991595755856708,,,,,,,,,,,,,,,,,,,,,
per_seed,E2,clean_baseline_linkage,20260721,learned,paper_experiments/results/E2_E6/E2/e2_per_run_metrics.csv,0.999894924871283,1.0,0.9999474596753009,0.9999317149783192,0.9992317935060944,0.9995816317184448,0.999894924871283,1.0,0.9999474596753009,,,,,,,,,,,,,,,,,,,,,
per_seed,E2,clean_baseline_linkage,20260721,splink,paper_experiments/results/E2_E6/E2/e2_per_run_metrics.csv,0.99570770519263,0.9994745691467004,0.9975875812880218,0.99779439379972,0.9989757246747926,0.998384709787256,0.99570770519263,0.9994745691467004,0.9975875812880218,,,,,,,,,,,,,,,,,,,,,
per_seed,E2,clean_baseline_linkage,20260722,baseline,paper_experiments/results/E2_E6/E2/e2_per_run_metrics.csv,0.9986380303823992,0.9995805369127516,0.9991090613699491,0.9993178135925642,0.9992325402916348,0.9992751751228968,0.9986380303823992,0.9995805369127516,0.9991090613699491,,,,,,,,,,,,,,,,,,,,,
per_seed,E2,clean_baseline_linkage,20260722,learned,paper_experiments/results/E2_E6/E2/e2_per_run_metrics.csv,0.99937106918239,0.999790268456376,0.9995806248689452,0.9997066598448026,0.99933486825275,0.9995207294749604,0.99937106918239,0.999790268456376,0.9995806248689452,,,,,,,,,,,,,,,,,,,,,
per_seed,E2,clean_baseline_linkage,20260722,splink,paper_experiments/results/E2_E6/E2/e2_per_run_metrics.csv,0.9947813380649202,0.9994756711409396,0.997122979547,0.9973053636906284,0.999181376311077,0.9982424885967136,0.9946775203506576,0.9994756711409396,0.9970708233078774,,,,,,,,,,,,,,,,,,,,,
per_seed,E2,clean_baseline_linkage,20260723,baseline,paper_experiments/results/E2_E6/E2/e2_per_run_metrics.csv,0.9988447805082966,0.9991595755856708,0.9990021532482538,0.9994196961938898,0.9989076634237924,0.9991636142095898,0.9988447805082966,0.9991595755856708,0.9990021532482538,,,,,,,,,,,,,,,,,,,,,
per_seed,E2,clean_baseline_linkage,20260723,learned,paper_experiments/results/E2_E6/E2/e2_per_run_metrics.csv,0.9996848739495798,0.9997898938964176,0.9997373811649772,0.9998293224099676,0.9992148830858508,0.9995220083188612,0.9996848739495798,0.9997898938964176,0.9997373811649772,,,,,,,,,,,,,,,,,,,,,
per_seed,E2,clean_baseline_linkage,20260723,splink,paper_experiments/results/E2_E6/E2/e2_per_run_metrics.csv,0.9968553459119496,0.9990545225338796,0.9979537226507162,0.9984775558969108,0.9988564601467826,0.9986669720818312,0.9968553459119496,0.9990545225338796,0.9979537226507162,,,,,,,,,,,,,,,,,,,,,
per_seed,E2,clean_baseline_linkage,20260724,baseline,paper_experiments/results/E2_E6/E2/e2_per_run_metrics.csv,0.9996845425867508,0.9995794343391862,0.9996319857000155,0.9998462878516166,0.999385151406466,0.9996156664468993,0.9996845425867508,0.9995794343391862,0.9996319857000155,,,,,,,,,,,,,,,,,,,,,
per_seed,E2,clean_baseline_linkage,20260724,learned,paper_experiments/results/E2_E6/E2/e2_per_run_metrics.csv,1.0,1.0,1.0,1.0,0.999590100937644,0.9997950084559012,1.0,1.0,1.0,,,,,,,,,,,,,,,,,,,,,
per_seed,E2,clean_baseline_linkage,20260724,splink,paper_experiments/results/E2_E6/E2/e2_per_run_metrics.csv,0.9954969106712744,0.9994742929239828,0.9974816369359916,0.9977421393315228,0.9993339140236716,0.9985373923135062,0.9954969106712744,0.9994742929239828,0.9974816369359916,,,,,,,,,,,,,,,,,,,,,
per_seed,E2,clean_baseline_linkage,20260725,baseline,paper_experiments/results/E2_E6/E2/e2_per_run_metrics.csv,0.9986354571218642,0.9993697478991596,0.9990024675801964,0.9992146418083728,0.9993853718500308,0.9992999995369104,0.9984258579074404,0.9993697478991596,0.9988975799254556,,,,,,,,,,,,,,,,,,,,,
per_seed,E2,clean_baseline_linkage,20260725,learned,paper_experiments/results/E2_E6/E2/e2_per_run_metrics.csv,0.9993700787401576,0.9998949579831932,0.999632449461801,0.9996243939083522,0.999641466912518,0.9996329303375364,0.9992651690111274,0.9998949579831932,0.9995799642969652,,,,,,,,,,,,,,,,,,,,,
per_seed,E2,clean_baseline_linkage,20260725,splink,paper_experiments/results/E2_E6/E2/e2_per_run_metrics.csv,0.99570905285191,0.9993697478991596,0.9975360419397116,0.997725875845114,0.9993853718500308,0.9985549343699596,0.9955006801297478,0.9993697478991596,0.9974314619699114,,,,,,,,,,,,,,,,,,,,,
per_seed,E2,clean_baseline_linkage,20260726,baseline,paper_experiments/results/E2_E6/E2/e2_per_run_metrics.csv,0.9987389659520808,0.999264010093576,0.9990014190361066,0.9993903063838508,0.9990777743621272,0.9992340159352044,0.9985291027526793,0.999264010093576,0.9988964212517736,,,,,,,,,,,,,,,,,,,,,
per_seed,E2,clean_baseline_linkage,20260726,learned,paper_experiments/results/E2_E6/E2/e2_per_run_metrics.csv,0.9991594872872452,0.9998948585847964,0.9995270376793316,0.9995901219387232,0.9993851829080848,0.9994876419180202,0.9991594872872452,0.9998948585847964,0.9995270376793316,,,,,,,,,,,,,,,,,,,,,
per_seed,E2,clean_baseline_linkage,20260726,splink,paper_experiments/results/E2_E6/E2/e2_per_run_metrics.csv,0.9948707212394012,0.999264010093576,0.9970625262274444,0.9974775420978924,0.9990777743621272,0.998277016939664,0.9947665899099852,0.999264010093576,0.997010228166798,,,,,,,,,,,,,,,,,,,,,
per_seed,E2,clean_baseline_linkage,20260727,baseline,paper_experiments/results/E2_E6/E2/e2_per_run_metrics.csv,0.999265014699706,0.9996848739495798,0.9994749002310438,0.999573218614497,0.9993854348048756,0.999479317889404,0.9991601049868768,0.9996848739495798,0.9994224205828302,,,,,,,,,,,,,,,,,,,,,
per_seed,E2,clean_baseline_linkage,20260727,learned,paper_experiments/results/E2_E6/E2/e2_per_run_metrics.csv,0.999684973222724,1.0,0.9998424617969858,0.9998463587012189,0.9995390761036568,0.9996926937895332,0.999684973222724,1.0,0.9998424617969858,,,,,,,,,,,,,,,,,,,,,
per_seed,E2,clean_baseline_linkage,20260727,splink,paper_experiments/results/E2_E6/E2/e2_per_run_metrics.csv,0.99508573818486,0.9996848739495798,0.9973800041919934,0.997504182457578,0.999436648571136,0.9984694804778196,0.9948776918252143,0.9996848739495798,0.9972754898878758,,,,,,,,,,,,,,,,,,,,,
per_seed,E2,clean_baseline_linkage,20260728,baseline,paper_experiments/results/E2_E6/E2/e2_per_run_metrics.csv,0.9987383030175586,0.9992636229749632,0.9990008939370038,0.9993988455101274,0.9989240700891484,0.9991614013994188,0.9987383030175586,0.9992636229749632,0.9990008939370038,,,,,,,,,,,,,,,,,,,,,
per_seed,E2,clean_baseline_linkage,20260728,learned,paper_experiments/results/E2_E6/E2/e2_per_run_metrics.csv,0.9997896065642752,0.9997896065642752,0.9997896065642752,0.9998975304846808,0.9991802438774464,0.9995387584967064,0.9997896065642752,0.9997896065642752,0.9997896065642752,,,,,,,,,,,,,,,,,,,,,
per_seed,E2,clean_baseline_linkage,20260728,splink,paper_experiments/results/E2_E6/E2/e2_per_run_metrics.csv,0.9953892905794824,0.9992636229749632,0.9973226941046774,0.997687604604297,0.9989240700891484,0.9983054544863712,0.9953892905794824,0.9992636229749632,0.9973226941046774,,,,,,,,,,,,,,,,,,,,,
per_seed,E2,clean_baseline_linkage,20260729,baseline,paper_experiments/results/E2_E6/E2/e2_per_run_metrics.csv,0.9987388334209144,0.9994741270509044,0.9991063449508488,0.999316624809936,0.999333709189688,0.9993251669267936,0.9986338797814208,0.9994741270509044,0.999053826745164,,,,,,,,,,,,,,,,,,,,,
per_seed,E2,clean_baseline_linkage,20260729,learned,paper_experiments/results/E2_E6/E2/e2_per_run_metrics.csv,0.9996845757543896,1.0,0.9998422630001575,0.9998769924657884,0.9995899748859618,0.999733463075612,0.9996845757543896,1.0,0.9998422630001575,,,,,,,,,,,,,,,,,,,,,
per_seed,E2,clean_baseline_linkage,20260729,splink,paper_experiments/results/E2_E6/E2/e2_per_run_metrics.csv,0.9953912223735204,0.9994741270509044,0.9974284964576228,0.9975876855790752,0.999333709189688,0.9984599340597816,0.99518274164834,0.9994741270509044,0.9973238180196254,,,,,,,,,,,,,,,,,,,,,
per_seed,E2,couple_merge,20260720,baseline,paper_experiments/results/E2_E6/E2/e2_per_run_metrics.csv,0.9977631415434324,0.7675908221797323,0.8676716917922949,0.9986008479709269,0.8470220068645266,0.916586931169492,0.9972674201962488,0.7675908221797323,0.8674841985846253,,,,,,,,,,,,,,,,,,,,,
per_seed,E2,couple_merge,20260720,learned,paper_experiments/results/E2_E6/E2/e2_per_run_metrics.csv,0.9991588560442202,0.7949330783938815,0.8854222127568949,0.999527559055118,0.868180900464365,0.9292357507259756,0.998918789043729,0.7949330783938815,0.8853279386712096,,,,,,,,,,,,,,,,,,,,,
per_seed,E2,couple_merge,20260720,splink,paper_experiments/results/E2_E6/E2/e2_per_run_metrics.csv,0.9689763399323998,0.7673996175908222,0.8564874093043108,0.9811861498081972,0.8508984453866344,0.9114096278047756,0.9676913803496082,0.7673996175908222,0.8559850706478274,,,,,,,,,,,,,,,,,,,,,
per_seed,E2,couple_merge,20260721,baseline,paper_experiments/results/E2_E6/E2/e2_per_run_metrics.csv,0.9975442043222004,0.7766730401529637,0.8733605676198667,0.9986069049061176,0.853139511407228,0.9201594769500288,0.9972992879941076,0.7766730401529637,0.8732666881651081,,,,,,,,,,,,,,,,,,,,,
per_seed,E2,couple_merge,20260721,learned,paper_experiments/results/E2_E6/E2/e2_per_run_metrics.csv,0.9998808246931236,0.8021032504780115,0.8901384541934114,0.999909145972138,0.8729053099131839,0.932100881864703,0.9998808246931236,0.8021032504780115,0.8901384541934114,,,,,,,,,,,,,,,,,,,,,
per_seed,E2,couple_merge,20260721,splink,paper_experiments/results/E2_E6/E2/e2_per_run_metrics.csv,0.9655377302436126,0.7767686424474187,0.8609271523178808,0.979180294770846,0.8579244902079548,0.9145507235970176,0.9648497803111268,0.7767686424474187,0.860653567078015,,,,,,,,,,,,,,,,,,,,,
per_seed,E2,couple_merge,20260722,baseline,paper_experiments/results/E2_E6/E2/e2_per_run_metrics.csv,0.9982692545432068,0.7719885277246654,0.870666882311715,0.9989703210175652,0.8504542701393095,0.918749084784675,0.9982692545432068,0.7719885277246654,0.870666882311715,,,,,,,,,,,,,,,,,,,,,
per_seed,E2,couple_merge,20260722,learned,paper_experiments/results/E2_E6/E2/e2_per_run_metrics.csv,0.9996401583303348,0.7967495219885278,0.8867372453051018,0.999737532808399,0.8696951342620634,0.9301932967557937,0.9992805755395684,0.7967495219885278,0.8865957446808511,,,,,,,,,,,,,,,,,,,,,
per_seed,E2,couple_merge,20260722,splink,paper_experiments/results/E2_E6/E2/e2_per_run_metrics.csv,0.9699771826588208,0.7721797323135755,0.8598498962048226,0.9819745608721988,0.8547345043408037,0.9139471846239738,0.9690461907618476,0.7721797323135755,0.8594839052939611,,,,,,,,,,,,,,,,,,,,,
per_seed,E2,couple_merge,20260723,baseline,paper_experiments/results/E2_E6/E2/e2_per_run_metrics.csv,0.9976652740231016,0.7761950286806883,0.8731046349069792,0.9984554815263476,0.8528770442156269,0.9199425257478204,0.9969302554027504,0.7761950286806883,0.8728230488067082,,,,,,,,,,,,,,,,,,,,,
per_seed,E2,couple_merge,20260723,learned,paper_experiments/results/E2_E6/E2/e2_per_run_metrics.csv,1.0,0.802868068833652,0.8906564853112737,1.0,0.8734100545124167,0.9324280633688976,1.0,0.802868068833652,0.8906564853112737,,,,,,,,,,,,,,,,,,,,,
per_seed,E2,couple_merge,20260723,splink,paper_experiments/results/E2_E6/E2/e2_per_run_metrics.csv,0.9726782504493708,0.7760038240917781,0.8632810422759905,0.9831292723025008,0.8563093074904098,0.9153474930744188,0.9711653505623354,0.7760038240917781,0.8626846636199383,,,,,,,,,,,,,,,,,,,,,
per_seed,E2,couple_merge,20260724,baseline,paper_experiments/results/E2_E6/E2/e2_per_run_metrics.csv,0.99813223757938,0.7663479923518165,0.8670163863501162,0.9990248334342824,0.8464768826973552,0.9164461017302858,0.99813223757938,0.7663479923518165,0.8670163863501162,,,,,,,,,,,,,,,,,,,,,
per_seed,E2,couple_merge,20260724,learned,paper_experiments/results/E2_E6/E2/e2_per_run_metrics.csv,1.0,0.7951242829827916,0.885871012408798,1.0,0.8684433676559661,0.9295902489626556,1.0,0.7951242829827916,0.885871012408798,,,,,,,,,,,,,,,,,,,,,
per_seed,E2,couple_merge,20260724,splink,paper_experiments/results/E2_E6/E2/e2_per_run_metrics.csv,0.967523844017868,0.7661567877629063,0.8551459211438937,0.9804926307288512,0.8508378760347265,0.911075597021916,0.967173545739802,0.7661567877629063,0.8550090686013017,,,,,,,,,,,,,,,,,,,,,
per_seed,E2,couple_merge,20260725,baseline,paper_experiments/results/E2_E6/E2/e2_per_run_metrics.csv,0.997398414271556,0.7696940726577438,0.868875458666091,0.9986008479709269,0.8480920654149,0.9172130889135992,0.9969044081228332,0.7696940726577438,0.8686879585671127,,,,,,,,,,,,,,,,,,,,,
per_seed,E2,couple_merge,20260725,learned,paper_experiments/results/E2_E6/E2/e2_per_run_metrics.csv,0.999759557585958,0.7950286806883365,0.8857173287890084,0.9998182919442762,0.867979002624672,0.929245680322042,0.9995192307692308,0.7950286806883365,0.8856230031948883,,,,,,,,,,,,,,,,,,,,,
per_seed,E2,couple_merge,20260725,splink,paper_experiments/results/E2_E6/E2/e2_per_run_metrics.csv,0.971400989501629,0.7695984703632888,0.8588040753187178,0.9825741974560872,0.8515848980415909,0.912402146370949,0.970113280308508,0.7695984703632888,0.8583004584710524,,,,,,,,,,,,,,,,,,,,,
per_seed,E2,couple_merge,20260726,baseline,paper_experiments/results/E2_E6/E2/e2_per_run_metrics.csv,0.9976560572415496,0.7731357552581262,0.8711623397608532,0.998564506359782,0.8514839491217444,0.919177707814932,0.9976560572415496,0.7731357552581262,0.8711623397608532,,,,,,,,,,,,,,,,,,,,,
per_seed,E2,couple_merge,20260726,learned,paper_experiments/results/E2_E6/E2/e2_per_run_metrics.csv,0.9989206044615015,0.7962715105162524,0.8861581019257367,0.9995457298606903,0.8693317181506157,0.9299023942255292,0.998800815445497,0.7962715105162524,0.8861109633491143,,,,,,,,,,,,,,,,,,,,,
per_seed,E2,couple_merge,20260726,splink,paper_experiments/results/E2_E6/E2/e2_per_run_metrics.csv,0.9665391969407264,0.7732313575525812,0.8591459528362013,0.9798142539874825,0.8558449424591157,0.9136435297443116,0.9665391969407264,0.7732313575525812,0.8591459528362013,,,,,,,,,,,,,,,,,,,,,
per_seed,E2,couple_merge,20260727,baseline,paper_experiments/results/E2_E6/E2/e2_per_run_metrics.csv,0.995494947035188,0.7816443594646272,0.8757028865206448,0.997534827377347,0.8576418332323844,0.9223138865749594,0.995494947035188,0.7816443594646272,0.8757028865206448,,,,,,,,,,,,,,,,,,,,,
per_seed,E2,couple_merge,20260727,learned,paper_experiments/results/E2_E6/E2/e2_per_run_metrics.csv,0.999523866206404,0.802772466539197,0.8904087800222682,0.9998182919442762,0.8735917625681405,0.9324525848504556,0.999523866206404,0.802772466539197,0.8904087800222682,,,,,,,,,,,,,,,,,,,,,
per_seed,E2,couple_merge,20260727,splink,paper_experiments/results/E2_E6/E2/e2_per_run_metrics.csv,0.967123935666982,0.7818355640535373,0.8646648340029605,0.980207954774884,0.8619220674338784,0.9172673554081582,0.966895247103334,0.7818355640535373,0.8645734221376467,,,,,,,,,,,,,,,,,,,,,
per_seed,E2,couple_merge,20260728,baseline,paper_experiments/results/E2_E6/E2/e2_per_run_metrics.csv,0.9976365219554671,0.7667304015296367,0.867073895886264,0.9985887341005452,0.8467999192408642,0.9164517814283276,0.9973883845292874,0.7667304015296367,0.8669801632344196,,,,,,,,,,,,,,,,,,,,,
per_seed,E2,couple_merge,20260728,learned,paper_experiments/results/E2_E6/E2/e2_per_run_metrics.csv,0.99987938728742,0.7925430210325047,0.8842195082928911,0.999939430648092,0.8663638199071271,0.9283714686284924,0.99987938728742,0.7925430210325047,0.8842195082928911,,,,,,,,,,,,,,,,,,,,,
per_seed,E2,couple_merge,20260728,splink,paper_experiments/results/E2_E6/E2/e2_per_run_metrics.csv,0.9695431472081218,0.7669216061185469,0.8564108038859827,0.981532260390528,0.8508378760347265,0.911524158890162,0.968255884127942,0.7669216061185469,0.8559082421979194,,,,,,,,,,,,,,,,,,,,,
per_seed,E2,couple_merge,20260729,baseline,paper_experiments/results/E2_E6/E2/e2_per_run_metrics.csv,0.9973925999503352,0.7679732313575526,0.8677757372798962,0.9984918231374924,0.8474459923278821,0.916789164619506,0.99714498510427,0.7679732313575526,0.8676820047526463,,,,,,,,,,,,,,,,,,,,,
per_seed,E2,couple_merge,20260729,learned,paper_experiments/results/E2_E6/E2/e2_per_run_metrics.csv,1.0,0.7946462715105163,0.8855742595354784,1.0,0.8679588128407025,0.9293125810635536,1.0,0.7946462715105163,0.8855742595354784,,,,,,,,,,,,,,,,,,,,,
per_seed,E2,couple_merge,20260729,splink,paper_experiments/results/E2_E6/E2/e2_per_run_metrics.csv,0.9680530440024112,0.7676864244741873,0.8563049853372433,0.9806077124974762,0.851524328689683,0.9115187173423158,0.967586456199542,0.7676864244741873,0.856122394583933,,,,,,,,,,,,,,,,,,,,,
per_seed,E2,death_survivor_persistence,20260720,baseline,paper_experiments/results/E2_E6/E2/e2_per_run_metrics.csv,1.0,1.0,1.0,1.0,1.0,1.0,1.0,1.0,1.0,,,,,,,,,,,,,,,,,,,,,
per_seed,E2,death_survivor_persistence,20260720,learned,paper_experiments/results/E2_E6/E2/e2_per_run_metrics.csv,1.0,1.0,1.0,1.0,1.0,1.0,1.0,1.0,1.0,,,,,,,,,,,,,,,,,,,,,
per_seed,E2,death_survivor_persistence,20260720,splink,paper_experiments/results/E2_E6/E2/e2_per_run_metrics.csv,0.9966216216216216,1.0,0.9983079526226736,0.9983050847457628,1.0,0.9991518235793044,0.9966216216216216,1.0,0.9983079526226736,,,,,,,,,,,,,,,,,,,,,
per_seed,E2,death_survivor_persistence,20260721,baseline,paper_experiments/results/E2_E6/E2/e2_per_run_metrics.csv,0.9988713318284425,1.0,0.9994353472614342,0.9994350282485877,1.0,0.9997174343034756,0.9988713318284425,1.0,0.9994353472614342,,,,,,,,,,,,,,,,,,,,,
per_seed,E2,death_survivor_persistence,20260721,learned,paper_experiments/results/E2_E6/E2/e2_per_run_metrics.csv,0.9988713318284425,1.0,0.9994353472614342,0.9994350282485877,1.0,0.9997174343034756,0.9988713318284425,1.0,0.9994353472614342,,,,,,,,,,,,,,,,,,,,,
per_seed,E2,death_survivor_persistence,20260721,splink,paper_experiments/results/E2_E6/E2/e2_per_run_metrics.csv,0.99438202247191,1.0,0.9971830985915492,0.9971751412429378,1.0,0.9985855728429986,0.99438202247191,1.0,0.9971830985915492,,,,,,,,,,,,,,,,,,,,,
per_seed,E2,death_survivor_persistence,20260722,baseline,paper_experiments/results/E2_E6/E2/e2_per_run_metrics.csv,1.0,1.0,1.0,1.0,1.0,1.0,1.0,1.0,1.0,,,,,,,,,,,,,,,,,,,,,
per_seed,E2,death_survivor_persistence,20260722,learned,paper_experiments/results/E2_E6/E2/e2_per_run_metrics.csv,0.9988713318284425,1.0,0.9994353472614342,0.9994350282485877,1.0,0.9997174343034756,0.9988713318284425,1.0,0.9994353472614342,,,,,,,,,,,,,,,,,,,,,
per_seed,E2,death_survivor_persistence,20260722,splink,paper_experiments/results/E2_E6/E2/e2_per_run_metrics.csv,0.9988713318284425,1.0,0.9994353472614342,0.9994350282485877,1.0,0.9997174343034756,0.9988713318284425,1.0,0.9994353472614342,,,,,,,,,,,,,,,,,,,,,
per_seed,E2,death_survivor_persistence,20260723,baseline,paper_experiments/results/E2_E6/E2/e2_per_run_metrics.csv,1.0,1.0,1.0,1.0,1.0,1.0,1.0,1.0,1.0,,,,,,,,,,,,,,,,,,,,,
per_seed,E2,death_survivor_persistence,20260723,learned,paper_experiments/results/E2_E6/E2/e2_per_run_metrics.csv,1.0,1.0,1.0,1.0,1.0,1.0,1.0,1.0,1.0,,,,,,,,,,,,,,,,,,,,,
per_seed,E2,death_survivor_persistence,20260723,splink,paper_experiments/results/E2_E6/E2/e2_per_run_metrics.csv,0.9977452085682076,1.0,0.9988713318284425,0.9988700564971752,1.0,0.9994347088750708,0.9977452085682076,1.0,0.9988713318284425,,,,,,,,,,,,,,,,,,,,,
per_seed,E2,death_survivor_persistence,20260724,baseline,paper_experiments/results/E2_E6/E2/e2_per_run_metrics.csv,1.0,1.0,1.0,1.0,1.0,1.0,1.0,1.0,1.0,,,,,,,,,,,,,,,,,,,,,
per_seed,E2,death_survivor_persistence,20260724,learned,paper_experiments/results/E2_E6/E2/e2_per_run_metrics.csv,1.0,1.0,1.0,1.0,1.0,1.0,1.0,1.0,1.0,,,,,,,,,,,,,,,,,,,,,
per_seed,E2,death_survivor_persistence,20260724,splink,paper_experiments/results/E2_E6/E2/e2_per_run_metrics.csv,0.99438202247191,1.0,0.9971830985915492,0.9971751412429378,1.0,0.9985855728429986,0.99438202247191,1.0,0.9971830985915492,,,,,,,,,,,,,,,,,,,,,
per_seed,E2,death_survivor_persistence,20260725,baseline,paper_experiments/results/E2_E6/E2/e2_per_run_metrics.csv,0.9977452085682076,1.0,0.9988713318284425,0.9988700564971752,1.0,0.9994347088750708,0.9977452085682076,1.0,0.9988713318284425,,,,,,,,,,,,,,,,,,,,,
per_seed,E2,death_survivor_persistence,20260725,learned,paper_experiments/results/E2_E6/E2/e2_per_run_metrics.csv,1.0,1.0,1.0,1.0,1.0,1.0,1.0,1.0,1.0,,,,,,,,,,,,,,,,,,,,,
per_seed,E2,death_survivor_persistence,20260725,splink,paper_experiments/results/E2_E6/E2/e2_per_run_metrics.csv,0.9955005624296964,1.0,0.9977452085682074,0.9977401129943504,1.0,0.998868778280543,0.9955005624296964,1.0,0.9977452085682074,,,,,,,,,,,,,,,,,,,,,
per_seed,E2,death_survivor_persistence,20260726,baseline,paper_experiments/results/E2_E6/E2/e2_per_run_metrics.csv,0.9988713318284425,1.0,0.9994353472614342,0.9994350282485877,1.0,0.9997174343034756,0.9988713318284425,1.0,0.9994353472614342,,,,,,,,,,,,,,,,,,,,,
per_seed,E2,death_survivor_persistence,20260726,learned,paper_experiments/results/E2_E6/E2/e2_per_run_metrics.csv,1.0,1.0,1.0,1.0,1.0,1.0,1.0,1.0,1.0,,,,,,,,,,,,,,,,,,,,,
per_seed,E2,death_survivor_persistence,20260726,splink,paper_experiments/results/E2_E6/E2/e2_per_run_metrics.csv,0.9955005624296964,1.0,0.9977452085682074,0.9977401129943504,1.0,0.998868778280543,0.9955005624296964,1.0,0.9977452085682074,,,,,,,,,,,,,,,,,,,,,
per_seed,E2,death_survivor_persistence,20260727,baseline,paper_experiments/results/E2_E6/E2/e2_per_run_metrics.csv,1.0,1.0,1.0,1.0,1.0,1.0,1.0,1.0,1.0,,,,,,,,,,,,,,,,,,,,,
per_seed,E2,death_survivor_persistence,20260727,learned,paper_experiments/results/E2_E6/E2/e2_per_run_metrics.csv,1.0,1.0,1.0,1.0,1.0,1.0,1.0,1.0,1.0,,,,,,,,,,,,,,,,,,,,,
per_seed,E2,death_survivor_persistence,20260727,splink,paper_experiments/results/E2_E6/E2/e2_per_run_metrics.csv,0.9988713318284425,1.0,0.9994353472614342,0.9994350282485877,1.0,0.9997174343034756,0.9988713318284425,1.0,0.9994353472614342,,,,,,,,,,,,,,,,,,,,,
per_seed,E2,death_survivor_persistence,20260728,baseline,paper_experiments/results/E2_E6/E2/e2_per_run_metrics.csv,0.9977452085682076,1.0,0.9988713318284425,0.9988700564971752,1.0,0.9994347088750708,0.9977452085682076,1.0,0.9988713318284425,,,,,,,,,,,,,,,,,,,,,
per_seed,E2,death_survivor_persistence,20260728,learned,paper_experiments/results/E2_E6/E2/e2_per_run_metrics.csv,1.0,1.0,1.0,1.0,1.0,1.0,1.0,1.0,1.0,,,,,,,,,,,,,,,,,,,,,
per_seed,E2,death_survivor_persistence,20260728,splink,paper_experiments/results/E2_E6/E2/e2_per_run_metrics.csv,0.9955005624296964,1.0,0.9977452085682074,0.9977401129943504,1.0,0.998868778280543,0.9955005624296964,1.0,0.9977452085682074,,,,,,,,,,,,,,,,,,,,,
per_seed,E2,death_survivor_persistence,20260729,baseline,paper_experiments/results/E2_E6/E2/e2_per_run_metrics.csv,1.0,1.0,1.0,1.0,1.0,1.0,1.0,1.0,1.0,,,,,,,,,,,,,,,,,,,,,
per_seed,E2,death_survivor_persistence,20260729,learned,paper_experiments/results/E2_E6/E2/e2_per_run_metrics.csv,0.9988713318284425,1.0,0.9994353472614342,0.9994350282485877,1.0,0.9997174343034756,0.9988713318284425,1.0,0.9994353472614342,,,,,,,,,,,,,,,,,,,,,
per_seed,E2,death_survivor_persistence,20260729,splink,paper_experiments/results/E2_E6/E2/e2_per_run_metrics.csv,0.9977452085682076,1.0,0.9988713318284425,0.9988700564971752,1.0,0.9994347088750708,0.9977452085682076,1.0,0.9988713318284425,,,,,,,,,,,,,,,,,,,,,
per_seed,E2,divorce_custody,20260720,baseline,paper_experiments/results/E2_E6/E2/e2_per_run_metrics.csv,0.9990110976815736,0.9804457225017972,0.9896413475318832,0.9993885774162536,0.9872962374825808,0.9933056062708971,0.998792579854378,0.9812365204888568,0.9899367191891352,,,,,,,,,,,,,,,,,,,,,
per_seed,E2,divorce_custody,20260720,learned,paper_experiments/results/E2_E6/E2/e2_per_run_metrics.csv,0.9997085397843194,0.9863407620416966,0.9929796627343128,0.9998185176783226,0.9909582914735716,0.995368687747813,0.999635807414961,0.986628324946082,0.993089475017186,,,,,,,,,,,,,,,,,,,,,
per_seed,E2,divorce_custody,20260720,splink,paper_experiments/results/E2_E6/E2/e2_per_run_metrics.csv,0.9918187768162317,0.9804816678648456,0.9861176385524748,0.9922557571194832,0.987636516835726,0.9899407484569565,0.9827213822894167,0.9813084112149532,0.9820143884892084,,,,,,,,,,,,,,,,,,,,,
per_seed,E2,divorce_custody,20260721,baseline,paper_experiments/results/E2_E6/E2/e2_per_run_metrics.csv,0.999051787016776,0.9848288754673568,0.9918893475269752,0.9994987143752296,0.9901309392623324,0.9947927736667268,0.9990523745307432,0.9854400345125108,0.9921995185781768,,,,,,,,,,,,,,,,,,,,,
per_seed,E2,divorce_custody,20260721,learned,paper_experiments/results/E2_E6/E2/e2_per_run_metrics.csv,0.9999273440621936,0.9895383951682484,0.994705744177222,0.9999481428664032,0.9931451351526543,0.9965350286864036,0.9999273678094132,0.9898619499568594,0.9948692007515538,,,,,,,,,,,,,,,,,,,,,
per_seed,E2,divorce_custody,20260721,splink,paper_experiments/results/E2_E6/E2/e2_per_run_metrics.csv,0.9930394431554525,0.9847569744032212,0.9888808664259928,0.9938927000701812,0.990438840993064,0.992162764697598,0.9867876300536416,0.9854040839804428,0.986095371719461,,,,,,,,,,,,,,,,,,,,,
per_seed,E2,divorce_custody,20260722,baseline,paper_experiments/results/E2_E6/E2/e2_per_run_metrics.csv,0.998541689452769,0.982811827185302,0.990614319040816,0.999188649727572,0.9890435345525166,0.9940902090055872,0.998543017410942,0.9837089134491172,0.9910704602147428,,,,,,,,,,,,,,,,,,,,,
per_seed,E2,divorce_custody,20260722,learned,paper_experiments/results/E2_E6/E2/e2_per_run_metrics.csv,0.9996370104178012,0.9881943447681928,0.9938827435624448,0.9998187408965852,0.9921346496196796,0.9959618743142707,0.9996370762865646,0.988373762020956,0.993973512323626,,,,,,,,,,,,,,,,,,,,,
per_seed,E2,divorce_custody,20260722,splink,paper_experiments/results/E2_E6/E2/e2_per_run_metrics.csv,0.9915634730972556,0.9826682933830916,0.9870958439966838,0.993683983384582,0.9892377407347468,0.9914558772250488,0.9875707028857584,0.983637146548012,0.9856,,,,,,,,,,,,,,,,,,,,,
per_seed,E2,divorce_custody,20260723,baseline,paper_experiments/results/E2_E6/E2/e2_per_run_metrics.csv,0.9989018631721512,0.9806310191174356,0.9896821223275972,0.9993822360463108,0.9874125194401244,0.9933613211462196,0.9989027066569128,0.9813856547362368,0.9900667053364268,,,,,,,,,,,,,,,,,,,,,
per_seed,E2,divorce_custody,20260723,learned,paper_experiments/results/E2_E6/E2/e2_per_run_metrics.csv,0.9996357676197414,0.9862368837142448,0.992891123853626,0.9998185588387766,0.9908631415241056,0.9953207064539772,0.9996358604617288,0.9864884289205116,0.993018629046844,,,,,,,,,,,,,,,,,,,,,
per_seed,E2,divorce_custody,20260723,splink,paper_experiments/results/E2_E6/E2/e2_per_run_metrics.csv,0.9932653804149982,0.9804872789995688,0.9868349669065788,0.993409797822706,0.9876879212026956,0.9905405964493144,0.9853848652159792,0.98124191461837,0.9833090260897748,,,,,,,,,,,,,,,,,,,,,
per_seed,E2,divorce_custody,20260724,baseline,paper_experiments/results/E2_E6/E2/e2_per_run_metrics.csv,0.9997439367889672,0.9835180653519504,0.99156462585034,0.9998097215014704,0.989588738972496,0.99467297393742,0.9997076878105816,0.9845976680581546,0.9920951483066214,,,,,,,,,,,,,,,,,,,,,
per_seed,E2,divorce_custody,20260724,learned,paper_experiments/results/E2_E6/E2/e2_per_run_metrics.csv,1.0,0.988304304016122,0.9941177535248232,1.0,0.9923131811105343,0.9961417617659988,1.0,0.9886281848279832,0.994281577994933,,,,,,,,,,,,,,,,,,,,,
per_seed,E2,divorce_custody,20260724,splink,paper_experiments/results/E2_E6/E2/e2_per_run_metrics.csv,0.9917982217383416,0.983482078595077,0.9876226442368502,0.9926128079669854,0.9899130773222626,0.9912611044478044,0.9851294422640694,0.9845976680581546,0.984863483378629,,,,,,,,,,,,,,,,,,,,,
per_seed,E2,divorce_custody,20260725,baseline,paper_experiments/results/E2_E6/E2/e2_per_run_metrics.csv,0.999269726512579,0.984141254315305,0.9916477941842556,0.9996045124481326,0.9899021006224068,0.9947296482084722,0.9992339680455242,0.9850762370540852,0.99210459599435,,,,,,,,,,,,,,,,,,,,,
per_seed,E2,divorce_custody,20260725,learned,paper_experiments/results/E2_E6/E2/e2_per_run_metrics.csv,0.9996732619350154,0.9902186421173764,0.9949234910483624,0.9998184647302903,0.993630057053942,0.9967146553294066,0.9996371026273768,0.990578250863061,0.9950870601835128,,,,,,,,,,,,,,,,,,,,,
per_seed,E2,divorce_custody,20260725,splink,paper_experiments/results/E2_E6/E2/e2_per_run_metrics.csv,0.991486124193899,0.984141254315305,0.987800036094568,0.993564142461964,0.990258687759336,0.9919086613287535,0.9868861908707712,0.9850762370540852,0.9859803833348332,,,,,,,,,,,,,,,,,,,,,
per_seed,E2,divorce_custody,20260726,baseline,paper_experiments/results/E2_E6/E2/e2_per_run_metrics.csv,0.9989038693412254,0.9837003454231432,0.991243813563931,0.9993805740230258,0.9894113831684774,0.9943709923808952,0.9983942777899424,0.984383995394358,0.9913396383664892,,,,,,,,,,,,,,,,,,,,,
per_seed,E2,divorce_custody,20260726,learned,paper_experiments/results/E2_E6/E2/e2_per_run_metrics.csv,0.9993456449033008,0.9891335636154288,0.9942133815551536,0.9996886654775418,0.9928166045078644,0.9962407842782578,0.9993458113756132,0.9893854346574554,0.9943406802032292,,,,,,,,,,,,,,,,,,,,,
per_seed,E2,divorce_custody,20260726,splink,paper_experiments/results/E2_E6/E2/e2_per_run_metrics.csv,0.9915859717839915,0.983772308578008,0.9876636864445044,0.9929638611753092,0.9897356899627048,0.991347147563828,0.9851649143021748,0.9844559585492229,0.9848103088330572,,,,,,,,,,,,,,,,,,,,,
per_seed,E2,divorce_custody,20260727,baseline,paper_experiments/results/E2_E6/E2/e2_per_run_metrics.csv,0.9985765384334624,0.9835706068449812,0.9910167711087768,0.9992675179879432,0.9893692876126272,0.994293769100384,0.99843191597987,0.9842896174863388,0.9913103298453962,,,,,,,,,,,,,,,,,,,,,
per_seed,E2,divorce_custody,20260727,learned,paper_experiments/results/E2_E6/E2/e2_per_run_metrics.csv,0.9994184144524008,0.9884598792062124,0.9939089413848572,0.9997407143320152,0.9923672781487004,0.9960403505039432,0.999418562395523,0.9887115329306874,0.9940362164311272,,,,,,,,,,,,,,,,,,,,,
per_seed,E2,divorce_custody,20260727,splink,paper_experiments/results/E2_E6/E2/e2_per_run_metrics.csv,0.9912315663611,0.9834987057808456,0.9873499954885862,0.9919945550009724,0.98966098398911,0.9908263955040624,0.9816767068273092,0.984217716422203,0.9829455694384605,,,,,,,,,,,,,,,,,,,,,
per_seed,E2,divorce_custody,20260728,baseline,paper_experiments/results/E2_E6/E2/e2_per_run_metrics.csv,0.9990502976951456,0.9841321243523315,0.9915351012343888,0.9994032754986216,0.9898329820009728,0.994595107221488,0.9989052293544504,0.9849237190558434,0.9918652051816288,,,,,,,,,,,,,,,,,,,,,
per_seed,E2,divorce_custody,20260728,learned,paper_experiments/results/E2_E6/E2/e2_per_run_metrics.csv,0.9997816355497324,0.9884499136442142,0.9940834826032676,0.999870277282309,0.992313928976812,0.9960777725271156,0.9997089215543588,0.988629821531376,0.9941385049569432,,,,,,,,,,,,,,,,,,,,,
per_seed,E2,divorce_custody,20260728,splink,paper_experiments/results/E2_E6/E2/e2_per_run_metrics.csv,0.9922005368932744,0.9841321243523315,0.9881498609053796,0.993574401383709,0.9901572887952004,0.991862901985178,0.9870190747484946,0.9849237190558434,0.9859702836560108,,,,,,,,,,,,,,,,,,,,,
per_seed,E2,divorce_custody,20260729,baseline,paper_experiments/results/E2_E6/E2/e2_per_run_metrics.csv,0.9988668348137588,0.9837989631336406,0.9912756425371376,0.9993684164990376,0.989439361495036,0.9943791037627966,0.9987580362361193,0.984375,0.991514360313316,,,,,,,,,,,,,,,,,,,,,
per_seed,E2,divorce_custody,20260729,learned,paper_experiments/results/E2_E6/E2/e2_per_run_metrics.csv,1.0,0.9883712557603688,0.9941516232414128,1.0,0.9923106871715008,0.9961405051541355,1.0,0.9886232718894008,0.99427909334492,,,,,,,,,,,,,,,,,,,,,
per_seed,E2,divorce_custody,20260729,splink,paper_experiments/results/E2_E6/E2/e2_per_run_metrics.csv,0.9915816974491092,0.983834965437788,0.987693141772838,0.992038392252525,0.9898124716111868,0.9909241819077516,0.982570884392856,0.984375,0.9834721148139488,,,,,,,,,,,,,,,,,,,,,
per_seed,E2,family_birth,20260720,baseline,paper_experiments/results/E2_E6/E2/e2_per_run_metrics.csv,0.994273538420562,0.8783529411764706,0.9327253419951276,0.9973557046979864,0.9304697986577182,0.962752448419326,0.994273538420562,0.8783529411764706,0.9327253419951276,,,,,,,,,,,,,,,,,,,,,
per_seed,E2,family_birth,20260720,learned,paper_experiments/results/E2_E6/E2/e2_per_run_metrics.csv,0.9996015407092576,0.8854117647058823,0.939047975544326,0.999765100671141,0.934496644295302,0.9660296845471082,0.9996015407092576,0.8854117647058823,0.939047975544326,,,,,,,,,,,,,,,,,,,,,
per_seed,E2,family_birth,20260720,splink,paper_experiments/results/E2_E6/E2/e2_per_run_metrics.csv,0.889683106981177,0.8785882352941177,0.8841008642121464,0.9395391498881432,0.931297539149888,0.9354001911045676,0.8880960875252706,0.8785882352941177,0.883316576970844,,,,,,,,,,,,,,,,,,,,,
per_seed,E2,family_birth,20260721,baseline,paper_experiments/results/E2_E6/E2/e2_per_run_metrics.csv,0.9959720730397422,0.8727058823529412,0.9302733885126662,0.998013422818792,0.9271364653243848,0.9612702292713008,0.9957046979865772,0.8727058823529412,0.9301567398119124,,,,,,,,,,,,,,,,,,,,,
per_seed,E2,family_birth,20260721,learned,paper_experiments/results/E2_E6/E2/e2_per_run_metrics.csv,0.999597855227882,0.8772941176470588,0.9344611528822055,0.9998389261744968,0.9297986577181208,0.963547662267246,0.999597855227882,0.8772941176470588,0.9344611528822055,,,,,,,,,,,,,,,,,,,,,
per_seed,E2,family_birth,20260721,splink,paper_experiments/results/E2_E6/E2/e2_per_run_metrics.csv,0.8861953666109387,0.8730588235294118,0.8795780490695746,0.9370421860019176,0.9279642058165548,0.9324811022251054,0.8841892052901227,0.8730588235294118,0.8785887645770438,,,,,,,,,,,,,,,,,,,,,
per_seed,E2,family_birth,20260722,baseline,paper_experiments/results/E2_E6/E2/e2_per_run_metrics.csv,0.9951612903225806,0.8710588235294118,0.928983688833124,0.9975190156599552,0.9260850111856824,0.9604756445537542,0.9948938457403924,0.8710588235294118,0.9288671433948062,,,,,,,,,,,,,,,,,,,,,
per_seed,E2,family_birth,20260722,learned,paper_experiments/results/E2_E6/E2/e2_per_run_metrics.csv,0.999731867542566,0.8772941176470588,0.9345197067485432,0.9998993288590604,0.9297539149888144,0.9635516832522576,0.999731867542566,0.8772941176470588,0.9345197067485432,,,,,,,,,,,,,,,,,,,,,
per_seed,E2,family_birth,20260722,splink,paper_experiments/results/E2_E6/E2/e2_per_run_metrics.csv,0.8916315472606864,0.8711764705882353,0.8812853317465041,0.9396800894854588,0.9266442953020134,0.9331166665646308,0.8901310253636254,0.8711764705882353,0.8805517569415541,,,,,,,,,,,,,,,,,,,,,
per_seed,E2,family_birth,20260723,baseline,paper_experiments/results/E2_E6/E2/e2_per_run_metrics.csv,0.9939919893190922,0.8758823529411764,0.9312070043777362,0.9970290827740492,0.9289485458612976,0.961785539825432,0.9934614358153188,0.8758823529411764,0.9309741152932348,,,,,,,,,,,,,,,,,,,,,
per_seed,E2,family_birth,20260723,learned,paper_experiments/results/E2_E6/E2/e2_per_run_metrics.csv,1.0,0.8831764705882353,0.9379646404697946,1.0,0.9332662192393736,0.9654813289051924,1.0,0.8831764705882353,0.9379646404697946,,,,,,,,,,,,,,,,,,,,,
per_seed,E2,family_birth,20260723,splink,paper_experiments/results/E2_E6/E2/e2_per_run_metrics.csv,0.8877891724302409,0.8758823529411764,0.8817955702949188,0.9379977628635348,0.9294854586129752,0.9337222104772992,0.8845194249732684,0.8758823529411764,0.8801797008925932,,,,,,,,,,,,,,,,,,,,,
per_seed,E2,family_birth,20260724,baseline,paper_experiments/results/E2_E6/E2/e2_per_run_metrics.csv,0.994918427387002,0.8752941176470588,0.9312805107022156,0.9973624161073826,0.9286129753914988,0.961760658888116,0.9947853991175292,0.8752941176470588,0.9312222291757932,,,,,,,,,,,,,,,,,,,,,
per_seed,E2,family_birth,20260724,learned,paper_experiments/results/E2_E6/E2/e2_per_run_metrics.csv,0.9995986622073578,0.8790588235294118,0.9354616588419404,0.9997046979865772,0.9308724832214764,0.9640615291232462,0.9993312825999732,0.8790588235294118,0.9353445578018402,,,,,,,,,,,,,,,,,,,,,
per_seed,E2,family_birth,20260724,splink,paper_experiments/results/E2_E6/E2/e2_per_run_metrics.csv,0.8931572629051621,0.8752941176470588,0.8841354723707664,0.9419709172259508,0.9292841163310962,0.9355845095683734,0.8917655519597267,0.8752941176470588,0.8834530665558391,,,,,,,,,,,,,,,,,,,,,
per_seed,E2,family_birth,20260725,baseline,paper_experiments/results/E2_E6/E2/e2_per_run_metrics.csv,0.9937258042984916,0.8757647058823529,0.9310237008317176,0.9966868008948546,0.9289038031319912,0.9616022823819104,0.99359316604378,0.8757647058823529,0.9309654827413706,,,,,,,,,,,,,,,,,,,,,
per_seed,E2,family_birth,20260725,learned,paper_experiments/results/E2_E6/E2/e2_per_run_metrics.csv,0.9997326560620238,0.8798823529411764,0.9359864839496902,0.9998389261744968,0.9312975391498882,0.9643518707375918,0.9997326560620238,0.8798823529411764,0.9359864839496902,,,,,,,,,,,,,,,,,,,,,
per_seed,E2,family_birth,20260725,splink,paper_experiments/results/E2_E6/E2/e2_per_run_metrics.csv,0.8847296494355318,0.8758823529411764,0.8802837718001774,0.9359501438159156,0.9293736017897092,0.9326502793984168,0.8823180848542309,0.8758823529411764,0.8790884401936474,,,,,,,,,,,,,,,,,,,,,
per_seed,E2,family_birth,20260726,baseline,paper_experiments/results/E2_E6/E2/e2_per_run_metrics.csv,0.9949628844114528,0.8830588235294118,0.9356768885564698,0.9970581655480985,0.9330648769574944,0.9640006715311836,0.9943038813087828,0.8830588235294118,0.935385382266808,,,,,,,,,,,,,,,,,,,,,
per_seed,E2,family_birth,20260726,learned,paper_experiments/results/E2_E6/E2/e2_per_run_metrics.csv,0.9986798679867986,0.89,0.941213063763608,0.9993691275167784,0.937158836689038,0.967264740068606,0.9986798679867986,0.89,0.941213063763608,,,,,,,,,,,,,,,,,,,,,
per_seed,E2,family_birth,20260726,splink,paper_experiments/results/E2_E6/E2/e2_per_run_metrics.csv,0.8922034704064654,0.8831764705882353,0.8876670214023885,0.9406279961649092,0.9338255033557048,0.9372144064537296,0.8897712457034491,0.8831764705882353,0.8864615929621539,,,,,,,,,,,,,,,,,,,,,
per_seed,E2,family_birth,20260727,baseline,paper_experiments/results/E2_E6/E2/e2_per_run_metrics.csv,0.9945795875198308,0.8850588235294118,0.9366284860557768,0.9974116331096198,0.93420581655481,0.9647746237872448,0.9944481163251816,0.8850588235294118,0.9365701836290072,,,,,,,,,,,,,,,,,,,,,
per_seed,E2,family_birth,20260727,learned,paper_experiments/results/E2_E6/E2/e2_per_run_metrics.csv,0.9997359387377872,0.8908235294117647,0.9421425905188504,0.9998389261744968,0.9375838926174496,0.9677111916929512,0.9996039603960396,0.8908235294117647,0.9420839813374804,,,,,,,,,,,,,,,,,,,,,
per_seed,E2,family_birth,20260727,splink,paper_experiments/results/E2_E6/E2/e2_per_run_metrics.csv,0.8954886323056779,0.8850588235294118,0.8902431808768713,0.9422761265580056,0.9346979865771812,0.9384717584861848,0.8932557587271432,0.8850588235294118,0.8891383997163457,,,,,,,,,,,,,,,,,,,,,
per_seed,E2,family_birth,20260728,baseline,paper_experiments/results/E2_E6/E2/e2_per_run_metrics.csv,0.9918677509665378,0.8752941176470588,0.9299418786325856,0.9958568232662192,0.9284116331096196,0.9609522585775494,0.9914712153518124,0.8752941176470588,0.9297675581104724,,,,,,,,,,,,,,,,,,,,,
per_seed,E2,family_birth,20260728,learned,paper_experiments/results/E2_E6/E2/e2_per_run_metrics.csv,0.999066044029353,0.8809411764705882,0.9362925914348234,0.9996040268456376,0.931834451901566,0.9645303029051,0.999066044029353,0.8809411764705882,0.9362925914348234,,,,,,,,,,,,,,,,,,,,,
per_seed,E2,family_birth,20260728,splink,paper_experiments/results/E2_E6/E2/e2_per_run_metrics.csv,0.8872063908429713,0.8754117647058823,0.8812696156807012,0.9373630552892298,0.9291275167785236,0.9332271171517036,0.8841492395437263,0.8754117647058823,0.8797588082288956,,,,,,,,,,,,,,,,,,,,,
per_seed,E2,family_birth,20260729,baseline,paper_experiments/results/E2_E6/E2/e2_per_run_metrics.csv,0.9948316989133316,0.8831764705882353,0.9356849058955504,0.997523489932886,0.9331767337807608,0.9642778311950082,0.9948316989133316,0.8831764705882353,0.9356849058955504,,,,,,,,,,,,,,,,,,,,,
per_seed,E2,family_birth,20260729,learned,paper_experiments/results/E2_E6/E2/e2_per_run_metrics.csv,1.0,0.8874117647058823,0.940347815246525,1.0,0.935682326621924,0.9667726090725224,1.0,0.8874117647058823,0.940347815246525,,,,,,,,,,,,,,,,,,,,,
per_seed,E2,family_birth,20260729,splink,paper_experiments/results/E2_E6/E2/e2_per_run_metrics.csv,0.8932778108268887,0.8832941176470588,0.8882579118603963,0.9397829977628636,0.933847874720358,0.9368060358612992,0.8895865418789243,0.8834117647058823,0.8864884009208429,,,,,,,,,,,,,,,,,,,,,
per_seed,E2,high_duplication_dedup,20260720,baseline,paper_experiments/results/E2_E6/E2/e2_per_run_metrics.csv,0.998553305141331,0.9945688317446244,0.9965570857396712,0.9995138888888888,0.9982083333333336,0.9988606845064286,0.9985553950438938,0.996009753934826,0.9972809500027744,,,,,,,,,,,,,,,,,,,,,
per_seed,E2,high_duplication_dedup,20260720,learned,paper_experiments/results/E2_E6/E2/e2_per_run_metrics.csv,0.9996664442961974,0.9965639547772112,0.9981127886323268,0.999861111111111,0.9990079365079366,0.9994343417298364,0.9996668517490284,0.9977831966304588,0.9987241360181948,,,,,,,,,,,,,,,,,,,,,
per_seed,E2,high_duplication_dedup,20260720,splink,paper_experiments/results/E2_E6/E2/e2_per_run_metrics.csv,0.9898521950143392,0.9946796719131014,0.9922600619195048,0.9960982142857144,0.998327380952381,0.9972115518508324,0.9839080459770116,0.99623143427178,0.990031392851242,,,,,,,,,,,,,,,,,,,,,
per_seed,E2,high_duplication_dedup,20260721,baseline,paper_experiments/results/E2_E6/E2/e2_per_run_metrics.csv,0.9995583526554048,0.991892188013586,0.9957105147382314,0.9997619047619049,0.99753373015873,0.9986465745892132,0.9993390614672836,0.9939739235236112,0.9966492721779732,,,,,,,,,,,,,,,,,,,,,
per_seed,E2,high_duplication_dedup,20260721,learned,paper_experiments/results/E2_E6/E2/e2_per_run_metrics.csv,0.999780340472268,0.9973704393557576,0.9985739359368144,0.9999206349206348,0.99925,0.9995852049758728,0.9997805092186128,0.9981373945436616,0.998958276221284,,,,,,,,,,,,,,,,,,,,,
per_seed,E2,high_duplication_dedup,20260721,splink,paper_experiments/results/E2_E6/E2/e2_per_run_metrics.csv,0.9941783831282952,0.9916730579598992,0.9929241402007568,0.9972962018140588,0.99753373015873,0.9974149518449096,0.9900687547746372,0.9939739235236112,0.9920174958993986,,,,,,,,,,,,,,,,,,,,,
per_seed,E2,high_duplication_dedup,20260722,baseline,paper_experiments/results/E2_E6/E2/e2_per_run_metrics.csv,0.997374466688546,0.995740498034076,0.9965568125922284,0.999345238095238,0.998670634920635,0.9990078226225944,0.9972692517749864,0.9971603320227174,0.99721478892469,,,,,,,,,,,,,,,,,,,,,
per_seed,E2,high_duplication_dedup,20260722,learned,paper_experiments/results/E2_E6/E2/e2_per_run_metrics.csv,0.9994533129236824,0.998361730013106,0.9989072232542892,0.9997718253968256,0.9994444444444444,0.9996081081155592,0.9993444055944056,0.9989078200087376,0.9991260651081494,,,,,,,,,,,,,,,,,,,,,
per_seed,E2,high_duplication_dedup,20260722,splink,paper_experiments/results/E2_E6/E2/e2_per_run_metrics.csv,0.9910859876073488,0.995740498034076,0.9934077907926996,0.9964764739229024,0.998670634920635,0.997572347908609,0.9876676763305928,0.9971603320227174,0.992391304347826,,,,,,,,,,,,,,,,,,,,,
per_seed,E2,high_duplication_dedup,20260723,baseline,paper_experiments/results/E2_E6/E2/e2_per_run_metrics.csv,0.9975816203143894,0.9938670463257036,0.9957208689927584,0.999277777777778,0.9979960317460316,0.9986364934830702,0.997367266344888,0.9957288358339722,0.9965473776511208,,,,,,,,,,,,,,,,,,,,,
per_seed,E2,high_duplication_dedup,20260723,learned,paper_experiments/results/E2_E6/E2/e2_per_run_metrics.csv,0.9995608738610166,0.9971525572226482,0.9983552631578948,0.9998412698412698,0.9989682539682538,0.9994045712520996,0.999561114768488,0.9977001423721388,0.9986297615785148,,,,,,,,,,,,,,,,,,,,,
per_seed,E2,high_duplication_dedup,20260723,splink,paper_experiments/results/E2_E6/E2/e2_per_run_metrics.csv,0.9922370435162912,0.9938670463257036,0.9930513760463971,0.9967684240362812,0.9980158730158728,0.9973917584766469,0.987725396480556,0.9958383528638703,0.9917652833069748,,,,,,,,,,,,,,,,,,,,,
per_seed,E2,high_duplication_dedup,20260724,baseline,paper_experiments/results/E2_E6/E2/e2_per_run_metrics.csv,0.9992295839753468,0.9939785417122836,0.996597145993414,0.999702380952381,0.9979265873015872,0.998813694830488,0.999120975716954,0.9955112765491568,0.9973128598848368,,,,,,,,,,,,,,,,,,,,,
per_seed,E2,high_duplication_dedup,20260724,learned,paper_experiments/results/E2_E6/E2/e2_per_run_metrics.csv,0.9998902546093064,0.9974819356251368,0.9986846432094704,0.9999404761904762,0.9989384920634922,0.999439232993172,0.9998902907295668,0.9978103788044668,0.998849252013809,,,,,,,,,,,,,,,,,,,,,
per_seed,E2,high_duplication_dedup,20260724,splink,paper_experiments/results/E2_E6/E2/e2_per_run_metrics.csv,0.9885670731707316,0.9939785417122836,0.9912654219893,0.9951220238095236,0.9979265873015872,0.9965223323030372,0.981117824773414,0.9955112765491568,0.9882621454189762,,,,,,,,,,,,,,,,,,,,,
per_seed,E2,high_duplication_dedup,20260725,baseline,paper_experiments/results/E2_E6/E2/e2_per_run_metrics.csv,0.9978818283166108,0.9924603614591418,0.995163711156818,0.9992261904761904,0.997688492063492,0.9984567492274196,0.9976645907473308,0.994677902206453,0.9961690078285492,,,,,,,,,,,,,,,,,,,,,
per_seed,E2,high_duplication_dedup,20260725,learned,paper_experiments/results/E2_E6/E2/e2_per_run_metrics.csv,0.9992229992229992,0.9981150903647854,0.9986687375194142,0.9996825396825396,0.9993253968253968,0.999503936350388,0.9991125901275651,0.9986694755516132,0.9988909836974604,,,,,,,,,,,,,,,,,,,,,
per_seed,E2,high_duplication_dedup,20260725,splink,paper_experiments/results/E2_E6/E2/e2_per_run_metrics.csv,0.9923511805786498,0.9925712384965074,0.992461197339246,0.996123015873016,0.9977480158730158,0.9969348536875088,0.9860424222442028,0.9947887792438186,0.9903962909813444,,,,,,,,,,,,,,,,,,,,,
per_seed,E2,high_duplication_dedup,20260726,baseline,paper_experiments/results/E2_E6/E2/e2_per_run_metrics.csv,0.9981304300010998,0.9939765633556018,0.9960491659350308,0.9993849206349203,0.998154761904762,0.9987694624812458,0.9979148375768218,0.9958383528638703,0.9968755138957408,,,,,,,,,,,,,,,,,,,,,
per_seed,E2,high_duplication_dedup,20260726,learned,paper_experiments/results/E2_E6/E2/e2_per_run_metrics.csv,0.9989020641194554,0.9963859380133612,0.9976424146060638,0.9996825396825396,0.9989583333333332,0.9993203053000632,0.998903388529444,0.9975906253422409,0.9982465753424656,,,,,,,,,,,,,,,,,,,,,
per_seed,E2,high_duplication_dedup,20260726,splink,paper_experiments/results/E2_E6/E2/e2_per_run_metrics.csv,0.9919108001749016,0.9937575292958056,0.9928333059795392,0.9964265873015872,0.9981150793650791,0.9972701186314304,0.9876167716706497,0.9957288358339722,0.9916562142117032,,,,,,,,,,,,,,,,,,,,,
per_seed,E2,high_duplication_dedup,20260727,baseline,paper_experiments/results/E2_E6/E2/e2_per_run_metrics.csv,0.9984628897672376,0.993771172549448,0.9961115066542529,0.9995039682539684,0.9982281746031746,0.9988656640542782,0.998466089624192,0.9958474483662988,0.9971550497866288,,,,,,,,,,,,,,,,,,,,,
per_seed,E2,high_duplication_dedup,20260727,learned,paper_experiments/results/E2_E6/E2/e2_per_run_metrics.csv,0.9994520547945206,0.9966123920882964,0.9980302035456337,0.9998214285714284,0.999140873015873,0.9994810349445764,0.9994527744336216,0.9979237241831492,0.9986876640419946,,,,,,,,,,,,,,,,,,,,,
per_seed,E2,high_duplication_dedup,20260727,splink,paper_experiments/results/E2_E6/E2/e2_per_run_metrics.csv,0.9910646180669064,0.9938804502240192,0.9924705368834572,0.9954880952380952,0.9983174603174604,0.9969007702332784,0.9850875297168792,0.996175281390012,0.9906003803314316,,,,,,,,,,,,,,,,,,,,,
per_seed,E2,high_duplication_dedup,20260728,baseline,paper_experiments/results/E2_E6/E2/e2_per_run_metrics.csv,0.9984586590333592,0.9922319474835888,0.9953355649453988,0.9994940476190476,0.9975496031746032,0.9985208787815132,0.998242144583608,0.9940919037199124,0.9961627014581736,,,,,,,,,,,,,,,,,,,,,
per_seed,E2,high_duplication_dedup,20260728,learned,paper_experiments/results/E2_E6/E2/e2_per_run_metrics.csv,0.999560536145902,0.9954048140043764,0.997478346672514,0.9998809523809524,0.9986309523809525,0.9992555614650924,0.9995610184372256,0.9964989059080964,0.9980276134122288,,,,,,,,,,,,,,,,,,,,,
per_seed,E2,high_duplication_dedup,20260728,splink,paper_experiments/results/E2_E6/E2/e2_per_run_metrics.csv,0.9922310974942554,0.9921225382932166,0.99217681492423,0.9962671485260772,0.9974900793650792,0.9968782388849098,0.9857855902777778,0.9939824945295404,0.9898670734364784,,,,,,,,,,,,,,,,,,,,,
per_seed,E2,high_duplication_dedup,20260729,baseline,paper_experiments/results/E2_E6/E2/e2_per_run_metrics.csv,0.9979037952338924,0.994940050599494,0.9964197190856512,0.9993472222222222,0.9983531746031744,0.9988499510956655,0.9976872246696036,0.996480035199648,0.9970832645424028,,,,,,,,,,,,,,,,,,,,,
per_seed,E2,high_duplication_dedup,20260729,learned,paper_experiments/results/E2_E6/E2/e2_per_run_metrics.csv,0.9996690203000884,0.99670003299967,0.9981823189204077,0.9999107142857144,0.9988888888888888,0.9993995403987512,0.9996692757138133,0.997470025299747,0.9985684395991632,,,,,,,,,,,,,,,,,,,,,
per_seed,E2,high_duplication_dedup,20260729,splink,paper_experiments/results/E2_E6/E2/e2_per_run_metrics.csv,0.9899299474605956,0.994830051699483,0.99237395073243,0.9961702569916856,0.9983531746031744,0.9972605212440788,0.9846739130434784,0.996480035199648,0.9905417965119458,,,,,,,,,,,,,,,,,,,,,
per_seed,E2,high_noise_identity_drift,20260720,baseline,paper_experiments/results/E2_E6/E2/e2_per_run_metrics.csv,0.9984823574048312,0.958945706303899,0.9783147459727386,0.9991225183722716,0.9810427406676172,0.9900000913680508,0.9979774996839844,0.958945706303899,0.9780723488602576,,,,,,,,,,,,,,,,,,,,,
per_seed,E2,high_noise_identity_drift,20260720,learned,paper_experiments/results/E2_E6/E2/e2_per_run_metrics.csv,0.999630268671432,0.9851815862990404,0.9923533370037316,0.999780629593068,0.9929070235091954,0.9963319715921966,0.9995070856438694,0.9851815862990404,0.992292635184732,,,,,,,,,,,,,,,,,,,,,
per_seed,E2,high_noise_identity_drift,20260720,splink,paper_experiments/results/E2_E6/E2/e2_per_run_metrics.csv,0.9950794852384556,0.9579740070448196,0.9761742682096664,0.9973492742495704,0.980603999853753,0.988905754635413,0.9943267776096822,0.9579740070448196,0.9758119393751932,,,,,,,,,,,,,,,,,,,,,
per_seed,E2,high_noise_identity_drift,20260721,baseline,paper_experiments/results/E2_E6/E2/e2_per_run_metrics.csv,0.999494502717048,0.961580547112462,0.9801710249101498,0.9996709263423464,0.9819192306989158,0.9907155659390064,0.9993682082385644,0.961580547112462,0.9801102918396432,,,,,,,,,,,,,,,,,,,,,
per_seed,E2,high_noise_identity_drift,20260721,learned,paper_experiments/results/E2_E6/E2/e2_per_run_metrics.csv,0.9998768624553628,0.9872340425531916,0.9935152330845466,0.9999268725205211,0.9935282180661438,0.996717275992805,0.9998768624553628,0.9872340425531916,0.9935152330845466,,,,,,,,,,,,,,,,,,,,,
per_seed,E2,high_noise_identity_drift,20260721,splink,paper_experiments/results/E2_E6/E2/e2_per_run_metrics.csv,0.9967200706446324,0.9606079027355624,0.9783308568598316,0.9980621217938171,0.9814804658220442,0.9897018456140686,0.9958406856566676,0.9606079027355624,0.9779070487035088,,,,,,,,,,,,,,,,,,,,,
per_seed,E2,high_noise_identity_drift,20260722,baseline,paper_experiments/results/E2_E6/E2/e2_per_run_metrics.csv,0.9989906636386576,0.9611556202961884,0.979707993071022,0.9993059360730592,0.9814977168949772,0.9903217749681046,0.998612687602472,0.9611556202961884,0.9795261953361788,,,,,,,,,,,,,,,,,,,,,
per_seed,E2,high_noise_identity_drift,20260722,learned,paper_experiments/results/E2_E6/E2/e2_per_run_metrics.csv,0.999630905511811,0.9862830784170916,0.992912134913846,0.9997077625570776,0.9929132420091324,0.9962989181661628,0.9993849938499384,0.9862830784170916,0.9927908113391984,,,,,,,,,,,,,,,,,,,,,
per_seed,E2,high_noise_identity_drift,20260722,splink,paper_experiments/results/E2_E6/E2/e2_per_run_metrics.csv,0.9943396226415094,0.9595775673707212,0.9766493699036324,0.9969315068493152,0.9807853881278538,0.9887925388768845,0.9935897435897436,0.9595775673707212,0.976287513894035,,,,,,,,,,,,,,,,,,,,,
per_seed,E2,high_noise_identity_drift,20260723,baseline,paper_experiments/results/E2_E6/E2/e2_per_run_metrics.csv,0.9988672120830712,0.9638085984940492,0.9810247852154028,0.9993419970389866,0.9831112573339912,0.9911601850368972,0.9984901862103672,0.9638085984940492,0.9808429118773948,,,,,,,,,,,,,,,,,,,,,
per_seed,E2,high_noise_identity_drift,20260723,learned,paper_experiments/results/E2_E6/E2/e2_per_run_metrics.csv,0.999630268671432,0.9850619383045908,0.992292635184732,0.9998172213997184,0.992816801008938,0.996304714444086,0.999630268671432,0.9850619383045908,0.992292635184732,,,,,,,,,,,,,,,,,,,,,
per_seed,E2,high_noise_identity_drift,20260723,splink,paper_experiments/results/E2_E6/E2/e2_per_run_metrics.csv,0.995600804424334,0.9619868836531454,0.9785052501544164,0.9976458116283744,0.9822887536327248,0.9899077253011256,0.9946007031642392,0.9619868836531454,0.978021978021978,,,,,,,,,,,,,,,,,,,,,
per_seed,E2,high_noise_identity_drift,20260724,baseline,paper_experiments/results/E2_E6/E2/e2_per_run_metrics.csv,0.9994948857178936,0.962778250821068,0.9807930607187114,0.9997622183201638,0.982568773778168,0.9910909336939394,0.9994948857178936,0.962778250821068,0.9807930607187114,,,,,,,,,,,,,,,,,,,,,
per_seed,E2,high_noise_identity_drift,20260724,learned,paper_experiments/results/E2_E6/E2/e2_per_run_metrics.csv,0.99987674103291,0.9867412723512956,0.993265580996694,0.9999451273046532,0.9933969856599356,0.9966603011386128,0.99987674103291,0.9867412723512956,0.993265580996694,,,,,,,,,,,,,,,,,,,,,
per_seed,E2,high_noise_identity_drift,20260724,splink,paper_experiments/results/E2_E6/E2/e2_per_run_metrics.csv,0.9950918701233324,0.961805133195475,0.978165398651574,0.9973661106233538,0.9821297922153938,0.9896893139151748,0.994341046277666,0.961805133195475,0.9778025103567676,,,,,,,,,,,,,,,,,,,,,
per_seed,E2,high_noise_identity_drift,20260725,baseline,paper_experiments/results/E2_E6/E2/e2_per_run_metrics.csv,0.99874213836478,0.9659367396593674,0.9820655534941248,0.9993417804837912,0.9836907830983854,0.991454519386462,0.9986165262231166,0.9659367396593674,0.9820048234493848,,,,,,,,,,,,,,,,,,,,,
per_seed,E2,high_noise_identity_drift,20260725,learned,paper_experiments/results/E2_E6/E2/e2_per_run_metrics.csv,0.9995080555897184,0.9886861313868612,0.9940676411228672,0.999707457992796,0.9939663211014208,0.996828623236654,0.999385145105755,0.9886861313868612,0.9940068493150684,,,,,,,,,,,,,,,,,,,,,
per_seed,E2,high_noise_identity_drift,20260725,splink,paper_experiments/results/E2_E6/E2/e2_per_run_metrics.csv,0.9959809093192664,0.964720194647202,0.9801013471758744,0.9977693671950706,0.9831422668348782,0.990401813580073,0.9952309236947792,0.964720194647202,0.9797380775883372,,,,,,,,,,,,,,,,,,,,,
per_seed,E2,high_noise_identity_drift,20260726,baseline,paper_experiments/results/E2_E6/E2/e2_per_run_metrics.csv,0.9989910455290704,0.9640944498539435,0.9812325797460512,0.9994878829446732,0.9829355281207132,0.9911426031278564,0.998613212304589,0.9640944498539435,0.9810502848649988,,,,,,,,,,,,,,,,,,,,,
per_seed,E2,high_noise_identity_drift,20260726,learned,paper_experiments/results/E2_E6/E2/e2_per_run_metrics.csv,0.9993836291913216,0.9867332035053554,0.9930181283684468,0.9995976223136718,0.9931778692272518,0.9963774051099444,0.9991372935666748,0.9867332035053554,0.9928965094917328,,,,,,,,,,,,,,,,,,,,,
per_seed,E2,high_noise_identity_drift,20260726,splink,paper_experiments/results/E2_E6/E2/e2_per_run_metrics.csv,0.9947236180904524,0.9637293086660176,0.978981206726014,0.9974174668495656,0.9827709190672154,0.9900400260509724,0.9940991839296924,0.9637293086660176,0.9786786972375008,,,,,,,,,,,,,,,,,,,,,
per_seed,E2,high_noise_identity_drift,20260727,baseline,paper_experiments/results/E2_E6/E2/e2_per_run_metrics.csv,0.9991177211998992,0.9642379272594576,0.9813679975239864,0.9994881076436498,0.982906451671877,0.9911279313755372,0.9989918084436042,0.9642379272594576,0.9813072542708592,,,,,,,,,,,,,,,,,,,,,
per_seed,E2,high_noise_identity_drift,20260727,learned,paper_experiments/results/E2_E6/E2/e2_per_run_metrics.csv,0.999630314232902,0.9867412723512956,0.9931439764936336,0.9997806175615642,0.9930528894495332,0.9964053972318332,0.999507146377526,0.9867412723512956,0.9930831854073576,,,,,,,,,,,,,,,,,,,,,
per_seed,E2,high_noise_identity_drift,20260727,splink,paper_experiments/results/E2_E6/E2/e2_per_run_metrics.csv,0.9952255308455836,0.9635080890402627,0.9791100123609396,0.9974771019579882,0.9825590961443535,0.9899619013670912,0.9947256059274144,0.9635080890402627,0.9788680177953536,,,,,,,,,,,,,,,,,,,,,
per_seed,E2,high_noise_identity_drift,20260728,baseline,paper_experiments/results/E2_E6/E2/e2_per_run_metrics.csv,0.9988646398385266,0.9634947675833536,0.9808609476618148,0.999487882944673,0.9827526291723822,0.9910496115738874,0.9988646398385266,0.9634947675833536,0.9808609476618148,,,,,,,,,,,,,,,,,,,,,
per_seed,E2,high_noise_identity_drift,20260728,learned,paper_experiments/results/E2_E6/E2/e2_per_run_metrics.csv,0.9998765279664156,0.9853979070333414,0.9925844211558496,0.9999268404206676,0.9926291723822588,0.9962646426720482,0.9998765279664156,0.9853979070333414,0.9925844211558496,,,,,,,,,,,,,,,,,,,,,
per_seed,E2,high_noise_identity_drift,20260728,splink,paper_experiments/results/E2_E6/E2/e2_per_run_metrics.csv,0.9939668174962292,0.9622779265027988,0.9778657103994064,0.996787771898883,0.982203932327389,0.9894421155622972,0.9924698795180724,0.9622779265027988,0.9771407389101692,,,,,,,,,,,,,,,,,,,,,
per_seed,E2,high_noise_identity_drift,20260729,baseline,paper_experiments/results/E2_E6/E2/e2_per_run_metrics.csv,0.9987415051598288,0.9653326845882496,0.9817529535473496,0.999414530618219,0.98404595934647,0.991670704350169,0.9987415051598288,0.9653326845882496,0.9817529535473496,,,,,,,,,,,,,,,,,,,,,
per_seed,E2,high_noise_identity_drift,20260729,learned,paper_experiments/results/E2_E6/E2/e2_per_run_metrics.csv,0.999876968503937,0.9885658678992824,0.9941892470487492,0.9999268163272772,0.9946027041367071,0.9972576542527808,0.999876968503937,0.9885658678992824,0.9941892470487492,,,,,,,,,,,,,,,,,,,,,
per_seed,E2,high_noise_identity_drift,20260729,splink,paper_experiments/results/E2_E6/E2/e2_per_run_metrics.csv,0.9953558428517636,0.9646028463690548,0.9797380775883372,0.9975757908410632,0.9837166328192182,0.9905977393636888,0.9946067979430578,0.9646028463690548,0.9793750771890825,,,,,,,,,,,,,,,,,,,,,
per_seed,E2,low_overlap_sparse_coverage,20260720,baseline,paper_experiments/results/E2_E6/E2/e2_per_run_metrics.csv,0.9968999114260408,0.9955771782397168,0.996238105775614,0.9993107994726116,0.9912501498262016,0.9952641541060078,0.9968999114260408,0.9955771782397168,0.996238105775614,,,,,,,,,,,,,,,,,,,,,
per_seed,E2,low_overlap_sparse_coverage,20260720,learned,paper_experiments/results/E2_E6/E2/e2_per_run_metrics.csv,0.9995567375886524,0.9973463069438302,0.998450298870932,0.9998801390387152,0.9915198369890926,0.9956824388898698,0.9995567375886524,0.9973463069438302,0.998450298870932,,,,,,,,,,,,,,,,,,,,,
per_seed,E2,low_overlap_sparse_coverage,20260720,splink,paper_experiments/results/E2_E6/E2/e2_per_run_metrics.csv,0.992066989863376,0.9955771782397168,0.9938189845474614,0.9981061968116984,0.9912501498262016,0.9946663591006608,0.9916299559471364,0.9955771782397168,0.993599646877069,,,,,,,,,,,,,,,,,,,,,
per_seed,E2,low_overlap_sparse_coverage,20260721,baseline,paper_experiments/results/E2_E6/E2/e2_per_run_metrics.csv,0.9986660738105824,0.9964507542147294,0.9975571840994892,0.9996703823564664,0.9908905669423468,0.9952611119771074,0.9986660738105824,0.9964507542147294,0.9975571840994892,,,,,,,,,,,,,,,,,,,,,
per_seed,E2,low_overlap_sparse_coverage,20260721,learned,paper_experiments/results/E2_E6/E2/e2_per_run_metrics.csv,0.9995557529986672,0.9982253771073648,0.9988901220865704,0.9998801390387152,0.9912801150665228,0.9955615548628192,0.9995557529986672,0.9982253771073648,0.9988901220865704,,,,,,,,,,,,,,,,,,,,,
per_seed,E2,low_overlap_sparse_coverage,20260721,splink,paper_experiments/results/E2_E6/E2/e2_per_run_metrics.csv,0.9942426926483614,0.9960070984915704,0.9951241134751772,0.9985167206040992,0.9908006712213832,0.9946437316294344,0.9933628318584072,0.9960070984915704,0.9946832077979618,,,,,,,,,,,,,,,,,,,,,
per_seed,E2,low_overlap_sparse_coverage,20260722,baseline,paper_experiments/results/E2_E6/E2/e2_per_run_metrics.csv,0.9991107158737216,0.9968944099378882,0.9980013324450366,0.99976051489298,0.9905702739110912,0.9951441766904422,0.9991107158737216,0.9968944099378882,0.9980013324450366,,,,,,,,,,,,,,,,,,,,,
per_seed,E2,low_overlap_sparse_coverage,20260722,learned,paper_experiments/results/E2_E6/E2/e2_per_run_metrics.csv,1.0,0.9982253771073648,0.9991119005328596,1.0,0.9908396946564886,0.995398773006135,1.0,0.9982253771073648,0.9991119005328596,,,,,,,,,,,,,,,,,,,,,
per_seed,E2,low_overlap_sparse_coverage,20260722,splink,paper_experiments/results/E2_E6/E2/e2_per_run_metrics.csv,0.9938080495356038,0.9968944099378882,0.9953488372093025,0.9984134111659932,0.9905702739110912,0.9944763786605676,0.993368700265252,0.9968944099378882,0.9951284322409212,,,,,,,,,,,,,,,,,,,,,
per_seed,E2,low_overlap_sparse_coverage,20260723,baseline,paper_experiments/results/E2_E6/E2/e2_per_run_metrics.csv,0.99734395750332,0.9969026548672566,0.9971232573578224,0.999400856774812,0.991372337557293,0.9953704081996224,0.99734395750332,0.9969026548672566,0.9971232573578224,,,,,,,,,,,,,,,,,,,,,
per_seed,E2,low_overlap_sparse_coverage,20260723,learned,paper_experiments/results/E2_E6/E2/e2_per_run_metrics.csv,0.9995569339831636,0.9982300884955752,0.9988930706220944,0.999910128516222,0.9916419520086276,0.9957588770801438,0.9995569339831636,0.9982300884955752,0.9988930706220944,,,,,,,,,,,,,,,,,,,,,
per_seed,E2,low_overlap_sparse_coverage,20260723,splink,paper_experiments/results/E2_E6/E2/e2_per_run_metrics.csv,0.9942630185348632,0.9969026548672566,0.995581087052585,0.9986669063239568,0.991372337557293,0.9950062526732462,0.9942630185348632,0.9969026548672566,0.995581087052585,,,,,,,,,,,,,,,,,,,,,
per_seed,E2,low_overlap_sparse_coverage,20260724,baseline,paper_experiments/results/E2_E6/E2/e2_per_run_metrics.csv,0.9991111111111112,0.997780736795384,0.998445480790584,0.9998650836481382,0.9911854650116928,0.99550635572945,0.9991111111111112,0.997780736795384,0.998445480790584,,,,,,,,,,,,,,,,,,,,,
per_seed,E2,low_overlap_sparse_coverage,20260724,learned,paper_experiments/results/E2_E6/E2/e2_per_run_metrics.csv,1.0,0.9995561473590768,0.999778024417314,1.0,0.991545241949991,0.995754674374492,1.0,0.9995561473590768,0.999778024417314,,,,,,,,,,,,,,,,,,,,,
per_seed,E2,low_overlap_sparse_coverage,20260724,splink,paper_experiments/results/E2_E6/E2/e2_per_run_metrics.csv,0.990744821507272,0.997780736795384,0.994250331711632,0.9978863104874978,0.9911854650116928,0.9945246007436048,0.990744821507272,0.997780736795384,0.994250331711632,,,,,,,,,,,,,,,,,,,,,
per_seed,E2,low_overlap_sparse_coverage,20260725,baseline,paper_experiments/results/E2_E6/E2/e2_per_run_metrics.csv,0.9973474801061007,0.9973474801061007,0.9973474801061007,0.9993107375108632,0.9916389463274295,0.9954600609378792,0.9973474801061007,0.9973474801061007,0.9973474801061007,,,,,,,,,,,,,,,,,,,,,
per_seed,E2,low_overlap_sparse_coverage,20260725,learned,paper_experiments/results/E2_E6/E2/e2_per_run_metrics.csv,0.9991150442477876,0.9982316534040672,0.9986731534719152,0.9997602565255176,0.9918187539332912,0.9957736716965416,0.9991150442477876,0.9982316534040672,0.9986731534719152,,,,,,,,,,,,,,,,,,,,,
per_seed,E2,low_overlap_sparse_coverage,20260725,splink,paper_experiments/results/E2_E6/E2/e2_per_run_metrics.csv,0.9912126537785588,0.9973474801061007,0.994270603790216,0.9977823728610388,0.9916389463274295,0.9947011739993002,0.9912126537785588,0.9973474801061007,0.994270603790216,,,,,,,,,,,,,,,,,,,,,
per_seed,E2,low_overlap_sparse_coverage,20260726,baseline,paper_experiments/results/E2_E6/E2/e2_per_run_metrics.csv,0.9986565158978952,0.995091477019188,0.9968708091193562,0.9995922894744732,0.9893875348502564,0.9944637336622948,0.9977628635346756,0.995091477019188,0.9964253798033958,,,,,,,,,,,,,,,,,,,,,
per_seed,E2,low_overlap_sparse_coverage,20260726,learned,paper_experiments/results/E2_E6/E2/e2_per_run_metrics.csv,0.9991071428571427,0.998661311914324,0.9988841776389198,0.999790148994214,0.9901070240129508,0.9949250267662568,0.9991071428571427,0.998661311914324,0.9988841776389198,,,,,,,,,,,,,,,,,,,,,
per_seed,E2,low_overlap_sparse_coverage,20260726,splink,paper_experiments/results/E2_E6/E2/e2_per_run_metrics.csv,0.9906708129720124,0.995091477019188,0.9928762243989314,0.997688641064844,0.9893875348502564,0.993520748822488,0.9902309058614563,0.995091477019188,0.9926552414867572,,,,,,,,,,,,,,,,,,,,,
per_seed,E2,low_overlap_sparse_coverage,20260727,baseline,paper_experiments/results/E2_E6/E2/e2_per_run_metrics.csv,0.9995533720410896,0.9937833037300178,0.9966599866399464,0.9999101042790364,0.9901714011746372,0.9950169239695986,0.9995533720410896,0.9937833037300178,0.9966599866399464,,,,,,,,,,,,,,,,,,,,,
per_seed,E2,low_overlap_sparse_coverage,20260727,learned,paper_experiments/results/E2_E6/E2/e2_per_run_metrics.csv,1.0,0.9977797513321492,0.9988886419204268,1.0,0.9909804626633104,0.9954698011829688,1.0,0.9977797513321492,0.9988886419204268,,,,,,,,,,,,,,,,,,,,,
per_seed,E2,low_overlap_sparse_coverage,20260727,splink,paper_experiments/results/E2_E6/E2/e2_per_run_metrics.csv,0.9929015084294588,0.9937833037300178,0.993342210386152,0.9982020855807264,0.9901714011746372,0.9941705261296496,0.9920212765957448,0.9937833037300178,0.9929015084294588,,,,,,,,,,,,,,,,,,,,,
per_seed,E2,low_overlap_sparse_coverage,20260728,baseline,paper_experiments/results/E2_E6/E2/e2_per_run_metrics.csv,0.9982094897045658,0.9942041908158716,0.9962028143846324,0.9995203405582036,0.98956740714093,0.9945189727652072,0.9982094897045658,0.9942041908158716,0.9962028143846324,,,,,,,,,,,,,,,,,,,,,
per_seed,E2,low_overlap_sparse_coverage,20260728,learned,paper_experiments/results/E2_E6/E2/e2_per_run_metrics.csv,0.9995529727313366,0.9968791796700848,0.9982142857142856,0.9998800851395508,0.9901070240129508,0.9949695562489892,0.9995529727313366,0.9968791796700848,0.9982142857142856,,,,,,,,,,,,,,,,,,,,,
per_seed,E2,low_overlap_sparse_coverage,20260728,splink,paper_experiments/results/E2_E6/E2/e2_per_run_metrics.csv,0.9911111111111112,0.9942041908158716,0.9926552414867572,0.9978115537968042,0.98956740714093,0.9936723810742828,0.9906708129720124,0.9942041908158716,0.9924343569203384,,,,,,,,,,,,,,,,,,,,,
per_seed,E2,low_overlap_sparse_coverage,20260729,baseline,paper_experiments/results/E2_E6/E2/e2_per_run_metrics.csv,0.9973190348525468,0.995095853767276,0.9962062039723276,0.999370220422852,0.989923526765632,0.994624443517945,0.9973190348525468,0.995095853767276,0.9962062039723276,,,,,,,,,,,,,,,,,,,,,
per_seed,E2,low_overlap_sparse_coverage,20260729,learned,paper_experiments/results/E2_E6/E2/e2_per_run_metrics.csv,0.9995531724754244,0.9973250111457868,0.9984378486944878,0.9999100314889788,0.9903733693207376,0.9951188524211806,0.9995531724754244,0.9973250111457868,0.9984378486944878,,,,,,,,,,,,,,,,,,,,,
per_seed,E2,low_overlap_sparse_coverage,20260729,splink,paper_experiments/results/E2_E6/E2/e2_per_run_metrics.csv,0.9911190053285968,0.995095853767276,0.993103448275862,0.9978557504873292,0.9900134952766532,0.9939191538145664,0.9902395740905058,0.995095853767276,0.9926617745163442,,,,,,,,,,,,,,,,,,,,,
per_seed,E2,name_change_lifecycle,20260720,baseline,paper_experiments/results/E2_E6/E2/e2_per_run_metrics.csv,0.9993610223642172,1.0,0.9996804090763822,0.9994884910485934,1.0,0.9997441800972116,0.9989780275932548,1.0,0.9994887525562371,,,,,,,,,,,,,,,,,,,,,
per_seed,E2,name_change_lifecycle,20260720,learned,paper_experiments/results/E2_E6/E2/e2_per_run_metrics.csv,1.0,1.0,1.0,1.0,1.0,1.0,1.0,1.0,1.0,,,,,,,,,,,,,,,,,,,,,
per_seed,E2,name_change_lifecycle,20260720,splink,paper_experiments/results/E2_E6/E2/e2_per_run_metrics.csv,0.9960514584129412,1.0,0.9980218237508774,0.9970588235294118,1.0,0.9985272459499264,0.9941520467836256,1.0,0.997067448680352,,,,,,,,,,,,,,,,,,,,,
per_seed,E2,name_change_lifecycle,20260721,baseline,paper_experiments/results/E2_E6/E2/e2_per_run_metrics.csv,0.999616515403298,1.0,0.9998082209294892,0.9996163682864452,1.0,0.9998081473428408,0.9992333248147202,1.0,0.999616515403298,,,,,,,,,,,,,,,,,,,,,
per_seed,E2,name_change_lifecycle,20260721,learned,paper_experiments/results/E2_E6/E2/e2_per_run_metrics.csv,0.9997443109179238,1.0,0.9998721391126456,0.9997442455242966,1.0,0.9998721064074688,0.9994887525562371,1.0,0.9997443109179238,,,,,,,,,,,,,,,,,,,,,
per_seed,E2,name_change_lifecycle,20260721,splink,paper_experiments/results/E2_E6/E2/e2_per_run_metrics.csv,0.9974489795918368,1.0,0.9987228607918264,0.9979539641943734,1.0,0.9989759344598054,0.9959246051961284,1.0,0.9979581419091372,,,,,,,,,,,,,,,,,,,,,
per_seed,E2,name_change_lifecycle,20260722,baseline,paper_experiments/results/E2_E6/E2/e2_per_run_metrics.csv,0.9997443109179238,1.0,0.9998721391126456,0.9997442455242966,1.0,0.9998721064074688,0.9994887525562371,1.0,0.9997443109179238,,,,,,,,,,,,,,,,,,,,,
per_seed,E2,name_change_lifecycle,20260722,learned,paper_experiments/results/E2_E6/E2/e2_per_run_metrics.csv,0.9998721391126456,1.0,0.99993606546896,0.9998721227621484,1.0,0.9999360572926658,0.9997443109179238,1.0,0.9998721391126456,,,,,,,,,,,,,,,,,,,,,
per_seed,E2,name_change_lifecycle,20260722,splink,paper_experiments/results/E2_E6/E2/e2_per_run_metrics.csv,0.996940336562978,1.0,0.998467824310521,0.9974424552429668,1.0,0.998719590268886,0.9949109414758268,1.0,0.9974489795918366,,,,,,,,,,,,,,,,,,,,,
per_seed,E2,name_change_lifecycle,20260723,baseline,paper_experiments/results/E2_E6/E2/e2_per_run_metrics.csv,0.9998721391126456,1.0,0.99993606546896,0.9998721227621484,1.0,0.9999360572926658,0.9997443109179238,1.0,0.9998721391126456,,,,,,,,,,,,,,,,,,,,,
per_seed,E2,name_change_lifecycle,20260723,learned,paper_experiments/results/E2_E6/E2/e2_per_run_metrics.csv,0.9998721391126456,1.0,0.99993606546896,0.9998721227621484,1.0,0.9999360572926658,0.9997443109179238,1.0,0.9998721391126456,,,,,,,,,,,,,,,,,,,,,
per_seed,E2,name_change_lifecycle,20260723,splink,paper_experiments/results/E2_E6/E2/e2_per_run_metrics.csv,0.9974489795918368,1.0,0.9987228607918264,0.9980818414322252,1.0,0.99904,0.9961783439490446,1.0,0.998085513720485,,,,,,,,,,,,,,,,,,,,,
per_seed,E2,name_change_lifecycle,20260724,baseline,paper_experiments/results/E2_E6/E2/e2_per_run_metrics.csv,0.9997443109179238,1.0,0.9998721391126456,0.9997442455242966,1.0,0.9998721064074688,0.9994887525562371,1.0,0.9997443109179238,,,,,,,,,,,,,,,,,,,,,
per_seed,E2,name_change_lifecycle,20260724,learned,paper_experiments/results/E2_E6/E2/e2_per_run_metrics.csv,1.0,1.0,1.0,1.0,1.0,1.0,1.0,1.0,1.0,,,,,,,,,,,,,,,,,,,,,
per_seed,E2,name_change_lifecycle,20260724,splink,paper_experiments/results/E2_E6/E2/e2_per_run_metrics.csv,0.9959246051961284,1.0,0.9979581419091372,0.9970588235294118,1.0,0.9985272459499264,0.9941520467836256,1.0,0.997067448680352,,,,,,,,,,,,,,,,,,,,,
per_seed,E2,name_change_lifecycle,20260725,baseline,paper_experiments/results/E2_E6/E2/e2_per_run_metrics.csv,0.9998721391126456,1.0,0.99993606546896,0.9998721227621484,1.0,0.9999360572926658,0.9997443109179238,1.0,0.9998721391126456,,,,,,,,,,,,,,,,,,,,,
per_seed,E2,name_change_lifecycle,20260725,learned,paper_experiments/results/E2_E6/E2/e2_per_run_metrics.csv,0.9998721391126456,1.0,0.99993606546896,0.9998721227621484,1.0,0.9999360572926658,0.9997443109179238,1.0,0.9998721391126456,,,,,,,,,,,,,,,,,,,,,
per_seed,E2,name_change_lifecycle,20260725,splink,paper_experiments/results/E2_E6/E2/e2_per_run_metrics.csv,0.9966862095335204,1.0,0.9983403549087196,0.9975703324808184,1.0,0.9987836886242878,0.9951641639093916,1.0,0.9975762214568183,,,,,,,,,,,,,,,,,,,,,
per_seed,E2,name_change_lifecycle,20260726,baseline,paper_experiments/results/E2_E6/E2/e2_per_run_metrics.csv,1.0,1.0,1.0,1.0,1.0,1.0,1.0,1.0,1.0,,,,,,,,,,,,,,,,,,,,,
per_seed,E2,name_change_lifecycle,20260726,learned,paper_experiments/results/E2_E6/E2/e2_per_run_metrics.csv,0.9998721391126456,1.0,0.99993606546896,0.9998721227621484,1.0,0.9999360572926658,0.9997443109179238,1.0,0.9998721391126456,,,,,,,,,,,,,,,,,,,,,
per_seed,E2,name_change_lifecycle,20260726,splink,paper_experiments/results/E2_E6/E2/e2_per_run_metrics.csv,0.997067448680352,1.0,0.998531571218796,0.9979539641943734,1.0,0.9989759344598054,0.9959246051961284,1.0,0.9979581419091372,,,,,,,,,,,,,,,,,,,,,
per_seed,E2,name_change_lifecycle,20260727,baseline,paper_experiments/results/E2_E6/E2/e2_per_run_metrics.csv,0.999616515403298,1.0,0.9998082209294892,0.9997442455242966,1.0,0.9998721064074688,0.9994887525562371,1.0,0.9997443109179238,,,,,,,,,,,,,,,,,,,,,
per_seed,E2,name_change_lifecycle,20260727,learned,paper_experiments/results/E2_E6/E2/e2_per_run_metrics.csv,0.999616515403298,1.0,0.9998082209294892,0.9996163682864452,1.0,0.9998081473428408,0.9992333248147202,1.0,0.999616515403298,,,,,,,,,,,,,,,,,,,,,
per_seed,E2,name_change_lifecycle,20260727,splink,paper_experiments/results/E2_E6/E2/e2_per_run_metrics.csv,0.9968132568514978,1.0,0.998404085541015,0.99769820971867,1.0,0.9988477787735244,0.995417515274949,1.0,0.9977034957897422,,,,,,,,,,,,,,,,,,,,,
per_seed,E2,name_change_lifecycle,20260728,baseline,paper_experiments/results/E2_E6/E2/e2_per_run_metrics.csv,0.9998721391126456,1.0,0.99993606546896,0.9998721227621484,1.0,0.9999360572926658,0.9997443109179238,1.0,0.9998721391126456,,,,,,,,,,,,,,,,,,,,,
per_seed,E2,name_change_lifecycle,20260728,learned,paper_experiments/results/E2_E6/E2/e2_per_run_metrics.csv,0.9998721391126456,1.0,0.99993606546896,0.9998721227621484,1.0,0.9999360572926658,0.9997443109179238,1.0,0.9998721391126456,,,,,,,,,,,,,,,,,,,,,
per_seed,E2,name_change_lifecycle,20260728,splink,paper_experiments/results/E2_E6/E2/e2_per_run_metrics.csv,0.996305261816792,1.0,0.9981492118195164,0.9970588235294118,1.0,0.9985272459499264,0.9941520467836256,1.0,0.997067448680352,,,,,,,,,,,,,,,,,,,,,
per_seed,E2,name_change_lifecycle,20260729,baseline,paper_experiments/results/E2_E6/E2/e2_per_run_metrics.csv,1.0,1.0,1.0,1.0,1.0,1.0,1.0,1.0,1.0,,,,,,,,,,,,,,,,,,,,,
per_seed,E2,name_change_lifecycle,20260729,learned,paper_experiments/results/E2_E6/E2/e2_per_run_metrics.csv,1.0,1.0,1.0,1.0,1.0,1.0,1.0,1.0,1.0,,,,,,,,,,,,,,,,,,,,,
per_seed,E2,name_change_lifecycle,20260729,splink,paper_experiments/results/E2_E6/E2/e2_per_run_metrics.csv,0.9966862095335204,1.0,0.9983403549087196,0.9974424552429668,1.0,0.998719590268886,0.9949109414758268,1.0,0.9974489795918366,,,,,,,,,,,,,,,,,,,,,
per_seed,E2,roommates_split,20260720,baseline,paper_experiments/results/E2_E6/E2/e2_per_run_metrics.csv,0.9993272788429196,0.982473544973545,0.9908287477071868,0.999553169865542,0.9809891787281598,0.9901841724291066,0.9991256977604412,0.9825396825396824,0.9907632798692854,,,,,,,,,,,,,,,,,,,,,
per_seed,E2,roommates_split,20260720,learned,paper_experiments/results/E2_E6/E2/e2_per_run_metrics.csv,0.9996013289036544,0.994973544973545,0.997282068279748,0.9998119224793524,0.9901940741952192,0.9949797564461128,0.9996013553916684,0.9950396825396826,0.9973153027741872,,,,,,,,,,,,,,,,,,,,,
per_seed,E2,roommates_split,20260720,splink,paper_experiments/results/E2_E6/E2/e2_per_run_metrics.csv,0.9965117059099752,0.982473544973545,0.9894428347820295,0.9966788547130356,0.9809891787281598,0.9887717803067134,0.9917222963951936,0.9825396825396824,0.987109634551495,,,,,,,,,,,,,,,,,,,,,
per_seed,E2,roommates_split,20260721,baseline,paper_experiments/results/E2_E6/E2/e2_per_run_metrics.csv,0.9991907748330972,0.9811283273738578,0.9900771775082692,0.9995774724675608,0.9802775051793698,0.9898334191210044,0.9991909385113268,0.9813269765593962,0.9901783924634197,,,,,,,,,,,,,,,,,,,,,
per_seed,E2,roommates_split,20260721,learned,paper_experiments/results/E2_E6/E2/e2_per_run_metrics.csv,0.9997339187121664,0.9951662031519004,0.997444831591173,0.9998773307163886,0.9903254824991824,0.995078484872433,0.9997339541070834,0.9952986359422592,0.9975113647675614,,,,,,,,,,,,,,,,,,,,,
per_seed,E2,roommates_split,20260721,splink,paper_experiments/results/E2_E6/E2/e2_per_run_metrics.csv,0.9950285522337924,0.9807310290027812,0.987828058825491,0.9962493379752948,0.98006624141315,0.9880915319019268,0.9910349902990566,0.98086346179314,0.985922992445672,,,,,,,,,,,,,,,,,,,,,
per_seed,E2,roommates_split,20260722,baseline,paper_experiments/results/E2_E6/E2/e2_per_run_metrics.csv,0.9989285475122212,0.9825451192201292,0.9906691017765232,0.9994118848274454,0.9825090191273568,0.9908883737051792,0.9989289778432292,0.9829403240679752,0.990870157033299,,,,,,,,,,,,,,,,,,,,,
per_seed,E2,roommates_split,20260722,learned,paper_experiments/results/E2_E6/E2/e2_per_run_metrics.csv,0.9996029382568988,0.9949282044526412,0.997260093090813,0.9997549520114356,0.991096589748826,0.9954069429475858,0.9996029382568988,0.9949282044526412,0.997260093090813,,,,,,,,,,,,,,,,,,,,,
per_seed,E2,roommates_split,20260722,splink,paper_experiments/results/E2_E6/E2/e2_per_run_metrics.csv,0.994665599786624,0.9825451192201292,0.9885682096822294,0.9958796931065668,0.9825770880130692,0.9891836690111944,0.990376957791346,0.9829403240679752,0.9866446280991736,,,,,,,,,,,,,,,,,,,,,
per_seed,E2,roommates_split,20260723,baseline,paper_experiments/results/E2_E6/E2/e2_per_run_metrics.csv,0.9991249326871298,0.9820696043403468,0.9905238571905238,0.9994481461799452,0.9809767131313956,0.9901262880792148,0.9989905108015344,0.982135768161969,0.9904914422980682,,,,,,,,,,,,,,,,,,,,,
per_seed,E2,roommates_split,20260723,learned,paper_experiments/results/E2_E6/E2/e2_per_run_metrics.csv,0.9994678728216044,0.9941775836972344,0.996815709168104,0.9997547316355312,0.989657850631566,0.9946806687445788,0.9994678728216044,0.9941775836972344,0.996815709168104,,,,,,,,,,,,,,,,,,,,,
per_seed,E2,roommates_split,20260723,splink,paper_experiments/results/E2_E6/E2/e2_per_run_metrics.csv,0.9966424926134836,0.9820034405187243,0.9892688129040856,0.9968529202065562,0.9809494610908992,0.9888372509917036,0.9927764029161928,0.9820696043403468,0.9873939797106268,,,,,,,,,,,,,,,,,,,,,
per_seed,E2,roommates_split,20260724,baseline,paper_experiments/results/E2_E6/E2/e2_per_run_metrics.csv,0.9999324734958472,0.9819628647214854,0.990866204958346,0.9999386302266592,0.9806685213975944,0.9902098325642597,0.9999324826142733,0.9820954907161804,0.9909337258706634,,,,,,,,,,,,,,,,,,,,,
per_seed,E2,roommates_split,20260724,learned,paper_experiments/results/E2_E6/E2/e2_per_run_metrics.csv,1.0,0.9944297082228116,0.997207075408964,1.0,0.9895330442135122,0.9947389887205288,1.0,0.9944297082228116,0.997207075408964,,,,,,,,,,,,,,,,,,,,,
per_seed,E2,roommates_split,20260724,splink,paper_experiments/results/E2_E6/E2/e2_per_run_metrics.csv,0.9955618317530764,0.9817639257294428,0.9886147374044272,0.9970912675683152,0.9806617025338896,0.9888082433112844,0.993225114032734,0.981896551724138,0.987528344671202,,,,,,,,,,,,,,,,,,,,,
per_seed,E2,roommates_split,20260725,baseline,paper_experiments/results/E2_E6/E2/e2_per_run_metrics.csv,0.9981270903010032,0.9837816455696202,0.9909024503619098,0.9991482550327728,0.9834205719582344,0.9912220297811212,0.9979937136360596,0.9838475738396624,0.9908701570332992,,,,,,,,,,,,,,,,,,,,,
per_seed,E2,roommates_split,20260725,learned,paper_experiments/results/E2_E6/E2/e2_per_run_metrics.csv,0.9994704441649568,0.9954509493670886,0.997456647398844,0.9997546413674654,0.9918690875385078,0.9957962535827488,0.9994704441649568,0.9954509493670886,0.997456647398844,,,,,,,,,,,,,,,,,,,,,
per_seed,E2,roommates_split,20260725,splink,paper_experiments/results/E2_E6/E2/e2_per_run_metrics.csv,0.995396317053643,0.9835838607594936,0.9894548348587346,0.99677236560773,0.9832569995365448,0.9899685557006742,0.9932099587272,0.9836497890295358,0.9884067572043724,,,,,,,,,,,,,,,,,,,,,
per_seed,E2,roommates_split,20260726,baseline,paper_experiments/results/E2_E6/E2/e2_per_run_metrics.csv,0.9983198924731184,0.9831237590999338,0.9906635545181728,0.9992753114991704,0.9818905798287244,0.9905066701494696,0.9981858496270912,0.9831899404367967,0.9906311472676956,,,,,,,,,,,,,,,,,,,,,
per_seed,E2,roommates_split,20260726,learned,paper_experiments/results/E2_E6/E2/e2_per_run_metrics.csv,0.998936170212766,0.9943084050297816,0.9966169154228856,0.9995529139490849,0.9899293623520428,0.9947178625611192,0.998936170212766,0.9943084050297816,0.9966169154228856,,,,,,,,,,,,,,,,,,,,,
per_seed,E2,roommates_split,20260726,splink,paper_experiments/results/E2_E6/E2/e2_per_run_metrics.csv,0.9959104317511396,0.9831237590999338,0.9894757876507024,0.996951243269358,0.9819178530518736,0.9893774441253232,0.993114513002206,0.9831899404367967,0.9881273071934552,,,,,,,,,,,,,,,,,,,,,
per_seed,E2,roommates_split,20260727,baseline,paper_experiments/results/E2_E6/E2/e2_per_run_metrics.csv,0.9995286195286196,0.9829801324503312,0.99118530884808,0.9996933267909716,0.9814196925089956,0.9904722323506528,0.9995286830056558,0.983112582781457,0.9912526709401708,,,,,,,,,,,,,,,,,,,,,
per_seed,E2,roommates_split,20260727,learned,paper_experiments/results/E2_E6/E2/e2_per_run_metrics.csv,0.9998669062354428,0.9950331125827816,0.9974441530852723,0.9998773307163886,0.9900351651946352,0.994931908135958,0.9998669062354428,0.9950331125827816,0.9974441530852723,,,,,,,,,,,,,,,,,,,,,
per_seed,E2,roommates_split,20260727,splink,paper_experiments/results/E2_E6/E2/e2_per_run_metrics.csv,0.9955737375092214,0.983112582781457,0.989303921895305,0.9961738866302164,0.9815014720314033,0.9887832518563467,0.990526386016412,0.9832450331125828,0.9868722789059126,,,,,,,,,,,,,,,,,,,,,
per_seed,E2,roommates_split,20260728,baseline,paper_experiments/results/E2_E6/E2/e2_per_run_metrics.csv,0.9990567308988006,0.9819867549668874,0.9904481998530492,0.999430184444912,0.9812755686467028,0.9902696763848884,0.9987207110153514,0.982317880794702,0.9904513888888888,,,,,,,,,,,,,,,,,,,,,
per_seed,E2,roommates_split,20260728,learned,paper_experiments/results/E2_E6/E2/e2_per_run_metrics.csv,0.999733759318424,0.9947019867549668,0.997211525693799,0.9998772704958272,0.9901461844760812,0.9949879352952424,0.9997337770382696,0.9947682119205298,0.9972448132780084,,,,,,,,,,,,,,,,,,,,,
per_seed,E2,roommates_split,20260728,splink,paper_experiments/results/E2_E6/E2/e2_per_run_metrics.csv,0.9944332662642522,0.9819205298013244,0.9881372875708098,0.9961769759450172,0.9813028418698522,0.988683969053462,0.9919079783321072,0.9822516556291392,0.9870562007120752,,,,,,,,,,,,,,,,,,,,,
per_seed,E2,roommates_split,20260729,baseline,paper_experiments/results/E2_E6/E2/e2_per_run_metrics.csv,0.9991912656692276,0.9825049701789264,0.9907778668805132,0.9995770574110456,0.9816129120279417,0.9905135411112774,0.9991913201698228,0.982571239231279,0.9908115874235692,,,,,,,,,,,,,,,,,,,,,
per_seed,E2,roommates_split,20260729,learned,paper_experiments/results/E2_E6/E2/e2_per_run_metrics.csv,0.999733688415446,0.9950960901259112,0.9974094985054798,0.99987721021611,0.9904728771010696,0.995152826089454,0.9997337061447308,0.9951623591782638,0.9974427949918636,,,,,,,,,,,,,,,,,,,,,
per_seed,E2,roommates_split,20260729,splink,paper_experiments/results/E2_E6/E2/e2_per_run_metrics.csv,0.9951000134246208,0.982438701126574,0.9887288248632786,0.9965654917828296,0.981681128574547,0.9890673150702332,0.9917056856187292,0.9825049701789264,0.9870838881491344,,,,,,,,,,,,,,,,,,,,,
per_seed,E2,single_movers,20260720,baseline,paper_experiments/results/E2_E6/E2/e2_per_run_metrics.csv,0.9993768693918246,0.955894623912266,0.9771522573569732,0.9996361784181036,0.9798079022047588,0.989622729464148,0.999252336448598,0.955894623912266,0.9770927257219448,,,,,,,,,,,,,,,,,,,,,
per_seed,E2,single_movers,20260720,learned,paper_experiments/results/E2_E6/E2/e2_per_run_metrics.csv,0.9995171997586,0.987125998331148,0.99328295549958,0.9997817070508622,0.9941060903732808,0.996935820869198,0.9995171997586,0.987125998331148,0.99328295549958,,,,,,,,,,,,,,,,,,,,,
per_seed,E2,single_movers,20260720,splink,paper_experiments/results/E2_E6/E2/e2_per_run_metrics.csv,0.9973870847331092,0.955537012754798,0.9760136369170824,0.9984719493560358,0.9796441824929056,0.9889684643082296,0.996766973389704,0.955537012754798,0.975716633193354,,,,,,,,,,,,,,,,,,,,,
per_seed,E2,single_movers,20260721,baseline,paper_experiments/results/E2_E6/E2/e2_per_run_metrics.csv,0.9995053790033388,0.963408820023838,0.9811252048309764,0.9997089427344829,0.9832460161536782,0.9914091400321362,0.999381800197824,0.963408820023838,0.981065663308654,,,,,,,,,,,,,,,,,,,,,
per_seed,E2,single_movers,20260721,learned,paper_experiments/results/E2_E6/E2/e2_per_run_metrics.csv,0.9997597597597596,0.9920143027413588,0.9958719712832784,0.9998908535254312,0.9963435931019428,0.9981140716156152,0.9997597597597596,0.9920143027413588,0.9958719712832784,,,,,,,,,,,,,,,,,,,,,
per_seed,E2,single_movers,20260721,splink,paper_experiments/results/E2_E6/E2/e2_per_run_metrics.csv,0.9976528721432985,0.9625744934445768,0.9797998180163784,0.9985083315142256,0.9828640034926872,0.99062440601751,0.9965449160908192,0.9625744934445768,0.9792651873408512,,,,,,,,,,,,,,,,,,,,,
per_seed,E2,single_movers,20260722,baseline,paper_experiments/results/E2_E6/E2/e2_per_run_metrics.csv,0.999252336448598,0.9579500657030224,0.9781654061966332,0.9994542676271556,0.9807902204758786,0.9900342885848668,0.9987545148835472,0.9579500657030224,0.9779268292682928,,,,,,,,,,,,,,,,,,,,,
per_seed,E2,single_movers,20260722,learned,paper_experiments/results/E2_E6/E2/e2_per_run_metrics.csv,0.9997584249305472,0.9887707561820572,0.9942342342342342,0.9998908535254312,0.9948701156952632,0.99737416610684,0.9997584249305472,0.9887707561820572,0.9942342342342342,,,,,,,,,,,,,,,,,,,,,
per_seed,E2,single_movers,20260722,splink,paper_experiments/results/E2_E6/E2/e2_per_run_metrics.csv,0.9967673753574536,0.9577111456217896,0.9768490313147312,0.9976424361493124,0.9806810740013098,0.9890890450750408,0.9945416201463838,0.9577111456217896,0.9757789678675752,,,,,,,,,,,,,,,,,,,,,
per_seed,E2,single_movers,20260723,baseline,paper_experiments/results/E2_E6/E2/e2_per_run_metrics.csv,0.9992530810407072,0.9573047107930828,0.9778292118406626,0.9994906497853452,0.980462781052172,0.9898852840287856,0.9988800398208064,0.9573047107930828,0.9776505693928508,,,,,,,,,,,,,,,,,,,,,
per_seed,E2,single_movers,20260723,learned,paper_experiments/results/E2_E6/E2/e2_per_run_metrics.csv,0.9996377686549144,0.9873583780560524,0.993460130797384,0.999818089209052,0.9942152368478498,0.9970087915565524,0.9996377686549144,0.9873583780560524,0.993460130797384,,,,,,,,,,,,,,,,,,,,,
per_seed,E2,single_movers,20260723,splink,paper_experiments/results/E2_E6/E2/e2_per_run_metrics.csv,0.9977617508082568,0.9569469290399524,0.9769282279174528,0.9983991850396566,0.9802990613403187,0.9892663378338752,0.99652260307998,0.9569469290399524,0.9763338808785058,,,,,,,,,,,,,,,,,,,,,
per_seed,E2,single_movers,20260724,baseline,paper_experiments/results/E2_E6/E2/e2_per_run_metrics.csv,0.9998756373585376,0.9572568162876532,0.9781021897810218,0.9999272356836206,0.9804082078148876,0.9900715278316552,0.9998756373585376,0.9572568162876532,0.9781021897810218,,,,,,,,,,,,,,,,,,,,,
per_seed,E2,single_movers,20260724,learned,paper_experiments/results/E2_E6/E2/e2_per_run_metrics.csv,0.9997590651728708,0.9880938206929396,0.9938922155688624,0.9998908535254312,0.9945426762715563,0.9972095941907436,0.9997590651728708,0.9880938206929396,0.9938922155688624,,,,,,,,,,,,,,,,,,,,,
per_seed,E2,single_movers,20260724,splink,paper_experiments/results/E2_E6/E2/e2_per_run_metrics.csv,0.9982608695652174,0.9567805691153708,0.9770806735971792,0.9987993887797424,0.9801899148657498,0.9894071545030996,0.9971460478967614,0.9567805691153708,0.9765463604326164,,,,,,,,,,,,,,,,,,,,,
per_seed,E2,single_movers,20260725,baseline,paper_experiments/results/E2_E6/E2/e2_per_run_metrics.csv,0.9993801140590132,0.9605576739752144,0.979584396646008,0.9995634141017246,0.9819362584588518,0.9906714318726668,0.9990085512455076,0.9605576739752144,0.9794058684162568,,,,,,,,,,,,,,,,,,,,,
per_seed,E2,single_movers,20260725,learned,paper_experiments/results/E2_E6/E2/e2_per_run_metrics.csv,0.9997585124366096,0.9866539561487132,0.9931630082763584,0.9998908535254312,0.9938877974241432,0.9968802881921032,0.9997585124366096,0.9866539561487132,0.9931630082763584,,,,,,,,,,,,,,,,,,,,,
per_seed,E2,single_movers,20260725,splink,paper_experiments/results/E2_E6/E2/e2_per_run_metrics.csv,0.9972779015095272,0.9604385128693994,0.9785115940269516,0.9980353634577604,0.9818816852215674,0.9898926273060652,0.9956763434218654,0.9604385128693994,0.977740037605386,,,,,,,,,,,,,,,,,,,,,
per_seed,E2,single_movers,20260726,baseline,paper_experiments/results/E2_E6/E2/e2_per_run_metrics.csv,0.9992561368708158,0.959752321981424,0.97910592808552,0.9995634141017246,0.9815542457978608,0.9904769746038024,0.999008428358949,0.959752321981424,0.9789870035224096,,,,,,,,,,,,,,,,,,,,,
per_seed,E2,single_movers,20260726,learned,paper_experiments/results/E2_E6/E2/e2_per_run_metrics.csv,0.9990377676208804,0.9890450107168374,0.9940162757300144,0.9995634141017246,0.994979262169832,0.99726607014899,0.9990377676208804,0.9890450107168374,0.9940162757300144,,,,,,,,,,,,,,,,,,,,,
per_seed,E2,single_movers,20260726,splink,paper_experiments/results/E2_E6/E2/e2_per_run_metrics.csv,0.9976470588235294,0.9592760180995475,0.978085351787774,0.998362802881467,0.981335952848723,0.989776156214276,0.996413110698825,0.9592760180995475,0.9774919614147912,,,,,,,,,,,,,,,,,,,,,
per_seed,E2,single_movers,20260727,baseline,paper_experiments/results/E2_E6/E2/e2_per_run_metrics.csv,0.9997511199601792,0.9575685339690108,0.9782052843053696,0.9997817070508622,0.9805719275267408,0.9900836481641256,0.9995023637720826,0.9575685339690108,0.9780861943024104,,,,,,,,,,,,,,,,,,,,,
per_seed,E2,single_movers,20260727,learned,paper_experiments/results/E2_E6/E2/e2_per_run_metrics.csv,1.0,0.9870083432657926,0.9934616999580108,1.0,0.9940515171359964,0.9970168860669422,1.0,0.9870083432657926,0.9934616999580108,,,,,,,,,,,,,,,,,,,,,
per_seed,E2,single_movers,20260727,splink,paper_experiments/results/E2_E6/E2/e2_per_run_metrics.csv,0.99714498510427,0.9574493444576876,0.9768940775872552,0.997969875573019,0.9805173542894564,0.9891666393272116,0.9950452124365168,0.9574493444576876,0.9758853185932088,,,,,,,,,,,,,,,,,,,,,
per_seed,E2,single_movers,20260728,baseline,paper_experiments/results/E2_E6/E2/e2_per_run_metrics.csv,0.999501930021168,0.955822814955942,0.9771745084910828,0.999599796259914,0.9797533289674744,0.9895770648891676,0.999128703012198,0.955822814955942,0.976996105160662,,,,,,,,,,,,,,,,,,,,,
per_seed,E2,single_movers,20260728,learned,paper_experiments/results/E2_E6/E2/e2_per_run_metrics.csv,0.9997589199614272,0.9876160990712074,0.9936504133221516,0.9998908535254312,0.9943243833224188,0.9970998495557636,0.9997589199614272,0.9876160990712074,0.9936504133221516,,,,,,,,,,,,,,,,,,,,,
per_seed,E2,single_movers,20260728,splink,paper_experiments/results/E2_E6/E2/e2_per_run_metrics.csv,0.9967701863354036,0.9554655870445344,0.97568093385214,0.9977879647820708,0.979589609255621,0.9886050447563124,0.9947929580957104,0.9554655870445344,0.9747327502429544,,,,,,,,,,,,,,,,,,,,,
per_seed,E2,single_movers,20260729,baseline,paper_experiments/results/E2_E6/E2/e2_per_run_metrics.csv,0.9993788048204746,0.9570493753718023,0.977756168712775,0.9995997962599142,0.9802990613403187,0.9898553536995106,0.9991305427897156,0.9570493753718023,0.977637335926106,,,,,,,,,,,,,,,,,,,,,
per_seed,E2,single_movers,20260729,learned,paper_experiments/results/E2_E6/E2/e2_per_run_metrics.csv,0.999759557585958,0.9894110648423556,0.9945583926329008,0.9998908535254312,0.9951429818816852,0.9975112681038508,0.999759557585958,0.9894110648423556,0.9945583926329008,,,,,,,,,,,,,,,,,,,,,
per_seed,E2,single_movers,20260729,splink,paper_experiments/results/E2_E6/E2/e2_per_run_metrics.csv,0.9973955103559468,0.9568114217727544,0.9766820500364344,0.9980444589973078,0.9801899148657498,0.9890366138835732,0.9956667079361148,0.9568114217727544,0.9758524450916152,,,,,,,,,,,,,,,,,,,,,
per_seed,E2,three_source_partial_overlap,20260720,baseline,paper_experiments/results/E2_E6/E2/e2_per_run_metrics.csv,0.9986675935581044,0.996877349216446,0.9977716683547968,0.9991739531613866,0.9969462630168284,0.998058865026856,0.9983221476510068,0.9978025790782398,0.9980622957457268,,,,,,,,,,,,,,,,,,,,,
per_seed,E2,three_source_partial_overlap,20260720,learned,paper_experiments/results/E2_E6/E2/e2_per_run_metrics.csv,0.9998263185318128,0.9986699820736714,0.9992478157727246,0.999853537794572,0.9978030669185816,0.9988272500158484,0.9998264190244748,0.9992482507372924,0.999537251272559,,,,,,,,,,,,,,,,,,,,,
per_seed,E2,three_source_partial_overlap,20260720,splink,paper_experiments/results/E2_E6/E2/e2_per_run_metrics.csv,0.9929727550256322,0.996877349216446,0.994921221215444,0.9933452107207544,0.9970048478989998,0.995171664840341,0.9828568174051714,0.997918232810964,0.99033026312014,,,,,,,,,,,,,,,,,,,,,
per_seed,E2,three_source_partial_overlap,20260721,baseline,paper_experiments/results/E2_E6/E2/e2_per_run_metrics.csv,0.9988417212022934,0.9968211767425732,0.997830426104313,0.9993877610803528,0.9973928581890616,0.9983893131212428,0.9986701358774212,0.9982660964050398,0.9984680752666416,,,,,,,,,,,,,,,,,,,,,
per_seed,E2,three_source_partial_overlap,20260721,learned,paper_experiments/results/E2_E6/E2/e2_per_run_metrics.csv,0.9997685185185186,0.9984972835510344,0.9991324966745706,0.999894542578434,0.9980007030494772,0.9989467252122995,0.9997686524002314,0.9990752514160212,0.9994218316373727,,,,,,,,,,,,,,,,,,,,,
per_seed,E2,three_source_partial_overlap,20260721,splink,paper_experiments/results/E2_E6/E2/e2_per_run_metrics.csv,0.9933191268789956,0.9968211767425732,0.9950670705322372,0.994487966554932,0.9973928581890618,0.9959382941741356,0.9855643044619422,0.9983238931915386,0.9919030664982198,,,,,,,,,,,,,,,,,,,,,
per_seed,E2,three_source_partial_overlap,20260722,baseline,paper_experiments/results/E2_E6/E2/e2_per_run_metrics.csv,0.9987833845084294,0.9969928290538976,0.9978873035626428,0.9993633928963428,0.996926724327172,0.9981435715148508,0.9987263358999596,0.9976289613694194,0.9981773470273398,,,,,,,,,,,,,,,,,,,,,
per_seed,E2,three_source_partial_overlap,20260722,learned,paper_experiments/results/E2_E6/E2/e2_per_run_metrics.csv,0.9994790762285118,0.9986120749479528,0.9990453874858976,0.9997438936939308,0.9977169952144708,0.9987294160692474,0.9994792269413262,0.9989012260004626,0.9991901428819344,,,,,,,,,,,,,,,,,,,,,
per_seed,E2,three_source_partial_overlap,20260722,splink,paper_experiments/results/E2_E6/E2/e2_per_run_metrics.csv,0.9924586955270278,0.9969928290538976,0.9947205954475954,0.993564414394638,0.996926724327172,0.9952427295773304,0.9844775437995776,0.9976289613694194,0.991009622289243,,,,,,,,,,,,,,,,,,,,,
per_seed,E2,three_source_partial_overlap,20260723,baseline,paper_experiments/results/E2_E6/E2/e2_per_run_metrics.csv,0.9987822557262976,0.9969323377901256,0.9978564393719948,0.9994200861084264,0.9968221890284978,0.998119447125042,0.9987833140208576,0.9978005440759392,0.998291687176072,,,,,,,,,,,,,,,,,,,,,
per_seed,E2,three_source_partial_overlap,20260723,learned,paper_experiments/results/E2_E6/E2/e2_per_run_metrics.csv,0.9995366884809174,0.9989581524570238,0.9992473367299676,0.999789122221246,0.997686202149782,0.9987365552199424,0.9995367957848416,0.9991896741332408,0.9993632048164872,,,,,,,,,,,,,,,,,,,,,
per_seed,E2,three_source_partial_overlap,20260723,splink,paper_experiments/results/E2_E6/E2/e2_per_run_metrics.csv,0.9950892599225836,0.9969323377901256,0.9960099462210142,0.995602528859712,0.9968221890284978,0.9962119856374212,0.9890418818129662,0.9978005440759392,0.9934019073962024,,,,,,,,,,,,,,,,,,,,,
per_seed,E2,three_source_partial_overlap,20260724,baseline,paper_experiments/results/E2_E6/E2/e2_per_run_metrics.csv,0.999535747446611,0.9972786752359446,0.9984059357157348,0.9996922941667764,0.9973845004176008,0.998537063865251,0.9993045897079276,0.9984366857738406,0.9988704492136588,,,,,,,,,,,,,,,,,,,,,
per_seed,E2,three_source_partial_overlap,20260724,learned,paper_experiments/results/E2_E6/E2/e2_per_run_metrics.csv,0.9998841184309636,0.9991893926234728,0.99953663481031,0.9998681260714756,0.9982197019649216,0.9990432340425748,0.9996526370636252,0.9997683978924208,0.9997105141269106,,,,,,,,,,,,,,,,,,,,,
per_seed,E2,three_source_partial_overlap,20260724,splink,paper_experiments/results/E2_E6/E2/e2_per_run_metrics.csv,0.9933102652825836,0.9972786752359446,0.9952905145762908,0.9954244979894458,0.9973845004176008,0.9964035353355556,0.9893287435456112,0.9984366857738406,0.9938618483617188,,,,,,,,,,,,,,,,,,,,,
per_seed,E2,three_source_partial_overlap,20260725,baseline,paper_experiments/results/E2_E6/E2/e2_per_run_metrics.csv,0.9984960666358168,0.9972270363951472,0.9978611480432396,0.9992397609421692,0.9976855920782796,0.998462071720252,0.9982098515909222,0.9986135181975736,0.99841164409276,,,,,,,,,,,,,,,,,,,,,
per_seed,E2,three_source_partial_overlap,20260725,learned,paper_experiments/results/E2_E6/E2/e2_per_run_metrics.csv,0.9995951885264862,0.9985557481224726,0.9990751979654356,0.9997802777289506,0.9981250366203784,0.998951971500747,0.999479979199168,0.9993067590987867,0.9993933616431234,,,,,,,,,,,,,,,,,,,,,
per_seed,E2,three_source_partial_overlap,20260725,splink,paper_experiments/results/E2_E6/E2/e2_per_run_metrics.csv,0.9934384712789224,0.9971114962449452,0.9952715949717448,0.9937729281616609,0.9976269994726664,0.9956962343137464,0.9833304887068328,0.9984979780473716,0.9908561928512052,,,,,,,,,,,,,,,,,,,,,
per_seed,E2,three_source_partial_overlap,20260726,baseline,paper_experiments/results/E2_E6/E2/e2_per_run_metrics.csv,0.9988410500086922,0.9972230257448657,0.9980313820855772,0.9992351648351648,0.9973113553113552,0.9982723332120408,0.9984375904172212,0.9982065374602256,0.9983220505699242,,,,,,,,,,,,,,,,,,,,,
per_seed,E2,three_source_partial_overlap,20260726,learned,paper_experiments/results/E2_E6/E2/e2_per_run_metrics.csv,0.9991892517952282,0.9982065374602256,0.9986976528810813,0.9996087912087912,0.9978095238095236,0.9987083471222822,0.9991898616978184,0.9989586346543246,0.9990742347971996,,,,,,,,,,,,,,,,,,,,,
per_seed,E2,three_source_partial_overlap,20260726,splink,paper_experiments/results/E2_E6/E2/e2_per_run_metrics.csv,0.9930291508238276,0.9972230257448657,0.9951216696013624,0.993822815279958,0.9973113553113552,0.9955640292706708,0.9853235109359832,0.9982065374602256,0.9917231865731692,,,,,,,,,,,,,,,,,,,,,
per_seed,E2,three_source_partial_overlap,20260727,baseline,paper_experiments/results/E2_E6/E2/e2_per_run_metrics.csv,0.9986094211715628,0.9967613209183968,0.997684515195369,0.9993996878125536,0.9972610364121042,0.998329216742523,0.9985532407407408,0.9979179920189694,0.9982355153163056,,,,,,,,,,,,,,,,,,,,,
per_seed,E2,three_source_partial_overlap,20260727,learned,paper_experiments/results/E2_E6/E2/e2_per_run_metrics.csv,0.9991898148148148,0.9985541611242844,0.9988718868415724,0.9997175247636624,0.9981325248264348,0.9989243960629768,0.9991904238709304,0.9993059973396564,0.9992482072634744,,,,,,,,,,,,,,,,,,,,,
per_seed,E2,three_source_partial_overlap,20260727,splink,paper_experiments/results/E2_E6/E2/e2_per_run_metrics.csv,0.992456958599643,0.9968191544734256,0.9946332737030412,0.9939409738761484,0.9973196238685298,0.9956274325283296,0.9833048433048434,0.9980336591290266,0.9906145058982232,,,,,,,,,,,,,,,,,,,,,
per_seed,E2,three_source_partial_overlap,20260728,baseline,paper_experiments/results/E2_E6/E2/e2_per_run_metrics.csv,0.9988974641675854,0.9968728283530228,0.9978841193008896,0.9994637362637362,0.9970769230769232,0.998268902983334,0.9988988698927846,0.998146861246236,0.998522723981114,,,,,,,,,,,,,,,,,,,,,
per_seed,E2,three_source_partial_overlap,20260728,learned,paper_experiments/results/E2_E6/E2/e2_per_run_metrics.csv,0.999768048709771,0.9984364141765114,0.9991017877321589,0.9998681318681318,0.9976776556776558,0.9987716927526292,0.9996523552928906,0.999131341209173,0.9993917803458164,,,,,,,,,,,,,,,,,,,,,
per_seed,E2,three_source_partial_overlap,20260728,splink,paper_experiments/results/E2_E6/E2/e2_per_run_metrics.csv,0.994281753595564,0.9968728283530228,0.9955756051010672,0.9955218210361068,0.9970769230769232,0.996298765225269,0.9895510391548972,0.998146861246236,0.9938303638355532,,,,,,,,,,,,,,,,,,,,,
per_seed,E2,three_source_partial_overlap,20260729,baseline,paper_experiments/results/E2_E6/E2/e2_per_run_metrics.csv,0.998898486868804,0.9968757232122194,0.9978860799814672,0.9993567879598748,0.996826862477832,0.9980902220289506,0.998668056520732,0.9977435778754918,0.9982056031488772,,,,,,,,,,,,,,,,,,,,,
per_seed,E2,three_source_partial_overlap,20260729,learned,paper_experiments/results/E2_E6/E2/e2_per_run_metrics.csv,0.9998841519925856,0.9987271464938672,0.9993053143452588,0.9999120608538892,0.9976622843658854,0.9987859056997824,0.99988419224088,0.999074288359176,0.999479076228512,,,,,,,,,,,,,,,,,,,,,
per_seed,E2,three_source_partial_overlap,20260729,splink,paper_experiments/results/E2_E6/E2/e2_per_run_metrics.csv,0.9950909615939936,0.9968757232122194,0.9959825428480592,0.995561795047351,0.996826862477832,0.9961939271352288,0.9900109076296,0.9977435778754918,0.9938622021150908,,,,,,,,,,,,,,,,,,,,,
summary,E2,adoption_blended_family,,baseline,paper_experiments/results/E2_E6/E2/e2_per_run_metrics.csv,,,,,,,,,,10.0,0.9846487530472215,0.0019511648216811001,0.7416545272344559,0.000820366713969226,0.8460481758729547,0.0005027309240512053,0.9923851857449228,0.0009692183515648,0.8709071219976938,0.0004156469785732449,0.9276858607829823,0.0002960625383279593,0.9844086885424103,0.00197468456009247,0.7416545272344559,0.000820366713969226,0.8459594943483776,0.0004853922632353345,8.868152457688349e-05,"Thresholded edges form almost entirely two-record or otherwise sparse components, so transitive closure introduces few additional eligible pairs. The reported mean absolute F1 gap quantifies this."
summary,E2,adoption_blended_family,,learned,paper_experiments/results/E2_E6/E2/e2_per_run_metrics.csv,,,,,,,,,,10.0,0.9996064361113607,0.00031112108421641285,0.7464939350982077,0.0011869768362259582,0.8547041623587646,0.0007268973463031052,0.9998530229261732,0.00011621658441549797,0.8733252945145343,0.0006052397418230183,0.9323157491467041,0.0003222533541473683,0.9996064361113607,0.00031112108421641285,0.7464939350982077,0.0011869768362259582,0.8547041623587646,0.0007268973463031052,0.0,"Thresholded edges form almost entirely two-record or otherwise sparse components, so transitive closure introduces few additional eligible pairs. The reported mean absolute F1 gap quantifies this."
summary,E2,adoption_blended_family,,splink,paper_experiments/results/E2_E6/E2/e2_per_run_metrics.csv,,,,,,,,,,10.0,0.7365777071647657,0.0010812667041837439,0.7416667896501518,0.0008330127988063754,0.739113300802086,0.0008831524900060072,0.8242395620817959,0.0005615028525758144,0.870913248697853,0.0004221227807106925,0.8469338145194302,0.0004607862341534099,0.7359062713352372,0.001117131183602028,0.7416667896501518,0.0008330127988063754,0.7387750884692682,0.0008941558405989117,0.00033821233281783325,"Thresholded edges form almost entirely two-record or otherwise sparse components, so transitive closure introduces few additional eligible pairs. The reported mean absolute F1 gap quantifies this."
summary,E2,asymmetric_source_coverage,,baseline,paper_experiments/results/E2_E6/E2/e2_per_run_metrics.csv,,,,,,,,,,10.0,0.9988923389308642,0.0005817852765519825,0.9951316658323359,0.0014060842536169952,0.9970080371068066,0.000836295083543455,0.9996242968020047,0.00018799499576409423,0.9896336784858063,0.0007419238904564181,0.9946038108591422,0.00044560916952152336,0.998868184420699,0.0006130141405280063,0.9951316658323359,0.0014060842536169952,0.9969960079291834,0.0008490738739353661,1.2029177623273934e-05,"Thresholded edges form almost entirely two-record or otherwise sparse components, so transitive closure introduces few additional eligible pairs. The reported mean absolute F1 gap quantifies this."
summary,E2,asymmetric_source_coverage,,learned,paper_experiments/results/E2_E6/E2/e2_per_run_metrics.csv,,,,,,,,,,10.0,0.9998082328474551,0.00027191338214265333,0.9981293618196444,0.00082121031610823,0.9989678789007892,0.00037214186798383,0.999929895366795,9.665176192228344e-05,0.9905057997457215,0.0006700733400089423,0.9951954246301922,0.0003278473144358812,0.9998082328474551,0.00027191338214265333,0.9981293618196444,0.00082121031610823,0.9989678789007892,0.00037214186798383,0.0,"Thresholded edges form almost entirely two-record or otherwise sparse components, so transitive closure introduces few additional eligible pairs. The reported mean absolute F1 gap quantifies this."
summary,E2,asymmetric_source_coverage,,splink,paper_experiments/results/E2_E6/E2/e2_per_run_metrics.csv,,,,,,,,,,10.0,0.9937754559531371,0.001315907418764877,0.9951316658323359,0.0014060842536169952,0.9944522980607896,0.0009852490995265173,0.9977419751914735,0.00044603507519325484,0.9896476958742451,0.0007418665785487151,0.9936782046705421,0.000462488207394997,0.9930860315868598,0.0015085715303550812,0.9951316658323359,0.0014060842536169952,0.9941068178991441,0.0010235496015847697,0.0003454801616453729,"Thresholded edges form almost entirely two-record or otherwise sparse components, so transitive closure introduces few additional eligible pairs. The reported mean absolute F1 gap quantifies this."
summary,E2,clean_baseline_linkage,,baseline,paper_experiments/results/E2_E6/E2/e2_per_run_metrics.csv,,,,,,,,,,10.0,0.9988973510739063,0.0003327476160188413,0.9994325067099192,0.00016593289653400031,0.9991648382738194,0.00021931105610331595,0.9994282478358032,0.00017331396019873527,0.999158321722166,0.00020594186771158513,0.9992932538879102,0.0001488869554396761,0.9988239275322615,0.0003628580376644522,0.9994325067099192,0.00016593289653400031,0.9991281014307039,0.0002325450460525779,3.6736843115514614e-05,"Thresholded edges form almost entirely two-record or otherwise sparse components, so transitive closure introduces few additional eligible pairs. The reported mean absolute F1 gap quantifies this."
summary,E2,clean_baseline_linkage,,learned,paper_experiments/results/E2_E6/E2/e2_per_run_metrics.csv,,,,,,,,,,10.0,0.9996219421504818,0.00025807517194739824,0.9999159585485058,9.652643837196261e-05,0.9997689156033586,0.00015293786158646728,0.9998098250157673,0.0001326878746871668,0.9993939423316835,0.0001804644116344184,0.9996018280350203,0.00010648922458963274,0.9996114511775789,0.0002712474146853249,0.9999159585485058,9.652643837196261e-05,0.999763667086875,0.0001589248685886029,5.248516483580268e-06,"Thresholded edges form almost entirely two-record or otherwise sparse components, so transitive closure introduces few additional eligible pairs. The reported mean absolute F1 gap quantifies this."
summary,E2,clean_baseline_linkage,,splink,paper_experiments/results/E2_E6/E2/e2_per_run_metrics.csv,,,,,,,,,,10.0,0.9954890800418006,0.0005813298981629085,0.9994010006860385,0.0001720356763107003,0.9974410950006349,0.00025081944635620097,0.9977049052986766,0.0003116671728491058,0.9991480826347559,0.0002132396841668545,0.9984259248247875,0.000136011813175023,0.9953953743541868,0.0006222887244700165,0.9994010006860385,0.0001720356763107003,0.9973940413856404,0.0002674029208454346,4.70536149946188e-05,"Thresholded edges form almost entirely two-record or otherwise sparse components, so transitive closure introduces few additional eligible pairs. The reported mean absolute F1 gap quantifies this."
summary,E2,couple_merge,,baseline,paper_experiments/results/E2_E6/E2/e2_per_run_metrics.csv,,,,,,,,,,10.0,0.9974952652465419,0.0007582765294748766,0.7717973231357552,0.005099187364938085,0.8702410481094722,0.0030508068840371374,0.9985439127801333,0.0004020474977873437,0.8501433474661821,0.003657852996856655,0.9183829749733625,0.002011673853746619,0.9972487237748823,0.0007686121406237722,0.7717973231357552,0.005099187364938085,0.8701472557053951,0.0030584649392679714,9.379240407716427e-05,"Thresholded edges form almost entirely two-record or otherwise sparse components, so transitive closure introduces few additional eligible pairs. The reported mean absolute F1 gap quantifies this."
summary,E2,couple_merge,,learned,paper_experiments/results/E2_E6/E2/e2_per_run_metrics.csv,,,,,,,,,,10.0,0.9996763254608962,0.0003753099402925658,0.7973040152963671,0.003808604713653686,0.8870903388540862,0.002373673269523551,0.9998295982232991,0.00017827628785641858,0.8697859882899251,0.0025875019677136027,0.93028329507681,0.001491245883415889,0.9995803488984972,0.00045340127369880497,0.7973040152963671,0.003808604713653686,0.8870526149660185,0.0023920256003412666,3.772388806785321e-05,"Thresholded edges form almost entirely two-record or otherwise sparse components, so transitive closure introduces few additional eligible pairs. The reported mean absolute F1 gap quantifies this."
summary,E2,couple_merge,,splink,paper_experiments/results/E2_E6/E2/e2_per_run_metrics.csv,,,,,,,,,,10.0,0.9687353660621942,0.002223177492567654,0.7717782026768643,0.005185840694603682,0.8591022072628004,0.003161279781514386,0.9810699287589053,0.0012466260711549574,0.8542418736119524,0.003777584775671616,0.9132686533878,0.0020460714987204586,0.9679316312404772,0.0018204470331844335,0.7717782026768643,0.005185840694603682,0.8587866745467796,0.0031714126450691246,0.00031553271602074995,"Thresholded edges form almost entirely two-record or otherwise sparse components, so transitive closure introduces few additional eligible pairs. The reported mean absolute F1 gap quantifies this."
summary,E2,death_survivor_persistence,,baseline,paper_experiments/results/E2_E6/E2/e2_per_run_metrics.csv,,,,,,,,,,10.0,0.9993233080793301,0.0009508378135881969,1.0,0.0,0.9996613358179754,0.00047592189268704877,0.9996610169491525,0.00047642601283136527,1.0,0.0,0.9998304286357094,0.0002383392497349393,0.9993233080793301,0.0009508378135881969,1.0,0.0,0.9996613358179754,0.00047592189268704877,0.0,"Thresholded edges form almost entirely two-record or otherwise sparse components, so transitive closure introduces few additional eligible pairs. The reported mean absolute F1 gap quantifies this."
summary,E2,death_survivor_persistence,,learned,paper_experiments/results/E2_E6/E2/e2_per_run_metrics.csv,,,,,,,,,,10.0,0.9996613995485328,0.0005451985231824388,1.0,0.0,0.9998306041784302,0.0002727531855108027,0.9998305084745762,0.00027290728335569326,1.0,0.0,0.9999152302910426,0.00013649219879615336,0.9996613995485328,0.0005451985231824388,1.0,0.0,0.9998306041784302,0.0002727531855108027,0.0,"Thresholded edges form almost entirely two-record or otherwise sparse components, so transitive closure introduces few additional eligible pairs. The reported mean absolute F1 gap quantifies this."
summary,E2,death_survivor_persistence,,splink,paper_experiments/results/E2_E6/E2/e2_per_run_metrics.csv,,,,,,,,,,10.0,0.9965120434647832,0.0017103977248984846,1.0,0.0,0.9982523133690149,0.0008580668279922264,0.9982485875706215,0.0008609513710480415,1.0,0.0,0.9991233590464024,0.00043119995150093913,0.9965120434647832,0.0017103977248984846,1.0,0.0,0.9982523133690149,0.0008580668279922264,0.0,"Thresholded edges form almost entirely two-record or otherwise sparse components, so transitive closure introduces few additional eligible pairs. The reported mean absolute F1 gap quantifies this."
summary,E2,divorce_custody,,baseline,paper_experiments/results/E2_E6/E2/e2_per_run_metrics.csv,,,,,,,,,,10.0,0.9989917640908409,0.0003426731696449869,0.9831578803693244,0.0014747622397940625,0.9910110884906101,0.0007945421803857805,0.9994292195523599,0.00017478743450071203,0.989142708460957,0.0009918035853881905,0.9942591504700886,0.000533564506855766,0.9988721793669463,0.00039628749647965366,0.9839417360235501,0.0014657879937734198,0.9913502681326284,0.0008071089917523704,0.0003391796420181614,"Thresholded edges form almost entirely two-record or otherwise sparse components, so transitive closure introduces few additional eligible pairs. The reported mean absolute F1 gap quantifies this."
summary,E2,divorce_custody,,learned,paper_experiments/results/E2_E6/E2/e2_per_run_metrics.csv,,,,,,,,,,10.0,0.9997127618724505,0.00022372113719699971,0.9883247944052105,0.0012500154410617637,0.9939857947685482,0.0006438585416104305,0.9998522082102245,0.00010377213382250383,0.9922852954739365,0.0008592707696762932,0.9960542126761321,0.00043900621817518205,0.999694650992554,0.00022417660312073394,0.9885908962544372,0.0012707896249961486,0.9941113950253875,0.0006582556981699554,0.00012560025683927556,"Thresholded edges form almost entirely two-record or otherwise sparse components, so transitive closure introduces few additional eligible pairs. The reported mean absolute F1 gap quantifies this."
summary,E2,divorce_custody,,splink,paper_experiments/results/E2_E6/E2/e2_per_run_metrics.csv,,,,,,,,,,10.0,0.9919571191903653,0.0006805654601993808,0.9831255651710082,0.0014927226352288623,0.9875208680824455,0.0007478080853728756,0.9929990398638416,0.0007243077649971781,0.9894539219206033,0.0010023606675870463,0.9912230379566294,0.0006823400140854725,0.9850911793850472,0.0020998526046344316,0.9839237855501286,0.0014780387540316115,0.9845060929753384,0.0014684082852280335,0.0030147751071072926,"Thresholded edges form almost entirely two-record or otherwise sparse components, so transitive closure introduces few additional eligible pairs. The reported mean absolute F1 gap quantifies this."
summary,E2,family_birth,,baseline,paper_experiments/results/E2_E6/E2/e2_per_run_metrics.csv,,,,,,,,,,10.0,0.9944285044598624,0.0011003213297704974,0.877564705882353,0.0047231871370957,0.932342579439297,0.00271392068153668,0.9971816554809843,0.0005847075702047226,0.9299015659955258,0.0027402095964948235,0.9623652188430827,0.0015032377223492153,0.9941766995023269,0.0011508255757496214,0.877564705882353,0.0047231871370957,0.9322319082314083,0.002725150718585205,0.00011067120788867956,"Thresholded edges form almost entirely two-record or otherwise sparse components, so transitive closure introduces few additional eligible pairs. The reported mean absolute F1 gap quantifies this."
summary,E2,family_birth,,learned,paper_experiments/results/E2_E6/E2/e2_per_run_metrics.csv,,,,,,,,,,10.0,0.9995744432503025,0.0004080706923075833,0.8831294117647058,0.005054778744752405,0.9377437679400307,0.002818363837943853,0.9997859060402685,0.00019054966613034398,0.9331744966442953,0.0029264703720592563,0.9653302602571822,0.001547445245309796,0.9995345074553894,0.00041043033588503966,0.8831294117647058,0.005054778744752405,0.9377261969178836,0.0028190125281766236,1.7571022147022665e-05,"Thresholded edges form almost entirely two-record or otherwise sparse components, so transitive closure introduces few additional eligible pairs. The reported mean absolute F1 gap quantifies this."
summary,E2,family_birth,,splink,paper_experiments/results/E2_E6/E2/e2_per_run_metrics.csv,,,,,,,,,,10.0,0.890136241000574,0.003546724808391405,0.8776823529411765,0.004689858339207071,0.8838616789314445,0.0037034413524117712,0.939223042505593,0.0021054759760825966,0.9305548098434006,0.0027376635988257884,0.9348674277291311,0.0021274229621627543,0.8877782165819488,0.003730720894820801,0.8776941176470588,0.004705620907770119,0.882702550795976,0.0036585493663094004,0.0011591281354685235,"Thresholded edges form almost entirely two-record or otherwise sparse components, so transitive closure introduces few additional eligible pairs. The reported mean absolute F1 gap quantifies this."
summary,E2,high_duplication_dedup,,baseline,paper_experiments/results/E2_E6/E2/e2_per_run_metrics.csv,,,,,,,,,,10.0,0.9983134931127218,0.000690805281517288,0.9937427201277549,0.001228598347110355,0.9960222095833455,0.000523409697900246,0.9994557539682539,0.0001748361290685212,0.9980309523809524,0.0003662160721872663,0.9987427975671916,0.00017258882487545364,0.9981626837549561,0.000708776299210584,0.9955319764220466,0.0010133542175344377,0.9968450786152889,0.00044082072229917644,0.0008228690319435517,"Thresholded edges form almost entirely two-record or otherwise sparse components, so transitive closure introduces few additional eligible pairs. The reported mean absolute F1 gap quantifies this."
summary,E2,high_duplication_dedup,,learned,paper_experiments/results/E2_E6/E2/e2_per_run_metrics.csv,,,,,,,,,,10.0,0.9995157900745436,0.00028495090550928557,0.9970148884464349,0.0008718005299377897,0.9982635875454828,0.0004650799075164932,0.9998313492063492,9.282849766943802e-05,0.9990553571428572,0.00023810525037734238,0.9994431837525413,0.00010867093984109162,0.9994942219301771,0.00030315049098945837,0.9978491688644311,0.0006619960045753856,0.9986708767033263,0.0003298452998879401,0.00040728915784357114,"Thresholded edges form almost entirely two-record or otherwise sparse components, so transitive closure introduces few additional eligible pairs. The reported mean absolute F1 gap quantifies this."
summary,E2,high_duplication_dedup,,splink,paper_experiments/results/E2_E6/E2/e2_per_run_metrics.csv,,,,,,,,,,10.0,0.9913408326212314,0.0015998175316618592,0.9937100623954095,0.0012654264751273295,0.9925224596807561,0.0005886431630734205,0.9962236441798943,0.0006089585810417559,0.9980498015873016,0.00038260047533007183,0.9971357445065241,0.00031826762347124366,0.98596939252892,0.0024892719065808177,0.9955870745428126,0.0010507613957097706,0.990752937729732,0.0012395601675243804,0.001769521951023978,"Thresholded edges form almost entirely two-record or otherwise sparse components, so transitive closure introduces few additional eligible pairs. The reported mean absolute F1 gap quantifies this."
summary,E2,high_noise_identity_drift,,baseline,paper_experiments/results/E2_E6/E2/e2_per_run_metrics.csv,,,,,,,,,,10.0,0.9989786671653607,0.0003225145318942697,0.9631365291972038,0.002092617152734364,0.9807291641861353,0.001094845648652681,0.9994423780781834,0.00018338272990015824,0.9826471070783496,0.0009341718551154489,0.990973392081991,0.000501459333247715,0.9987771159422948,0.0004372908966637014,0.9631365291972038,0.002092617152734364,0.9806321072426594,0.0011518945864855135,9.705694347584836e-05,"Thresholded edges form almost entirely two-record or otherwise sparse components, so transitive closure introduces few additional eligible pairs. The reported mean absolute F1 gap quantifies this."
summary,E2,high_noise_identity_drift,,learned,paper_experiments/results/E2_E6/E2/e2_per_run_metrics.csv,,,,,,,,,,10.0,0.9996920541827242,0.00017658946459255803,0.9866626300101347,0.001271919916360823,0.9931342335373097,0.0006523461940632556,0.9998116967991016,0.00011880762143377196,0.9932991226550516,0.0006024013665613967,0.9965446903837124,0.00031992054000646984,0.9996059033173822,0.0002647279052044333,0.9866626300101347,0.001271919916360823,0.9930917108208661,0.0006595258793136489,4.252271644359373e-05,"Thresholded edges form almost entirely two-record or otherwise sparse components, so transitive closure introduces few additional eligible pairs. The reported mean absolute F1 gap quantifies this."
summary,E2,high_noise_identity_drift,,splink,paper_experiments/results/E2_E6/E2/e2_per_run_metrics.csv,,,,,,,,,,10.0,0.9952084571675559,0.0007901790082829703,0.962078985922506,0.002198657255866794,0.9783621498029692,0.0012422012521593807,0.9974382323887003,0.00037354554832069725,0.9821681246844823,0.000983851536545757,0.989744077426679,0.0005799754098293233,0.9943831347311016,0.0009088111426701717,0.962078985922506,0.002198657255866794,0.9779631599071926,0.0012744906000036972,0.000398989895776658,"Thresholded edges form almost entirely two-record or otherwise sparse components, so transitive closure introduces few additional eligible pairs. The reported mean absolute F1 gap quantifies this."
summary,E2,low_overlap_sparse_coverage,,baseline,paper_experiments/results/E2_E6/E2/e2_per_run_metrics.csv,,,,,,,,,,10.0,0.9982217662326974,0.0009332175812388958,0.995912803949343,0.0013617380480545978,0.997065265469091,0.0007799055288015679,0.9995711329390436,0.0002248434341743092,0.990595760950751,0.0007961117094238596,0.9950630341555555,0.00039222485471361324,0.9981324009963755,0.0009297418067897333,0.995912803949343,0.0013617380480545978,0.997020722537495,0.0008045753448839059,4.4542931596036615e-05,"Thresholded edges form almost entirely two-record or otherwise sparse components, so transitive closure introduces few additional eligible pairs. The reported mean absolute F1 gap quantifies this."
summary,E2,low_overlap_sparse_coverage,,learned,paper_experiments/results/E2_E6/E2/e2_per_run_metrics.csv,,,,,,,,,,10.0,0.9995997756882176,0.0003279868286542497,0.9980460204479623,0.0007625698644845795,0.9988221523969806,0.00043374717756485264,0.9999010928741914,8.364758961635581e-05,0.9910213474613963,0.0006444157318499365,0.9954413226529397,0.00032961465016192993,0.9995997756882176,0.0003279868286542497,0.9980460204479623,0.0007625698644845795,0.9988221523969806,0.00043374717756485264,0.0,"Thresholded edges form almost entirely two-record or otherwise sparse components, so transitive closure introduces few additional eligible pairs. The reported mean absolute F1 gap quantifies this."
summary,E2,low_overlap_sparse_coverage,,splink,paper_experiments/results/E2_E6/E2/e2_per_run_metrics.csv,,,,,,,,,,10.0,0.9922140663709215,0.0014646701429998625,0.9958684383770271,0.0013494357889409134,0.9940371082334076,0.0010564856407543827,0.9980929949183988,0.0003434886336217794,0.9905957682297568,0.0007850234848805443,0.9943301306647803,0.0004884812528937945,0.991774455141121,0.001440351159755705,0.9958684383770271,0.0013494357889409134,0.9938166190823283,0.001128273152673425,0.0002204891510793061,"Thresholded edges form almost entirely two-record or otherwise sparse components, so transitive closure introduces few additional eligible pairs. The reported mean absolute F1 gap quantifies this."
summary,E2,name_change_lifecycle,,baseline,paper_experiments/results/E2_E6/E2/e2_per_run_metrics.csv,,,,,,,,,,10.0,0.9997699092344596,0.0001979884171438499,1.0,0.0,0.9998849325567531,9.902373625957841e-05,0.9997953964194373,0.0001617533330009308,1.0,0.0,0.9998976818540457,8.089606315210265e-05,0.9995910542830458,0.00032319670860217177,1.0,0.0,0.9997954618051242,0.00016167580477811675,8.947075162882845e-05,"Thresholded edges form almost entirely two-record or otherwise sparse components, so transitive closure introduces few additional eligible pairs. The reported mean absolute F1 gap quantifies this."
summary,E2,name_change_lifecycle,,learned,paper_experiments/results/E2_E6/E2/e2_per_run_metrics.csv,,,,,,,,,,10.0,0.999872152188445,0.00012052143469195292,1.0,0.0,0.9999360687386935,6.027131063886943e-05,0.9998721227621484,0.00012056381605905283,1.0,0.0,0.9999360540213639,6.029250952036217e-05,0.9997443631960576,0.000240958172175653,1.0,0.0,0.999872152188445,0.00012052143469195292,6.39165502484773e-05,"Thresholded edges form almost entirely two-record or otherwise sparse components, so transitive closure introduces few additional eligible pairs. The reported mean absolute F1 gap quantifies this."
summary,E2,name_change_lifecycle,,splink,paper_experiments/results/E2_E6/E2/e2_per_run_metrics.csv,,,,,,,,,,10.0,0.9967372745771403,0.0005261702414410714,1.0,0.0,0.9983659089950956,0.00026395489159266276,0.9975319693094628,0.0003909038880856246,1.0,0.0,0.9987644254704973,0.00019593508964512815,0.9950887256828171,0.0007741495074272601,1.0,0.0,0.9975381820010052,0.0003889821512747325,0.0008277269940905718,"Thresholded edges form almost entirely two-record or otherwise sparse components, so transitive closure introduces few additional eligible pairs. The reported mean absolute F1 gap quantifies this."
summary,E2,roommates_split,,baseline,paper_experiments/results/E2_E6/E2/e2_per_run_metrics.csv,,,,,,,,,,10.0,0.9990727606241985,0.0005296270172148327,0.9824556722895064,0.0007351484956030224,0.9906942469602574,0.0003001968977308158,0.9995053438746024,0.00021954239649100185,0.9815040262534473,0.0009219118037124178,0.9904226235676173,0.0003992037550918551,0.9989788884984787,0.0005765821754520056,0.9826077459129099,0.0007037295813388597,0.990725394908836,0.0003000195890387533,6.366461046749538e-05,"Thresholded edges form almost entirely two-record or otherwise sparse components, so transitive closure introduces few additional eligible pairs. The reported mean absolute F1 gap quantifies this."
summary,E2,roommates_split,,learned,paper_experiments/results/E2_E6/E2/e2_per_run_metrics.csv,,,,,,,,,,10.0,0.999614702704136,0.00029015289149943033,0.9948265788358661,0.000410302168515323,0.9972148517645083,0.00028388208659537893,0.9998138303587585,0.00011986522610794029,0.9903259717950643,0.0006962875891648817,0.9950471627395763,0.00034347691383642564,0.999614712437342,0.00029015598770854023,0.9948596852933076,0.0004299190417101508,0.9972314869386505,0.00029403194044618343,1.6635174142087817e-05,"Thresholded edges form almost entirely two-record or otherwise sparse components, so transitive closure introduces few additional eligible pairs. The reported mean absolute F1 gap quantifies this."
summary,E2,roommates_split,,splink,paper_experiments/results/E2_E6/E2/e2_per_run_metrics.csv,,,,,,,,,,10.0,0.9954823948299829,0.000724998114748763,0.9823696493013406,0.0008184733819846246,0.9888823310437094,0.0005945722362797572,0.996539203680492,0.00039877158332718665,0.9814903966843387,0.000931841888143397,0.9889573011328862,0.0004930753382610457,0.9919600283131178,0.001090520977366437,0.9825151012852263,0.0008052352061817063,0.9872146011643119,0.0007108978252524617,0.0016677298793973839,"Thresholded edges form almost entirely two-record or otherwise sparse components, so transitive closure introduces few additional eligible pairs. The reported mean absolute F1 gap quantifies this."
summary,E2,single_movers,,baseline,paper_experiments/results/E2_E6/E2/e2_per_run_metrics.csv,,,,,,,,,,10.0,0.9994531408974657,0.0002129781035348806,0.9582565756973256,0.0023454491990479898,0.9784200556247024,0.0012158443494453136,0.999632540202285,0.00014085529513916092,0.9808829949792621,0.0010762141268139144,0.9901687443170866,0.0005525529780123766,0.9991922917887767,0.0003278206370241132,0.9582565756973256,0.0023454491990479898,0.978295048480061,0.001228648852832966,0.00012500714464136475,"Thresholded edges form almost entirely two-record or otherwise sparse components, so transitive closure introduces few additional eligible pairs. The reported mean absolute F1 gap quantifies this."
summary,E2,single_movers,,learned,paper_experiments/results/E2_E6/E2/e2_per_run_metrics.csv,,,,,,,,,,10.0,0.999674697588157,0.0002539365715315124,0.9883097730048462,0.001597192218430395,0.9939591297302774,0.0008016834776747674,0.9998508331514225,0.00011562430751706345,0.9946463654223967,0.0007310234008960142,0.9972416806406599,0.0003654465890161267,0.999674697588157,0.0002539365715315124,0.9883097730048462,0.001597192218430395,0.9939591297302774,0.0008016834776747674,0.0,"Thresholded edges form almost entirely two-record or otherwise sparse components, so transitive closure introduces few additional eligible pairs. The reported mean absolute F1 gap quantifies this."
summary,E2,single_movers,,splink,paper_experiments/results/E2_E6/E2/e2_per_run_metrics.csv,,,,,,,,,,10.0,0.9974065594736012,0.00045625516273544407,0.957899103422041,0.002243104450759488,0.9772525395053379,0.0012258210078005503,0.9982021756530598,0.00036198982837591886,0.9807192752674089,0.001029701850342248,0.9893832489225194,0.000577334157317049,0.9959116493192681,0.0008991107914053934,0.957899103422041,0.002243104450759488,0.9765343542660858,0.0013012714987962492,0.0007181852392521115,"Thresholded edges form almost entirely two-record or otherwise sparse components, so transitive closure introduces few additional eligible pairs. The reported mean absolute F1 gap quantifies this."
summary,E2,three_source_partial_overlap,,baseline,paper_experiments/results/E2_E6/E2/e2_per_run_metrics.csv,,,,,,,,,,10.0,0.9988353191294197,0.0002785463784974345,0.9969862302662639,0.00018776032595916234,0.9979099017716025,0.000195507645518171,0.9993732625226783,0.00014531740187755422,0.9971634304335655,0.0002878983594503999,0.9982671007340344,0.00016378438163434106,0.9986574132319573,0.00031089541083811873,0.9980563353500974,0.0003264796298367242,0.998356739153842,0.00022820801788806484,0.00044683738223951777,"Thresholded edges form almost entirely two-record or otherwise sparse components, so transitive closure introduces few additional eligible pairs. The reported mean absolute F1 gap quantifies this."
summary,E2,three_source_partial_overlap,,learned,paper_experiments/results/E2_E6/E2/e2_per_run_metrics.csv,,,,,,,,,,10.0,0.9996121176029611,0.0002632017062539987,0.9986406893030516,0.00027416405694524255,0.9991261511238976,0.00023288014428161577,0.9998036008783083,9.459495961087e-05,0.997883369459711,0.0002152574513480314,0.998842549369833,0.00011561738166625543,0.9995660543516187,0.00024115809310085637,0.9991959820840556,0.00024303296856334467,0.999380960501339,0.00018044115947387748,0.0002548093774412563,"Thresholded edges form almost entirely two-record or otherwise sparse components, so transitive closure introduces few additional eligible pairs. The reported mean absolute F1 gap quantifies this."
summary,E2,three_source_partial_overlap,,splink,paper_experiments/results/E2_E6/E2/e2_per_run_metrics.csv,,,,,,,,,,10.0,0.9935447398528773,0.0009656583675467022,0.9969804596067467,0.0001673275345700795,0.9952594034217856,0.00047609842250820496,0.9945044951920707,0.0009279797424999776,0.9971692884068638,0.0002750203418972318,0.9958348598038029,0.00044051611848040535,0.9862790080757424,0.0028961177175287145,0.9980736930980052,0.00029898459056967934,0.9921393158938766,0.0014582540058160698,0.0031200875279090877,"Thresholded edges form almost entirely two-record or otherwise sparse components, so transitive closure introduces few additional eligible pairs. The reported mean absolute F1 gap quantifies this."
