paper_table,paper_analysis_label,experiment_id,condition_or_scenario,seed,yaml_path,yaml_sha256,truth_layer_sha256,truth_layer_component_sha256_json,emission_config_differences_from_table_reference,reference_yaml_path,run_path,truth_layer_hash_definition
Table I,Clean,E1,clean,20260720,paper_experiments/results/E1_multiseed/configs/e1_clean_s20260720.yaml,0b2b00ac9ca228d604ea3907efe8acb5703c23d129fce669132f203f24f66bd1,8bc715cf035571d7232541148228c8375f1a16ae74d1a03f88e0a5974493222e,"{""entity_record_map.csv"":""e1028c7070853642793c6f35d6288242ac72e345c5d91f1d04b3efc51d082b4c"",""truth_events.parquet"":""f18a492c6b69d2651567f4a6e214a79c4dbf2f4db30d66d0faa16aca4ffabf68"",""truth_household_memberships.parquet"":""c147ebc4a6461627cc534a038dd47b58f4034c6d8fc16ea2cf5767b6257da6da"",""truth_households.parquet"":""f8420fbe06c7252b8e96ee96fb91154732decea93a9e93c409e49b4946cd2563"",""truth_people.parquet"":""d85f8b2849c05ed2725a6f667813e575ea3fc79bba4b77a7643ca5823e4e7099"",""truth_residence_history.parquet"":""b69ddf9c74d144377b445cafc15c9d3069c1bda4838ece5214f64024d393f6ac""}",[],paper_experiments/results/E1_multiseed/configs/e1_clean_s20260720.yaml,phase2/runs/2026-07-22_e1_clean_s20260720_seed20260720,"SHA-256 of sorted UTF-8 name-NUL-fileSHA256-NUL entries for truth_people.parquet, truth_households.parquet, truth_household_memberships.parquet, truth_residence_history.parquet, truth_events.parquet, entity_record_map.csv"
Table I,Clean,E1,clean,20260721,paper_experiments/results/E1_multiseed/configs/e1_clean_s20260721.yaml,9e70800421c5f2a676205f7db31a8d0bbadce88f45b4a6ad4674d857d2d66b86,bc1b5efcc7574e0dae03043ce53e631816bd6914ccfcbf39fc493c066f206f36,"{""entity_record_map.csv"":""79c3b3970e78f1cee04eaecb1b38ed8c896a806818a630f48b7d74f08d2003ab"",""truth_events.parquet"":""f83f1bb08010fc55b1de114587d559a1789d7e9f3e141995467b6f70782e4264"",""truth_household_memberships.parquet"":""270dd4f3e1dc156b475a8845b6eda557ad6257619232ab76b5593f85e0bbd5f5"",""truth_households.parquet"":""914d45267da2340a867cc9e2a3bed63b9c380b1c0626bbc4ed5c9a567976bc6c"",""truth_people.parquet"":""ab9759f657cf66e1435a3f17a14b5914ab67079c6b9a8e1c585163755341f4d1"",""truth_residence_history.parquet"":""563c3db9d144241a37c2b7d1efdf94afd013b4905479c2a7304041a007d6a3fb""}",[],paper_experiments/results/E1_multiseed/configs/e1_clean_s20260721.yaml,phase2/runs/2026-07-22_e1_clean_s20260721_seed20260721,"SHA-256 of sorted UTF-8 name-NUL-fileSHA256-NUL entries for truth_people.parquet, truth_households.parquet, truth_household_memberships.parquet, truth_residence_history.parquet, truth_events.parquet, entity_record_map.csv"
Table I,Clean,E1,clean,20260722,paper_experiments/results/E1_multiseed/configs/e1_clean_s20260722.yaml,ae5027ab8598610544fc6e1105fbdaa9046d1d82dcc5eb249ffb3a852ccbf59b,457948b5e1ec283f463f75e8f66cfc019b3aba0ea28d43507503eed96a82a9db,"{""entity_record_map.csv"":""a84df9f115956cd8459986b7e067f03b4e40eaf29f4c22cd1a2194f26eb3bd8e"",""truth_events.parquet"":""f2c64eafd7f41b7778317eec1838d827dd5cbda8c025e4f11d5d6718fdea50ee"",""truth_household_memberships.parquet"":""ea276892e18a33e47cc20877600bd412cebd7d2d8df883371481a6a7eaf59d94"",""truth_households.parquet"":""3fb93de31dea2e3d4bd57bc6b37553bdd565e4b7bdfc38430ed3252f47d0aaa1"",""truth_people.parquet"":""558258989032edfc980839c70ceedee9eec8d57eea93318b5599664220f46630"",""truth_residence_history.parquet"":""18bd0fb4cf7a7ccc52fe907f12ada4dbb8a770a6c1e90ab91cbc97331a8b99d1""}",[],paper_experiments/results/E1_multiseed/configs/e1_clean_s20260722.yaml,phase2/runs/2026-07-22_e1_clean_s20260722_seed20260722,"SHA-256 of sorted UTF-8 name-NUL-fileSHA256-NUL entries for truth_people.parquet, truth_households.parquet, truth_household_memberships.parquet, truth_residence_history.parquet, truth_events.parquet, entity_record_map.csv"
Table I,Clean,E1,clean,20260723,paper_experiments/results/E1_multiseed/configs/e1_clean_s20260723.yaml,293c280553314d37f284536844b78bd9bf908fff9425c91a1af2498683a3c6ac,82d3e7dd70117934ada428a49b65ed5361972d6c3ad9077bdaf963c3f3025087,"{""entity_record_map.csv"":""6d86e4e98fbd34be6f4234d810d53222584e573b7d49e42d88a06bd910597329"",""truth_events.parquet"":""bfcdba2e8628e16fdfdbf9b80fe23501a1faf305b8bb96af71dcbbd6fbb389c6"",""truth_household_memberships.parquet"":""061733bbbdc2f6c98591c62af5223befe3e004b66e42001c4d9553e032c6f6b0"",""truth_households.parquet"":""59731da113147c81b769aef692b0faaf3b2be6cfeda7d0e2c357b8ba0d51426f"",""truth_people.parquet"":""f61f56fa8ec88418b756fd54c769bfcb372b18e3f7501bcba596ac7bf3335495"",""truth_residence_history.parquet"":""6f18528e0a5a5b9893d2c78efeb1b7aed802adf43de0322cd1bbb04a4539a9be""}",[],paper_experiments/results/E1_multiseed/configs/e1_clean_s20260723.yaml,phase2/runs/2026-07-22_e1_clean_s20260723_seed20260723,"SHA-256 of sorted UTF-8 name-NUL-fileSHA256-NUL entries for truth_people.parquet, truth_households.parquet, truth_household_memberships.parquet, truth_residence_history.parquet, truth_events.parquet, entity_record_map.csv"
Table I,Clean,E1,clean,20260724,paper_experiments/results/E1_multiseed/configs/e1_clean_s20260724.yaml,1a03082d394278534834e09c6e13ec20f2fcf2270fe14ef79494708349200135,257ff0227946a93b144413b0382d5322fa97f72ee38993f43fff2c745e940af3,"{""entity_record_map.csv"":""3b1a4cb03f50c1e38f9147b4c32e7b5555bf7768fe63b383fb65c06d83d1b542"",""truth_events.parquet"":""01c67926f6317e7a881341b48a024f06c6031067edf5e59de3b3d2da86a9dd0f"",""truth_household_memberships.parquet"":""62b52f774bc81a4599932fcd90bedfe0ff51d9797cb565becf08bc41288cff83"",""truth_households.parquet"":""0b7bf85ebff945d492582a8ca3a716b9ff8a4bc00550e98e31cc4b3cd5ed2251"",""truth_people.parquet"":""da47a51ca61eb5b60f47e68c61fc5be28e15d4d23494e793a383c054285b4e4d"",""truth_residence_history.parquet"":""fa49711dee08482361bc02ff23fdb0439b9aa1e1824bd6b7e081d36cef61f724""}",[],paper_experiments/results/E1_multiseed/configs/e1_clean_s20260724.yaml,phase2/runs/2026-07-22_e1_clean_s20260724_seed20260724,"SHA-256 of sorted UTF-8 name-NUL-fileSHA256-NUL entries for truth_people.parquet, truth_households.parquet, truth_household_memberships.parquet, truth_residence_history.parquet, truth_events.parquet, entity_record_map.csv"
Table I,Clean,E1,clean,20260725,paper_experiments/results/E1_multiseed/configs/e1_clean_s20260725.yaml,a5876fb042ae658c4fe7afe9647c9e679bb3dcf2a5ca1c3dcdc64b424eb33e9b,2718ad595dbadca1dbd8996553cfb8aea814b95d3bc0d74575c597dc44fdbbc6,"{""entity_record_map.csv"":""4545c545bb14184c6d482197dd363e3ce0d265cef1e100a31cca3b1b12795b2c"",""truth_events.parquet"":""dd4c7de489176d4c75f54c498b2cb1ede8bf3e053fc992108b920db6845fa0bd"",""truth_household_memberships.parquet"":""d69ff445200c9f2394748876b3d1d4d68c767ea5f88078e09d59b2bc5f619f07"",""truth_households.parquet"":""b5b5fff7c5eaceb3815fb9b4c86536d41b7047333c873ba37fbb0bd626ed9d08"",""truth_people.parquet"":""a1c12abbcf8f1bf229f4e38e4d64f8fc6fe1a39ddcbff9bcdd90de0a9a9a0dc4"",""truth_residence_history.parquet"":""92b449cc3b6971abbe0bdf343cff7283be6b8c2d0e44539159d28854e21bace6""}",[],paper_experiments/results/E1_multiseed/configs/e1_clean_s20260725.yaml,phase2/runs/2026-07-22_e1_clean_s20260725_seed20260725,"SHA-256 of sorted UTF-8 name-NUL-fileSHA256-NUL entries for truth_people.parquet, truth_households.parquet, truth_household_memberships.parquet, truth_residence_history.parquet, truth_events.parquet, entity_record_map.csv"
Table I,Clean,E1,clean,20260726,paper_experiments/results/E1_multiseed/configs/e1_clean_s20260726.yaml,6d6afada4332b48ec8aba32a71e46b928498db4596137d325041450a04bad869,384592f2f1c58a67f4921daadddf40cdb63d1f447323aa7ee5f42bac51bd0232,"{""entity_record_map.csv"":""228b5d339e59d7bd94ee4481b2f5195dc8118320fb5344ef266127c6642c21c2"",""truth_events.parquet"":""0ed3b30c59d2cfadd39daa2c8831fc4a955b63ca5f09196c6ac176e8ce5a26e9"",""truth_household_memberships.parquet"":""36cb3bb370fc8b5308db73c4a76bde15681fa2730d9f63bb468011bfba1ea415"",""truth_households.parquet"":""0371a698e9512d741a2fb5ccceb90706af24d2688a09fe300bb7c11d486d2bc9"",""truth_people.parquet"":""eededf0d02477898f52ac79cee96e2c2ea1e20a54c8642f3c1987b9d6f73a813"",""truth_residence_history.parquet"":""fe5484790c77f88d529e9dfc8b501701bfa18eb3792a7ac3914a5c7306cfeba2""}",[],paper_experiments/results/E1_multiseed/configs/e1_clean_s20260726.yaml,phase2/runs/2026-07-22_e1_clean_s20260726_seed20260726,"SHA-256 of sorted UTF-8 name-NUL-fileSHA256-NUL entries for truth_people.parquet, truth_households.parquet, truth_household_memberships.parquet, truth_residence_history.parquet, truth_events.parquet, entity_record_map.csv"
Table I,Clean,E1,clean,20260727,paper_experiments/results/E1_multiseed/configs/e1_clean_s20260727.yaml,71a79f1b44702ef40673acf4aebe0b6a0cd98d30afe6816b19c8ce7d1762a9fc,4bdc85eefa15c1c3a56a41029acd050b166cdaf70c27cba0317010ef8a917013,"{""entity_record_map.csv"":""c4be33d985e8942c1b60d07013ba15ae0ff521ad7b3d3d0399416a609f56fc60"",""truth_events.parquet"":""65639c30c4670339cd6e0b95133c0a1af36a5501019713ce9fc787d01d90f9c2"",""truth_household_memberships.parquet"":""7338e3e4c873bdd828cd1f9c70676c2c57acd476c5955fa7c5fa91a55e6d2b45"",""truth_households.parquet"":""408e89b11b86043a13aea4596a16c5526ad7ae7bf1ab6beb9c46d15fab3515b1"",""truth_people.parquet"":""2472bc128339f1d2165d217104b242e79066afe3bb091b75f0cfd79d70b68e07"",""truth_residence_history.parquet"":""8ef56e001ab24b0d2fd4f95263c99a017867bc1efbe98a833156919e621dd864""}",[],paper_experiments/results/E1_multiseed/configs/e1_clean_s20260727.yaml,phase2/runs/2026-07-22_e1_clean_s20260727_seed20260727,"SHA-256 of sorted UTF-8 name-NUL-fileSHA256-NUL entries for truth_people.parquet, truth_households.parquet, truth_household_memberships.parquet, truth_residence_history.parquet, truth_events.parquet, entity_record_map.csv"
Table I,Clean,E1,clean,20260728,paper_experiments/results/E1_multiseed/configs/e1_clean_s20260728.yaml,a32058a1571d4245a79095545d28e1c050b0982fbca807e1c37e682fb7f64e64,a2be96fb62bef03f4df127ad8ce87dac558ee84b1f9adfd3dba0aab29d24635d,"{""entity_record_map.csv"":""47d554ead24a73583219760627b469604780812a554bb7b704d37b32d6b0bb93"",""truth_events.parquet"":""a4ddf1b021a435b633e9297b4cc342d49175f280408d356ab12011bd0b392a4b"",""truth_household_memberships.parquet"":""05d33ee7494ca9f5c698d37c0a676ae13381fd5e4bd731b6a22cf2cb98135b95"",""truth_households.parquet"":""5c8c752fac700514ac5741110d97e910b75f73b202aa03ce5d15d52e9aa134d4"",""truth_people.parquet"":""34b0b600ccc5e867e5dda49d749e16728d2dafa9cdfbd86873f518cea99c92f8"",""truth_residence_history.parquet"":""49e2d5a7d78fa5b9078382896e8c00739ed08a06e2e2025153aa55cd97a9f204""}",[],paper_experiments/results/E1_multiseed/configs/e1_clean_s20260728.yaml,phase2/runs/2026-07-22_e1_clean_s20260728_seed20260728,"SHA-256 of sorted UTF-8 name-NUL-fileSHA256-NUL entries for truth_people.parquet, truth_households.parquet, truth_household_memberships.parquet, truth_residence_history.parquet, truth_events.parquet, entity_record_map.csv"
Table I,Clean,E1,clean,20260729,paper_experiments/results/E1_multiseed/configs/e1_clean_s20260729.yaml,7fb20eb7b9f97b48f39f0a8ee22ac78e58e6fdff8f2144a49549c6d5dc80585e,329545e59086f91a99a77e60c311a3ab106ff473bf35208c46d87ada10a95cba,"{""entity_record_map.csv"":""f8ccab71d5dcdb3ba15771ac76f328ceca5d7b1045fbaed2016c4ad73aac1c86"",""truth_events.parquet"":""85e74d4fc08185fb4098d09f16a89c53b6de6df3d40f4b92ac471f66744268ab"",""truth_household_memberships.parquet"":""b0c1f16ef559b58c0c20f1f1a4946c22d518f8833ebabd78db14911a4aed1aec"",""truth_households.parquet"":""b6119b7aeef680d081b6f9469f020977aa31b7fb2ceae8de0d2567e72b9d68c9"",""truth_people.parquet"":""5835c9850e59c569baa4159413fee69de804850daaef70d7b33b39d673896133"",""truth_residence_history.parquet"":""1e5c85cb7a9a5e41e1a2cb2da1090a1359a5f5336fc761e2d8cb3503c92e4db9""}",[],paper_experiments/results/E1_multiseed/configs/e1_clean_s20260729.yaml,phase2/runs/2026-07-22_e1_clean_s20260729_seed20260729,"SHA-256 of sorted UTF-8 name-NUL-fileSHA256-NUL entries for truth_people.parquet, truth_households.parquet, truth_household_memberships.parquet, truth_residence_history.parquet, truth_events.parquet, entity_record_map.csv"
Table I,High noise,E1,high_noise,20260720,paper_experiments/results/E1_multiseed/configs/e1_high_noise_s20260720.yaml,69b6fbf730106d7a3a37c3606d2ee06223f450bd691203f2148187c5161604e2,8bc715cf035571d7232541148228c8375f1a16ae74d1a03f88e0a5974493222e,"{""entity_record_map.csv"":""e1028c7070853642793c6f35d6288242ac72e345c5d91f1d04b3efc51d082b4c"",""truth_events.parquet"":""f18a492c6b69d2651567f4a6e214a79c4dbf2f4db30d66d0faa16aca4ffabf68"",""truth_household_memberships.parquet"":""c147ebc4a6461627cc534a038dd47b58f4034c6d8fc16ea2cf5767b6257da6da"",""truth_households.parquet"":""f8420fbe06c7252b8e96ee96fb91154732decea93a9e93c409e49b4946cd2563"",""truth_people.parquet"":""d85f8b2849c05ed2725a6f667813e575ea3fc79bba4b77a7643ca5823e4e7099"",""truth_residence_history.parquet"":""b69ddf9c74d144377b445cafc15c9d3069c1bda4838ece5214f64024d393f6ac""}","[{""current"":3.0,""path"":""emission.noise.B.address_missing_pct"",""reference"":0.2},{""current"":6.0,""path"":""emission.noise.B.date_swap_pct"",""reference"":0.0},{""current"":3.0,""path"":""emission.noise.B.dob_shift_pct"",""reference"":0.2},{""current"":35.0,""path"":""emission.noise.B.middle_name_missing_pct"",""reference"":8.0},{""current"":9.0,""path"":""emission.noise.B.name_typo_pct"",""reference"":0.5},{""current"":12.0,""path"":""emission.noise.B.nickname_pct"",""reference"":0.0},{""current"":8.0,""path"":""emission.noise.B.ocr_error_pct"",""reference"":0.0},{""current"":4.0,""path"":""emission.noise.B.phone_mask_pct"",""reference"":0.2},{""current"":8.0,""path"":""emission.noise.B.phonetic_error_pct"",""reference"":0.0},{""current"":6.0,""path"":""emission.noise.B.ssn_mask_pct"",""reference"":0.5},{""current"":10.0,""path"":""emission.noise.B.suffix_missing_pct"",""reference"":0.0},{""current"":7.0,""path"":""emission.noise.B.zip_digit_error_pct"",""reference"":0.2}]",paper_experiments/results/E1_multiseed/configs/e1_clean_s20260720.yaml,phase2/runs/2026-07-22_e1_high_noise_s20260720_seed20260720,"SHA-256 of sorted UTF-8 name-NUL-fileSHA256-NUL entries for truth_people.parquet, truth_households.parquet, truth_household_memberships.parquet, truth_residence_history.parquet, truth_events.parquet, entity_record_map.csv"
Table I,High noise,E1,high_noise,20260721,paper_experiments/results/E1_multiseed/configs/e1_high_noise_s20260721.yaml,cd71812ab08bfa7fb59dfdea9fc246c9db26473872128f876235d2c70ec7b4c1,bc1b5efcc7574e0dae03043ce53e631816bd6914ccfcbf39fc493c066f206f36,"{""entity_record_map.csv"":""79c3b3970e78f1cee04eaecb1b38ed8c896a806818a630f48b7d74f08d2003ab"",""truth_events.parquet"":""f83f1bb08010fc55b1de114587d559a1789d7e9f3e141995467b6f70782e4264"",""truth_household_memberships.parquet"":""270dd4f3e1dc156b475a8845b6eda557ad6257619232ab76b5593f85e0bbd5f5"",""truth_households.parquet"":""914d45267da2340a867cc9e2a3bed63b9c380b1c0626bbc4ed5c9a567976bc6c"",""truth_people.parquet"":""ab9759f657cf66e1435a3f17a14b5914ab67079c6b9a8e1c585163755341f4d1"",""truth_residence_history.parquet"":""563c3db9d144241a37c2b7d1efdf94afd013b4905479c2a7304041a007d6a3fb""}","[{""current"":3.0,""path"":""emission.noise.B.address_missing_pct"",""reference"":0.2},{""current"":6.0,""path"":""emission.noise.B.date_swap_pct"",""reference"":0.0},{""current"":3.0,""path"":""emission.noise.B.dob_shift_pct"",""reference"":0.2},{""current"":35.0,""path"":""emission.noise.B.middle_name_missing_pct"",""reference"":8.0},{""current"":9.0,""path"":""emission.noise.B.name_typo_pct"",""reference"":0.5},{""current"":12.0,""path"":""emission.noise.B.nickname_pct"",""reference"":0.0},{""current"":8.0,""path"":""emission.noise.B.ocr_error_pct"",""reference"":0.0},{""current"":4.0,""path"":""emission.noise.B.phone_mask_pct"",""reference"":0.2},{""current"":8.0,""path"":""emission.noise.B.phonetic_error_pct"",""reference"":0.0},{""current"":6.0,""path"":""emission.noise.B.ssn_mask_pct"",""reference"":0.5},{""current"":10.0,""path"":""emission.noise.B.suffix_missing_pct"",""reference"":0.0},{""current"":7.0,""path"":""emission.noise.B.zip_digit_error_pct"",""reference"":0.2}]",paper_experiments/results/E1_multiseed/configs/e1_clean_s20260721.yaml,phase2/runs/2026-07-22_e1_high_noise_s20260721_seed20260721,"SHA-256 of sorted UTF-8 name-NUL-fileSHA256-NUL entries for truth_people.parquet, truth_households.parquet, truth_household_memberships.parquet, truth_residence_history.parquet, truth_events.parquet, entity_record_map.csv"
Table I,High noise,E1,high_noise,20260722,paper_experiments/results/E1_multiseed/configs/e1_high_noise_s20260722.yaml,23f741a74a22fe4097563fc2927170e2599377dfff131f9c083ed33703fb0ac1,457948b5e1ec283f463f75e8f66cfc019b3aba0ea28d43507503eed96a82a9db,"{""entity_record_map.csv"":""a84df9f115956cd8459986b7e067f03b4e40eaf29f4c22cd1a2194f26eb3bd8e"",""truth_events.parquet"":""f2c64eafd7f41b7778317eec1838d827dd5cbda8c025e4f11d5d6718fdea50ee"",""truth_household_memberships.parquet"":""ea276892e18a33e47cc20877600bd412cebd7d2d8df883371481a6a7eaf59d94"",""truth_households.parquet"":""3fb93de31dea2e3d4bd57bc6b37553bdd565e4b7bdfc38430ed3252f47d0aaa1"",""truth_people.parquet"":""558258989032edfc980839c70ceedee9eec8d57eea93318b5599664220f46630"",""truth_residence_history.parquet"":""18bd0fb4cf7a7ccc52fe907f12ada4dbb8a770a6c1e90ab91cbc97331a8b99d1""}","[{""current"":3.0,""path"":""emission.noise.B.address_missing_pct"",""reference"":0.2},{""current"":6.0,""path"":""emission.noise.B.date_swap_pct"",""reference"":0.0},{""current"":3.0,""path"":""emission.noise.B.dob_shift_pct"",""reference"":0.2},{""current"":35.0,""path"":""emission.noise.B.middle_name_missing_pct"",""reference"":8.0},{""current"":9.0,""path"":""emission.noise.B.name_typo_pct"",""reference"":0.5},{""current"":12.0,""path"":""emission.noise.B.nickname_pct"",""reference"":0.0},{""current"":8.0,""path"":""emission.noise.B.ocr_error_pct"",""reference"":0.0},{""current"":4.0,""path"":""emission.noise.B.phone_mask_pct"",""reference"":0.2},{""current"":8.0,""path"":""emission.noise.B.phonetic_error_pct"",""reference"":0.0},{""current"":6.0,""path"":""emission.noise.B.ssn_mask_pct"",""reference"":0.5},{""current"":10.0,""path"":""emission.noise.B.suffix_missing_pct"",""reference"":0.0},{""current"":7.0,""path"":""emission.noise.B.zip_digit_error_pct"",""reference"":0.2}]",paper_experiments/results/E1_multiseed/configs/e1_clean_s20260722.yaml,phase2/runs/2026-07-22_e1_high_noise_s20260722_seed20260722,"SHA-256 of sorted UTF-8 name-NUL-fileSHA256-NUL entries for truth_people.parquet, truth_households.parquet, truth_household_memberships.parquet, truth_residence_history.parquet, truth_events.parquet, entity_record_map.csv"
Table I,High noise,E1,high_noise,20260723,paper_experiments/results/E1_multiseed/configs/e1_high_noise_s20260723.yaml,9ee895544e517a54e7b611f0de432c56440f89df6fa7a6927980dfdedcbb7b4c,82d3e7dd70117934ada428a49b65ed5361972d6c3ad9077bdaf963c3f3025087,"{""entity_record_map.csv"":""6d86e4e98fbd34be6f4234d810d53222584e573b7d49e42d88a06bd910597329"",""truth_events.parquet"":""bfcdba2e8628e16fdfdbf9b80fe23501a1faf305b8bb96af71dcbbd6fbb389c6"",""truth_household_memberships.parquet"":""061733bbbdc2f6c98591c62af5223befe3e004b66e42001c4d9553e032c6f6b0"",""truth_households.parquet"":""59731da113147c81b769aef692b0faaf3b2be6cfeda7d0e2c357b8ba0d51426f"",""truth_people.parquet"":""f61f56fa8ec88418b756fd54c769bfcb372b18e3f7501bcba596ac7bf3335495"",""truth_residence_history.parquet"":""6f18528e0a5a5b9893d2c78efeb1b7aed802adf43de0322cd1bbb04a4539a9be""}","[{""current"":3.0,""path"":""emission.noise.B.address_missing_pct"",""reference"":0.2},{""current"":6.0,""path"":""emission.noise.B.date_swap_pct"",""reference"":0.0},{""current"":3.0,""path"":""emission.noise.B.dob_shift_pct"",""reference"":0.2},{""current"":35.0,""path"":""emission.noise.B.middle_name_missing_pct"",""reference"":8.0},{""current"":9.0,""path"":""emission.noise.B.name_typo_pct"",""reference"":0.5},{""current"":12.0,""path"":""emission.noise.B.nickname_pct"",""reference"":0.0},{""current"":8.0,""path"":""emission.noise.B.ocr_error_pct"",""reference"":0.0},{""current"":4.0,""path"":""emission.noise.B.phone_mask_pct"",""reference"":0.2},{""current"":8.0,""path"":""emission.noise.B.phonetic_error_pct"",""reference"":0.0},{""current"":6.0,""path"":""emission.noise.B.ssn_mask_pct"",""reference"":0.5},{""current"":10.0,""path"":""emission.noise.B.suffix_missing_pct"",""reference"":0.0},{""current"":7.0,""path"":""emission.noise.B.zip_digit_error_pct"",""reference"":0.2}]",paper_experiments/results/E1_multiseed/configs/e1_clean_s20260723.yaml,phase2/runs/2026-07-22_e1_high_noise_s20260723_seed20260723,"SHA-256 of sorted UTF-8 name-NUL-fileSHA256-NUL entries for truth_people.parquet, truth_households.parquet, truth_household_memberships.parquet, truth_residence_history.parquet, truth_events.parquet, entity_record_map.csv"
Table I,High noise,E1,high_noise,20260724,paper_experiments/results/E1_multiseed/configs/e1_high_noise_s20260724.yaml,d4949073929ba4478c8603e87f4054df56a3b3c7be73083552410eee66a4943c,257ff0227946a93b144413b0382d5322fa97f72ee38993f43fff2c745e940af3,"{""entity_record_map.csv"":""3b1a4cb03f50c1e38f9147b4c32e7b5555bf7768fe63b383fb65c06d83d1b542"",""truth_events.parquet"":""01c67926f6317e7a881341b48a024f06c6031067edf5e59de3b3d2da86a9dd0f"",""truth_household_memberships.parquet"":""62b52f774bc81a4599932fcd90bedfe0ff51d9797cb565becf08bc41288cff83"",""truth_households.parquet"":""0b7bf85ebff945d492582a8ca3a716b9ff8a4bc00550e98e31cc4b3cd5ed2251"",""truth_people.parquet"":""da47a51ca61eb5b60f47e68c61fc5be28e15d4d23494e793a383c054285b4e4d"",""truth_residence_history.parquet"":""fa49711dee08482361bc02ff23fdb0439b9aa1e1824bd6b7e081d36cef61f724""}","[{""current"":3.0,""path"":""emission.noise.B.address_missing_pct"",""reference"":0.2},{""current"":6.0,""path"":""emission.noise.B.date_swap_pct"",""reference"":0.0},{""current"":3.0,""path"":""emission.noise.B.dob_shift_pct"",""reference"":0.2},{""current"":35.0,""path"":""emission.noise.B.middle_name_missing_pct"",""reference"":8.0},{""current"":9.0,""path"":""emission.noise.B.name_typo_pct"",""reference"":0.5},{""current"":12.0,""path"":""emission.noise.B.nickname_pct"",""reference"":0.0},{""current"":8.0,""path"":""emission.noise.B.ocr_error_pct"",""reference"":0.0},{""current"":4.0,""path"":""emission.noise.B.phone_mask_pct"",""reference"":0.2},{""current"":8.0,""path"":""emission.noise.B.phonetic_error_pct"",""reference"":0.0},{""current"":6.0,""path"":""emission.noise.B.ssn_mask_pct"",""reference"":0.5},{""current"":10.0,""path"":""emission.noise.B.suffix_missing_pct"",""reference"":0.0},{""current"":7.0,""path"":""emission.noise.B.zip_digit_error_pct"",""reference"":0.2}]",paper_experiments/results/E1_multiseed/configs/e1_clean_s20260724.yaml,phase2/runs/2026-07-22_e1_high_noise_s20260724_seed20260724,"SHA-256 of sorted UTF-8 name-NUL-fileSHA256-NUL entries for truth_people.parquet, truth_households.parquet, truth_household_memberships.parquet, truth_residence_history.parquet, truth_events.parquet, entity_record_map.csv"
Table I,High noise,E1,high_noise,20260725,paper_experiments/results/E1_multiseed/configs/e1_high_noise_s20260725.yaml,2e6e7ed5f1419117ed6933bc3be5cfe8fb1c1f0ffa54c1b6c7018d57d76d094b,2718ad595dbadca1dbd8996553cfb8aea814b95d3bc0d74575c597dc44fdbbc6,"{""entity_record_map.csv"":""4545c545bb14184c6d482197dd363e3ce0d265cef1e100a31cca3b1b12795b2c"",""truth_events.parquet"":""dd4c7de489176d4c75f54c498b2cb1ede8bf3e053fc992108b920db6845fa0bd"",""truth_household_memberships.parquet"":""d69ff445200c9f2394748876b3d1d4d68c767ea5f88078e09d59b2bc5f619f07"",""truth_households.parquet"":""b5b5fff7c5eaceb3815fb9b4c86536d41b7047333c873ba37fbb0bd626ed9d08"",""truth_people.parquet"":""a1c12abbcf8f1bf229f4e38e4d64f8fc6fe1a39ddcbff9bcdd90de0a9a9a0dc4"",""truth_residence_history.parquet"":""92b449cc3b6971abbe0bdf343cff7283be6b8c2d0e44539159d28854e21bace6""}","[{""current"":3.0,""path"":""emission.noise.B.address_missing_pct"",""reference"":0.2},{""current"":6.0,""path"":""emission.noise.B.date_swap_pct"",""reference"":0.0},{""current"":3.0,""path"":""emission.noise.B.dob_shift_pct"",""reference"":0.2},{""current"":35.0,""path"":""emission.noise.B.middle_name_missing_pct"",""reference"":8.0},{""current"":9.0,""path"":""emission.noise.B.name_typo_pct"",""reference"":0.5},{""current"":12.0,""path"":""emission.noise.B.nickname_pct"",""reference"":0.0},{""current"":8.0,""path"":""emission.noise.B.ocr_error_pct"",""reference"":0.0},{""current"":4.0,""path"":""emission.noise.B.phone_mask_pct"",""reference"":0.2},{""current"":8.0,""path"":""emission.noise.B.phonetic_error_pct"",""reference"":0.0},{""current"":6.0,""path"":""emission.noise.B.ssn_mask_pct"",""reference"":0.5},{""current"":10.0,""path"":""emission.noise.B.suffix_missing_pct"",""reference"":0.0},{""current"":7.0,""path"":""emission.noise.B.zip_digit_error_pct"",""reference"":0.2}]",paper_experiments/results/E1_multiseed/configs/e1_clean_s20260725.yaml,phase2/runs/2026-07-22_e1_high_noise_s20260725_seed20260725,"SHA-256 of sorted UTF-8 name-NUL-fileSHA256-NUL entries for truth_people.parquet, truth_households.parquet, truth_household_memberships.parquet, truth_residence_history.parquet, truth_events.parquet, entity_record_map.csv"
Table I,High noise,E1,high_noise,20260726,paper_experiments/results/E1_multiseed/configs/e1_high_noise_s20260726.yaml,226e0f652f49184b69f9c133cd709feb029af1666505def7ff425b28e0e56ad1,384592f2f1c58a67f4921daadddf40cdb63d1f447323aa7ee5f42bac51bd0232,"{""entity_record_map.csv"":""228b5d339e59d7bd94ee4481b2f5195dc8118320fb5344ef266127c6642c21c2"",""truth_events.parquet"":""0ed3b30c59d2cfadd39daa2c8831fc4a955b63ca5f09196c6ac176e8ce5a26e9"",""truth_household_memberships.parquet"":""36cb3bb370fc8b5308db73c4a76bde15681fa2730d9f63bb468011bfba1ea415"",""truth_households.parquet"":""0371a698e9512d741a2fb5ccceb90706af24d2688a09fe300bb7c11d486d2bc9"",""truth_people.parquet"":""eededf0d02477898f52ac79cee96e2c2ea1e20a54c8642f3c1987b9d6f73a813"",""truth_residence_history.parquet"":""fe5484790c77f88d529e9dfc8b501701bfa18eb3792a7ac3914a5c7306cfeba2""}","[{""current"":3.0,""path"":""emission.noise.B.address_missing_pct"",""reference"":0.2},{""current"":6.0,""path"":""emission.noise.B.date_swap_pct"",""reference"":0.0},{""current"":3.0,""path"":""emission.noise.B.dob_shift_pct"",""reference"":0.2},{""current"":35.0,""path"":""emission.noise.B.middle_name_missing_pct"",""reference"":8.0},{""current"":9.0,""path"":""emission.noise.B.name_typo_pct"",""reference"":0.5},{""current"":12.0,""path"":""emission.noise.B.nickname_pct"",""reference"":0.0},{""current"":8.0,""path"":""emission.noise.B.ocr_error_pct"",""reference"":0.0},{""current"":4.0,""path"":""emission.noise.B.phone_mask_pct"",""reference"":0.2},{""current"":8.0,""path"":""emission.noise.B.phonetic_error_pct"",""reference"":0.0},{""current"":6.0,""path"":""emission.noise.B.ssn_mask_pct"",""reference"":0.5},{""current"":10.0,""path"":""emission.noise.B.suffix_missing_pct"",""reference"":0.0},{""current"":7.0,""path"":""emission.noise.B.zip_digit_error_pct"",""reference"":0.2}]",paper_experiments/results/E1_multiseed/configs/e1_clean_s20260726.yaml,phase2/runs/2026-07-22_e1_high_noise_s20260726_seed20260726,"SHA-256 of sorted UTF-8 name-NUL-fileSHA256-NUL entries for truth_people.parquet, truth_households.parquet, truth_household_memberships.parquet, truth_residence_history.parquet, truth_events.parquet, entity_record_map.csv"
Table I,High noise,E1,high_noise,20260727,paper_experiments/results/E1_multiseed/configs/e1_high_noise_s20260727.yaml,3405c5553c70f445af12c0f7a1a64e2a94c8c89d05967242d04a9648ba0227f4,4bdc85eefa15c1c3a56a41029acd050b166cdaf70c27cba0317010ef8a917013,"{""entity_record_map.csv"":""c4be33d985e8942c1b60d07013ba15ae0ff521ad7b3d3d0399416a609f56fc60"",""truth_events.parquet"":""65639c30c4670339cd6e0b95133c0a1af36a5501019713ce9fc787d01d90f9c2"",""truth_household_memberships.parquet"":""7338e3e4c873bdd828cd1f9c70676c2c57acd476c5955fa7c5fa91a55e6d2b45"",""truth_households.parquet"":""408e89b11b86043a13aea4596a16c5526ad7ae7bf1ab6beb9c46d15fab3515b1"",""truth_people.parquet"":""2472bc128339f1d2165d217104b242e79066afe3bb091b75f0cfd79d70b68e07"",""truth_residence_history.parquet"":""8ef56e001ab24b0d2fd4f95263c99a017867bc1efbe98a833156919e621dd864""}","[{""current"":3.0,""path"":""emission.noise.B.address_missing_pct"",""reference"":0.2},{""current"":6.0,""path"":""emission.noise.B.date_swap_pct"",""reference"":0.0},{""current"":3.0,""path"":""emission.noise.B.dob_shift_pct"",""reference"":0.2},{""current"":35.0,""path"":""emission.noise.B.middle_name_missing_pct"",""reference"":8.0},{""current"":9.0,""path"":""emission.noise.B.name_typo_pct"",""reference"":0.5},{""current"":12.0,""path"":""emission.noise.B.nickname_pct"",""reference"":0.0},{""current"":8.0,""path"":""emission.noise.B.ocr_error_pct"",""reference"":0.0},{""current"":4.0,""path"":""emission.noise.B.phone_mask_pct"",""reference"":0.2},{""current"":8.0,""path"":""emission.noise.B.phonetic_error_pct"",""reference"":0.0},{""current"":6.0,""path"":""emission.noise.B.ssn_mask_pct"",""reference"":0.5},{""current"":10.0,""path"":""emission.noise.B.suffix_missing_pct"",""reference"":0.0},{""current"":7.0,""path"":""emission.noise.B.zip_digit_error_pct"",""reference"":0.2}]",paper_experiments/results/E1_multiseed/configs/e1_clean_s20260727.yaml,phase2/runs/2026-07-22_e1_high_noise_s20260727_seed20260727,"SHA-256 of sorted UTF-8 name-NUL-fileSHA256-NUL entries for truth_people.parquet, truth_households.parquet, truth_household_memberships.parquet, truth_residence_history.parquet, truth_events.parquet, entity_record_map.csv"
Table I,High noise,E1,high_noise,20260728,paper_experiments/results/E1_multiseed/configs/e1_high_noise_s20260728.yaml,b28f05a0a29ae75b378d7041ab717d745da572e19ef2d4565d3a78f0f5aceac0,a2be96fb62bef03f4df127ad8ce87dac558ee84b1f9adfd3dba0aab29d24635d,"{""entity_record_map.csv"":""47d554ead24a73583219760627b469604780812a554bb7b704d37b32d6b0bb93"",""truth_events.parquet"":""a4ddf1b021a435b633e9297b4cc342d49175f280408d356ab12011bd0b392a4b"",""truth_household_memberships.parquet"":""05d33ee7494ca9f5c698d37c0a676ae13381fd5e4bd731b6a22cf2cb98135b95"",""truth_households.parquet"":""5c8c752fac700514ac5741110d97e910b75f73b202aa03ce5d15d52e9aa134d4"",""truth_people.parquet"":""34b0b600ccc5e867e5dda49d749e16728d2dafa9cdfbd86873f518cea99c92f8"",""truth_residence_history.parquet"":""49e2d5a7d78fa5b9078382896e8c00739ed08a06e2e2025153aa55cd97a9f204""}","[{""current"":3.0,""path"":""emission.noise.B.address_missing_pct"",""reference"":0.2},{""current"":6.0,""path"":""emission.noise.B.date_swap_pct"",""reference"":0.0},{""current"":3.0,""path"":""emission.noise.B.dob_shift_pct"",""reference"":0.2},{""current"":35.0,""path"":""emission.noise.B.middle_name_missing_pct"",""reference"":8.0},{""current"":9.0,""path"":""emission.noise.B.name_typo_pct"",""reference"":0.5},{""current"":12.0,""path"":""emission.noise.B.nickname_pct"",""reference"":0.0},{""current"":8.0,""path"":""emission.noise.B.ocr_error_pct"",""reference"":0.0},{""current"":4.0,""path"":""emission.noise.B.phone_mask_pct"",""reference"":0.2},{""current"":8.0,""path"":""emission.noise.B.phonetic_error_pct"",""reference"":0.0},{""current"":6.0,""path"":""emission.noise.B.ssn_mask_pct"",""reference"":0.5},{""current"":10.0,""path"":""emission.noise.B.suffix_missing_pct"",""reference"":0.0},{""current"":7.0,""path"":""emission.noise.B.zip_digit_error_pct"",""reference"":0.2}]",paper_experiments/results/E1_multiseed/configs/e1_clean_s20260728.yaml,phase2/runs/2026-07-22_e1_high_noise_s20260728_seed20260728,"SHA-256 of sorted UTF-8 name-NUL-fileSHA256-NUL entries for truth_people.parquet, truth_households.parquet, truth_household_memberships.parquet, truth_residence_history.parquet, truth_events.parquet, entity_record_map.csv"
Table I,High noise,E1,high_noise,20260729,paper_experiments/results/E1_multiseed/configs/e1_high_noise_s20260729.yaml,0154fee46144001ab26fe344cb3b1e1388496beba8d32e6060d823d4b70d0e24,329545e59086f91a99a77e60c311a3ab106ff473bf35208c46d87ada10a95cba,"{""entity_record_map.csv"":""f8ccab71d5dcdb3ba15771ac76f328ceca5d7b1045fbaed2016c4ad73aac1c86"",""truth_events.parquet"":""85e74d4fc08185fb4098d09f16a89c53b6de6df3d40f4b92ac471f66744268ab"",""truth_household_memberships.parquet"":""b0c1f16ef559b58c0c20f1f1a4946c22d518f8833ebabd78db14911a4aed1aec"",""truth_households.parquet"":""b6119b7aeef680d081b6f9469f020977aa31b7fb2ceae8de0d2567e72b9d68c9"",""truth_people.parquet"":""5835c9850e59c569baa4159413fee69de804850daaef70d7b33b39d673896133"",""truth_residence_history.parquet"":""1e5c85cb7a9a5e41e1a2cb2da1090a1359a5f5336fc761e2d8cb3503c92e4db9""}","[{""current"":3.0,""path"":""emission.noise.B.address_missing_pct"",""reference"":0.2},{""current"":6.0,""path"":""emission.noise.B.date_swap_pct"",""reference"":0.0},{""current"":3.0,""path"":""emission.noise.B.dob_shift_pct"",""reference"":0.2},{""current"":35.0,""path"":""emission.noise.B.middle_name_missing_pct"",""reference"":8.0},{""current"":9.0,""path"":""emission.noise.B.name_typo_pct"",""reference"":0.5},{""current"":12.0,""path"":""emission.noise.B.nickname_pct"",""reference"":0.0},{""current"":8.0,""path"":""emission.noise.B.ocr_error_pct"",""reference"":0.0},{""current"":4.0,""path"":""emission.noise.B.phone_mask_pct"",""reference"":0.2},{""current"":8.0,""path"":""emission.noise.B.phonetic_error_pct"",""reference"":0.0},{""current"":6.0,""path"":""emission.noise.B.ssn_mask_pct"",""reference"":0.5},{""current"":10.0,""path"":""emission.noise.B.suffix_missing_pct"",""reference"":0.0},{""current"":7.0,""path"":""emission.noise.B.zip_digit_error_pct"",""reference"":0.2}]",paper_experiments/results/E1_multiseed/configs/e1_clean_s20260729.yaml,phase2/runs/2026-07-22_e1_high_noise_s20260729_seed20260729,"SHA-256 of sorted UTF-8 name-NUL-fileSHA256-NUL entries for truth_people.parquet, truth_households.parquet, truth_household_memberships.parquet, truth_residence_history.parquet, truth_events.parquet, entity_record_map.csv"
Table I,Low overlap,E1,low_overlap,20260720,paper_experiments/results/E1_multiseed/configs/e1_low_overlap_s20260720.yaml,ba45d6bcef5c37abb3def67e9861c85475b94d78cf7061864f6a2c940ff19a35,bba454283cb8455be7a95e6e1d5896a3147145eddb6e25c19c59dac100e3cfc7,"{""entity_record_map.csv"":""a0fc402bf7e51d618bc448611034d906e0cf45930ac683490050f83b43fc1728"",""truth_events.parquet"":""f18a492c6b69d2651567f4a6e214a79c4dbf2f4db30d66d0faa16aca4ffabf68"",""truth_household_memberships.parquet"":""c147ebc4a6461627cc534a038dd47b58f4034c6d8fc16ea2cf5767b6257da6da"",""truth_households.parquet"":""f8420fbe06c7252b8e96ee96fb91154732decea93a9e93c409e49b4946cd2563"",""truth_people.parquet"":""d85f8b2849c05ed2725a6f667813e575ea3fc79bba4b77a7643ca5823e4e7099"",""truth_residence_history.parquet"":""b69ddf9c74d144377b445cafc15c9d3069c1bda4838ece5214f64024d393f6ac""}","[{""current"":58.0,""path"":""emission.appearance_A_pct"",""reference"":96.0},{""current"":52.0,""path"":""emission.appearance_B_pct"",""reference"":97.0},{""current"":22.0,""path"":""emission.overlap_entity_pct"",""reference"":92.0}]",paper_experiments/results/E1_multiseed/configs/e1_clean_s20260720.yaml,phase2/runs/2026-07-22_e1_low_overlap_s20260720_seed20260720,"SHA-256 of sorted UTF-8 name-NUL-fileSHA256-NUL entries for truth_people.parquet, truth_households.parquet, truth_household_memberships.parquet, truth_residence_history.parquet, truth_events.parquet, entity_record_map.csv"
Table I,Low overlap,E1,low_overlap,20260721,paper_experiments/results/E1_multiseed/configs/e1_low_overlap_s20260721.yaml,bd9a2303340ed512a16fbc672c155fb3dc1cc0a10f3f86bc5639df30607b9409,ea43a7a335507737e5d61284a205f18dc9db8245e84387da01afd06f811fb735,"{""entity_record_map.csv"":""e9e48f92569d60441b1b8c389d0e6bd496961ece484de4ffd4d7a1fb0f23b47f"",""truth_events.parquet"":""f83f1bb08010fc55b1de114587d559a1789d7e9f3e141995467b6f70782e4264"",""truth_household_memberships.parquet"":""270dd4f3e1dc156b475a8845b6eda557ad6257619232ab76b5593f85e0bbd5f5"",""truth_households.parquet"":""914d45267da2340a867cc9e2a3bed63b9c380b1c0626bbc4ed5c9a567976bc6c"",""truth_people.parquet"":""ab9759f657cf66e1435a3f17a14b5914ab67079c6b9a8e1c585163755341f4d1"",""truth_residence_history.parquet"":""563c3db9d144241a37c2b7d1efdf94afd013b4905479c2a7304041a007d6a3fb""}","[{""current"":58.0,""path"":""emission.appearance_A_pct"",""reference"":96.0},{""current"":52.0,""path"":""emission.appearance_B_pct"",""reference"":97.0},{""current"":22.0,""path"":""emission.overlap_entity_pct"",""reference"":92.0}]",paper_experiments/results/E1_multiseed/configs/e1_clean_s20260721.yaml,phase2/runs/2026-07-22_e1_low_overlap_s20260721_seed20260721,"SHA-256 of sorted UTF-8 name-NUL-fileSHA256-NUL entries for truth_people.parquet, truth_households.parquet, truth_household_memberships.parquet, truth_residence_history.parquet, truth_events.parquet, entity_record_map.csv"
Table I,Low overlap,E1,low_overlap,20260722,paper_experiments/results/E1_multiseed/configs/e1_low_overlap_s20260722.yaml,0e0092899460c0d85037f67b78caefbd8827a946b1600c08e8a77f4004361148,89de348d31a30813b03c2a04b60960ffdb72e2844129388cf438ffe51f961e6c,"{""entity_record_map.csv"":""5860551a388c6e224445a117c1766e0a777614b355fc5fc4d6cdc2fe8ab5afa9"",""truth_events.parquet"":""f2c64eafd7f41b7778317eec1838d827dd5cbda8c025e4f11d5d6718fdea50ee"",""truth_household_memberships.parquet"":""ea276892e18a33e47cc20877600bd412cebd7d2d8df883371481a6a7eaf59d94"",""truth_households.parquet"":""3fb93de31dea2e3d4bd57bc6b37553bdd565e4b7bdfc38430ed3252f47d0aaa1"",""truth_people.parquet"":""558258989032edfc980839c70ceedee9eec8d57eea93318b5599664220f46630"",""truth_residence_history.parquet"":""18bd0fb4cf7a7ccc52fe907f12ada4dbb8a770a6c1e90ab91cbc97331a8b99d1""}","[{""current"":58.0,""path"":""emission.appearance_A_pct"",""reference"":96.0},{""current"":52.0,""path"":""emission.appearance_B_pct"",""reference"":97.0},{""current"":22.0,""path"":""emission.overlap_entity_pct"",""reference"":92.0}]",paper_experiments/results/E1_multiseed/configs/e1_clean_s20260722.yaml,phase2/runs/2026-07-22_e1_low_overlap_s20260722_seed20260722,"SHA-256 of sorted UTF-8 name-NUL-fileSHA256-NUL entries for truth_people.parquet, truth_households.parquet, truth_household_memberships.parquet, truth_residence_history.parquet, truth_events.parquet, entity_record_map.csv"
Table I,Low overlap,E1,low_overlap,20260723,paper_experiments/results/E1_multiseed/configs/e1_low_overlap_s20260723.yaml,2bc48d7722c243ff63c99e22935180625e275f955a6d442d1b5a462d79d14047,b1b46f01a0afb6e03bd011fc0bb32a5fee4a146bc4ab490132523531354dcb03,"{""entity_record_map.csv"":""8cf29a587812b9d3c0c87a47e9b274f454757a1eaab413593e6458daf0210a33"",""truth_events.parquet"":""bfcdba2e8628e16fdfdbf9b80fe23501a1faf305b8bb96af71dcbbd6fbb389c6"",""truth_household_memberships.parquet"":""061733bbbdc2f6c98591c62af5223befe3e004b66e42001c4d9553e032c6f6b0"",""truth_households.parquet"":""59731da113147c81b769aef692b0faaf3b2be6cfeda7d0e2c357b8ba0d51426f"",""truth_people.parquet"":""f61f56fa8ec88418b756fd54c769bfcb372b18e3f7501bcba596ac7bf3335495"",""truth_residence_history.parquet"":""6f18528e0a5a5b9893d2c78efeb1b7aed802adf43de0322cd1bbb04a4539a9be""}","[{""current"":58.0,""path"":""emission.appearance_A_pct"",""reference"":96.0},{""current"":52.0,""path"":""emission.appearance_B_pct"",""reference"":97.0},{""current"":22.0,""path"":""emission.overlap_entity_pct"",""reference"":92.0}]",paper_experiments/results/E1_multiseed/configs/e1_clean_s20260723.yaml,phase2/runs/2026-07-22_e1_low_overlap_s20260723_seed20260723,"SHA-256 of sorted UTF-8 name-NUL-fileSHA256-NUL entries for truth_people.parquet, truth_households.parquet, truth_household_memberships.parquet, truth_residence_history.parquet, truth_events.parquet, entity_record_map.csv"
Table I,Low overlap,E1,low_overlap,20260724,paper_experiments/results/E1_multiseed/configs/e1_low_overlap_s20260724.yaml,13133f45ad589f9a6330b1b1ab01fa408fa3d4dd4b0ae7f1d3ac4f495f7e2467,a201bc123b15d715d822487c983d7a8d7176691d8d88671bc4e3797d74ad443d,"{""entity_record_map.csv"":""bc0dd9e54d177a6cc320ab500957a7bbf45bc5b945d9878ed63cf610280e7dd4"",""truth_events.parquet"":""01c67926f6317e7a881341b48a024f06c6031067edf5e59de3b3d2da86a9dd0f"",""truth_household_memberships.parquet"":""62b52f774bc81a4599932fcd90bedfe0ff51d9797cb565becf08bc41288cff83"",""truth_households.parquet"":""0b7bf85ebff945d492582a8ca3a716b9ff8a4bc00550e98e31cc4b3cd5ed2251"",""truth_people.parquet"":""da47a51ca61eb5b60f47e68c61fc5be28e15d4d23494e793a383c054285b4e4d"",""truth_residence_history.parquet"":""fa49711dee08482361bc02ff23fdb0439b9aa1e1824bd6b7e081d36cef61f724""}","[{""current"":58.0,""path"":""emission.appearance_A_pct"",""reference"":96.0},{""current"":52.0,""path"":""emission.appearance_B_pct"",""reference"":97.0},{""current"":22.0,""path"":""emission.overlap_entity_pct"",""reference"":92.0}]",paper_experiments/results/E1_multiseed/configs/e1_clean_s20260724.yaml,phase2/runs/2026-07-22_e1_low_overlap_s20260724_seed20260724,"SHA-256 of sorted UTF-8 name-NUL-fileSHA256-NUL entries for truth_people.parquet, truth_households.parquet, truth_household_memberships.parquet, truth_residence_history.parquet, truth_events.parquet, entity_record_map.csv"
Table I,Low overlap,E1,low_overlap,20260725,paper_experiments/results/E1_multiseed/configs/e1_low_overlap_s20260725.yaml,58f03072a8ddadc4b85f933f053577505de97bf8f537dcd1db7a20d2f638a4c6,65af2e675292cbf2529fe89811e75544f575aa24ed4828710a176a8ebdc49954,"{""entity_record_map.csv"":""b0ce49dd07bb6f32ea9176021348d2d4d76e0a000859a4b4dd96124e40fc35f3"",""truth_events.parquet"":""dd4c7de489176d4c75f54c498b2cb1ede8bf3e053fc992108b920db6845fa0bd"",""truth_household_memberships.parquet"":""d69ff445200c9f2394748876b3d1d4d68c767ea5f88078e09d59b2bc5f619f07"",""truth_households.parquet"":""b5b5fff7c5eaceb3815fb9b4c86536d41b7047333c873ba37fbb0bd626ed9d08"",""truth_people.parquet"":""a1c12abbcf8f1bf229f4e38e4d64f8fc6fe1a39ddcbff9bcdd90de0a9a9a0dc4"",""truth_residence_history.parquet"":""92b449cc3b6971abbe0bdf343cff7283be6b8c2d0e44539159d28854e21bace6""}","[{""current"":58.0,""path"":""emission.appearance_A_pct"",""reference"":96.0},{""current"":52.0,""path"":""emission.appearance_B_pct"",""reference"":97.0},{""current"":22.0,""path"":""emission.overlap_entity_pct"",""reference"":92.0}]",paper_experiments/results/E1_multiseed/configs/e1_clean_s20260725.yaml,phase2/runs/2026-07-22_e1_low_overlap_s20260725_seed20260725,"SHA-256 of sorted UTF-8 name-NUL-fileSHA256-NUL entries for truth_people.parquet, truth_households.parquet, truth_household_memberships.parquet, truth_residence_history.parquet, truth_events.parquet, entity_record_map.csv"
Table I,Low overlap,E1,low_overlap,20260726,paper_experiments/results/E1_multiseed/configs/e1_low_overlap_s20260726.yaml,5db78e518479a8c495844ecbedff6b69a0aa9742ecb62e3b0f4cd127f151e438,b9074dd98e463109b17ffe046daa411a29eb7dff968781063b8ff8137f36a45f,"{""entity_record_map.csv"":""4fcdbffff86fea8eff04245b8124b0b370932c53db87cb76856c093770cdd757"",""truth_events.parquet"":""0ed3b30c59d2cfadd39daa2c8831fc4a955b63ca5f09196c6ac176e8ce5a26e9"",""truth_household_memberships.parquet"":""36cb3bb370fc8b5308db73c4a76bde15681fa2730d9f63bb468011bfba1ea415"",""truth_households.parquet"":""0371a698e9512d741a2fb5ccceb90706af24d2688a09fe300bb7c11d486d2bc9"",""truth_people.parquet"":""eededf0d02477898f52ac79cee96e2c2ea1e20a54c8642f3c1987b9d6f73a813"",""truth_residence_history.parquet"":""fe5484790c77f88d529e9dfc8b501701bfa18eb3792a7ac3914a5c7306cfeba2""}","[{""current"":58.0,""path"":""emission.appearance_A_pct"",""reference"":96.0},{""current"":52.0,""path"":""emission.appearance_B_pct"",""reference"":97.0},{""current"":22.0,""path"":""emission.overlap_entity_pct"",""reference"":92.0}]",paper_experiments/results/E1_multiseed/configs/e1_clean_s20260726.yaml,phase2/runs/2026-07-22_e1_low_overlap_s20260726_seed20260726,"SHA-256 of sorted UTF-8 name-NUL-fileSHA256-NUL entries for truth_people.parquet, truth_households.parquet, truth_household_memberships.parquet, truth_residence_history.parquet, truth_events.parquet, entity_record_map.csv"
Table I,Low overlap,E1,low_overlap,20260727,paper_experiments/results/E1_multiseed/configs/e1_low_overlap_s20260727.yaml,68d67672bc4f5664114cf2d3fe698039b67561b2800435cd97075114a998cd85,82e599ce6cbdfd4ebaf03f76c7200de2f404ae87fb711baef7b98df9546e1bda,"{""entity_record_map.csv"":""6f4636c720fad498eb50f3ee8384e88a2245398a5fe2fa056c61a6702b615620"",""truth_events.parquet"":""65639c30c4670339cd6e0b95133c0a1af36a5501019713ce9fc787d01d90f9c2"",""truth_household_memberships.parquet"":""7338e3e4c873bdd828cd1f9c70676c2c57acd476c5955fa7c5fa91a55e6d2b45"",""truth_households.parquet"":""408e89b11b86043a13aea4596a16c5526ad7ae7bf1ab6beb9c46d15fab3515b1"",""truth_people.parquet"":""2472bc128339f1d2165d217104b242e79066afe3bb091b75f0cfd79d70b68e07"",""truth_residence_history.parquet"":""8ef56e001ab24b0d2fd4f95263c99a017867bc1efbe98a833156919e621dd864""}","[{""current"":58.0,""path"":""emission.appearance_A_pct"",""reference"":96.0},{""current"":52.0,""path"":""emission.appearance_B_pct"",""reference"":97.0},{""current"":22.0,""path"":""emission.overlap_entity_pct"",""reference"":92.0}]",paper_experiments/results/E1_multiseed/configs/e1_clean_s20260727.yaml,phase2/runs/2026-07-22_e1_low_overlap_s20260727_seed20260727,"SHA-256 of sorted UTF-8 name-NUL-fileSHA256-NUL entries for truth_people.parquet, truth_households.parquet, truth_household_memberships.parquet, truth_residence_history.parquet, truth_events.parquet, entity_record_map.csv"
Table I,Low overlap,E1,low_overlap,20260728,paper_experiments/results/E1_multiseed/configs/e1_low_overlap_s20260728.yaml,620b8e4b8fa978c22dc87d5f9dfdab9b2612a1ecfac0682231abdbdeca240269,a861402b227315155e8ae69e4e2c957e199d3db69392efded05fb70fbb33c472,"{""entity_record_map.csv"":""20d31daf4fe4f2238d764d3ea4937177ed7fe2d60a83467a7fc07f6ab3dd2c21"",""truth_events.parquet"":""a4ddf1b021a435b633e9297b4cc342d49175f280408d356ab12011bd0b392a4b"",""truth_household_memberships.parquet"":""05d33ee7494ca9f5c698d37c0a676ae13381fd5e4bd731b6a22cf2cb98135b95"",""truth_households.parquet"":""5c8c752fac700514ac5741110d97e910b75f73b202aa03ce5d15d52e9aa134d4"",""truth_people.parquet"":""34b0b600ccc5e867e5dda49d749e16728d2dafa9cdfbd86873f518cea99c92f8"",""truth_residence_history.parquet"":""49e2d5a7d78fa5b9078382896e8c00739ed08a06e2e2025153aa55cd97a9f204""}","[{""current"":58.0,""path"":""emission.appearance_A_pct"",""reference"":96.0},{""current"":52.0,""path"":""emission.appearance_B_pct"",""reference"":97.0},{""current"":22.0,""path"":""emission.overlap_entity_pct"",""reference"":92.0}]",paper_experiments/results/E1_multiseed/configs/e1_clean_s20260728.yaml,phase2/runs/2026-07-22_e1_low_overlap_s20260728_seed20260728,"SHA-256 of sorted UTF-8 name-NUL-fileSHA256-NUL entries for truth_people.parquet, truth_households.parquet, truth_household_memberships.parquet, truth_residence_history.parquet, truth_events.parquet, entity_record_map.csv"
Table I,Low overlap,E1,low_overlap,20260729,paper_experiments/results/E1_multiseed/configs/e1_low_overlap_s20260729.yaml,4d7ff00819232d7964c85a375a9dfbdf71daec74105df5ddf9f84de2b7a1df5b,015185a1f6a6ee67ebeeac65477b55813daffdce04b5025c3a39f44496c1e3c7,"{""entity_record_map.csv"":""ffc8a047bc1c7159eb7363f98359dd1aefd77304b39d345e041de127ed17eb41"",""truth_events.parquet"":""85e74d4fc08185fb4098d09f16a89c53b6de6df3d40f4b92ac471f66744268ab"",""truth_household_memberships.parquet"":""b0c1f16ef559b58c0c20f1f1a4946c22d518f8833ebabd78db14911a4aed1aec"",""truth_households.parquet"":""b6119b7aeef680d081b6f9469f020977aa31b7fb2ceae8de0d2567e72b9d68c9"",""truth_people.parquet"":""5835c9850e59c569baa4159413fee69de804850daaef70d7b33b39d673896133"",""truth_residence_history.parquet"":""1e5c85cb7a9a5e41e1a2cb2da1090a1359a5f5336fc761e2d8cb3503c92e4db9""}","[{""current"":58.0,""path"":""emission.appearance_A_pct"",""reference"":96.0},{""current"":52.0,""path"":""emission.appearance_B_pct"",""reference"":97.0},{""current"":22.0,""path"":""emission.overlap_entity_pct"",""reference"":92.0}]",paper_experiments/results/E1_multiseed/configs/e1_clean_s20260729.yaml,phase2/runs/2026-07-22_e1_low_overlap_s20260729_seed20260729,"SHA-256 of sorted UTF-8 name-NUL-fileSHA256-NUL entries for truth_people.parquet, truth_households.parquet, truth_household_memberships.parquet, truth_residence_history.parquet, truth_events.parquet, entity_record_map.csv"
Table I,One-to-many,E1,one_to_many,20260720,paper_experiments/results/E1_multiseed/configs/e1_one_to_many_s20260720.yaml,b56f8c674b441d8cb3978371b7ed1c3ba96ed6db5d815a6447312886356bdee4,02394776c8c1d6d036c83d2dc2bb06efcb0c3d1ad7b9d000ebc576a12a7beea6,"{""entity_record_map.csv"":""5da4639a900d07588cdb5803e25e891b77942a2391d28a0d4a1b237c87e1228b"",""truth_events.parquet"":""f18a492c6b69d2651567f4a6e214a79c4dbf2f4db30d66d0faa16aca4ffabf68"",""truth_household_memberships.parquet"":""c147ebc4a6461627cc534a038dd47b58f4034c6d8fc16ea2cf5767b6257da6da"",""truth_households.parquet"":""f8420fbe06c7252b8e96ee96fb91154732decea93a9e93c409e49b4946cd2563"",""truth_people.parquet"":""d85f8b2849c05ed2725a6f667813e575ea3fc79bba4b77a7643ca5823e4e7099"",""truth_residence_history.parquet"":""b69ddf9c74d144377b445cafc15c9d3069c1bda4838ece5214f64024d393f6ac""}","[{""current"":""one_to_many"",""path"":""emission.crossfile_match_mode"",""reference"":""one_to_one""},{""current"":18.0,""path"":""emission.duplication_in_B_pct"",""reference"":2.0}]",paper_experiments/results/E1_multiseed/configs/e1_clean_s20260720.yaml,phase2/runs/2026-07-22_e1_one_to_many_s20260720_seed20260720,"SHA-256 of sorted UTF-8 name-NUL-fileSHA256-NUL entries for truth_people.parquet, truth_households.parquet, truth_household_memberships.parquet, truth_residence_history.parquet, truth_events.parquet, entity_record_map.csv"
Table I,One-to-many,E1,one_to_many,20260721,paper_experiments/results/E1_multiseed/configs/e1_one_to_many_s20260721.yaml,ee76a6815647d0365a3b60cfeeb392bda4ec93e9133eb30602b02887fa0d7990,abc8decb419b7540a299e0d5ec02faec4a87f936b0218e60793c1a6e15c2ad27,"{""entity_record_map.csv"":""6fac36ec675626533827a980d713396446bd117661b9b986d41c181994696d4c"",""truth_events.parquet"":""f83f1bb08010fc55b1de114587d559a1789d7e9f3e141995467b6f70782e4264"",""truth_household_memberships.parquet"":""270dd4f3e1dc156b475a8845b6eda557ad6257619232ab76b5593f85e0bbd5f5"",""truth_households.parquet"":""914d45267da2340a867cc9e2a3bed63b9c380b1c0626bbc4ed5c9a567976bc6c"",""truth_people.parquet"":""ab9759f657cf66e1435a3f17a14b5914ab67079c6b9a8e1c585163755341f4d1"",""truth_residence_history.parquet"":""563c3db9d144241a37c2b7d1efdf94afd013b4905479c2a7304041a007d6a3fb""}","[{""current"":""one_to_many"",""path"":""emission.crossfile_match_mode"",""reference"":""one_to_one""},{""current"":18.0,""path"":""emission.duplication_in_B_pct"",""reference"":2.0}]",paper_experiments/results/E1_multiseed/configs/e1_clean_s20260721.yaml,phase2/runs/2026-07-22_e1_one_to_many_s20260721_seed20260721,"SHA-256 of sorted UTF-8 name-NUL-fileSHA256-NUL entries for truth_people.parquet, truth_households.parquet, truth_household_memberships.parquet, truth_residence_history.parquet, truth_events.parquet, entity_record_map.csv"
Table I,One-to-many,E1,one_to_many,20260722,paper_experiments/results/E1_multiseed/configs/e1_one_to_many_s20260722.yaml,1721b082e07a9888cf4a5a5e95e6d9472238c9158b66f7067a5b1921579bc55f,7cf890a646d17d65cb08d314c1890bea17c9491806e400d5f1db0af405e2b7c9,"{""entity_record_map.csv"":""cbda97a77fefafd2f4ad1a454a4f93d98a2fefdd87e24ab19d6e028c43ee89f2"",""truth_events.parquet"":""f2c64eafd7f41b7778317eec1838d827dd5cbda8c025e4f11d5d6718fdea50ee"",""truth_household_memberships.parquet"":""ea276892e18a33e47cc20877600bd412cebd7d2d8df883371481a6a7eaf59d94"",""truth_households.parquet"":""3fb93de31dea2e3d4bd57bc6b37553bdd565e4b7bdfc38430ed3252f47d0aaa1"",""truth_people.parquet"":""558258989032edfc980839c70ceedee9eec8d57eea93318b5599664220f46630"",""truth_residence_history.parquet"":""18bd0fb4cf7a7ccc52fe907f12ada4dbb8a770a6c1e90ab91cbc97331a8b99d1""}","[{""current"":""one_to_many"",""path"":""emission.crossfile_match_mode"",""reference"":""one_to_one""},{""current"":18.0,""path"":""emission.duplication_in_B_pct"",""reference"":2.0}]",paper_experiments/results/E1_multiseed/configs/e1_clean_s20260722.yaml,phase2/runs/2026-07-22_e1_one_to_many_s20260722_seed20260722,"SHA-256 of sorted UTF-8 name-NUL-fileSHA256-NUL entries for truth_people.parquet, truth_households.parquet, truth_household_memberships.parquet, truth_residence_history.parquet, truth_events.parquet, entity_record_map.csv"
Table I,One-to-many,E1,one_to_many,20260723,paper_experiments/results/E1_multiseed/configs/e1_one_to_many_s20260723.yaml,bea80046fd13e4f3943bd2c175c9d9a839c816fc7d852db9de56e4be922bae00,8b27a7df7b75ea60e530b578f2c21fcf5ad28e6309688c981b8dc2a8ac9e83a8,"{""entity_record_map.csv"":""8f970ad3d5582a439473ddbf98a261d616eaade33fc44889966b5e19a1c3a250"",""truth_events.parquet"":""bfcdba2e8628e16fdfdbf9b80fe23501a1faf305b8bb96af71dcbbd6fbb389c6"",""truth_household_memberships.parquet"":""061733bbbdc2f6c98591c62af5223befe3e004b66e42001c4d9553e032c6f6b0"",""truth_households.parquet"":""59731da113147c81b769aef692b0faaf3b2be6cfeda7d0e2c357b8ba0d51426f"",""truth_people.parquet"":""f61f56fa8ec88418b756fd54c769bfcb372b18e3f7501bcba596ac7bf3335495"",""truth_residence_history.parquet"":""6f18528e0a5a5b9893d2c78efeb1b7aed802adf43de0322cd1bbb04a4539a9be""}","[{""current"":""one_to_many"",""path"":""emission.crossfile_match_mode"",""reference"":""one_to_one""},{""current"":18.0,""path"":""emission.duplication_in_B_pct"",""reference"":2.0}]",paper_experiments/results/E1_multiseed/configs/e1_clean_s20260723.yaml,phase2/runs/2026-07-22_e1_one_to_many_s20260723_seed20260723,"SHA-256 of sorted UTF-8 name-NUL-fileSHA256-NUL entries for truth_people.parquet, truth_households.parquet, truth_household_memberships.parquet, truth_residence_history.parquet, truth_events.parquet, entity_record_map.csv"
Table I,One-to-many,E1,one_to_many,20260724,paper_experiments/results/E1_multiseed/configs/e1_one_to_many_s20260724.yaml,28f8f5476444b4c13a0f5fd8f641bf1b02f6e1bdf9168cf19db555f0d7477b56,5adf00e7e478b5d2dbb01ed7b13df03b0985639ce34b957e0d636e977d4b4dc2,"{""entity_record_map.csv"":""503b52c053e6e57a0b9764b9f20788c02f0d2259e99111bb887db90025f6e8d2"",""truth_events.parquet"":""01c67926f6317e7a881341b48a024f06c6031067edf5e59de3b3d2da86a9dd0f"",""truth_household_memberships.parquet"":""62b52f774bc81a4599932fcd90bedfe0ff51d9797cb565becf08bc41288cff83"",""truth_households.parquet"":""0b7bf85ebff945d492582a8ca3a716b9ff8a4bc00550e98e31cc4b3cd5ed2251"",""truth_people.parquet"":""da47a51ca61eb5b60f47e68c61fc5be28e15d4d23494e793a383c054285b4e4d"",""truth_residence_history.parquet"":""fa49711dee08482361bc02ff23fdb0439b9aa1e1824bd6b7e081d36cef61f724""}","[{""current"":""one_to_many"",""path"":""emission.crossfile_match_mode"",""reference"":""one_to_one""},{""current"":18.0,""path"":""emission.duplication_in_B_pct"",""reference"":2.0}]",paper_experiments/results/E1_multiseed/configs/e1_clean_s20260724.yaml,phase2/runs/2026-07-22_e1_one_to_many_s20260724_seed20260724,"SHA-256 of sorted UTF-8 name-NUL-fileSHA256-NUL entries for truth_people.parquet, truth_households.parquet, truth_household_memberships.parquet, truth_residence_history.parquet, truth_events.parquet, entity_record_map.csv"
Table I,One-to-many,E1,one_to_many,20260725,paper_experiments/results/E1_multiseed/configs/e1_one_to_many_s20260725.yaml,6e39a0809ca30abfedc5658b71a9e2c0279cb99fc3ca78d9c5e1d7b0fe2a8a22,83754ee710751e2931910e5249dfe30f951b345035df39f53d1c1074c9c70245,"{""entity_record_map.csv"":""e270ef4c5cd69f0da29d95e1edfeacdd760644b6dc4e3994a709c37fd3c088f1"",""truth_events.parquet"":""dd4c7de489176d4c75f54c498b2cb1ede8bf3e053fc992108b920db6845fa0bd"",""truth_household_memberships.parquet"":""d69ff445200c9f2394748876b3d1d4d68c767ea5f88078e09d59b2bc5f619f07"",""truth_households.parquet"":""b5b5fff7c5eaceb3815fb9b4c86536d41b7047333c873ba37fbb0bd626ed9d08"",""truth_people.parquet"":""a1c12abbcf8f1bf229f4e38e4d64f8fc6fe1a39ddcbff9bcdd90de0a9a9a0dc4"",""truth_residence_history.parquet"":""92b449cc3b6971abbe0bdf343cff7283be6b8c2d0e44539159d28854e21bace6""}","[{""current"":""one_to_many"",""path"":""emission.crossfile_match_mode"",""reference"":""one_to_one""},{""current"":18.0,""path"":""emission.duplication_in_B_pct"",""reference"":2.0}]",paper_experiments/results/E1_multiseed/configs/e1_clean_s20260725.yaml,phase2/runs/2026-07-22_e1_one_to_many_s20260725_seed20260725,"SHA-256 of sorted UTF-8 name-NUL-fileSHA256-NUL entries for truth_people.parquet, truth_households.parquet, truth_household_memberships.parquet, truth_residence_history.parquet, truth_events.parquet, entity_record_map.csv"
Table I,One-to-many,E1,one_to_many,20260726,paper_experiments/results/E1_multiseed/configs/e1_one_to_many_s20260726.yaml,a75f433c8b45cbd5e6bbbaafa94543b49c02ce6da863aeede15b92439b496736,50224c5102694ca0cf8f4ce7d7fffdd04f6e39ab68c712143b3b4363243e6a65,"{""entity_record_map.csv"":""bfb9604d723c1ba3e7bcd8889a58b91b407050a69a65577745c156c6194abe03"",""truth_events.parquet"":""0ed3b30c59d2cfadd39daa2c8831fc4a955b63ca5f09196c6ac176e8ce5a26e9"",""truth_household_memberships.parquet"":""36cb3bb370fc8b5308db73c4a76bde15681fa2730d9f63bb468011bfba1ea415"",""truth_households.parquet"":""0371a698e9512d741a2fb5ccceb90706af24d2688a09fe300bb7c11d486d2bc9"",""truth_people.parquet"":""eededf0d02477898f52ac79cee96e2c2ea1e20a54c8642f3c1987b9d6f73a813"",""truth_residence_history.parquet"":""fe5484790c77f88d529e9dfc8b501701bfa18eb3792a7ac3914a5c7306cfeba2""}","[{""current"":""one_to_many"",""path"":""emission.crossfile_match_mode"",""reference"":""one_to_one""},{""current"":18.0,""path"":""emission.duplication_in_B_pct"",""reference"":2.0}]",paper_experiments/results/E1_multiseed/configs/e1_clean_s20260726.yaml,phase2/runs/2026-07-22_e1_one_to_many_s20260726_seed20260726,"SHA-256 of sorted UTF-8 name-NUL-fileSHA256-NUL entries for truth_people.parquet, truth_households.parquet, truth_household_memberships.parquet, truth_residence_history.parquet, truth_events.parquet, entity_record_map.csv"
Table I,One-to-many,E1,one_to_many,20260727,paper_experiments/results/E1_multiseed/configs/e1_one_to_many_s20260727.yaml,5f91ec01694c240bd4ce5f323101f121bbd471cf2302da746c2cb3c652d8394a,ab4c9f8c876cdee1bc0d24253859311de3268765ac075d0e0a5c17a6a20ee173,"{""entity_record_map.csv"":""5d061a2192de0fb1b9e9c60df4b0c04af5be02ebdd7df80abd2bfd009c9ea285"",""truth_events.parquet"":""65639c30c4670339cd6e0b95133c0a1af36a5501019713ce9fc787d01d90f9c2"",""truth_household_memberships.parquet"":""7338e3e4c873bdd828cd1f9c70676c2c57acd476c5955fa7c5fa91a55e6d2b45"",""truth_households.parquet"":""408e89b11b86043a13aea4596a16c5526ad7ae7bf1ab6beb9c46d15fab3515b1"",""truth_people.parquet"":""2472bc128339f1d2165d217104b242e79066afe3bb091b75f0cfd79d70b68e07"",""truth_residence_history.parquet"":""8ef56e001ab24b0d2fd4f95263c99a017867bc1efbe98a833156919e621dd864""}","[{""current"":""one_to_many"",""path"":""emission.crossfile_match_mode"",""reference"":""one_to_one""},{""current"":18.0,""path"":""emission.duplication_in_B_pct"",""reference"":2.0}]",paper_experiments/results/E1_multiseed/configs/e1_clean_s20260727.yaml,phase2/runs/2026-07-22_e1_one_to_many_s20260727_seed20260727,"SHA-256 of sorted UTF-8 name-NUL-fileSHA256-NUL entries for truth_people.parquet, truth_households.parquet, truth_household_memberships.parquet, truth_residence_history.parquet, truth_events.parquet, entity_record_map.csv"
Table I,One-to-many,E1,one_to_many,20260728,paper_experiments/results/E1_multiseed/configs/e1_one_to_many_s20260728.yaml,5090321f0f803202b62460ca9a272996a9adacb86aeb75bf28ccea733b1a38aa,ec5701fd1b4065adf99a7afd3c3987270bbd5c1a5341c6356656cf28475611c6,"{""entity_record_map.csv"":""1daadf49fd199fd0b40eeb8f47c6f6e2c6fb2918c3ce629bc391a2f347063c43"",""truth_events.parquet"":""a4ddf1b021a435b633e9297b4cc342d49175f280408d356ab12011bd0b392a4b"",""truth_household_memberships.parquet"":""05d33ee7494ca9f5c698d37c0a676ae13381fd5e4bd731b6a22cf2cb98135b95"",""truth_households.parquet"":""5c8c752fac700514ac5741110d97e910b75f73b202aa03ce5d15d52e9aa134d4"",""truth_people.parquet"":""34b0b600ccc5e867e5dda49d749e16728d2dafa9cdfbd86873f518cea99c92f8"",""truth_residence_history.parquet"":""49e2d5a7d78fa5b9078382896e8c00739ed08a06e2e2025153aa55cd97a9f204""}","[{""current"":""one_to_many"",""path"":""emission.crossfile_match_mode"",""reference"":""one_to_one""},{""current"":18.0,""path"":""emission.duplication_in_B_pct"",""reference"":2.0}]",paper_experiments/results/E1_multiseed/configs/e1_clean_s20260728.yaml,phase2/runs/2026-07-22_e1_one_to_many_s20260728_seed20260728,"SHA-256 of sorted UTF-8 name-NUL-fileSHA256-NUL entries for truth_people.parquet, truth_households.parquet, truth_household_memberships.parquet, truth_residence_history.parquet, truth_events.parquet, entity_record_map.csv"
Table I,One-to-many,E1,one_to_many,20260729,paper_experiments/results/E1_multiseed/configs/e1_one_to_many_s20260729.yaml,9562c97904cfb0683306c817a496f5121eb55e6ef8c3bc04cb12263a36ebf711,6614a58b652fa70ebcc09e340f263d690ce0252350697f8b72c8d3a8eaf4dfd1,"{""entity_record_map.csv"":""e3eb0c77ac626544e59ee0edd5febf29b799dee1a90373de017e47ce2feffa40"",""truth_events.parquet"":""85e74d4fc08185fb4098d09f16a89c53b6de6df3d40f4b92ac471f66744268ab"",""truth_household_memberships.parquet"":""b0c1f16ef559b58c0c20f1f1a4946c22d518f8833ebabd78db14911a4aed1aec"",""truth_households.parquet"":""b6119b7aeef680d081b6f9469f020977aa31b7fb2ceae8de0d2567e72b9d68c9"",""truth_people.parquet"":""5835c9850e59c569baa4159413fee69de804850daaef70d7b33b39d673896133"",""truth_residence_history.parquet"":""1e5c85cb7a9a5e41e1a2cb2da1090a1359a5f5336fc761e2d8cb3503c92e4db9""}","[{""current"":""one_to_many"",""path"":""emission.crossfile_match_mode"",""reference"":""one_to_one""},{""current"":18.0,""path"":""emission.duplication_in_B_pct"",""reference"":2.0}]",paper_experiments/results/E1_multiseed/configs/e1_clean_s20260729.yaml,phase2/runs/2026-07-22_e1_one_to_many_s20260729_seed20260729,"SHA-256 of sorted UTF-8 name-NUL-fileSHA256-NUL entries for truth_people.parquet, truth_households.parquet, truth_household_memberships.parquet, truth_residence_history.parquet, truth_events.parquet, entity_record_map.csv"
Table II,adoption_blended_family,E2,adoption_blended_family,20260720,paper_experiments/results/E2_E6/E2/configs/e2_adoption_blended_family_s20260720.yaml,1a12020fac7e485ac5832581214acf079ea6720683a7d14092014b77ae63a2f5,baad970258c3b9bf78264223a79a6fb59c3585b71866b68f8db2241ff7bd0dca,"{""entity_record_map.csv"":""bb0f651430f92b6541c8c64d0e252cca8bedc8141f0c171009f03e60dda5f987"",""truth_events.parquet"":""37898b990a307213e8d41642284de74f1758b0eb903cf18cf4f4491e9409ee19"",""truth_household_memberships.parquet"":""e1183937eb4d996d609bccec4ea2f2a422ab56bda6fdaf69fcd40e5dfb023bba"",""truth_households.parquet"":""383b3f639f3874c4827e613d5699807d47fba14e2889f49b64778dc24c5a19f1"",""truth_people.parquet"":""a9fbb0f9150a1e082be4a4e5841c7a5730503b828d6172ff7837dd804d4c1f34"",""truth_residence_history.parquet"":""ba2685bf610cf88684d7eea23b72d114e95b09e0e33b00f9e0659869ef11e683""}","[{""current"":100.0,""path"":""emission.appearance_A_pct"",""reference"":96.0},{""current"":100.0,""path"":""emission.appearance_B_pct"",""reference"":97.0},{""current"":0.0,""path"":""emission.duplication_in_A_pct"",""reference"":1.0},{""current"":0.0,""path"":""emission.duplication_in_B_pct"",""reference"":2.0},{""current"":0.0,""path"":""emission.noise.A.address_missing_pct"",""reference"":0.1},{""current"":0.0,""path"":""emission.noise.A.middle_name_missing_pct"",""reference"":5.0},{""current"":0.0,""path"":""emission.noise.A.name_typo_pct"",""reference"":0.2},{""current"":0.0,""path"":""emission.noise.A.phone_mask_pct"",""reference"":0.1},{""current"":0.0,""path"":""emission.noise.A.ssn_mask_pct"",""reference"":0.2},{""current"":0.0,""path"":""emission.noise.B.address_missing_pct"",""reference"":0.2},{""current"":0.0,""path"":""emission.noise.B.dob_shift_pct"",""reference"":0.2},{""current"":0.0,""path"":""emission.noise.B.middle_name_missing_pct"",""reference"":8.0},{""current"":0.0,""path"":""emission.noise.B.name_typo_pct"",""reference"":0.5},{""current"":0.0,""path"":""emission.noise.B.phone_mask_pct"",""reference"":0.2},{""current"":0.0,""path"":""emission.noise.B.ssn_mask_pct"",""reference"":0.5},{""current"":0.0,""path"":""emission.noise.B.zip_digit_error_pct"",""reference"":0.2},{""current"":100.0,""path"":""emission.overlap_entity_pct"",""reference"":92.0},{""current"":100.0,""path"":""parameters.adoption_rate_pct"",""reference"":null},{""current"":null,""path"":""parameters.move_rate_pct"",""reference"":8.0},{""current"":[""age_0_17"",""age_18_34"",""age_35_64""],""path"":""selection.filters.age_bins"",""reference"":[]},{""current"":""count"",""path"":""selection.sample.mode"",""reference"":""pct""},{""current"":10000,""path"":""selection.sample.value"",""reference"":100.0},{""current"":1,""path"":""simulation.periods"",""reference"":12}]",paper_experiments/results/E2_E6/E2/configs/e2_clean_baseline_linkage_s20260720.yaml,phase2/runs/2026-07-24_e2_adoption_blended_family_s20260720_seed20260720,"SHA-256 of sorted UTF-8 name-NUL-fileSHA256-NUL entries for truth_people.parquet, truth_households.parquet, truth_household_memberships.parquet, truth_residence_history.parquet, truth_events.parquet, entity_record_map.csv"
Table II,adoption_blended_family,E2,adoption_blended_family,20260721,paper_experiments/results/E2_E6/E2/configs/e2_adoption_blended_family_s20260721.yaml,000b5694bb40f237308b850fe123baae266e53e47707cc53a1d8124c8e4fb362,51d91158a0691195ce368a0b220a54cb444e82d30eec2472a45c0450b9c627e0,"{""entity_record_map.csv"":""6b4a3cca7e08628b1351481be87d6bca2704dcbd3fdf355251dab1b85e77c49f"",""truth_events.parquet"":""bdb45a02bd0ff9d8a77682e9f63029ef053c84775d0e70c2ecf104f24fc01f6e"",""truth_household_memberships.parquet"":""96111bc54f47335e543227cf1fdc0ff1b56ed255b85b7fe9dcfd0bdf4448209a"",""truth_households.parquet"":""383b3f639f3874c4827e613d5699807d47fba14e2889f49b64778dc24c5a19f1"",""truth_people.parquet"":""c6a0b141787c7d4ebf313fb3ba840bff1d7ccd848ffc146d648856d8e7b29d77"",""truth_residence_history.parquet"":""f2c25f0dca924ead128f459c9e45b024306195bd82fc4af039f51f1b730f8b60""}","[{""current"":100.0,""path"":""emission.appearance_A_pct"",""reference"":96.0},{""current"":100.0,""path"":""emission.appearance_B_pct"",""reference"":97.0},{""current"":0.0,""path"":""emission.duplication_in_A_pct"",""reference"":1.0},{""current"":0.0,""path"":""emission.duplication_in_B_pct"",""reference"":2.0},{""current"":0.0,""path"":""emission.noise.A.address_missing_pct"",""reference"":0.1},{""current"":0.0,""path"":""emission.noise.A.middle_name_missing_pct"",""reference"":5.0},{""current"":0.0,""path"":""emission.noise.A.name_typo_pct"",""reference"":0.2},{""current"":0.0,""path"":""emission.noise.A.phone_mask_pct"",""reference"":0.1},{""current"":0.0,""path"":""emission.noise.A.ssn_mask_pct"",""reference"":0.2},{""current"":0.0,""path"":""emission.noise.B.address_missing_pct"",""reference"":0.2},{""current"":0.0,""path"":""emission.noise.B.dob_shift_pct"",""reference"":0.2},{""current"":0.0,""path"":""emission.noise.B.middle_name_missing_pct"",""reference"":8.0},{""current"":0.0,""path"":""emission.noise.B.name_typo_pct"",""reference"":0.5},{""current"":0.0,""path"":""emission.noise.B.phone_mask_pct"",""reference"":0.2},{""current"":0.0,""path"":""emission.noise.B.ssn_mask_pct"",""reference"":0.5},{""current"":0.0,""path"":""emission.noise.B.zip_digit_error_pct"",""reference"":0.2},{""current"":100.0,""path"":""emission.overlap_entity_pct"",""reference"":92.0},{""current"":100.0,""path"":""parameters.adoption_rate_pct"",""reference"":null},{""current"":null,""path"":""parameters.move_rate_pct"",""reference"":8.0},{""current"":[""age_0_17"",""age_18_34"",""age_35_64""],""path"":""selection.filters.age_bins"",""reference"":[]},{""current"":""count"",""path"":""selection.sample.mode"",""reference"":""pct""},{""current"":10000,""path"":""selection.sample.value"",""reference"":100.0},{""current"":1,""path"":""simulation.periods"",""reference"":12}]",paper_experiments/results/E2_E6/E2/configs/e2_clean_baseline_linkage_s20260721.yaml,phase2/runs/2026-07-24_e2_adoption_blended_family_s20260721_seed20260721,"SHA-256 of sorted UTF-8 name-NUL-fileSHA256-NUL entries for truth_people.parquet, truth_households.parquet, truth_household_memberships.parquet, truth_residence_history.parquet, truth_events.parquet, entity_record_map.csv"
Table II,adoption_blended_family,E2,adoption_blended_family,20260722,paper_experiments/results/E2_E6/E2/configs/e2_adoption_blended_family_s20260722.yaml,fffcb533c92a78f7a017b0c03ffd54cf391857256486444b950e3e698b804888,9ff092dcb1b4efa6387fc8b7cc169bf1ff556e31141e0416631482f5276f58af,"{""entity_record_map.csv"":""dd8a4022cc542019f5f0c7297f470085a66a80faae5f6947dc041c76213c1db6"",""truth_events.parquet"":""ebe8880428464c1af0c3edddf6330816049ed4c8ff3e4d70bd0ed332ede208df"",""truth_household_memberships.parquet"":""b1d7f86596bf935f3ec051da88f65be89e6ded52d427c9e66ad0c481e264da19"",""truth_households.parquet"":""383b3f639f3874c4827e613d5699807d47fba14e2889f49b64778dc24c5a19f1"",""truth_people.parquet"":""007622f827beb04edcefd60c710346045d0b6392a0701be055c6617ebec82ff2"",""truth_residence_history.parquet"":""59ddea6bf3e7e10769ae2024ed1b4cc0ab7f1eaf671bd2001c9a90a4c454ab4a""}","[{""current"":100.0,""path"":""emission.appearance_A_pct"",""reference"":96.0},{""current"":100.0,""path"":""emission.appearance_B_pct"",""reference"":97.0},{""current"":0.0,""path"":""emission.duplication_in_A_pct"",""reference"":1.0},{""current"":0.0,""path"":""emission.duplication_in_B_pct"",""reference"":2.0},{""current"":0.0,""path"":""emission.noise.A.address_missing_pct"",""reference"":0.1},{""current"":0.0,""path"":""emission.noise.A.middle_name_missing_pct"",""reference"":5.0},{""current"":0.0,""path"":""emission.noise.A.name_typo_pct"",""reference"":0.2},{""current"":0.0,""path"":""emission.noise.A.phone_mask_pct"",""reference"":0.1},{""current"":0.0,""path"":""emission.noise.A.ssn_mask_pct"",""reference"":0.2},{""current"":0.0,""path"":""emission.noise.B.address_missing_pct"",""reference"":0.2},{""current"":0.0,""path"":""emission.noise.B.dob_shift_pct"",""reference"":0.2},{""current"":0.0,""path"":""emission.noise.B.middle_name_missing_pct"",""reference"":8.0},{""current"":0.0,""path"":""emission.noise.B.name_typo_pct"",""reference"":0.5},{""current"":0.0,""path"":""emission.noise.B.phone_mask_pct"",""reference"":0.2},{""current"":0.0,""path"":""emission.noise.B.ssn_mask_pct"",""reference"":0.5},{""current"":0.0,""path"":""emission.noise.B.zip_digit_error_pct"",""reference"":0.2},{""current"":100.0,""path"":""emission.overlap_entity_pct"",""reference"":92.0},{""current"":100.0,""path"":""parameters.adoption_rate_pct"",""reference"":null},{""current"":null,""path"":""parameters.move_rate_pct"",""reference"":8.0},{""current"":[""age_0_17"",""age_18_34"",""age_35_64""],""path"":""selection.filters.age_bins"",""reference"":[]},{""current"":""count"",""path"":""selection.sample.mode"",""reference"":""pct""},{""current"":10000,""path"":""selection.sample.value"",""reference"":100.0},{""current"":1,""path"":""simulation.periods"",""reference"":12}]",paper_experiments/results/E2_E6/E2/configs/e2_clean_baseline_linkage_s20260722.yaml,phase2/runs/2026-07-24_e2_adoption_blended_family_s20260722_seed20260722,"SHA-256 of sorted UTF-8 name-NUL-fileSHA256-NUL entries for truth_people.parquet, truth_households.parquet, truth_household_memberships.parquet, truth_residence_history.parquet, truth_events.parquet, entity_record_map.csv"
Table II,adoption_blended_family,E2,adoption_blended_family,20260723,paper_experiments/results/E2_E6/E2/configs/e2_adoption_blended_family_s20260723.yaml,cc2451001f7d8e2a152a05e691432ceaf5ae583aebf83d4e1555f89bfdbdd019,0787180865dba50941d56ba4119a1ab3f50ea0c5ba4c727cd4f9f0a6619199b2,"{""entity_record_map.csv"":""f5514981fb7c847940a4903b6526dece9fea669fead809342505be10baaffb13"",""truth_events.parquet"":""4bbe90d7471ce3e8920c29eb5bffd693ccb7822ba9a7b573d66108774d42d0b4"",""truth_household_memberships.parquet"":""608dd9ef231a8083b7390d0278ecb25f44948bef96e6fca8de9853c5ff4e3c42"",""truth_households.parquet"":""383b3f639f3874c4827e613d5699807d47fba14e2889f49b64778dc24c5a19f1"",""truth_people.parquet"":""361e9c11e7e4a45eaecff5bf4dd64664840469571a7cbc4209295eb0735a5759"",""truth_residence_history.parquet"":""e54f201355d91de1875beeb57ea9d8003b01387da1bd5be351f6653d864fe206""}","[{""current"":100.0,""path"":""emission.appearance_A_pct"",""reference"":96.0},{""current"":100.0,""path"":""emission.appearance_B_pct"",""reference"":97.0},{""current"":0.0,""path"":""emission.duplication_in_A_pct"",""reference"":1.0},{""current"":0.0,""path"":""emission.duplication_in_B_pct"",""reference"":2.0},{""current"":0.0,""path"":""emission.noise.A.address_missing_pct"",""reference"":0.1},{""current"":0.0,""path"":""emission.noise.A.middle_name_missing_pct"",""reference"":5.0},{""current"":0.0,""path"":""emission.noise.A.name_typo_pct"",""reference"":0.2},{""current"":0.0,""path"":""emission.noise.A.phone_mask_pct"",""reference"":0.1},{""current"":0.0,""path"":""emission.noise.A.ssn_mask_pct"",""reference"":0.2},{""current"":0.0,""path"":""emission.noise.B.address_missing_pct"",""reference"":0.2},{""current"":0.0,""path"":""emission.noise.B.dob_shift_pct"",""reference"":0.2},{""current"":0.0,""path"":""emission.noise.B.middle_name_missing_pct"",""reference"":8.0},{""current"":0.0,""path"":""emission.noise.B.name_typo_pct"",""reference"":0.5},{""current"":0.0,""path"":""emission.noise.B.phone_mask_pct"",""reference"":0.2},{""current"":0.0,""path"":""emission.noise.B.ssn_mask_pct"",""reference"":0.5},{""current"":0.0,""path"":""emission.noise.B.zip_digit_error_pct"",""reference"":0.2},{""current"":100.0,""path"":""emission.overlap_entity_pct"",""reference"":92.0},{""current"":100.0,""path"":""parameters.adoption_rate_pct"",""reference"":null},{""current"":null,""path"":""parameters.move_rate_pct"",""reference"":8.0},{""current"":[""age_0_17"",""age_18_34"",""age_35_64""],""path"":""selection.filters.age_bins"",""reference"":[]},{""current"":""count"",""path"":""selection.sample.mode"",""reference"":""pct""},{""current"":10000,""path"":""selection.sample.value"",""reference"":100.0},{""current"":1,""path"":""simulation.periods"",""reference"":12}]",paper_experiments/results/E2_E6/E2/configs/e2_clean_baseline_linkage_s20260723.yaml,phase2/runs/2026-07-24_e2_adoption_blended_family_s20260723_seed20260723,"SHA-256 of sorted UTF-8 name-NUL-fileSHA256-NUL entries for truth_people.parquet, truth_households.parquet, truth_household_memberships.parquet, truth_residence_history.parquet, truth_events.parquet, entity_record_map.csv"
Table II,adoption_blended_family,E2,adoption_blended_family,20260724,paper_experiments/results/E2_E6/E2/configs/e2_adoption_blended_family_s20260724.yaml,ca7a6c57a5410f4225dab4862a40e9665f574923d5056b12f6f186e83520777b,7320c4ff9b8346036bc73b1206ea400793a411e0f86f37fdca6e625a6ba9ab62,"{""entity_record_map.csv"":""1452a08b1c50de927cab9a0b7fed1ccc169bbc18f09bded31e5d4218a9b1898c"",""truth_events.parquet"":""fd50de307d02e97767161446958446495a32151c19960caccf27a6713fbd8f6e"",""truth_household_memberships.parquet"":""a77e2f963ef5b0bfc0f0e6b5f4125246c920dabbac0e2c701d857771d0f55ab8"",""truth_households.parquet"":""383b3f639f3874c4827e613d5699807d47fba14e2889f49b64778dc24c5a19f1"",""truth_people.parquet"":""8683d5b1d8b2add6b05e8242220ebb5be9e1b4faabc935536397d8cf05c27245"",""truth_residence_history.parquet"":""97141666bc696b958a38217826b02e38be46d1929bf0139c40c44a5afe054a0f""}","[{""current"":100.0,""path"":""emission.appearance_A_pct"",""reference"":96.0},{""current"":100.0,""path"":""emission.appearance_B_pct"",""reference"":97.0},{""current"":0.0,""path"":""emission.duplication_in_A_pct"",""reference"":1.0},{""current"":0.0,""path"":""emission.duplication_in_B_pct"",""reference"":2.0},{""current"":0.0,""path"":""emission.noise.A.address_missing_pct"",""reference"":0.1},{""current"":0.0,""path"":""emission.noise.A.middle_name_missing_pct"",""reference"":5.0},{""current"":0.0,""path"":""emission.noise.A.name_typo_pct"",""reference"":0.2},{""current"":0.0,""path"":""emission.noise.A.phone_mask_pct"",""reference"":0.1},{""current"":0.0,""path"":""emission.noise.A.ssn_mask_pct"",""reference"":0.2},{""current"":0.0,""path"":""emission.noise.B.address_missing_pct"",""reference"":0.2},{""current"":0.0,""path"":""emission.noise.B.dob_shift_pct"",""reference"":0.2},{""current"":0.0,""path"":""emission.noise.B.middle_name_missing_pct"",""reference"":8.0},{""current"":0.0,""path"":""emission.noise.B.name_typo_pct"",""reference"":0.5},{""current"":0.0,""path"":""emission.noise.B.phone_mask_pct"",""reference"":0.2},{""current"":0.0,""path"":""emission.noise.B.ssn_mask_pct"",""reference"":0.5},{""current"":0.0,""path"":""emission.noise.B.zip_digit_error_pct"",""reference"":0.2},{""current"":100.0,""path"":""emission.overlap_entity_pct"",""reference"":92.0},{""current"":100.0,""path"":""parameters.adoption_rate_pct"",""reference"":null},{""current"":null,""path"":""parameters.move_rate_pct"",""reference"":8.0},{""current"":[""age_0_17"",""age_18_34"",""age_35_64""],""path"":""selection.filters.age_bins"",""reference"":[]},{""current"":""count"",""path"":""selection.sample.mode"",""reference"":""pct""},{""current"":10000,""path"":""selection.sample.value"",""reference"":100.0},{""current"":1,""path"":""simulation.periods"",""reference"":12}]",paper_experiments/results/E2_E6/E2/configs/e2_clean_baseline_linkage_s20260724.yaml,phase2/runs/2026-07-24_e2_adoption_blended_family_s20260724_seed20260724,"SHA-256 of sorted UTF-8 name-NUL-fileSHA256-NUL entries for truth_people.parquet, truth_households.parquet, truth_household_memberships.parquet, truth_residence_history.parquet, truth_events.parquet, entity_record_map.csv"
Table II,adoption_blended_family,E2,adoption_blended_family,20260725,paper_experiments/results/E2_E6/E2/configs/e2_adoption_blended_family_s20260725.yaml,bd0528b4925de1af93e47ae6c336fe3261c431e72954809591dfdeda83b1ae62,7f51a2b4ff9abc59a3d0bb4650e274dd0f1f294303476b43e13a81b88af30425,"{""entity_record_map.csv"":""ba2076d6d5f316908fd99e03614b818c1ce0790836ebd056fff5ae221bf216dc"",""truth_events.parquet"":""aef649cc7beb0cafc8a12574561ec55fd85a8134909d6be65cfe945da75520f5"",""truth_household_memberships.parquet"":""d85589df6cd65c8d23c6143e9d82857020cde7cedcc187d5c68feaa1a7addf71"",""truth_households.parquet"":""383b3f639f3874c4827e613d5699807d47fba14e2889f49b64778dc24c5a19f1"",""truth_people.parquet"":""dc68c996f9b25651b33ed12dc5049296d84f71a83e9a4240dcc530778a66479b"",""truth_residence_history.parquet"":""6411f2ec810e55d8ec64d99bd6e52c7b272928262cea0dfc9d9d7ef95977128b""}","[{""current"":100.0,""path"":""emission.appearance_A_pct"",""reference"":96.0},{""current"":100.0,""path"":""emission.appearance_B_pct"",""reference"":97.0},{""current"":0.0,""path"":""emission.duplication_in_A_pct"",""reference"":1.0},{""current"":0.0,""path"":""emission.duplication_in_B_pct"",""reference"":2.0},{""current"":0.0,""path"":""emission.noise.A.address_missing_pct"",""reference"":0.1},{""current"":0.0,""path"":""emission.noise.A.middle_name_missing_pct"",""reference"":5.0},{""current"":0.0,""path"":""emission.noise.A.name_typo_pct"",""reference"":0.2},{""current"":0.0,""path"":""emission.noise.A.phone_mask_pct"",""reference"":0.1},{""current"":0.0,""path"":""emission.noise.A.ssn_mask_pct"",""reference"":0.2},{""current"":0.0,""path"":""emission.noise.B.address_missing_pct"",""reference"":0.2},{""current"":0.0,""path"":""emission.noise.B.dob_shift_pct"",""reference"":0.2},{""current"":0.0,""path"":""emission.noise.B.middle_name_missing_pct"",""reference"":8.0},{""current"":0.0,""path"":""emission.noise.B.name_typo_pct"",""reference"":0.5},{""current"":0.0,""path"":""emission.noise.B.phone_mask_pct"",""reference"":0.2},{""current"":0.0,""path"":""emission.noise.B.ssn_mask_pct"",""reference"":0.5},{""current"":0.0,""path"":""emission.noise.B.zip_digit_error_pct"",""reference"":0.2},{""current"":100.0,""path"":""emission.overlap_entity_pct"",""reference"":92.0},{""current"":100.0,""path"":""parameters.adoption_rate_pct"",""reference"":null},{""current"":null,""path"":""parameters.move_rate_pct"",""reference"":8.0},{""current"":[""age_0_17"",""age_18_34"",""age_35_64""],""path"":""selection.filters.age_bins"",""reference"":[]},{""current"":""count"",""path"":""selection.sample.mode"",""reference"":""pct""},{""current"":10000,""path"":""selection.sample.value"",""reference"":100.0},{""current"":1,""path"":""simulation.periods"",""reference"":12}]",paper_experiments/results/E2_E6/E2/configs/e2_clean_baseline_linkage_s20260725.yaml,phase2/runs/2026-07-24_e2_adoption_blended_family_s20260725_seed20260725,"SHA-256 of sorted UTF-8 name-NUL-fileSHA256-NUL entries for truth_people.parquet, truth_households.parquet, truth_household_memberships.parquet, truth_residence_history.parquet, truth_events.parquet, entity_record_map.csv"
Table II,adoption_blended_family,E2,adoption_blended_family,20260726,paper_experiments/results/E2_E6/E2/configs/e2_adoption_blended_family_s20260726.yaml,a1fb2e2b83da6fe70b62f5ff917468e87433c6ef9ade050b89f3aee19af3f9af,b2247233e71b9147f5af2e16baf3ba6bd2f8ed9d1ad456b45af96fa018706881,"{""entity_record_map.csv"":""15fbcb3ec3551ee51339e6ed05d197d5027a6766cbebeabb1fda1a53c29f32a1"",""truth_events.parquet"":""7023d014724b229968d38baef828c9b8fd0237a159404940df67c7eac497c4bc"",""truth_household_memberships.parquet"":""38658432d6576301874fe3a18961c8021e54e08f3e622cf5d195d1c31d320b43"",""truth_households.parquet"":""383b3f639f3874c4827e613d5699807d47fba14e2889f49b64778dc24c5a19f1"",""truth_people.parquet"":""2d49e8ac586ce0078f41d09da3d014d44a6b06f1ed36ea912f9c24f9aed4726d"",""truth_residence_history.parquet"":""8fd71871fa78dcdc4ee336bd2f0e4ffa49b73f91cdb6bc17dfe2e73d27e48706""}","[{""current"":100.0,""path"":""emission.appearance_A_pct"",""reference"":96.0},{""current"":100.0,""path"":""emission.appearance_B_pct"",""reference"":97.0},{""current"":0.0,""path"":""emission.duplication_in_A_pct"",""reference"":1.0},{""current"":0.0,""path"":""emission.duplication_in_B_pct"",""reference"":2.0},{""current"":0.0,""path"":""emission.noise.A.address_missing_pct"",""reference"":0.1},{""current"":0.0,""path"":""emission.noise.A.middle_name_missing_pct"",""reference"":5.0},{""current"":0.0,""path"":""emission.noise.A.name_typo_pct"",""reference"":0.2},{""current"":0.0,""path"":""emission.noise.A.phone_mask_pct"",""reference"":0.1},{""current"":0.0,""path"":""emission.noise.A.ssn_mask_pct"",""reference"":0.2},{""current"":0.0,""path"":""emission.noise.B.address_missing_pct"",""reference"":0.2},{""current"":0.0,""path"":""emission.noise.B.dob_shift_pct"",""reference"":0.2},{""current"":0.0,""path"":""emission.noise.B.middle_name_missing_pct"",""reference"":8.0},{""current"":0.0,""path"":""emission.noise.B.name_typo_pct"",""reference"":0.5},{""current"":0.0,""path"":""emission.noise.B.phone_mask_pct"",""reference"":0.2},{""current"":0.0,""path"":""emission.noise.B.ssn_mask_pct"",""reference"":0.5},{""current"":0.0,""path"":""emission.noise.B.zip_digit_error_pct"",""reference"":0.2},{""current"":100.0,""path"":""emission.overlap_entity_pct"",""reference"":92.0},{""current"":100.0,""path"":""parameters.adoption_rate_pct"",""reference"":null},{""current"":null,""path"":""parameters.move_rate_pct"",""reference"":8.0},{""current"":[""age_0_17"",""age_18_34"",""age_35_64""],""path"":""selection.filters.age_bins"",""reference"":[]},{""current"":""count"",""path"":""selection.sample.mode"",""reference"":""pct""},{""current"":10000,""path"":""selection.sample.value"",""reference"":100.0},{""current"":1,""path"":""simulation.periods"",""reference"":12}]",paper_experiments/results/E2_E6/E2/configs/e2_clean_baseline_linkage_s20260726.yaml,phase2/runs/2026-07-24_e2_adoption_blended_family_s20260726_seed20260726,"SHA-256 of sorted UTF-8 name-NUL-fileSHA256-NUL entries for truth_people.parquet, truth_households.parquet, truth_household_memberships.parquet, truth_residence_history.parquet, truth_events.parquet, entity_record_map.csv"
Table II,adoption_blended_family,E2,adoption_blended_family,20260727,paper_experiments/results/E2_E6/E2/configs/e2_adoption_blended_family_s20260727.yaml,ee52078f2fe19b74b20dd66c9e5d92416634fc2f5f1eaf210b3b21e9cf3405f5,523fcd003bdf5e69edd0655797aa77911eade8e9b7512aca5c08dcc5b18af750,"{""entity_record_map.csv"":""b5ce9ecd7f0acaed5edea9228811968db5ff3924abb5665491b62b1ac9a3ec02"",""truth_events.parquet"":""ccbd539a1e00070aea03ceeca47a624a82ad2a6892e1363b212cc7fee9d0cc5c"",""truth_household_memberships.parquet"":""2ad0ac96cd2dd30038f9921e2f9449a4cb5118e5054aa1ee973d6b47c0ac0a40"",""truth_households.parquet"":""383b3f639f3874c4827e613d5699807d47fba14e2889f49b64778dc24c5a19f1"",""truth_people.parquet"":""e2f3c725931825bfe7dbce85556b1a8ae2bce55e9add592a08ed8c201c1de5fa"",""truth_residence_history.parquet"":""d659b486181c91fce38b6a4ca243060e8393547ff23dbf0d99d86636dc8a4d7b""}","[{""current"":100.0,""path"":""emission.appearance_A_pct"",""reference"":96.0},{""current"":100.0,""path"":""emission.appearance_B_pct"",""reference"":97.0},{""current"":0.0,""path"":""emission.duplication_in_A_pct"",""reference"":1.0},{""current"":0.0,""path"":""emission.duplication_in_B_pct"",""reference"":2.0},{""current"":0.0,""path"":""emission.noise.A.address_missing_pct"",""reference"":0.1},{""current"":0.0,""path"":""emission.noise.A.middle_name_missing_pct"",""reference"":5.0},{""current"":0.0,""path"":""emission.noise.A.name_typo_pct"",""reference"":0.2},{""current"":0.0,""path"":""emission.noise.A.phone_mask_pct"",""reference"":0.1},{""current"":0.0,""path"":""emission.noise.A.ssn_mask_pct"",""reference"":0.2},{""current"":0.0,""path"":""emission.noise.B.address_missing_pct"",""reference"":0.2},{""current"":0.0,""path"":""emission.noise.B.dob_shift_pct"",""reference"":0.2},{""current"":0.0,""path"":""emission.noise.B.middle_name_missing_pct"",""reference"":8.0},{""current"":0.0,""path"":""emission.noise.B.name_typo_pct"",""reference"":0.5},{""current"":0.0,""path"":""emission.noise.B.phone_mask_pct"",""reference"":0.2},{""current"":0.0,""path"":""emission.noise.B.ssn_mask_pct"",""reference"":0.5},{""current"":0.0,""path"":""emission.noise.B.zip_digit_error_pct"",""reference"":0.2},{""current"":100.0,""path"":""emission.overlap_entity_pct"",""reference"":92.0},{""current"":100.0,""path"":""parameters.adoption_rate_pct"",""reference"":null},{""current"":null,""path"":""parameters.move_rate_pct"",""reference"":8.0},{""current"":[""age_0_17"",""age_18_34"",""age_35_64""],""path"":""selection.filters.age_bins"",""reference"":[]},{""current"":""count"",""path"":""selection.sample.mode"",""reference"":""pct""},{""current"":10000,""path"":""selection.sample.value"",""reference"":100.0},{""current"":1,""path"":""simulation.periods"",""reference"":12}]",paper_experiments/results/E2_E6/E2/configs/e2_clean_baseline_linkage_s20260727.yaml,phase2/runs/2026-07-24_e2_adoption_blended_family_s20260727_seed20260727,"SHA-256 of sorted UTF-8 name-NUL-fileSHA256-NUL entries for truth_people.parquet, truth_households.parquet, truth_household_memberships.parquet, truth_residence_history.parquet, truth_events.parquet, entity_record_map.csv"
Table II,adoption_blended_family,E2,adoption_blended_family,20260728,paper_experiments/results/E2_E6/E2/configs/e2_adoption_blended_family_s20260728.yaml,846860c95ecd6ec8b626b120e76097695198947ba3391c8cbcbba33474c53180,6e47bd6bad59f2f63cf8393317797365bbcd65e5768e2ebc7025868665ac066c,"{""entity_record_map.csv"":""eff00d734967fe29e407658823536af6d4d6c8b88f0d63fd835b19ebdc76403c"",""truth_events.parquet"":""09a08b12eae8fdd85b94e326d272021531b0e4ef68ac5eddbfb87015ef9feec3"",""truth_household_memberships.parquet"":""48c1b0915586bb5fdf1dc6e5dcb580c2f050565573e1321412be387e196c2f5b"",""truth_households.parquet"":""383b3f639f3874c4827e613d5699807d47fba14e2889f49b64778dc24c5a19f1"",""truth_people.parquet"":""b6588acb3da33205cde7527918a54262829b85a3cfa5c51695ae0f7645a18f2f"",""truth_residence_history.parquet"":""ada9caade199404fcc330e9aa583ded1bf2ee536564a09adc06303f4a4e43b7d""}","[{""current"":100.0,""path"":""emission.appearance_A_pct"",""reference"":96.0},{""current"":100.0,""path"":""emission.appearance_B_pct"",""reference"":97.0},{""current"":0.0,""path"":""emission.duplication_in_A_pct"",""reference"":1.0},{""current"":0.0,""path"":""emission.duplication_in_B_pct"",""reference"":2.0},{""current"":0.0,""path"":""emission.noise.A.address_missing_pct"",""reference"":0.1},{""current"":0.0,""path"":""emission.noise.A.middle_name_missing_pct"",""reference"":5.0},{""current"":0.0,""path"":""emission.noise.A.name_typo_pct"",""reference"":0.2},{""current"":0.0,""path"":""emission.noise.A.phone_mask_pct"",""reference"":0.1},{""current"":0.0,""path"":""emission.noise.A.ssn_mask_pct"",""reference"":0.2},{""current"":0.0,""path"":""emission.noise.B.address_missing_pct"",""reference"":0.2},{""current"":0.0,""path"":""emission.noise.B.dob_shift_pct"",""reference"":0.2},{""current"":0.0,""path"":""emission.noise.B.middle_name_missing_pct"",""reference"":8.0},{""current"":0.0,""path"":""emission.noise.B.name_typo_pct"",""reference"":0.5},{""current"":0.0,""path"":""emission.noise.B.phone_mask_pct"",""reference"":0.2},{""current"":0.0,""path"":""emission.noise.B.ssn_mask_pct"",""reference"":0.5},{""current"":0.0,""path"":""emission.noise.B.zip_digit_error_pct"",""reference"":0.2},{""current"":100.0,""path"":""emission.overlap_entity_pct"",""reference"":92.0},{""current"":100.0,""path"":""parameters.adoption_rate_pct"",""reference"":null},{""current"":null,""path"":""parameters.move_rate_pct"",""reference"":8.0},{""current"":[""age_0_17"",""age_18_34"",""age_35_64""],""path"":""selection.filters.age_bins"",""reference"":[]},{""current"":""count"",""path"":""selection.sample.mode"",""reference"":""pct""},{""current"":10000,""path"":""selection.sample.value"",""reference"":100.0},{""current"":1,""path"":""simulation.periods"",""reference"":12}]",paper_experiments/results/E2_E6/E2/configs/e2_clean_baseline_linkage_s20260728.yaml,phase2/runs/2026-07-24_e2_adoption_blended_family_s20260728_seed20260728,"SHA-256 of sorted UTF-8 name-NUL-fileSHA256-NUL entries for truth_people.parquet, truth_households.parquet, truth_household_memberships.parquet, truth_residence_history.parquet, truth_events.parquet, entity_record_map.csv"
Table II,adoption_blended_family,E2,adoption_blended_family,20260729,paper_experiments/results/E2_E6/E2/configs/e2_adoption_blended_family_s20260729.yaml,0663d4f119a4e28e1e1672572fc58475157560da06cd48c13db77f5be0a1106b,ca19ca018bed85a3d3564795c9627bf6292220d20dbcceb09c4ea4903cc172a0,"{""entity_record_map.csv"":""843fd48d08daf1a7eb797c6df5858bc18054aa486084dc651fbd3e12b3b29691"",""truth_events.parquet"":""deed087e947d07c41a6552a477f45a1f1e1fee874590339d4bd82772d661317d"",""truth_household_memberships.parquet"":""157625da592f91456c75caedcde9ea52da0480ceb10bd04fa850dec3b77cfd33"",""truth_households.parquet"":""383b3f639f3874c4827e613d5699807d47fba14e2889f49b64778dc24c5a19f1"",""truth_people.parquet"":""d889c3966450ca0df59e41fee12668af898191ff3cbdf935bbcf667ebaf45ba7"",""truth_residence_history.parquet"":""b56c1e69d15cc2608277a0c197e041ecb232c3580cab113e91a1d0a3ca915637""}","[{""current"":100.0,""path"":""emission.appearance_A_pct"",""reference"":96.0},{""current"":100.0,""path"":""emission.appearance_B_pct"",""reference"":97.0},{""current"":0.0,""path"":""emission.duplication_in_A_pct"",""reference"":1.0},{""current"":0.0,""path"":""emission.duplication_in_B_pct"",""reference"":2.0},{""current"":0.0,""path"":""emission.noise.A.address_missing_pct"",""reference"":0.1},{""current"":0.0,""path"":""emission.noise.A.middle_name_missing_pct"",""reference"":5.0},{""current"":0.0,""path"":""emission.noise.A.name_typo_pct"",""reference"":0.2},{""current"":0.0,""path"":""emission.noise.A.phone_mask_pct"",""reference"":0.1},{""current"":0.0,""path"":""emission.noise.A.ssn_mask_pct"",""reference"":0.2},{""current"":0.0,""path"":""emission.noise.B.address_missing_pct"",""reference"":0.2},{""current"":0.0,""path"":""emission.noise.B.dob_shift_pct"",""reference"":0.2},{""current"":0.0,""path"":""emission.noise.B.middle_name_missing_pct"",""reference"":8.0},{""current"":0.0,""path"":""emission.noise.B.name_typo_pct"",""reference"":0.5},{""current"":0.0,""path"":""emission.noise.B.phone_mask_pct"",""reference"":0.2},{""current"":0.0,""path"":""emission.noise.B.ssn_mask_pct"",""reference"":0.5},{""current"":0.0,""path"":""emission.noise.B.zip_digit_error_pct"",""reference"":0.2},{""current"":100.0,""path"":""emission.overlap_entity_pct"",""reference"":92.0},{""current"":100.0,""path"":""parameters.adoption_rate_pct"",""reference"":null},{""current"":null,""path"":""parameters.move_rate_pct"",""reference"":8.0},{""current"":[""age_0_17"",""age_18_34"",""age_35_64""],""path"":""selection.filters.age_bins"",""reference"":[]},{""current"":""count"",""path"":""selection.sample.mode"",""reference"":""pct""},{""current"":10000,""path"":""selection.sample.value"",""reference"":100.0},{""current"":1,""path"":""simulation.periods"",""reference"":12}]",paper_experiments/results/E2_E6/E2/configs/e2_clean_baseline_linkage_s20260729.yaml,phase2/runs/2026-07-24_e2_adoption_blended_family_s20260729_seed20260729,"SHA-256 of sorted UTF-8 name-NUL-fileSHA256-NUL entries for truth_people.parquet, truth_households.parquet, truth_household_memberships.parquet, truth_residence_history.parquet, truth_events.parquet, entity_record_map.csv"
Table II,asymmetric_source_coverage,E2,asymmetric_source_coverage,20260720,paper_experiments/results/E2_E6/E2/configs/e2_asymmetric_source_coverage_s20260720.yaml,7c5a8edc0e5980647f50d98e59d0226962fc6cb06687d885ca87c725a9a94c34,1e9e566d3d80d149899e95780cf9632521f739d651afc13e7c000267ddd54eb7,"{""entity_record_map.csv"":""a6ae941b40daf91d5909e62aaf64c45e813b254358ccbaaea88375cb9b3c98e8"",""truth_events.parquet"":""0d977883977f14add3128ac47585ccead6d139aac28c8b42aff872c6f24ca7bd"",""truth_household_memberships.parquet"":""e9ee0e4b37fa57f145b81aff781bf82fd0dac08cdba7bdfaaad02ea9552cd08d"",""truth_households.parquet"":""3592c8c3a12177d77b248c6fca89bcae1d4354fc473ce0df5bae8251dfd12f24"",""truth_people.parquet"":""8f82e60abc92d97eff599d68416e532096ffbb435fac1f8878f0f8f5320d0828"",""truth_residence_history.parquet"":""60ccdf22e87cbc8cafd77dfddf644e68047968fa1aadb934099da9efea6acce0""}","[{""current"":44.0,""path"":""emission.appearance_B_pct"",""reference"":97.0},{""current"":2.0,""path"":""emission.duplication_in_A_pct"",""reference"":1.0},{""current"":3.0,""path"":""emission.duplication_in_B_pct"",""reference"":2.0},{""current"":null,""path"":""emission.noise.A.address_missing_pct"",""reference"":0.1},{""current"":null,""path"":""emission.noise.A.date_swap_pct"",""reference"":0.0},{""current"":null,""path"":""emission.noise.A.dob_shift_pct"",""reference"":0.0},{""current"":10.0,""path"":""emission.noise.A.middle_name_missing_pct"",""reference"":5.0},{""current"":null,""path"":""emission.noise.A.name_typo_pct"",""reference"":0.2},{""current"":null,""path"":""emission.noise.A.nickname_pct"",""reference"":0.0},{""current"":null,""path"":""emission.noise.A.ocr_error_pct"",""reference"":0.0},{""current"":null,""path"":""emission.noise.A.phone_mask_pct"",""reference"":0.1},{""current"":null,""path"":""emission.noise.A.phonetic_error_pct"",""reference"":0.0},{""current"":null,""path"":""emission.noise.A.ssn_mask_pct"",""reference"":0.2},{""current"":null,""path"":""emission.noise.A.suffix_missing_pct"",""reference"":0.0},{""current"":null,""path"":""emission.noise.A.zip_digit_error_pct"",""reference"":0.0},{""current"":null,""path"":""emission.noise.B.address_missing_pct"",""reference"":0.2},{""current"":null,""path"":""emission.noise.B.date_swap_pct"",""reference"":0.0},{""current"":null,""path"":""emission.noise.B.dob_shift_pct"",""reference"":0.2},{""current"":18.0,""path"":""emission.noise.B.middle_name_missing_pct"",""reference"":8.0},{""current"":1.8,""path"":""emission.noise.B.name_typo_pct"",""reference"":0.5},{""current"":null,""path"":""emission.noise.B.nickname_pct"",""reference"":0.0},{""current"":null,""path"":""emission.noise.B.ocr_error_pct"",""reference"":0.0},{""current"":1.0,""path"":""emission.noise.B.phone_mask_pct"",""reference"":0.2},{""current"":null,""path"":""emission.noise.B.phonetic_error_pct"",""reference"":0.0},{""current"":null,""path"":""emission.noise.B.ssn_mask_pct"",""reference"":0.5},{""current"":null,""path"":""emission.noise.B.suffix_missing_pct"",""reference"":0.0},{""current"":null,""path"":""emission.noise.B.zip_digit_error_pct"",""reference"":0.2},{""current"":38.0,""path"":""emission.overlap_entity_pct"",""reference"":92.0},{""current"":9.0,""path"":""parameters.move_rate_pct"",""reference"":8.0}]",paper_experiments/results/E2_E6/E2/configs/e2_clean_baseline_linkage_s20260720.yaml,phase2/runs/2026-07-24_e2_asymmetric_source_coverage_s20260720_seed20260720,"SHA-256 of sorted UTF-8 name-NUL-fileSHA256-NUL entries for truth_people.parquet, truth_households.parquet, truth_household_memberships.parquet, truth_residence_history.parquet, truth_events.parquet, entity_record_map.csv"
Table II,asymmetric_source_coverage,E2,asymmetric_source_coverage,20260721,paper_experiments/results/E2_E6/E2/configs/e2_asymmetric_source_coverage_s20260721.yaml,aa4a0d483cf55e25796d45f49a2a5efdd67493a68279a68eb532e15529efa37f,318863fa636d7982d462cb2ee98213d5a1d005ac9aea2dc7c0e46d9fe869dad8,"{""entity_record_map.csv"":""2622661e14620034de8fdb3ad0778c244adbb3d1410f5f8ed94c7ff18e238482"",""truth_events.parquet"":""508c19099779b6aa4ec90d450c88bd25ca99d237138ce71cd0a2e0a3c2e315af"",""truth_household_memberships.parquet"":""10910b3f00f6556e115cf82e69ef71737fc1a3f83b25316dfc40aa161ff2847c"",""truth_households.parquet"":""3592c8c3a12177d77b248c6fca89bcae1d4354fc473ce0df5bae8251dfd12f24"",""truth_people.parquet"":""858062d8aa3fccea23735593aa8f1cfa94c661a967b7e81fe0b19157638ac721"",""truth_residence_history.parquet"":""3fd187f21ef145ab4a3e846c9217bec09792a3bce68e573bf8ff12a3c878c0ca""}","[{""current"":44.0,""path"":""emission.appearance_B_pct"",""reference"":97.0},{""current"":2.0,""path"":""emission.duplication_in_A_pct"",""reference"":1.0},{""current"":3.0,""path"":""emission.duplication_in_B_pct"",""reference"":2.0},{""current"":null,""path"":""emission.noise.A.address_missing_pct"",""reference"":0.1},{""current"":null,""path"":""emission.noise.A.date_swap_pct"",""reference"":0.0},{""current"":null,""path"":""emission.noise.A.dob_shift_pct"",""reference"":0.0},{""current"":10.0,""path"":""emission.noise.A.middle_name_missing_pct"",""reference"":5.0},{""current"":null,""path"":""emission.noise.A.name_typo_pct"",""reference"":0.2},{""current"":null,""path"":""emission.noise.A.nickname_pct"",""reference"":0.0},{""current"":null,""path"":""emission.noise.A.ocr_error_pct"",""reference"":0.0},{""current"":null,""path"":""emission.noise.A.phone_mask_pct"",""reference"":0.1},{""current"":null,""path"":""emission.noise.A.phonetic_error_pct"",""reference"":0.0},{""current"":null,""path"":""emission.noise.A.ssn_mask_pct"",""reference"":0.2},{""current"":null,""path"":""emission.noise.A.suffix_missing_pct"",""reference"":0.0},{""current"":null,""path"":""emission.noise.A.zip_digit_error_pct"",""reference"":0.0},{""current"":null,""path"":""emission.noise.B.address_missing_pct"",""reference"":0.2},{""current"":null,""path"":""emission.noise.B.date_swap_pct"",""reference"":0.0},{""current"":null,""path"":""emission.noise.B.dob_shift_pct"",""reference"":0.2},{""current"":18.0,""path"":""emission.noise.B.middle_name_missing_pct"",""reference"":8.0},{""current"":1.8,""path"":""emission.noise.B.name_typo_pct"",""reference"":0.5},{""current"":null,""path"":""emission.noise.B.nickname_pct"",""reference"":0.0},{""current"":null,""path"":""emission.noise.B.ocr_error_pct"",""reference"":0.0},{""current"":1.0,""path"":""emission.noise.B.phone_mask_pct"",""reference"":0.2},{""current"":null,""path"":""emission.noise.B.phonetic_error_pct"",""reference"":0.0},{""current"":null,""path"":""emission.noise.B.ssn_mask_pct"",""reference"":0.5},{""current"":null,""path"":""emission.noise.B.suffix_missing_pct"",""reference"":0.0},{""current"":null,""path"":""emission.noise.B.zip_digit_error_pct"",""reference"":0.2},{""current"":38.0,""path"":""emission.overlap_entity_pct"",""reference"":92.0},{""current"":9.0,""path"":""parameters.move_rate_pct"",""reference"":8.0}]",paper_experiments/results/E2_E6/E2/configs/e2_clean_baseline_linkage_s20260721.yaml,phase2/runs/2026-07-24_e2_asymmetric_source_coverage_s20260721_seed20260721,"SHA-256 of sorted UTF-8 name-NUL-fileSHA256-NUL entries for truth_people.parquet, truth_households.parquet, truth_household_memberships.parquet, truth_residence_history.parquet, truth_events.parquet, entity_record_map.csv"
Table II,asymmetric_source_coverage,E2,asymmetric_source_coverage,20260722,paper_experiments/results/E2_E6/E2/configs/e2_asymmetric_source_coverage_s20260722.yaml,7660a0201ae767147edb36b207750757beaba4ccba885a65f68f5176eda01079,22289681f14affbbc94d786fba90f8b6fdd238de272d7f5e3f1117021333f5fa,"{""entity_record_map.csv"":""cf9a2fb6943b077e08bc9a7bbaf513aa32fc83e3c1f05bf412cb1261196d380b"",""truth_events.parquet"":""306d15d9198f9660b59edc1870bddde7b994b5d784ef1c9960bdd6379ba85b8d"",""truth_household_memberships.parquet"":""2ced654425713214dc9c116d71a043bfe86f7d67555fcad6f815dc061ec2f20d"",""truth_households.parquet"":""3592c8c3a12177d77b248c6fca89bcae1d4354fc473ce0df5bae8251dfd12f24"",""truth_people.parquet"":""3444f477025dd602970c6f80f2dc1c1a92b74cf26427b5590c2a8aabb1c8cc81"",""truth_residence_history.parquet"":""a8a7c9a2d0dd10d5cd17f35a2b4a3948eb22111bc8ef028d21eb5e88b60bf9cc""}","[{""current"":44.0,""path"":""emission.appearance_B_pct"",""reference"":97.0},{""current"":2.0,""path"":""emission.duplication_in_A_pct"",""reference"":1.0},{""current"":3.0,""path"":""emission.duplication_in_B_pct"",""reference"":2.0},{""current"":null,""path"":""emission.noise.A.address_missing_pct"",""reference"":0.1},{""current"":null,""path"":""emission.noise.A.date_swap_pct"",""reference"":0.0},{""current"":null,""path"":""emission.noise.A.dob_shift_pct"",""reference"":0.0},{""current"":10.0,""path"":""emission.noise.A.middle_name_missing_pct"",""reference"":5.0},{""current"":null,""path"":""emission.noise.A.name_typo_pct"",""reference"":0.2},{""current"":null,""path"":""emission.noise.A.nickname_pct"",""reference"":0.0},{""current"":null,""path"":""emission.noise.A.ocr_error_pct"",""reference"":0.0},{""current"":null,""path"":""emission.noise.A.phone_mask_pct"",""reference"":0.1},{""current"":null,""path"":""emission.noise.A.phonetic_error_pct"",""reference"":0.0},{""current"":null,""path"":""emission.noise.A.ssn_mask_pct"",""reference"":0.2},{""current"":null,""path"":""emission.noise.A.suffix_missing_pct"",""reference"":0.0},{""current"":null,""path"":""emission.noise.A.zip_digit_error_pct"",""reference"":0.0},{""current"":null,""path"":""emission.noise.B.address_missing_pct"",""reference"":0.2},{""current"":null,""path"":""emission.noise.B.date_swap_pct"",""reference"":0.0},{""current"":null,""path"":""emission.noise.B.dob_shift_pct"",""reference"":0.2},{""current"":18.0,""path"":""emission.noise.B.middle_name_missing_pct"",""reference"":8.0},{""current"":1.8,""path"":""emission.noise.B.name_typo_pct"",""reference"":0.5},{""current"":null,""path"":""emission.noise.B.nickname_pct"",""reference"":0.0},{""current"":null,""path"":""emission.noise.B.ocr_error_pct"",""reference"":0.0},{""current"":1.0,""path"":""emission.noise.B.phone_mask_pct"",""reference"":0.2},{""current"":null,""path"":""emission.noise.B.phonetic_error_pct"",""reference"":0.0},{""current"":null,""path"":""emission.noise.B.ssn_mask_pct"",""reference"":0.5},{""current"":null,""path"":""emission.noise.B.suffix_missing_pct"",""reference"":0.0},{""current"":null,""path"":""emission.noise.B.zip_digit_error_pct"",""reference"":0.2},{""current"":38.0,""path"":""emission.overlap_entity_pct"",""reference"":92.0},{""current"":9.0,""path"":""parameters.move_rate_pct"",""reference"":8.0}]",paper_experiments/results/E2_E6/E2/configs/e2_clean_baseline_linkage_s20260722.yaml,phase2/runs/2026-07-24_e2_asymmetric_source_coverage_s20260722_seed20260722,"SHA-256 of sorted UTF-8 name-NUL-fileSHA256-NUL entries for truth_people.parquet, truth_households.parquet, truth_household_memberships.parquet, truth_residence_history.parquet, truth_events.parquet, entity_record_map.csv"
Table II,asymmetric_source_coverage,E2,asymmetric_source_coverage,20260723,paper_experiments/results/E2_E6/E2/configs/e2_asymmetric_source_coverage_s20260723.yaml,b50cedcc83745856682ff5718cdbb6ffa10f18e57819d1a2a8f31d2b3f1e9358,13ad399bf38d6ead07ca08f9ad9cba53939f033bbe58d81975a2518b11607b44,"{""entity_record_map.csv"":""0a97cda3347b09097c07bfd2c7329bd9509e772cf91816ec07d30d62582fdf82"",""truth_events.parquet"":""046e815c8a2cb562b89b7da7f20b375a3a1007fedf2a020046239ab673fc1562"",""truth_household_memberships.parquet"":""d000e27e1e4353aab39565aa10e1e25c3f027250f41eeaa98fffd8bd30afd5a3"",""truth_households.parquet"":""3592c8c3a12177d77b248c6fca89bcae1d4354fc473ce0df5bae8251dfd12f24"",""truth_people.parquet"":""828d72db0aeb7760fb311b436230cb0e437d406367b13d153df7aaf38e97bf04"",""truth_residence_history.parquet"":""7e370f2ccb6903df909b9b62cf03243cf25f553e3b9f7c8fc851a952544d94ad""}","[{""current"":44.0,""path"":""emission.appearance_B_pct"",""reference"":97.0},{""current"":2.0,""path"":""emission.duplication_in_A_pct"",""reference"":1.0},{""current"":3.0,""path"":""emission.duplication_in_B_pct"",""reference"":2.0},{""current"":null,""path"":""emission.noise.A.address_missing_pct"",""reference"":0.1},{""current"":null,""path"":""emission.noise.A.date_swap_pct"",""reference"":0.0},{""current"":null,""path"":""emission.noise.A.dob_shift_pct"",""reference"":0.0},{""current"":10.0,""path"":""emission.noise.A.middle_name_missing_pct"",""reference"":5.0},{""current"":null,""path"":""emission.noise.A.name_typo_pct"",""reference"":0.2},{""current"":null,""path"":""emission.noise.A.nickname_pct"",""reference"":0.0},{""current"":null,""path"":""emission.noise.A.ocr_error_pct"",""reference"":0.0},{""current"":null,""path"":""emission.noise.A.phone_mask_pct"",""reference"":0.1},{""current"":null,""path"":""emission.noise.A.phonetic_error_pct"",""reference"":0.0},{""current"":null,""path"":""emission.noise.A.ssn_mask_pct"",""reference"":0.2},{""current"":null,""path"":""emission.noise.A.suffix_missing_pct"",""reference"":0.0},{""current"":null,""path"":""emission.noise.A.zip_digit_error_pct"",""reference"":0.0},{""current"":null,""path"":""emission.noise.B.address_missing_pct"",""reference"":0.2},{""current"":null,""path"":""emission.noise.B.date_swap_pct"",""reference"":0.0},{""current"":null,""path"":""emission.noise.B.dob_shift_pct"",""reference"":0.2},{""current"":18.0,""path"":""emission.noise.B.middle_name_missing_pct"",""reference"":8.0},{""current"":1.8,""path"":""emission.noise.B.name_typo_pct"",""reference"":0.5},{""current"":null,""path"":""emission.noise.B.nickname_pct"",""reference"":0.0},{""current"":null,""path"":""emission.noise.B.ocr_error_pct"",""reference"":0.0},{""current"":1.0,""path"":""emission.noise.B.phone_mask_pct"",""reference"":0.2},{""current"":null,""path"":""emission.noise.B.phonetic_error_pct"",""reference"":0.0},{""current"":null,""path"":""emission.noise.B.ssn_mask_pct"",""reference"":0.5},{""current"":null,""path"":""emission.noise.B.suffix_missing_pct"",""reference"":0.0},{""current"":null,""path"":""emission.noise.B.zip_digit_error_pct"",""reference"":0.2},{""current"":38.0,""path"":""emission.overlap_entity_pct"",""reference"":92.0},{""current"":9.0,""path"":""parameters.move_rate_pct"",""reference"":8.0}]",paper_experiments/results/E2_E6/E2/configs/e2_clean_baseline_linkage_s20260723.yaml,phase2/runs/2026-07-24_e2_asymmetric_source_coverage_s20260723_seed20260723,"SHA-256 of sorted UTF-8 name-NUL-fileSHA256-NUL entries for truth_people.parquet, truth_households.parquet, truth_household_memberships.parquet, truth_residence_history.parquet, truth_events.parquet, entity_record_map.csv"
Table II,asymmetric_source_coverage,E2,asymmetric_source_coverage,20260724,paper_experiments/results/E2_E6/E2/configs/e2_asymmetric_source_coverage_s20260724.yaml,5c7c6164034397b71180bac6f04dad6360d8e90b82afcbbf054c533db2b86263,2eb5a0870a3825f42a6db059ba80e0cb61c7e6852849cf6f839d26007ce042b1,"{""entity_record_map.csv"":""e2b35a1501b42b6c9e9830747607625f56d49794e3221dd707ca0f0ed16871ab"",""truth_events.parquet"":""e5a26c6cde8cd6528540b11c82707c31136e6dd0342aa62ac1415cf60fa60f68"",""truth_household_memberships.parquet"":""f651d7478e9510fbaf6801658e532e2f080c20ced26fb1b1d19676656c588fc7"",""truth_households.parquet"":""3592c8c3a12177d77b248c6fca89bcae1d4354fc473ce0df5bae8251dfd12f24"",""truth_people.parquet"":""afa6beb768f8ed02e51f9f8a147c9a03c534b282c058ffdaed958a017dacdc89"",""truth_residence_history.parquet"":""eaee7fda9a06cc6ea8488a337d2fb76ddd344de170a86f4dd5822b589b433ea9""}","[{""current"":44.0,""path"":""emission.appearance_B_pct"",""reference"":97.0},{""current"":2.0,""path"":""emission.duplication_in_A_pct"",""reference"":1.0},{""current"":3.0,""path"":""emission.duplication_in_B_pct"",""reference"":2.0},{""current"":null,""path"":""emission.noise.A.address_missing_pct"",""reference"":0.1},{""current"":null,""path"":""emission.noise.A.date_swap_pct"",""reference"":0.0},{""current"":null,""path"":""emission.noise.A.dob_shift_pct"",""reference"":0.0},{""current"":10.0,""path"":""emission.noise.A.middle_name_missing_pct"",""reference"":5.0},{""current"":null,""path"":""emission.noise.A.name_typo_pct"",""reference"":0.2},{""current"":null,""path"":""emission.noise.A.nickname_pct"",""reference"":0.0},{""current"":null,""path"":""emission.noise.A.ocr_error_pct"",""reference"":0.0},{""current"":null,""path"":""emission.noise.A.phone_mask_pct"",""reference"":0.1},{""current"":null,""path"":""emission.noise.A.phonetic_error_pct"",""reference"":0.0},{""current"":null,""path"":""emission.noise.A.ssn_mask_pct"",""reference"":0.2},{""current"":null,""path"":""emission.noise.A.suffix_missing_pct"",""reference"":0.0},{""current"":null,""path"":""emission.noise.A.zip_digit_error_pct"",""reference"":0.0},{""current"":null,""path"":""emission.noise.B.address_missing_pct"",""reference"":0.2},{""current"":null,""path"":""emission.noise.B.date_swap_pct"",""reference"":0.0},{""current"":null,""path"":""emission.noise.B.dob_shift_pct"",""reference"":0.2},{""current"":18.0,""path"":""emission.noise.B.middle_name_missing_pct"",""reference"":8.0},{""current"":1.8,""path"":""emission.noise.B.name_typo_pct"",""reference"":0.5},{""current"":null,""path"":""emission.noise.B.nickname_pct"",""reference"":0.0},{""current"":null,""path"":""emission.noise.B.ocr_error_pct"",""reference"":0.0},{""current"":1.0,""path"":""emission.noise.B.phone_mask_pct"",""reference"":0.2},{""current"":null,""path"":""emission.noise.B.phonetic_error_pct"",""reference"":0.0},{""current"":null,""path"":""emission.noise.B.ssn_mask_pct"",""reference"":0.5},{""current"":null,""path"":""emission.noise.B.suffix_missing_pct"",""reference"":0.0},{""current"":null,""path"":""emission.noise.B.zip_digit_error_pct"",""reference"":0.2},{""current"":38.0,""path"":""emission.overlap_entity_pct"",""reference"":92.0},{""current"":9.0,""path"":""parameters.move_rate_pct"",""reference"":8.0}]",paper_experiments/results/E2_E6/E2/configs/e2_clean_baseline_linkage_s20260724.yaml,phase2/runs/2026-07-24_e2_asymmetric_source_coverage_s20260724_seed20260724,"SHA-256 of sorted UTF-8 name-NUL-fileSHA256-NUL entries for truth_people.parquet, truth_households.parquet, truth_household_memberships.parquet, truth_residence_history.parquet, truth_events.parquet, entity_record_map.csv"
Table II,asymmetric_source_coverage,E2,asymmetric_source_coverage,20260725,paper_experiments/results/E2_E6/E2/configs/e2_asymmetric_source_coverage_s20260725.yaml,6fc2ac80df010ed1c125a42e4f835fea851cce0e4d631487cc7a7b754d556782,0b93a71c13dd62cb2f4508b2d1a9a12b6dff97ef8edfd3821f1a08777cbab228,"{""entity_record_map.csv"":""a7f35901bde3a8cc3e1fc1426fb3e9bb55a753268c8bf73c445d9aa40bfbad5c"",""truth_events.parquet"":""82be8ffb149fbbfa165552e9b5fb1970a4fcdb2edb9a78b19892b691607b97b3"",""truth_household_memberships.parquet"":""58378d36406209b7f27bbca696e7afd6b84fdd84b5b2b5f84c325fbf3e0ab7a0"",""truth_households.parquet"":""3592c8c3a12177d77b248c6fca89bcae1d4354fc473ce0df5bae8251dfd12f24"",""truth_people.parquet"":""f6463f5c0f497b01a2829c35cffa924ee2323a128a146a36a120998107bc5d5b"",""truth_residence_history.parquet"":""79f290cc266c2bdf0709d67353ab8e386c273f4a71f278bc6f19ea31051aeadb""}","[{""current"":44.0,""path"":""emission.appearance_B_pct"",""reference"":97.0},{""current"":2.0,""path"":""emission.duplication_in_A_pct"",""reference"":1.0},{""current"":3.0,""path"":""emission.duplication_in_B_pct"",""reference"":2.0},{""current"":null,""path"":""emission.noise.A.address_missing_pct"",""reference"":0.1},{""current"":null,""path"":""emission.noise.A.date_swap_pct"",""reference"":0.0},{""current"":null,""path"":""emission.noise.A.dob_shift_pct"",""reference"":0.0},{""current"":10.0,""path"":""emission.noise.A.middle_name_missing_pct"",""reference"":5.0},{""current"":null,""path"":""emission.noise.A.name_typo_pct"",""reference"":0.2},{""current"":null,""path"":""emission.noise.A.nickname_pct"",""reference"":0.0},{""current"":null,""path"":""emission.noise.A.ocr_error_pct"",""reference"":0.0},{""current"":null,""path"":""emission.noise.A.phone_mask_pct"",""reference"":0.1},{""current"":null,""path"":""emission.noise.A.phonetic_error_pct"",""reference"":0.0},{""current"":null,""path"":""emission.noise.A.ssn_mask_pct"",""reference"":0.2},{""current"":null,""path"":""emission.noise.A.suffix_missing_pct"",""reference"":0.0},{""current"":null,""path"":""emission.noise.A.zip_digit_error_pct"",""reference"":0.0},{""current"":null,""path"":""emission.noise.B.address_missing_pct"",""reference"":0.2},{""current"":null,""path"":""emission.noise.B.date_swap_pct"",""reference"":0.0},{""current"":null,""path"":""emission.noise.B.dob_shift_pct"",""reference"":0.2},{""current"":18.0,""path"":""emission.noise.B.middle_name_missing_pct"",""reference"":8.0},{""current"":1.8,""path"":""emission.noise.B.name_typo_pct"",""reference"":0.5},{""current"":null,""path"":""emission.noise.B.nickname_pct"",""reference"":0.0},{""current"":null,""path"":""emission.noise.B.ocr_error_pct"",""reference"":0.0},{""current"":1.0,""path"":""emission.noise.B.phone_mask_pct"",""reference"":0.2},{""current"":null,""path"":""emission.noise.B.phonetic_error_pct"",""reference"":0.0},{""current"":null,""path"":""emission.noise.B.ssn_mask_pct"",""reference"":0.5},{""current"":null,""path"":""emission.noise.B.suffix_missing_pct"",""reference"":0.0},{""current"":null,""path"":""emission.noise.B.zip_digit_error_pct"",""reference"":0.2},{""current"":38.0,""path"":""emission.overlap_entity_pct"",""reference"":92.0},{""current"":9.0,""path"":""parameters.move_rate_pct"",""reference"":8.0}]",paper_experiments/results/E2_E6/E2/configs/e2_clean_baseline_linkage_s20260725.yaml,phase2/runs/2026-07-24_e2_asymmetric_source_coverage_s20260725_seed20260725,"SHA-256 of sorted UTF-8 name-NUL-fileSHA256-NUL entries for truth_people.parquet, truth_households.parquet, truth_household_memberships.parquet, truth_residence_history.parquet, truth_events.parquet, entity_record_map.csv"
Table II,asymmetric_source_coverage,E2,asymmetric_source_coverage,20260726,paper_experiments/results/E2_E6/E2/configs/e2_asymmetric_source_coverage_s20260726.yaml,b637ab96d17d60df8ed434eb697437a15b0353091450d182a0fc0c74711106ca,17b4fe18b52c2020976af8c10dcf2e07703a5cb8a2e19b0672b96a33bbb747b4,"{""entity_record_map.csv"":""f7489e23ef1665299daa08ef8824b77f32c2f59aaab2e41391d3b023ca8cc8e7"",""truth_events.parquet"":""22c9bcd411c19c323ddb2bdadfe1ad3f8774649c7e301dedf7dab576aa9e091d"",""truth_household_memberships.parquet"":""d1196a272df0342eb14559c5e9e24d9bd4ef501d1b6b5dc8172e26e15fd89af2"",""truth_households.parquet"":""3592c8c3a12177d77b248c6fca89bcae1d4354fc473ce0df5bae8251dfd12f24"",""truth_people.parquet"":""2b8adf938ec62055ab46f024967cdd0648d1bd4e9cf0f1c073e16e4e25cd7e34"",""truth_residence_history.parquet"":""8cc3d1b1814ca87d57d01a9dbbf8cfb33960c5c712943b2955b1f4ae8e7bd9d9""}","[{""current"":44.0,""path"":""emission.appearance_B_pct"",""reference"":97.0},{""current"":2.0,""path"":""emission.duplication_in_A_pct"",""reference"":1.0},{""current"":3.0,""path"":""emission.duplication_in_B_pct"",""reference"":2.0},{""current"":null,""path"":""emission.noise.A.address_missing_pct"",""reference"":0.1},{""current"":null,""path"":""emission.noise.A.date_swap_pct"",""reference"":0.0},{""current"":null,""path"":""emission.noise.A.dob_shift_pct"",""reference"":0.0},{""current"":10.0,""path"":""emission.noise.A.middle_name_missing_pct"",""reference"":5.0},{""current"":null,""path"":""emission.noise.A.name_typo_pct"",""reference"":0.2},{""current"":null,""path"":""emission.noise.A.nickname_pct"",""reference"":0.0},{""current"":null,""path"":""emission.noise.A.ocr_error_pct"",""reference"":0.0},{""current"":null,""path"":""emission.noise.A.phone_mask_pct"",""reference"":0.1},{""current"":null,""path"":""emission.noise.A.phonetic_error_pct"",""reference"":0.0},{""current"":null,""path"":""emission.noise.A.ssn_mask_pct"",""reference"":0.2},{""current"":null,""path"":""emission.noise.A.suffix_missing_pct"",""reference"":0.0},{""current"":null,""path"":""emission.noise.A.zip_digit_error_pct"",""reference"":0.0},{""current"":null,""path"":""emission.noise.B.address_missing_pct"",""reference"":0.2},{""current"":null,""path"":""emission.noise.B.date_swap_pct"",""reference"":0.0},{""current"":null,""path"":""emission.noise.B.dob_shift_pct"",""reference"":0.2},{""current"":18.0,""path"":""emission.noise.B.middle_name_missing_pct"",""reference"":8.0},{""current"":1.8,""path"":""emission.noise.B.name_typo_pct"",""reference"":0.5},{""current"":null,""path"":""emission.noise.B.nickname_pct"",""reference"":0.0},{""current"":null,""path"":""emission.noise.B.ocr_error_pct"",""reference"":0.0},{""current"":1.0,""path"":""emission.noise.B.phone_mask_pct"",""reference"":0.2},{""current"":null,""path"":""emission.noise.B.phonetic_error_pct"",""reference"":0.0},{""current"":null,""path"":""emission.noise.B.ssn_mask_pct"",""reference"":0.5},{""current"":null,""path"":""emission.noise.B.suffix_missing_pct"",""reference"":0.0},{""current"":null,""path"":""emission.noise.B.zip_digit_error_pct"",""reference"":0.2},{""current"":38.0,""path"":""emission.overlap_entity_pct"",""reference"":92.0},{""current"":9.0,""path"":""parameters.move_rate_pct"",""reference"":8.0}]",paper_experiments/results/E2_E6/E2/configs/e2_clean_baseline_linkage_s20260726.yaml,phase2/runs/2026-07-24_e2_asymmetric_source_coverage_s20260726_seed20260726,"SHA-256 of sorted UTF-8 name-NUL-fileSHA256-NUL entries for truth_people.parquet, truth_households.parquet, truth_household_memberships.parquet, truth_residence_history.parquet, truth_events.parquet, entity_record_map.csv"
Table II,asymmetric_source_coverage,E2,asymmetric_source_coverage,20260727,paper_experiments/results/E2_E6/E2/configs/e2_asymmetric_source_coverage_s20260727.yaml,b05ac0758d0a2d4f03936c971fc6ae12faa76f929b2b169d069cb29a524c0b22,a730fee8ef47820d349f79459331194dbef1ac122b5f620eeb2b9b76624159f9,"{""entity_record_map.csv"":""83e8ff9f72be3d5f5868f1abeef3ccdfe7b43abc7837db85c7a2209bacfe4ea2"",""truth_events.parquet"":""a32942518de94bf1ce885c57ba0b831c7bf7c89bc480de6924162db494e11ef6"",""truth_household_memberships.parquet"":""5c68babbb6e2fd95ed1c195e97a8b2028df767031bfb65e1459e18a02f8a1a2a"",""truth_households.parquet"":""3592c8c3a12177d77b248c6fca89bcae1d4354fc473ce0df5bae8251dfd12f24"",""truth_people.parquet"":""a0f25b49819776c09ed4f8c0ac8a245ed99a2b1cd2c1b4902bccb5bc55fdd6ce"",""truth_residence_history.parquet"":""dc600414a47e0e69eca99cb8bec92dc38eab477b83e7690473a7fc2e5d868ede""}","[{""current"":44.0,""path"":""emission.appearance_B_pct"",""reference"":97.0},{""current"":2.0,""path"":""emission.duplication_in_A_pct"",""reference"":1.0},{""current"":3.0,""path"":""emission.duplication_in_B_pct"",""reference"":2.0},{""current"":null,""path"":""emission.noise.A.address_missing_pct"",""reference"":0.1},{""current"":null,""path"":""emission.noise.A.date_swap_pct"",""reference"":0.0},{""current"":null,""path"":""emission.noise.A.dob_shift_pct"",""reference"":0.0},{""current"":10.0,""path"":""emission.noise.A.middle_name_missing_pct"",""reference"":5.0},{""current"":null,""path"":""emission.noise.A.name_typo_pct"",""reference"":0.2},{""current"":null,""path"":""emission.noise.A.nickname_pct"",""reference"":0.0},{""current"":null,""path"":""emission.noise.A.ocr_error_pct"",""reference"":0.0},{""current"":null,""path"":""emission.noise.A.phone_mask_pct"",""reference"":0.1},{""current"":null,""path"":""emission.noise.A.phonetic_error_pct"",""reference"":0.0},{""current"":null,""path"":""emission.noise.A.ssn_mask_pct"",""reference"":0.2},{""current"":null,""path"":""emission.noise.A.suffix_missing_pct"",""reference"":0.0},{""current"":null,""path"":""emission.noise.A.zip_digit_error_pct"",""reference"":0.0},{""current"":null,""path"":""emission.noise.B.address_missing_pct"",""reference"":0.2},{""current"":null,""path"":""emission.noise.B.date_swap_pct"",""reference"":0.0},{""current"":null,""path"":""emission.noise.B.dob_shift_pct"",""reference"":0.2},{""current"":18.0,""path"":""emission.noise.B.middle_name_missing_pct"",""reference"":8.0},{""current"":1.8,""path"":""emission.noise.B.name_typo_pct"",""reference"":0.5},{""current"":null,""path"":""emission.noise.B.nickname_pct"",""reference"":0.0},{""current"":null,""path"":""emission.noise.B.ocr_error_pct"",""reference"":0.0},{""current"":1.0,""path"":""emission.noise.B.phone_mask_pct"",""reference"":0.2},{""current"":null,""path"":""emission.noise.B.phonetic_error_pct"",""reference"":0.0},{""current"":null,""path"":""emission.noise.B.ssn_mask_pct"",""reference"":0.5},{""current"":null,""path"":""emission.noise.B.suffix_missing_pct"",""reference"":0.0},{""current"":null,""path"":""emission.noise.B.zip_digit_error_pct"",""reference"":0.2},{""current"":38.0,""path"":""emission.overlap_entity_pct"",""reference"":92.0},{""current"":9.0,""path"":""parameters.move_rate_pct"",""reference"":8.0}]",paper_experiments/results/E2_E6/E2/configs/e2_clean_baseline_linkage_s20260727.yaml,phase2/runs/2026-07-24_e2_asymmetric_source_coverage_s20260727_seed20260727,"SHA-256 of sorted UTF-8 name-NUL-fileSHA256-NUL entries for truth_people.parquet, truth_households.parquet, truth_household_memberships.parquet, truth_residence_history.parquet, truth_events.parquet, entity_record_map.csv"
Table II,asymmetric_source_coverage,E2,asymmetric_source_coverage,20260728,paper_experiments/results/E2_E6/E2/configs/e2_asymmetric_source_coverage_s20260728.yaml,76d0076df53f2440ebeaa90ca33a4a63c34d118be9aa7ed2b5a7f040bdaa935a,c5517d08913eee09ea03faa9f045d770bc15d735f15f19606462f00482c0b8c0,"{""entity_record_map.csv"":""8584525075b4bdcca45581ff7b5abce81208eacb99947667e86f3b97aaf7124a"",""truth_events.parquet"":""91f894b8e9129d5508d56ecc922113c341e09279f1e2bad7362c3ceec4f416c8"",""truth_household_memberships.parquet"":""552c8039d92840429258e16cd8ff6c3ec801817c14c9ffbce5935d4412536cea"",""truth_households.parquet"":""3592c8c3a12177d77b248c6fca89bcae1d4354fc473ce0df5bae8251dfd12f24"",""truth_people.parquet"":""3c6b927c4c84abedaf13403800a466b2dce6e79b93d66b81d0751c348ca97b64"",""truth_residence_history.parquet"":""5537fcb8f3c3f40a0856330449ba25e4496754b192887f7406081c50fcff9d7d""}","[{""current"":44.0,""path"":""emission.appearance_B_pct"",""reference"":97.0},{""current"":2.0,""path"":""emission.duplication_in_A_pct"",""reference"":1.0},{""current"":3.0,""path"":""emission.duplication_in_B_pct"",""reference"":2.0},{""current"":null,""path"":""emission.noise.A.address_missing_pct"",""reference"":0.1},{""current"":null,""path"":""emission.noise.A.date_swap_pct"",""reference"":0.0},{""current"":null,""path"":""emission.noise.A.dob_shift_pct"",""reference"":0.0},{""current"":10.0,""path"":""emission.noise.A.middle_name_missing_pct"",""reference"":5.0},{""current"":null,""path"":""emission.noise.A.name_typo_pct"",""reference"":0.2},{""current"":null,""path"":""emission.noise.A.nickname_pct"",""reference"":0.0},{""current"":null,""path"":""emission.noise.A.ocr_error_pct"",""reference"":0.0},{""current"":null,""path"":""emission.noise.A.phone_mask_pct"",""reference"":0.1},{""current"":null,""path"":""emission.noise.A.phonetic_error_pct"",""reference"":0.0},{""current"":null,""path"":""emission.noise.A.ssn_mask_pct"",""reference"":0.2},{""current"":null,""path"":""emission.noise.A.suffix_missing_pct"",""reference"":0.0},{""current"":null,""path"":""emission.noise.A.zip_digit_error_pct"",""reference"":0.0},{""current"":null,""path"":""emission.noise.B.address_missing_pct"",""reference"":0.2},{""current"":null,""path"":""emission.noise.B.date_swap_pct"",""reference"":0.0},{""current"":null,""path"":""emission.noise.B.dob_shift_pct"",""reference"":0.2},{""current"":18.0,""path"":""emission.noise.B.middle_name_missing_pct"",""reference"":8.0},{""current"":1.8,""path"":""emission.noise.B.name_typo_pct"",""reference"":0.5},{""current"":null,""path"":""emission.noise.B.nickname_pct"",""reference"":0.0},{""current"":null,""path"":""emission.noise.B.ocr_error_pct"",""reference"":0.0},{""current"":1.0,""path"":""emission.noise.B.phone_mask_pct"",""reference"":0.2},{""current"":null,""path"":""emission.noise.B.phonetic_error_pct"",""reference"":0.0},{""current"":null,""path"":""emission.noise.B.ssn_mask_pct"",""reference"":0.5},{""current"":null,""path"":""emission.noise.B.suffix_missing_pct"",""reference"":0.0},{""current"":null,""path"":""emission.noise.B.zip_digit_error_pct"",""reference"":0.2},{""current"":38.0,""path"":""emission.overlap_entity_pct"",""reference"":92.0},{""current"":9.0,""path"":""parameters.move_rate_pct"",""reference"":8.0}]",paper_experiments/results/E2_E6/E2/configs/e2_clean_baseline_linkage_s20260728.yaml,phase2/runs/2026-07-24_e2_asymmetric_source_coverage_s20260728_seed20260728,"SHA-256 of sorted UTF-8 name-NUL-fileSHA256-NUL entries for truth_people.parquet, truth_households.parquet, truth_household_memberships.parquet, truth_residence_history.parquet, truth_events.parquet, entity_record_map.csv"
Table II,asymmetric_source_coverage,E2,asymmetric_source_coverage,20260729,paper_experiments/results/E2_E6/E2/configs/e2_asymmetric_source_coverage_s20260729.yaml,d803e4150a5e910dcb1e6947089713001f38c54ac172032fb3209c0cd5d2a9c1,10436f79619f6f40b62441e39fc2adbf6de36e1a19b53faa59dc605897c7174d,"{""entity_record_map.csv"":""2219e1a10bd2c30b7f057b9c1af0418f611c38bdfc2069769e5522150f7825ed"",""truth_events.parquet"":""f0adeb8987f075d08ae1fe4db070f1e6aee30511ffe4014ad50a5e08c39148c8"",""truth_household_memberships.parquet"":""e3f7bc33c6f22e57fc2b4c43cdca736d1cb950e84dd3279836d1bfc2e4415160"",""truth_households.parquet"":""3592c8c3a12177d77b248c6fca89bcae1d4354fc473ce0df5bae8251dfd12f24"",""truth_people.parquet"":""d8fa66d765ce78f5214ccc420d3e11d1cd018a7bfb88e484333af6481ce69fbd"",""truth_residence_history.parquet"":""cfdbee606829c65bc5b4d79784e40399baa0becd12d18f0b0187df208d5af6a7""}","[{""current"":44.0,""path"":""emission.appearance_B_pct"",""reference"":97.0},{""current"":2.0,""path"":""emission.duplication_in_A_pct"",""reference"":1.0},{""current"":3.0,""path"":""emission.duplication_in_B_pct"",""reference"":2.0},{""current"":null,""path"":""emission.noise.A.address_missing_pct"",""reference"":0.1},{""current"":null,""path"":""emission.noise.A.date_swap_pct"",""reference"":0.0},{""current"":null,""path"":""emission.noise.A.dob_shift_pct"",""reference"":0.0},{""current"":10.0,""path"":""emission.noise.A.middle_name_missing_pct"",""reference"":5.0},{""current"":null,""path"":""emission.noise.A.name_typo_pct"",""reference"":0.2},{""current"":null,""path"":""emission.noise.A.nickname_pct"",""reference"":0.0},{""current"":null,""path"":""emission.noise.A.ocr_error_pct"",""reference"":0.0},{""current"":null,""path"":""emission.noise.A.phone_mask_pct"",""reference"":0.1},{""current"":null,""path"":""emission.noise.A.phonetic_error_pct"",""reference"":0.0},{""current"":null,""path"":""emission.noise.A.ssn_mask_pct"",""reference"":0.2},{""current"":null,""path"":""emission.noise.A.suffix_missing_pct"",""reference"":0.0},{""current"":null,""path"":""emission.noise.A.zip_digit_error_pct"",""reference"":0.0},{""current"":null,""path"":""emission.noise.B.address_missing_pct"",""reference"":0.2},{""current"":null,""path"":""emission.noise.B.date_swap_pct"",""reference"":0.0},{""current"":null,""path"":""emission.noise.B.dob_shift_pct"",""reference"":0.2},{""current"":18.0,""path"":""emission.noise.B.middle_name_missing_pct"",""reference"":8.0},{""current"":1.8,""path"":""emission.noise.B.name_typo_pct"",""reference"":0.5},{""current"":null,""path"":""emission.noise.B.nickname_pct"",""reference"":0.0},{""current"":null,""path"":""emission.noise.B.ocr_error_pct"",""reference"":0.0},{""current"":1.0,""path"":""emission.noise.B.phone_mask_pct"",""reference"":0.2},{""current"":null,""path"":""emission.noise.B.phonetic_error_pct"",""reference"":0.0},{""current"":null,""path"":""emission.noise.B.ssn_mask_pct"",""reference"":0.5},{""current"":null,""path"":""emission.noise.B.suffix_missing_pct"",""reference"":0.0},{""current"":null,""path"":""emission.noise.B.zip_digit_error_pct"",""reference"":0.2},{""current"":38.0,""path"":""emission.overlap_entity_pct"",""reference"":92.0},{""current"":9.0,""path"":""parameters.move_rate_pct"",""reference"":8.0}]",paper_experiments/results/E2_E6/E2/configs/e2_clean_baseline_linkage_s20260729.yaml,phase2/runs/2026-07-24_e2_asymmetric_source_coverage_s20260729_seed20260729,"SHA-256 of sorted UTF-8 name-NUL-fileSHA256-NUL entries for truth_people.parquet, truth_households.parquet, truth_household_memberships.parquet, truth_residence_history.parquet, truth_events.parquet, entity_record_map.csv"
Table II,clean_baseline_linkage,E2,clean_baseline_linkage,20260720,paper_experiments/results/E2_E6/E2/configs/e2_clean_baseline_linkage_s20260720.yaml,5a6e74220d8c35bda440967405f28f298a430b79292c71712404bc23292d2699,3ee5bd7189d7e5f619e607409a788284b56ac4a0bc8e29f467f21eb264a58885,"{""entity_record_map.csv"":""799024dcf3bc9fb53243fe469d9e38fd89912ed97771fdab759d0067eedaa7f5"",""truth_events.parquet"":""483ee110e072fdd654e32945380b8a63ea80065c35f6cc7a9538324b461adfaa"",""truth_household_memberships.parquet"":""e9ee0e4b37fa57f145b81aff781bf82fd0dac08cdba7bdfaaad02ea9552cd08d"",""truth_households.parquet"":""3592c8c3a12177d77b248c6fca89bcae1d4354fc473ce0df5bae8251dfd12f24"",""truth_people.parquet"":""8f82e60abc92d97eff599d68416e532096ffbb435fac1f8878f0f8f5320d0828"",""truth_residence_history.parquet"":""2c0faecf53fadb820472ec348deb37b33c77c68b10f18a63ae4cca6339a74380""}",[],paper_experiments/results/E2_E6/E2/configs/e2_clean_baseline_linkage_s20260720.yaml,phase2/runs/2026-07-24_e2_clean_baseline_linkage_s20260720_seed20260720,"SHA-256 of sorted UTF-8 name-NUL-fileSHA256-NUL entries for truth_people.parquet, truth_households.parquet, truth_household_memberships.parquet, truth_residence_history.parquet, truth_events.parquet, entity_record_map.csv"
Table II,clean_baseline_linkage,E2,clean_baseline_linkage,20260721,paper_experiments/results/E2_E6/E2/configs/e2_clean_baseline_linkage_s20260721.yaml,e72cbe6692ff036f0e958fb7a2015c5d33b982b10b54872253fd116f1314191e,204dabb4c174808c8c4b2ba487dd4878f20178f417d168ce95b1d24bdd861229,"{""entity_record_map.csv"":""827b47799d6a9d8adfc4f2edd7dc47dc66cd0e35591940e9b061bb3a4fe2f003"",""truth_events.parquet"":""88b213b121c6bca5458e1d177662d3c9ddf77965b220b6825d610c3399584f97"",""truth_household_memberships.parquet"":""10910b3f00f6556e115cf82e69ef71737fc1a3f83b25316dfc40aa161ff2847c"",""truth_households.parquet"":""3592c8c3a12177d77b248c6fca89bcae1d4354fc473ce0df5bae8251dfd12f24"",""truth_people.parquet"":""858062d8aa3fccea23735593aa8f1cfa94c661a967b7e81fe0b19157638ac721"",""truth_residence_history.parquet"":""383ee1a06cd3de7305e9fbbaa3c8dbc6dde1ba9cce425f593e8fd1b3e83235b9""}",[],paper_experiments/results/E2_E6/E2/configs/e2_clean_baseline_linkage_s20260721.yaml,phase2/runs/2026-07-24_e2_clean_baseline_linkage_s20260721_seed20260721,"SHA-256 of sorted UTF-8 name-NUL-fileSHA256-NUL entries for truth_people.parquet, truth_households.parquet, truth_household_memberships.parquet, truth_residence_history.parquet, truth_events.parquet, entity_record_map.csv"
Table II,clean_baseline_linkage,E2,clean_baseline_linkage,20260722,paper_experiments/results/E2_E6/E2/configs/e2_clean_baseline_linkage_s20260722.yaml,e027342faeb4055e53df4b625470c5f9134b57b32688c9059e328013c69ce651,de2d01c12f3bc17e239f87055ee7bef16fcb7197edf4e4b3f78a4513f8cdb1c9,"{""entity_record_map.csv"":""e76da2768a742017fe0f82dd431ac907001fad2cb339a941b42cc05d71b3fbfa"",""truth_events.parquet"":""dd3888a04ffbcdf9951d12f4930db50ad579542c80fefb1e1d99c3cd08d8636b"",""truth_household_memberships.parquet"":""2ced654425713214dc9c116d71a043bfe86f7d67555fcad6f815dc061ec2f20d"",""truth_households.parquet"":""3592c8c3a12177d77b248c6fca89bcae1d4354fc473ce0df5bae8251dfd12f24"",""truth_people.parquet"":""3444f477025dd602970c6f80f2dc1c1a92b74cf26427b5590c2a8aabb1c8cc81"",""truth_residence_history.parquet"":""8ccd9a959793d6589623c45d079c378b1da20c720287562dc146077af50e440a""}",[],paper_experiments/results/E2_E6/E2/configs/e2_clean_baseline_linkage_s20260722.yaml,phase2/runs/2026-07-24_e2_clean_baseline_linkage_s20260722_seed20260722,"SHA-256 of sorted UTF-8 name-NUL-fileSHA256-NUL entries for truth_people.parquet, truth_households.parquet, truth_household_memberships.parquet, truth_residence_history.parquet, truth_events.parquet, entity_record_map.csv"
Table II,clean_baseline_linkage,E2,clean_baseline_linkage,20260723,paper_experiments/results/E2_E6/E2/configs/e2_clean_baseline_linkage_s20260723.yaml,347be2835752b6c4adbcc2ed60bd7d5c810d09f89bd1488ef8e56067a022e9b4,11cd08e016a813345e6f00a352d8b7fdb56daab25765af0a4ceecdc261f92dce,"{""entity_record_map.csv"":""2df7578a930e59d9512c6bcf3647b92eb7651d4be209b107c011acf975b161c0"",""truth_events.parquet"":""e313572b9a1c778717002b1df45c105be365cfef3208cd4e1a3e409cb44298e2"",""truth_household_memberships.parquet"":""d000e27e1e4353aab39565aa10e1e25c3f027250f41eeaa98fffd8bd30afd5a3"",""truth_households.parquet"":""3592c8c3a12177d77b248c6fca89bcae1d4354fc473ce0df5bae8251dfd12f24"",""truth_people.parquet"":""828d72db0aeb7760fb311b436230cb0e437d406367b13d153df7aaf38e97bf04"",""truth_residence_history.parquet"":""3c022335026185e58cd7eff4c291cdeee8d8d77150f61686e640edccd12504d7""}",[],paper_experiments/results/E2_E6/E2/configs/e2_clean_baseline_linkage_s20260723.yaml,phase2/runs/2026-07-24_e2_clean_baseline_linkage_s20260723_seed20260723,"SHA-256 of sorted UTF-8 name-NUL-fileSHA256-NUL entries for truth_people.parquet, truth_households.parquet, truth_household_memberships.parquet, truth_residence_history.parquet, truth_events.parquet, entity_record_map.csv"
Table II,clean_baseline_linkage,E2,clean_baseline_linkage,20260724,paper_experiments/results/E2_E6/E2/configs/e2_clean_baseline_linkage_s20260724.yaml,b7068e85e0c259210f2a957368d57a2fe8d0e6492337409ad559cd609ff4b48a,0e9aafcc8decbc3f5637b6ecc4a3bcd81a7c6fd74adef09e7a398732955c9981,"{""entity_record_map.csv"":""f029e505fa8435ea45652ccc1721be2a905b59a409bde26c150fc9e71a182a22"",""truth_events.parquet"":""1a20afc04f5bac07ccdc3e21af1093441d948cd213f902d7e258e826538c1b70"",""truth_household_memberships.parquet"":""f651d7478e9510fbaf6801658e532e2f080c20ced26fb1b1d19676656c588fc7"",""truth_households.parquet"":""3592c8c3a12177d77b248c6fca89bcae1d4354fc473ce0df5bae8251dfd12f24"",""truth_people.parquet"":""afa6beb768f8ed02e51f9f8a147c9a03c534b282c058ffdaed958a017dacdc89"",""truth_residence_history.parquet"":""39550df03262c1c6b18c277938ca9333ffdb3e6960139f88f6a4fbc860effd4f""}",[],paper_experiments/results/E2_E6/E2/configs/e2_clean_baseline_linkage_s20260724.yaml,phase2/runs/2026-07-24_e2_clean_baseline_linkage_s20260724_seed20260724,"SHA-256 of sorted UTF-8 name-NUL-fileSHA256-NUL entries for truth_people.parquet, truth_households.parquet, truth_household_memberships.parquet, truth_residence_history.parquet, truth_events.parquet, entity_record_map.csv"
Table II,clean_baseline_linkage,E2,clean_baseline_linkage,20260725,paper_experiments/results/E2_E6/E2/configs/e2_clean_baseline_linkage_s20260725.yaml,9123ab09438fbba598648f968e98deaa79832c8887aa7d3dc596d224d4375214,e8fc707cab9a04dc4de3ff4f78dfd6d915060b668fdd971d7b883aa701f90b64,"{""entity_record_map.csv"":""b80464304f4f81001750f2817f7173143752b1a15baa885bfaa619267b6cc36f"",""truth_events.parquet"":""6e0acf9a178a46840e35d051455cd101fd82fe2cbc50ccf8fc06aa5f1f4bfdc3"",""truth_household_memberships.parquet"":""58378d36406209b7f27bbca696e7afd6b84fdd84b5b2b5f84c325fbf3e0ab7a0"",""truth_households.parquet"":""3592c8c3a12177d77b248c6fca89bcae1d4354fc473ce0df5bae8251dfd12f24"",""truth_people.parquet"":""f6463f5c0f497b01a2829c35cffa924ee2323a128a146a36a120998107bc5d5b"",""truth_residence_history.parquet"":""b29d815c80864b8f455370e72ad835c3bc9a43ece608c2c6cad089f3198d17ac""}",[],paper_experiments/results/E2_E6/E2/configs/e2_clean_baseline_linkage_s20260725.yaml,phase2/runs/2026-07-24_e2_clean_baseline_linkage_s20260725_seed20260725,"SHA-256 of sorted UTF-8 name-NUL-fileSHA256-NUL entries for truth_people.parquet, truth_households.parquet, truth_household_memberships.parquet, truth_residence_history.parquet, truth_events.parquet, entity_record_map.csv"
Table II,clean_baseline_linkage,E2,clean_baseline_linkage,20260726,paper_experiments/results/E2_E6/E2/configs/e2_clean_baseline_linkage_s20260726.yaml,64fff8ab25610e571ed530e0b6b68592cd68ed4d36ffcbc59a127142805d09e6,9de9e288b509224ec5f0189e91113bd80010f2cfbe3d67d22418848f4855de52,"{""entity_record_map.csv"":""123ddeeb33ea8dd595dfea9eca78a06f8e01260429e51a8ff5faeb833a6c4ab6"",""truth_events.parquet"":""bea4ced3ed2f135cd5e7aa95d7ed51da88df65342d3ea0ddd0c65764b71cffe0"",""truth_household_memberships.parquet"":""d1196a272df0342eb14559c5e9e24d9bd4ef501d1b6b5dc8172e26e15fd89af2"",""truth_households.parquet"":""3592c8c3a12177d77b248c6fca89bcae1d4354fc473ce0df5bae8251dfd12f24"",""truth_people.parquet"":""2b8adf938ec62055ab46f024967cdd0648d1bd4e9cf0f1c073e16e4e25cd7e34"",""truth_residence_history.parquet"":""65fa86abd7c214f9b171a5605a5d1c64fd30431ae90b193e7687a7dae99c6d0c""}",[],paper_experiments/results/E2_E6/E2/configs/e2_clean_baseline_linkage_s20260726.yaml,phase2/runs/2026-07-24_e2_clean_baseline_linkage_s20260726_seed20260726,"SHA-256 of sorted UTF-8 name-NUL-fileSHA256-NUL entries for truth_people.parquet, truth_households.parquet, truth_household_memberships.parquet, truth_residence_history.parquet, truth_events.parquet, entity_record_map.csv"
Table II,clean_baseline_linkage,E2,clean_baseline_linkage,20260727,paper_experiments/results/E2_E6/E2/configs/e2_clean_baseline_linkage_s20260727.yaml,d6ab195098a2459d83184369fafcb6b6250068da1cc41951356c7dc518c0506c,955e52adc93ff2b6a1af5b71926a876a7fabb5fecbb53973e1540eaf76d4ed02,"{""entity_record_map.csv"":""ac3a58fda9982da16b388da9c84fe5dd99b1a2c2821aa7a8f1f8163757865d44"",""truth_events.parquet"":""6c4d883618d8b886f0a9c6f8cb27c90dc862dbdd828fff40a744e1d49b4a7e37"",""truth_household_memberships.parquet"":""5c68babbb6e2fd95ed1c195e97a8b2028df767031bfb65e1459e18a02f8a1a2a"",""truth_households.parquet"":""3592c8c3a12177d77b248c6fca89bcae1d4354fc473ce0df5bae8251dfd12f24"",""truth_people.parquet"":""a0f25b49819776c09ed4f8c0ac8a245ed99a2b1cd2c1b4902bccb5bc55fdd6ce"",""truth_residence_history.parquet"":""5780f2f8a1c8032caa901a8ba49bb194cde7eb537e22ffde2d6fef4e30b553ba""}",[],paper_experiments/results/E2_E6/E2/configs/e2_clean_baseline_linkage_s20260727.yaml,phase2/runs/2026-07-24_e2_clean_baseline_linkage_s20260727_seed20260727,"SHA-256 of sorted UTF-8 name-NUL-fileSHA256-NUL entries for truth_people.parquet, truth_households.parquet, truth_household_memberships.parquet, truth_residence_history.parquet, truth_events.parquet, entity_record_map.csv"
Table II,clean_baseline_linkage,E2,clean_baseline_linkage,20260728,paper_experiments/results/E2_E6/E2/configs/e2_clean_baseline_linkage_s20260728.yaml,595e4a275a4b37eaaa52ccd89a368228ac8441210c01eb84a084193513149cfa,ab4b11064db7d5b04a9581f5f896571b30578f81ecb2b10dfe2892a21c921b6c,"{""entity_record_map.csv"":""196b2de43edab26e13854c4b1671c3009915513c72f27bf59f3b6b8829ef4d76"",""truth_events.parquet"":""211328e6b17b150fae6f1def01be579f78662c0b3f28e108a32e891b0558e7a6"",""truth_household_memberships.parquet"":""552c8039d92840429258e16cd8ff6c3ec801817c14c9ffbce5935d4412536cea"",""truth_households.parquet"":""3592c8c3a12177d77b248c6fca89bcae1d4354fc473ce0df5bae8251dfd12f24"",""truth_people.parquet"":""3c6b927c4c84abedaf13403800a466b2dce6e79b93d66b81d0751c348ca97b64"",""truth_residence_history.parquet"":""766564a16271c476e04bf111c3c78f868e093242e9ea5204c3ee7ab4995f42e7""}",[],paper_experiments/results/E2_E6/E2/configs/e2_clean_baseline_linkage_s20260728.yaml,phase2/runs/2026-07-24_e2_clean_baseline_linkage_s20260728_seed20260728,"SHA-256 of sorted UTF-8 name-NUL-fileSHA256-NUL entries for truth_people.parquet, truth_households.parquet, truth_household_memberships.parquet, truth_residence_history.parquet, truth_events.parquet, entity_record_map.csv"
Table II,clean_baseline_linkage,E2,clean_baseline_linkage,20260729,paper_experiments/results/E2_E6/E2/configs/e2_clean_baseline_linkage_s20260729.yaml,b066d349d6a666274f5bb14f2addbd466bd15c9af3d8cfbfa195ab5f77285910,34572aa081526ff90cb71640ded0c20a8b5129095110c0175f4987fdb4227ec8,"{""entity_record_map.csv"":""97c95732abff76e8e232a7b991ce4580679b24d5d66b26cea46cf41ecc7bb08f"",""truth_events.parquet"":""d1bd659bb225a7e0f2b5c66e222ec497d5124da2ed40603a7e370fc336a383b3"",""truth_household_memberships.parquet"":""e3f7bc33c6f22e57fc2b4c43cdca736d1cb950e84dd3279836d1bfc2e4415160"",""truth_households.parquet"":""3592c8c3a12177d77b248c6fca89bcae1d4354fc473ce0df5bae8251dfd12f24"",""truth_people.parquet"":""d8fa66d765ce78f5214ccc420d3e11d1cd018a7bfb88e484333af6481ce69fbd"",""truth_residence_history.parquet"":""5e726e897083bb808e5814d79ae9db9044aa9018cd6b13f84bc447e0a3c67f65""}",[],paper_experiments/results/E2_E6/E2/configs/e2_clean_baseline_linkage_s20260729.yaml,phase2/runs/2026-07-24_e2_clean_baseline_linkage_s20260729_seed20260729,"SHA-256 of sorted UTF-8 name-NUL-fileSHA256-NUL entries for truth_people.parquet, truth_households.parquet, truth_household_memberships.parquet, truth_residence_history.parquet, truth_events.parquet, entity_record_map.csv"
Table II,couple_merge,E2,couple_merge,20260720,paper_experiments/results/E2_E6/E2/configs/e2_couple_merge_s20260720.yaml,d516ce85ce7bf7f8b83a6f4f5bf6842a3bdad4cee83e92e96b01ac2ba7e961c6,72f19751d8b31cdc98dc5c9319e81139975701eb1574b36f8b823952ffe77072,"{""entity_record_map.csv"":""17bc525a3df4ffa51f1d4f110af3db8dd2385b821d2ace68b014bd430df31195"",""truth_events.parquet"":""4e8e5456640b467d9a91d39e05cbaf87177f78cc7e608929d01ab2f551cb6331"",""truth_household_memberships.parquet"":""50143b350725959fede71d73b044bc1a4ba2a93d0aede758172ca823403a9d65"",""truth_households.parquet"":""41d9db027ef471ea794f8e89b88f1220cd9b87273efff2d1353fe372ecab3e09"",""truth_people.parquet"":""4f9cd57ec0f58bfb7d1ce8b8ff5dc7b0a1cab8f4e6b1f7406d234cea2f25a790"",""truth_residence_history.parquet"":""647344f250ac83326f51d30197558483e93b2c61da34c5a274dfdb621fdeab52""}","[{""current"":90.0,""path"":""emission.appearance_A_pct"",""reference"":96.0},{""current"":96.0,""path"":""emission.appearance_B_pct"",""reference"":97.0},{""current"":""one_to_many"",""path"":""emission.crossfile_match_mode"",""reference"":""one_to_one""},{""current"":18.0,""path"":""emission.duplication_in_B_pct"",""reference"":2.0},{""current"":0.2,""path"":""emission.noise.A.address_missing_pct"",""reference"":0.1},{""current"":0.2,""path"":""emission.noise.A.dob_shift_pct"",""reference"":0.0},{""current"":12.0,""path"":""emission.noise.A.middle_name_missing_pct"",""reference"":5.0},{""current"":0.4,""path"":""emission.noise.A.name_typo_pct"",""reference"":0.2},{""current"":0.4,""path"":""emission.noise.A.phone_mask_pct"",""reference"":0.1},{""current"":0.8,""path"":""emission.noise.A.ssn_mask_pct"",""reference"":0.2},{""current"":0.4,""path"":""emission.noise.B.address_missing_pct"",""reference"":0.2},{""current"":0.8,""path"":""emission.noise.B.dob_shift_pct"",""reference"":0.2},{""current"":18.0,""path"":""emission.noise.B.middle_name_missing_pct"",""reference"":8.0},{""current"":1.5,""path"":""emission.noise.B.name_typo_pct"",""reference"":0.5},{""current"":5.0,""path"":""emission.noise.B.nickname_pct"",""reference"":0.0},{""current"":1.5,""path"":""emission.noise.B.phone_mask_pct"",""reference"":0.2},{""current"":3.0,""path"":""emission.noise.B.ssn_mask_pct"",""reference"":0.5},{""current"":0.0,""path"":""emission.noise.B.zip_digit_error_pct"",""reference"":0.2},{""current"":82.0,""path"":""emission.overlap_entity_pct"",""reference"":92.0},{""current"":5499,""path"":""emission.record_count_A"",""reference"":null},{""current"":11011,""path"":""emission.record_count_B"",""reference"":null},{""current"":96.0,""path"":""parameters.cohabit_rate_pct"",""reference"":null},{""current"":72.0,""path"":""parameters.move_rate_pct"",""reference"":8.0},{""current"":10,""path"":""quality.household_size_range.max"",""reference"":8},{""current"":[""age_18_34"",""age_35_64""],""path"":""selection.filters.age_bins"",""reference"":[]},{""current"":""count"",""path"":""selection.sample.mode"",""reference"":""pct""},{""current"":6050,""path"":""selection.sample.value"",""reference"":100.0},{""current"":18,""path"":""simulation.periods"",""reference"":12}]",paper_experiments/results/E2_E6/E2/configs/e2_clean_baseline_linkage_s20260720.yaml,phase2/runs/2026-07-24_e2_couple_merge_s20260720_seed20260720,"SHA-256 of sorted UTF-8 name-NUL-fileSHA256-NUL entries for truth_people.parquet, truth_households.parquet, truth_household_memberships.parquet, truth_residence_history.parquet, truth_events.parquet, entity_record_map.csv"
Table II,couple_merge,E2,couple_merge,20260721,paper_experiments/results/E2_E6/E2/configs/e2_couple_merge_s20260721.yaml,4fd94890954e0638652dbe7103b1db65da69c12f07857f439f710632107afed0,40b9874523e29bf3bbebba607456ce403596805a4700361d4dd860d1bc0b0aa6,"{""entity_record_map.csv"":""cf0a9c37864538a61945c6c9b064b2be80e6a34483f07462092dfa3c9d6ed9d2"",""truth_events.parquet"":""86040c1cc7318bd2387da359beaf05e3f92a09eb92ad0747a53ffcdb05f81575"",""truth_household_memberships.parquet"":""b241096bd160bcc0a31d64dd41ae25349cf8c4fa4b767bf1af716bffc39e580e"",""truth_households.parquet"":""3e647477714c21b7288a7a616e164d4a825d27c61af308e4850f746be7f9c251"",""truth_people.parquet"":""4544d78e93d4b966b215d7a4bfb59c644c4c6084fa238349a3c6d2420b2e9b5a"",""truth_residence_history.parquet"":""52694929ef34788042b9f951cbf9ee2c3ae1b93386f8ef0d8e882c748f6ab219""}","[{""current"":90.0,""path"":""emission.appearance_A_pct"",""reference"":96.0},{""current"":96.0,""path"":""emission.appearance_B_pct"",""reference"":97.0},{""current"":""one_to_many"",""path"":""emission.crossfile_match_mode"",""reference"":""one_to_one""},{""current"":18.0,""path"":""emission.duplication_in_B_pct"",""reference"":2.0},{""current"":0.2,""path"":""emission.noise.A.address_missing_pct"",""reference"":0.1},{""current"":0.2,""path"":""emission.noise.A.dob_shift_pct"",""reference"":0.0},{""current"":12.0,""path"":""emission.noise.A.middle_name_missing_pct"",""reference"":5.0},{""current"":0.4,""path"":""emission.noise.A.name_typo_pct"",""reference"":0.2},{""current"":0.4,""path"":""emission.noise.A.phone_mask_pct"",""reference"":0.1},{""current"":0.8,""path"":""emission.noise.A.ssn_mask_pct"",""reference"":0.2},{""current"":0.4,""path"":""emission.noise.B.address_missing_pct"",""reference"":0.2},{""current"":0.8,""path"":""emission.noise.B.dob_shift_pct"",""reference"":0.2},{""current"":18.0,""path"":""emission.noise.B.middle_name_missing_pct"",""reference"":8.0},{""current"":1.5,""path"":""emission.noise.B.name_typo_pct"",""reference"":0.5},{""current"":5.0,""path"":""emission.noise.B.nickname_pct"",""reference"":0.0},{""current"":1.5,""path"":""emission.noise.B.phone_mask_pct"",""reference"":0.2},{""current"":3.0,""path"":""emission.noise.B.ssn_mask_pct"",""reference"":0.5},{""current"":0.0,""path"":""emission.noise.B.zip_digit_error_pct"",""reference"":0.2},{""current"":82.0,""path"":""emission.overlap_entity_pct"",""reference"":92.0},{""current"":5499,""path"":""emission.record_count_A"",""reference"":null},{""current"":11011,""path"":""emission.record_count_B"",""reference"":null},{""current"":96.0,""path"":""parameters.cohabit_rate_pct"",""reference"":null},{""current"":72.0,""path"":""parameters.move_rate_pct"",""reference"":8.0},{""current"":10,""path"":""quality.household_size_range.max"",""reference"":8},{""current"":[""age_18_34"",""age_35_64""],""path"":""selection.filters.age_bins"",""reference"":[]},{""current"":""count"",""path"":""selection.sample.mode"",""reference"":""pct""},{""current"":6050,""path"":""selection.sample.value"",""reference"":100.0},{""current"":18,""path"":""simulation.periods"",""reference"":12}]",paper_experiments/results/E2_E6/E2/configs/e2_clean_baseline_linkage_s20260721.yaml,phase2/runs/2026-07-24_e2_couple_merge_s20260721_seed20260721,"SHA-256 of sorted UTF-8 name-NUL-fileSHA256-NUL entries for truth_people.parquet, truth_households.parquet, truth_household_memberships.parquet, truth_residence_history.parquet, truth_events.parquet, entity_record_map.csv"
Table II,couple_merge,E2,couple_merge,20260722,paper_experiments/results/E2_E6/E2/configs/e2_couple_merge_s20260722.yaml,42eebc5796a60bc0c379dafb48189344c34aad76615291a222ef2c15121c020b,bc9b2e8b2b38918c55b786be180b36f675324d8d84c7d612d8cd94c227f7a831,"{""entity_record_map.csv"":""5dee86783c5dc9c34ecbff655a368958295dc998e9f4f7ac5bfc7750ff71c2fd"",""truth_events.parquet"":""760ce51258b98c61c8e2a7c4982bb216632503cff04a406bb5994ea912152ee4"",""truth_household_memberships.parquet"":""09e9b9c3a6dc3b40b08c2c5d844179e7218820b9f6a99437cce31c17e8bcbefe"",""truth_households.parquet"":""a04af4f927c46ea29de7ffc119dac522cf79abb6ac0f5dd1492287358d0006d2"",""truth_people.parquet"":""71d48e0e494e8ab1ceffb71be9321d149cbd77ebf58dbd7fc733a822ff34579d"",""truth_residence_history.parquet"":""7f13bea06c9d5a3b47624d39f62773d5c5f8d22ec827bfcbfbc628d9463fab93""}","[{""current"":90.0,""path"":""emission.appearance_A_pct"",""reference"":96.0},{""current"":96.0,""path"":""emission.appearance_B_pct"",""reference"":97.0},{""current"":""one_to_many"",""path"":""emission.crossfile_match_mode"",""reference"":""one_to_one""},{""current"":18.0,""path"":""emission.duplication_in_B_pct"",""reference"":2.0},{""current"":0.2,""path"":""emission.noise.A.address_missing_pct"",""reference"":0.1},{""current"":0.2,""path"":""emission.noise.A.dob_shift_pct"",""reference"":0.0},{""current"":12.0,""path"":""emission.noise.A.middle_name_missing_pct"",""reference"":5.0},{""current"":0.4,""path"":""emission.noise.A.name_typo_pct"",""reference"":0.2},{""current"":0.4,""path"":""emission.noise.A.phone_mask_pct"",""reference"":0.1},{""current"":0.8,""path"":""emission.noise.A.ssn_mask_pct"",""reference"":0.2},{""current"":0.4,""path"":""emission.noise.B.address_missing_pct"",""reference"":0.2},{""current"":0.8,""path"":""emission.noise.B.dob_shift_pct"",""reference"":0.2},{""current"":18.0,""path"":""emission.noise.B.middle_name_missing_pct"",""reference"":8.0},{""current"":1.5,""path"":""emission.noise.B.name_typo_pct"",""reference"":0.5},{""current"":5.0,""path"":""emission.noise.B.nickname_pct"",""reference"":0.0},{""current"":1.5,""path"":""emission.noise.B.phone_mask_pct"",""reference"":0.2},{""current"":3.0,""path"":""emission.noise.B.ssn_mask_pct"",""reference"":0.5},{""current"":0.0,""path"":""emission.noise.B.zip_digit_error_pct"",""reference"":0.2},{""current"":82.0,""path"":""emission.overlap_entity_pct"",""reference"":92.0},{""current"":5499,""path"":""emission.record_count_A"",""reference"":null},{""current"":11011,""path"":""emission.record_count_B"",""reference"":null},{""current"":96.0,""path"":""parameters.cohabit_rate_pct"",""reference"":null},{""current"":72.0,""path"":""parameters.move_rate_pct"",""reference"":8.0},{""current"":10,""path"":""quality.household_size_range.max"",""reference"":8},{""current"":[""age_18_34"",""age_35_64""],""path"":""selection.filters.age_bins"",""reference"":[]},{""current"":""count"",""path"":""selection.sample.mode"",""reference"":""pct""},{""current"":6050,""path"":""selection.sample.value"",""reference"":100.0},{""current"":18,""path"":""simulation.periods"",""reference"":12}]",paper_experiments/results/E2_E6/E2/configs/e2_clean_baseline_linkage_s20260722.yaml,phase2/runs/2026-07-24_e2_couple_merge_s20260722_seed20260722,"SHA-256 of sorted UTF-8 name-NUL-fileSHA256-NUL entries for truth_people.parquet, truth_households.parquet, truth_household_memberships.parquet, truth_residence_history.parquet, truth_events.parquet, entity_record_map.csv"
Table II,couple_merge,E2,couple_merge,20260723,paper_experiments/results/E2_E6/E2/configs/e2_couple_merge_s20260723.yaml,3dcb01cbfed3af754239599e6ac6d2915841a6ef63ecc75e15acbff565b18302,c6503bb02b708aa6f339eb7b80810e1dfd4881926ebc10501066d4eebeb3d8e1,"{""entity_record_map.csv"":""7dcba3e1562d01d5e861058947098c783f47645184b51e0a363ffc0c820b9be3"",""truth_events.parquet"":""cb9b0dd2dfca027b96ac5f84125af9114a75be6291c0a0996e6e824d334d8ab8"",""truth_household_memberships.parquet"":""895ee82e35fead310b41bee6f8d77758a646761bb04d38a7a04c32b2ebfb4374"",""truth_households.parquet"":""9a4f76fb820711d6af691dc8af9b8e9e3f5b5d9b6d2137d276da2dfa26643768"",""truth_people.parquet"":""f06f09e5ad094a5508df16e5ae7b9adf6edb2dfffa4481a4622a05a1292ea2ef"",""truth_residence_history.parquet"":""0b7be6e111f948e1dd96e483a0dd10be2774546114168f37894ac6f6e9e0f55e""}","[{""current"":90.0,""path"":""emission.appearance_A_pct"",""reference"":96.0},{""current"":96.0,""path"":""emission.appearance_B_pct"",""reference"":97.0},{""current"":""one_to_many"",""path"":""emission.crossfile_match_mode"",""reference"":""one_to_one""},{""current"":18.0,""path"":""emission.duplication_in_B_pct"",""reference"":2.0},{""current"":0.2,""path"":""emission.noise.A.address_missing_pct"",""reference"":0.1},{""current"":0.2,""path"":""emission.noise.A.dob_shift_pct"",""reference"":0.0},{""current"":12.0,""path"":""emission.noise.A.middle_name_missing_pct"",""reference"":5.0},{""current"":0.4,""path"":""emission.noise.A.name_typo_pct"",""reference"":0.2},{""current"":0.4,""path"":""emission.noise.A.phone_mask_pct"",""reference"":0.1},{""current"":0.8,""path"":""emission.noise.A.ssn_mask_pct"",""reference"":0.2},{""current"":0.4,""path"":""emission.noise.B.address_missing_pct"",""reference"":0.2},{""current"":0.8,""path"":""emission.noise.B.dob_shift_pct"",""reference"":0.2},{""current"":18.0,""path"":""emission.noise.B.middle_name_missing_pct"",""reference"":8.0},{""current"":1.5,""path"":""emission.noise.B.name_typo_pct"",""reference"":0.5},{""current"":5.0,""path"":""emission.noise.B.nickname_pct"",""reference"":0.0},{""current"":1.5,""path"":""emission.noise.B.phone_mask_pct"",""reference"":0.2},{""current"":3.0,""path"":""emission.noise.B.ssn_mask_pct"",""reference"":0.5},{""current"":0.0,""path"":""emission.noise.B.zip_digit_error_pct"",""reference"":0.2},{""current"":82.0,""path"":""emission.overlap_entity_pct"",""reference"":92.0},{""current"":5499,""path"":""emission.record_count_A"",""reference"":null},{""current"":11011,""path"":""emission.record_count_B"",""reference"":null},{""current"":96.0,""path"":""parameters.cohabit_rate_pct"",""reference"":null},{""current"":72.0,""path"":""parameters.move_rate_pct"",""reference"":8.0},{""current"":10,""path"":""quality.household_size_range.max"",""reference"":8},{""current"":[""age_18_34"",""age_35_64""],""path"":""selection.filters.age_bins"",""reference"":[]},{""current"":""count"",""path"":""selection.sample.mode"",""reference"":""pct""},{""current"":6050,""path"":""selection.sample.value"",""reference"":100.0},{""current"":18,""path"":""simulation.periods"",""reference"":12}]",paper_experiments/results/E2_E6/E2/configs/e2_clean_baseline_linkage_s20260723.yaml,phase2/runs/2026-07-24_e2_couple_merge_s20260723_seed20260723,"SHA-256 of sorted UTF-8 name-NUL-fileSHA256-NUL entries for truth_people.parquet, truth_households.parquet, truth_household_memberships.parquet, truth_residence_history.parquet, truth_events.parquet, entity_record_map.csv"
Table II,couple_merge,E2,couple_merge,20260724,paper_experiments/results/E2_E6/E2/configs/e2_couple_merge_s20260724.yaml,2c413fa042ea243e9755dc7a396ff6a6e9cd09cce14cf0a046c4009bd8921309,dc34e77da1cd158147daa87f7cad87e8f933836019380b01ae741bb53ff1914f,"{""entity_record_map.csv"":""9fd6c4ef71ce55128ca0340b8b848c7d408a265908959640fb6d3835f9a90ffa"",""truth_events.parquet"":""1a533c8cec0d220277020ffe788146d2638cb61945bbce92533121531afb5c42"",""truth_household_memberships.parquet"":""ede0f8f06710d2eff6e0ddf870d2e96cbc90401a8bd0ce47ba740679a69e883b"",""truth_households.parquet"":""174ed473bfb388de4b08b1431c8a13c629210eb153ff7a8d8b17887dd988701b"",""truth_people.parquet"":""d68869fbc75d7c9ee1d0b2ec1d8fbb7cc25dfbd2e9ec16ac437a77df2e1fed67"",""truth_residence_history.parquet"":""3e3a51b17b83426eb15ff2058ea41d0d72cb9b797580d2929947b96936c6ead4""}","[{""current"":90.0,""path"":""emission.appearance_A_pct"",""reference"":96.0},{""current"":96.0,""path"":""emission.appearance_B_pct"",""reference"":97.0},{""current"":""one_to_many"",""path"":""emission.crossfile_match_mode"",""reference"":""one_to_one""},{""current"":18.0,""path"":""emission.duplication_in_B_pct"",""reference"":2.0},{""current"":0.2,""path"":""emission.noise.A.address_missing_pct"",""reference"":0.1},{""current"":0.2,""path"":""emission.noise.A.dob_shift_pct"",""reference"":0.0},{""current"":12.0,""path"":""emission.noise.A.middle_name_missing_pct"",""reference"":5.0},{""current"":0.4,""path"":""emission.noise.A.name_typo_pct"",""reference"":0.2},{""current"":0.4,""path"":""emission.noise.A.phone_mask_pct"",""reference"":0.1},{""current"":0.8,""path"":""emission.noise.A.ssn_mask_pct"",""reference"":0.2},{""current"":0.4,""path"":""emission.noise.B.address_missing_pct"",""reference"":0.2},{""current"":0.8,""path"":""emission.noise.B.dob_shift_pct"",""reference"":0.2},{""current"":18.0,""path"":""emission.noise.B.middle_name_missing_pct"",""reference"":8.0},{""current"":1.5,""path"":""emission.noise.B.name_typo_pct"",""reference"":0.5},{""current"":5.0,""path"":""emission.noise.B.nickname_pct"",""reference"":0.0},{""current"":1.5,""path"":""emission.noise.B.phone_mask_pct"",""reference"":0.2},{""current"":3.0,""path"":""emission.noise.B.ssn_mask_pct"",""reference"":0.5},{""current"":0.0,""path"":""emission.noise.B.zip_digit_error_pct"",""reference"":0.2},{""current"":82.0,""path"":""emission.overlap_entity_pct"",""reference"":92.0},{""current"":5499,""path"":""emission.record_count_A"",""reference"":null},{""current"":11011,""path"":""emission.record_count_B"",""reference"":null},{""current"":96.0,""path"":""parameters.cohabit_rate_pct"",""reference"":null},{""current"":72.0,""path"":""parameters.move_rate_pct"",""reference"":8.0},{""current"":10,""path"":""quality.household_size_range.max"",""reference"":8},{""current"":[""age_18_34"",""age_35_64""],""path"":""selection.filters.age_bins"",""reference"":[]},{""current"":""count"",""path"":""selection.sample.mode"",""reference"":""pct""},{""current"":6050,""path"":""selection.sample.value"",""reference"":100.0},{""current"":18,""path"":""simulation.periods"",""reference"":12}]",paper_experiments/results/E2_E6/E2/configs/e2_clean_baseline_linkage_s20260724.yaml,phase2/runs/2026-07-24_e2_couple_merge_s20260724_seed20260724,"SHA-256 of sorted UTF-8 name-NUL-fileSHA256-NUL entries for truth_people.parquet, truth_households.parquet, truth_household_memberships.parquet, truth_residence_history.parquet, truth_events.parquet, entity_record_map.csv"
Table II,couple_merge,E2,couple_merge,20260725,paper_experiments/results/E2_E6/E2/configs/e2_couple_merge_s20260725.yaml,07602d90b52dae1f0437ca502540fac83db7cb4bf7f23e595af408864b9c25e3,b606b936e7f1316836ce1631c04e97559ffdfd0305fe16684f699561b2f461f0,"{""entity_record_map.csv"":""ec08d9f546f252974f155028df1b7b64cd5b73807e2166d02bd2c56514dafad2"",""truth_events.parquet"":""7335dc0a21efcef09b8c94d8ea0ba460d749c99c83a2e69f2d9707dba5699021"",""truth_household_memberships.parquet"":""c1d93304c6add4cbbfcf66aa8c6b50d804c90cc6e41fe0b7d8dfc0275212ee3f"",""truth_households.parquet"":""6e8ce8230b0d37dd33a0598288a11e05c4cf960f61432de63c599c7ef7de6343"",""truth_people.parquet"":""8626a039e50327b2085e54eea7579d11ce107e80c78ef3ad3675a05c98b803d7"",""truth_residence_history.parquet"":""c84f2136f0ebe597a633c07dfa6476f2cbb17f56aa66e63bd060ba7ccee401ee""}","[{""current"":90.0,""path"":""emission.appearance_A_pct"",""reference"":96.0},{""current"":96.0,""path"":""emission.appearance_B_pct"",""reference"":97.0},{""current"":""one_to_many"",""path"":""emission.crossfile_match_mode"",""reference"":""one_to_one""},{""current"":18.0,""path"":""emission.duplication_in_B_pct"",""reference"":2.0},{""current"":0.2,""path"":""emission.noise.A.address_missing_pct"",""reference"":0.1},{""current"":0.2,""path"":""emission.noise.A.dob_shift_pct"",""reference"":0.0},{""current"":12.0,""path"":""emission.noise.A.middle_name_missing_pct"",""reference"":5.0},{""current"":0.4,""path"":""emission.noise.A.name_typo_pct"",""reference"":0.2},{""current"":0.4,""path"":""emission.noise.A.phone_mask_pct"",""reference"":0.1},{""current"":0.8,""path"":""emission.noise.A.ssn_mask_pct"",""reference"":0.2},{""current"":0.4,""path"":""emission.noise.B.address_missing_pct"",""reference"":0.2},{""current"":0.8,""path"":""emission.noise.B.dob_shift_pct"",""reference"":0.2},{""current"":18.0,""path"":""emission.noise.B.middle_name_missing_pct"",""reference"":8.0},{""current"":1.5,""path"":""emission.noise.B.name_typo_pct"",""reference"":0.5},{""current"":5.0,""path"":""emission.noise.B.nickname_pct"",""reference"":0.0},{""current"":1.5,""path"":""emission.noise.B.phone_mask_pct"",""reference"":0.2},{""current"":3.0,""path"":""emission.noise.B.ssn_mask_pct"",""reference"":0.5},{""current"":0.0,""path"":""emission.noise.B.zip_digit_error_pct"",""reference"":0.2},{""current"":82.0,""path"":""emission.overlap_entity_pct"",""reference"":92.0},{""current"":5499,""path"":""emission.record_count_A"",""reference"":null},{""current"":11011,""path"":""emission.record_count_B"",""reference"":null},{""current"":96.0,""path"":""parameters.cohabit_rate_pct"",""reference"":null},{""current"":72.0,""path"":""parameters.move_rate_pct"",""reference"":8.0},{""current"":10,""path"":""quality.household_size_range.max"",""reference"":8},{""current"":[""age_18_34"",""age_35_64""],""path"":""selection.filters.age_bins"",""reference"":[]},{""current"":""count"",""path"":""selection.sample.mode"",""reference"":""pct""},{""current"":6050,""path"":""selection.sample.value"",""reference"":100.0},{""current"":18,""path"":""simulation.periods"",""reference"":12}]",paper_experiments/results/E2_E6/E2/configs/e2_clean_baseline_linkage_s20260725.yaml,phase2/runs/2026-07-24_e2_couple_merge_s20260725_seed20260725,"SHA-256 of sorted UTF-8 name-NUL-fileSHA256-NUL entries for truth_people.parquet, truth_households.parquet, truth_household_memberships.parquet, truth_residence_history.parquet, truth_events.parquet, entity_record_map.csv"
Table II,couple_merge,E2,couple_merge,20260726,paper_experiments/results/E2_E6/E2/configs/e2_couple_merge_s20260726.yaml,a989eb83820c181087e6e3c970120833c6c00a54610b6eff6ab94aa7047dfe78,8dcf67e4ba0dc228d2159c00663ed458d30aef1e0ca01ec46aeb315bed20c66a,"{""entity_record_map.csv"":""a877995a204e341560a86f5f1778a59d0bf4733565c460313553294ff9eb0fd7"",""truth_events.parquet"":""ff3a18db25952cd72285f6d93194345b3a4e50f9cd731cca48d1ebc3117b50a3"",""truth_household_memberships.parquet"":""784dd4ad00b0b25034ace385076bedb997b5da730d99d3a0d367e92a699aa838"",""truth_households.parquet"":""fde63f2e1cc195c13f9ac124f4d21941f55337fb1fea17e530fe096306b0bde3"",""truth_people.parquet"":""e522af28c7552e66c058549ff6ca02f57786fde7c9c936d257b0d02684449ed8"",""truth_residence_history.parquet"":""6599a8607cfb344eccbaab7f197d823343af6cff47e30ae97f44b99ff848e0c3""}","[{""current"":90.0,""path"":""emission.appearance_A_pct"",""reference"":96.0},{""current"":96.0,""path"":""emission.appearance_B_pct"",""reference"":97.0},{""current"":""one_to_many"",""path"":""emission.crossfile_match_mode"",""reference"":""one_to_one""},{""current"":18.0,""path"":""emission.duplication_in_B_pct"",""reference"":2.0},{""current"":0.2,""path"":""emission.noise.A.address_missing_pct"",""reference"":0.1},{""current"":0.2,""path"":""emission.noise.A.dob_shift_pct"",""reference"":0.0},{""current"":12.0,""path"":""emission.noise.A.middle_name_missing_pct"",""reference"":5.0},{""current"":0.4,""path"":""emission.noise.A.name_typo_pct"",""reference"":0.2},{""current"":0.4,""path"":""emission.noise.A.phone_mask_pct"",""reference"":0.1},{""current"":0.8,""path"":""emission.noise.A.ssn_mask_pct"",""reference"":0.2},{""current"":0.4,""path"":""emission.noise.B.address_missing_pct"",""reference"":0.2},{""current"":0.8,""path"":""emission.noise.B.dob_shift_pct"",""reference"":0.2},{""current"":18.0,""path"":""emission.noise.B.middle_name_missing_pct"",""reference"":8.0},{""current"":1.5,""path"":""emission.noise.B.name_typo_pct"",""reference"":0.5},{""current"":5.0,""path"":""emission.noise.B.nickname_pct"",""reference"":0.0},{""current"":1.5,""path"":""emission.noise.B.phone_mask_pct"",""reference"":0.2},{""current"":3.0,""path"":""emission.noise.B.ssn_mask_pct"",""reference"":0.5},{""current"":0.0,""path"":""emission.noise.B.zip_digit_error_pct"",""reference"":0.2},{""current"":82.0,""path"":""emission.overlap_entity_pct"",""reference"":92.0},{""current"":5499,""path"":""emission.record_count_A"",""reference"":null},{""current"":11011,""path"":""emission.record_count_B"",""reference"":null},{""current"":96.0,""path"":""parameters.cohabit_rate_pct"",""reference"":null},{""current"":72.0,""path"":""parameters.move_rate_pct"",""reference"":8.0},{""current"":10,""path"":""quality.household_size_range.max"",""reference"":8},{""current"":[""age_18_34"",""age_35_64""],""path"":""selection.filters.age_bins"",""reference"":[]},{""current"":""count"",""path"":""selection.sample.mode"",""reference"":""pct""},{""current"":6050,""path"":""selection.sample.value"",""reference"":100.0},{""current"":18,""path"":""simulation.periods"",""reference"":12}]",paper_experiments/results/E2_E6/E2/configs/e2_clean_baseline_linkage_s20260726.yaml,phase2/runs/2026-07-24_e2_couple_merge_s20260726_seed20260726,"SHA-256 of sorted UTF-8 name-NUL-fileSHA256-NUL entries for truth_people.parquet, truth_households.parquet, truth_household_memberships.parquet, truth_residence_history.parquet, truth_events.parquet, entity_record_map.csv"
Table II,couple_merge,E2,couple_merge,20260727,paper_experiments/results/E2_E6/E2/configs/e2_couple_merge_s20260727.yaml,35d21def36441cfc5c7fa85ceae9ce01a90ed8e81363c554f51d3c77669b1431,4d306e80840948954dd45b9da2a946f7ab8afc03379d4e574b65f8a681eacc4f,"{""entity_record_map.csv"":""93de75c7f2473c7dea1eba2458bb84fb655830faaef030a24b922cc43ea09cdd"",""truth_events.parquet"":""57fb870f15a9572d48be8f31c0c7dce9110391cac32a1b28540599d0cc99a0c1"",""truth_household_memberships.parquet"":""46cf1525969efdbeb847a41ab5f80438ee31b9d5acac8ccbe8f9990ef148f707"",""truth_households.parquet"":""eb61db0166852229babfa11f5d8c0d4826ecc91e379fce6a01302b7361c80d00"",""truth_people.parquet"":""e2072da2d7c5fbd6966825b0497b14c2247b4a5bafd19568e693a5424f2d0644"",""truth_residence_history.parquet"":""c4e10a01a034f5b52d060e012d7c309ee87f067a81d6481a7570720cc6b19fe4""}","[{""current"":90.0,""path"":""emission.appearance_A_pct"",""reference"":96.0},{""current"":96.0,""path"":""emission.appearance_B_pct"",""reference"":97.0},{""current"":""one_to_many"",""path"":""emission.crossfile_match_mode"",""reference"":""one_to_one""},{""current"":18.0,""path"":""emission.duplication_in_B_pct"",""reference"":2.0},{""current"":0.2,""path"":""emission.noise.A.address_missing_pct"",""reference"":0.1},{""current"":0.2,""path"":""emission.noise.A.dob_shift_pct"",""reference"":0.0},{""current"":12.0,""path"":""emission.noise.A.middle_name_missing_pct"",""reference"":5.0},{""current"":0.4,""path"":""emission.noise.A.name_typo_pct"",""reference"":0.2},{""current"":0.4,""path"":""emission.noise.A.phone_mask_pct"",""reference"":0.1},{""current"":0.8,""path"":""emission.noise.A.ssn_mask_pct"",""reference"":0.2},{""current"":0.4,""path"":""emission.noise.B.address_missing_pct"",""reference"":0.2},{""current"":0.8,""path"":""emission.noise.B.dob_shift_pct"",""reference"":0.2},{""current"":18.0,""path"":""emission.noise.B.middle_name_missing_pct"",""reference"":8.0},{""current"":1.5,""path"":""emission.noise.B.name_typo_pct"",""reference"":0.5},{""current"":5.0,""path"":""emission.noise.B.nickname_pct"",""reference"":0.0},{""current"":1.5,""path"":""emission.noise.B.phone_mask_pct"",""reference"":0.2},{""current"":3.0,""path"":""emission.noise.B.ssn_mask_pct"",""reference"":0.5},{""current"":0.0,""path"":""emission.noise.B.zip_digit_error_pct"",""reference"":0.2},{""current"":82.0,""path"":""emission.overlap_entity_pct"",""reference"":92.0},{""current"":5499,""path"":""emission.record_count_A"",""reference"":null},{""current"":11011,""path"":""emission.record_count_B"",""reference"":null},{""current"":96.0,""path"":""parameters.cohabit_rate_pct"",""reference"":null},{""current"":72.0,""path"":""parameters.move_rate_pct"",""reference"":8.0},{""current"":10,""path"":""quality.household_size_range.max"",""reference"":8},{""current"":[""age_18_34"",""age_35_64""],""path"":""selection.filters.age_bins"",""reference"":[]},{""current"":""count"",""path"":""selection.sample.mode"",""reference"":""pct""},{""current"":6050,""path"":""selection.sample.value"",""reference"":100.0},{""current"":18,""path"":""simulation.periods"",""reference"":12}]",paper_experiments/results/E2_E6/E2/configs/e2_clean_baseline_linkage_s20260727.yaml,phase2/runs/2026-07-24_e2_couple_merge_s20260727_seed20260727,"SHA-256 of sorted UTF-8 name-NUL-fileSHA256-NUL entries for truth_people.parquet, truth_households.parquet, truth_household_memberships.parquet, truth_residence_history.parquet, truth_events.parquet, entity_record_map.csv"
Table II,couple_merge,E2,couple_merge,20260728,paper_experiments/results/E2_E6/E2/configs/e2_couple_merge_s20260728.yaml,d7aef3cea1f92fa34c5241193538a57bfd539ff32fc82c4827ffa8d2d1334639,f6fe4dbb01a30b8cba191d34ec72dbd6c642ff75d89e3585946547ad1296d29f,"{""entity_record_map.csv"":""a1cfd3fff61d38650cc088d722f1428e813b2052f56a7b1ccea53fb094be1054"",""truth_events.parquet"":""9e4b6ed222ae16a554917d2e0c4352c7ab9264d95617af8690d5b3e10b668c43"",""truth_household_memberships.parquet"":""d3924a0f55b7e2cc1b61a3b1ad365b889f1cb7b9c413752383192d98c65e12fb"",""truth_households.parquet"":""2861ac2306cf77378fc5192c0b990b802e141165598aab8697d35acc8d3325d7"",""truth_people.parquet"":""1eca15f845d90a0cf03fe01870e29b1f1e686ce4028c29047d0b4c7bf0796988"",""truth_residence_history.parquet"":""19191c5d18eb264b14e7101a22802b710732ec3844010594db853d46499c073f""}","[{""current"":90.0,""path"":""emission.appearance_A_pct"",""reference"":96.0},{""current"":96.0,""path"":""emission.appearance_B_pct"",""reference"":97.0},{""current"":""one_to_many"",""path"":""emission.crossfile_match_mode"",""reference"":""one_to_one""},{""current"":18.0,""path"":""emission.duplication_in_B_pct"",""reference"":2.0},{""current"":0.2,""path"":""emission.noise.A.address_missing_pct"",""reference"":0.1},{""current"":0.2,""path"":""emission.noise.A.dob_shift_pct"",""reference"":0.0},{""current"":12.0,""path"":""emission.noise.A.middle_name_missing_pct"",""reference"":5.0},{""current"":0.4,""path"":""emission.noise.A.name_typo_pct"",""reference"":0.2},{""current"":0.4,""path"":""emission.noise.A.phone_mask_pct"",""reference"":0.1},{""current"":0.8,""path"":""emission.noise.A.ssn_mask_pct"",""reference"":0.2},{""current"":0.4,""path"":""emission.noise.B.address_missing_pct"",""reference"":0.2},{""current"":0.8,""path"":""emission.noise.B.dob_shift_pct"",""reference"":0.2},{""current"":18.0,""path"":""emission.noise.B.middle_name_missing_pct"",""reference"":8.0},{""current"":1.5,""path"":""emission.noise.B.name_typo_pct"",""reference"":0.5},{""current"":5.0,""path"":""emission.noise.B.nickname_pct"",""reference"":0.0},{""current"":1.5,""path"":""emission.noise.B.phone_mask_pct"",""reference"":0.2},{""current"":3.0,""path"":""emission.noise.B.ssn_mask_pct"",""reference"":0.5},{""current"":0.0,""path"":""emission.noise.B.zip_digit_error_pct"",""reference"":0.2},{""current"":82.0,""path"":""emission.overlap_entity_pct"",""reference"":92.0},{""current"":5499,""path"":""emission.record_count_A"",""reference"":null},{""current"":11011,""path"":""emission.record_count_B"",""reference"":null},{""current"":96.0,""path"":""parameters.cohabit_rate_pct"",""reference"":null},{""current"":72.0,""path"":""parameters.move_rate_pct"",""reference"":8.0},{""current"":10,""path"":""quality.household_size_range.max"",""reference"":8},{""current"":[""age_18_34"",""age_35_64""],""path"":""selection.filters.age_bins"",""reference"":[]},{""current"":""count"",""path"":""selection.sample.mode"",""reference"":""pct""},{""current"":6050,""path"":""selection.sample.value"",""reference"":100.0},{""current"":18,""path"":""simulation.periods"",""reference"":12}]",paper_experiments/results/E2_E6/E2/configs/e2_clean_baseline_linkage_s20260728.yaml,phase2/runs/2026-07-24_e2_couple_merge_s20260728_seed20260728,"SHA-256 of sorted UTF-8 name-NUL-fileSHA256-NUL entries for truth_people.parquet, truth_households.parquet, truth_household_memberships.parquet, truth_residence_history.parquet, truth_events.parquet, entity_record_map.csv"
Table II,couple_merge,E2,couple_merge,20260729,paper_experiments/results/E2_E6/E2/configs/e2_couple_merge_s20260729.yaml,701900d344fbbce6bc33d4de1a110c27f53ad4833c9c409a7dca83db00cb78ef,58b0563225efe9cea90521c0c2396567b53b9e49f79bec5abe90e3126cad12ab,"{""entity_record_map.csv"":""453853d9963d179b14587ae8e7b806d1aca485ab0f6db8e3e172e0be5f7594d6"",""truth_events.parquet"":""9d9efb78f4977e8327d0d85f7b79689beb844de37fbd400353366519bcad2a13"",""truth_household_memberships.parquet"":""59dfbf583cc2c0669e646e7693a86531e61ff15d96609b93d2aaba36eb021eeb"",""truth_households.parquet"":""63f88dcfbdaaa02dc105ceee1e59f0753ab4991eb354e762870b62c98d13d683"",""truth_people.parquet"":""b12ad20b01aa9e8784ab53131a9e2fafc1af7c6fef0f0ed5da664193017c40c8"",""truth_residence_history.parquet"":""bc55b9fb531146eabc370804cb43de86907f2f8dc7a93d3710a9cf96e4194328""}","[{""current"":90.0,""path"":""emission.appearance_A_pct"",""reference"":96.0},{""current"":96.0,""path"":""emission.appearance_B_pct"",""reference"":97.0},{""current"":""one_to_many"",""path"":""emission.crossfile_match_mode"",""reference"":""one_to_one""},{""current"":18.0,""path"":""emission.duplication_in_B_pct"",""reference"":2.0},{""current"":0.2,""path"":""emission.noise.A.address_missing_pct"",""reference"":0.1},{""current"":0.2,""path"":""emission.noise.A.dob_shift_pct"",""reference"":0.0},{""current"":12.0,""path"":""emission.noise.A.middle_name_missing_pct"",""reference"":5.0},{""current"":0.4,""path"":""emission.noise.A.name_typo_pct"",""reference"":0.2},{""current"":0.4,""path"":""emission.noise.A.phone_mask_pct"",""reference"":0.1},{""current"":0.8,""path"":""emission.noise.A.ssn_mask_pct"",""reference"":0.2},{""current"":0.4,""path"":""emission.noise.B.address_missing_pct"",""reference"":0.2},{""current"":0.8,""path"":""emission.noise.B.dob_shift_pct"",""reference"":0.2},{""current"":18.0,""path"":""emission.noise.B.middle_name_missing_pct"",""reference"":8.0},{""current"":1.5,""path"":""emission.noise.B.name_typo_pct"",""reference"":0.5},{""current"":5.0,""path"":""emission.noise.B.nickname_pct"",""reference"":0.0},{""current"":1.5,""path"":""emission.noise.B.phone_mask_pct"",""reference"":0.2},{""current"":3.0,""path"":""emission.noise.B.ssn_mask_pct"",""reference"":0.5},{""current"":0.0,""path"":""emission.noise.B.zip_digit_error_pct"",""reference"":0.2},{""current"":82.0,""path"":""emission.overlap_entity_pct"",""reference"":92.0},{""current"":5499,""path"":""emission.record_count_A"",""reference"":null},{""current"":11011,""path"":""emission.record_count_B"",""reference"":null},{""current"":96.0,""path"":""parameters.cohabit_rate_pct"",""reference"":null},{""current"":72.0,""path"":""parameters.move_rate_pct"",""reference"":8.0},{""current"":10,""path"":""quality.household_size_range.max"",""reference"":8},{""current"":[""age_18_34"",""age_35_64""],""path"":""selection.filters.age_bins"",""reference"":[]},{""current"":""count"",""path"":""selection.sample.mode"",""reference"":""pct""},{""current"":6050,""path"":""selection.sample.value"",""reference"":100.0},{""current"":18,""path"":""simulation.periods"",""reference"":12}]",paper_experiments/results/E2_E6/E2/configs/e2_clean_baseline_linkage_s20260729.yaml,phase2/runs/2026-07-24_e2_couple_merge_s20260729_seed20260729,"SHA-256 of sorted UTF-8 name-NUL-fileSHA256-NUL entries for truth_people.parquet, truth_households.parquet, truth_household_memberships.parquet, truth_residence_history.parquet, truth_events.parquet, entity_record_map.csv"
Table II,death_survivor_persistence,E2,death_survivor_persistence,20260720,paper_experiments/results/E2_E6/E2/configs/e2_death_survivor_persistence_s20260720.yaml,d40c4a4b9c20461a4bfbd9d99e7107794ee614586524f82d063135546c675ac9,f41a40e0e9d3ded04be3ec43b86a4f6c732b23d3d063cb0a098f65e88a5a50da,"{""entity_record_map.csv"":""8ac6e5a8aff97d852bbdc0077206b5b0f65af13a289f942fcbb5ceb49e1a6708"",""truth_events.parquet"":""2ec7000dffc62362c68a9176bab3d59d01de633159722834dc750259b55ba521"",""truth_household_memberships.parquet"":""c5ce5225b75405aabe2664f1c4c8fe1e351c8774c98c795fea9df2dfbba4c0e1"",""truth_households.parquet"":""c9e40ed22ad74bba31cd127367cf86453071e1bedb3ec7b1fcccc3c82a9e5e66"",""truth_people.parquet"":""30676738d96c93da3a97d9af3ec0028c2bf50f74c9d27661bb6b98106064815a"",""truth_residence_history.parquet"":""3c8ac42dbb62c1029c609f0a623f12c446cf1f5d7696af2929c7ecdfe450fa3a""}","[{""current"":100.0,""path"":""emission.appearance_A_pct"",""reference"":96.0},{""current"":100.0,""path"":""emission.appearance_B_pct"",""reference"":97.0},{""current"":0.0,""path"":""emission.duplication_in_A_pct"",""reference"":1.0},{""current"":0.0,""path"":""emission.duplication_in_B_pct"",""reference"":2.0},{""current"":0.0,""path"":""emission.noise.A.address_missing_pct"",""reference"":0.1},{""current"":0.0,""path"":""emission.noise.A.middle_name_missing_pct"",""reference"":5.0},{""current"":0.0,""path"":""emission.noise.A.name_typo_pct"",""reference"":0.2},{""current"":0.0,""path"":""emission.noise.A.phone_mask_pct"",""reference"":0.1},{""current"":0.0,""path"":""emission.noise.A.ssn_mask_pct"",""reference"":0.2},{""current"":0.0,""path"":""emission.noise.B.address_missing_pct"",""reference"":0.2},{""current"":0.0,""path"":""emission.noise.B.dob_shift_pct"",""reference"":0.2},{""current"":0.0,""path"":""emission.noise.B.middle_name_missing_pct"",""reference"":8.0},{""current"":0.0,""path"":""emission.noise.B.name_typo_pct"",""reference"":0.5},{""current"":0.0,""path"":""emission.noise.B.phone_mask_pct"",""reference"":0.2},{""current"":0.0,""path"":""emission.noise.B.ssn_mask_pct"",""reference"":0.5},{""current"":0.0,""path"":""emission.noise.B.zip_digit_error_pct"",""reference"":0.2},{""current"":100.0,""path"":""emission.overlap_entity_pct"",""reference"":92.0},{""current"":100.0,""path"":""parameters.death_rate_pct"",""reference"":null},{""current"":null,""path"":""parameters.move_rate_pct"",""reference"":8.0},{""current"":[""age_65_plus""],""path"":""selection.filters.age_bins"",""reference"":[]},{""current"":""count"",""path"":""selection.sample.mode"",""reference"":""pct""},{""current"":10000,""path"":""selection.sample.value"",""reference"":100.0},{""current"":2,""path"":""simulation.periods"",""reference"":12}]",paper_experiments/results/E2_E6/E2/configs/e2_clean_baseline_linkage_s20260720.yaml,phase2/runs/2026-07-24_e2_death_survivor_persistence_s20260720_seed20260720,"SHA-256 of sorted UTF-8 name-NUL-fileSHA256-NUL entries for truth_people.parquet, truth_households.parquet, truth_household_memberships.parquet, truth_residence_history.parquet, truth_events.parquet, entity_record_map.csv"
Table II,death_survivor_persistence,E2,death_survivor_persistence,20260721,paper_experiments/results/E2_E6/E2/configs/e2_death_survivor_persistence_s20260721.yaml,789af53f5aca22a66e4c7c52c399627c1afd8bc40d7e381b3cd64b72fcf6d99c,d52e8d0ae9bd9637c42f9fa4719e4a6b2714dbd2c06ed561e7ed0ad049ecd62c,"{""entity_record_map.csv"":""43322348c334954475cbe5e33c3c970e8b9cbc33d5d44e344e100f2e3ee06f99"",""truth_events.parquet"":""688e4c5fa188667f75d6ad69589894634bccdebcdbe2d99e2114218decdf2737"",""truth_household_memberships.parquet"":""f21fda01c8dd234316c0940ddbb6a2518b1990c581d838c97f9dfcb2870464e4"",""truth_households.parquet"":""c9e40ed22ad74bba31cd127367cf86453071e1bedb3ec7b1fcccc3c82a9e5e66"",""truth_people.parquet"":""5ef9cf9a75f31adf578d38472f328f6ce997313350a767ac84c422d8b1a46eeb"",""truth_residence_history.parquet"":""8a6197d9e53d2425d1e7668613bae2f782c0212218b440f39568916a9d157601""}","[{""current"":100.0,""path"":""emission.appearance_A_pct"",""reference"":96.0},{""current"":100.0,""path"":""emission.appearance_B_pct"",""reference"":97.0},{""current"":0.0,""path"":""emission.duplication_in_A_pct"",""reference"":1.0},{""current"":0.0,""path"":""emission.duplication_in_B_pct"",""reference"":2.0},{""current"":0.0,""path"":""emission.noise.A.address_missing_pct"",""reference"":0.1},{""current"":0.0,""path"":""emission.noise.A.middle_name_missing_pct"",""reference"":5.0},{""current"":0.0,""path"":""emission.noise.A.name_typo_pct"",""reference"":0.2},{""current"":0.0,""path"":""emission.noise.A.phone_mask_pct"",""reference"":0.1},{""current"":0.0,""path"":""emission.noise.A.ssn_mask_pct"",""reference"":0.2},{""current"":0.0,""path"":""emission.noise.B.address_missing_pct"",""reference"":0.2},{""current"":0.0,""path"":""emission.noise.B.dob_shift_pct"",""reference"":0.2},{""current"":0.0,""path"":""emission.noise.B.middle_name_missing_pct"",""reference"":8.0},{""current"":0.0,""path"":""emission.noise.B.name_typo_pct"",""reference"":0.5},{""current"":0.0,""path"":""emission.noise.B.phone_mask_pct"",""reference"":0.2},{""current"":0.0,""path"":""emission.noise.B.ssn_mask_pct"",""reference"":0.5},{""current"":0.0,""path"":""emission.noise.B.zip_digit_error_pct"",""reference"":0.2},{""current"":100.0,""path"":""emission.overlap_entity_pct"",""reference"":92.0},{""current"":100.0,""path"":""parameters.death_rate_pct"",""reference"":null},{""current"":null,""path"":""parameters.move_rate_pct"",""reference"":8.0},{""current"":[""age_65_plus""],""path"":""selection.filters.age_bins"",""reference"":[]},{""current"":""count"",""path"":""selection.sample.mode"",""reference"":""pct""},{""current"":10000,""path"":""selection.sample.value"",""reference"":100.0},{""current"":2,""path"":""simulation.periods"",""reference"":12}]",paper_experiments/results/E2_E6/E2/configs/e2_clean_baseline_linkage_s20260721.yaml,phase2/runs/2026-07-24_e2_death_survivor_persistence_s20260721_seed20260721,"SHA-256 of sorted UTF-8 name-NUL-fileSHA256-NUL entries for truth_people.parquet, truth_households.parquet, truth_household_memberships.parquet, truth_residence_history.parquet, truth_events.parquet, entity_record_map.csv"
Table II,death_survivor_persistence,E2,death_survivor_persistence,20260722,paper_experiments/results/E2_E6/E2/configs/e2_death_survivor_persistence_s20260722.yaml,c211547e45d287569865b4ec7313cf6b50fb54e634c8b7019368fce99812233c,fdf90a50df3397012ac85c3cce630eb3850fc90da53dbb661f61766ba087423e,"{""entity_record_map.csv"":""b584597367d4808e92797111c5a38881158fac5111044b3511ffb8b936d5b10b"",""truth_events.parquet"":""363cd872e41261f366c50a91b839ffc86dc861d7ab6a60246cdc9bad3063b591"",""truth_household_memberships.parquet"":""4605c99300bf775244771af52f5ddf5ca0b5a2e527eb1c321de708b0f10ccde5"",""truth_households.parquet"":""c9e40ed22ad74bba31cd127367cf86453071e1bedb3ec7b1fcccc3c82a9e5e66"",""truth_people.parquet"":""0b0e9eb35149ebf3f3f8f91c72bd4a459348176b6a55abec8120adc55afa5734"",""truth_residence_history.parquet"":""1c3e124c251c2d8f3239c71731d10821262a362b915247cbfa8e6d59865533c8""}","[{""current"":100.0,""path"":""emission.appearance_A_pct"",""reference"":96.0},{""current"":100.0,""path"":""emission.appearance_B_pct"",""reference"":97.0},{""current"":0.0,""path"":""emission.duplication_in_A_pct"",""reference"":1.0},{""current"":0.0,""path"":""emission.duplication_in_B_pct"",""reference"":2.0},{""current"":0.0,""path"":""emission.noise.A.address_missing_pct"",""reference"":0.1},{""current"":0.0,""path"":""emission.noise.A.middle_name_missing_pct"",""reference"":5.0},{""current"":0.0,""path"":""emission.noise.A.name_typo_pct"",""reference"":0.2},{""current"":0.0,""path"":""emission.noise.A.phone_mask_pct"",""reference"":0.1},{""current"":0.0,""path"":""emission.noise.A.ssn_mask_pct"",""reference"":0.2},{""current"":0.0,""path"":""emission.noise.B.address_missing_pct"",""reference"":0.2},{""current"":0.0,""path"":""emission.noise.B.dob_shift_pct"",""reference"":0.2},{""current"":0.0,""path"":""emission.noise.B.middle_name_missing_pct"",""reference"":8.0},{""current"":0.0,""path"":""emission.noise.B.name_typo_pct"",""reference"":0.5},{""current"":0.0,""path"":""emission.noise.B.phone_mask_pct"",""reference"":0.2},{""current"":0.0,""path"":""emission.noise.B.ssn_mask_pct"",""reference"":0.5},{""current"":0.0,""path"":""emission.noise.B.zip_digit_error_pct"",""reference"":0.2},{""current"":100.0,""path"":""emission.overlap_entity_pct"",""reference"":92.0},{""current"":100.0,""path"":""parameters.death_rate_pct"",""reference"":null},{""current"":null,""path"":""parameters.move_rate_pct"",""reference"":8.0},{""current"":[""age_65_plus""],""path"":""selection.filters.age_bins"",""reference"":[]},{""current"":""count"",""path"":""selection.sample.mode"",""reference"":""pct""},{""current"":10000,""path"":""selection.sample.value"",""reference"":100.0},{""current"":2,""path"":""simulation.periods"",""reference"":12}]",paper_experiments/results/E2_E6/E2/configs/e2_clean_baseline_linkage_s20260722.yaml,phase2/runs/2026-07-24_e2_death_survivor_persistence_s20260722_seed20260722,"SHA-256 of sorted UTF-8 name-NUL-fileSHA256-NUL entries for truth_people.parquet, truth_households.parquet, truth_household_memberships.parquet, truth_residence_history.parquet, truth_events.parquet, entity_record_map.csv"
Table II,death_survivor_persistence,E2,death_survivor_persistence,20260723,paper_experiments/results/E2_E6/E2/configs/e2_death_survivor_persistence_s20260723.yaml,eee5e575941c5545c2fc428247cff9b38bc7b7cd40c06763a740c66917d5752a,8f568d219dec5bc4254f716bab1f42522eddd1035d3b4cf659393a395ea54ed8,"{""entity_record_map.csv"":""5645697f181284449886b84c9585ac3e68034c24a5c9eb3ea9cdba48fcda5287"",""truth_events.parquet"":""0cc22d824cefb9c407a1ac8d9102a10109044d8976fb43ac2fabbe9c3f8a3d3f"",""truth_household_memberships.parquet"":""730b152414bf375861a9f334d646acefc5d4344cb92cfe7fb9b3210e31cdfc79"",""truth_households.parquet"":""c9e40ed22ad74bba31cd127367cf86453071e1bedb3ec7b1fcccc3c82a9e5e66"",""truth_people.parquet"":""4f8b0468071f0df45279efdff3f94560893e8dc9038a530258c44edc9554c12a"",""truth_residence_history.parquet"":""a3d4f33738cf90976fd51a797a1af7787a71ea1b442d06ab826d9fbb55b59777""}","[{""current"":100.0,""path"":""emission.appearance_A_pct"",""reference"":96.0},{""current"":100.0,""path"":""emission.appearance_B_pct"",""reference"":97.0},{""current"":0.0,""path"":""emission.duplication_in_A_pct"",""reference"":1.0},{""current"":0.0,""path"":""emission.duplication_in_B_pct"",""reference"":2.0},{""current"":0.0,""path"":""emission.noise.A.address_missing_pct"",""reference"":0.1},{""current"":0.0,""path"":""emission.noise.A.middle_name_missing_pct"",""reference"":5.0},{""current"":0.0,""path"":""emission.noise.A.name_typo_pct"",""reference"":0.2},{""current"":0.0,""path"":""emission.noise.A.phone_mask_pct"",""reference"":0.1},{""current"":0.0,""path"":""emission.noise.A.ssn_mask_pct"",""reference"":0.2},{""current"":0.0,""path"":""emission.noise.B.address_missing_pct"",""reference"":0.2},{""current"":0.0,""path"":""emission.noise.B.dob_shift_pct"",""reference"":0.2},{""current"":0.0,""path"":""emission.noise.B.middle_name_missing_pct"",""reference"":8.0},{""current"":0.0,""path"":""emission.noise.B.name_typo_pct"",""reference"":0.5},{""current"":0.0,""path"":""emission.noise.B.phone_mask_pct"",""reference"":0.2},{""current"":0.0,""path"":""emission.noise.B.ssn_mask_pct"",""reference"":0.5},{""current"":0.0,""path"":""emission.noise.B.zip_digit_error_pct"",""reference"":0.2},{""current"":100.0,""path"":""emission.overlap_entity_pct"",""reference"":92.0},{""current"":100.0,""path"":""parameters.death_rate_pct"",""reference"":null},{""current"":null,""path"":""parameters.move_rate_pct"",""reference"":8.0},{""current"":[""age_65_plus""],""path"":""selection.filters.age_bins"",""reference"":[]},{""current"":""count"",""path"":""selection.sample.mode"",""reference"":""pct""},{""current"":10000,""path"":""selection.sample.value"",""reference"":100.0},{""current"":2,""path"":""simulation.periods"",""reference"":12}]",paper_experiments/results/E2_E6/E2/configs/e2_clean_baseline_linkage_s20260723.yaml,phase2/runs/2026-07-24_e2_death_survivor_persistence_s20260723_seed20260723,"SHA-256 of sorted UTF-8 name-NUL-fileSHA256-NUL entries for truth_people.parquet, truth_households.parquet, truth_household_memberships.parquet, truth_residence_history.parquet, truth_events.parquet, entity_record_map.csv"
Table II,death_survivor_persistence,E2,death_survivor_persistence,20260724,paper_experiments/results/E2_E6/E2/configs/e2_death_survivor_persistence_s20260724.yaml,1af1423a8f36a930a86cc3811898ea884a801835b5d20b0bfea036d564aab59b,8820e6f98e5bd5ef25bbd9955426ffc4edc6ab6cc207ac108dc099c1e5938bff,"{""entity_record_map.csv"":""d60c93368f15e78bb1921a5286ea6d9eb8e84283439869442a477981eb54b7f9"",""truth_events.parquet"":""af3c14cb504c59de1382848d545f97219e8d095d2acf544724c22fe844159a0f"",""truth_household_memberships.parquet"":""70169e19ba18071b2a3270cf4eedbab2fba985cfa53f765e2ceb31aea9ceabbc"",""truth_households.parquet"":""c9e40ed22ad74bba31cd127367cf86453071e1bedb3ec7b1fcccc3c82a9e5e66"",""truth_people.parquet"":""672ffd57511b6a92c1cbfe42c9efd19b08e86b9f341a196d6b2513759e4b0868"",""truth_residence_history.parquet"":""4fe24374f8f82bdfcba6e74508df7ed49f09a3bc6bb231a6969142fc410eae83""}","[{""current"":100.0,""path"":""emission.appearance_A_pct"",""reference"":96.0},{""current"":100.0,""path"":""emission.appearance_B_pct"",""reference"":97.0},{""current"":0.0,""path"":""emission.duplication_in_A_pct"",""reference"":1.0},{""current"":0.0,""path"":""emission.duplication_in_B_pct"",""reference"":2.0},{""current"":0.0,""path"":""emission.noise.A.address_missing_pct"",""reference"":0.1},{""current"":0.0,""path"":""emission.noise.A.middle_name_missing_pct"",""reference"":5.0},{""current"":0.0,""path"":""emission.noise.A.name_typo_pct"",""reference"":0.2},{""current"":0.0,""path"":""emission.noise.A.phone_mask_pct"",""reference"":0.1},{""current"":0.0,""path"":""emission.noise.A.ssn_mask_pct"",""reference"":0.2},{""current"":0.0,""path"":""emission.noise.B.address_missing_pct"",""reference"":0.2},{""current"":0.0,""path"":""emission.noise.B.dob_shift_pct"",""reference"":0.2},{""current"":0.0,""path"":""emission.noise.B.middle_name_missing_pct"",""reference"":8.0},{""current"":0.0,""path"":""emission.noise.B.name_typo_pct"",""reference"":0.5},{""current"":0.0,""path"":""emission.noise.B.phone_mask_pct"",""reference"":0.2},{""current"":0.0,""path"":""emission.noise.B.ssn_mask_pct"",""reference"":0.5},{""current"":0.0,""path"":""emission.noise.B.zip_digit_error_pct"",""reference"":0.2},{""current"":100.0,""path"":""emission.overlap_entity_pct"",""reference"":92.0},{""current"":100.0,""path"":""parameters.death_rate_pct"",""reference"":null},{""current"":null,""path"":""parameters.move_rate_pct"",""reference"":8.0},{""current"":[""age_65_plus""],""path"":""selection.filters.age_bins"",""reference"":[]},{""current"":""count"",""path"":""selection.sample.mode"",""reference"":""pct""},{""current"":10000,""path"":""selection.sample.value"",""reference"":100.0},{""current"":2,""path"":""simulation.periods"",""reference"":12}]",paper_experiments/results/E2_E6/E2/configs/e2_clean_baseline_linkage_s20260724.yaml,phase2/runs/2026-07-24_e2_death_survivor_persistence_s20260724_seed20260724,"SHA-256 of sorted UTF-8 name-NUL-fileSHA256-NUL entries for truth_people.parquet, truth_households.parquet, truth_household_memberships.parquet, truth_residence_history.parquet, truth_events.parquet, entity_record_map.csv"
Table II,death_survivor_persistence,E2,death_survivor_persistence,20260725,paper_experiments/results/E2_E6/E2/configs/e2_death_survivor_persistence_s20260725.yaml,f84404db886bf0fc76059a4bb999c08807c87b58d47fc195b7bc25035f6a5119,536440eb8469acc62128fc07260accfdd43856f3c66fd26a29916a9d746c971e,"{""entity_record_map.csv"":""6d02bb2927a4a260ebaa72c594cfe47374f9f4101be29d79ca5059632a61c62e"",""truth_events.parquet"":""c84d89c7862b72adda7919f55f0ec70cfced7737d324e05bd68e933886cfbd8b"",""truth_household_memberships.parquet"":""0eee2cb3417c896d96a26c147d6f3c9885a76e648a398d8e54f64b3a189ecfa2"",""truth_households.parquet"":""c9e40ed22ad74bba31cd127367cf86453071e1bedb3ec7b1fcccc3c82a9e5e66"",""truth_people.parquet"":""2c28f3b791e18b4260674a4d7e593e728398a24d0caa79b2f252687579f049ff"",""truth_residence_history.parquet"":""b13fbf222b2328c7e7e87445166f54ced5a88dcc174dd9a8b4ebe90d3dffee8a""}","[{""current"":100.0,""path"":""emission.appearance_A_pct"",""reference"":96.0},{""current"":100.0,""path"":""emission.appearance_B_pct"",""reference"":97.0},{""current"":0.0,""path"":""emission.duplication_in_A_pct"",""reference"":1.0},{""current"":0.0,""path"":""emission.duplication_in_B_pct"",""reference"":2.0},{""current"":0.0,""path"":""emission.noise.A.address_missing_pct"",""reference"":0.1},{""current"":0.0,""path"":""emission.noise.A.middle_name_missing_pct"",""reference"":5.0},{""current"":0.0,""path"":""emission.noise.A.name_typo_pct"",""reference"":0.2},{""current"":0.0,""path"":""emission.noise.A.phone_mask_pct"",""reference"":0.1},{""current"":0.0,""path"":""emission.noise.A.ssn_mask_pct"",""reference"":0.2},{""current"":0.0,""path"":""emission.noise.B.address_missing_pct"",""reference"":0.2},{""current"":0.0,""path"":""emission.noise.B.dob_shift_pct"",""reference"":0.2},{""current"":0.0,""path"":""emission.noise.B.middle_name_missing_pct"",""reference"":8.0},{""current"":0.0,""path"":""emission.noise.B.name_typo_pct"",""reference"":0.5},{""current"":0.0,""path"":""emission.noise.B.phone_mask_pct"",""reference"":0.2},{""current"":0.0,""path"":""emission.noise.B.ssn_mask_pct"",""reference"":0.5},{""current"":0.0,""path"":""emission.noise.B.zip_digit_error_pct"",""reference"":0.2},{""current"":100.0,""path"":""emission.overlap_entity_pct"",""reference"":92.0},{""current"":100.0,""path"":""parameters.death_rate_pct"",""reference"":null},{""current"":null,""path"":""parameters.move_rate_pct"",""reference"":8.0},{""current"":[""age_65_plus""],""path"":""selection.filters.age_bins"",""reference"":[]},{""current"":""count"",""path"":""selection.sample.mode"",""reference"":""pct""},{""current"":10000,""path"":""selection.sample.value"",""reference"":100.0},{""current"":2,""path"":""simulation.periods"",""reference"":12}]",paper_experiments/results/E2_E6/E2/configs/e2_clean_baseline_linkage_s20260725.yaml,phase2/runs/2026-07-24_e2_death_survivor_persistence_s20260725_seed20260725,"SHA-256 of sorted UTF-8 name-NUL-fileSHA256-NUL entries for truth_people.parquet, truth_households.parquet, truth_household_memberships.parquet, truth_residence_history.parquet, truth_events.parquet, entity_record_map.csv"
Table II,death_survivor_persistence,E2,death_survivor_persistence,20260726,paper_experiments/results/E2_E6/E2/configs/e2_death_survivor_persistence_s20260726.yaml,8268c348befc800a43350e6376f19e07d4516127eeb04f388d76764f786a6be8,e5b4267eb6a68f5195c17ea6087b60b5bc404118da3b3d7b2987219c29a4b393,"{""entity_record_map.csv"":""033c36df3a85079a9d582800bc7b4bd7c86b563b110cc62f7c7888184d993c73"",""truth_events.parquet"":""b4377482d7c8a46ba9146d6df0e98a5c65d316cfc46db705adec9eb677106705"",""truth_household_memberships.parquet"":""dad50c9ea6f2350aafa914450a05ddee25e5144422d9d7dfea89425678568102"",""truth_households.parquet"":""c9e40ed22ad74bba31cd127367cf86453071e1bedb3ec7b1fcccc3c82a9e5e66"",""truth_people.parquet"":""c686254079a89f6a26398a2705d60318462ac93a1c01f378d3223219d63efb3d"",""truth_residence_history.parquet"":""161ace57cc73b6aeea59284be5be6ec8cbdc794b59b5df68d6e0a057ef6d5d32""}","[{""current"":100.0,""path"":""emission.appearance_A_pct"",""reference"":96.0},{""current"":100.0,""path"":""emission.appearance_B_pct"",""reference"":97.0},{""current"":0.0,""path"":""emission.duplication_in_A_pct"",""reference"":1.0},{""current"":0.0,""path"":""emission.duplication_in_B_pct"",""reference"":2.0},{""current"":0.0,""path"":""emission.noise.A.address_missing_pct"",""reference"":0.1},{""current"":0.0,""path"":""emission.noise.A.middle_name_missing_pct"",""reference"":5.0},{""current"":0.0,""path"":""emission.noise.A.name_typo_pct"",""reference"":0.2},{""current"":0.0,""path"":""emission.noise.A.phone_mask_pct"",""reference"":0.1},{""current"":0.0,""path"":""emission.noise.A.ssn_mask_pct"",""reference"":0.2},{""current"":0.0,""path"":""emission.noise.B.address_missing_pct"",""reference"":0.2},{""current"":0.0,""path"":""emission.noise.B.dob_shift_pct"",""reference"":0.2},{""current"":0.0,""path"":""emission.noise.B.middle_name_missing_pct"",""reference"":8.0},{""current"":0.0,""path"":""emission.noise.B.name_typo_pct"",""reference"":0.5},{""current"":0.0,""path"":""emission.noise.B.phone_mask_pct"",""reference"":0.2},{""current"":0.0,""path"":""emission.noise.B.ssn_mask_pct"",""reference"":0.5},{""current"":0.0,""path"":""emission.noise.B.zip_digit_error_pct"",""reference"":0.2},{""current"":100.0,""path"":""emission.overlap_entity_pct"",""reference"":92.0},{""current"":100.0,""path"":""parameters.death_rate_pct"",""reference"":null},{""current"":null,""path"":""parameters.move_rate_pct"",""reference"":8.0},{""current"":[""age_65_plus""],""path"":""selection.filters.age_bins"",""reference"":[]},{""current"":""count"",""path"":""selection.sample.mode"",""reference"":""pct""},{""current"":10000,""path"":""selection.sample.value"",""reference"":100.0},{""current"":2,""path"":""simulation.periods"",""reference"":12}]",paper_experiments/results/E2_E6/E2/configs/e2_clean_baseline_linkage_s20260726.yaml,phase2/runs/2026-07-24_e2_death_survivor_persistence_s20260726_seed20260726,"SHA-256 of sorted UTF-8 name-NUL-fileSHA256-NUL entries for truth_people.parquet, truth_households.parquet, truth_household_memberships.parquet, truth_residence_history.parquet, truth_events.parquet, entity_record_map.csv"
Table II,death_survivor_persistence,E2,death_survivor_persistence,20260727,paper_experiments/results/E2_E6/E2/configs/e2_death_survivor_persistence_s20260727.yaml,f40298726d274632fa0184e18b057b1d909155e477e72086c20da8e2f3bc239f,dd82a749997120fdc1aac73c7b989bc6c406fb0542b8c71196447d0ede3291a7,"{""entity_record_map.csv"":""0aa8752563eb06facb165167dac8022d9a75afdd4317d33af7de32390cb258d9"",""truth_events.parquet"":""f81816ddf2a4cc8f82e0157feb1601bb08a9c2d63f3672cce14b695cd04f4436"",""truth_household_memberships.parquet"":""87c93011bc707e89255476ef97b0752f498a4933b704aa71f20d7aa589bdfc3b"",""truth_households.parquet"":""c9e40ed22ad74bba31cd127367cf86453071e1bedb3ec7b1fcccc3c82a9e5e66"",""truth_people.parquet"":""bca39754a1b56c7191302372b028b6fbc34b80a49a31f7f1b1f8aecff593a8e4"",""truth_residence_history.parquet"":""4ddaf4185eb67b03bb7e30e444e67c20df3c5165459a73188f4e153538aa082b""}","[{""current"":100.0,""path"":""emission.appearance_A_pct"",""reference"":96.0},{""current"":100.0,""path"":""emission.appearance_B_pct"",""reference"":97.0},{""current"":0.0,""path"":""emission.duplication_in_A_pct"",""reference"":1.0},{""current"":0.0,""path"":""emission.duplication_in_B_pct"",""reference"":2.0},{""current"":0.0,""path"":""emission.noise.A.address_missing_pct"",""reference"":0.1},{""current"":0.0,""path"":""emission.noise.A.middle_name_missing_pct"",""reference"":5.0},{""current"":0.0,""path"":""emission.noise.A.name_typo_pct"",""reference"":0.2},{""current"":0.0,""path"":""emission.noise.A.phone_mask_pct"",""reference"":0.1},{""current"":0.0,""path"":""emission.noise.A.ssn_mask_pct"",""reference"":0.2},{""current"":0.0,""path"":""emission.noise.B.address_missing_pct"",""reference"":0.2},{""current"":0.0,""path"":""emission.noise.B.dob_shift_pct"",""reference"":0.2},{""current"":0.0,""path"":""emission.noise.B.middle_name_missing_pct"",""reference"":8.0},{""current"":0.0,""path"":""emission.noise.B.name_typo_pct"",""reference"":0.5},{""current"":0.0,""path"":""emission.noise.B.phone_mask_pct"",""reference"":0.2},{""current"":0.0,""path"":""emission.noise.B.ssn_mask_pct"",""reference"":0.5},{""current"":0.0,""path"":""emission.noise.B.zip_digit_error_pct"",""reference"":0.2},{""current"":100.0,""path"":""emission.overlap_entity_pct"",""reference"":92.0},{""current"":100.0,""path"":""parameters.death_rate_pct"",""reference"":null},{""current"":null,""path"":""parameters.move_rate_pct"",""reference"":8.0},{""current"":[""age_65_plus""],""path"":""selection.filters.age_bins"",""reference"":[]},{""current"":""count"",""path"":""selection.sample.mode"",""reference"":""pct""},{""current"":10000,""path"":""selection.sample.value"",""reference"":100.0},{""current"":2,""path"":""simulation.periods"",""reference"":12}]",paper_experiments/results/E2_E6/E2/configs/e2_clean_baseline_linkage_s20260727.yaml,phase2/runs/2026-07-24_e2_death_survivor_persistence_s20260727_seed20260727,"SHA-256 of sorted UTF-8 name-NUL-fileSHA256-NUL entries for truth_people.parquet, truth_households.parquet, truth_household_memberships.parquet, truth_residence_history.parquet, truth_events.parquet, entity_record_map.csv"
Table II,death_survivor_persistence,E2,death_survivor_persistence,20260728,paper_experiments/results/E2_E6/E2/configs/e2_death_survivor_persistence_s20260728.yaml,d965af9f1eb4acad616398ea7531ab6d15d50de83d66c57a50a96a312befab4f,36b2a23664e584909b64b8998e932f7aa317208491305ba277b647532f7808c4,"{""entity_record_map.csv"":""8a3377d54f838cc5f679b11759cfa91724cccbfcef7129ac1765c27edbd36dda"",""truth_events.parquet"":""d0bc7f3178cd5ec63151d171daae4cbc1844342730e5b7da264d076f04f6f925"",""truth_household_memberships.parquet"":""25adf65d983cf470e1727467fab7f1500964d7ab0b5d052799b925e347526fa1"",""truth_households.parquet"":""c9e40ed22ad74bba31cd127367cf86453071e1bedb3ec7b1fcccc3c82a9e5e66"",""truth_people.parquet"":""de6e081bc40aa90c9ead59daf776564d58ef90b158dd70c692b332fa69df2c0b"",""truth_residence_history.parquet"":""e2e9e91911e7bf021d9435e0f592dae1d016f55f85dd7674399db20e4ba78707""}","[{""current"":100.0,""path"":""emission.appearance_A_pct"",""reference"":96.0},{""current"":100.0,""path"":""emission.appearance_B_pct"",""reference"":97.0},{""current"":0.0,""path"":""emission.duplication_in_A_pct"",""reference"":1.0},{""current"":0.0,""path"":""emission.duplication_in_B_pct"",""reference"":2.0},{""current"":0.0,""path"":""emission.noise.A.address_missing_pct"",""reference"":0.1},{""current"":0.0,""path"":""emission.noise.A.middle_name_missing_pct"",""reference"":5.0},{""current"":0.0,""path"":""emission.noise.A.name_typo_pct"",""reference"":0.2},{""current"":0.0,""path"":""emission.noise.A.phone_mask_pct"",""reference"":0.1},{""current"":0.0,""path"":""emission.noise.A.ssn_mask_pct"",""reference"":0.2},{""current"":0.0,""path"":""emission.noise.B.address_missing_pct"",""reference"":0.2},{""current"":0.0,""path"":""emission.noise.B.dob_shift_pct"",""reference"":0.2},{""current"":0.0,""path"":""emission.noise.B.middle_name_missing_pct"",""reference"":8.0},{""current"":0.0,""path"":""emission.noise.B.name_typo_pct"",""reference"":0.5},{""current"":0.0,""path"":""emission.noise.B.phone_mask_pct"",""reference"":0.2},{""current"":0.0,""path"":""emission.noise.B.ssn_mask_pct"",""reference"":0.5},{""current"":0.0,""path"":""emission.noise.B.zip_digit_error_pct"",""reference"":0.2},{""current"":100.0,""path"":""emission.overlap_entity_pct"",""reference"":92.0},{""current"":100.0,""path"":""parameters.death_rate_pct"",""reference"":null},{""current"":null,""path"":""parameters.move_rate_pct"",""reference"":8.0},{""current"":[""age_65_plus""],""path"":""selection.filters.age_bins"",""reference"":[]},{""current"":""count"",""path"":""selection.sample.mode"",""reference"":""pct""},{""current"":10000,""path"":""selection.sample.value"",""reference"":100.0},{""current"":2,""path"":""simulation.periods"",""reference"":12}]",paper_experiments/results/E2_E6/E2/configs/e2_clean_baseline_linkage_s20260728.yaml,phase2/runs/2026-07-24_e2_death_survivor_persistence_s20260728_seed20260728,"SHA-256 of sorted UTF-8 name-NUL-fileSHA256-NUL entries for truth_people.parquet, truth_households.parquet, truth_household_memberships.parquet, truth_residence_history.parquet, truth_events.parquet, entity_record_map.csv"
Table II,death_survivor_persistence,E2,death_survivor_persistence,20260729,paper_experiments/results/E2_E6/E2/configs/e2_death_survivor_persistence_s20260729.yaml,fa9a01cf6624f209aaa5ba71d05b7d21be3ce872f803f891b8b34d06ae3c7f34,c96216ecea78c6f47a845c95ffc3405d20bd7660d10f49f8d1568b6a9a1bf31c,"{""entity_record_map.csv"":""e4b44a13793715ad74dde63c23a1499986858c7786a241f6306255dd6af690fc"",""truth_events.parquet"":""0100705c894f1087fe701eaf900850413d7551277fd35f3208cdbb8a06567d2e"",""truth_household_memberships.parquet"":""7dcf8ef0aafb48bf808f9e9e965c61599ff7624b7f61f53c49ef7fb50643fb88"",""truth_households.parquet"":""c9e40ed22ad74bba31cd127367cf86453071e1bedb3ec7b1fcccc3c82a9e5e66"",""truth_people.parquet"":""09c80e2c3c98128355f20ba4ff812400dd92315a558d28256ed861f0e88c12f6"",""truth_residence_history.parquet"":""511d5ee8cc5f72b934fcc4ced6e7ea4ed5bf681c13c12c060e0b799674309802""}","[{""current"":100.0,""path"":""emission.appearance_A_pct"",""reference"":96.0},{""current"":100.0,""path"":""emission.appearance_B_pct"",""reference"":97.0},{""current"":0.0,""path"":""emission.duplication_in_A_pct"",""reference"":1.0},{""current"":0.0,""path"":""emission.duplication_in_B_pct"",""reference"":2.0},{""current"":0.0,""path"":""emission.noise.A.address_missing_pct"",""reference"":0.1},{""current"":0.0,""path"":""emission.noise.A.middle_name_missing_pct"",""reference"":5.0},{""current"":0.0,""path"":""emission.noise.A.name_typo_pct"",""reference"":0.2},{""current"":0.0,""path"":""emission.noise.A.phone_mask_pct"",""reference"":0.1},{""current"":0.0,""path"":""emission.noise.A.ssn_mask_pct"",""reference"":0.2},{""current"":0.0,""path"":""emission.noise.B.address_missing_pct"",""reference"":0.2},{""current"":0.0,""path"":""emission.noise.B.dob_shift_pct"",""reference"":0.2},{""current"":0.0,""path"":""emission.noise.B.middle_name_missing_pct"",""reference"":8.0},{""current"":0.0,""path"":""emission.noise.B.name_typo_pct"",""reference"":0.5},{""current"":0.0,""path"":""emission.noise.B.phone_mask_pct"",""reference"":0.2},{""current"":0.0,""path"":""emission.noise.B.ssn_mask_pct"",""reference"":0.5},{""current"":0.0,""path"":""emission.noise.B.zip_digit_error_pct"",""reference"":0.2},{""current"":100.0,""path"":""emission.overlap_entity_pct"",""reference"":92.0},{""current"":100.0,""path"":""parameters.death_rate_pct"",""reference"":null},{""current"":null,""path"":""parameters.move_rate_pct"",""reference"":8.0},{""current"":[""age_65_plus""],""path"":""selection.filters.age_bins"",""reference"":[]},{""current"":""count"",""path"":""selection.sample.mode"",""reference"":""pct""},{""current"":10000,""path"":""selection.sample.value"",""reference"":100.0},{""current"":2,""path"":""simulation.periods"",""reference"":12}]",paper_experiments/results/E2_E6/E2/configs/e2_clean_baseline_linkage_s20260729.yaml,phase2/runs/2026-07-24_e2_death_survivor_persistence_s20260729_seed20260729,"SHA-256 of sorted UTF-8 name-NUL-fileSHA256-NUL entries for truth_people.parquet, truth_households.parquet, truth_household_memberships.parquet, truth_residence_history.parquet, truth_events.parquet, entity_record_map.csv"
Table II,divorce_custody,E2,divorce_custody,20260720,paper_experiments/results/E2_E6/E2/configs/e2_divorce_custody_s20260720.yaml,7f4990892a2b88f75db47ffdb41835e0f1e84e0dfbe24fa0e15278c602a8dc34,951b1c794b607194a745ca17d2bcbdb9e509bc6b68fd05f74134fe205cfdceeb,"{""entity_record_map.csv"":""45cbb6162787fce126782fca96f23ca9205064a0b18c0d176a0f6aa7fcf880f0"",""truth_events.parquet"":""7f504510dc680d784b1819435d667bf2351656026062e1dec439517b189b9c3e"",""truth_household_memberships.parquet"":""f56d67ad6528a5250e25bd72b06b675e4d060e9eca68c09f045e65c9a48a78d2"",""truth_households.parquet"":""53bc6018936754b7881da1285858571780bb0491a44f1f9ed23f024ae46bf7dd"",""truth_people.parquet"":""8f82e60abc92d97eff599d68416e532096ffbb435fac1f8878f0f8f5320d0828"",""truth_residence_history.parquet"":""c97696a04351d3efe29d377ff8c6cf17cbbced049ca8c82592effaa7f8739c05""}","[{""current"":82.0,""path"":""emission.appearance_A_pct"",""reference"":96.0},{""current"":88.0,""path"":""emission.appearance_B_pct"",""reference"":97.0},{""current"":""many_to_many"",""path"":""emission.crossfile_match_mode"",""reference"":""one_to_one""},{""current"":14.0,""path"":""emission.duplication_in_A_pct"",""reference"":1.0},{""current"":14.0,""path"":""emission.duplication_in_B_pct"",""reference"":2.0},{""current"":0.8,""path"":""emission.noise.A.address_missing_pct"",""reference"":0.1},{""current"":0.4,""path"":""emission.noise.A.dob_shift_pct"",""reference"":0.0},{""current"":20.0,""path"":""emission.noise.A.middle_name_missing_pct"",""reference"":5.0},{""current"":1.0,""path"":""emission.noise.A.name_typo_pct"",""reference"":0.2},{""current"":0.8,""path"":""emission.noise.A.phone_mask_pct"",""reference"":0.1},{""current"":1.5,""path"":""emission.noise.A.ssn_mask_pct"",""reference"":0.2},{""current"":2.2,""path"":""emission.noise.B.address_missing_pct"",""reference"":0.2},{""current"":2.0,""path"":""emission.noise.B.date_swap_pct"",""reference"":0.0},{""current"":1.2,""path"":""emission.noise.B.dob_shift_pct"",""reference"":0.2},{""current"":30.0,""path"":""emission.noise.B.middle_name_missing_pct"",""reference"":8.0},{""current"":2.5,""path"":""emission.noise.B.name_typo_pct"",""reference"":0.5},{""current"":3.0,""path"":""emission.noise.B.phone_mask_pct"",""reference"":0.2},{""current"":2.5,""path"":""emission.noise.B.phonetic_error_pct"",""reference"":0.0},{""current"":6.0,""path"":""emission.noise.B.ssn_mask_pct"",""reference"":0.5},{""current"":0.0,""path"":""emission.noise.B.zip_digit_error_pct"",""reference"":0.2},{""current"":60.0,""path"":""emission.overlap_entity_pct"",""reference"":92.0},{""current"":8.0,""path"":""parameters.cohabit_rate_pct"",""reference"":null},{""current"":18.0,""path"":""parameters.divorce_rate_pct"",""reference"":null},{""current"":null,""path"":""parameters.move_rate_pct"",""reference"":8.0},{""current"":10,""path"":""quality.household_size_range.max"",""reference"":8}]",paper_experiments/results/E2_E6/E2/configs/e2_clean_baseline_linkage_s20260720.yaml,phase2/runs/2026-07-24_e2_divorce_custody_s20260720_seed20260720,"SHA-256 of sorted UTF-8 name-NUL-fileSHA256-NUL entries for truth_people.parquet, truth_households.parquet, truth_household_memberships.parquet, truth_residence_history.parquet, truth_events.parquet, entity_record_map.csv"
Table II,divorce_custody,E2,divorce_custody,20260721,paper_experiments/results/E2_E6/E2/configs/e2_divorce_custody_s20260721.yaml,7004a50c48f0fe9c06a1874279b7aa7ded41f8d1c85b633cdc8913c5f8848610,9829600c0ff105dc8a5a7844d08d87998976d963bb9252007e5de1d2e3595fd5,"{""entity_record_map.csv"":""719db9e7d216145e476ec7db4714302a786223cd2f744f023262d35aff8b616b"",""truth_events.parquet"":""a73f62d58e47cf5536ed328c6493e899e0d4ffcb6bd301b3ac4c564b9ac0e0ff"",""truth_household_memberships.parquet"":""b90e9c7f6d9974ddb8dada28d903283d18001e25eb7c57537a897410ef0c53ce"",""truth_households.parquet"":""99486ab98d36916a36fdddd460e5d8997027478e60d407afb33707c81a9dcc36"",""truth_people.parquet"":""858062d8aa3fccea23735593aa8f1cfa94c661a967b7e81fe0b19157638ac721"",""truth_residence_history.parquet"":""f6ded38c659b99840e9859424c6b444dc720490143976fa51f5a17c95623ff5c""}","[{""current"":82.0,""path"":""emission.appearance_A_pct"",""reference"":96.0},{""current"":88.0,""path"":""emission.appearance_B_pct"",""reference"":97.0},{""current"":""many_to_many"",""path"":""emission.crossfile_match_mode"",""reference"":""one_to_one""},{""current"":14.0,""path"":""emission.duplication_in_A_pct"",""reference"":1.0},{""current"":14.0,""path"":""emission.duplication_in_B_pct"",""reference"":2.0},{""current"":0.8,""path"":""emission.noise.A.address_missing_pct"",""reference"":0.1},{""current"":0.4,""path"":""emission.noise.A.dob_shift_pct"",""reference"":0.0},{""current"":20.0,""path"":""emission.noise.A.middle_name_missing_pct"",""reference"":5.0},{""current"":1.0,""path"":""emission.noise.A.name_typo_pct"",""reference"":0.2},{""current"":0.8,""path"":""emission.noise.A.phone_mask_pct"",""reference"":0.1},{""current"":1.5,""path"":""emission.noise.A.ssn_mask_pct"",""reference"":0.2},{""current"":2.2,""path"":""emission.noise.B.address_missing_pct"",""reference"":0.2},{""current"":2.0,""path"":""emission.noise.B.date_swap_pct"",""reference"":0.0},{""current"":1.2,""path"":""emission.noise.B.dob_shift_pct"",""reference"":0.2},{""current"":30.0,""path"":""emission.noise.B.middle_name_missing_pct"",""reference"":8.0},{""current"":2.5,""path"":""emission.noise.B.name_typo_pct"",""reference"":0.5},{""current"":3.0,""path"":""emission.noise.B.phone_mask_pct"",""reference"":0.2},{""current"":2.5,""path"":""emission.noise.B.phonetic_error_pct"",""reference"":0.0},{""current"":6.0,""path"":""emission.noise.B.ssn_mask_pct"",""reference"":0.5},{""current"":0.0,""path"":""emission.noise.B.zip_digit_error_pct"",""reference"":0.2},{""current"":60.0,""path"":""emission.overlap_entity_pct"",""reference"":92.0},{""current"":8.0,""path"":""parameters.cohabit_rate_pct"",""reference"":null},{""current"":18.0,""path"":""parameters.divorce_rate_pct"",""reference"":null},{""current"":null,""path"":""parameters.move_rate_pct"",""reference"":8.0},{""current"":10,""path"":""quality.household_size_range.max"",""reference"":8}]",paper_experiments/results/E2_E6/E2/configs/e2_clean_baseline_linkage_s20260721.yaml,phase2/runs/2026-07-24_e2_divorce_custody_s20260721_seed20260721,"SHA-256 of sorted UTF-8 name-NUL-fileSHA256-NUL entries for truth_people.parquet, truth_households.parquet, truth_household_memberships.parquet, truth_residence_history.parquet, truth_events.parquet, entity_record_map.csv"
Table II,divorce_custody,E2,divorce_custody,20260722,paper_experiments/results/E2_E6/E2/configs/e2_divorce_custody_s20260722.yaml,f82de26b09fd47d7e307e622d2d6796e738242a6c55806e9643919e1809f7ba2,87cd74d9ab7b045775a61a799bb67fffe4f0b334be935028470dbeefb04eaeab,"{""entity_record_map.csv"":""75ea7d9fef0ea297123ace5e89e15db9e04b2cac68ece620a7e74aa5b90240c0"",""truth_events.parquet"":""998c03a18430bde307c4e1e0ec754d96df185fa43b48cc09d16a5f6201910182"",""truth_household_memberships.parquet"":""e8b2ca19e483e42ca7490846d3d826452ebfcf0007c1d10484f12d14043a9c0e"",""truth_households.parquet"":""beb43c23f1cf0650bf4003250046c170f354781b19a9854c2fb9064fad236c03"",""truth_people.parquet"":""3444f477025dd602970c6f80f2dc1c1a92b74cf26427b5590c2a8aabb1c8cc81"",""truth_residence_history.parquet"":""939ec5f61a32fc005655e23b53a3d8982ae7dd2583a640d17fdcf1926b4b481a""}","[{""current"":82.0,""path"":""emission.appearance_A_pct"",""reference"":96.0},{""current"":88.0,""path"":""emission.appearance_B_pct"",""reference"":97.0},{""current"":""many_to_many"",""path"":""emission.crossfile_match_mode"",""reference"":""one_to_one""},{""current"":14.0,""path"":""emission.duplication_in_A_pct"",""reference"":1.0},{""current"":14.0,""path"":""emission.duplication_in_B_pct"",""reference"":2.0},{""current"":0.8,""path"":""emission.noise.A.address_missing_pct"",""reference"":0.1},{""current"":0.4,""path"":""emission.noise.A.dob_shift_pct"",""reference"":0.0},{""current"":20.0,""path"":""emission.noise.A.middle_name_missing_pct"",""reference"":5.0},{""current"":1.0,""path"":""emission.noise.A.name_typo_pct"",""reference"":0.2},{""current"":0.8,""path"":""emission.noise.A.phone_mask_pct"",""reference"":0.1},{""current"":1.5,""path"":""emission.noise.A.ssn_mask_pct"",""reference"":0.2},{""current"":2.2,""path"":""emission.noise.B.address_missing_pct"",""reference"":0.2},{""current"":2.0,""path"":""emission.noise.B.date_swap_pct"",""reference"":0.0},{""current"":1.2,""path"":""emission.noise.B.dob_shift_pct"",""reference"":0.2},{""current"":30.0,""path"":""emission.noise.B.middle_name_missing_pct"",""reference"":8.0},{""current"":2.5,""path"":""emission.noise.B.name_typo_pct"",""reference"":0.5},{""current"":3.0,""path"":""emission.noise.B.phone_mask_pct"",""reference"":0.2},{""current"":2.5,""path"":""emission.noise.B.phonetic_error_pct"",""reference"":0.0},{""current"":6.0,""path"":""emission.noise.B.ssn_mask_pct"",""reference"":0.5},{""current"":0.0,""path"":""emission.noise.B.zip_digit_error_pct"",""reference"":0.2},{""current"":60.0,""path"":""emission.overlap_entity_pct"",""reference"":92.0},{""current"":8.0,""path"":""parameters.cohabit_rate_pct"",""reference"":null},{""current"":18.0,""path"":""parameters.divorce_rate_pct"",""reference"":null},{""current"":null,""path"":""parameters.move_rate_pct"",""reference"":8.0},{""current"":10,""path"":""quality.household_size_range.max"",""reference"":8}]",paper_experiments/results/E2_E6/E2/configs/e2_clean_baseline_linkage_s20260722.yaml,phase2/runs/2026-07-24_e2_divorce_custody_s20260722_seed20260722,"SHA-256 of sorted UTF-8 name-NUL-fileSHA256-NUL entries for truth_people.parquet, truth_households.parquet, truth_household_memberships.parquet, truth_residence_history.parquet, truth_events.parquet, entity_record_map.csv"
Table II,divorce_custody,E2,divorce_custody,20260723,paper_experiments/results/E2_E6/E2/configs/e2_divorce_custody_s20260723.yaml,e2bd935e5ceabdd241afd5f57af0493730c35018ca3af58c6ea18a25d44e363d,95ab4d917bbbd99b7d7f02588fcc48f27682b209c31320151f6050a9a4f694a2,"{""entity_record_map.csv"":""8067dc5fc410cc8674bb3199e7c6776a4124d8d7f431f7f71c343f85ee3a90e3"",""truth_events.parquet"":""9dbc76887646cdef04b8495daf141f7f4eab5f3dd1c2806aedb280c8745460bd"",""truth_household_memberships.parquet"":""6e450c9cb199a4582738af6b62cdbcfab95d41c5e15716e89ddc7f954dffc611"",""truth_households.parquet"":""dc73051fb26e55fab801d7a3932ac14de50e0d84c139822d3095af0860a34271"",""truth_people.parquet"":""828d72db0aeb7760fb311b436230cb0e437d406367b13d153df7aaf38e97bf04"",""truth_residence_history.parquet"":""6be3188eb0463eda10984f88f6e70fbbc56435835358d2d92b9b42f3a9abbe7d""}","[{""current"":82.0,""path"":""emission.appearance_A_pct"",""reference"":96.0},{""current"":88.0,""path"":""emission.appearance_B_pct"",""reference"":97.0},{""current"":""many_to_many"",""path"":""emission.crossfile_match_mode"",""reference"":""one_to_one""},{""current"":14.0,""path"":""emission.duplication_in_A_pct"",""reference"":1.0},{""current"":14.0,""path"":""emission.duplication_in_B_pct"",""reference"":2.0},{""current"":0.8,""path"":""emission.noise.A.address_missing_pct"",""reference"":0.1},{""current"":0.4,""path"":""emission.noise.A.dob_shift_pct"",""reference"":0.0},{""current"":20.0,""path"":""emission.noise.A.middle_name_missing_pct"",""reference"":5.0},{""current"":1.0,""path"":""emission.noise.A.name_typo_pct"",""reference"":0.2},{""current"":0.8,""path"":""emission.noise.A.phone_mask_pct"",""reference"":0.1},{""current"":1.5,""path"":""emission.noise.A.ssn_mask_pct"",""reference"":0.2},{""current"":2.2,""path"":""emission.noise.B.address_missing_pct"",""reference"":0.2},{""current"":2.0,""path"":""emission.noise.B.date_swap_pct"",""reference"":0.0},{""current"":1.2,""path"":""emission.noise.B.dob_shift_pct"",""reference"":0.2},{""current"":30.0,""path"":""emission.noise.B.middle_name_missing_pct"",""reference"":8.0},{""current"":2.5,""path"":""emission.noise.B.name_typo_pct"",""reference"":0.5},{""current"":3.0,""path"":""emission.noise.B.phone_mask_pct"",""reference"":0.2},{""current"":2.5,""path"":""emission.noise.B.phonetic_error_pct"",""reference"":0.0},{""current"":6.0,""path"":""emission.noise.B.ssn_mask_pct"",""reference"":0.5},{""current"":0.0,""path"":""emission.noise.B.zip_digit_error_pct"",""reference"":0.2},{""current"":60.0,""path"":""emission.overlap_entity_pct"",""reference"":92.0},{""current"":8.0,""path"":""parameters.cohabit_rate_pct"",""reference"":null},{""current"":18.0,""path"":""parameters.divorce_rate_pct"",""reference"":null},{""current"":null,""path"":""parameters.move_rate_pct"",""reference"":8.0},{""current"":10,""path"":""quality.household_size_range.max"",""reference"":8}]",paper_experiments/results/E2_E6/E2/configs/e2_clean_baseline_linkage_s20260723.yaml,phase2/runs/2026-07-24_e2_divorce_custody_s20260723_seed20260723,"SHA-256 of sorted UTF-8 name-NUL-fileSHA256-NUL entries for truth_people.parquet, truth_households.parquet, truth_household_memberships.parquet, truth_residence_history.parquet, truth_events.parquet, entity_record_map.csv"
Table II,divorce_custody,E2,divorce_custody,20260724,paper_experiments/results/E2_E6/E2/configs/e2_divorce_custody_s20260724.yaml,bbe37491ed608105b27774963b27cf15a235a854b2be6e8f25e702b1f8d067ad,2582fbbcfe152256a27bae9e214ce5e24e4b926e9985c14086eb597c88a00e07,"{""entity_record_map.csv"":""491953f1af1cd3f4b2124f082db5c51453493ea6f72eb45ebe9cf8affecff4dc"",""truth_events.parquet"":""d381004d73520c14cbd6cedd519723e25c444bf1b0b450ed0fc602c6d5287037"",""truth_household_memberships.parquet"":""aa39492fb73658c05e2b602a03f659568bf420d777c5cd408b0e08b66ce157db"",""truth_households.parquet"":""a1d89045e8eb3a5fbfdcbac063a639cd3df6fbeebc956d9b10e9e5e62b102668"",""truth_people.parquet"":""afa6beb768f8ed02e51f9f8a147c9a03c534b282c058ffdaed958a017dacdc89"",""truth_residence_history.parquet"":""39be2752566041f8f3f036c30eca7d8d2e84d7cb3b2f5931e138fe1f75b10657""}","[{""current"":82.0,""path"":""emission.appearance_A_pct"",""reference"":96.0},{""current"":88.0,""path"":""emission.appearance_B_pct"",""reference"":97.0},{""current"":""many_to_many"",""path"":""emission.crossfile_match_mode"",""reference"":""one_to_one""},{""current"":14.0,""path"":""emission.duplication_in_A_pct"",""reference"":1.0},{""current"":14.0,""path"":""emission.duplication_in_B_pct"",""reference"":2.0},{""current"":0.8,""path"":""emission.noise.A.address_missing_pct"",""reference"":0.1},{""current"":0.4,""path"":""emission.noise.A.dob_shift_pct"",""reference"":0.0},{""current"":20.0,""path"":""emission.noise.A.middle_name_missing_pct"",""reference"":5.0},{""current"":1.0,""path"":""emission.noise.A.name_typo_pct"",""reference"":0.2},{""current"":0.8,""path"":""emission.noise.A.phone_mask_pct"",""reference"":0.1},{""current"":1.5,""path"":""emission.noise.A.ssn_mask_pct"",""reference"":0.2},{""current"":2.2,""path"":""emission.noise.B.address_missing_pct"",""reference"":0.2},{""current"":2.0,""path"":""emission.noise.B.date_swap_pct"",""reference"":0.0},{""current"":1.2,""path"":""emission.noise.B.dob_shift_pct"",""reference"":0.2},{""current"":30.0,""path"":""emission.noise.B.middle_name_missing_pct"",""reference"":8.0},{""current"":2.5,""path"":""emission.noise.B.name_typo_pct"",""reference"":0.5},{""current"":3.0,""path"":""emission.noise.B.phone_mask_pct"",""reference"":0.2},{""current"":2.5,""path"":""emission.noise.B.phonetic_error_pct"",""reference"":0.0},{""current"":6.0,""path"":""emission.noise.B.ssn_mask_pct"",""reference"":0.5},{""current"":0.0,""path"":""emission.noise.B.zip_digit_error_pct"",""reference"":0.2},{""current"":60.0,""path"":""emission.overlap_entity_pct"",""reference"":92.0},{""current"":8.0,""path"":""parameters.cohabit_rate_pct"",""reference"":null},{""current"":18.0,""path"":""parameters.divorce_rate_pct"",""reference"":null},{""current"":null,""path"":""parameters.move_rate_pct"",""reference"":8.0},{""current"":10,""path"":""quality.household_size_range.max"",""reference"":8}]",paper_experiments/results/E2_E6/E2/configs/e2_clean_baseline_linkage_s20260724.yaml,phase2/runs/2026-07-24_e2_divorce_custody_s20260724_seed20260724,"SHA-256 of sorted UTF-8 name-NUL-fileSHA256-NUL entries for truth_people.parquet, truth_households.parquet, truth_household_memberships.parquet, truth_residence_history.parquet, truth_events.parquet, entity_record_map.csv"
Table II,divorce_custody,E2,divorce_custody,20260725,paper_experiments/results/E2_E6/E2/configs/e2_divorce_custody_s20260725.yaml,2a8c5aec6822c5b3a23341aaeb8fae20eb1bf9d843bf54e9f5a16cceb8986825,c06a78556369c14c95d7c3025c4c63ae33ae300e16ea1ee6c19b0fb9c1bda58f,"{""entity_record_map.csv"":""f2c49b80ae7e90db3e938e2cfd71949020b6d4b9d392778ce7b9dacf965dc094"",""truth_events.parquet"":""37e672e0430235ab38c3c3fa2c7952c89add5a83f95262c29b3bf1f01586de6c"",""truth_household_memberships.parquet"":""9a3c3d7ee3895b77fb3589a904dc8fbfdd54e96970e41ce6eb7a83ac5aa0e9f7"",""truth_households.parquet"":""f17f55b73def94ff48e3bd2015ccaa4dd5b0c8f5347c4a071244af4d50ac8c6e"",""truth_people.parquet"":""f6463f5c0f497b01a2829c35cffa924ee2323a128a146a36a120998107bc5d5b"",""truth_residence_history.parquet"":""f6277ab3af7016facf318d0ae0d65e60e457192d5edd15c33f47763fe8b05ffa""}","[{""current"":82.0,""path"":""emission.appearance_A_pct"",""reference"":96.0},{""current"":88.0,""path"":""emission.appearance_B_pct"",""reference"":97.0},{""current"":""many_to_many"",""path"":""emission.crossfile_match_mode"",""reference"":""one_to_one""},{""current"":14.0,""path"":""emission.duplication_in_A_pct"",""reference"":1.0},{""current"":14.0,""path"":""emission.duplication_in_B_pct"",""reference"":2.0},{""current"":0.8,""path"":""emission.noise.A.address_missing_pct"",""reference"":0.1},{""current"":0.4,""path"":""emission.noise.A.dob_shift_pct"",""reference"":0.0},{""current"":20.0,""path"":""emission.noise.A.middle_name_missing_pct"",""reference"":5.0},{""current"":1.0,""path"":""emission.noise.A.name_typo_pct"",""reference"":0.2},{""current"":0.8,""path"":""emission.noise.A.phone_mask_pct"",""reference"":0.1},{""current"":1.5,""path"":""emission.noise.A.ssn_mask_pct"",""reference"":0.2},{""current"":2.2,""path"":""emission.noise.B.address_missing_pct"",""reference"":0.2},{""current"":2.0,""path"":""emission.noise.B.date_swap_pct"",""reference"":0.0},{""current"":1.2,""path"":""emission.noise.B.dob_shift_pct"",""reference"":0.2},{""current"":30.0,""path"":""emission.noise.B.middle_name_missing_pct"",""reference"":8.0},{""current"":2.5,""path"":""emission.noise.B.name_typo_pct"",""reference"":0.5},{""current"":3.0,""path"":""emission.noise.B.phone_mask_pct"",""reference"":0.2},{""current"":2.5,""path"":""emission.noise.B.phonetic_error_pct"",""reference"":0.0},{""current"":6.0,""path"":""emission.noise.B.ssn_mask_pct"",""reference"":0.5},{""current"":0.0,""path"":""emission.noise.B.zip_digit_error_pct"",""reference"":0.2},{""current"":60.0,""path"":""emission.overlap_entity_pct"",""reference"":92.0},{""current"":8.0,""path"":""parameters.cohabit_rate_pct"",""reference"":null},{""current"":18.0,""path"":""parameters.divorce_rate_pct"",""reference"":null},{""current"":null,""path"":""parameters.move_rate_pct"",""reference"":8.0},{""current"":10,""path"":""quality.household_size_range.max"",""reference"":8}]",paper_experiments/results/E2_E6/E2/configs/e2_clean_baseline_linkage_s20260725.yaml,phase2/runs/2026-07-24_e2_divorce_custody_s20260725_seed20260725,"SHA-256 of sorted UTF-8 name-NUL-fileSHA256-NUL entries for truth_people.parquet, truth_households.parquet, truth_household_memberships.parquet, truth_residence_history.parquet, truth_events.parquet, entity_record_map.csv"
Table II,divorce_custody,E2,divorce_custody,20260726,paper_experiments/results/E2_E6/E2/configs/e2_divorce_custody_s20260726.yaml,87564877732c5160d2b6ac3d072899180f2bc9b07b65d6937f652def3763914c,f293a54ea7fbfe7a6de38a2cb76dff911c613ad08b1590471d918b050d427b64,"{""entity_record_map.csv"":""0b145fee0fda28b1a37b9e03a49deeb87eb37173abd02a14a139b1849ff2ebdb"",""truth_events.parquet"":""d30c9a6f042eb7d858911fd8565d8488fd5da0ad910e517b178f35226bcd5a4e"",""truth_household_memberships.parquet"":""2300d460d8736123c0390ff91763e4f970451353122aa15c1585d1239aa9fe55"",""truth_households.parquet"":""c923971a02a6c5e5e9170207ec93cc0dc52cbd2abd2c9c48e1c915d43f578443"",""truth_people.parquet"":""2b8adf938ec62055ab46f024967cdd0648d1bd4e9cf0f1c073e16e4e25cd7e34"",""truth_residence_history.parquet"":""278293715012bc32a1fc2ce4468a1ba85d532a16c2b1b9dcbd4abd8f4eaed950""}","[{""current"":82.0,""path"":""emission.appearance_A_pct"",""reference"":96.0},{""current"":88.0,""path"":""emission.appearance_B_pct"",""reference"":97.0},{""current"":""many_to_many"",""path"":""emission.crossfile_match_mode"",""reference"":""one_to_one""},{""current"":14.0,""path"":""emission.duplication_in_A_pct"",""reference"":1.0},{""current"":14.0,""path"":""emission.duplication_in_B_pct"",""reference"":2.0},{""current"":0.8,""path"":""emission.noise.A.address_missing_pct"",""reference"":0.1},{""current"":0.4,""path"":""emission.noise.A.dob_shift_pct"",""reference"":0.0},{""current"":20.0,""path"":""emission.noise.A.middle_name_missing_pct"",""reference"":5.0},{""current"":1.0,""path"":""emission.noise.A.name_typo_pct"",""reference"":0.2},{""current"":0.8,""path"":""emission.noise.A.phone_mask_pct"",""reference"":0.1},{""current"":1.5,""path"":""emission.noise.A.ssn_mask_pct"",""reference"":0.2},{""current"":2.2,""path"":""emission.noise.B.address_missing_pct"",""reference"":0.2},{""current"":2.0,""path"":""emission.noise.B.date_swap_pct"",""reference"":0.0},{""current"":1.2,""path"":""emission.noise.B.dob_shift_pct"",""reference"":0.2},{""current"":30.0,""path"":""emission.noise.B.middle_name_missing_pct"",""reference"":8.0},{""current"":2.5,""path"":""emission.noise.B.name_typo_pct"",""reference"":0.5},{""current"":3.0,""path"":""emission.noise.B.phone_mask_pct"",""reference"":0.2},{""current"":2.5,""path"":""emission.noise.B.phonetic_error_pct"",""reference"":0.0},{""current"":6.0,""path"":""emission.noise.B.ssn_mask_pct"",""reference"":0.5},{""current"":0.0,""path"":""emission.noise.B.zip_digit_error_pct"",""reference"":0.2},{""current"":60.0,""path"":""emission.overlap_entity_pct"",""reference"":92.0},{""current"":8.0,""path"":""parameters.cohabit_rate_pct"",""reference"":null},{""current"":18.0,""path"":""parameters.divorce_rate_pct"",""reference"":null},{""current"":null,""path"":""parameters.move_rate_pct"",""reference"":8.0},{""current"":10,""path"":""quality.household_size_range.max"",""reference"":8}]",paper_experiments/results/E2_E6/E2/configs/e2_clean_baseline_linkage_s20260726.yaml,phase2/runs/2026-07-24_e2_divorce_custody_s20260726_seed20260726,"SHA-256 of sorted UTF-8 name-NUL-fileSHA256-NUL entries for truth_people.parquet, truth_households.parquet, truth_household_memberships.parquet, truth_residence_history.parquet, truth_events.parquet, entity_record_map.csv"
Table II,divorce_custody,E2,divorce_custody,20260727,paper_experiments/results/E2_E6/E2/configs/e2_divorce_custody_s20260727.yaml,23b63147a0361e861fe371e1b5a1b872793e414e6c8dec077967ef35480a741c,b6acf8f41e1a0e7ee9a166a1627e7aaeed51853b44c835710793a00db5d7337a,"{""entity_record_map.csv"":""95fd217ad64dacfb110d9fd01e095c20210c9b680b771eba3033325969b43126"",""truth_events.parquet"":""d87067644343c8114c34af455271d8500c31a6d9b6c8477daf7cf812825f6ef8"",""truth_household_memberships.parquet"":""b0e263202adaadcb1c589df86322fa8c7963d6af65b7c8b60c533c31c93643f7"",""truth_households.parquet"":""fc9ea5e9be4edb38c907ea39cee274af72e04933c8bc7d0926cbb895adf074fc"",""truth_people.parquet"":""a0f25b49819776c09ed4f8c0ac8a245ed99a2b1cd2c1b4902bccb5bc55fdd6ce"",""truth_residence_history.parquet"":""cf5d4ac695b1e6e77e106bbb42e16dceeade4c8bfc846d430883fd5b2dc07bd7""}","[{""current"":82.0,""path"":""emission.appearance_A_pct"",""reference"":96.0},{""current"":88.0,""path"":""emission.appearance_B_pct"",""reference"":97.0},{""current"":""many_to_many"",""path"":""emission.crossfile_match_mode"",""reference"":""one_to_one""},{""current"":14.0,""path"":""emission.duplication_in_A_pct"",""reference"":1.0},{""current"":14.0,""path"":""emission.duplication_in_B_pct"",""reference"":2.0},{""current"":0.8,""path"":""emission.noise.A.address_missing_pct"",""reference"":0.1},{""current"":0.4,""path"":""emission.noise.A.dob_shift_pct"",""reference"":0.0},{""current"":20.0,""path"":""emission.noise.A.middle_name_missing_pct"",""reference"":5.0},{""current"":1.0,""path"":""emission.noise.A.name_typo_pct"",""reference"":0.2},{""current"":0.8,""path"":""emission.noise.A.phone_mask_pct"",""reference"":0.1},{""current"":1.5,""path"":""emission.noise.A.ssn_mask_pct"",""reference"":0.2},{""current"":2.2,""path"":""emission.noise.B.address_missing_pct"",""reference"":0.2},{""current"":2.0,""path"":""emission.noise.B.date_swap_pct"",""reference"":0.0},{""current"":1.2,""path"":""emission.noise.B.dob_shift_pct"",""reference"":0.2},{""current"":30.0,""path"":""emission.noise.B.middle_name_missing_pct"",""reference"":8.0},{""current"":2.5,""path"":""emission.noise.B.name_typo_pct"",""reference"":0.5},{""current"":3.0,""path"":""emission.noise.B.phone_mask_pct"",""reference"":0.2},{""current"":2.5,""path"":""emission.noise.B.phonetic_error_pct"",""reference"":0.0},{""current"":6.0,""path"":""emission.noise.B.ssn_mask_pct"",""reference"":0.5},{""current"":0.0,""path"":""emission.noise.B.zip_digit_error_pct"",""reference"":0.2},{""current"":60.0,""path"":""emission.overlap_entity_pct"",""reference"":92.0},{""current"":8.0,""path"":""parameters.cohabit_rate_pct"",""reference"":null},{""current"":18.0,""path"":""parameters.divorce_rate_pct"",""reference"":null},{""current"":null,""path"":""parameters.move_rate_pct"",""reference"":8.0},{""current"":10,""path"":""quality.household_size_range.max"",""reference"":8}]",paper_experiments/results/E2_E6/E2/configs/e2_clean_baseline_linkage_s20260727.yaml,phase2/runs/2026-07-24_e2_divorce_custody_s20260727_seed20260727,"SHA-256 of sorted UTF-8 name-NUL-fileSHA256-NUL entries for truth_people.parquet, truth_households.parquet, truth_household_memberships.parquet, truth_residence_history.parquet, truth_events.parquet, entity_record_map.csv"
Table II,divorce_custody,E2,divorce_custody,20260728,paper_experiments/results/E2_E6/E2/configs/e2_divorce_custody_s20260728.yaml,2fba3a18c8ccd239ebcee49b61f1ab918891e8feb466257e7cd7a825b05c8c03,d43e72cbb8d822685c954f73daa102f98924142e393bf88d45c74f7c55143087,"{""entity_record_map.csv"":""1291325ac9b3a25a9a0716517cf7bcc0257f147e4570482b72c59f35a6fb13e0"",""truth_events.parquet"":""8a0283998f3506d4620da20db0bee37271550d989de4e7a85b7fa9ae4194be74"",""truth_household_memberships.parquet"":""04ca52bbfc667f2eb8bf07ecf008129eeefd55675233605a38f3f716fc2a4dcd"",""truth_households.parquet"":""1f6f551155394afd0f7487ea9bbef241de6da54c55299a7b833b1a6ee0379476"",""truth_people.parquet"":""3c6b927c4c84abedaf13403800a466b2dce6e79b93d66b81d0751c348ca97b64"",""truth_residence_history.parquet"":""93c865ac5a061c803eca045cb7d4c7f4cf9af82ba8501e417c8902c4c3c74a54""}","[{""current"":82.0,""path"":""emission.appearance_A_pct"",""reference"":96.0},{""current"":88.0,""path"":""emission.appearance_B_pct"",""reference"":97.0},{""current"":""many_to_many"",""path"":""emission.crossfile_match_mode"",""reference"":""one_to_one""},{""current"":14.0,""path"":""emission.duplication_in_A_pct"",""reference"":1.0},{""current"":14.0,""path"":""emission.duplication_in_B_pct"",""reference"":2.0},{""current"":0.8,""path"":""emission.noise.A.address_missing_pct"",""reference"":0.1},{""current"":0.4,""path"":""emission.noise.A.dob_shift_pct"",""reference"":0.0},{""current"":20.0,""path"":""emission.noise.A.middle_name_missing_pct"",""reference"":5.0},{""current"":1.0,""path"":""emission.noise.A.name_typo_pct"",""reference"":0.2},{""current"":0.8,""path"":""emission.noise.A.phone_mask_pct"",""reference"":0.1},{""current"":1.5,""path"":""emission.noise.A.ssn_mask_pct"",""reference"":0.2},{""current"":2.2,""path"":""emission.noise.B.address_missing_pct"",""reference"":0.2},{""current"":2.0,""path"":""emission.noise.B.date_swap_pct"",""reference"":0.0},{""current"":1.2,""path"":""emission.noise.B.dob_shift_pct"",""reference"":0.2},{""current"":30.0,""path"":""emission.noise.B.middle_name_missing_pct"",""reference"":8.0},{""current"":2.5,""path"":""emission.noise.B.name_typo_pct"",""reference"":0.5},{""current"":3.0,""path"":""emission.noise.B.phone_mask_pct"",""reference"":0.2},{""current"":2.5,""path"":""emission.noise.B.phonetic_error_pct"",""reference"":0.0},{""current"":6.0,""path"":""emission.noise.B.ssn_mask_pct"",""reference"":0.5},{""current"":0.0,""path"":""emission.noise.B.zip_digit_error_pct"",""reference"":0.2},{""current"":60.0,""path"":""emission.overlap_entity_pct"",""reference"":92.0},{""current"":8.0,""path"":""parameters.cohabit_rate_pct"",""reference"":null},{""current"":18.0,""path"":""parameters.divorce_rate_pct"",""reference"":null},{""current"":null,""path"":""parameters.move_rate_pct"",""reference"":8.0},{""current"":10,""path"":""quality.household_size_range.max"",""reference"":8}]",paper_experiments/results/E2_E6/E2/configs/e2_clean_baseline_linkage_s20260728.yaml,phase2/runs/2026-07-24_e2_divorce_custody_s20260728_seed20260728,"SHA-256 of sorted UTF-8 name-NUL-fileSHA256-NUL entries for truth_people.parquet, truth_households.parquet, truth_household_memberships.parquet, truth_residence_history.parquet, truth_events.parquet, entity_record_map.csv"
Table II,divorce_custody,E2,divorce_custody,20260729,paper_experiments/results/E2_E6/E2/configs/e2_divorce_custody_s20260729.yaml,0e2afaf43f94009a4f09f633ad0e2295dd766397816a23850dc3873d0bbf9c9a,3c3f229ade9d79320068bc207fc774f85ba1bbaa3e3c5049786e5978ab60fe26,"{""entity_record_map.csv"":""96bd33c069986588f46bb1bb9c792ff4e244eabcf3c9584661f2993959b5463a"",""truth_events.parquet"":""05846a93cad8556f6bdfc4888ae22cc6657df311d4386b40f289b35a2b15c3ac"",""truth_household_memberships.parquet"":""cb21774b597a6b73296b5f3904c9dbac3b43265eb9eb0457ce73ef0c04fd50d6"",""truth_households.parquet"":""f42297f5b8a6200a9ba00753363e90f41323b0a44e622d111423b9fbaad9f3a4"",""truth_people.parquet"":""d8fa66d765ce78f5214ccc420d3e11d1cd018a7bfb88e484333af6481ce69fbd"",""truth_residence_history.parquet"":""304e045aa13b4d124129acae83de12a73056287d98ed7039ade4dbe9fe3e8292""}","[{""current"":82.0,""path"":""emission.appearance_A_pct"",""reference"":96.0},{""current"":88.0,""path"":""emission.appearance_B_pct"",""reference"":97.0},{""current"":""many_to_many"",""path"":""emission.crossfile_match_mode"",""reference"":""one_to_one""},{""current"":14.0,""path"":""emission.duplication_in_A_pct"",""reference"":1.0},{""current"":14.0,""path"":""emission.duplication_in_B_pct"",""reference"":2.0},{""current"":0.8,""path"":""emission.noise.A.address_missing_pct"",""reference"":0.1},{""current"":0.4,""path"":""emission.noise.A.dob_shift_pct"",""reference"":0.0},{""current"":20.0,""path"":""emission.noise.A.middle_name_missing_pct"",""reference"":5.0},{""current"":1.0,""path"":""emission.noise.A.name_typo_pct"",""reference"":0.2},{""current"":0.8,""path"":""emission.noise.A.phone_mask_pct"",""reference"":0.1},{""current"":1.5,""path"":""emission.noise.A.ssn_mask_pct"",""reference"":0.2},{""current"":2.2,""path"":""emission.noise.B.address_missing_pct"",""reference"":0.2},{""current"":2.0,""path"":""emission.noise.B.date_swap_pct"",""reference"":0.0},{""current"":1.2,""path"":""emission.noise.B.dob_shift_pct"",""reference"":0.2},{""current"":30.0,""path"":""emission.noise.B.middle_name_missing_pct"",""reference"":8.0},{""current"":2.5,""path"":""emission.noise.B.name_typo_pct"",""reference"":0.5},{""current"":3.0,""path"":""emission.noise.B.phone_mask_pct"",""reference"":0.2},{""current"":2.5,""path"":""emission.noise.B.phonetic_error_pct"",""reference"":0.0},{""current"":6.0,""path"":""emission.noise.B.ssn_mask_pct"",""reference"":0.5},{""current"":0.0,""path"":""emission.noise.B.zip_digit_error_pct"",""reference"":0.2},{""current"":60.0,""path"":""emission.overlap_entity_pct"",""reference"":92.0},{""current"":8.0,""path"":""parameters.cohabit_rate_pct"",""reference"":null},{""current"":18.0,""path"":""parameters.divorce_rate_pct"",""reference"":null},{""current"":null,""path"":""parameters.move_rate_pct"",""reference"":8.0},{""current"":10,""path"":""quality.household_size_range.max"",""reference"":8}]",paper_experiments/results/E2_E6/E2/configs/e2_clean_baseline_linkage_s20260729.yaml,phase2/runs/2026-07-24_e2_divorce_custody_s20260729_seed20260729,"SHA-256 of sorted UTF-8 name-NUL-fileSHA256-NUL entries for truth_people.parquet, truth_households.parquet, truth_household_memberships.parquet, truth_residence_history.parquet, truth_events.parquet, entity_record_map.csv"
Table II,family_birth,E2,family_birth,20260720,paper_experiments/results/E2_E6/E2/configs/e2_family_birth_s20260720.yaml,03fadc2a5ca8b79ec3d128fba52f3466b4fda2ece46647ba112b8b5b1281fc4f,601448fb36d2eb6306efea9a513d747daa0197627416edf5d9724c8d7aa170b6,"{""entity_record_map.csv"":""ba99a5acea31b369ec328dc057d1039e9e93d7b320c1a0a98c68c495770958b7"",""truth_events.parquet"":""4f13b32ddaf1e5289041ab075652364d1b4cce86234935f4d78526894ba144cf"",""truth_household_memberships.parquet"":""0d339b3482b48ecf122560081c3f0674d5c23fcb1475854d057f3a64a8420caa"",""truth_households.parquet"":""70d1c06795beadc6fcd3ddcf7645bc845b2c2e1c428a2cbde43b87dec60b503d"",""truth_people.parquet"":""67b42a3ea4243ba14b5e89d0f13a800e61c09ebf943c2b954ad4fcc602f5e724"",""truth_residence_history.parquet"":""830f82ece2ade1256b8206322abbc33f1bd9baf799266a31d6d321af9a32e413""}","[{""current"":88.0,""path"":""emission.appearance_A_pct"",""reference"":96.0},{""current"":86.0,""path"":""emission.appearance_B_pct"",""reference"":97.0},{""current"":""many_to_one"",""path"":""emission.crossfile_match_mode"",""reference"":""one_to_one""},{""current"":10.0,""path"":""emission.duplication_in_A_pct"",""reference"":1.0},{""current"":4.0,""path"":""emission.duplication_in_B_pct"",""reference"":2.0},{""current"":0.8,""path"":""emission.noise.A.address_missing_pct"",""reference"":0.1},{""current"":0.4,""path"":""emission.noise.A.dob_shift_pct"",""reference"":0.0},{""current"":20.0,""path"":""emission.noise.A.middle_name_missing_pct"",""reference"":5.0},{""current"":1.0,""path"":""emission.noise.A.name_typo_pct"",""reference"":0.2},{""current"":0.8,""path"":""emission.noise.A.phone_mask_pct"",""reference"":0.1},{""current"":1.5,""path"":""emission.noise.A.ssn_mask_pct"",""reference"":0.2},{""current"":2.2,""path"":""emission.noise.B.address_missing_pct"",""reference"":0.2},{""current"":1.2,""path"":""emission.noise.B.dob_shift_pct"",""reference"":0.2},{""current"":30.0,""path"":""emission.noise.B.middle_name_missing_pct"",""reference"":8.0},{""current"":2.5,""path"":""emission.noise.B.name_typo_pct"",""reference"":0.5},{""current"":3.0,""path"":""emission.noise.B.phone_mask_pct"",""reference"":0.2},{""current"":6.0,""path"":""emission.noise.B.ssn_mask_pct"",""reference"":0.5},{""current"":8.0,""path"":""emission.noise.B.suffix_missing_pct"",""reference"":0.0},{""current"":0.0,""path"":""emission.noise.B.zip_digit_error_pct"",""reference"":0.2},{""current"":72.0,""path"":""emission.overlap_entity_pct"",""reference"":92.0},{""current"":8500,""path"":""emission.record_count_A"",""reference"":null},{""current"":6400,""path"":""emission.record_count_B"",""reference"":null},{""current"":24.0,""path"":""parameters.birth_rate_pct"",""reference"":null},{""current"":78.0,""path"":""parameters.cohabit_rate_pct"",""reference"":null},{""current"":null,""path"":""parameters.move_rate_pct"",""reference"":8.0},{""current"":12,""path"":""quality.household_size_range.max"",""reference"":8},{""current"":[""age_18_34"",""age_35_64""],""path"":""selection.filters.age_bins"",""reference"":[]},{""current"":""count"",""path"":""selection.sample.mode"",""reference"":""pct""},{""current"":6050,""path"":""selection.sample.value"",""reference"":100.0}]",paper_experiments/results/E2_E6/E2/configs/e2_clean_baseline_linkage_s20260720.yaml,phase2/runs/2026-07-24_e2_family_birth_s20260720_seed20260720,"SHA-256 of sorted UTF-8 name-NUL-fileSHA256-NUL entries for truth_people.parquet, truth_households.parquet, truth_household_memberships.parquet, truth_residence_history.parquet, truth_events.parquet, entity_record_map.csv"
Table II,family_birth,E2,family_birth,20260721,paper_experiments/results/E2_E6/E2/configs/e2_family_birth_s20260721.yaml,00c48842f026f483769a2c84df3f27ec55cdeafc01926984f032215d84ca522b,4b402d5ece00418588401fee9e6e15b95cbab707c3e31d999edf6a227fd6665b,"{""entity_record_map.csv"":""f9d03fbaa484523c2a9b9432986cb3792fd304a6448c5c142d65974d22864ccf"",""truth_events.parquet"":""a79cca55d03e1051c6418eeac1b61006c72958f0f10b8c842c60044f97004278"",""truth_household_memberships.parquet"":""a6bcc81a1366af377c289e4e79a2d0e33f5f56bbe36a92e5c06a7ab24d2dcf5f"",""truth_households.parquet"":""7d1430811c3020f9c27a78630cb2ff96e7eb48015f0b5eb9ab6d46fc05710d6a"",""truth_people.parquet"":""de545c2ddb97d3bad199d2188f0dacd27eaad031d27cefe8941db6bd6078020f"",""truth_residence_history.parquet"":""cee98d1fd1aaded113670ab459f85b611d33e3e1a2f887b0bff4799616a2d346""}","[{""current"":88.0,""path"":""emission.appearance_A_pct"",""reference"":96.0},{""current"":86.0,""path"":""emission.appearance_B_pct"",""reference"":97.0},{""current"":""many_to_one"",""path"":""emission.crossfile_match_mode"",""reference"":""one_to_one""},{""current"":10.0,""path"":""emission.duplication_in_A_pct"",""reference"":1.0},{""current"":4.0,""path"":""emission.duplication_in_B_pct"",""reference"":2.0},{""current"":0.8,""path"":""emission.noise.A.address_missing_pct"",""reference"":0.1},{""current"":0.4,""path"":""emission.noise.A.dob_shift_pct"",""reference"":0.0},{""current"":20.0,""path"":""emission.noise.A.middle_name_missing_pct"",""reference"":5.0},{""current"":1.0,""path"":""emission.noise.A.name_typo_pct"",""reference"":0.2},{""current"":0.8,""path"":""emission.noise.A.phone_mask_pct"",""reference"":0.1},{""current"":1.5,""path"":""emission.noise.A.ssn_mask_pct"",""reference"":0.2},{""current"":2.2,""path"":""emission.noise.B.address_missing_pct"",""reference"":0.2},{""current"":1.2,""path"":""emission.noise.B.dob_shift_pct"",""reference"":0.2},{""current"":30.0,""path"":""emission.noise.B.middle_name_missing_pct"",""reference"":8.0},{""current"":2.5,""path"":""emission.noise.B.name_typo_pct"",""reference"":0.5},{""current"":3.0,""path"":""emission.noise.B.phone_mask_pct"",""reference"":0.2},{""current"":6.0,""path"":""emission.noise.B.ssn_mask_pct"",""reference"":0.5},{""current"":8.0,""path"":""emission.noise.B.suffix_missing_pct"",""reference"":0.0},{""current"":0.0,""path"":""emission.noise.B.zip_digit_error_pct"",""reference"":0.2},{""current"":72.0,""path"":""emission.overlap_entity_pct"",""reference"":92.0},{""current"":8500,""path"":""emission.record_count_A"",""reference"":null},{""current"":6400,""path"":""emission.record_count_B"",""reference"":null},{""current"":24.0,""path"":""parameters.birth_rate_pct"",""reference"":null},{""current"":78.0,""path"":""parameters.cohabit_rate_pct"",""reference"":null},{""current"":null,""path"":""parameters.move_rate_pct"",""reference"":8.0},{""current"":12,""path"":""quality.household_size_range.max"",""reference"":8},{""current"":[""age_18_34"",""age_35_64""],""path"":""selection.filters.age_bins"",""reference"":[]},{""current"":""count"",""path"":""selection.sample.mode"",""reference"":""pct""},{""current"":6050,""path"":""selection.sample.value"",""reference"":100.0}]",paper_experiments/results/E2_E6/E2/configs/e2_clean_baseline_linkage_s20260721.yaml,phase2/runs/2026-07-24_e2_family_birth_s20260721_seed20260721,"SHA-256 of sorted UTF-8 name-NUL-fileSHA256-NUL entries for truth_people.parquet, truth_households.parquet, truth_household_memberships.parquet, truth_residence_history.parquet, truth_events.parquet, entity_record_map.csv"
Table II,family_birth,E2,family_birth,20260722,paper_experiments/results/E2_E6/E2/configs/e2_family_birth_s20260722.yaml,fcfbffe7951c43c81b0c49345f2dfee722112f2f290a41c3ed223195c7d463cc,6ecbcf50df15d16e1ef513202efbd3310386a1145d898e7ebaa816d23aaf0e6d,"{""entity_record_map.csv"":""574798eba3f6b75390296738cb563ea246dc5a121aa0123319c02cbcad99c5ff"",""truth_events.parquet"":""00fcdff5a511fbe2a216da2d233042ec4a4dde59ea3d6914b08e02a8dbbfbe8d"",""truth_household_memberships.parquet"":""239fff79a28c2e54ec81fd27a9fe33de5db4c78b87bddf799668fcc9e9b1c7d3"",""truth_households.parquet"":""cd2a00b9828a286716eb0bf647f8a36455e903608fdfd37cd1378517a5300045"",""truth_people.parquet"":""951ce29f0d917dcc0c7cf863d5b36b36c14eb2756ee39439e133a8276bf33b42"",""truth_residence_history.parquet"":""ba359bf989feecbda618d45dc7ba1f43e594adaae11a251d8cf24c7ce94e47e3""}","[{""current"":88.0,""path"":""emission.appearance_A_pct"",""reference"":96.0},{""current"":86.0,""path"":""emission.appearance_B_pct"",""reference"":97.0},{""current"":""many_to_one"",""path"":""emission.crossfile_match_mode"",""reference"":""one_to_one""},{""current"":10.0,""path"":""emission.duplication_in_A_pct"",""reference"":1.0},{""current"":4.0,""path"":""emission.duplication_in_B_pct"",""reference"":2.0},{""current"":0.8,""path"":""emission.noise.A.address_missing_pct"",""reference"":0.1},{""current"":0.4,""path"":""emission.noise.A.dob_shift_pct"",""reference"":0.0},{""current"":20.0,""path"":""emission.noise.A.middle_name_missing_pct"",""reference"":5.0},{""current"":1.0,""path"":""emission.noise.A.name_typo_pct"",""reference"":0.2},{""current"":0.8,""path"":""emission.noise.A.phone_mask_pct"",""reference"":0.1},{""current"":1.5,""path"":""emission.noise.A.ssn_mask_pct"",""reference"":0.2},{""current"":2.2,""path"":""emission.noise.B.address_missing_pct"",""reference"":0.2},{""current"":1.2,""path"":""emission.noise.B.dob_shift_pct"",""reference"":0.2},{""current"":30.0,""path"":""emission.noise.B.middle_name_missing_pct"",""reference"":8.0},{""current"":2.5,""path"":""emission.noise.B.name_typo_pct"",""reference"":0.5},{""current"":3.0,""path"":""emission.noise.B.phone_mask_pct"",""reference"":0.2},{""current"":6.0,""path"":""emission.noise.B.ssn_mask_pct"",""reference"":0.5},{""current"":8.0,""path"":""emission.noise.B.suffix_missing_pct"",""reference"":0.0},{""current"":0.0,""path"":""emission.noise.B.zip_digit_error_pct"",""reference"":0.2},{""current"":72.0,""path"":""emission.overlap_entity_pct"",""reference"":92.0},{""current"":8500,""path"":""emission.record_count_A"",""reference"":null},{""current"":6400,""path"":""emission.record_count_B"",""reference"":null},{""current"":24.0,""path"":""parameters.birth_rate_pct"",""reference"":null},{""current"":78.0,""path"":""parameters.cohabit_rate_pct"",""reference"":null},{""current"":null,""path"":""parameters.move_rate_pct"",""reference"":8.0},{""current"":12,""path"":""quality.household_size_range.max"",""reference"":8},{""current"":[""age_18_34"",""age_35_64""],""path"":""selection.filters.age_bins"",""reference"":[]},{""current"":""count"",""path"":""selection.sample.mode"",""reference"":""pct""},{""current"":6050,""path"":""selection.sample.value"",""reference"":100.0}]",paper_experiments/results/E2_E6/E2/configs/e2_clean_baseline_linkage_s20260722.yaml,phase2/runs/2026-07-24_e2_family_birth_s20260722_seed20260722,"SHA-256 of sorted UTF-8 name-NUL-fileSHA256-NUL entries for truth_people.parquet, truth_households.parquet, truth_household_memberships.parquet, truth_residence_history.parquet, truth_events.parquet, entity_record_map.csv"
Table II,family_birth,E2,family_birth,20260723,paper_experiments/results/E2_E6/E2/configs/e2_family_birth_s20260723.yaml,401c61137ae625f42ef50d3d4533146fb546517bfa4a4aed31e4bf6348755121,3969f5e95b7daface6c77a94680be30b16c239180d5c6e61f0849b0d21bd84da,"{""entity_record_map.csv"":""2e81e78587389e79ac7208bec2069908a75ce5307882c86720b36f80443282bf"",""truth_events.parquet"":""bf9945a9099035f3ab5d09e9351b8c58de3320c5cd3daa958727def20eba88fc"",""truth_household_memberships.parquet"":""4d124ed36a45aa0066b1eefc7e5216caacdc7806206e6d690c91255f9538a46c"",""truth_households.parquet"":""aaaac312419112bb84330edd57feca8e39593978908f670d7357ffbda7c9c02a"",""truth_people.parquet"":""30b910f6aa26ea0096f7d3503bed3a3708bb111241e8234ff11b6a595c769700"",""truth_residence_history.parquet"":""7042abdc5ba0fa9ab3db43f4d8918704bec68f444d626d46f69727872c3cdc2e""}","[{""current"":88.0,""path"":""emission.appearance_A_pct"",""reference"":96.0},{""current"":86.0,""path"":""emission.appearance_B_pct"",""reference"":97.0},{""current"":""many_to_one"",""path"":""emission.crossfile_match_mode"",""reference"":""one_to_one""},{""current"":10.0,""path"":""emission.duplication_in_A_pct"",""reference"":1.0},{""current"":4.0,""path"":""emission.duplication_in_B_pct"",""reference"":2.0},{""current"":0.8,""path"":""emission.noise.A.address_missing_pct"",""reference"":0.1},{""current"":0.4,""path"":""emission.noise.A.dob_shift_pct"",""reference"":0.0},{""current"":20.0,""path"":""emission.noise.A.middle_name_missing_pct"",""reference"":5.0},{""current"":1.0,""path"":""emission.noise.A.name_typo_pct"",""reference"":0.2},{""current"":0.8,""path"":""emission.noise.A.phone_mask_pct"",""reference"":0.1},{""current"":1.5,""path"":""emission.noise.A.ssn_mask_pct"",""reference"":0.2},{""current"":2.2,""path"":""emission.noise.B.address_missing_pct"",""reference"":0.2},{""current"":1.2,""path"":""emission.noise.B.dob_shift_pct"",""reference"":0.2},{""current"":30.0,""path"":""emission.noise.B.middle_name_missing_pct"",""reference"":8.0},{""current"":2.5,""path"":""emission.noise.B.name_typo_pct"",""reference"":0.5},{""current"":3.0,""path"":""emission.noise.B.phone_mask_pct"",""reference"":0.2},{""current"":6.0,""path"":""emission.noise.B.ssn_mask_pct"",""reference"":0.5},{""current"":8.0,""path"":""emission.noise.B.suffix_missing_pct"",""reference"":0.0},{""current"":0.0,""path"":""emission.noise.B.zip_digit_error_pct"",""reference"":0.2},{""current"":72.0,""path"":""emission.overlap_entity_pct"",""reference"":92.0},{""current"":8500,""path"":""emission.record_count_A"",""reference"":null},{""current"":6400,""path"":""emission.record_count_B"",""reference"":null},{""current"":24.0,""path"":""parameters.birth_rate_pct"",""reference"":null},{""current"":78.0,""path"":""parameters.cohabit_rate_pct"",""reference"":null},{""current"":null,""path"":""parameters.move_rate_pct"",""reference"":8.0},{""current"":12,""path"":""quality.household_size_range.max"",""reference"":8},{""current"":[""age_18_34"",""age_35_64""],""path"":""selection.filters.age_bins"",""reference"":[]},{""current"":""count"",""path"":""selection.sample.mode"",""reference"":""pct""},{""current"":6050,""path"":""selection.sample.value"",""reference"":100.0}]",paper_experiments/results/E2_E6/E2/configs/e2_clean_baseline_linkage_s20260723.yaml,phase2/runs/2026-07-24_e2_family_birth_s20260723_seed20260723,"SHA-256 of sorted UTF-8 name-NUL-fileSHA256-NUL entries for truth_people.parquet, truth_households.parquet, truth_household_memberships.parquet, truth_residence_history.parquet, truth_events.parquet, entity_record_map.csv"
Table II,family_birth,E2,family_birth,20260724,paper_experiments/results/E2_E6/E2/configs/e2_family_birth_s20260724.yaml,cdd1669568cdfd576b1d31a8b30365048bfa614a038bfbe86877f35bf18daee0,753b56f88f32fff3ba9fb1b0a0f7ce6cc5b9c3168c511fe9bbdbbe1720a155bd,"{""entity_record_map.csv"":""4d07455b8bf6c55de388d41c4a9532d3ef07a14ef02f3e975d46710b85690739"",""truth_events.parquet"":""f639d41edbe97658544c3629ef6a9b7110e7b10446a1610a80bf1d8890aab78b"",""truth_household_memberships.parquet"":""08ebc0f7cd5446c568acb194e12442b61c3a7d566b7963c1a7342aa560b8fc65"",""truth_households.parquet"":""1c2ee84f7d6b893835ef34f1923dc2c2dfca98fad5d24a44eddc88557aae2dc8"",""truth_people.parquet"":""0a3c599bc0fbf62b831c99ec9f1a0af21fbd51927cf058f920c1ffd4a0e82c7b"",""truth_residence_history.parquet"":""e0768d85d273abd1ae047acf983ab9b19ca1b532522ff8f1806450de4f971c41""}","[{""current"":88.0,""path"":""emission.appearance_A_pct"",""reference"":96.0},{""current"":86.0,""path"":""emission.appearance_B_pct"",""reference"":97.0},{""current"":""many_to_one"",""path"":""emission.crossfile_match_mode"",""reference"":""one_to_one""},{""current"":10.0,""path"":""emission.duplication_in_A_pct"",""reference"":1.0},{""current"":4.0,""path"":""emission.duplication_in_B_pct"",""reference"":2.0},{""current"":0.8,""path"":""emission.noise.A.address_missing_pct"",""reference"":0.1},{""current"":0.4,""path"":""emission.noise.A.dob_shift_pct"",""reference"":0.0},{""current"":20.0,""path"":""emission.noise.A.middle_name_missing_pct"",""reference"":5.0},{""current"":1.0,""path"":""emission.noise.A.name_typo_pct"",""reference"":0.2},{""current"":0.8,""path"":""emission.noise.A.phone_mask_pct"",""reference"":0.1},{""current"":1.5,""path"":""emission.noise.A.ssn_mask_pct"",""reference"":0.2},{""current"":2.2,""path"":""emission.noise.B.address_missing_pct"",""reference"":0.2},{""current"":1.2,""path"":""emission.noise.B.dob_shift_pct"",""reference"":0.2},{""current"":30.0,""path"":""emission.noise.B.middle_name_missing_pct"",""reference"":8.0},{""current"":2.5,""path"":""emission.noise.B.name_typo_pct"",""reference"":0.5},{""current"":3.0,""path"":""emission.noise.B.phone_mask_pct"",""reference"":0.2},{""current"":6.0,""path"":""emission.noise.B.ssn_mask_pct"",""reference"":0.5},{""current"":8.0,""path"":""emission.noise.B.suffix_missing_pct"",""reference"":0.0},{""current"":0.0,""path"":""emission.noise.B.zip_digit_error_pct"",""reference"":0.2},{""current"":72.0,""path"":""emission.overlap_entity_pct"",""reference"":92.0},{""current"":8500,""path"":""emission.record_count_A"",""reference"":null},{""current"":6400,""path"":""emission.record_count_B"",""reference"":null},{""current"":24.0,""path"":""parameters.birth_rate_pct"",""reference"":null},{""current"":78.0,""path"":""parameters.cohabit_rate_pct"",""reference"":null},{""current"":null,""path"":""parameters.move_rate_pct"",""reference"":8.0},{""current"":12,""path"":""quality.household_size_range.max"",""reference"":8},{""current"":[""age_18_34"",""age_35_64""],""path"":""selection.filters.age_bins"",""reference"":[]},{""current"":""count"",""path"":""selection.sample.mode"",""reference"":""pct""},{""current"":6050,""path"":""selection.sample.value"",""reference"":100.0}]",paper_experiments/results/E2_E6/E2/configs/e2_clean_baseline_linkage_s20260724.yaml,phase2/runs/2026-07-24_e2_family_birth_s20260724_seed20260724,"SHA-256 of sorted UTF-8 name-NUL-fileSHA256-NUL entries for truth_people.parquet, truth_households.parquet, truth_household_memberships.parquet, truth_residence_history.parquet, truth_events.parquet, entity_record_map.csv"
Table II,family_birth,E2,family_birth,20260725,paper_experiments/results/E2_E6/E2/configs/e2_family_birth_s20260725.yaml,fcce0e14804a5e6438f770d23a3c91dd50349833d2a473a9d8215060479d73c6,9e815cb6308de30d0237ea7a607c93ff73cc3f4fafd38a5dd87fdd788640c2f0,"{""entity_record_map.csv"":""38cc56c93cd5c3d93fc81143f3a9173947d6cfcf45d645d906d09619dd0b52b1"",""truth_events.parquet"":""6890c5a7ee370e777d5030d0471f0eeab113835998f410d9a0a15577caae3685"",""truth_household_memberships.parquet"":""43e41d6a17f72c378e8fc0cbe45e00e22f0150ad86960284c8416916336c61bc"",""truth_households.parquet"":""4a8e8480f335329484a36515514dc97f200220d0f32033d5717dcb732cbe9106"",""truth_people.parquet"":""9911acbc9ff1004c1061e91d019d6a531306213e3c18a4ae98ef85c782808a4c"",""truth_residence_history.parquet"":""95ec45925cf8beb91fc3f5d462a70c2c3b6136fe43488993ca79789f096abc5b""}","[{""current"":88.0,""path"":""emission.appearance_A_pct"",""reference"":96.0},{""current"":86.0,""path"":""emission.appearance_B_pct"",""reference"":97.0},{""current"":""many_to_one"",""path"":""emission.crossfile_match_mode"",""reference"":""one_to_one""},{""current"":10.0,""path"":""emission.duplication_in_A_pct"",""reference"":1.0},{""current"":4.0,""path"":""emission.duplication_in_B_pct"",""reference"":2.0},{""current"":0.8,""path"":""emission.noise.A.address_missing_pct"",""reference"":0.1},{""current"":0.4,""path"":""emission.noise.A.dob_shift_pct"",""reference"":0.0},{""current"":20.0,""path"":""emission.noise.A.middle_name_missing_pct"",""reference"":5.0},{""current"":1.0,""path"":""emission.noise.A.name_typo_pct"",""reference"":0.2},{""current"":0.8,""path"":""emission.noise.A.phone_mask_pct"",""reference"":0.1},{""current"":1.5,""path"":""emission.noise.A.ssn_mask_pct"",""reference"":0.2},{""current"":2.2,""path"":""emission.noise.B.address_missing_pct"",""reference"":0.2},{""current"":1.2,""path"":""emission.noise.B.dob_shift_pct"",""reference"":0.2},{""current"":30.0,""path"":""emission.noise.B.middle_name_missing_pct"",""reference"":8.0},{""current"":2.5,""path"":""emission.noise.B.name_typo_pct"",""reference"":0.5},{""current"":3.0,""path"":""emission.noise.B.phone_mask_pct"",""reference"":0.2},{""current"":6.0,""path"":""emission.noise.B.ssn_mask_pct"",""reference"":0.5},{""current"":8.0,""path"":""emission.noise.B.suffix_missing_pct"",""reference"":0.0},{""current"":0.0,""path"":""emission.noise.B.zip_digit_error_pct"",""reference"":0.2},{""current"":72.0,""path"":""emission.overlap_entity_pct"",""reference"":92.0},{""current"":8500,""path"":""emission.record_count_A"",""reference"":null},{""current"":6400,""path"":""emission.record_count_B"",""reference"":null},{""current"":24.0,""path"":""parameters.birth_rate_pct"",""reference"":null},{""current"":78.0,""path"":""parameters.cohabit_rate_pct"",""reference"":null},{""current"":null,""path"":""parameters.move_rate_pct"",""reference"":8.0},{""current"":12,""path"":""quality.household_size_range.max"",""reference"":8},{""current"":[""age_18_34"",""age_35_64""],""path"":""selection.filters.age_bins"",""reference"":[]},{""current"":""count"",""path"":""selection.sample.mode"",""reference"":""pct""},{""current"":6050,""path"":""selection.sample.value"",""reference"":100.0}]",paper_experiments/results/E2_E6/E2/configs/e2_clean_baseline_linkage_s20260725.yaml,phase2/runs/2026-07-24_e2_family_birth_s20260725_seed20260725,"SHA-256 of sorted UTF-8 name-NUL-fileSHA256-NUL entries for truth_people.parquet, truth_households.parquet, truth_household_memberships.parquet, truth_residence_history.parquet, truth_events.parquet, entity_record_map.csv"
Table II,family_birth,E2,family_birth,20260726,paper_experiments/results/E2_E6/E2/configs/e2_family_birth_s20260726.yaml,54681ae0b9b366c02df22f3af593021b55921e7030200c53ae7582fd90aa4c98,9c5a5211485fd9fcf910fe95ac4040e6c208aca10d881de6d69fc2046e0b8373,"{""entity_record_map.csv"":""5860557617219c44f5fa2b6263bb181d2206615d60e01a81514487858f1dbcda"",""truth_events.parquet"":""5a9448200ee2534d96a050d0b22694946dbdbd0c3a6423b4528850f57b53acd5"",""truth_household_memberships.parquet"":""94b0a6f98064b373b5a067d0e536753460942625686e700e9733368df5489b41"",""truth_households.parquet"":""51ff77bfd216e02f0c7fb8098f6e8eaceae2d0b4c121d36eb1b64fe98c91444a"",""truth_people.parquet"":""f3bdd704304f7927e3df76139861d6a236225df4b29ca1c5fc6d2350d8d9f0ba"",""truth_residence_history.parquet"":""0b8ac4e670fd9f85c656d805452397e2e66907d101bcd9f2cd40b6162af7bb76""}","[{""current"":88.0,""path"":""emission.appearance_A_pct"",""reference"":96.0},{""current"":86.0,""path"":""emission.appearance_B_pct"",""reference"":97.0},{""current"":""many_to_one"",""path"":""emission.crossfile_match_mode"",""reference"":""one_to_one""},{""current"":10.0,""path"":""emission.duplication_in_A_pct"",""reference"":1.0},{""current"":4.0,""path"":""emission.duplication_in_B_pct"",""reference"":2.0},{""current"":0.8,""path"":""emission.noise.A.address_missing_pct"",""reference"":0.1},{""current"":0.4,""path"":""emission.noise.A.dob_shift_pct"",""reference"":0.0},{""current"":20.0,""path"":""emission.noise.A.middle_name_missing_pct"",""reference"":5.0},{""current"":1.0,""path"":""emission.noise.A.name_typo_pct"",""reference"":0.2},{""current"":0.8,""path"":""emission.noise.A.phone_mask_pct"",""reference"":0.1},{""current"":1.5,""path"":""emission.noise.A.ssn_mask_pct"",""reference"":0.2},{""current"":2.2,""path"":""emission.noise.B.address_missing_pct"",""reference"":0.2},{""current"":1.2,""path"":""emission.noise.B.dob_shift_pct"",""reference"":0.2},{""current"":30.0,""path"":""emission.noise.B.middle_name_missing_pct"",""reference"":8.0},{""current"":2.5,""path"":""emission.noise.B.name_typo_pct"",""reference"":0.5},{""current"":3.0,""path"":""emission.noise.B.phone_mask_pct"",""reference"":0.2},{""current"":6.0,""path"":""emission.noise.B.ssn_mask_pct"",""reference"":0.5},{""current"":8.0,""path"":""emission.noise.B.suffix_missing_pct"",""reference"":0.0},{""current"":0.0,""path"":""emission.noise.B.zip_digit_error_pct"",""reference"":0.2},{""current"":72.0,""path"":""emission.overlap_entity_pct"",""reference"":92.0},{""current"":8500,""path"":""emission.record_count_A"",""reference"":null},{""current"":6400,""path"":""emission.record_count_B"",""reference"":null},{""current"":24.0,""path"":""parameters.birth_rate_pct"",""reference"":null},{""current"":78.0,""path"":""parameters.cohabit_rate_pct"",""reference"":null},{""current"":null,""path"":""parameters.move_rate_pct"",""reference"":8.0},{""current"":12,""path"":""quality.household_size_range.max"",""reference"":8},{""current"":[""age_18_34"",""age_35_64""],""path"":""selection.filters.age_bins"",""reference"":[]},{""current"":""count"",""path"":""selection.sample.mode"",""reference"":""pct""},{""current"":6050,""path"":""selection.sample.value"",""reference"":100.0}]",paper_experiments/results/E2_E6/E2/configs/e2_clean_baseline_linkage_s20260726.yaml,phase2/runs/2026-07-24_e2_family_birth_s20260726_seed20260726,"SHA-256 of sorted UTF-8 name-NUL-fileSHA256-NUL entries for truth_people.parquet, truth_households.parquet, truth_household_memberships.parquet, truth_residence_history.parquet, truth_events.parquet, entity_record_map.csv"
Table II,family_birth,E2,family_birth,20260727,paper_experiments/results/E2_E6/E2/configs/e2_family_birth_s20260727.yaml,8df797aabeca949681dd581967b742963c531f0a967fddecfe8570497492c0c3,e1c5bd0d5bd2866a3b4ce53fc5232c14733f77813cf9ee4b2f9db90154507256,"{""entity_record_map.csv"":""86bed3cf88e03630bf3c4adf48e61d421f3c85007c511ead014c736374e14d95"",""truth_events.parquet"":""582f12d06c3b2ed701a24da0bd9c3d43f2e869f02e1456b40828a13a904ef130"",""truth_household_memberships.parquet"":""92a442d3a49c34daed4f17faf9f6a1d2f3390efd8c90a3411a47d0e03c99a7ee"",""truth_households.parquet"":""565381379f464214a02db8911ccd256802b0f3cbb73df366042f80946eb94b8b"",""truth_people.parquet"":""a9710c01ade18d24cdba5178dfecfd8f4969c79eed4f479e4ce54734732313ca"",""truth_residence_history.parquet"":""de0f3644bce0a5bd4d63330e1659d4f4ded7e3efe8e33b8339c35bbb7c727eef""}","[{""current"":88.0,""path"":""emission.appearance_A_pct"",""reference"":96.0},{""current"":86.0,""path"":""emission.appearance_B_pct"",""reference"":97.0},{""current"":""many_to_one"",""path"":""emission.crossfile_match_mode"",""reference"":""one_to_one""},{""current"":10.0,""path"":""emission.duplication_in_A_pct"",""reference"":1.0},{""current"":4.0,""path"":""emission.duplication_in_B_pct"",""reference"":2.0},{""current"":0.8,""path"":""emission.noise.A.address_missing_pct"",""reference"":0.1},{""current"":0.4,""path"":""emission.noise.A.dob_shift_pct"",""reference"":0.0},{""current"":20.0,""path"":""emission.noise.A.middle_name_missing_pct"",""reference"":5.0},{""current"":1.0,""path"":""emission.noise.A.name_typo_pct"",""reference"":0.2},{""current"":0.8,""path"":""emission.noise.A.phone_mask_pct"",""reference"":0.1},{""current"":1.5,""path"":""emission.noise.A.ssn_mask_pct"",""reference"":0.2},{""current"":2.2,""path"":""emission.noise.B.address_missing_pct"",""reference"":0.2},{""current"":1.2,""path"":""emission.noise.B.dob_shift_pct"",""reference"":0.2},{""current"":30.0,""path"":""emission.noise.B.middle_name_missing_pct"",""reference"":8.0},{""current"":2.5,""path"":""emission.noise.B.name_typo_pct"",""reference"":0.5},{""current"":3.0,""path"":""emission.noise.B.phone_mask_pct"",""reference"":0.2},{""current"":6.0,""path"":""emission.noise.B.ssn_mask_pct"",""reference"":0.5},{""current"":8.0,""path"":""emission.noise.B.suffix_missing_pct"",""reference"":0.0},{""current"":0.0,""path"":""emission.noise.B.zip_digit_error_pct"",""reference"":0.2},{""current"":72.0,""path"":""emission.overlap_entity_pct"",""reference"":92.0},{""current"":8500,""path"":""emission.record_count_A"",""reference"":null},{""current"":6400,""path"":""emission.record_count_B"",""reference"":null},{""current"":24.0,""path"":""parameters.birth_rate_pct"",""reference"":null},{""current"":78.0,""path"":""parameters.cohabit_rate_pct"",""reference"":null},{""current"":null,""path"":""parameters.move_rate_pct"",""reference"":8.0},{""current"":12,""path"":""quality.household_size_range.max"",""reference"":8},{""current"":[""age_18_34"",""age_35_64""],""path"":""selection.filters.age_bins"",""reference"":[]},{""current"":""count"",""path"":""selection.sample.mode"",""reference"":""pct""},{""current"":6050,""path"":""selection.sample.value"",""reference"":100.0}]",paper_experiments/results/E2_E6/E2/configs/e2_clean_baseline_linkage_s20260727.yaml,phase2/runs/2026-07-24_e2_family_birth_s20260727_seed20260727,"SHA-256 of sorted UTF-8 name-NUL-fileSHA256-NUL entries for truth_people.parquet, truth_households.parquet, truth_household_memberships.parquet, truth_residence_history.parquet, truth_events.parquet, entity_record_map.csv"
Table II,family_birth,E2,family_birth,20260728,paper_experiments/results/E2_E6/E2/configs/e2_family_birth_s20260728.yaml,08d83d5afc615d58ad943eae55499c9bc87fe26337ad74f389eec53e66282efc,9046ab1c16bc5ecdf3a64f7bdf994e8075050efdbd941971e8c84c5ba87ee52a,"{""entity_record_map.csv"":""3367f9f6ae0403728855fc03d7cde8238066065944b79adb30554e511d8791f1"",""truth_events.parquet"":""4a221fae793c3845dfae180402fb5a4d0f605eee083709a5d0767c7912b3d9bf"",""truth_household_memberships.parquet"":""0a4c94aa0795e2048f0398ce55e0bb63baf02f9db6f8a9a90af50a2faa21a1e8"",""truth_households.parquet"":""bb6541b06bdf8bcb394a385ef98bad4b23cb10ba2b0d21f00b5e63e1b0916208"",""truth_people.parquet"":""7e671a4fcc57a4bb7b3587be57dfaae9c3dcd268bd1b3de1e67ce24a9f54535e"",""truth_residence_history.parquet"":""261a4ad0e4f39aaca7acaeaa4d6e51342bafa729c04495f4dca9663a8cdbaa73""}","[{""current"":88.0,""path"":""emission.appearance_A_pct"",""reference"":96.0},{""current"":86.0,""path"":""emission.appearance_B_pct"",""reference"":97.0},{""current"":""many_to_one"",""path"":""emission.crossfile_match_mode"",""reference"":""one_to_one""},{""current"":10.0,""path"":""emission.duplication_in_A_pct"",""reference"":1.0},{""current"":4.0,""path"":""emission.duplication_in_B_pct"",""reference"":2.0},{""current"":0.8,""path"":""emission.noise.A.address_missing_pct"",""reference"":0.1},{""current"":0.4,""path"":""emission.noise.A.dob_shift_pct"",""reference"":0.0},{""current"":20.0,""path"":""emission.noise.A.middle_name_missing_pct"",""reference"":5.0},{""current"":1.0,""path"":""emission.noise.A.name_typo_pct"",""reference"":0.2},{""current"":0.8,""path"":""emission.noise.A.phone_mask_pct"",""reference"":0.1},{""current"":1.5,""path"":""emission.noise.A.ssn_mask_pct"",""reference"":0.2},{""current"":2.2,""path"":""emission.noise.B.address_missing_pct"",""reference"":0.2},{""current"":1.2,""path"":""emission.noise.B.dob_shift_pct"",""reference"":0.2},{""current"":30.0,""path"":""emission.noise.B.middle_name_missing_pct"",""reference"":8.0},{""current"":2.5,""path"":""emission.noise.B.name_typo_pct"",""reference"":0.5},{""current"":3.0,""path"":""emission.noise.B.phone_mask_pct"",""reference"":0.2},{""current"":6.0,""path"":""emission.noise.B.ssn_mask_pct"",""reference"":0.5},{""current"":8.0,""path"":""emission.noise.B.suffix_missing_pct"",""reference"":0.0},{""current"":0.0,""path"":""emission.noise.B.zip_digit_error_pct"",""reference"":0.2},{""current"":72.0,""path"":""emission.overlap_entity_pct"",""reference"":92.0},{""current"":8500,""path"":""emission.record_count_A"",""reference"":null},{""current"":6400,""path"":""emission.record_count_B"",""reference"":null},{""current"":24.0,""path"":""parameters.birth_rate_pct"",""reference"":null},{""current"":78.0,""path"":""parameters.cohabit_rate_pct"",""reference"":null},{""current"":null,""path"":""parameters.move_rate_pct"",""reference"":8.0},{""current"":12,""path"":""quality.household_size_range.max"",""reference"":8},{""current"":[""age_18_34"",""age_35_64""],""path"":""selection.filters.age_bins"",""reference"":[]},{""current"":""count"",""path"":""selection.sample.mode"",""reference"":""pct""},{""current"":6050,""path"":""selection.sample.value"",""reference"":100.0}]",paper_experiments/results/E2_E6/E2/configs/e2_clean_baseline_linkage_s20260728.yaml,phase2/runs/2026-07-24_e2_family_birth_s20260728_seed20260728,"SHA-256 of sorted UTF-8 name-NUL-fileSHA256-NUL entries for truth_people.parquet, truth_households.parquet, truth_household_memberships.parquet, truth_residence_history.parquet, truth_events.parquet, entity_record_map.csv"
Table II,family_birth,E2,family_birth,20260729,paper_experiments/results/E2_E6/E2/configs/e2_family_birth_s20260729.yaml,2c31bc014566c810f406da659e0c7fdc78e2012a78c8c60d7cdaaee115f8e01e,f9dd1cc89a4c14fbb5437e86923e32d24636019ba374d5d224d36378ab76f43d,"{""entity_record_map.csv"":""ec2184e53c405cd4871193aeb3163debd4b60fd18eef2541ff8896f0a7e6b284"",""truth_events.parquet"":""696cd876f13a3361e298c3e21110d23e3fa9068b26e06eefbb56ceff79903569"",""truth_household_memberships.parquet"":""98393314af3cc97297f3d7b3cb87d628d282e94824dbc2069446dc3200130304"",""truth_households.parquet"":""8fff127c3355d61d02ddf09ff6d859d76ce68095ee870c217cbba59e3034bd44"",""truth_people.parquet"":""87fb01bade0d7259ec70d079880432c11bf0865e5b3cb7c07c3c99d74d531bc3"",""truth_residence_history.parquet"":""6279c07963eb4bc03f1b5fe12b72ee0adab8ef8724147485edf38de20677d4a7""}","[{""current"":88.0,""path"":""emission.appearance_A_pct"",""reference"":96.0},{""current"":86.0,""path"":""emission.appearance_B_pct"",""reference"":97.0},{""current"":""many_to_one"",""path"":""emission.crossfile_match_mode"",""reference"":""one_to_one""},{""current"":10.0,""path"":""emission.duplication_in_A_pct"",""reference"":1.0},{""current"":4.0,""path"":""emission.duplication_in_B_pct"",""reference"":2.0},{""current"":0.8,""path"":""emission.noise.A.address_missing_pct"",""reference"":0.1},{""current"":0.4,""path"":""emission.noise.A.dob_shift_pct"",""reference"":0.0},{""current"":20.0,""path"":""emission.noise.A.middle_name_missing_pct"",""reference"":5.0},{""current"":1.0,""path"":""emission.noise.A.name_typo_pct"",""reference"":0.2},{""current"":0.8,""path"":""emission.noise.A.phone_mask_pct"",""reference"":0.1},{""current"":1.5,""path"":""emission.noise.A.ssn_mask_pct"",""reference"":0.2},{""current"":2.2,""path"":""emission.noise.B.address_missing_pct"",""reference"":0.2},{""current"":1.2,""path"":""emission.noise.B.dob_shift_pct"",""reference"":0.2},{""current"":30.0,""path"":""emission.noise.B.middle_name_missing_pct"",""reference"":8.0},{""current"":2.5,""path"":""emission.noise.B.name_typo_pct"",""reference"":0.5},{""current"":3.0,""path"":""emission.noise.B.phone_mask_pct"",""reference"":0.2},{""current"":6.0,""path"":""emission.noise.B.ssn_mask_pct"",""reference"":0.5},{""current"":8.0,""path"":""emission.noise.B.suffix_missing_pct"",""reference"":0.0},{""current"":0.0,""path"":""emission.noise.B.zip_digit_error_pct"",""reference"":0.2},{""current"":72.0,""path"":""emission.overlap_entity_pct"",""reference"":92.0},{""current"":8500,""path"":""emission.record_count_A"",""reference"":null},{""current"":6400,""path"":""emission.record_count_B"",""reference"":null},{""current"":24.0,""path"":""parameters.birth_rate_pct"",""reference"":null},{""current"":78.0,""path"":""parameters.cohabit_rate_pct"",""reference"":null},{""current"":null,""path"":""parameters.move_rate_pct"",""reference"":8.0},{""current"":12,""path"":""quality.household_size_range.max"",""reference"":8},{""current"":[""age_18_34"",""age_35_64""],""path"":""selection.filters.age_bins"",""reference"":[]},{""current"":""count"",""path"":""selection.sample.mode"",""reference"":""pct""},{""current"":6050,""path"":""selection.sample.value"",""reference"":100.0}]",paper_experiments/results/E2_E6/E2/configs/e2_clean_baseline_linkage_s20260729.yaml,phase2/runs/2026-07-24_e2_family_birth_s20260729_seed20260729,"SHA-256 of sorted UTF-8 name-NUL-fileSHA256-NUL entries for truth_people.parquet, truth_households.parquet, truth_household_memberships.parquet, truth_residence_history.parquet, truth_events.parquet, entity_record_map.csv"
Table II,high_duplication_dedup,E2,high_duplication_dedup,20260720,paper_experiments/results/E2_E6/E2/configs/e2_high_duplication_dedup_s20260720.yaml,289efadd320fd0e0968abab8b967845bc80b6cc7a5df3d4e2414c3739793cb15,7ee6b42b632384a054249227c60e0abed338352e837be8d192625b3e7d230b62,"{""entity_record_map.csv"":""20ae30e3e06afb6ccc1ea02611d5895471ebdd7ca83610dad987d667b2d38cab"",""truth_events.parquet"":""00f447b60c839c76ddd019ea158c5f099765f705cd083d08e1af3b8f8fc5c838"",""truth_household_memberships.parquet"":""e9ee0e4b37fa57f145b81aff781bf82fd0dac08cdba7bdfaaad02ea9552cd08d"",""truth_households.parquet"":""3592c8c3a12177d77b248c6fca89bcae1d4354fc473ce0df5bae8251dfd12f24"",""truth_people.parquet"":""8f82e60abc92d97eff599d68416e532096ffbb435fac1f8878f0f8f5320d0828"",""truth_residence_history.parquet"":""9eb1f92e0e17b1031ab2e8c3182b1efbb8f3a6f4e256db22c9e18898370b7236""}","[{""current"":null,""path"":""emission.appearance_A_pct"",""reference"":96.0},{""current"":null,""path"":""emission.appearance_B_pct"",""reference"":97.0},{""current"":""single_dataset"",""path"":""emission.crossfile_match_mode"",""reference"":""one_to_one""},{""current"":[{""appearance_pct"":100.0,""dataset_id"":""registry"",""duplication_pct"":68.0,""filename"":""observed_registry.csv"",""noise"":{""address_missing_pct"":1.5,""date_swap_pct"":1.0,""dob_shift_pct"":1.0,""middle_name_missing_pct"":25.0,""name_typo_pct"":3.0,""nickname_pct"":4.0,""ocr_error_pct"":2.0,""phone_mask_pct"":2.0,""phonetic_error_pct"":2.0,""ssn_mask_pct"":3.0,""suffix_missing_pct"":2.0,""zip_digit_error_pct"":1.5},""snapshot"":""simulation_end""}],""path"":""emission.datasets"",""reference"":null},{""current"":null,""path"":""emission.duplication_in_A_pct"",""reference"":1.0},{""current"":null,""path"":""emission.duplication_in_B_pct"",""reference"":2.0},{""current"":null,""path"":""emission.noise.A.address_missing_pct"",""reference"":0.1},{""current"":null,""path"":""emission.noise.A.date_swap_pct"",""reference"":0.0},{""current"":null,""path"":""emission.noise.A.dob_shift_pct"",""reference"":0.0},{""current"":null,""path"":""emission.noise.A.middle_name_missing_pct"",""reference"":5.0},{""current"":null,""path"":""emission.noise.A.name_typo_pct"",""reference"":0.2},{""current"":null,""path"":""emission.noise.A.nickname_pct"",""reference"":0.0},{""current"":null,""path"":""emission.noise.A.ocr_error_pct"",""reference"":0.0},{""current"":null,""path"":""emission.noise.A.phone_mask_pct"",""reference"":0.1},{""current"":null,""path"":""emission.noise.A.phonetic_error_pct"",""reference"":0.0},{""current"":null,""path"":""emission.noise.A.ssn_mask_pct"",""reference"":0.2},{""current"":null,""path"":""emission.noise.A.suffix_missing_pct"",""reference"":0.0},{""current"":null,""path"":""emission.noise.A.zip_digit_error_pct"",""reference"":0.0},{""current"":null,""path"":""emission.noise.B.address_missing_pct"",""reference"":0.2},{""current"":null,""path"":""emission.noise.B.date_swap_pct"",""reference"":0.0},{""current"":null,""path"":""emission.noise.B.dob_shift_pct"",""reference"":0.2},{""current"":null,""path"":""emission.noise.B.middle_name_missing_pct"",""reference"":8.0},{""current"":null,""path"":""emission.noise.B.name_typo_pct"",""reference"":0.5},{""current"":null,""path"":""emission.noise.B.nickname_pct"",""reference"":0.0},{""current"":null,""path"":""emission.noise.B.ocr_error_pct"",""reference"":0.0},{""current"":null,""path"":""emission.noise.B.phone_mask_pct"",""reference"":0.2},{""current"":null,""path"":""emission.noise.B.phonetic_error_pct"",""reference"":0.0},{""current"":null,""path"":""emission.noise.B.ssn_mask_pct"",""reference"":0.5},{""current"":null,""path"":""emission.noise.B.suffix_missing_pct"",""reference"":0.0},{""current"":null,""path"":""emission.noise.B.zip_digit_error_pct"",""reference"":0.2},{""current"":null,""path"":""emission.overlap_entity_pct"",""reference"":92.0},{""current"":6.0,""path"":""parameters.move_rate_pct"",""reference"":8.0}]",paper_experiments/results/E2_E6/E2/configs/e2_clean_baseline_linkage_s20260720.yaml,phase2/runs/2026-07-24_e2_high_duplication_dedup_s20260720_seed20260720,"SHA-256 of sorted UTF-8 name-NUL-fileSHA256-NUL entries for truth_people.parquet, truth_households.parquet, truth_household_memberships.parquet, truth_residence_history.parquet, truth_events.parquet, entity_record_map.csv"
Table II,high_duplication_dedup,E2,high_duplication_dedup,20260721,paper_experiments/results/E2_E6/E2/configs/e2_high_duplication_dedup_s20260721.yaml,497a4bc10c399f020af1e4617233e6e8d8e762b863b5ed50f21ad25cccb68872,9913428e25628e6eab8bf7e53bc736866b77383e05c6d19fa2f4d132293d7469,"{""entity_record_map.csv"":""125ad15295d7280b09c2f0dadd681c7c513a82063daa1d7eb4b2b4ec6747d3b0"",""truth_events.parquet"":""67c9e3e315df5eabbc65b0ae73de169d2aa64bd2d0d42581b498641c16c4abc6"",""truth_household_memberships.parquet"":""10910b3f00f6556e115cf82e69ef71737fc1a3f83b25316dfc40aa161ff2847c"",""truth_households.parquet"":""3592c8c3a12177d77b248c6fca89bcae1d4354fc473ce0df5bae8251dfd12f24"",""truth_people.parquet"":""858062d8aa3fccea23735593aa8f1cfa94c661a967b7e81fe0b19157638ac721"",""truth_residence_history.parquet"":""4eec16db1b4cfadcc3667a9b6ca851a449c1941726dbd8a6792640971cc860c3""}","[{""current"":null,""path"":""emission.appearance_A_pct"",""reference"":96.0},{""current"":null,""path"":""emission.appearance_B_pct"",""reference"":97.0},{""current"":""single_dataset"",""path"":""emission.crossfile_match_mode"",""reference"":""one_to_one""},{""current"":[{""appearance_pct"":100.0,""dataset_id"":""registry"",""duplication_pct"":68.0,""filename"":""observed_registry.csv"",""noise"":{""address_missing_pct"":1.5,""date_swap_pct"":1.0,""dob_shift_pct"":1.0,""middle_name_missing_pct"":25.0,""name_typo_pct"":3.0,""nickname_pct"":4.0,""ocr_error_pct"":2.0,""phone_mask_pct"":2.0,""phonetic_error_pct"":2.0,""ssn_mask_pct"":3.0,""suffix_missing_pct"":2.0,""zip_digit_error_pct"":1.5},""snapshot"":""simulation_end""}],""path"":""emission.datasets"",""reference"":null},{""current"":null,""path"":""emission.duplication_in_A_pct"",""reference"":1.0},{""current"":null,""path"":""emission.duplication_in_B_pct"",""reference"":2.0},{""current"":null,""path"":""emission.noise.A.address_missing_pct"",""reference"":0.1},{""current"":null,""path"":""emission.noise.A.date_swap_pct"",""reference"":0.0},{""current"":null,""path"":""emission.noise.A.dob_shift_pct"",""reference"":0.0},{""current"":null,""path"":""emission.noise.A.middle_name_missing_pct"",""reference"":5.0},{""current"":null,""path"":""emission.noise.A.name_typo_pct"",""reference"":0.2},{""current"":null,""path"":""emission.noise.A.nickname_pct"",""reference"":0.0},{""current"":null,""path"":""emission.noise.A.ocr_error_pct"",""reference"":0.0},{""current"":null,""path"":""emission.noise.A.phone_mask_pct"",""reference"":0.1},{""current"":null,""path"":""emission.noise.A.phonetic_error_pct"",""reference"":0.0},{""current"":null,""path"":""emission.noise.A.ssn_mask_pct"",""reference"":0.2},{""current"":null,""path"":""emission.noise.A.suffix_missing_pct"",""reference"":0.0},{""current"":null,""path"":""emission.noise.A.zip_digit_error_pct"",""reference"":0.0},{""current"":null,""path"":""emission.noise.B.address_missing_pct"",""reference"":0.2},{""current"":null,""path"":""emission.noise.B.date_swap_pct"",""reference"":0.0},{""current"":null,""path"":""emission.noise.B.dob_shift_pct"",""reference"":0.2},{""current"":null,""path"":""emission.noise.B.middle_name_missing_pct"",""reference"":8.0},{""current"":null,""path"":""emission.noise.B.name_typo_pct"",""reference"":0.5},{""current"":null,""path"":""emission.noise.B.nickname_pct"",""reference"":0.0},{""current"":null,""path"":""emission.noise.B.ocr_error_pct"",""reference"":0.0},{""current"":null,""path"":""emission.noise.B.phone_mask_pct"",""reference"":0.2},{""current"":null,""path"":""emission.noise.B.phonetic_error_pct"",""reference"":0.0},{""current"":null,""path"":""emission.noise.B.ssn_mask_pct"",""reference"":0.5},{""current"":null,""path"":""emission.noise.B.suffix_missing_pct"",""reference"":0.0},{""current"":null,""path"":""emission.noise.B.zip_digit_error_pct"",""reference"":0.2},{""current"":null,""path"":""emission.overlap_entity_pct"",""reference"":92.0},{""current"":6.0,""path"":""parameters.move_rate_pct"",""reference"":8.0}]",paper_experiments/results/E2_E6/E2/configs/e2_clean_baseline_linkage_s20260721.yaml,phase2/runs/2026-07-24_e2_high_duplication_dedup_s20260721_seed20260721,"SHA-256 of sorted UTF-8 name-NUL-fileSHA256-NUL entries for truth_people.parquet, truth_households.parquet, truth_household_memberships.parquet, truth_residence_history.parquet, truth_events.parquet, entity_record_map.csv"
Table II,high_duplication_dedup,E2,high_duplication_dedup,20260722,paper_experiments/results/E2_E6/E2/configs/e2_high_duplication_dedup_s20260722.yaml,6c2916b774e929dc658318f342cd48591cfa2cef4cd09acb5cac53d16e05ba5c,ccaf0c1d3eaebd4f5f2e9f105c08ba8582bff6b94318f85aa25fd024dc610b24,"{""entity_record_map.csv"":""46a84d5270a9a78d43504d500167269bf91be164ab7e3811eb384aebaf7ecc22"",""truth_events.parquet"":""4ba43dcb103b458bf3dcfa6c2587a7ef2fabf74e2c7944e6563ae793c3632c49"",""truth_household_memberships.parquet"":""2ced654425713214dc9c116d71a043bfe86f7d67555fcad6f815dc061ec2f20d"",""truth_households.parquet"":""3592c8c3a12177d77b248c6fca89bcae1d4354fc473ce0df5bae8251dfd12f24"",""truth_people.parquet"":""3444f477025dd602970c6f80f2dc1c1a92b74cf26427b5590c2a8aabb1c8cc81"",""truth_residence_history.parquet"":""f27be481bb43f03418b24b72363afebdf7adc479289de319c58a0a52c9084646""}","[{""current"":null,""path"":""emission.appearance_A_pct"",""reference"":96.0},{""current"":null,""path"":""emission.appearance_B_pct"",""reference"":97.0},{""current"":""single_dataset"",""path"":""emission.crossfile_match_mode"",""reference"":""one_to_one""},{""current"":[{""appearance_pct"":100.0,""dataset_id"":""registry"",""duplication_pct"":68.0,""filename"":""observed_registry.csv"",""noise"":{""address_missing_pct"":1.5,""date_swap_pct"":1.0,""dob_shift_pct"":1.0,""middle_name_missing_pct"":25.0,""name_typo_pct"":3.0,""nickname_pct"":4.0,""ocr_error_pct"":2.0,""phone_mask_pct"":2.0,""phonetic_error_pct"":2.0,""ssn_mask_pct"":3.0,""suffix_missing_pct"":2.0,""zip_digit_error_pct"":1.5},""snapshot"":""simulation_end""}],""path"":""emission.datasets"",""reference"":null},{""current"":null,""path"":""emission.duplication_in_A_pct"",""reference"":1.0},{""current"":null,""path"":""emission.duplication_in_B_pct"",""reference"":2.0},{""current"":null,""path"":""emission.noise.A.address_missing_pct"",""reference"":0.1},{""current"":null,""path"":""emission.noise.A.date_swap_pct"",""reference"":0.0},{""current"":null,""path"":""emission.noise.A.dob_shift_pct"",""reference"":0.0},{""current"":null,""path"":""emission.noise.A.middle_name_missing_pct"",""reference"":5.0},{""current"":null,""path"":""emission.noise.A.name_typo_pct"",""reference"":0.2},{""current"":null,""path"":""emission.noise.A.nickname_pct"",""reference"":0.0},{""current"":null,""path"":""emission.noise.A.ocr_error_pct"",""reference"":0.0},{""current"":null,""path"":""emission.noise.A.phone_mask_pct"",""reference"":0.1},{""current"":null,""path"":""emission.noise.A.phonetic_error_pct"",""reference"":0.0},{""current"":null,""path"":""emission.noise.A.ssn_mask_pct"",""reference"":0.2},{""current"":null,""path"":""emission.noise.A.suffix_missing_pct"",""reference"":0.0},{""current"":null,""path"":""emission.noise.A.zip_digit_error_pct"",""reference"":0.0},{""current"":null,""path"":""emission.noise.B.address_missing_pct"",""reference"":0.2},{""current"":null,""path"":""emission.noise.B.date_swap_pct"",""reference"":0.0},{""current"":null,""path"":""emission.noise.B.dob_shift_pct"",""reference"":0.2},{""current"":null,""path"":""emission.noise.B.middle_name_missing_pct"",""reference"":8.0},{""current"":null,""path"":""emission.noise.B.name_typo_pct"",""reference"":0.5},{""current"":null,""path"":""emission.noise.B.nickname_pct"",""reference"":0.0},{""current"":null,""path"":""emission.noise.B.ocr_error_pct"",""reference"":0.0},{""current"":null,""path"":""emission.noise.B.phone_mask_pct"",""reference"":0.2},{""current"":null,""path"":""emission.noise.B.phonetic_error_pct"",""reference"":0.0},{""current"":null,""path"":""emission.noise.B.ssn_mask_pct"",""reference"":0.5},{""current"":null,""path"":""emission.noise.B.suffix_missing_pct"",""reference"":0.0},{""current"":null,""path"":""emission.noise.B.zip_digit_error_pct"",""reference"":0.2},{""current"":null,""path"":""emission.overlap_entity_pct"",""reference"":92.0},{""current"":6.0,""path"":""parameters.move_rate_pct"",""reference"":8.0}]",paper_experiments/results/E2_E6/E2/configs/e2_clean_baseline_linkage_s20260722.yaml,phase2/runs/2026-07-24_e2_high_duplication_dedup_s20260722_seed20260722,"SHA-256 of sorted UTF-8 name-NUL-fileSHA256-NUL entries for truth_people.parquet, truth_households.parquet, truth_household_memberships.parquet, truth_residence_history.parquet, truth_events.parquet, entity_record_map.csv"
Table II,high_duplication_dedup,E2,high_duplication_dedup,20260723,paper_experiments/results/E2_E6/E2/configs/e2_high_duplication_dedup_s20260723.yaml,dc728ed00c2339b5b3966d1f1d986e6dfa1e790be01550421fde94a610de529c,770b9e23f178528e3aaa9ef71edf641419d268c9484cb0e2a370e700cee30d98,"{""entity_record_map.csv"":""b38032a6ba3ec34d9d43e3e608737824ee8eb51394302e44d0acae0529fd3544"",""truth_events.parquet"":""d00d9106eb02f4d139d3efd6fde84db0eb7e671891ae26fd6511c6cb0796bc58"",""truth_household_memberships.parquet"":""d000e27e1e4353aab39565aa10e1e25c3f027250f41eeaa98fffd8bd30afd5a3"",""truth_households.parquet"":""3592c8c3a12177d77b248c6fca89bcae1d4354fc473ce0df5bae8251dfd12f24"",""truth_people.parquet"":""828d72db0aeb7760fb311b436230cb0e437d406367b13d153df7aaf38e97bf04"",""truth_residence_history.parquet"":""c1e5ecd7a072f275b2b58b635d9bdfdc05c41c7e84a4323b90b06766d4de903e""}","[{""current"":null,""path"":""emission.appearance_A_pct"",""reference"":96.0},{""current"":null,""path"":""emission.appearance_B_pct"",""reference"":97.0},{""current"":""single_dataset"",""path"":""emission.crossfile_match_mode"",""reference"":""one_to_one""},{""current"":[{""appearance_pct"":100.0,""dataset_id"":""registry"",""duplication_pct"":68.0,""filename"":""observed_registry.csv"",""noise"":{""address_missing_pct"":1.5,""date_swap_pct"":1.0,""dob_shift_pct"":1.0,""middle_name_missing_pct"":25.0,""name_typo_pct"":3.0,""nickname_pct"":4.0,""ocr_error_pct"":2.0,""phone_mask_pct"":2.0,""phonetic_error_pct"":2.0,""ssn_mask_pct"":3.0,""suffix_missing_pct"":2.0,""zip_digit_error_pct"":1.5},""snapshot"":""simulation_end""}],""path"":""emission.datasets"",""reference"":null},{""current"":null,""path"":""emission.duplication_in_A_pct"",""reference"":1.0},{""current"":null,""path"":""emission.duplication_in_B_pct"",""reference"":2.0},{""current"":null,""path"":""emission.noise.A.address_missing_pct"",""reference"":0.1},{""current"":null,""path"":""emission.noise.A.date_swap_pct"",""reference"":0.0},{""current"":null,""path"":""emission.noise.A.dob_shift_pct"",""reference"":0.0},{""current"":null,""path"":""emission.noise.A.middle_name_missing_pct"",""reference"":5.0},{""current"":null,""path"":""emission.noise.A.name_typo_pct"",""reference"":0.2},{""current"":null,""path"":""emission.noise.A.nickname_pct"",""reference"":0.0},{""current"":null,""path"":""emission.noise.A.ocr_error_pct"",""reference"":0.0},{""current"":null,""path"":""emission.noise.A.phone_mask_pct"",""reference"":0.1},{""current"":null,""path"":""emission.noise.A.phonetic_error_pct"",""reference"":0.0},{""current"":null,""path"":""emission.noise.A.ssn_mask_pct"",""reference"":0.2},{""current"":null,""path"":""emission.noise.A.suffix_missing_pct"",""reference"":0.0},{""current"":null,""path"":""emission.noise.A.zip_digit_error_pct"",""reference"":0.0},{""current"":null,""path"":""emission.noise.B.address_missing_pct"",""reference"":0.2},{""current"":null,""path"":""emission.noise.B.date_swap_pct"",""reference"":0.0},{""current"":null,""path"":""emission.noise.B.dob_shift_pct"",""reference"":0.2},{""current"":null,""path"":""emission.noise.B.middle_name_missing_pct"",""reference"":8.0},{""current"":null,""path"":""emission.noise.B.name_typo_pct"",""reference"":0.5},{""current"":null,""path"":""emission.noise.B.nickname_pct"",""reference"":0.0},{""current"":null,""path"":""emission.noise.B.ocr_error_pct"",""reference"":0.0},{""current"":null,""path"":""emission.noise.B.phone_mask_pct"",""reference"":0.2},{""current"":null,""path"":""emission.noise.B.phonetic_error_pct"",""reference"":0.0},{""current"":null,""path"":""emission.noise.B.ssn_mask_pct"",""reference"":0.5},{""current"":null,""path"":""emission.noise.B.suffix_missing_pct"",""reference"":0.0},{""current"":null,""path"":""emission.noise.B.zip_digit_error_pct"",""reference"":0.2},{""current"":null,""path"":""emission.overlap_entity_pct"",""reference"":92.0},{""current"":6.0,""path"":""parameters.move_rate_pct"",""reference"":8.0}]",paper_experiments/results/E2_E6/E2/configs/e2_clean_baseline_linkage_s20260723.yaml,phase2/runs/2026-07-24_e2_high_duplication_dedup_s20260723_seed20260723,"SHA-256 of sorted UTF-8 name-NUL-fileSHA256-NUL entries for truth_people.parquet, truth_households.parquet, truth_household_memberships.parquet, truth_residence_history.parquet, truth_events.parquet, entity_record_map.csv"
Table II,high_duplication_dedup,E2,high_duplication_dedup,20260724,paper_experiments/results/E2_E6/E2/configs/e2_high_duplication_dedup_s20260724.yaml,159d604485d2389ab0e89368a7033a3d8ee13c477f1c2154166a3944facf66bd,270d2b0a0405d5a2fa7e078e7f67a017f819abeab02140bbcb5f511a11a87da2,"{""entity_record_map.csv"":""7bce291e760acee9414e59d7548613f4f860b88062cac0f098af9f1a097b551f"",""truth_events.parquet"":""2847ae1de7ea659a5f8b583bf46c2549684781ca82576fd6ade06f4875070463"",""truth_household_memberships.parquet"":""f651d7478e9510fbaf6801658e532e2f080c20ced26fb1b1d19676656c588fc7"",""truth_households.parquet"":""3592c8c3a12177d77b248c6fca89bcae1d4354fc473ce0df5bae8251dfd12f24"",""truth_people.parquet"":""afa6beb768f8ed02e51f9f8a147c9a03c534b282c058ffdaed958a017dacdc89"",""truth_residence_history.parquet"":""318eae7380c86ff66ba5e75baa0153d15276fe6c3a83169979b7c3241c6e09e6""}","[{""current"":null,""path"":""emission.appearance_A_pct"",""reference"":96.0},{""current"":null,""path"":""emission.appearance_B_pct"",""reference"":97.0},{""current"":""single_dataset"",""path"":""emission.crossfile_match_mode"",""reference"":""one_to_one""},{""current"":[{""appearance_pct"":100.0,""dataset_id"":""registry"",""duplication_pct"":68.0,""filename"":""observed_registry.csv"",""noise"":{""address_missing_pct"":1.5,""date_swap_pct"":1.0,""dob_shift_pct"":1.0,""middle_name_missing_pct"":25.0,""name_typo_pct"":3.0,""nickname_pct"":4.0,""ocr_error_pct"":2.0,""phone_mask_pct"":2.0,""phonetic_error_pct"":2.0,""ssn_mask_pct"":3.0,""suffix_missing_pct"":2.0,""zip_digit_error_pct"":1.5},""snapshot"":""simulation_end""}],""path"":""emission.datasets"",""reference"":null},{""current"":null,""path"":""emission.duplication_in_A_pct"",""reference"":1.0},{""current"":null,""path"":""emission.duplication_in_B_pct"",""reference"":2.0},{""current"":null,""path"":""emission.noise.A.address_missing_pct"",""reference"":0.1},{""current"":null,""path"":""emission.noise.A.date_swap_pct"",""reference"":0.0},{""current"":null,""path"":""emission.noise.A.dob_shift_pct"",""reference"":0.0},{""current"":null,""path"":""emission.noise.A.middle_name_missing_pct"",""reference"":5.0},{""current"":null,""path"":""emission.noise.A.name_typo_pct"",""reference"":0.2},{""current"":null,""path"":""emission.noise.A.nickname_pct"",""reference"":0.0},{""current"":null,""path"":""emission.noise.A.ocr_error_pct"",""reference"":0.0},{""current"":null,""path"":""emission.noise.A.phone_mask_pct"",""reference"":0.1},{""current"":null,""path"":""emission.noise.A.phonetic_error_pct"",""reference"":0.0},{""current"":null,""path"":""emission.noise.A.ssn_mask_pct"",""reference"":0.2},{""current"":null,""path"":""emission.noise.A.suffix_missing_pct"",""reference"":0.0},{""current"":null,""path"":""emission.noise.A.zip_digit_error_pct"",""reference"":0.0},{""current"":null,""path"":""emission.noise.B.address_missing_pct"",""reference"":0.2},{""current"":null,""path"":""emission.noise.B.date_swap_pct"",""reference"":0.0},{""current"":null,""path"":""emission.noise.B.dob_shift_pct"",""reference"":0.2},{""current"":null,""path"":""emission.noise.B.middle_name_missing_pct"",""reference"":8.0},{""current"":null,""path"":""emission.noise.B.name_typo_pct"",""reference"":0.5},{""current"":null,""path"":""emission.noise.B.nickname_pct"",""reference"":0.0},{""current"":null,""path"":""emission.noise.B.ocr_error_pct"",""reference"":0.0},{""current"":null,""path"":""emission.noise.B.phone_mask_pct"",""reference"":0.2},{""current"":null,""path"":""emission.noise.B.phonetic_error_pct"",""reference"":0.0},{""current"":null,""path"":""emission.noise.B.ssn_mask_pct"",""reference"":0.5},{""current"":null,""path"":""emission.noise.B.suffix_missing_pct"",""reference"":0.0},{""current"":null,""path"":""emission.noise.B.zip_digit_error_pct"",""reference"":0.2},{""current"":null,""path"":""emission.overlap_entity_pct"",""reference"":92.0},{""current"":6.0,""path"":""parameters.move_rate_pct"",""reference"":8.0}]",paper_experiments/results/E2_E6/E2/configs/e2_clean_baseline_linkage_s20260724.yaml,phase2/runs/2026-07-24_e2_high_duplication_dedup_s20260724_seed20260724,"SHA-256 of sorted UTF-8 name-NUL-fileSHA256-NUL entries for truth_people.parquet, truth_households.parquet, truth_household_memberships.parquet, truth_residence_history.parquet, truth_events.parquet, entity_record_map.csv"
Table II,high_duplication_dedup,E2,high_duplication_dedup,20260725,paper_experiments/results/E2_E6/E2/configs/e2_high_duplication_dedup_s20260725.yaml,1a861a0bba635e5a61f8a8ea5d0e4a3a2adf0d4262cf6ed5af4c08b977241f56,94569b54b67b8ac6dbfea7e182d465d539a2b136191aa2f11f7ac53d032d617d,"{""entity_record_map.csv"":""87ff73d394a396e2d2e46d51df406956670d214fdab1a1965f462a86efa67297"",""truth_events.parquet"":""d612a5d4aff06714612d3654bee8b184be5c15b4150ca8b1ed6972122adaf8bb"",""truth_household_memberships.parquet"":""58378d36406209b7f27bbca696e7afd6b84fdd84b5b2b5f84c325fbf3e0ab7a0"",""truth_households.parquet"":""3592c8c3a12177d77b248c6fca89bcae1d4354fc473ce0df5bae8251dfd12f24"",""truth_people.parquet"":""f6463f5c0f497b01a2829c35cffa924ee2323a128a146a36a120998107bc5d5b"",""truth_residence_history.parquet"":""58ced6f50139bf52ecc25607705a7642c383d6ed7aa974c2bd9e36d7b1b05627""}","[{""current"":null,""path"":""emission.appearance_A_pct"",""reference"":96.0},{""current"":null,""path"":""emission.appearance_B_pct"",""reference"":97.0},{""current"":""single_dataset"",""path"":""emission.crossfile_match_mode"",""reference"":""one_to_one""},{""current"":[{""appearance_pct"":100.0,""dataset_id"":""registry"",""duplication_pct"":68.0,""filename"":""observed_registry.csv"",""noise"":{""address_missing_pct"":1.5,""date_swap_pct"":1.0,""dob_shift_pct"":1.0,""middle_name_missing_pct"":25.0,""name_typo_pct"":3.0,""nickname_pct"":4.0,""ocr_error_pct"":2.0,""phone_mask_pct"":2.0,""phonetic_error_pct"":2.0,""ssn_mask_pct"":3.0,""suffix_missing_pct"":2.0,""zip_digit_error_pct"":1.5},""snapshot"":""simulation_end""}],""path"":""emission.datasets"",""reference"":null},{""current"":null,""path"":""emission.duplication_in_A_pct"",""reference"":1.0},{""current"":null,""path"":""emission.duplication_in_B_pct"",""reference"":2.0},{""current"":null,""path"":""emission.noise.A.address_missing_pct"",""reference"":0.1},{""current"":null,""path"":""emission.noise.A.date_swap_pct"",""reference"":0.0},{""current"":null,""path"":""emission.noise.A.dob_shift_pct"",""reference"":0.0},{""current"":null,""path"":""emission.noise.A.middle_name_missing_pct"",""reference"":5.0},{""current"":null,""path"":""emission.noise.A.name_typo_pct"",""reference"":0.2},{""current"":null,""path"":""emission.noise.A.nickname_pct"",""reference"":0.0},{""current"":null,""path"":""emission.noise.A.ocr_error_pct"",""reference"":0.0},{""current"":null,""path"":""emission.noise.A.phone_mask_pct"",""reference"":0.1},{""current"":null,""path"":""emission.noise.A.phonetic_error_pct"",""reference"":0.0},{""current"":null,""path"":""emission.noise.A.ssn_mask_pct"",""reference"":0.2},{""current"":null,""path"":""emission.noise.A.suffix_missing_pct"",""reference"":0.0},{""current"":null,""path"":""emission.noise.A.zip_digit_error_pct"",""reference"":0.0},{""current"":null,""path"":""emission.noise.B.address_missing_pct"",""reference"":0.2},{""current"":null,""path"":""emission.noise.B.date_swap_pct"",""reference"":0.0},{""current"":null,""path"":""emission.noise.B.dob_shift_pct"",""reference"":0.2},{""current"":null,""path"":""emission.noise.B.middle_name_missing_pct"",""reference"":8.0},{""current"":null,""path"":""emission.noise.B.name_typo_pct"",""reference"":0.5},{""current"":null,""path"":""emission.noise.B.nickname_pct"",""reference"":0.0},{""current"":null,""path"":""emission.noise.B.ocr_error_pct"",""reference"":0.0},{""current"":null,""path"":""emission.noise.B.phone_mask_pct"",""reference"":0.2},{""current"":null,""path"":""emission.noise.B.phonetic_error_pct"",""reference"":0.0},{""current"":null,""path"":""emission.noise.B.ssn_mask_pct"",""reference"":0.5},{""current"":null,""path"":""emission.noise.B.suffix_missing_pct"",""reference"":0.0},{""current"":null,""path"":""emission.noise.B.zip_digit_error_pct"",""reference"":0.2},{""current"":null,""path"":""emission.overlap_entity_pct"",""reference"":92.0},{""current"":6.0,""path"":""parameters.move_rate_pct"",""reference"":8.0}]",paper_experiments/results/E2_E6/E2/configs/e2_clean_baseline_linkage_s20260725.yaml,phase2/runs/2026-07-24_e2_high_duplication_dedup_s20260725_seed20260725,"SHA-256 of sorted UTF-8 name-NUL-fileSHA256-NUL entries for truth_people.parquet, truth_households.parquet, truth_household_memberships.parquet, truth_residence_history.parquet, truth_events.parquet, entity_record_map.csv"
Table II,high_duplication_dedup,E2,high_duplication_dedup,20260726,paper_experiments/results/E2_E6/E2/configs/e2_high_duplication_dedup_s20260726.yaml,50f91132d462a11a5e5c5a0a5284f431af458bebf619b7e3c060741a32cb6e67,b7cec0cf01d8b12a88876e98906cc1dc496647b7b2293ca038b2e3a11a3e578d,"{""entity_record_map.csv"":""64d75471d8adb2c5dbdb48190361b753dc274f999bd408eb033c6e91bf391ba4"",""truth_events.parquet"":""ec648cfd9c88b27ae5cc7cdfcdc1f4622aea67a6e0848abfc0dcdef28a3b5e78"",""truth_household_memberships.parquet"":""d1196a272df0342eb14559c5e9e24d9bd4ef501d1b6b5dc8172e26e15fd89af2"",""truth_households.parquet"":""3592c8c3a12177d77b248c6fca89bcae1d4354fc473ce0df5bae8251dfd12f24"",""truth_people.parquet"":""2b8adf938ec62055ab46f024967cdd0648d1bd4e9cf0f1c073e16e4e25cd7e34"",""truth_residence_history.parquet"":""b3dabf7d3c0d29e90f02303fee5be3a4c6ead859981bc5c00d82b686d069df25""}","[{""current"":null,""path"":""emission.appearance_A_pct"",""reference"":96.0},{""current"":null,""path"":""emission.appearance_B_pct"",""reference"":97.0},{""current"":""single_dataset"",""path"":""emission.crossfile_match_mode"",""reference"":""one_to_one""},{""current"":[{""appearance_pct"":100.0,""dataset_id"":""registry"",""duplication_pct"":68.0,""filename"":""observed_registry.csv"",""noise"":{""address_missing_pct"":1.5,""date_swap_pct"":1.0,""dob_shift_pct"":1.0,""middle_name_missing_pct"":25.0,""name_typo_pct"":3.0,""nickname_pct"":4.0,""ocr_error_pct"":2.0,""phone_mask_pct"":2.0,""phonetic_error_pct"":2.0,""ssn_mask_pct"":3.0,""suffix_missing_pct"":2.0,""zip_digit_error_pct"":1.5},""snapshot"":""simulation_end""}],""path"":""emission.datasets"",""reference"":null},{""current"":null,""path"":""emission.duplication_in_A_pct"",""reference"":1.0},{""current"":null,""path"":""emission.duplication_in_B_pct"",""reference"":2.0},{""current"":null,""path"":""emission.noise.A.address_missing_pct"",""reference"":0.1},{""current"":null,""path"":""emission.noise.A.date_swap_pct"",""reference"":0.0},{""current"":null,""path"":""emission.noise.A.dob_shift_pct"",""reference"":0.0},{""current"":null,""path"":""emission.noise.A.middle_name_missing_pct"",""reference"":5.0},{""current"":null,""path"":""emission.noise.A.name_typo_pct"",""reference"":0.2},{""current"":null,""path"":""emission.noise.A.nickname_pct"",""reference"":0.0},{""current"":null,""path"":""emission.noise.A.ocr_error_pct"",""reference"":0.0},{""current"":null,""path"":""emission.noise.A.phone_mask_pct"",""reference"":0.1},{""current"":null,""path"":""emission.noise.A.phonetic_error_pct"",""reference"":0.0},{""current"":null,""path"":""emission.noise.A.ssn_mask_pct"",""reference"":0.2},{""current"":null,""path"":""emission.noise.A.suffix_missing_pct"",""reference"":0.0},{""current"":null,""path"":""emission.noise.A.zip_digit_error_pct"",""reference"":0.0},{""current"":null,""path"":""emission.noise.B.address_missing_pct"",""reference"":0.2},{""current"":null,""path"":""emission.noise.B.date_swap_pct"",""reference"":0.0},{""current"":null,""path"":""emission.noise.B.dob_shift_pct"",""reference"":0.2},{""current"":null,""path"":""emission.noise.B.middle_name_missing_pct"",""reference"":8.0},{""current"":null,""path"":""emission.noise.B.name_typo_pct"",""reference"":0.5},{""current"":null,""path"":""emission.noise.B.nickname_pct"",""reference"":0.0},{""current"":null,""path"":""emission.noise.B.ocr_error_pct"",""reference"":0.0},{""current"":null,""path"":""emission.noise.B.phone_mask_pct"",""reference"":0.2},{""current"":null,""path"":""emission.noise.B.phonetic_error_pct"",""reference"":0.0},{""current"":null,""path"":""emission.noise.B.ssn_mask_pct"",""reference"":0.5},{""current"":null,""path"":""emission.noise.B.suffix_missing_pct"",""reference"":0.0},{""current"":null,""path"":""emission.noise.B.zip_digit_error_pct"",""reference"":0.2},{""current"":null,""path"":""emission.overlap_entity_pct"",""reference"":92.0},{""current"":6.0,""path"":""parameters.move_rate_pct"",""reference"":8.0}]",paper_experiments/results/E2_E6/E2/configs/e2_clean_baseline_linkage_s20260726.yaml,phase2/runs/2026-07-24_e2_high_duplication_dedup_s20260726_seed20260726,"SHA-256 of sorted UTF-8 name-NUL-fileSHA256-NUL entries for truth_people.parquet, truth_households.parquet, truth_household_memberships.parquet, truth_residence_history.parquet, truth_events.parquet, entity_record_map.csv"
Table II,high_duplication_dedup,E2,high_duplication_dedup,20260727,paper_experiments/results/E2_E6/E2/configs/e2_high_duplication_dedup_s20260727.yaml,6e2ad763836e726a1cd70a3583a526e20a3eae7ee829248cfa002770d6c34336,da0acfb56b4c657602543c3c89eb166a627972d825a8a170dbc87a25abc2c349,"{""entity_record_map.csv"":""2850aa6ff4f6f85dc996b72d4b95b87679fb8f009ba8b78155d01d6f5bf14aa2"",""truth_events.parquet"":""e0fe5a5356a73c982655218392b654d7a16253671a0db00062fda9d19917075a"",""truth_household_memberships.parquet"":""5c68babbb6e2fd95ed1c195e97a8b2028df767031bfb65e1459e18a02f8a1a2a"",""truth_households.parquet"":""3592c8c3a12177d77b248c6fca89bcae1d4354fc473ce0df5bae8251dfd12f24"",""truth_people.parquet"":""a0f25b49819776c09ed4f8c0ac8a245ed99a2b1cd2c1b4902bccb5bc55fdd6ce"",""truth_residence_history.parquet"":""0d9ff611f361fe28352d619569024daad3e837affb2f96856c299ceab6cc7f97""}","[{""current"":null,""path"":""emission.appearance_A_pct"",""reference"":96.0},{""current"":null,""path"":""emission.appearance_B_pct"",""reference"":97.0},{""current"":""single_dataset"",""path"":""emission.crossfile_match_mode"",""reference"":""one_to_one""},{""current"":[{""appearance_pct"":100.0,""dataset_id"":""registry"",""duplication_pct"":68.0,""filename"":""observed_registry.csv"",""noise"":{""address_missing_pct"":1.5,""date_swap_pct"":1.0,""dob_shift_pct"":1.0,""middle_name_missing_pct"":25.0,""name_typo_pct"":3.0,""nickname_pct"":4.0,""ocr_error_pct"":2.0,""phone_mask_pct"":2.0,""phonetic_error_pct"":2.0,""ssn_mask_pct"":3.0,""suffix_missing_pct"":2.0,""zip_digit_error_pct"":1.5},""snapshot"":""simulation_end""}],""path"":""emission.datasets"",""reference"":null},{""current"":null,""path"":""emission.duplication_in_A_pct"",""reference"":1.0},{""current"":null,""path"":""emission.duplication_in_B_pct"",""reference"":2.0},{""current"":null,""path"":""emission.noise.A.address_missing_pct"",""reference"":0.1},{""current"":null,""path"":""emission.noise.A.date_swap_pct"",""reference"":0.0},{""current"":null,""path"":""emission.noise.A.dob_shift_pct"",""reference"":0.0},{""current"":null,""path"":""emission.noise.A.middle_name_missing_pct"",""reference"":5.0},{""current"":null,""path"":""emission.noise.A.name_typo_pct"",""reference"":0.2},{""current"":null,""path"":""emission.noise.A.nickname_pct"",""reference"":0.0},{""current"":null,""path"":""emission.noise.A.ocr_error_pct"",""reference"":0.0},{""current"":null,""path"":""emission.noise.A.phone_mask_pct"",""reference"":0.1},{""current"":null,""path"":""emission.noise.A.phonetic_error_pct"",""reference"":0.0},{""current"":null,""path"":""emission.noise.A.ssn_mask_pct"",""reference"":0.2},{""current"":null,""path"":""emission.noise.A.suffix_missing_pct"",""reference"":0.0},{""current"":null,""path"":""emission.noise.A.zip_digit_error_pct"",""reference"":0.0},{""current"":null,""path"":""emission.noise.B.address_missing_pct"",""reference"":0.2},{""current"":null,""path"":""emission.noise.B.date_swap_pct"",""reference"":0.0},{""current"":null,""path"":""emission.noise.B.dob_shift_pct"",""reference"":0.2},{""current"":null,""path"":""emission.noise.B.middle_name_missing_pct"",""reference"":8.0},{""current"":null,""path"":""emission.noise.B.name_typo_pct"",""reference"":0.5},{""current"":null,""path"":""emission.noise.B.nickname_pct"",""reference"":0.0},{""current"":null,""path"":""emission.noise.B.ocr_error_pct"",""reference"":0.0},{""current"":null,""path"":""emission.noise.B.phone_mask_pct"",""reference"":0.2},{""current"":null,""path"":""emission.noise.B.phonetic_error_pct"",""reference"":0.0},{""current"":null,""path"":""emission.noise.B.ssn_mask_pct"",""reference"":0.5},{""current"":null,""path"":""emission.noise.B.suffix_missing_pct"",""reference"":0.0},{""current"":null,""path"":""emission.noise.B.zip_digit_error_pct"",""reference"":0.2},{""current"":null,""path"":""emission.overlap_entity_pct"",""reference"":92.0},{""current"":6.0,""path"":""parameters.move_rate_pct"",""reference"":8.0}]",paper_experiments/results/E2_E6/E2/configs/e2_clean_baseline_linkage_s20260727.yaml,phase2/runs/2026-07-24_e2_high_duplication_dedup_s20260727_seed20260727,"SHA-256 of sorted UTF-8 name-NUL-fileSHA256-NUL entries for truth_people.parquet, truth_households.parquet, truth_household_memberships.parquet, truth_residence_history.parquet, truth_events.parquet, entity_record_map.csv"
Table II,high_duplication_dedup,E2,high_duplication_dedup,20260728,paper_experiments/results/E2_E6/E2/configs/e2_high_duplication_dedup_s20260728.yaml,566a7349279c0775b47af8647dc2df61d82690ccf98b438f999e3444c6d34a9d,2aef21668c12735dba1a0fe8ba58e903c8149c035750dc8d43ee2a5cb8f23d8d,"{""entity_record_map.csv"":""4dbeb2953b04ac0350722889fc19d615610263450a1c3a001fb72084e2506a85"",""truth_events.parquet"":""8244e46d4d2a89e5961b83def110e2a71ac3e3e98cd80d79de88e945b565e884"",""truth_household_memberships.parquet"":""552c8039d92840429258e16cd8ff6c3ec801817c14c9ffbce5935d4412536cea"",""truth_households.parquet"":""3592c8c3a12177d77b248c6fca89bcae1d4354fc473ce0df5bae8251dfd12f24"",""truth_people.parquet"":""3c6b927c4c84abedaf13403800a466b2dce6e79b93d66b81d0751c348ca97b64"",""truth_residence_history.parquet"":""e62f99df81e879dcf3117a4fddf96375827a2b09961e6e6408c4639dc4560f4f""}","[{""current"":null,""path"":""emission.appearance_A_pct"",""reference"":96.0},{""current"":null,""path"":""emission.appearance_B_pct"",""reference"":97.0},{""current"":""single_dataset"",""path"":""emission.crossfile_match_mode"",""reference"":""one_to_one""},{""current"":[{""appearance_pct"":100.0,""dataset_id"":""registry"",""duplication_pct"":68.0,""filename"":""observed_registry.csv"",""noise"":{""address_missing_pct"":1.5,""date_swap_pct"":1.0,""dob_shift_pct"":1.0,""middle_name_missing_pct"":25.0,""name_typo_pct"":3.0,""nickname_pct"":4.0,""ocr_error_pct"":2.0,""phone_mask_pct"":2.0,""phonetic_error_pct"":2.0,""ssn_mask_pct"":3.0,""suffix_missing_pct"":2.0,""zip_digit_error_pct"":1.5},""snapshot"":""simulation_end""}],""path"":""emission.datasets"",""reference"":null},{""current"":null,""path"":""emission.duplication_in_A_pct"",""reference"":1.0},{""current"":null,""path"":""emission.duplication_in_B_pct"",""reference"":2.0},{""current"":null,""path"":""emission.noise.A.address_missing_pct"",""reference"":0.1},{""current"":null,""path"":""emission.noise.A.date_swap_pct"",""reference"":0.0},{""current"":null,""path"":""emission.noise.A.dob_shift_pct"",""reference"":0.0},{""current"":null,""path"":""emission.noise.A.middle_name_missing_pct"",""reference"":5.0},{""current"":null,""path"":""emission.noise.A.name_typo_pct"",""reference"":0.2},{""current"":null,""path"":""emission.noise.A.nickname_pct"",""reference"":0.0},{""current"":null,""path"":""emission.noise.A.ocr_error_pct"",""reference"":0.0},{""current"":null,""path"":""emission.noise.A.phone_mask_pct"",""reference"":0.1},{""current"":null,""path"":""emission.noise.A.phonetic_error_pct"",""reference"":0.0},{""current"":null,""path"":""emission.noise.A.ssn_mask_pct"",""reference"":0.2},{""current"":null,""path"":""emission.noise.A.suffix_missing_pct"",""reference"":0.0},{""current"":null,""path"":""emission.noise.A.zip_digit_error_pct"",""reference"":0.0},{""current"":null,""path"":""emission.noise.B.address_missing_pct"",""reference"":0.2},{""current"":null,""path"":""emission.noise.B.date_swap_pct"",""reference"":0.0},{""current"":null,""path"":""emission.noise.B.dob_shift_pct"",""reference"":0.2},{""current"":null,""path"":""emission.noise.B.middle_name_missing_pct"",""reference"":8.0},{""current"":null,""path"":""emission.noise.B.name_typo_pct"",""reference"":0.5},{""current"":null,""path"":""emission.noise.B.nickname_pct"",""reference"":0.0},{""current"":null,""path"":""emission.noise.B.ocr_error_pct"",""reference"":0.0},{""current"":null,""path"":""emission.noise.B.phone_mask_pct"",""reference"":0.2},{""current"":null,""path"":""emission.noise.B.phonetic_error_pct"",""reference"":0.0},{""current"":null,""path"":""emission.noise.B.ssn_mask_pct"",""reference"":0.5},{""current"":null,""path"":""emission.noise.B.suffix_missing_pct"",""reference"":0.0},{""current"":null,""path"":""emission.noise.B.zip_digit_error_pct"",""reference"":0.2},{""current"":null,""path"":""emission.overlap_entity_pct"",""reference"":92.0},{""current"":6.0,""path"":""parameters.move_rate_pct"",""reference"":8.0}]",paper_experiments/results/E2_E6/E2/configs/e2_clean_baseline_linkage_s20260728.yaml,phase2/runs/2026-07-24_e2_high_duplication_dedup_s20260728_seed20260728,"SHA-256 of sorted UTF-8 name-NUL-fileSHA256-NUL entries for truth_people.parquet, truth_households.parquet, truth_household_memberships.parquet, truth_residence_history.parquet, truth_events.parquet, entity_record_map.csv"
Table II,high_duplication_dedup,E2,high_duplication_dedup,20260729,paper_experiments/results/E2_E6/E2/configs/e2_high_duplication_dedup_s20260729.yaml,b7594b0af65eb76a34cd4100f46ad299abb76acd33c84c3c300764590f7699de,c9dd6aa076a44e5c5d8578b95af810e49a1c109bd8ec2514ef50dd5f5924b277,"{""entity_record_map.csv"":""f0f97d64034f886e09f4ee1c1c2f7c2d09bc7c033d3a17e972a3da2ad0197931"",""truth_events.parquet"":""76a08eb28e8b732c3663f0248f106ec34eee8a3e41f6a36d66a506da78fe4a08"",""truth_household_memberships.parquet"":""e3f7bc33c6f22e57fc2b4c43cdca736d1cb950e84dd3279836d1bfc2e4415160"",""truth_households.parquet"":""3592c8c3a12177d77b248c6fca89bcae1d4354fc473ce0df5bae8251dfd12f24"",""truth_people.parquet"":""d8fa66d765ce78f5214ccc420d3e11d1cd018a7bfb88e484333af6481ce69fbd"",""truth_residence_history.parquet"":""0a6234d73d164825d6573cb9e367c353db2e4768c68856ac3618ff4ca9a37e47""}","[{""current"":null,""path"":""emission.appearance_A_pct"",""reference"":96.0},{""current"":null,""path"":""emission.appearance_B_pct"",""reference"":97.0},{""current"":""single_dataset"",""path"":""emission.crossfile_match_mode"",""reference"":""one_to_one""},{""current"":[{""appearance_pct"":100.0,""dataset_id"":""registry"",""duplication_pct"":68.0,""filename"":""observed_registry.csv"",""noise"":{""address_missing_pct"":1.5,""date_swap_pct"":1.0,""dob_shift_pct"":1.0,""middle_name_missing_pct"":25.0,""name_typo_pct"":3.0,""nickname_pct"":4.0,""ocr_error_pct"":2.0,""phone_mask_pct"":2.0,""phonetic_error_pct"":2.0,""ssn_mask_pct"":3.0,""suffix_missing_pct"":2.0,""zip_digit_error_pct"":1.5},""snapshot"":""simulation_end""}],""path"":""emission.datasets"",""reference"":null},{""current"":null,""path"":""emission.duplication_in_A_pct"",""reference"":1.0},{""current"":null,""path"":""emission.duplication_in_B_pct"",""reference"":2.0},{""current"":null,""path"":""emission.noise.A.address_missing_pct"",""reference"":0.1},{""current"":null,""path"":""emission.noise.A.date_swap_pct"",""reference"":0.0},{""current"":null,""path"":""emission.noise.A.dob_shift_pct"",""reference"":0.0},{""current"":null,""path"":""emission.noise.A.middle_name_missing_pct"",""reference"":5.0},{""current"":null,""path"":""emission.noise.A.name_typo_pct"",""reference"":0.2},{""current"":null,""path"":""emission.noise.A.nickname_pct"",""reference"":0.0},{""current"":null,""path"":""emission.noise.A.ocr_error_pct"",""reference"":0.0},{""current"":null,""path"":""emission.noise.A.phone_mask_pct"",""reference"":0.1},{""current"":null,""path"":""emission.noise.A.phonetic_error_pct"",""reference"":0.0},{""current"":null,""path"":""emission.noise.A.ssn_mask_pct"",""reference"":0.2},{""current"":null,""path"":""emission.noise.A.suffix_missing_pct"",""reference"":0.0},{""current"":null,""path"":""emission.noise.A.zip_digit_error_pct"",""reference"":0.0},{""current"":null,""path"":""emission.noise.B.address_missing_pct"",""reference"":0.2},{""current"":null,""path"":""emission.noise.B.date_swap_pct"",""reference"":0.0},{""current"":null,""path"":""emission.noise.B.dob_shift_pct"",""reference"":0.2},{""current"":null,""path"":""emission.noise.B.middle_name_missing_pct"",""reference"":8.0},{""current"":null,""path"":""emission.noise.B.name_typo_pct"",""reference"":0.5},{""current"":null,""path"":""emission.noise.B.nickname_pct"",""reference"":0.0},{""current"":null,""path"":""emission.noise.B.ocr_error_pct"",""reference"":0.0},{""current"":null,""path"":""emission.noise.B.phone_mask_pct"",""reference"":0.2},{""current"":null,""path"":""emission.noise.B.phonetic_error_pct"",""reference"":0.0},{""current"":null,""path"":""emission.noise.B.ssn_mask_pct"",""reference"":0.5},{""current"":null,""path"":""emission.noise.B.suffix_missing_pct"",""reference"":0.0},{""current"":null,""path"":""emission.noise.B.zip_digit_error_pct"",""reference"":0.2},{""current"":null,""path"":""emission.overlap_entity_pct"",""reference"":92.0},{""current"":6.0,""path"":""parameters.move_rate_pct"",""reference"":8.0}]",paper_experiments/results/E2_E6/E2/configs/e2_clean_baseline_linkage_s20260729.yaml,phase2/runs/2026-07-24_e2_high_duplication_dedup_s20260729_seed20260729,"SHA-256 of sorted UTF-8 name-NUL-fileSHA256-NUL entries for truth_people.parquet, truth_households.parquet, truth_household_memberships.parquet, truth_residence_history.parquet, truth_events.parquet, entity_record_map.csv"
Table II,high_noise_identity_drift,E2,high_noise_identity_drift,20260720,paper_experiments/results/E2_E6/E2/configs/e2_high_noise_identity_drift_s20260720.yaml,6511ecedf6eb3471c7f1bf3bd803b651be1ab8d59ab89cc997f5a8cd6f971835,bb7a94b641e6d8d0e6cb044de2522effe4302b0fb90d6bde5addf6283c699e57,"{""entity_record_map.csv"":""fc6eea5abae1b1f4f58a3ca2266e3efbe53033b1780fbf882da082641cd6748b"",""truth_events.parquet"":""563f111e0e5c5787dee95bf2ecafa82e161c6345a26018b459af099f9f19836d"",""truth_household_memberships.parquet"":""e9ee0e4b37fa57f145b81aff781bf82fd0dac08cdba7bdfaaad02ea9552cd08d"",""truth_households.parquet"":""3592c8c3a12177d77b248c6fca89bcae1d4354fc473ce0df5bae8251dfd12f24"",""truth_people.parquet"":""8f82e60abc92d97eff599d68416e532096ffbb435fac1f8878f0f8f5320d0828"",""truth_residence_history.parquet"":""ce9e5c33b998da5293d4fea1460ba905cb0226241bba8be871f1b05234ad6e37""}","[{""current"":90.0,""path"":""emission.appearance_A_pct"",""reference"":96.0},{""current"":92.0,""path"":""emission.appearance_B_pct"",""reference"":97.0},{""current"":0.0,""path"":""emission.duplication_in_A_pct"",""reference"":1.0},{""current"":1.0,""path"":""emission.duplication_in_B_pct"",""reference"":2.0},{""current"":0.2,""path"":""emission.noise.A.address_missing_pct"",""reference"":0.1},{""current"":0.2,""path"":""emission.noise.A.dob_shift_pct"",""reference"":0.0},{""current"":10.0,""path"":""emission.noise.A.middle_name_missing_pct"",""reference"":5.0},{""current"":1.0,""path"":""emission.noise.A.name_typo_pct"",""reference"":0.2},{""current"":1.0,""path"":""emission.noise.A.nickname_pct"",""reference"":0.0},{""current"":0.2,""path"":""emission.noise.A.phone_mask_pct"",""reference"":0.1},{""current"":0.5,""path"":""emission.noise.A.phonetic_error_pct"",""reference"":0.0},{""current"":0.5,""path"":""emission.noise.A.ssn_mask_pct"",""reference"":0.2},{""current"":0.5,""path"":""emission.noise.A.suffix_missing_pct"",""reference"":0.0},{""current"":0.2,""path"":""emission.noise.A.zip_digit_error_pct"",""reference"":0.0},{""current"":3.0,""path"":""emission.noise.B.address_missing_pct"",""reference"":0.2},{""current"":6.0,""path"":""emission.noise.B.date_swap_pct"",""reference"":0.0},{""current"":3.0,""path"":""emission.noise.B.dob_shift_pct"",""reference"":0.2},{""current"":35.0,""path"":""emission.noise.B.middle_name_missing_pct"",""reference"":8.0},{""current"":9.0,""path"":""emission.noise.B.name_typo_pct"",""reference"":0.5},{""current"":12.0,""path"":""emission.noise.B.nickname_pct"",""reference"":0.0},{""current"":8.0,""path"":""emission.noise.B.ocr_error_pct"",""reference"":0.0},{""current"":4.0,""path"":""emission.noise.B.phone_mask_pct"",""reference"":0.2},{""current"":8.0,""path"":""emission.noise.B.phonetic_error_pct"",""reference"":0.0},{""current"":6.0,""path"":""emission.noise.B.ssn_mask_pct"",""reference"":0.5},{""current"":10.0,""path"":""emission.noise.B.suffix_missing_pct"",""reference"":0.0},{""current"":7.0,""path"":""emission.noise.B.zip_digit_error_pct"",""reference"":0.2},{""current"":78.0,""path"":""emission.overlap_entity_pct"",""reference"":92.0},{""current"":10.0,""path"":""parameters.move_rate_pct"",""reference"":8.0}]",paper_experiments/results/E2_E6/E2/configs/e2_clean_baseline_linkage_s20260720.yaml,phase2/runs/2026-07-24_e2_high_noise_identity_drift_s20260720_seed20260720,"SHA-256 of sorted UTF-8 name-NUL-fileSHA256-NUL entries for truth_people.parquet, truth_households.parquet, truth_household_memberships.parquet, truth_residence_history.parquet, truth_events.parquet, entity_record_map.csv"
Table II,high_noise_identity_drift,E2,high_noise_identity_drift,20260721,paper_experiments/results/E2_E6/E2/configs/e2_high_noise_identity_drift_s20260721.yaml,b40000d2f189168ee4e8781bc48a70202cd29576d2cad4b04193d4c89551803c,6e5770c03a278df21f2efe95a4bfc0a896a7a5d7b678c9ec8b26d4486642f122,"{""entity_record_map.csv"":""3c5ed1d9d4b0428dd716abc3799dce36c197baddb9df184531fcf063dca38050"",""truth_events.parquet"":""d6b8127a3233891b58ad58c15a602bb798dbb91404f2b31be17269a4fa7c8ffe"",""truth_household_memberships.parquet"":""10910b3f00f6556e115cf82e69ef71737fc1a3f83b25316dfc40aa161ff2847c"",""truth_households.parquet"":""3592c8c3a12177d77b248c6fca89bcae1d4354fc473ce0df5bae8251dfd12f24"",""truth_people.parquet"":""858062d8aa3fccea23735593aa8f1cfa94c661a967b7e81fe0b19157638ac721"",""truth_residence_history.parquet"":""088def25dc4aa3a8c6d3c3d5c169e08d029782cd436d4705ea3b23cb25e2f48c""}","[{""current"":90.0,""path"":""emission.appearance_A_pct"",""reference"":96.0},{""current"":92.0,""path"":""emission.appearance_B_pct"",""reference"":97.0},{""current"":0.0,""path"":""emission.duplication_in_A_pct"",""reference"":1.0},{""current"":1.0,""path"":""emission.duplication_in_B_pct"",""reference"":2.0},{""current"":0.2,""path"":""emission.noise.A.address_missing_pct"",""reference"":0.1},{""current"":0.2,""path"":""emission.noise.A.dob_shift_pct"",""reference"":0.0},{""current"":10.0,""path"":""emission.noise.A.middle_name_missing_pct"",""reference"":5.0},{""current"":1.0,""path"":""emission.noise.A.name_typo_pct"",""reference"":0.2},{""current"":1.0,""path"":""emission.noise.A.nickname_pct"",""reference"":0.0},{""current"":0.2,""path"":""emission.noise.A.phone_mask_pct"",""reference"":0.1},{""current"":0.5,""path"":""emission.noise.A.phonetic_error_pct"",""reference"":0.0},{""current"":0.5,""path"":""emission.noise.A.ssn_mask_pct"",""reference"":0.2},{""current"":0.5,""path"":""emission.noise.A.suffix_missing_pct"",""reference"":0.0},{""current"":0.2,""path"":""emission.noise.A.zip_digit_error_pct"",""reference"":0.0},{""current"":3.0,""path"":""emission.noise.B.address_missing_pct"",""reference"":0.2},{""current"":6.0,""path"":""emission.noise.B.date_swap_pct"",""reference"":0.0},{""current"":3.0,""path"":""emission.noise.B.dob_shift_pct"",""reference"":0.2},{""current"":35.0,""path"":""emission.noise.B.middle_name_missing_pct"",""reference"":8.0},{""current"":9.0,""path"":""emission.noise.B.name_typo_pct"",""reference"":0.5},{""current"":12.0,""path"":""emission.noise.B.nickname_pct"",""reference"":0.0},{""current"":8.0,""path"":""emission.noise.B.ocr_error_pct"",""reference"":0.0},{""current"":4.0,""path"":""emission.noise.B.phone_mask_pct"",""reference"":0.2},{""current"":8.0,""path"":""emission.noise.B.phonetic_error_pct"",""reference"":0.0},{""current"":6.0,""path"":""emission.noise.B.ssn_mask_pct"",""reference"":0.5},{""current"":10.0,""path"":""emission.noise.B.suffix_missing_pct"",""reference"":0.0},{""current"":7.0,""path"":""emission.noise.B.zip_digit_error_pct"",""reference"":0.2},{""current"":78.0,""path"":""emission.overlap_entity_pct"",""reference"":92.0},{""current"":10.0,""path"":""parameters.move_rate_pct"",""reference"":8.0}]",paper_experiments/results/E2_E6/E2/configs/e2_clean_baseline_linkage_s20260721.yaml,phase2/runs/2026-07-24_e2_high_noise_identity_drift_s20260721_seed20260721,"SHA-256 of sorted UTF-8 name-NUL-fileSHA256-NUL entries for truth_people.parquet, truth_households.parquet, truth_household_memberships.parquet, truth_residence_history.parquet, truth_events.parquet, entity_record_map.csv"
Table II,high_noise_identity_drift,E2,high_noise_identity_drift,20260722,paper_experiments/results/E2_E6/E2/configs/e2_high_noise_identity_drift_s20260722.yaml,9e410ee6713bb8e515e7f8242bef9ca0e7e0f783ddf5812aaad1010fffd627d5,63079785fa7a49e3a43463377616678ba82287dbdbce9c38d88393402dbb82e9,"{""entity_record_map.csv"":""0c5db6d7082f9cf38899121e90cfb205826002ba4853a6cb94d10c27dec0bfc4"",""truth_events.parquet"":""c792639c601b01478f93b591b021447e2ae5d845efa45162be0822d3e0bfa92b"",""truth_household_memberships.parquet"":""2ced654425713214dc9c116d71a043bfe86f7d67555fcad6f815dc061ec2f20d"",""truth_households.parquet"":""3592c8c3a12177d77b248c6fca89bcae1d4354fc473ce0df5bae8251dfd12f24"",""truth_people.parquet"":""3444f477025dd602970c6f80f2dc1c1a92b74cf26427b5590c2a8aabb1c8cc81"",""truth_residence_history.parquet"":""83d7436c17b1f8b3190d45b6010a4aef04a8ed7486e700cdf1c99dfd5089a333""}","[{""current"":90.0,""path"":""emission.appearance_A_pct"",""reference"":96.0},{""current"":92.0,""path"":""emission.appearance_B_pct"",""reference"":97.0},{""current"":0.0,""path"":""emission.duplication_in_A_pct"",""reference"":1.0},{""current"":1.0,""path"":""emission.duplication_in_B_pct"",""reference"":2.0},{""current"":0.2,""path"":""emission.noise.A.address_missing_pct"",""reference"":0.1},{""current"":0.2,""path"":""emission.noise.A.dob_shift_pct"",""reference"":0.0},{""current"":10.0,""path"":""emission.noise.A.middle_name_missing_pct"",""reference"":5.0},{""current"":1.0,""path"":""emission.noise.A.name_typo_pct"",""reference"":0.2},{""current"":1.0,""path"":""emission.noise.A.nickname_pct"",""reference"":0.0},{""current"":0.2,""path"":""emission.noise.A.phone_mask_pct"",""reference"":0.1},{""current"":0.5,""path"":""emission.noise.A.phonetic_error_pct"",""reference"":0.0},{""current"":0.5,""path"":""emission.noise.A.ssn_mask_pct"",""reference"":0.2},{""current"":0.5,""path"":""emission.noise.A.suffix_missing_pct"",""reference"":0.0},{""current"":0.2,""path"":""emission.noise.A.zip_digit_error_pct"",""reference"":0.0},{""current"":3.0,""path"":""emission.noise.B.address_missing_pct"",""reference"":0.2},{""current"":6.0,""path"":""emission.noise.B.date_swap_pct"",""reference"":0.0},{""current"":3.0,""path"":""emission.noise.B.dob_shift_pct"",""reference"":0.2},{""current"":35.0,""path"":""emission.noise.B.middle_name_missing_pct"",""reference"":8.0},{""current"":9.0,""path"":""emission.noise.B.name_typo_pct"",""reference"":0.5},{""current"":12.0,""path"":""emission.noise.B.nickname_pct"",""reference"":0.0},{""current"":8.0,""path"":""emission.noise.B.ocr_error_pct"",""reference"":0.0},{""current"":4.0,""path"":""emission.noise.B.phone_mask_pct"",""reference"":0.2},{""current"":8.0,""path"":""emission.noise.B.phonetic_error_pct"",""reference"":0.0},{""current"":6.0,""path"":""emission.noise.B.ssn_mask_pct"",""reference"":0.5},{""current"":10.0,""path"":""emission.noise.B.suffix_missing_pct"",""reference"":0.0},{""current"":7.0,""path"":""emission.noise.B.zip_digit_error_pct"",""reference"":0.2},{""current"":78.0,""path"":""emission.overlap_entity_pct"",""reference"":92.0},{""current"":10.0,""path"":""parameters.move_rate_pct"",""reference"":8.0}]",paper_experiments/results/E2_E6/E2/configs/e2_clean_baseline_linkage_s20260722.yaml,phase2/runs/2026-07-24_e2_high_noise_identity_drift_s20260722_seed20260722,"SHA-256 of sorted UTF-8 name-NUL-fileSHA256-NUL entries for truth_people.parquet, truth_households.parquet, truth_household_memberships.parquet, truth_residence_history.parquet, truth_events.parquet, entity_record_map.csv"
Table II,high_noise_identity_drift,E2,high_noise_identity_drift,20260723,paper_experiments/results/E2_E6/E2/configs/e2_high_noise_identity_drift_s20260723.yaml,85cb222093d1568de59db03e3e32d2741e6ff374cec18d4606ead457a51b6a83,7d62ee925d6907ff46dba411f12ae6047822039426cbb026a3cbebc616c36b9f,"{""entity_record_map.csv"":""3b3ae497a3af526ebd3f1d35e051365f84f238f902b219b132ebded5c6917867"",""truth_events.parquet"":""bd6cde6e3ab5e30d4659e92c9930e2ea55d7b816fef0dd65a01fb1df118b9bf6"",""truth_household_memberships.parquet"":""d000e27e1e4353aab39565aa10e1e25c3f027250f41eeaa98fffd8bd30afd5a3"",""truth_households.parquet"":""3592c8c3a12177d77b248c6fca89bcae1d4354fc473ce0df5bae8251dfd12f24"",""truth_people.parquet"":""828d72db0aeb7760fb311b436230cb0e437d406367b13d153df7aaf38e97bf04"",""truth_residence_history.parquet"":""c1bbd52cd8b90271371f4b173c5758c1546b95e9924c842427d9aa2c11ef8ba2""}","[{""current"":90.0,""path"":""emission.appearance_A_pct"",""reference"":96.0},{""current"":92.0,""path"":""emission.appearance_B_pct"",""reference"":97.0},{""current"":0.0,""path"":""emission.duplication_in_A_pct"",""reference"":1.0},{""current"":1.0,""path"":""emission.duplication_in_B_pct"",""reference"":2.0},{""current"":0.2,""path"":""emission.noise.A.address_missing_pct"",""reference"":0.1},{""current"":0.2,""path"":""emission.noise.A.dob_shift_pct"",""reference"":0.0},{""current"":10.0,""path"":""emission.noise.A.middle_name_missing_pct"",""reference"":5.0},{""current"":1.0,""path"":""emission.noise.A.name_typo_pct"",""reference"":0.2},{""current"":1.0,""path"":""emission.noise.A.nickname_pct"",""reference"":0.0},{""current"":0.2,""path"":""emission.noise.A.phone_mask_pct"",""reference"":0.1},{""current"":0.5,""path"":""emission.noise.A.phonetic_error_pct"",""reference"":0.0},{""current"":0.5,""path"":""emission.noise.A.ssn_mask_pct"",""reference"":0.2},{""current"":0.5,""path"":""emission.noise.A.suffix_missing_pct"",""reference"":0.0},{""current"":0.2,""path"":""emission.noise.A.zip_digit_error_pct"",""reference"":0.0},{""current"":3.0,""path"":""emission.noise.B.address_missing_pct"",""reference"":0.2},{""current"":6.0,""path"":""emission.noise.B.date_swap_pct"",""reference"":0.0},{""current"":3.0,""path"":""emission.noise.B.dob_shift_pct"",""reference"":0.2},{""current"":35.0,""path"":""emission.noise.B.middle_name_missing_pct"",""reference"":8.0},{""current"":9.0,""path"":""emission.noise.B.name_typo_pct"",""reference"":0.5},{""current"":12.0,""path"":""emission.noise.B.nickname_pct"",""reference"":0.0},{""current"":8.0,""path"":""emission.noise.B.ocr_error_pct"",""reference"":0.0},{""current"":4.0,""path"":""emission.noise.B.phone_mask_pct"",""reference"":0.2},{""current"":8.0,""path"":""emission.noise.B.phonetic_error_pct"",""reference"":0.0},{""current"":6.0,""path"":""emission.noise.B.ssn_mask_pct"",""reference"":0.5},{""current"":10.0,""path"":""emission.noise.B.suffix_missing_pct"",""reference"":0.0},{""current"":7.0,""path"":""emission.noise.B.zip_digit_error_pct"",""reference"":0.2},{""current"":78.0,""path"":""emission.overlap_entity_pct"",""reference"":92.0},{""current"":10.0,""path"":""parameters.move_rate_pct"",""reference"":8.0}]",paper_experiments/results/E2_E6/E2/configs/e2_clean_baseline_linkage_s20260723.yaml,phase2/runs/2026-07-24_e2_high_noise_identity_drift_s20260723_seed20260723,"SHA-256 of sorted UTF-8 name-NUL-fileSHA256-NUL entries for truth_people.parquet, truth_households.parquet, truth_household_memberships.parquet, truth_residence_history.parquet, truth_events.parquet, entity_record_map.csv"
Table II,high_noise_identity_drift,E2,high_noise_identity_drift,20260724,paper_experiments/results/E2_E6/E2/configs/e2_high_noise_identity_drift_s20260724.yaml,2eb70ac6b111bed3e8bb259c2656190ca835515dcbd8921eae79da37786fa21f,84ed8cff15485a7105eb429cc0a486b87c0c3c08e457cd5d7ae533aff6d7549e,"{""entity_record_map.csv"":""ef84bc49537c9c5ac6451fb67232bb70ffa9393ae006fb9556ace4b6645278f3"",""truth_events.parquet"":""c5e727ee2ba0ab0132c2ee5744be673c5cbbffa441adb8bc606dfcb1e71c2171"",""truth_household_memberships.parquet"":""f651d7478e9510fbaf6801658e532e2f080c20ced26fb1b1d19676656c588fc7"",""truth_households.parquet"":""3592c8c3a12177d77b248c6fca89bcae1d4354fc473ce0df5bae8251dfd12f24"",""truth_people.parquet"":""afa6beb768f8ed02e51f9f8a147c9a03c534b282c058ffdaed958a017dacdc89"",""truth_residence_history.parquet"":""4fc09d71387ed3360fd789297b56dbc78a2a00bca4e336b3ac135e9ba43bddcf""}","[{""current"":90.0,""path"":""emission.appearance_A_pct"",""reference"":96.0},{""current"":92.0,""path"":""emission.appearance_B_pct"",""reference"":97.0},{""current"":0.0,""path"":""emission.duplication_in_A_pct"",""reference"":1.0},{""current"":1.0,""path"":""emission.duplication_in_B_pct"",""reference"":2.0},{""current"":0.2,""path"":""emission.noise.A.address_missing_pct"",""reference"":0.1},{""current"":0.2,""path"":""emission.noise.A.dob_shift_pct"",""reference"":0.0},{""current"":10.0,""path"":""emission.noise.A.middle_name_missing_pct"",""reference"":5.0},{""current"":1.0,""path"":""emission.noise.A.name_typo_pct"",""reference"":0.2},{""current"":1.0,""path"":""emission.noise.A.nickname_pct"",""reference"":0.0},{""current"":0.2,""path"":""emission.noise.A.phone_mask_pct"",""reference"":0.1},{""current"":0.5,""path"":""emission.noise.A.phonetic_error_pct"",""reference"":0.0},{""current"":0.5,""path"":""emission.noise.A.ssn_mask_pct"",""reference"":0.2},{""current"":0.5,""path"":""emission.noise.A.suffix_missing_pct"",""reference"":0.0},{""current"":0.2,""path"":""emission.noise.A.zip_digit_error_pct"",""reference"":0.0},{""current"":3.0,""path"":""emission.noise.B.address_missing_pct"",""reference"":0.2},{""current"":6.0,""path"":""emission.noise.B.date_swap_pct"",""reference"":0.0},{""current"":3.0,""path"":""emission.noise.B.dob_shift_pct"",""reference"":0.2},{""current"":35.0,""path"":""emission.noise.B.middle_name_missing_pct"",""reference"":8.0},{""current"":9.0,""path"":""emission.noise.B.name_typo_pct"",""reference"":0.5},{""current"":12.0,""path"":""emission.noise.B.nickname_pct"",""reference"":0.0},{""current"":8.0,""path"":""emission.noise.B.ocr_error_pct"",""reference"":0.0},{""current"":4.0,""path"":""emission.noise.B.phone_mask_pct"",""reference"":0.2},{""current"":8.0,""path"":""emission.noise.B.phonetic_error_pct"",""reference"":0.0},{""current"":6.0,""path"":""emission.noise.B.ssn_mask_pct"",""reference"":0.5},{""current"":10.0,""path"":""emission.noise.B.suffix_missing_pct"",""reference"":0.0},{""current"":7.0,""path"":""emission.noise.B.zip_digit_error_pct"",""reference"":0.2},{""current"":78.0,""path"":""emission.overlap_entity_pct"",""reference"":92.0},{""current"":10.0,""path"":""parameters.move_rate_pct"",""reference"":8.0}]",paper_experiments/results/E2_E6/E2/configs/e2_clean_baseline_linkage_s20260724.yaml,phase2/runs/2026-07-24_e2_high_noise_identity_drift_s20260724_seed20260724,"SHA-256 of sorted UTF-8 name-NUL-fileSHA256-NUL entries for truth_people.parquet, truth_households.parquet, truth_household_memberships.parquet, truth_residence_history.parquet, truth_events.parquet, entity_record_map.csv"
Table II,high_noise_identity_drift,E2,high_noise_identity_drift,20260725,paper_experiments/results/E2_E6/E2/configs/e2_high_noise_identity_drift_s20260725.yaml,02267d29faf8dfd2462cfaa7dc20cc9eec5e52c4b90a3069bfad61e2421c988b,d8472eb33babfae1f37049c6fdb374365c346073f047d0f8a63cde5bb6f5275d,"{""entity_record_map.csv"":""fa7aa28b356221bb38453dcc1c3eafc7a3d7727be6cd8388d1a751d054feebcf"",""truth_events.parquet"":""23a77a19d2518484b1bc10a0582f456a51429437dd9d21d283047785e573ddf0"",""truth_household_memberships.parquet"":""58378d36406209b7f27bbca696e7afd6b84fdd84b5b2b5f84c325fbf3e0ab7a0"",""truth_households.parquet"":""3592c8c3a12177d77b248c6fca89bcae1d4354fc473ce0df5bae8251dfd12f24"",""truth_people.parquet"":""f6463f5c0f497b01a2829c35cffa924ee2323a128a146a36a120998107bc5d5b"",""truth_residence_history.parquet"":""763e7527c68bce25c3378b5859b75448112aa57ba45c6d01700906bc55b76d92""}","[{""current"":90.0,""path"":""emission.appearance_A_pct"",""reference"":96.0},{""current"":92.0,""path"":""emission.appearance_B_pct"",""reference"":97.0},{""current"":0.0,""path"":""emission.duplication_in_A_pct"",""reference"":1.0},{""current"":1.0,""path"":""emission.duplication_in_B_pct"",""reference"":2.0},{""current"":0.2,""path"":""emission.noise.A.address_missing_pct"",""reference"":0.1},{""current"":0.2,""path"":""emission.noise.A.dob_shift_pct"",""reference"":0.0},{""current"":10.0,""path"":""emission.noise.A.middle_name_missing_pct"",""reference"":5.0},{""current"":1.0,""path"":""emission.noise.A.name_typo_pct"",""reference"":0.2},{""current"":1.0,""path"":""emission.noise.A.nickname_pct"",""reference"":0.0},{""current"":0.2,""path"":""emission.noise.A.phone_mask_pct"",""reference"":0.1},{""current"":0.5,""path"":""emission.noise.A.phonetic_error_pct"",""reference"":0.0},{""current"":0.5,""path"":""emission.noise.A.ssn_mask_pct"",""reference"":0.2},{""current"":0.5,""path"":""emission.noise.A.suffix_missing_pct"",""reference"":0.0},{""current"":0.2,""path"":""emission.noise.A.zip_digit_error_pct"",""reference"":0.0},{""current"":3.0,""path"":""emission.noise.B.address_missing_pct"",""reference"":0.2},{""current"":6.0,""path"":""emission.noise.B.date_swap_pct"",""reference"":0.0},{""current"":3.0,""path"":""emission.noise.B.dob_shift_pct"",""reference"":0.2},{""current"":35.0,""path"":""emission.noise.B.middle_name_missing_pct"",""reference"":8.0},{""current"":9.0,""path"":""emission.noise.B.name_typo_pct"",""reference"":0.5},{""current"":12.0,""path"":""emission.noise.B.nickname_pct"",""reference"":0.0},{""current"":8.0,""path"":""emission.noise.B.ocr_error_pct"",""reference"":0.0},{""current"":4.0,""path"":""emission.noise.B.phone_mask_pct"",""reference"":0.2},{""current"":8.0,""path"":""emission.noise.B.phonetic_error_pct"",""reference"":0.0},{""current"":6.0,""path"":""emission.noise.B.ssn_mask_pct"",""reference"":0.5},{""current"":10.0,""path"":""emission.noise.B.suffix_missing_pct"",""reference"":0.0},{""current"":7.0,""path"":""emission.noise.B.zip_digit_error_pct"",""reference"":0.2},{""current"":78.0,""path"":""emission.overlap_entity_pct"",""reference"":92.0},{""current"":10.0,""path"":""parameters.move_rate_pct"",""reference"":8.0}]",paper_experiments/results/E2_E6/E2/configs/e2_clean_baseline_linkage_s20260725.yaml,phase2/runs/2026-07-24_e2_high_noise_identity_drift_s20260725_seed20260725,"SHA-256 of sorted UTF-8 name-NUL-fileSHA256-NUL entries for truth_people.parquet, truth_households.parquet, truth_household_memberships.parquet, truth_residence_history.parquet, truth_events.parquet, entity_record_map.csv"
Table II,high_noise_identity_drift,E2,high_noise_identity_drift,20260726,paper_experiments/results/E2_E6/E2/configs/e2_high_noise_identity_drift_s20260726.yaml,d2dd5e30b6ab9dde839262d132d4fca70d4d6d1b414bd1f505d773fcd474ca4c,f8737ff99339f80490d892adb03ddbed49a40559c668e645f7d770e8c0fbcb47,"{""entity_record_map.csv"":""304e6ea8a984b780545a610b161e2563855c4923f8efc0ced88e56fce40aa2b4"",""truth_events.parquet"":""5f2e683464bc49f6ea402e7dc2e307f15cbfc1707324856d439393e7e7b5aa63"",""truth_household_memberships.parquet"":""d1196a272df0342eb14559c5e9e24d9bd4ef501d1b6b5dc8172e26e15fd89af2"",""truth_households.parquet"":""3592c8c3a12177d77b248c6fca89bcae1d4354fc473ce0df5bae8251dfd12f24"",""truth_people.parquet"":""2b8adf938ec62055ab46f024967cdd0648d1bd4e9cf0f1c073e16e4e25cd7e34"",""truth_residence_history.parquet"":""72069a2d378c0b67e755124d365d0fb064bc8faef8e19bfa42bd86d5fe64d850""}","[{""current"":90.0,""path"":""emission.appearance_A_pct"",""reference"":96.0},{""current"":92.0,""path"":""emission.appearance_B_pct"",""reference"":97.0},{""current"":0.0,""path"":""emission.duplication_in_A_pct"",""reference"":1.0},{""current"":1.0,""path"":""emission.duplication_in_B_pct"",""reference"":2.0},{""current"":0.2,""path"":""emission.noise.A.address_missing_pct"",""reference"":0.1},{""current"":0.2,""path"":""emission.noise.A.dob_shift_pct"",""reference"":0.0},{""current"":10.0,""path"":""emission.noise.A.middle_name_missing_pct"",""reference"":5.0},{""current"":1.0,""path"":""emission.noise.A.name_typo_pct"",""reference"":0.2},{""current"":1.0,""path"":""emission.noise.A.nickname_pct"",""reference"":0.0},{""current"":0.2,""path"":""emission.noise.A.phone_mask_pct"",""reference"":0.1},{""current"":0.5,""path"":""emission.noise.A.phonetic_error_pct"",""reference"":0.0},{""current"":0.5,""path"":""emission.noise.A.ssn_mask_pct"",""reference"":0.2},{""current"":0.5,""path"":""emission.noise.A.suffix_missing_pct"",""reference"":0.0},{""current"":0.2,""path"":""emission.noise.A.zip_digit_error_pct"",""reference"":0.0},{""current"":3.0,""path"":""emission.noise.B.address_missing_pct"",""reference"":0.2},{""current"":6.0,""path"":""emission.noise.B.date_swap_pct"",""reference"":0.0},{""current"":3.0,""path"":""emission.noise.B.dob_shift_pct"",""reference"":0.2},{""current"":35.0,""path"":""emission.noise.B.middle_name_missing_pct"",""reference"":8.0},{""current"":9.0,""path"":""emission.noise.B.name_typo_pct"",""reference"":0.5},{""current"":12.0,""path"":""emission.noise.B.nickname_pct"",""reference"":0.0},{""current"":8.0,""path"":""emission.noise.B.ocr_error_pct"",""reference"":0.0},{""current"":4.0,""path"":""emission.noise.B.phone_mask_pct"",""reference"":0.2},{""current"":8.0,""path"":""emission.noise.B.phonetic_error_pct"",""reference"":0.0},{""current"":6.0,""path"":""emission.noise.B.ssn_mask_pct"",""reference"":0.5},{""current"":10.0,""path"":""emission.noise.B.suffix_missing_pct"",""reference"":0.0},{""current"":7.0,""path"":""emission.noise.B.zip_digit_error_pct"",""reference"":0.2},{""current"":78.0,""path"":""emission.overlap_entity_pct"",""reference"":92.0},{""current"":10.0,""path"":""parameters.move_rate_pct"",""reference"":8.0}]",paper_experiments/results/E2_E6/E2/configs/e2_clean_baseline_linkage_s20260726.yaml,phase2/runs/2026-07-24_e2_high_noise_identity_drift_s20260726_seed20260726,"SHA-256 of sorted UTF-8 name-NUL-fileSHA256-NUL entries for truth_people.parquet, truth_households.parquet, truth_household_memberships.parquet, truth_residence_history.parquet, truth_events.parquet, entity_record_map.csv"
Table II,high_noise_identity_drift,E2,high_noise_identity_drift,20260727,paper_experiments/results/E2_E6/E2/configs/e2_high_noise_identity_drift_s20260727.yaml,6231fd3c886b6855658f8451c1563dd7ca6c9d29967d9ba4f6470d94477ca303,457bc2b764fcf5fb79eadbbf3fead9c75310f2c5bbb8fec982fa3c913eb572af,"{""entity_record_map.csv"":""32479438e4908dc7d90a27e54ecd129c10f5b09097fcb8bf2e9450f9ef1729a4"",""truth_events.parquet"":""54c896b1dd5fe8e78dc55670b2bd2cff390b5fe54c68723172714d8cbf98b384"",""truth_household_memberships.parquet"":""5c68babbb6e2fd95ed1c195e97a8b2028df767031bfb65e1459e18a02f8a1a2a"",""truth_households.parquet"":""3592c8c3a12177d77b248c6fca89bcae1d4354fc473ce0df5bae8251dfd12f24"",""truth_people.parquet"":""a0f25b49819776c09ed4f8c0ac8a245ed99a2b1cd2c1b4902bccb5bc55fdd6ce"",""truth_residence_history.parquet"":""078b3ca8fa85b3a61c82ca8170b34fb087d0e9ec2a5fb6beab4ac56e5ca701a0""}","[{""current"":90.0,""path"":""emission.appearance_A_pct"",""reference"":96.0},{""current"":92.0,""path"":""emission.appearance_B_pct"",""reference"":97.0},{""current"":0.0,""path"":""emission.duplication_in_A_pct"",""reference"":1.0},{""current"":1.0,""path"":""emission.duplication_in_B_pct"",""reference"":2.0},{""current"":0.2,""path"":""emission.noise.A.address_missing_pct"",""reference"":0.1},{""current"":0.2,""path"":""emission.noise.A.dob_shift_pct"",""reference"":0.0},{""current"":10.0,""path"":""emission.noise.A.middle_name_missing_pct"",""reference"":5.0},{""current"":1.0,""path"":""emission.noise.A.name_typo_pct"",""reference"":0.2},{""current"":1.0,""path"":""emission.noise.A.nickname_pct"",""reference"":0.0},{""current"":0.2,""path"":""emission.noise.A.phone_mask_pct"",""reference"":0.1},{""current"":0.5,""path"":""emission.noise.A.phonetic_error_pct"",""reference"":0.0},{""current"":0.5,""path"":""emission.noise.A.ssn_mask_pct"",""reference"":0.2},{""current"":0.5,""path"":""emission.noise.A.suffix_missing_pct"",""reference"":0.0},{""current"":0.2,""path"":""emission.noise.A.zip_digit_error_pct"",""reference"":0.0},{""current"":3.0,""path"":""emission.noise.B.address_missing_pct"",""reference"":0.2},{""current"":6.0,""path"":""emission.noise.B.date_swap_pct"",""reference"":0.0},{""current"":3.0,""path"":""emission.noise.B.dob_shift_pct"",""reference"":0.2},{""current"":35.0,""path"":""emission.noise.B.middle_name_missing_pct"",""reference"":8.0},{""current"":9.0,""path"":""emission.noise.B.name_typo_pct"",""reference"":0.5},{""current"":12.0,""path"":""emission.noise.B.nickname_pct"",""reference"":0.0},{""current"":8.0,""path"":""emission.noise.B.ocr_error_pct"",""reference"":0.0},{""current"":4.0,""path"":""emission.noise.B.phone_mask_pct"",""reference"":0.2},{""current"":8.0,""path"":""emission.noise.B.phonetic_error_pct"",""reference"":0.0},{""current"":6.0,""path"":""emission.noise.B.ssn_mask_pct"",""reference"":0.5},{""current"":10.0,""path"":""emission.noise.B.suffix_missing_pct"",""reference"":0.0},{""current"":7.0,""path"":""emission.noise.B.zip_digit_error_pct"",""reference"":0.2},{""current"":78.0,""path"":""emission.overlap_entity_pct"",""reference"":92.0},{""current"":10.0,""path"":""parameters.move_rate_pct"",""reference"":8.0}]",paper_experiments/results/E2_E6/E2/configs/e2_clean_baseline_linkage_s20260727.yaml,phase2/runs/2026-07-24_e2_high_noise_identity_drift_s20260727_seed20260727,"SHA-256 of sorted UTF-8 name-NUL-fileSHA256-NUL entries for truth_people.parquet, truth_households.parquet, truth_household_memberships.parquet, truth_residence_history.parquet, truth_events.parquet, entity_record_map.csv"
Table II,high_noise_identity_drift,E2,high_noise_identity_drift,20260728,paper_experiments/results/E2_E6/E2/configs/e2_high_noise_identity_drift_s20260728.yaml,21423a8ff1b3b82bc946062d7e84e32dd329978a93a055f2eb25203db0629c88,c3ebbe4919d42852dbb1dcbcfae668f7cd6750a8c4313311e0c27cb9b096a71a,"{""entity_record_map.csv"":""d9763e031665cc3a969abf3b3be819019af42094ca881cc2ec46de413389bb4b"",""truth_events.parquet"":""d4ece12579336208a16af365d3f125afd94e053e8079e0e0b020ecab55d96164"",""truth_household_memberships.parquet"":""552c8039d92840429258e16cd8ff6c3ec801817c14c9ffbce5935d4412536cea"",""truth_households.parquet"":""3592c8c3a12177d77b248c6fca89bcae1d4354fc473ce0df5bae8251dfd12f24"",""truth_people.parquet"":""3c6b927c4c84abedaf13403800a466b2dce6e79b93d66b81d0751c348ca97b64"",""truth_residence_history.parquet"":""36aef3d5ecdc7a59369ae98e98d8cff0d3c59671d71c1bd9b0d9cb2fd66aa80a""}","[{""current"":90.0,""path"":""emission.appearance_A_pct"",""reference"":96.0},{""current"":92.0,""path"":""emission.appearance_B_pct"",""reference"":97.0},{""current"":0.0,""path"":""emission.duplication_in_A_pct"",""reference"":1.0},{""current"":1.0,""path"":""emission.duplication_in_B_pct"",""reference"":2.0},{""current"":0.2,""path"":""emission.noise.A.address_missing_pct"",""reference"":0.1},{""current"":0.2,""path"":""emission.noise.A.dob_shift_pct"",""reference"":0.0},{""current"":10.0,""path"":""emission.noise.A.middle_name_missing_pct"",""reference"":5.0},{""current"":1.0,""path"":""emission.noise.A.name_typo_pct"",""reference"":0.2},{""current"":1.0,""path"":""emission.noise.A.nickname_pct"",""reference"":0.0},{""current"":0.2,""path"":""emission.noise.A.phone_mask_pct"",""reference"":0.1},{""current"":0.5,""path"":""emission.noise.A.phonetic_error_pct"",""reference"":0.0},{""current"":0.5,""path"":""emission.noise.A.ssn_mask_pct"",""reference"":0.2},{""current"":0.5,""path"":""emission.noise.A.suffix_missing_pct"",""reference"":0.0},{""current"":0.2,""path"":""emission.noise.A.zip_digit_error_pct"",""reference"":0.0},{""current"":3.0,""path"":""emission.noise.B.address_missing_pct"",""reference"":0.2},{""current"":6.0,""path"":""emission.noise.B.date_swap_pct"",""reference"":0.0},{""current"":3.0,""path"":""emission.noise.B.dob_shift_pct"",""reference"":0.2},{""current"":35.0,""path"":""emission.noise.B.middle_name_missing_pct"",""reference"":8.0},{""current"":9.0,""path"":""emission.noise.B.name_typo_pct"",""reference"":0.5},{""current"":12.0,""path"":""emission.noise.B.nickname_pct"",""reference"":0.0},{""current"":8.0,""path"":""emission.noise.B.ocr_error_pct"",""reference"":0.0},{""current"":4.0,""path"":""emission.noise.B.phone_mask_pct"",""reference"":0.2},{""current"":8.0,""path"":""emission.noise.B.phonetic_error_pct"",""reference"":0.0},{""current"":6.0,""path"":""emission.noise.B.ssn_mask_pct"",""reference"":0.5},{""current"":10.0,""path"":""emission.noise.B.suffix_missing_pct"",""reference"":0.0},{""current"":7.0,""path"":""emission.noise.B.zip_digit_error_pct"",""reference"":0.2},{""current"":78.0,""path"":""emission.overlap_entity_pct"",""reference"":92.0},{""current"":10.0,""path"":""parameters.move_rate_pct"",""reference"":8.0}]",paper_experiments/results/E2_E6/E2/configs/e2_clean_baseline_linkage_s20260728.yaml,phase2/runs/2026-07-24_e2_high_noise_identity_drift_s20260728_seed20260728,"SHA-256 of sorted UTF-8 name-NUL-fileSHA256-NUL entries for truth_people.parquet, truth_households.parquet, truth_household_memberships.parquet, truth_residence_history.parquet, truth_events.parquet, entity_record_map.csv"
Table II,high_noise_identity_drift,E2,high_noise_identity_drift,20260729,paper_experiments/results/E2_E6/E2/configs/e2_high_noise_identity_drift_s20260729.yaml,535267a87eb2f7323e9e431a3a4d2f74b5a95436b616eaae657bac30f29a8123,f301475866bda9336c9b0ad4246fd54a675cbd77d378cc5fc0f525d7d393822d,"{""entity_record_map.csv"":""8117dfa92dba706672fc6badabe247ace4bf09e74996957ed2a368ee5d5535d2"",""truth_events.parquet"":""aedf922f5e9f47ab181ca371cc32cf3bee99aed4e2d39cf641f0185c1bc83639"",""truth_household_memberships.parquet"":""e3f7bc33c6f22e57fc2b4c43cdca736d1cb950e84dd3279836d1bfc2e4415160"",""truth_households.parquet"":""3592c8c3a12177d77b248c6fca89bcae1d4354fc473ce0df5bae8251dfd12f24"",""truth_people.parquet"":""d8fa66d765ce78f5214ccc420d3e11d1cd018a7bfb88e484333af6481ce69fbd"",""truth_residence_history.parquet"":""2fc38494dda55e7dc8c7cfe527cdd534c67440c1b62a7c50e88d5db3ff91386c""}","[{""current"":90.0,""path"":""emission.appearance_A_pct"",""reference"":96.0},{""current"":92.0,""path"":""emission.appearance_B_pct"",""reference"":97.0},{""current"":0.0,""path"":""emission.duplication_in_A_pct"",""reference"":1.0},{""current"":1.0,""path"":""emission.duplication_in_B_pct"",""reference"":2.0},{""current"":0.2,""path"":""emission.noise.A.address_missing_pct"",""reference"":0.1},{""current"":0.2,""path"":""emission.noise.A.dob_shift_pct"",""reference"":0.0},{""current"":10.0,""path"":""emission.noise.A.middle_name_missing_pct"",""reference"":5.0},{""current"":1.0,""path"":""emission.noise.A.name_typo_pct"",""reference"":0.2},{""current"":1.0,""path"":""emission.noise.A.nickname_pct"",""reference"":0.0},{""current"":0.2,""path"":""emission.noise.A.phone_mask_pct"",""reference"":0.1},{""current"":0.5,""path"":""emission.noise.A.phonetic_error_pct"",""reference"":0.0},{""current"":0.5,""path"":""emission.noise.A.ssn_mask_pct"",""reference"":0.2},{""current"":0.5,""path"":""emission.noise.A.suffix_missing_pct"",""reference"":0.0},{""current"":0.2,""path"":""emission.noise.A.zip_digit_error_pct"",""reference"":0.0},{""current"":3.0,""path"":""emission.noise.B.address_missing_pct"",""reference"":0.2},{""current"":6.0,""path"":""emission.noise.B.date_swap_pct"",""reference"":0.0},{""current"":3.0,""path"":""emission.noise.B.dob_shift_pct"",""reference"":0.2},{""current"":35.0,""path"":""emission.noise.B.middle_name_missing_pct"",""reference"":8.0},{""current"":9.0,""path"":""emission.noise.B.name_typo_pct"",""reference"":0.5},{""current"":12.0,""path"":""emission.noise.B.nickname_pct"",""reference"":0.0},{""current"":8.0,""path"":""emission.noise.B.ocr_error_pct"",""reference"":0.0},{""current"":4.0,""path"":""emission.noise.B.phone_mask_pct"",""reference"":0.2},{""current"":8.0,""path"":""emission.noise.B.phonetic_error_pct"",""reference"":0.0},{""current"":6.0,""path"":""emission.noise.B.ssn_mask_pct"",""reference"":0.5},{""current"":10.0,""path"":""emission.noise.B.suffix_missing_pct"",""reference"":0.0},{""current"":7.0,""path"":""emission.noise.B.zip_digit_error_pct"",""reference"":0.2},{""current"":78.0,""path"":""emission.overlap_entity_pct"",""reference"":92.0},{""current"":10.0,""path"":""parameters.move_rate_pct"",""reference"":8.0}]",paper_experiments/results/E2_E6/E2/configs/e2_clean_baseline_linkage_s20260729.yaml,phase2/runs/2026-07-24_e2_high_noise_identity_drift_s20260729_seed20260729,"SHA-256 of sorted UTF-8 name-NUL-fileSHA256-NUL entries for truth_people.parquet, truth_households.parquet, truth_household_memberships.parquet, truth_residence_history.parquet, truth_events.parquet, entity_record_map.csv"
Table II,low_overlap_sparse_coverage,E2,low_overlap_sparse_coverage,20260720,paper_experiments/results/E2_E6/E2/configs/e2_low_overlap_sparse_coverage_s20260720.yaml,d0accd978d65eef0fb07fc12fbda3a4d853ac3937e717bbe404e29bb7853fdf1,a33c1350ddd6baa09fb5a612528bef0f2b4e63abdb6be42b5bb28d7e8eacf39b,"{""entity_record_map.csv"":""4740cc9ae2021421e7ab300335665ab9add884c32e426f4baa8eac2555d54969"",""truth_events.parquet"":""0d977883977f14add3128ac47585ccead6d139aac28c8b42aff872c6f24ca7bd"",""truth_household_memberships.parquet"":""e9ee0e4b37fa57f145b81aff781bf82fd0dac08cdba7bdfaaad02ea9552cd08d"",""truth_households.parquet"":""3592c8c3a12177d77b248c6fca89bcae1d4354fc473ce0df5bae8251dfd12f24"",""truth_people.parquet"":""8f82e60abc92d97eff599d68416e532096ffbb435fac1f8878f0f8f5320d0828"",""truth_residence_history.parquet"":""60ccdf22e87cbc8cafd77dfddf644e68047968fa1aadb934099da9efea6acce0""}","[{""current"":58.0,""path"":""emission.appearance_A_pct"",""reference"":96.0},{""current"":52.0,""path"":""emission.appearance_B_pct"",""reference"":97.0},{""current"":null,""path"":""emission.noise.A.address_missing_pct"",""reference"":0.1},{""current"":null,""path"":""emission.noise.A.date_swap_pct"",""reference"":0.0},{""current"":null,""path"":""emission.noise.A.dob_shift_pct"",""reference"":0.0},{""current"":12.0,""path"":""emission.noise.A.middle_name_missing_pct"",""reference"":5.0},{""current"":null,""path"":""emission.noise.A.name_typo_pct"",""reference"":0.2},{""current"":null,""path"":""emission.noise.A.nickname_pct"",""reference"":0.0},{""current"":null,""path"":""emission.noise.A.ocr_error_pct"",""reference"":0.0},{""current"":null,""path"":""emission.noise.A.phone_mask_pct"",""reference"":0.1},{""current"":null,""path"":""emission.noise.A.phonetic_error_pct"",""reference"":0.0},{""current"":null,""path"":""emission.noise.A.ssn_mask_pct"",""reference"":0.2},{""current"":null,""path"":""emission.noise.A.suffix_missing_pct"",""reference"":0.0},{""current"":null,""path"":""emission.noise.A.zip_digit_error_pct"",""reference"":0.0},{""current"":null,""path"":""emission.noise.B.address_missing_pct"",""reference"":0.2},{""current"":null,""path"":""emission.noise.B.date_swap_pct"",""reference"":0.0},{""current"":null,""path"":""emission.noise.B.dob_shift_pct"",""reference"":0.2},{""current"":18.0,""path"":""emission.noise.B.middle_name_missing_pct"",""reference"":8.0},{""current"":1.5,""path"":""emission.noise.B.name_typo_pct"",""reference"":0.5},{""current"":null,""path"":""emission.noise.B.nickname_pct"",""reference"":0.0},{""current"":null,""path"":""emission.noise.B.ocr_error_pct"",""reference"":0.0},{""current"":null,""path"":""emission.noise.B.phone_mask_pct"",""reference"":0.2},{""current"":null,""path"":""emission.noise.B.phonetic_error_pct"",""reference"":0.0},{""current"":null,""path"":""emission.noise.B.ssn_mask_pct"",""reference"":0.5},{""current"":null,""path"":""emission.noise.B.suffix_missing_pct"",""reference"":0.0},{""current"":1.0,""path"":""emission.noise.B.zip_digit_error_pct"",""reference"":0.2},{""current"":22.0,""path"":""emission.overlap_entity_pct"",""reference"":92.0},{""current"":9.0,""path"":""parameters.move_rate_pct"",""reference"":8.0}]",paper_experiments/results/E2_E6/E2/configs/e2_clean_baseline_linkage_s20260720.yaml,phase2/runs/2026-07-24_e2_low_overlap_sparse_coverage_s20260720_seed20260720,"SHA-256 of sorted UTF-8 name-NUL-fileSHA256-NUL entries for truth_people.parquet, truth_households.parquet, truth_household_memberships.parquet, truth_residence_history.parquet, truth_events.parquet, entity_record_map.csv"
Table II,low_overlap_sparse_coverage,E2,low_overlap_sparse_coverage,20260721,paper_experiments/results/E2_E6/E2/configs/e2_low_overlap_sparse_coverage_s20260721.yaml,ba7b49e0fe12c795d2740f878016c769a20b52196cd9091b969904acdceeaf3f,8d1f03b408799b1ce3c1812b4ca21bc772a55689c6e91aea3cdd832bd653654d,"{""entity_record_map.csv"":""9e02604a5d4d54853310635992d97d6d98936b19ebecb6a076fbe59a7947afb7"",""truth_events.parquet"":""508c19099779b6aa4ec90d450c88bd25ca99d237138ce71cd0a2e0a3c2e315af"",""truth_household_memberships.parquet"":""10910b3f00f6556e115cf82e69ef71737fc1a3f83b25316dfc40aa161ff2847c"",""truth_households.parquet"":""3592c8c3a12177d77b248c6fca89bcae1d4354fc473ce0df5bae8251dfd12f24"",""truth_people.parquet"":""858062d8aa3fccea23735593aa8f1cfa94c661a967b7e81fe0b19157638ac721"",""truth_residence_history.parquet"":""3fd187f21ef145ab4a3e846c9217bec09792a3bce68e573bf8ff12a3c878c0ca""}","[{""current"":58.0,""path"":""emission.appearance_A_pct"",""reference"":96.0},{""current"":52.0,""path"":""emission.appearance_B_pct"",""reference"":97.0},{""current"":null,""path"":""emission.noise.A.address_missing_pct"",""reference"":0.1},{""current"":null,""path"":""emission.noise.A.date_swap_pct"",""reference"":0.0},{""current"":null,""path"":""emission.noise.A.dob_shift_pct"",""reference"":0.0},{""current"":12.0,""path"":""emission.noise.A.middle_name_missing_pct"",""reference"":5.0},{""current"":null,""path"":""emission.noise.A.name_typo_pct"",""reference"":0.2},{""current"":null,""path"":""emission.noise.A.nickname_pct"",""reference"":0.0},{""current"":null,""path"":""emission.noise.A.ocr_error_pct"",""reference"":0.0},{""current"":null,""path"":""emission.noise.A.phone_mask_pct"",""reference"":0.1},{""current"":null,""path"":""emission.noise.A.phonetic_error_pct"",""reference"":0.0},{""current"":null,""path"":""emission.noise.A.ssn_mask_pct"",""reference"":0.2},{""current"":null,""path"":""emission.noise.A.suffix_missing_pct"",""reference"":0.0},{""current"":null,""path"":""emission.noise.A.zip_digit_error_pct"",""reference"":0.0},{""current"":null,""path"":""emission.noise.B.address_missing_pct"",""reference"":0.2},{""current"":null,""path"":""emission.noise.B.date_swap_pct"",""reference"":0.0},{""current"":null,""path"":""emission.noise.B.dob_shift_pct"",""reference"":0.2},{""current"":18.0,""path"":""emission.noise.B.middle_name_missing_pct"",""reference"":8.0},{""current"":1.5,""path"":""emission.noise.B.name_typo_pct"",""reference"":0.5},{""current"":null,""path"":""emission.noise.B.nickname_pct"",""reference"":0.0},{""current"":null,""path"":""emission.noise.B.ocr_error_pct"",""reference"":0.0},{""current"":null,""path"":""emission.noise.B.phone_mask_pct"",""reference"":0.2},{""current"":null,""path"":""emission.noise.B.phonetic_error_pct"",""reference"":0.0},{""current"":null,""path"":""emission.noise.B.ssn_mask_pct"",""reference"":0.5},{""current"":null,""path"":""emission.noise.B.suffix_missing_pct"",""reference"":0.0},{""current"":1.0,""path"":""emission.noise.B.zip_digit_error_pct"",""reference"":0.2},{""current"":22.0,""path"":""emission.overlap_entity_pct"",""reference"":92.0},{""current"":9.0,""path"":""parameters.move_rate_pct"",""reference"":8.0}]",paper_experiments/results/E2_E6/E2/configs/e2_clean_baseline_linkage_s20260721.yaml,phase2/runs/2026-07-24_e2_low_overlap_sparse_coverage_s20260721_seed20260721,"SHA-256 of sorted UTF-8 name-NUL-fileSHA256-NUL entries for truth_people.parquet, truth_households.parquet, truth_household_memberships.parquet, truth_residence_history.parquet, truth_events.parquet, entity_record_map.csv"
Table II,low_overlap_sparse_coverage,E2,low_overlap_sparse_coverage,20260722,paper_experiments/results/E2_E6/E2/configs/e2_low_overlap_sparse_coverage_s20260722.yaml,7439a57e7ce594a1cc94ebe5dd931ea4cc0f1ea3d3f727fd515e4be78fe1cedc,607e247613a7acb59fe875c985434ba35c9469d44740e8bbebbb7db6eb68caff,"{""entity_record_map.csv"":""fa9f5409cd7d7c75dfa72876955cb9ec1252396a691cc151308fc433f5845b01"",""truth_events.parquet"":""306d15d9198f9660b59edc1870bddde7b994b5d784ef1c9960bdd6379ba85b8d"",""truth_household_memberships.parquet"":""2ced654425713214dc9c116d71a043bfe86f7d67555fcad6f815dc061ec2f20d"",""truth_households.parquet"":""3592c8c3a12177d77b248c6fca89bcae1d4354fc473ce0df5bae8251dfd12f24"",""truth_people.parquet"":""3444f477025dd602970c6f80f2dc1c1a92b74cf26427b5590c2a8aabb1c8cc81"",""truth_residence_history.parquet"":""a8a7c9a2d0dd10d5cd17f35a2b4a3948eb22111bc8ef028d21eb5e88b60bf9cc""}","[{""current"":58.0,""path"":""emission.appearance_A_pct"",""reference"":96.0},{""current"":52.0,""path"":""emission.appearance_B_pct"",""reference"":97.0},{""current"":null,""path"":""emission.noise.A.address_missing_pct"",""reference"":0.1},{""current"":null,""path"":""emission.noise.A.date_swap_pct"",""reference"":0.0},{""current"":null,""path"":""emission.noise.A.dob_shift_pct"",""reference"":0.0},{""current"":12.0,""path"":""emission.noise.A.middle_name_missing_pct"",""reference"":5.0},{""current"":null,""path"":""emission.noise.A.name_typo_pct"",""reference"":0.2},{""current"":null,""path"":""emission.noise.A.nickname_pct"",""reference"":0.0},{""current"":null,""path"":""emission.noise.A.ocr_error_pct"",""reference"":0.0},{""current"":null,""path"":""emission.noise.A.phone_mask_pct"",""reference"":0.1},{""current"":null,""path"":""emission.noise.A.phonetic_error_pct"",""reference"":0.0},{""current"":null,""path"":""emission.noise.A.ssn_mask_pct"",""reference"":0.2},{""current"":null,""path"":""emission.noise.A.suffix_missing_pct"",""reference"":0.0},{""current"":null,""path"":""emission.noise.A.zip_digit_error_pct"",""reference"":0.0},{""current"":null,""path"":""emission.noise.B.address_missing_pct"",""reference"":0.2},{""current"":null,""path"":""emission.noise.B.date_swap_pct"",""reference"":0.0},{""current"":null,""path"":""emission.noise.B.dob_shift_pct"",""reference"":0.2},{""current"":18.0,""path"":""emission.noise.B.middle_name_missing_pct"",""reference"":8.0},{""current"":1.5,""path"":""emission.noise.B.name_typo_pct"",""reference"":0.5},{""current"":null,""path"":""emission.noise.B.nickname_pct"",""reference"":0.0},{""current"":null,""path"":""emission.noise.B.ocr_error_pct"",""reference"":0.0},{""current"":null,""path"":""emission.noise.B.phone_mask_pct"",""reference"":0.2},{""current"":null,""path"":""emission.noise.B.phonetic_error_pct"",""reference"":0.0},{""current"":null,""path"":""emission.noise.B.ssn_mask_pct"",""reference"":0.5},{""current"":null,""path"":""emission.noise.B.suffix_missing_pct"",""reference"":0.0},{""current"":1.0,""path"":""emission.noise.B.zip_digit_error_pct"",""reference"":0.2},{""current"":22.0,""path"":""emission.overlap_entity_pct"",""reference"":92.0},{""current"":9.0,""path"":""parameters.move_rate_pct"",""reference"":8.0}]",paper_experiments/results/E2_E6/E2/configs/e2_clean_baseline_linkage_s20260722.yaml,phase2/runs/2026-07-24_e2_low_overlap_sparse_coverage_s20260722_seed20260722,"SHA-256 of sorted UTF-8 name-NUL-fileSHA256-NUL entries for truth_people.parquet, truth_households.parquet, truth_household_memberships.parquet, truth_residence_history.parquet, truth_events.parquet, entity_record_map.csv"
Table II,low_overlap_sparse_coverage,E2,low_overlap_sparse_coverage,20260723,paper_experiments/results/E2_E6/E2/configs/e2_low_overlap_sparse_coverage_s20260723.yaml,963c538a66eec6fe3388c0e80141a55b3473fddd20f234c48a3b02bad513d064,f7c7e93fe3a056e5899b8856b1fb5434a99c9a4910874eed56c5c7370f647fbe,"{""entity_record_map.csv"":""4c40b2d64f4a7b90be3aa8fe35ccc9faeb38d49ad2964a512fdc60ed1c14783b"",""truth_events.parquet"":""046e815c8a2cb562b89b7da7f20b375a3a1007fedf2a020046239ab673fc1562"",""truth_household_memberships.parquet"":""d000e27e1e4353aab39565aa10e1e25c3f027250f41eeaa98fffd8bd30afd5a3"",""truth_households.parquet"":""3592c8c3a12177d77b248c6fca89bcae1d4354fc473ce0df5bae8251dfd12f24"",""truth_people.parquet"":""828d72db0aeb7760fb311b436230cb0e437d406367b13d153df7aaf38e97bf04"",""truth_residence_history.parquet"":""7e370f2ccb6903df909b9b62cf03243cf25f553e3b9f7c8fc851a952544d94ad""}","[{""current"":58.0,""path"":""emission.appearance_A_pct"",""reference"":96.0},{""current"":52.0,""path"":""emission.appearance_B_pct"",""reference"":97.0},{""current"":null,""path"":""emission.noise.A.address_missing_pct"",""reference"":0.1},{""current"":null,""path"":""emission.noise.A.date_swap_pct"",""reference"":0.0},{""current"":null,""path"":""emission.noise.A.dob_shift_pct"",""reference"":0.0},{""current"":12.0,""path"":""emission.noise.A.middle_name_missing_pct"",""reference"":5.0},{""current"":null,""path"":""emission.noise.A.name_typo_pct"",""reference"":0.2},{""current"":null,""path"":""emission.noise.A.nickname_pct"",""reference"":0.0},{""current"":null,""path"":""emission.noise.A.ocr_error_pct"",""reference"":0.0},{""current"":null,""path"":""emission.noise.A.phone_mask_pct"",""reference"":0.1},{""current"":null,""path"":""emission.noise.A.phonetic_error_pct"",""reference"":0.0},{""current"":null,""path"":""emission.noise.A.ssn_mask_pct"",""reference"":0.2},{""current"":null,""path"":""emission.noise.A.suffix_missing_pct"",""reference"":0.0},{""current"":null,""path"":""emission.noise.A.zip_digit_error_pct"",""reference"":0.0},{""current"":null,""path"":""emission.noise.B.address_missing_pct"",""reference"":0.2},{""current"":null,""path"":""emission.noise.B.date_swap_pct"",""reference"":0.0},{""current"":null,""path"":""emission.noise.B.dob_shift_pct"",""reference"":0.2},{""current"":18.0,""path"":""emission.noise.B.middle_name_missing_pct"",""reference"":8.0},{""current"":1.5,""path"":""emission.noise.B.name_typo_pct"",""reference"":0.5},{""current"":null,""path"":""emission.noise.B.nickname_pct"",""reference"":0.0},{""current"":null,""path"":""emission.noise.B.ocr_error_pct"",""reference"":0.0},{""current"":null,""path"":""emission.noise.B.phone_mask_pct"",""reference"":0.2},{""current"":null,""path"":""emission.noise.B.phonetic_error_pct"",""reference"":0.0},{""current"":null,""path"":""emission.noise.B.ssn_mask_pct"",""reference"":0.5},{""current"":null,""path"":""emission.noise.B.suffix_missing_pct"",""reference"":0.0},{""current"":1.0,""path"":""emission.noise.B.zip_digit_error_pct"",""reference"":0.2},{""current"":22.0,""path"":""emission.overlap_entity_pct"",""reference"":92.0},{""current"":9.0,""path"":""parameters.move_rate_pct"",""reference"":8.0}]",paper_experiments/results/E2_E6/E2/configs/e2_clean_baseline_linkage_s20260723.yaml,phase2/runs/2026-07-24_e2_low_overlap_sparse_coverage_s20260723_seed20260723,"SHA-256 of sorted UTF-8 name-NUL-fileSHA256-NUL entries for truth_people.parquet, truth_households.parquet, truth_household_memberships.parquet, truth_residence_history.parquet, truth_events.parquet, entity_record_map.csv"
Table II,low_overlap_sparse_coverage,E2,low_overlap_sparse_coverage,20260724,paper_experiments/results/E2_E6/E2/configs/e2_low_overlap_sparse_coverage_s20260724.yaml,35dedb279288dec0ead698aefdeb8ad909ec065c9dea8ed00cc4010dc9d5d934,41e201ae920003929865d747d2bbcba4c1d433316987304d7778c1b9b138f9f3,"{""entity_record_map.csv"":""97d37357d3404c621c10a9f3db55dfe0b5eb54cd3ffd9e37c293332f120fbf93"",""truth_events.parquet"":""e5a26c6cde8cd6528540b11c82707c31136e6dd0342aa62ac1415cf60fa60f68"",""truth_household_memberships.parquet"":""f651d7478e9510fbaf6801658e532e2f080c20ced26fb1b1d19676656c588fc7"",""truth_households.parquet"":""3592c8c3a12177d77b248c6fca89bcae1d4354fc473ce0df5bae8251dfd12f24"",""truth_people.parquet"":""afa6beb768f8ed02e51f9f8a147c9a03c534b282c058ffdaed958a017dacdc89"",""truth_residence_history.parquet"":""eaee7fda9a06cc6ea8488a337d2fb76ddd344de170a86f4dd5822b589b433ea9""}","[{""current"":58.0,""path"":""emission.appearance_A_pct"",""reference"":96.0},{""current"":52.0,""path"":""emission.appearance_B_pct"",""reference"":97.0},{""current"":null,""path"":""emission.noise.A.address_missing_pct"",""reference"":0.1},{""current"":null,""path"":""emission.noise.A.date_swap_pct"",""reference"":0.0},{""current"":null,""path"":""emission.noise.A.dob_shift_pct"",""reference"":0.0},{""current"":12.0,""path"":""emission.noise.A.middle_name_missing_pct"",""reference"":5.0},{""current"":null,""path"":""emission.noise.A.name_typo_pct"",""reference"":0.2},{""current"":null,""path"":""emission.noise.A.nickname_pct"",""reference"":0.0},{""current"":null,""path"":""emission.noise.A.ocr_error_pct"",""reference"":0.0},{""current"":null,""path"":""emission.noise.A.phone_mask_pct"",""reference"":0.1},{""current"":null,""path"":""emission.noise.A.phonetic_error_pct"",""reference"":0.0},{""current"":null,""path"":""emission.noise.A.ssn_mask_pct"",""reference"":0.2},{""current"":null,""path"":""emission.noise.A.suffix_missing_pct"",""reference"":0.0},{""current"":null,""path"":""emission.noise.A.zip_digit_error_pct"",""reference"":0.0},{""current"":null,""path"":""emission.noise.B.address_missing_pct"",""reference"":0.2},{""current"":null,""path"":""emission.noise.B.date_swap_pct"",""reference"":0.0},{""current"":null,""path"":""emission.noise.B.dob_shift_pct"",""reference"":0.2},{""current"":18.0,""path"":""emission.noise.B.middle_name_missing_pct"",""reference"":8.0},{""current"":1.5,""path"":""emission.noise.B.name_typo_pct"",""reference"":0.5},{""current"":null,""path"":""emission.noise.B.nickname_pct"",""reference"":0.0},{""current"":null,""path"":""emission.noise.B.ocr_error_pct"",""reference"":0.0},{""current"":null,""path"":""emission.noise.B.phone_mask_pct"",""reference"":0.2},{""current"":null,""path"":""emission.noise.B.phonetic_error_pct"",""reference"":0.0},{""current"":null,""path"":""emission.noise.B.ssn_mask_pct"",""reference"":0.5},{""current"":null,""path"":""emission.noise.B.suffix_missing_pct"",""reference"":0.0},{""current"":1.0,""path"":""emission.noise.B.zip_digit_error_pct"",""reference"":0.2},{""current"":22.0,""path"":""emission.overlap_entity_pct"",""reference"":92.0},{""current"":9.0,""path"":""parameters.move_rate_pct"",""reference"":8.0}]",paper_experiments/results/E2_E6/E2/configs/e2_clean_baseline_linkage_s20260724.yaml,phase2/runs/2026-07-24_e2_low_overlap_sparse_coverage_s20260724_seed20260724,"SHA-256 of sorted UTF-8 name-NUL-fileSHA256-NUL entries for truth_people.parquet, truth_households.parquet, truth_household_memberships.parquet, truth_residence_history.parquet, truth_events.parquet, entity_record_map.csv"
Table II,low_overlap_sparse_coverage,E2,low_overlap_sparse_coverage,20260725,paper_experiments/results/E2_E6/E2/configs/e2_low_overlap_sparse_coverage_s20260725.yaml,f06901ef3ff94af9c812a0b700462f1c978912725a383010eb6898b61cd0ed25,0ba2afbc2b735e22937aa5948ad3e939fb60a6ae74868d3f5e9d7d5aded65ea9,"{""entity_record_map.csv"":""c3fc36e08322b93b81ae1249c0d65f0e1ec746e5f899daf7bb213d906f684b61"",""truth_events.parquet"":""82be8ffb149fbbfa165552e9b5fb1970a4fcdb2edb9a78b19892b691607b97b3"",""truth_household_memberships.parquet"":""58378d36406209b7f27bbca696e7afd6b84fdd84b5b2b5f84c325fbf3e0ab7a0"",""truth_households.parquet"":""3592c8c3a12177d77b248c6fca89bcae1d4354fc473ce0df5bae8251dfd12f24"",""truth_people.parquet"":""f6463f5c0f497b01a2829c35cffa924ee2323a128a146a36a120998107bc5d5b"",""truth_residence_history.parquet"":""79f290cc266c2bdf0709d67353ab8e386c273f4a71f278bc6f19ea31051aeadb""}","[{""current"":58.0,""path"":""emission.appearance_A_pct"",""reference"":96.0},{""current"":52.0,""path"":""emission.appearance_B_pct"",""reference"":97.0},{""current"":null,""path"":""emission.noise.A.address_missing_pct"",""reference"":0.1},{""current"":null,""path"":""emission.noise.A.date_swap_pct"",""reference"":0.0},{""current"":null,""path"":""emission.noise.A.dob_shift_pct"",""reference"":0.0},{""current"":12.0,""path"":""emission.noise.A.middle_name_missing_pct"",""reference"":5.0},{""current"":null,""path"":""emission.noise.A.name_typo_pct"",""reference"":0.2},{""current"":null,""path"":""emission.noise.A.nickname_pct"",""reference"":0.0},{""current"":null,""path"":""emission.noise.A.ocr_error_pct"",""reference"":0.0},{""current"":null,""path"":""emission.noise.A.phone_mask_pct"",""reference"":0.1},{""current"":null,""path"":""emission.noise.A.phonetic_error_pct"",""reference"":0.0},{""current"":null,""path"":""emission.noise.A.ssn_mask_pct"",""reference"":0.2},{""current"":null,""path"":""emission.noise.A.suffix_missing_pct"",""reference"":0.0},{""current"":null,""path"":""emission.noise.A.zip_digit_error_pct"",""reference"":0.0},{""current"":null,""path"":""emission.noise.B.address_missing_pct"",""reference"":0.2},{""current"":null,""path"":""emission.noise.B.date_swap_pct"",""reference"":0.0},{""current"":null,""path"":""emission.noise.B.dob_shift_pct"",""reference"":0.2},{""current"":18.0,""path"":""emission.noise.B.middle_name_missing_pct"",""reference"":8.0},{""current"":1.5,""path"":""emission.noise.B.name_typo_pct"",""reference"":0.5},{""current"":null,""path"":""emission.noise.B.nickname_pct"",""reference"":0.0},{""current"":null,""path"":""emission.noise.B.ocr_error_pct"",""reference"":0.0},{""current"":null,""path"":""emission.noise.B.phone_mask_pct"",""reference"":0.2},{""current"":null,""path"":""emission.noise.B.phonetic_error_pct"",""reference"":0.0},{""current"":null,""path"":""emission.noise.B.ssn_mask_pct"",""reference"":0.5},{""current"":null,""path"":""emission.noise.B.suffix_missing_pct"",""reference"":0.0},{""current"":1.0,""path"":""emission.noise.B.zip_digit_error_pct"",""reference"":0.2},{""current"":22.0,""path"":""emission.overlap_entity_pct"",""reference"":92.0},{""current"":9.0,""path"":""parameters.move_rate_pct"",""reference"":8.0}]",paper_experiments/results/E2_E6/E2/configs/e2_clean_baseline_linkage_s20260725.yaml,phase2/runs/2026-07-24_e2_low_overlap_sparse_coverage_s20260725_seed20260725,"SHA-256 of sorted UTF-8 name-NUL-fileSHA256-NUL entries for truth_people.parquet, truth_households.parquet, truth_household_memberships.parquet, truth_residence_history.parquet, truth_events.parquet, entity_record_map.csv"
Table II,low_overlap_sparse_coverage,E2,low_overlap_sparse_coverage,20260726,paper_experiments/results/E2_E6/E2/configs/e2_low_overlap_sparse_coverage_s20260726.yaml,9a4b98eb23bc80971d46c0fd4fd8fbbdb0c673083ab08f883f4153a57e60dc5a,bed96c74b3af575bddc10eab269d3385d12591ddc5a1a68f8cb5d85220f1f3fb,"{""entity_record_map.csv"":""55d13b9fb99dbdde94b71a1ea85cc05a6c9fa4e02f8b96d7b8ac70a3875204f4"",""truth_events.parquet"":""22c9bcd411c19c323ddb2bdadfe1ad3f8774649c7e301dedf7dab576aa9e091d"",""truth_household_memberships.parquet"":""d1196a272df0342eb14559c5e9e24d9bd4ef501d1b6b5dc8172e26e15fd89af2"",""truth_households.parquet"":""3592c8c3a12177d77b248c6fca89bcae1d4354fc473ce0df5bae8251dfd12f24"",""truth_people.parquet"":""2b8adf938ec62055ab46f024967cdd0648d1bd4e9cf0f1c073e16e4e25cd7e34"",""truth_residence_history.parquet"":""8cc3d1b1814ca87d57d01a9dbbf8cfb33960c5c712943b2955b1f4ae8e7bd9d9""}","[{""current"":58.0,""path"":""emission.appearance_A_pct"",""reference"":96.0},{""current"":52.0,""path"":""emission.appearance_B_pct"",""reference"":97.0},{""current"":null,""path"":""emission.noise.A.address_missing_pct"",""reference"":0.1},{""current"":null,""path"":""emission.noise.A.date_swap_pct"",""reference"":0.0},{""current"":null,""path"":""emission.noise.A.dob_shift_pct"",""reference"":0.0},{""current"":12.0,""path"":""emission.noise.A.middle_name_missing_pct"",""reference"":5.0},{""current"":null,""path"":""emission.noise.A.name_typo_pct"",""reference"":0.2},{""current"":null,""path"":""emission.noise.A.nickname_pct"",""reference"":0.0},{""current"":null,""path"":""emission.noise.A.ocr_error_pct"",""reference"":0.0},{""current"":null,""path"":""emission.noise.A.phone_mask_pct"",""reference"":0.1},{""current"":null,""path"":""emission.noise.A.phonetic_error_pct"",""reference"":0.0},{""current"":null,""path"":""emission.noise.A.ssn_mask_pct"",""reference"":0.2},{""current"":null,""path"":""emission.noise.A.suffix_missing_pct"",""reference"":0.0},{""current"":null,""path"":""emission.noise.A.zip_digit_error_pct"",""reference"":0.0},{""current"":null,""path"":""emission.noise.B.address_missing_pct"",""reference"":0.2},{""current"":null,""path"":""emission.noise.B.date_swap_pct"",""reference"":0.0},{""current"":null,""path"":""emission.noise.B.dob_shift_pct"",""reference"":0.2},{""current"":18.0,""path"":""emission.noise.B.middle_name_missing_pct"",""reference"":8.0},{""current"":1.5,""path"":""emission.noise.B.name_typo_pct"",""reference"":0.5},{""current"":null,""path"":""emission.noise.B.nickname_pct"",""reference"":0.0},{""current"":null,""path"":""emission.noise.B.ocr_error_pct"",""reference"":0.0},{""current"":null,""path"":""emission.noise.B.phone_mask_pct"",""reference"":0.2},{""current"":null,""path"":""emission.noise.B.phonetic_error_pct"",""reference"":0.0},{""current"":null,""path"":""emission.noise.B.ssn_mask_pct"",""reference"":0.5},{""current"":null,""path"":""emission.noise.B.suffix_missing_pct"",""reference"":0.0},{""current"":1.0,""path"":""emission.noise.B.zip_digit_error_pct"",""reference"":0.2},{""current"":22.0,""path"":""emission.overlap_entity_pct"",""reference"":92.0},{""current"":9.0,""path"":""parameters.move_rate_pct"",""reference"":8.0}]",paper_experiments/results/E2_E6/E2/configs/e2_clean_baseline_linkage_s20260726.yaml,phase2/runs/2026-07-24_e2_low_overlap_sparse_coverage_s20260726_seed20260726,"SHA-256 of sorted UTF-8 name-NUL-fileSHA256-NUL entries for truth_people.parquet, truth_households.parquet, truth_household_memberships.parquet, truth_residence_history.parquet, truth_events.parquet, entity_record_map.csv"
Table II,low_overlap_sparse_coverage,E2,low_overlap_sparse_coverage,20260727,paper_experiments/results/E2_E6/E2/configs/e2_low_overlap_sparse_coverage_s20260727.yaml,fb88eb1b76dcb762955e52ce44ba3208ea00fb91a4227c21a9220d138f7f7414,cbca68f2492d3ae8a8ed7b4c59145f67128ac347fa8fc1d2cf3729ce5bf3aa0c,"{""entity_record_map.csv"":""82fd9174155130e3d1ede7a956f7d95142c1019d10bae5971a7d4e3c12117543"",""truth_events.parquet"":""a32942518de94bf1ce885c57ba0b831c7bf7c89bc480de6924162db494e11ef6"",""truth_household_memberships.parquet"":""5c68babbb6e2fd95ed1c195e97a8b2028df767031bfb65e1459e18a02f8a1a2a"",""truth_households.parquet"":""3592c8c3a12177d77b248c6fca89bcae1d4354fc473ce0df5bae8251dfd12f24"",""truth_people.parquet"":""a0f25b49819776c09ed4f8c0ac8a245ed99a2b1cd2c1b4902bccb5bc55fdd6ce"",""truth_residence_history.parquet"":""dc600414a47e0e69eca99cb8bec92dc38eab477b83e7690473a7fc2e5d868ede""}","[{""current"":58.0,""path"":""emission.appearance_A_pct"",""reference"":96.0},{""current"":52.0,""path"":""emission.appearance_B_pct"",""reference"":97.0},{""current"":null,""path"":""emission.noise.A.address_missing_pct"",""reference"":0.1},{""current"":null,""path"":""emission.noise.A.date_swap_pct"",""reference"":0.0},{""current"":null,""path"":""emission.noise.A.dob_shift_pct"",""reference"":0.0},{""current"":12.0,""path"":""emission.noise.A.middle_name_missing_pct"",""reference"":5.0},{""current"":null,""path"":""emission.noise.A.name_typo_pct"",""reference"":0.2},{""current"":null,""path"":""emission.noise.A.nickname_pct"",""reference"":0.0},{""current"":null,""path"":""emission.noise.A.ocr_error_pct"",""reference"":0.0},{""current"":null,""path"":""emission.noise.A.phone_mask_pct"",""reference"":0.1},{""current"":null,""path"":""emission.noise.A.phonetic_error_pct"",""reference"":0.0},{""current"":null,""path"":""emission.noise.A.ssn_mask_pct"",""reference"":0.2},{""current"":null,""path"":""emission.noise.A.suffix_missing_pct"",""reference"":0.0},{""current"":null,""path"":""emission.noise.A.zip_digit_error_pct"",""reference"":0.0},{""current"":null,""path"":""emission.noise.B.address_missing_pct"",""reference"":0.2},{""current"":null,""path"":""emission.noise.B.date_swap_pct"",""reference"":0.0},{""current"":null,""path"":""emission.noise.B.dob_shift_pct"",""reference"":0.2},{""current"":18.0,""path"":""emission.noise.B.middle_name_missing_pct"",""reference"":8.0},{""current"":1.5,""path"":""emission.noise.B.name_typo_pct"",""reference"":0.5},{""current"":null,""path"":""emission.noise.B.nickname_pct"",""reference"":0.0},{""current"":null,""path"":""emission.noise.B.ocr_error_pct"",""reference"":0.0},{""current"":null,""path"":""emission.noise.B.phone_mask_pct"",""reference"":0.2},{""current"":null,""path"":""emission.noise.B.phonetic_error_pct"",""reference"":0.0},{""current"":null,""path"":""emission.noise.B.ssn_mask_pct"",""reference"":0.5},{""current"":null,""path"":""emission.noise.B.suffix_missing_pct"",""reference"":0.0},{""current"":1.0,""path"":""emission.noise.B.zip_digit_error_pct"",""reference"":0.2},{""current"":22.0,""path"":""emission.overlap_entity_pct"",""reference"":92.0},{""current"":9.0,""path"":""parameters.move_rate_pct"",""reference"":8.0}]",paper_experiments/results/E2_E6/E2/configs/e2_clean_baseline_linkage_s20260727.yaml,phase2/runs/2026-07-24_e2_low_overlap_sparse_coverage_s20260727_seed20260727,"SHA-256 of sorted UTF-8 name-NUL-fileSHA256-NUL entries for truth_people.parquet, truth_households.parquet, truth_household_memberships.parquet, truth_residence_history.parquet, truth_events.parquet, entity_record_map.csv"
Table II,low_overlap_sparse_coverage,E2,low_overlap_sparse_coverage,20260728,paper_experiments/results/E2_E6/E2/configs/e2_low_overlap_sparse_coverage_s20260728.yaml,32ac7d58303a009e744f9fa298bd5c5636fc24ed1a69f7751f78b672c472ade5,491c5306aa0898ab5fdc27b97475e26262385efa74d54a76102af1eadb554fff,"{""entity_record_map.csv"":""a6baa55cd2399841ef52bcf2ace5360721f240d4e8f649566035aad543c38dbd"",""truth_events.parquet"":""91f894b8e9129d5508d56ecc922113c341e09279f1e2bad7362c3ceec4f416c8"",""truth_household_memberships.parquet"":""552c8039d92840429258e16cd8ff6c3ec801817c14c9ffbce5935d4412536cea"",""truth_households.parquet"":""3592c8c3a12177d77b248c6fca89bcae1d4354fc473ce0df5bae8251dfd12f24"",""truth_people.parquet"":""3c6b927c4c84abedaf13403800a466b2dce6e79b93d66b81d0751c348ca97b64"",""truth_residence_history.parquet"":""5537fcb8f3c3f40a0856330449ba25e4496754b192887f7406081c50fcff9d7d""}","[{""current"":58.0,""path"":""emission.appearance_A_pct"",""reference"":96.0},{""current"":52.0,""path"":""emission.appearance_B_pct"",""reference"":97.0},{""current"":null,""path"":""emission.noise.A.address_missing_pct"",""reference"":0.1},{""current"":null,""path"":""emission.noise.A.date_swap_pct"",""reference"":0.0},{""current"":null,""path"":""emission.noise.A.dob_shift_pct"",""reference"":0.0},{""current"":12.0,""path"":""emission.noise.A.middle_name_missing_pct"",""reference"":5.0},{""current"":null,""path"":""emission.noise.A.name_typo_pct"",""reference"":0.2},{""current"":null,""path"":""emission.noise.A.nickname_pct"",""reference"":0.0},{""current"":null,""path"":""emission.noise.A.ocr_error_pct"",""reference"":0.0},{""current"":null,""path"":""emission.noise.A.phone_mask_pct"",""reference"":0.1},{""current"":null,""path"":""emission.noise.A.phonetic_error_pct"",""reference"":0.0},{""current"":null,""path"":""emission.noise.A.ssn_mask_pct"",""reference"":0.2},{""current"":null,""path"":""emission.noise.A.suffix_missing_pct"",""reference"":0.0},{""current"":null,""path"":""emission.noise.A.zip_digit_error_pct"",""reference"":0.0},{""current"":null,""path"":""emission.noise.B.address_missing_pct"",""reference"":0.2},{""current"":null,""path"":""emission.noise.B.date_swap_pct"",""reference"":0.0},{""current"":null,""path"":""emission.noise.B.dob_shift_pct"",""reference"":0.2},{""current"":18.0,""path"":""emission.noise.B.middle_name_missing_pct"",""reference"":8.0},{""current"":1.5,""path"":""emission.noise.B.name_typo_pct"",""reference"":0.5},{""current"":null,""path"":""emission.noise.B.nickname_pct"",""reference"":0.0},{""current"":null,""path"":""emission.noise.B.ocr_error_pct"",""reference"":0.0},{""current"":null,""path"":""emission.noise.B.phone_mask_pct"",""reference"":0.2},{""current"":null,""path"":""emission.noise.B.phonetic_error_pct"",""reference"":0.0},{""current"":null,""path"":""emission.noise.B.ssn_mask_pct"",""reference"":0.5},{""current"":null,""path"":""emission.noise.B.suffix_missing_pct"",""reference"":0.0},{""current"":1.0,""path"":""emission.noise.B.zip_digit_error_pct"",""reference"":0.2},{""current"":22.0,""path"":""emission.overlap_entity_pct"",""reference"":92.0},{""current"":9.0,""path"":""parameters.move_rate_pct"",""reference"":8.0}]",paper_experiments/results/E2_E6/E2/configs/e2_clean_baseline_linkage_s20260728.yaml,phase2/runs/2026-07-24_e2_low_overlap_sparse_coverage_s20260728_seed20260728,"SHA-256 of sorted UTF-8 name-NUL-fileSHA256-NUL entries for truth_people.parquet, truth_households.parquet, truth_household_memberships.parquet, truth_residence_history.parquet, truth_events.parquet, entity_record_map.csv"
Table II,low_overlap_sparse_coverage,E2,low_overlap_sparse_coverage,20260729,paper_experiments/results/E2_E6/E2/configs/e2_low_overlap_sparse_coverage_s20260729.yaml,0066643510a37f2a801a819b2136492891d707bcef2700f4dd26db7635f9e845,9c77bb973a553b9a4bbb8b90d4f2b2e772297f19fd673e7b60e680a37f3f8454,"{""entity_record_map.csv"":""4aaa2117df2c3376b0d7ab693831cf8915699c8fa39253214658cd3a23271a0c"",""truth_events.parquet"":""f0adeb8987f075d08ae1fe4db070f1e6aee30511ffe4014ad50a5e08c39148c8"",""truth_household_memberships.parquet"":""e3f7bc33c6f22e57fc2b4c43cdca736d1cb950e84dd3279836d1bfc2e4415160"",""truth_households.parquet"":""3592c8c3a12177d77b248c6fca89bcae1d4354fc473ce0df5bae8251dfd12f24"",""truth_people.parquet"":""d8fa66d765ce78f5214ccc420d3e11d1cd018a7bfb88e484333af6481ce69fbd"",""truth_residence_history.parquet"":""cfdbee606829c65bc5b4d79784e40399baa0becd12d18f0b0187df208d5af6a7""}","[{""current"":58.0,""path"":""emission.appearance_A_pct"",""reference"":96.0},{""current"":52.0,""path"":""emission.appearance_B_pct"",""reference"":97.0},{""current"":null,""path"":""emission.noise.A.address_missing_pct"",""reference"":0.1},{""current"":null,""path"":""emission.noise.A.date_swap_pct"",""reference"":0.0},{""current"":null,""path"":""emission.noise.A.dob_shift_pct"",""reference"":0.0},{""current"":12.0,""path"":""emission.noise.A.middle_name_missing_pct"",""reference"":5.0},{""current"":null,""path"":""emission.noise.A.name_typo_pct"",""reference"":0.2},{""current"":null,""path"":""emission.noise.A.nickname_pct"",""reference"":0.0},{""current"":null,""path"":""emission.noise.A.ocr_error_pct"",""reference"":0.0},{""current"":null,""path"":""emission.noise.A.phone_mask_pct"",""reference"":0.1},{""current"":null,""path"":""emission.noise.A.phonetic_error_pct"",""reference"":0.0},{""current"":null,""path"":""emission.noise.A.ssn_mask_pct"",""reference"":0.2},{""current"":null,""path"":""emission.noise.A.suffix_missing_pct"",""reference"":0.0},{""current"":null,""path"":""emission.noise.A.zip_digit_error_pct"",""reference"":0.0},{""current"":null,""path"":""emission.noise.B.address_missing_pct"",""reference"":0.2},{""current"":null,""path"":""emission.noise.B.date_swap_pct"",""reference"":0.0},{""current"":null,""path"":""emission.noise.B.dob_shift_pct"",""reference"":0.2},{""current"":18.0,""path"":""emission.noise.B.middle_name_missing_pct"",""reference"":8.0},{""current"":1.5,""path"":""emission.noise.B.name_typo_pct"",""reference"":0.5},{""current"":null,""path"":""emission.noise.B.nickname_pct"",""reference"":0.0},{""current"":null,""path"":""emission.noise.B.ocr_error_pct"",""reference"":0.0},{""current"":null,""path"":""emission.noise.B.phone_mask_pct"",""reference"":0.2},{""current"":null,""path"":""emission.noise.B.phonetic_error_pct"",""reference"":0.0},{""current"":null,""path"":""emission.noise.B.ssn_mask_pct"",""reference"":0.5},{""current"":null,""path"":""emission.noise.B.suffix_missing_pct"",""reference"":0.0},{""current"":1.0,""path"":""emission.noise.B.zip_digit_error_pct"",""reference"":0.2},{""current"":22.0,""path"":""emission.overlap_entity_pct"",""reference"":92.0},{""current"":9.0,""path"":""parameters.move_rate_pct"",""reference"":8.0}]",paper_experiments/results/E2_E6/E2/configs/e2_clean_baseline_linkage_s20260729.yaml,phase2/runs/2026-07-24_e2_low_overlap_sparse_coverage_s20260729_seed20260729,"SHA-256 of sorted UTF-8 name-NUL-fileSHA256-NUL entries for truth_people.parquet, truth_households.parquet, truth_household_memberships.parquet, truth_residence_history.parquet, truth_events.parquet, entity_record_map.csv"
Table II,name_change_lifecycle,E2,name_change_lifecycle,20260720,paper_experiments/results/E2_E6/E2/configs/e2_name_change_lifecycle_s20260720.yaml,f82b6bf8ce8937d849f254bcdb9888262d6e8c4eaae222eac5814bdc8f131bec,61d785d86c3160c3bae0bbc911361a96671f5b0bba25365dfc1228cb5345ad99,"{""entity_record_map.csv"":""4c3740f50b719107a17a8f0ca63393c679d17f77b06fe1b18801d88cd1906bdc"",""truth_events.parquet"":""789c671419e32db1e7f0795b15ae78b34f1920dff8b73acb9c05273f818d2ed2"",""truth_household_memberships.parquet"":""2ae44742a238f75f9c56e7e95bf4f595fbf55b21db3f335b37c0a2a27a51ccae"",""truth_households.parquet"":""ed6a4ff42d64b889aebaffef1fbe572ba9f544101bc08a8ea8a1767027614d1a"",""truth_people.parquet"":""9aa320e95671e4c30f201fe5468ae70211ba10d7a5f3a24a858e8a5e5a1cdd7e"",""truth_residence_history.parquet"":""0015fa10c9e7396b649805014d512afa97fcf940bfad3cb1cffce6a61fc70ccf""}","[{""current"":100.0,""path"":""emission.appearance_A_pct"",""reference"":96.0},{""current"":100.0,""path"":""emission.appearance_B_pct"",""reference"":97.0},{""current"":0.0,""path"":""emission.duplication_in_A_pct"",""reference"":1.0},{""current"":0.0,""path"":""emission.duplication_in_B_pct"",""reference"":2.0},{""current"":0.0,""path"":""emission.noise.A.address_missing_pct"",""reference"":0.1},{""current"":0.0,""path"":""emission.noise.A.middle_name_missing_pct"",""reference"":5.0},{""current"":0.0,""path"":""emission.noise.A.name_typo_pct"",""reference"":0.2},{""current"":0.0,""path"":""emission.noise.A.phone_mask_pct"",""reference"":0.1},{""current"":0.0,""path"":""emission.noise.A.ssn_mask_pct"",""reference"":0.2},{""current"":0.0,""path"":""emission.noise.B.address_missing_pct"",""reference"":0.2},{""current"":0.0,""path"":""emission.noise.B.dob_shift_pct"",""reference"":0.2},{""current"":0.0,""path"":""emission.noise.B.middle_name_missing_pct"",""reference"":8.0},{""current"":0.0,""path"":""emission.noise.B.name_typo_pct"",""reference"":0.5},{""current"":0.0,""path"":""emission.noise.B.phone_mask_pct"",""reference"":0.2},{""current"":0.0,""path"":""emission.noise.B.ssn_mask_pct"",""reference"":0.5},{""current"":0.0,""path"":""emission.noise.B.zip_digit_error_pct"",""reference"":0.2},{""current"":100.0,""path"":""emission.overlap_entity_pct"",""reference"":92.0},{""current"":null,""path"":""parameters.move_rate_pct"",""reference"":8.0},{""current"":100.0,""path"":""parameters.name_change_rate_pct"",""reference"":null},{""current"":[""age_18_34"",""age_35_64"",""age_65_plus""],""path"":""selection.filters.age_bins"",""reference"":[]},{""current"":""count"",""path"":""selection.sample.mode"",""reference"":""pct""},{""current"":10000,""path"":""selection.sample.value"",""reference"":100.0},{""current"":1,""path"":""simulation.periods"",""reference"":12}]",paper_experiments/results/E2_E6/E2/configs/e2_clean_baseline_linkage_s20260720.yaml,phase2/runs/2026-07-24_e2_name_change_lifecycle_s20260720_seed20260720,"SHA-256 of sorted UTF-8 name-NUL-fileSHA256-NUL entries for truth_people.parquet, truth_households.parquet, truth_household_memberships.parquet, truth_residence_history.parquet, truth_events.parquet, entity_record_map.csv"
Table II,name_change_lifecycle,E2,name_change_lifecycle,20260721,paper_experiments/results/E2_E6/E2/configs/e2_name_change_lifecycle_s20260721.yaml,ac30f17fc1ec3f46ee0c2fe854f4c9c91d4a0db9da7cf4eea1929bd1bd509757,cecb089c22aa5afaf02bab195ca916271862fb72a3ea61b32a81e62652321977,"{""entity_record_map.csv"":""7e83fe33c7c6483068f08ab6c0a944ae209d73d101a9a156ed50234235641bd3"",""truth_events.parquet"":""1ab41a9a0c97ae93c65af07d7e8486bedefd0052392b52853c87343151c78990"",""truth_household_memberships.parquet"":""66c30c8f71512083bd9e1277b1ed3ab0fe81934bff112315f93d2f85f72897e3"",""truth_households.parquet"":""ed6a4ff42d64b889aebaffef1fbe572ba9f544101bc08a8ea8a1767027614d1a"",""truth_people.parquet"":""c7882b9c42d506da5ec1e41ba0217c4e90d01067b56c8803397f82b4dda75c53"",""truth_residence_history.parquet"":""81bccf4bf730c993fbdd04fb87709d7b9f551d78c5677407aa42022e3d8c883f""}","[{""current"":100.0,""path"":""emission.appearance_A_pct"",""reference"":96.0},{""current"":100.0,""path"":""emission.appearance_B_pct"",""reference"":97.0},{""current"":0.0,""path"":""emission.duplication_in_A_pct"",""reference"":1.0},{""current"":0.0,""path"":""emission.duplication_in_B_pct"",""reference"":2.0},{""current"":0.0,""path"":""emission.noise.A.address_missing_pct"",""reference"":0.1},{""current"":0.0,""path"":""emission.noise.A.middle_name_missing_pct"",""reference"":5.0},{""current"":0.0,""path"":""emission.noise.A.name_typo_pct"",""reference"":0.2},{""current"":0.0,""path"":""emission.noise.A.phone_mask_pct"",""reference"":0.1},{""current"":0.0,""path"":""emission.noise.A.ssn_mask_pct"",""reference"":0.2},{""current"":0.0,""path"":""emission.noise.B.address_missing_pct"",""reference"":0.2},{""current"":0.0,""path"":""emission.noise.B.dob_shift_pct"",""reference"":0.2},{""current"":0.0,""path"":""emission.noise.B.middle_name_missing_pct"",""reference"":8.0},{""current"":0.0,""path"":""emission.noise.B.name_typo_pct"",""reference"":0.5},{""current"":0.0,""path"":""emission.noise.B.phone_mask_pct"",""reference"":0.2},{""current"":0.0,""path"":""emission.noise.B.ssn_mask_pct"",""reference"":0.5},{""current"":0.0,""path"":""emission.noise.B.zip_digit_error_pct"",""reference"":0.2},{""current"":100.0,""path"":""emission.overlap_entity_pct"",""reference"":92.0},{""current"":null,""path"":""parameters.move_rate_pct"",""reference"":8.0},{""current"":100.0,""path"":""parameters.name_change_rate_pct"",""reference"":null},{""current"":[""age_18_34"",""age_35_64"",""age_65_plus""],""path"":""selection.filters.age_bins"",""reference"":[]},{""current"":""count"",""path"":""selection.sample.mode"",""reference"":""pct""},{""current"":10000,""path"":""selection.sample.value"",""reference"":100.0},{""current"":1,""path"":""simulation.periods"",""reference"":12}]",paper_experiments/results/E2_E6/E2/configs/e2_clean_baseline_linkage_s20260721.yaml,phase2/runs/2026-07-24_e2_name_change_lifecycle_s20260721_seed20260721,"SHA-256 of sorted UTF-8 name-NUL-fileSHA256-NUL entries for truth_people.parquet, truth_households.parquet, truth_household_memberships.parquet, truth_residence_history.parquet, truth_events.parquet, entity_record_map.csv"
Table II,name_change_lifecycle,E2,name_change_lifecycle,20260722,paper_experiments/results/E2_E6/E2/configs/e2_name_change_lifecycle_s20260722.yaml,c808a6fd85a04d5fa698d555e4a3b0d01c0919b72c053f42bcb04eb7619f6f5e,eb288e3f4a76d66d16e516a198155d89798aa3a09bdbb26c8b0b2ee4f337db9b,"{""entity_record_map.csv"":""e825dbdb0a33e04869ec92df77df602f25184f13cd7ecc883a4333bf09756be3"",""truth_events.parquet"":""5738fa90ffb055da7327932c68e07a8235583f9a3877bd59cc48ee38fcf64566"",""truth_household_memberships.parquet"":""4dc95d05597df2cb7d019c7031b9c2f895b7af6a7dca2c86a863b92e3fe235e4"",""truth_households.parquet"":""ed6a4ff42d64b889aebaffef1fbe572ba9f544101bc08a8ea8a1767027614d1a"",""truth_people.parquet"":""c2a8f60be3470e38c7b6cbbcf269b22f06bdc3ef9e47cf8fbbe688943b1525c5"",""truth_residence_history.parquet"":""2e16f7eaa809d2f103e19d7bbbf80265353793530c4f9a7612b334b521e5a579""}","[{""current"":100.0,""path"":""emission.appearance_A_pct"",""reference"":96.0},{""current"":100.0,""path"":""emission.appearance_B_pct"",""reference"":97.0},{""current"":0.0,""path"":""emission.duplication_in_A_pct"",""reference"":1.0},{""current"":0.0,""path"":""emission.duplication_in_B_pct"",""reference"":2.0},{""current"":0.0,""path"":""emission.noise.A.address_missing_pct"",""reference"":0.1},{""current"":0.0,""path"":""emission.noise.A.middle_name_missing_pct"",""reference"":5.0},{""current"":0.0,""path"":""emission.noise.A.name_typo_pct"",""reference"":0.2},{""current"":0.0,""path"":""emission.noise.A.phone_mask_pct"",""reference"":0.1},{""current"":0.0,""path"":""emission.noise.A.ssn_mask_pct"",""reference"":0.2},{""current"":0.0,""path"":""emission.noise.B.address_missing_pct"",""reference"":0.2},{""current"":0.0,""path"":""emission.noise.B.dob_shift_pct"",""reference"":0.2},{""current"":0.0,""path"":""emission.noise.B.middle_name_missing_pct"",""reference"":8.0},{""current"":0.0,""path"":""emission.noise.B.name_typo_pct"",""reference"":0.5},{""current"":0.0,""path"":""emission.noise.B.phone_mask_pct"",""reference"":0.2},{""current"":0.0,""path"":""emission.noise.B.ssn_mask_pct"",""reference"":0.5},{""current"":0.0,""path"":""emission.noise.B.zip_digit_error_pct"",""reference"":0.2},{""current"":100.0,""path"":""emission.overlap_entity_pct"",""reference"":92.0},{""current"":null,""path"":""parameters.move_rate_pct"",""reference"":8.0},{""current"":100.0,""path"":""parameters.name_change_rate_pct"",""reference"":null},{""current"":[""age_18_34"",""age_35_64"",""age_65_plus""],""path"":""selection.filters.age_bins"",""reference"":[]},{""current"":""count"",""path"":""selection.sample.mode"",""reference"":""pct""},{""current"":10000,""path"":""selection.sample.value"",""reference"":100.0},{""current"":1,""path"":""simulation.periods"",""reference"":12}]",paper_experiments/results/E2_E6/E2/configs/e2_clean_baseline_linkage_s20260722.yaml,phase2/runs/2026-07-24_e2_name_change_lifecycle_s20260722_seed20260722,"SHA-256 of sorted UTF-8 name-NUL-fileSHA256-NUL entries for truth_people.parquet, truth_households.parquet, truth_household_memberships.parquet, truth_residence_history.parquet, truth_events.parquet, entity_record_map.csv"
Table II,name_change_lifecycle,E2,name_change_lifecycle,20260723,paper_experiments/results/E2_E6/E2/configs/e2_name_change_lifecycle_s20260723.yaml,e7e64cc30e5014c9f842409484df6f972c262eb1f689b0d09bd009f0beecc2fd,b420a9774f8b8501173a063e71a633548ccb5d8458e1599e30495d682b4285c5,"{""entity_record_map.csv"":""e5a27d74137728475916dc13d0b6e60bebdeefacd0624be798015bce5f41ea3b"",""truth_events.parquet"":""c3b452831656ab561a21e07ab8f4335addd84c5c54d2e37c5c88062504f1b875"",""truth_household_memberships.parquet"":""7808252a7a90cfc521c588cc61ca54e54e944082418cc8a17c6774ab483a2190"",""truth_households.parquet"":""ed6a4ff42d64b889aebaffef1fbe572ba9f544101bc08a8ea8a1767027614d1a"",""truth_people.parquet"":""1d72314a6cedd3cf9a6531c0c1b2708d609e97a79a26adf8e59c16f089575e29"",""truth_residence_history.parquet"":""9729a52baefc33ed6ca00c24597e843974040c32a50b2767b0d4d4cd88762464""}","[{""current"":100.0,""path"":""emission.appearance_A_pct"",""reference"":96.0},{""current"":100.0,""path"":""emission.appearance_B_pct"",""reference"":97.0},{""current"":0.0,""path"":""emission.duplication_in_A_pct"",""reference"":1.0},{""current"":0.0,""path"":""emission.duplication_in_B_pct"",""reference"":2.0},{""current"":0.0,""path"":""emission.noise.A.address_missing_pct"",""reference"":0.1},{""current"":0.0,""path"":""emission.noise.A.middle_name_missing_pct"",""reference"":5.0},{""current"":0.0,""path"":""emission.noise.A.name_typo_pct"",""reference"":0.2},{""current"":0.0,""path"":""emission.noise.A.phone_mask_pct"",""reference"":0.1},{""current"":0.0,""path"":""emission.noise.A.ssn_mask_pct"",""reference"":0.2},{""current"":0.0,""path"":""emission.noise.B.address_missing_pct"",""reference"":0.2},{""current"":0.0,""path"":""emission.noise.B.dob_shift_pct"",""reference"":0.2},{""current"":0.0,""path"":""emission.noise.B.middle_name_missing_pct"",""reference"":8.0},{""current"":0.0,""path"":""emission.noise.B.name_typo_pct"",""reference"":0.5},{""current"":0.0,""path"":""emission.noise.B.phone_mask_pct"",""reference"":0.2},{""current"":0.0,""path"":""emission.noise.B.ssn_mask_pct"",""reference"":0.5},{""current"":0.0,""path"":""emission.noise.B.zip_digit_error_pct"",""reference"":0.2},{""current"":100.0,""path"":""emission.overlap_entity_pct"",""reference"":92.0},{""current"":null,""path"":""parameters.move_rate_pct"",""reference"":8.0},{""current"":100.0,""path"":""parameters.name_change_rate_pct"",""reference"":null},{""current"":[""age_18_34"",""age_35_64"",""age_65_plus""],""path"":""selection.filters.age_bins"",""reference"":[]},{""current"":""count"",""path"":""selection.sample.mode"",""reference"":""pct""},{""current"":10000,""path"":""selection.sample.value"",""reference"":100.0},{""current"":1,""path"":""simulation.periods"",""reference"":12}]",paper_experiments/results/E2_E6/E2/configs/e2_clean_baseline_linkage_s20260723.yaml,phase2/runs/2026-07-24_e2_name_change_lifecycle_s20260723_seed20260723,"SHA-256 of sorted UTF-8 name-NUL-fileSHA256-NUL entries for truth_people.parquet, truth_households.parquet, truth_household_memberships.parquet, truth_residence_history.parquet, truth_events.parquet, entity_record_map.csv"
Table II,name_change_lifecycle,E2,name_change_lifecycle,20260724,paper_experiments/results/E2_E6/E2/configs/e2_name_change_lifecycle_s20260724.yaml,8367393b15640765eaa94c05fd642a0be2fac71f4aca875b314f50c69cf945cf,beed54da27e4105b6cbaded68141cd63a6e4cb443106edd383f73da6c686aaa5,"{""entity_record_map.csv"":""bcd54d9980cab737314954a5a4e654b49c9cbd0b352332eccdbb95fff2ff0a54"",""truth_events.parquet"":""276488768c7ce3ae53d4dffef3a4e8dca5ef67d079c7ad4039348ccdcd4edc4d"",""truth_household_memberships.parquet"":""5c570101cac9e5e3bed934b191fcab41f57e6db702aeba9c26ba441e4e9a366b"",""truth_households.parquet"":""ed6a4ff42d64b889aebaffef1fbe572ba9f544101bc08a8ea8a1767027614d1a"",""truth_people.parquet"":""c258392c0e81b979dc48f491d84495f9f1ce14de1a73d7bc1b93c49ab8eaa284"",""truth_residence_history.parquet"":""b8456ee4eb37081f54edd66c83dc1e7aba962414f2ccf5a3b827e13f68fb99e1""}","[{""current"":100.0,""path"":""emission.appearance_A_pct"",""reference"":96.0},{""current"":100.0,""path"":""emission.appearance_B_pct"",""reference"":97.0},{""current"":0.0,""path"":""emission.duplication_in_A_pct"",""reference"":1.0},{""current"":0.0,""path"":""emission.duplication_in_B_pct"",""reference"":2.0},{""current"":0.0,""path"":""emission.noise.A.address_missing_pct"",""reference"":0.1},{""current"":0.0,""path"":""emission.noise.A.middle_name_missing_pct"",""reference"":5.0},{""current"":0.0,""path"":""emission.noise.A.name_typo_pct"",""reference"":0.2},{""current"":0.0,""path"":""emission.noise.A.phone_mask_pct"",""reference"":0.1},{""current"":0.0,""path"":""emission.noise.A.ssn_mask_pct"",""reference"":0.2},{""current"":0.0,""path"":""emission.noise.B.address_missing_pct"",""reference"":0.2},{""current"":0.0,""path"":""emission.noise.B.dob_shift_pct"",""reference"":0.2},{""current"":0.0,""path"":""emission.noise.B.middle_name_missing_pct"",""reference"":8.0},{""current"":0.0,""path"":""emission.noise.B.name_typo_pct"",""reference"":0.5},{""current"":0.0,""path"":""emission.noise.B.phone_mask_pct"",""reference"":0.2},{""current"":0.0,""path"":""emission.noise.B.ssn_mask_pct"",""reference"":0.5},{""current"":0.0,""path"":""emission.noise.B.zip_digit_error_pct"",""reference"":0.2},{""current"":100.0,""path"":""emission.overlap_entity_pct"",""reference"":92.0},{""current"":null,""path"":""parameters.move_rate_pct"",""reference"":8.0},{""current"":100.0,""path"":""parameters.name_change_rate_pct"",""reference"":null},{""current"":[""age_18_34"",""age_35_64"",""age_65_plus""],""path"":""selection.filters.age_bins"",""reference"":[]},{""current"":""count"",""path"":""selection.sample.mode"",""reference"":""pct""},{""current"":10000,""path"":""selection.sample.value"",""reference"":100.0},{""current"":1,""path"":""simulation.periods"",""reference"":12}]",paper_experiments/results/E2_E6/E2/configs/e2_clean_baseline_linkage_s20260724.yaml,phase2/runs/2026-07-24_e2_name_change_lifecycle_s20260724_seed20260724,"SHA-256 of sorted UTF-8 name-NUL-fileSHA256-NUL entries for truth_people.parquet, truth_households.parquet, truth_household_memberships.parquet, truth_residence_history.parquet, truth_events.parquet, entity_record_map.csv"
Table II,name_change_lifecycle,E2,name_change_lifecycle,20260725,paper_experiments/results/E2_E6/E2/configs/e2_name_change_lifecycle_s20260725.yaml,4715b7da20b624ba248335a0b369268615da034516f6e7d5aed2f15f2f50a3a1,831d596ecf702f8d056d1fd71f5f62dd49bd88dbf93d9719db67b4f1319673a5,"{""entity_record_map.csv"":""8435178b4bb64cb8a739c429214d01ee4ebc7831ae23f33454811b2f8aaa44a8"",""truth_events.parquet"":""e873f3ad739023ab48756fc0791ab43c8a8847a839435293084a49f8da91594c"",""truth_household_memberships.parquet"":""ebba6d7638219fbad8f4a07278d800552d51bc33b41541ae5a611a3912672cff"",""truth_households.parquet"":""ed6a4ff42d64b889aebaffef1fbe572ba9f544101bc08a8ea8a1767027614d1a"",""truth_people.parquet"":""01238a1b22558d3a0967390d290bc8c811f7d8c529febad4d58cad28e7a80787"",""truth_residence_history.parquet"":""d998c9f1362a5bb3082f3ac68841fac083ae456196ccd70e3421ed0ede260d17""}","[{""current"":100.0,""path"":""emission.appearance_A_pct"",""reference"":96.0},{""current"":100.0,""path"":""emission.appearance_B_pct"",""reference"":97.0},{""current"":0.0,""path"":""emission.duplication_in_A_pct"",""reference"":1.0},{""current"":0.0,""path"":""emission.duplication_in_B_pct"",""reference"":2.0},{""current"":0.0,""path"":""emission.noise.A.address_missing_pct"",""reference"":0.1},{""current"":0.0,""path"":""emission.noise.A.middle_name_missing_pct"",""reference"":5.0},{""current"":0.0,""path"":""emission.noise.A.name_typo_pct"",""reference"":0.2},{""current"":0.0,""path"":""emission.noise.A.phone_mask_pct"",""reference"":0.1},{""current"":0.0,""path"":""emission.noise.A.ssn_mask_pct"",""reference"":0.2},{""current"":0.0,""path"":""emission.noise.B.address_missing_pct"",""reference"":0.2},{""current"":0.0,""path"":""emission.noise.B.dob_shift_pct"",""reference"":0.2},{""current"":0.0,""path"":""emission.noise.B.middle_name_missing_pct"",""reference"":8.0},{""current"":0.0,""path"":""emission.noise.B.name_typo_pct"",""reference"":0.5},{""current"":0.0,""path"":""emission.noise.B.phone_mask_pct"",""reference"":0.2},{""current"":0.0,""path"":""emission.noise.B.ssn_mask_pct"",""reference"":0.5},{""current"":0.0,""path"":""emission.noise.B.zip_digit_error_pct"",""reference"":0.2},{""current"":100.0,""path"":""emission.overlap_entity_pct"",""reference"":92.0},{""current"":null,""path"":""parameters.move_rate_pct"",""reference"":8.0},{""current"":100.0,""path"":""parameters.name_change_rate_pct"",""reference"":null},{""current"":[""age_18_34"",""age_35_64"",""age_65_plus""],""path"":""selection.filters.age_bins"",""reference"":[]},{""current"":""count"",""path"":""selection.sample.mode"",""reference"":""pct""},{""current"":10000,""path"":""selection.sample.value"",""reference"":100.0},{""current"":1,""path"":""simulation.periods"",""reference"":12}]",paper_experiments/results/E2_E6/E2/configs/e2_clean_baseline_linkage_s20260725.yaml,phase2/runs/2026-07-24_e2_name_change_lifecycle_s20260725_seed20260725,"SHA-256 of sorted UTF-8 name-NUL-fileSHA256-NUL entries for truth_people.parquet, truth_households.parquet, truth_household_memberships.parquet, truth_residence_history.parquet, truth_events.parquet, entity_record_map.csv"
Table II,name_change_lifecycle,E2,name_change_lifecycle,20260726,paper_experiments/results/E2_E6/E2/configs/e2_name_change_lifecycle_s20260726.yaml,6030617c698a3a6be7bdd3931a756127ed7ab8762579f3d0a4df8b6cb179f9aa,0f93adc49955bd57634ccb3ce44f2695efa259e5f16a150a00a47aa9d9e82dc9,"{""entity_record_map.csv"":""6dd9beaa4a87bcc316c55503b30995ee2ab4ad758fbceff7e2b68ead0f31759a"",""truth_events.parquet"":""2973d067996114cd405d7c214bdf630d0ad766c9a4ad1e5df66b79876d80603b"",""truth_household_memberships.parquet"":""474bea86f5db4ed6bbe9fc2a9cabe8b40845d28edace151b998e5560bf6ead2e"",""truth_households.parquet"":""ed6a4ff42d64b889aebaffef1fbe572ba9f544101bc08a8ea8a1767027614d1a"",""truth_people.parquet"":""4f3640d296a8b6df782bc1e61780d865a8ae5870149fe52ce153680105be6ae3"",""truth_residence_history.parquet"":""b8fd9270ac413bd9b1a534c087fb576033b2ca949ac11df39efcdbfada056a8d""}","[{""current"":100.0,""path"":""emission.appearance_A_pct"",""reference"":96.0},{""current"":100.0,""path"":""emission.appearance_B_pct"",""reference"":97.0},{""current"":0.0,""path"":""emission.duplication_in_A_pct"",""reference"":1.0},{""current"":0.0,""path"":""emission.duplication_in_B_pct"",""reference"":2.0},{""current"":0.0,""path"":""emission.noise.A.address_missing_pct"",""reference"":0.1},{""current"":0.0,""path"":""emission.noise.A.middle_name_missing_pct"",""reference"":5.0},{""current"":0.0,""path"":""emission.noise.A.name_typo_pct"",""reference"":0.2},{""current"":0.0,""path"":""emission.noise.A.phone_mask_pct"",""reference"":0.1},{""current"":0.0,""path"":""emission.noise.A.ssn_mask_pct"",""reference"":0.2},{""current"":0.0,""path"":""emission.noise.B.address_missing_pct"",""reference"":0.2},{""current"":0.0,""path"":""emission.noise.B.dob_shift_pct"",""reference"":0.2},{""current"":0.0,""path"":""emission.noise.B.middle_name_missing_pct"",""reference"":8.0},{""current"":0.0,""path"":""emission.noise.B.name_typo_pct"",""reference"":0.5},{""current"":0.0,""path"":""emission.noise.B.phone_mask_pct"",""reference"":0.2},{""current"":0.0,""path"":""emission.noise.B.ssn_mask_pct"",""reference"":0.5},{""current"":0.0,""path"":""emission.noise.B.zip_digit_error_pct"",""reference"":0.2},{""current"":100.0,""path"":""emission.overlap_entity_pct"",""reference"":92.0},{""current"":null,""path"":""parameters.move_rate_pct"",""reference"":8.0},{""current"":100.0,""path"":""parameters.name_change_rate_pct"",""reference"":null},{""current"":[""age_18_34"",""age_35_64"",""age_65_plus""],""path"":""selection.filters.age_bins"",""reference"":[]},{""current"":""count"",""path"":""selection.sample.mode"",""reference"":""pct""},{""current"":10000,""path"":""selection.sample.value"",""reference"":100.0},{""current"":1,""path"":""simulation.periods"",""reference"":12}]",paper_experiments/results/E2_E6/E2/configs/e2_clean_baseline_linkage_s20260726.yaml,phase2/runs/2026-07-24_e2_name_change_lifecycle_s20260726_seed20260726,"SHA-256 of sorted UTF-8 name-NUL-fileSHA256-NUL entries for truth_people.parquet, truth_households.parquet, truth_household_memberships.parquet, truth_residence_history.parquet, truth_events.parquet, entity_record_map.csv"
Table II,name_change_lifecycle,E2,name_change_lifecycle,20260727,paper_experiments/results/E2_E6/E2/configs/e2_name_change_lifecycle_s20260727.yaml,2ff8a2b564446539434e92a6210fcbcc5677e25f4d344f8d6f1b559f88dcc941,b6974febfab6a87b0c6ed26dbefba30aa31e80edef3dae56de1114acdaece5e8,"{""entity_record_map.csv"":""1f4705623b4ab0d5be63fbc1c452905ba3c6969b71903fb153f5e319aa46f570"",""truth_events.parquet"":""9a53145bb6f427bba81bbcf15b51618504d812a85298a143c9edce5a70c3b19a"",""truth_household_memberships.parquet"":""02df846a0b57eb2e85921dbb78900ba800952a1d38e12ed74df0616c4e943281"",""truth_households.parquet"":""ed6a4ff42d64b889aebaffef1fbe572ba9f544101bc08a8ea8a1767027614d1a"",""truth_people.parquet"":""4cb1dac716a231e3bfeccc33bec3f76dc865f2c17281bf5ea3c75a75aa587513"",""truth_residence_history.parquet"":""40b8d9a6d622269e8b9c160b74a2f88b3f568859789fdb738a3ff55fd118783f""}","[{""current"":100.0,""path"":""emission.appearance_A_pct"",""reference"":96.0},{""current"":100.0,""path"":""emission.appearance_B_pct"",""reference"":97.0},{""current"":0.0,""path"":""emission.duplication_in_A_pct"",""reference"":1.0},{""current"":0.0,""path"":""emission.duplication_in_B_pct"",""reference"":2.0},{""current"":0.0,""path"":""emission.noise.A.address_missing_pct"",""reference"":0.1},{""current"":0.0,""path"":""emission.noise.A.middle_name_missing_pct"",""reference"":5.0},{""current"":0.0,""path"":""emission.noise.A.name_typo_pct"",""reference"":0.2},{""current"":0.0,""path"":""emission.noise.A.phone_mask_pct"",""reference"":0.1},{""current"":0.0,""path"":""emission.noise.A.ssn_mask_pct"",""reference"":0.2},{""current"":0.0,""path"":""emission.noise.B.address_missing_pct"",""reference"":0.2},{""current"":0.0,""path"":""emission.noise.B.dob_shift_pct"",""reference"":0.2},{""current"":0.0,""path"":""emission.noise.B.middle_name_missing_pct"",""reference"":8.0},{""current"":0.0,""path"":""emission.noise.B.name_typo_pct"",""reference"":0.5},{""current"":0.0,""path"":""emission.noise.B.phone_mask_pct"",""reference"":0.2},{""current"":0.0,""path"":""emission.noise.B.ssn_mask_pct"",""reference"":0.5},{""current"":0.0,""path"":""emission.noise.B.zip_digit_error_pct"",""reference"":0.2},{""current"":100.0,""path"":""emission.overlap_entity_pct"",""reference"":92.0},{""current"":null,""path"":""parameters.move_rate_pct"",""reference"":8.0},{""current"":100.0,""path"":""parameters.name_change_rate_pct"",""reference"":null},{""current"":[""age_18_34"",""age_35_64"",""age_65_plus""],""path"":""selection.filters.age_bins"",""reference"":[]},{""current"":""count"",""path"":""selection.sample.mode"",""reference"":""pct""},{""current"":10000,""path"":""selection.sample.value"",""reference"":100.0},{""current"":1,""path"":""simulation.periods"",""reference"":12}]",paper_experiments/results/E2_E6/E2/configs/e2_clean_baseline_linkage_s20260727.yaml,phase2/runs/2026-07-24_e2_name_change_lifecycle_s20260727_seed20260727,"SHA-256 of sorted UTF-8 name-NUL-fileSHA256-NUL entries for truth_people.parquet, truth_households.parquet, truth_household_memberships.parquet, truth_residence_history.parquet, truth_events.parquet, entity_record_map.csv"
Table II,name_change_lifecycle,E2,name_change_lifecycle,20260728,paper_experiments/results/E2_E6/E2/configs/e2_name_change_lifecycle_s20260728.yaml,5b61c22cfbb381118ed4f96c95191b768dcceac5d8fb27aaf3a8eec5b8441ea1,629cf4f9f457a0382bc7c10a44b33782abd7d52dffa6367ef01d1e3c28638c4e,"{""entity_record_map.csv"":""29ca2ef71b7d03c084c3d1874235415b937398846a117ad49f020258c7fe805d"",""truth_events.parquet"":""a5f1114fd43acb0bf0d8a6fbfb4bf3609f13f24c29e88060742f44ff638719ac"",""truth_household_memberships.parquet"":""b2836b4395c624922e51f4b1dbe43c5d3c3414070cb4183ff9655b15a3e9f842"",""truth_households.parquet"":""ed6a4ff42d64b889aebaffef1fbe572ba9f544101bc08a8ea8a1767027614d1a"",""truth_people.parquet"":""aa36437d2cd80aa3edaa103ec06c32c6d979b39ec93f88302626982805a4d947"",""truth_residence_history.parquet"":""37d0725515b63d6f28b15618f2c40e4fbef9fab98249ae6147f08882aa21769c""}","[{""current"":100.0,""path"":""emission.appearance_A_pct"",""reference"":96.0},{""current"":100.0,""path"":""emission.appearance_B_pct"",""reference"":97.0},{""current"":0.0,""path"":""emission.duplication_in_A_pct"",""reference"":1.0},{""current"":0.0,""path"":""emission.duplication_in_B_pct"",""reference"":2.0},{""current"":0.0,""path"":""emission.noise.A.address_missing_pct"",""reference"":0.1},{""current"":0.0,""path"":""emission.noise.A.middle_name_missing_pct"",""reference"":5.0},{""current"":0.0,""path"":""emission.noise.A.name_typo_pct"",""reference"":0.2},{""current"":0.0,""path"":""emission.noise.A.phone_mask_pct"",""reference"":0.1},{""current"":0.0,""path"":""emission.noise.A.ssn_mask_pct"",""reference"":0.2},{""current"":0.0,""path"":""emission.noise.B.address_missing_pct"",""reference"":0.2},{""current"":0.0,""path"":""emission.noise.B.dob_shift_pct"",""reference"":0.2},{""current"":0.0,""path"":""emission.noise.B.middle_name_missing_pct"",""reference"":8.0},{""current"":0.0,""path"":""emission.noise.B.name_typo_pct"",""reference"":0.5},{""current"":0.0,""path"":""emission.noise.B.phone_mask_pct"",""reference"":0.2},{""current"":0.0,""path"":""emission.noise.B.ssn_mask_pct"",""reference"":0.5},{""current"":0.0,""path"":""emission.noise.B.zip_digit_error_pct"",""reference"":0.2},{""current"":100.0,""path"":""emission.overlap_entity_pct"",""reference"":92.0},{""current"":null,""path"":""parameters.move_rate_pct"",""reference"":8.0},{""current"":100.0,""path"":""parameters.name_change_rate_pct"",""reference"":null},{""current"":[""age_18_34"",""age_35_64"",""age_65_plus""],""path"":""selection.filters.age_bins"",""reference"":[]},{""current"":""count"",""path"":""selection.sample.mode"",""reference"":""pct""},{""current"":10000,""path"":""selection.sample.value"",""reference"":100.0},{""current"":1,""path"":""simulation.periods"",""reference"":12}]",paper_experiments/results/E2_E6/E2/configs/e2_clean_baseline_linkage_s20260728.yaml,phase2/runs/2026-07-24_e2_name_change_lifecycle_s20260728_seed20260728,"SHA-256 of sorted UTF-8 name-NUL-fileSHA256-NUL entries for truth_people.parquet, truth_households.parquet, truth_household_memberships.parquet, truth_residence_history.parquet, truth_events.parquet, entity_record_map.csv"
Table II,name_change_lifecycle,E2,name_change_lifecycle,20260729,paper_experiments/results/E2_E6/E2/configs/e2_name_change_lifecycle_s20260729.yaml,711f52e11c191ae129d3ae3fa835c9b24eaa96f6747ab3f800ac5f68d1bfb0cd,e5baf21211f2c978a243085468068b057b7cfde453f866196640458623eeb8e8,"{""entity_record_map.csv"":""605bb8f3d4afaf6104fb806061ac6b285d903e5633cfee401dc50e9d6150aea7"",""truth_events.parquet"":""950f4c4b21a3242d867cf5b3591f3716de91004bb3d9ca4d2c7fcb955f2bcdac"",""truth_household_memberships.parquet"":""2156c7abc3077ad689a849f3b347573d486d162f2062dfafa227ef96571910d5"",""truth_households.parquet"":""ed6a4ff42d64b889aebaffef1fbe572ba9f544101bc08a8ea8a1767027614d1a"",""truth_people.parquet"":""8677316df141e873578c11d3bedbd6d1c89c271faf00d4e2341efd664a0f60b9"",""truth_residence_history.parquet"":""28f1b7626c225510dabd6fe61671b8015b5f9a9275842fbc230877809f4449c6""}","[{""current"":100.0,""path"":""emission.appearance_A_pct"",""reference"":96.0},{""current"":100.0,""path"":""emission.appearance_B_pct"",""reference"":97.0},{""current"":0.0,""path"":""emission.duplication_in_A_pct"",""reference"":1.0},{""current"":0.0,""path"":""emission.duplication_in_B_pct"",""reference"":2.0},{""current"":0.0,""path"":""emission.noise.A.address_missing_pct"",""reference"":0.1},{""current"":0.0,""path"":""emission.noise.A.middle_name_missing_pct"",""reference"":5.0},{""current"":0.0,""path"":""emission.noise.A.name_typo_pct"",""reference"":0.2},{""current"":0.0,""path"":""emission.noise.A.phone_mask_pct"",""reference"":0.1},{""current"":0.0,""path"":""emission.noise.A.ssn_mask_pct"",""reference"":0.2},{""current"":0.0,""path"":""emission.noise.B.address_missing_pct"",""reference"":0.2},{""current"":0.0,""path"":""emission.noise.B.dob_shift_pct"",""reference"":0.2},{""current"":0.0,""path"":""emission.noise.B.middle_name_missing_pct"",""reference"":8.0},{""current"":0.0,""path"":""emission.noise.B.name_typo_pct"",""reference"":0.5},{""current"":0.0,""path"":""emission.noise.B.phone_mask_pct"",""reference"":0.2},{""current"":0.0,""path"":""emission.noise.B.ssn_mask_pct"",""reference"":0.5},{""current"":0.0,""path"":""emission.noise.B.zip_digit_error_pct"",""reference"":0.2},{""current"":100.0,""path"":""emission.overlap_entity_pct"",""reference"":92.0},{""current"":null,""path"":""parameters.move_rate_pct"",""reference"":8.0},{""current"":100.0,""path"":""parameters.name_change_rate_pct"",""reference"":null},{""current"":[""age_18_34"",""age_35_64"",""age_65_plus""],""path"":""selection.filters.age_bins"",""reference"":[]},{""current"":""count"",""path"":""selection.sample.mode"",""reference"":""pct""},{""current"":10000,""path"":""selection.sample.value"",""reference"":100.0},{""current"":1,""path"":""simulation.periods"",""reference"":12}]",paper_experiments/results/E2_E6/E2/configs/e2_clean_baseline_linkage_s20260729.yaml,phase2/runs/2026-07-24_e2_name_change_lifecycle_s20260729_seed20260729,"SHA-256 of sorted UTF-8 name-NUL-fileSHA256-NUL entries for truth_people.parquet, truth_households.parquet, truth_household_memberships.parquet, truth_residence_history.parquet, truth_events.parquet, entity_record_map.csv"
Table II,roommates_split,E2,roommates_split,20260720,paper_experiments/results/E2_E6/E2/configs/e2_roommates_split_s20260720.yaml,ab16c3b9702427ac583c06b8606d5b912c53d522515b3e8c67673796b2c514fd,7f0fb904efb86d9b2306c02ef36f7c6554f41b9c5cb9d1763291746c09e505d0,"{""entity_record_map.csv"":""ab75db0c18eb0dab861f514458c2f56b9e24076dbfb47f838e099e6d5ea2d381"",""truth_events.parquet"":""084a7ee15aac5b0ecb20bbce05267033eeee156eca654dabc12a70d2e9584eeb"",""truth_household_memberships.parquet"":""d6b855f839b44c8dce4cd21941b45ef7275129f40d8669fafecf5aac2baa419b"",""truth_households.parquet"":""7dc3990db8fe560b5e8656ee291791e3d8c838637a6ac1d65dc6191e0ee573bc"",""truth_people.parquet"":""8f82e60abc92d97eff599d68416e532096ffbb435fac1f8878f0f8f5320d0828"",""truth_residence_history.parquet"":""9d80e1eb378723a7530b46c45f25bcf7c9184c5e5e6830c3de86a634a0badfdf""}","[{""current"":80.0,""path"":""emission.appearance_A_pct"",""reference"":96.0},{""current"":88.0,""path"":""emission.appearance_B_pct"",""reference"":97.0},{""current"":""one_to_many"",""path"":""emission.crossfile_match_mode"",""reference"":""one_to_one""},{""current"":12.0,""path"":""emission.duplication_in_A_pct"",""reference"":1.0},{""current"":24.0,""path"":""emission.duplication_in_B_pct"",""reference"":2.0},{""current"":0.8,""path"":""emission.noise.A.address_missing_pct"",""reference"":0.1},{""current"":0.4,""path"":""emission.noise.A.dob_shift_pct"",""reference"":0.0},{""current"":20.0,""path"":""emission.noise.A.middle_name_missing_pct"",""reference"":5.0},{""current"":1.0,""path"":""emission.noise.A.name_typo_pct"",""reference"":0.2},{""current"":0.8,""path"":""emission.noise.A.phone_mask_pct"",""reference"":0.1},{""current"":1.5,""path"":""emission.noise.A.ssn_mask_pct"",""reference"":0.2},{""current"":2.2,""path"":""emission.noise.B.address_missing_pct"",""reference"":0.2},{""current"":1.2,""path"":""emission.noise.B.dob_shift_pct"",""reference"":0.2},{""current"":30.0,""path"":""emission.noise.B.middle_name_missing_pct"",""reference"":8.0},{""current"":2.5,""path"":""emission.noise.B.name_typo_pct"",""reference"":0.5},{""current"":3.0,""path"":""emission.noise.B.ocr_error_pct"",""reference"":0.0},{""current"":3.0,""path"":""emission.noise.B.phone_mask_pct"",""reference"":0.2},{""current"":6.0,""path"":""emission.noise.B.ssn_mask_pct"",""reference"":0.5},{""current"":0.0,""path"":""emission.noise.B.zip_digit_error_pct"",""reference"":0.2},{""current"":58.0,""path"":""emission.overlap_entity_pct"",""reference"":92.0},{""current"":1.2,""path"":""parameters.cohabit_rate_pct"",""reference"":null},{""current"":24.0,""path"":""parameters.move_rate_pct"",""reference"":8.0},{""current"":30,""path"":""parameters.roommate_age_max"",""reference"":null},{""current"":18,""path"":""parameters.roommate_age_min"",""reference"":null},{""current"":42.0,""path"":""parameters.roommate_group_share_pct"",""reference"":null},{""current"":5,""path"":""parameters.roommate_household_size_max"",""reference"":null},{""current"":3,""path"":""parameters.roommate_household_size_min"",""reference"":null},{""current"":45.0,""path"":""parameters.split_rate_pct"",""reference"":null}]",paper_experiments/results/E2_E6/E2/configs/e2_clean_baseline_linkage_s20260720.yaml,phase2/runs/2026-07-24_e2_roommates_split_s20260720_seed20260720,"SHA-256 of sorted UTF-8 name-NUL-fileSHA256-NUL entries for truth_people.parquet, truth_households.parquet, truth_household_memberships.parquet, truth_residence_history.parquet, truth_events.parquet, entity_record_map.csv"
Table II,roommates_split,E2,roommates_split,20260721,paper_experiments/results/E2_E6/E2/configs/e2_roommates_split_s20260721.yaml,11c98cd118e63a1daa3b9ecffa19978a594fb19d51e71e308358590f9ee54050,bac71d9901e644e1f1372acf0b79340bd4aeae4db35ace4c12c88146b6ef8a84,"{""entity_record_map.csv"":""3dc9bd9e152911a106437566fc6d68fa539dfef148698b144eed77311f35806d"",""truth_events.parquet"":""d220099da2feb0ff2620b626c5c19b41a90f9e2c7088845848b10c9aee1ebc4f"",""truth_household_memberships.parquet"":""9d3f745cfd31b08a8a9158c13f668a48e84c4bf817d8273bcca2c2d95ee23757"",""truth_households.parquet"":""202eff4d43037ff9951fb66a19f35e60e1c6d3d0bdd5b7b978c0272955fc1153"",""truth_people.parquet"":""858062d8aa3fccea23735593aa8f1cfa94c661a967b7e81fe0b19157638ac721"",""truth_residence_history.parquet"":""b94f7e582b89cfc45bbbf5acadbb6d52b0f418899ca409fa0bff2e8c1b44fcda""}","[{""current"":80.0,""path"":""emission.appearance_A_pct"",""reference"":96.0},{""current"":88.0,""path"":""emission.appearance_B_pct"",""reference"":97.0},{""current"":""one_to_many"",""path"":""emission.crossfile_match_mode"",""reference"":""one_to_one""},{""current"":12.0,""path"":""emission.duplication_in_A_pct"",""reference"":1.0},{""current"":24.0,""path"":""emission.duplication_in_B_pct"",""reference"":2.0},{""current"":0.8,""path"":""emission.noise.A.address_missing_pct"",""reference"":0.1},{""current"":0.4,""path"":""emission.noise.A.dob_shift_pct"",""reference"":0.0},{""current"":20.0,""path"":""emission.noise.A.middle_name_missing_pct"",""reference"":5.0},{""current"":1.0,""path"":""emission.noise.A.name_typo_pct"",""reference"":0.2},{""current"":0.8,""path"":""emission.noise.A.phone_mask_pct"",""reference"":0.1},{""current"":1.5,""path"":""emission.noise.A.ssn_mask_pct"",""reference"":0.2},{""current"":2.2,""path"":""emission.noise.B.address_missing_pct"",""reference"":0.2},{""current"":1.2,""path"":""emission.noise.B.dob_shift_pct"",""reference"":0.2},{""current"":30.0,""path"":""emission.noise.B.middle_name_missing_pct"",""reference"":8.0},{""current"":2.5,""path"":""emission.noise.B.name_typo_pct"",""reference"":0.5},{""current"":3.0,""path"":""emission.noise.B.ocr_error_pct"",""reference"":0.0},{""current"":3.0,""path"":""emission.noise.B.phone_mask_pct"",""reference"":0.2},{""current"":6.0,""path"":""emission.noise.B.ssn_mask_pct"",""reference"":0.5},{""current"":0.0,""path"":""emission.noise.B.zip_digit_error_pct"",""reference"":0.2},{""current"":58.0,""path"":""emission.overlap_entity_pct"",""reference"":92.0},{""current"":1.2,""path"":""parameters.cohabit_rate_pct"",""reference"":null},{""current"":24.0,""path"":""parameters.move_rate_pct"",""reference"":8.0},{""current"":30,""path"":""parameters.roommate_age_max"",""reference"":null},{""current"":18,""path"":""parameters.roommate_age_min"",""reference"":null},{""current"":42.0,""path"":""parameters.roommate_group_share_pct"",""reference"":null},{""current"":5,""path"":""parameters.roommate_household_size_max"",""reference"":null},{""current"":3,""path"":""parameters.roommate_household_size_min"",""reference"":null},{""current"":45.0,""path"":""parameters.split_rate_pct"",""reference"":null}]",paper_experiments/results/E2_E6/E2/configs/e2_clean_baseline_linkage_s20260721.yaml,phase2/runs/2026-07-24_e2_roommates_split_s20260721_seed20260721,"SHA-256 of sorted UTF-8 name-NUL-fileSHA256-NUL entries for truth_people.parquet, truth_households.parquet, truth_household_memberships.parquet, truth_residence_history.parquet, truth_events.parquet, entity_record_map.csv"
Table II,roommates_split,E2,roommates_split,20260722,paper_experiments/results/E2_E6/E2/configs/e2_roommates_split_s20260722.yaml,b522486cb1890aa54d78892ff6cc35d6021f5001ad7fb52988b1f4a1e7eac08a,a09005eb722cb118ff2c66985f85f18ed8e41a6cc23ed79141ddc38e7c59194d,"{""entity_record_map.csv"":""f4d3ce88ae2427ca2bb0fd9b8ca0525c284066eb8e7c5163e02443124599b1d3"",""truth_events.parquet"":""62abfe30074eb97aa8281b89e09ffaf1fdada730c097d6e43862c67f3ff465c0"",""truth_household_memberships.parquet"":""819537d4cc23f9ed214fc1895c91f403235fd4b750d716a80cf476ad3c33681f"",""truth_households.parquet"":""1619735eb32e9f603ebf5fc43f6bdce23296ebab472bca2ee604220d1ae833ea"",""truth_people.parquet"":""3444f477025dd602970c6f80f2dc1c1a92b74cf26427b5590c2a8aabb1c8cc81"",""truth_residence_history.parquet"":""8fb75123dd702fd0d1a13dc554883617188b800a1c98fc335681938688ebd1dc""}","[{""current"":80.0,""path"":""emission.appearance_A_pct"",""reference"":96.0},{""current"":88.0,""path"":""emission.appearance_B_pct"",""reference"":97.0},{""current"":""one_to_many"",""path"":""emission.crossfile_match_mode"",""reference"":""one_to_one""},{""current"":12.0,""path"":""emission.duplication_in_A_pct"",""reference"":1.0},{""current"":24.0,""path"":""emission.duplication_in_B_pct"",""reference"":2.0},{""current"":0.8,""path"":""emission.noise.A.address_missing_pct"",""reference"":0.1},{""current"":0.4,""path"":""emission.noise.A.dob_shift_pct"",""reference"":0.0},{""current"":20.0,""path"":""emission.noise.A.middle_name_missing_pct"",""reference"":5.0},{""current"":1.0,""path"":""emission.noise.A.name_typo_pct"",""reference"":0.2},{""current"":0.8,""path"":""emission.noise.A.phone_mask_pct"",""reference"":0.1},{""current"":1.5,""path"":""emission.noise.A.ssn_mask_pct"",""reference"":0.2},{""current"":2.2,""path"":""emission.noise.B.address_missing_pct"",""reference"":0.2},{""current"":1.2,""path"":""emission.noise.B.dob_shift_pct"",""reference"":0.2},{""current"":30.0,""path"":""emission.noise.B.middle_name_missing_pct"",""reference"":8.0},{""current"":2.5,""path"":""emission.noise.B.name_typo_pct"",""reference"":0.5},{""current"":3.0,""path"":""emission.noise.B.ocr_error_pct"",""reference"":0.0},{""current"":3.0,""path"":""emission.noise.B.phone_mask_pct"",""reference"":0.2},{""current"":6.0,""path"":""emission.noise.B.ssn_mask_pct"",""reference"":0.5},{""current"":0.0,""path"":""emission.noise.B.zip_digit_error_pct"",""reference"":0.2},{""current"":58.0,""path"":""emission.overlap_entity_pct"",""reference"":92.0},{""current"":1.2,""path"":""parameters.cohabit_rate_pct"",""reference"":null},{""current"":24.0,""path"":""parameters.move_rate_pct"",""reference"":8.0},{""current"":30,""path"":""parameters.roommate_age_max"",""reference"":null},{""current"":18,""path"":""parameters.roommate_age_min"",""reference"":null},{""current"":42.0,""path"":""parameters.roommate_group_share_pct"",""reference"":null},{""current"":5,""path"":""parameters.roommate_household_size_max"",""reference"":null},{""current"":3,""path"":""parameters.roommate_household_size_min"",""reference"":null},{""current"":45.0,""path"":""parameters.split_rate_pct"",""reference"":null}]",paper_experiments/results/E2_E6/E2/configs/e2_clean_baseline_linkage_s20260722.yaml,phase2/runs/2026-07-24_e2_roommates_split_s20260722_seed20260722,"SHA-256 of sorted UTF-8 name-NUL-fileSHA256-NUL entries for truth_people.parquet, truth_households.parquet, truth_household_memberships.parquet, truth_residence_history.parquet, truth_events.parquet, entity_record_map.csv"
Table II,roommates_split,E2,roommates_split,20260723,paper_experiments/results/E2_E6/E2/configs/e2_roommates_split_s20260723.yaml,3f9e5e26eb2385b9d921a93755e80100fcb7e5b24f524ac788b93bcebe322a9d,0b28789354fc36ca90c1a345cbcdc3d7be13169ef840b3f093e7ef0294c05a31,"{""entity_record_map.csv"":""a6c12dac4572ac84be6608d44c3140a9e057789b42fd7c02aad32f1df1b2ca75"",""truth_events.parquet"":""3a34f6ec2da6040278d1b336b72fd75d84909a61c24c04e313f40f713100dc3f"",""truth_household_memberships.parquet"":""64e299e2507bc9ad7cf69354a6b03cffc590e6b55f50b3d3f0ebba7906d61e77"",""truth_households.parquet"":""58fd9b16dc723066f07e62d80a9025104ca7e7767a44ac4ba6711fc8e4ac53aa"",""truth_people.parquet"":""828d72db0aeb7760fb311b436230cb0e437d406367b13d153df7aaf38e97bf04"",""truth_residence_history.parquet"":""87bcce19e73b080a3e87df799b6d78fbb2c4c3cfca870a87ee311f67d86a637b""}","[{""current"":80.0,""path"":""emission.appearance_A_pct"",""reference"":96.0},{""current"":88.0,""path"":""emission.appearance_B_pct"",""reference"":97.0},{""current"":""one_to_many"",""path"":""emission.crossfile_match_mode"",""reference"":""one_to_one""},{""current"":12.0,""path"":""emission.duplication_in_A_pct"",""reference"":1.0},{""current"":24.0,""path"":""emission.duplication_in_B_pct"",""reference"":2.0},{""current"":0.8,""path"":""emission.noise.A.address_missing_pct"",""reference"":0.1},{""current"":0.4,""path"":""emission.noise.A.dob_shift_pct"",""reference"":0.0},{""current"":20.0,""path"":""emission.noise.A.middle_name_missing_pct"",""reference"":5.0},{""current"":1.0,""path"":""emission.noise.A.name_typo_pct"",""reference"":0.2},{""current"":0.8,""path"":""emission.noise.A.phone_mask_pct"",""reference"":0.1},{""current"":1.5,""path"":""emission.noise.A.ssn_mask_pct"",""reference"":0.2},{""current"":2.2,""path"":""emission.noise.B.address_missing_pct"",""reference"":0.2},{""current"":1.2,""path"":""emission.noise.B.dob_shift_pct"",""reference"":0.2},{""current"":30.0,""path"":""emission.noise.B.middle_name_missing_pct"",""reference"":8.0},{""current"":2.5,""path"":""emission.noise.B.name_typo_pct"",""reference"":0.5},{""current"":3.0,""path"":""emission.noise.B.ocr_error_pct"",""reference"":0.0},{""current"":3.0,""path"":""emission.noise.B.phone_mask_pct"",""reference"":0.2},{""current"":6.0,""path"":""emission.noise.B.ssn_mask_pct"",""reference"":0.5},{""current"":0.0,""path"":""emission.noise.B.zip_digit_error_pct"",""reference"":0.2},{""current"":58.0,""path"":""emission.overlap_entity_pct"",""reference"":92.0},{""current"":1.2,""path"":""parameters.cohabit_rate_pct"",""reference"":null},{""current"":24.0,""path"":""parameters.move_rate_pct"",""reference"":8.0},{""current"":30,""path"":""parameters.roommate_age_max"",""reference"":null},{""current"":18,""path"":""parameters.roommate_age_min"",""reference"":null},{""current"":42.0,""path"":""parameters.roommate_group_share_pct"",""reference"":null},{""current"":5,""path"":""parameters.roommate_household_size_max"",""reference"":null},{""current"":3,""path"":""parameters.roommate_household_size_min"",""reference"":null},{""current"":45.0,""path"":""parameters.split_rate_pct"",""reference"":null}]",paper_experiments/results/E2_E6/E2/configs/e2_clean_baseline_linkage_s20260723.yaml,phase2/runs/2026-07-24_e2_roommates_split_s20260723_seed20260723,"SHA-256 of sorted UTF-8 name-NUL-fileSHA256-NUL entries for truth_people.parquet, truth_households.parquet, truth_household_memberships.parquet, truth_residence_history.parquet, truth_events.parquet, entity_record_map.csv"
Table II,roommates_split,E2,roommates_split,20260724,paper_experiments/results/E2_E6/E2/configs/e2_roommates_split_s20260724.yaml,2beac1706bf3a01dc8ba3ed25145d3ce8d20ea29d0190fe58f1d5fbb8f5d208a,623b120336bf3d40bbb256d7597016a46aa78b68c5bb82f8cc228d3e8678ff33,"{""entity_record_map.csv"":""caf560cb1d87389e3c5d0bc3e959443b6e18315cad98e477e157fece1755fb9d"",""truth_events.parquet"":""4524f18f5ad6117b9cd0389071067f106cd2e0e49040679fe7778071751ee274"",""truth_household_memberships.parquet"":""2bf48049ee44272642cd7e81bb042a0db23ff60736f4701dafd521b6c4ad9e73"",""truth_households.parquet"":""70152c28853765f3d4dd60cd68fe893ac9929683d7561ad065e9816b60ae3aba"",""truth_people.parquet"":""afa6beb768f8ed02e51f9f8a147c9a03c534b282c058ffdaed958a017dacdc89"",""truth_residence_history.parquet"":""66a16a98ad7e6be38191a37a13e737afc193dcc33bc348b029fdefe1eca7a662""}","[{""current"":80.0,""path"":""emission.appearance_A_pct"",""reference"":96.0},{""current"":88.0,""path"":""emission.appearance_B_pct"",""reference"":97.0},{""current"":""one_to_many"",""path"":""emission.crossfile_match_mode"",""reference"":""one_to_one""},{""current"":12.0,""path"":""emission.duplication_in_A_pct"",""reference"":1.0},{""current"":24.0,""path"":""emission.duplication_in_B_pct"",""reference"":2.0},{""current"":0.8,""path"":""emission.noise.A.address_missing_pct"",""reference"":0.1},{""current"":0.4,""path"":""emission.noise.A.dob_shift_pct"",""reference"":0.0},{""current"":20.0,""path"":""emission.noise.A.middle_name_missing_pct"",""reference"":5.0},{""current"":1.0,""path"":""emission.noise.A.name_typo_pct"",""reference"":0.2},{""current"":0.8,""path"":""emission.noise.A.phone_mask_pct"",""reference"":0.1},{""current"":1.5,""path"":""emission.noise.A.ssn_mask_pct"",""reference"":0.2},{""current"":2.2,""path"":""emission.noise.B.address_missing_pct"",""reference"":0.2},{""current"":1.2,""path"":""emission.noise.B.dob_shift_pct"",""reference"":0.2},{""current"":30.0,""path"":""emission.noise.B.middle_name_missing_pct"",""reference"":8.0},{""current"":2.5,""path"":""emission.noise.B.name_typo_pct"",""reference"":0.5},{""current"":3.0,""path"":""emission.noise.B.ocr_error_pct"",""reference"":0.0},{""current"":3.0,""path"":""emission.noise.B.phone_mask_pct"",""reference"":0.2},{""current"":6.0,""path"":""emission.noise.B.ssn_mask_pct"",""reference"":0.5},{""current"":0.0,""path"":""emission.noise.B.zip_digit_error_pct"",""reference"":0.2},{""current"":58.0,""path"":""emission.overlap_entity_pct"",""reference"":92.0},{""current"":1.2,""path"":""parameters.cohabit_rate_pct"",""reference"":null},{""current"":24.0,""path"":""parameters.move_rate_pct"",""reference"":8.0},{""current"":30,""path"":""parameters.roommate_age_max"",""reference"":null},{""current"":18,""path"":""parameters.roommate_age_min"",""reference"":null},{""current"":42.0,""path"":""parameters.roommate_group_share_pct"",""reference"":null},{""current"":5,""path"":""parameters.roommate_household_size_max"",""reference"":null},{""current"":3,""path"":""parameters.roommate_household_size_min"",""reference"":null},{""current"":45.0,""path"":""parameters.split_rate_pct"",""reference"":null}]",paper_experiments/results/E2_E6/E2/configs/e2_clean_baseline_linkage_s20260724.yaml,phase2/runs/2026-07-24_e2_roommates_split_s20260724_seed20260724,"SHA-256 of sorted UTF-8 name-NUL-fileSHA256-NUL entries for truth_people.parquet, truth_households.parquet, truth_household_memberships.parquet, truth_residence_history.parquet, truth_events.parquet, entity_record_map.csv"
Table II,roommates_split,E2,roommates_split,20260725,paper_experiments/results/E2_E6/E2/configs/e2_roommates_split_s20260725.yaml,5c2f6ea747d1d058c403069fb9cc48c431ac0fd38b37b1f12214a8798301d138,6783cf9841dad18ed56237a0c056f2da44e8d9a02a39c2c69b909f0f383a577c,"{""entity_record_map.csv"":""185253657aa11a504929f8f4e92bbebc7492fc6d2391903d0efd4c66dd508a37"",""truth_events.parquet"":""9e3f0287a75d9337a440f1241702b4ebd14721a8e3f560bad989245eb2fd1c13"",""truth_household_memberships.parquet"":""ab4aa19b04182e8b009e57a58fbedbe30c1bb96a8b992b5cb2530d849dc9b573"",""truth_households.parquet"":""b927c15f3ea2673e392b9b4a3f4268c7b1d91297930e28630f78d63bb2aa832b"",""truth_people.parquet"":""f6463f5c0f497b01a2829c35cffa924ee2323a128a146a36a120998107bc5d5b"",""truth_residence_history.parquet"":""e6b3d8045edf0289d51518f71a2fbbdd73eb5a1bf2b4bddb8281b7480e3d2401""}","[{""current"":80.0,""path"":""emission.appearance_A_pct"",""reference"":96.0},{""current"":88.0,""path"":""emission.appearance_B_pct"",""reference"":97.0},{""current"":""one_to_many"",""path"":""emission.crossfile_match_mode"",""reference"":""one_to_one""},{""current"":12.0,""path"":""emission.duplication_in_A_pct"",""reference"":1.0},{""current"":24.0,""path"":""emission.duplication_in_B_pct"",""reference"":2.0},{""current"":0.8,""path"":""emission.noise.A.address_missing_pct"",""reference"":0.1},{""current"":0.4,""path"":""emission.noise.A.dob_shift_pct"",""reference"":0.0},{""current"":20.0,""path"":""emission.noise.A.middle_name_missing_pct"",""reference"":5.0},{""current"":1.0,""path"":""emission.noise.A.name_typo_pct"",""reference"":0.2},{""current"":0.8,""path"":""emission.noise.A.phone_mask_pct"",""reference"":0.1},{""current"":1.5,""path"":""emission.noise.A.ssn_mask_pct"",""reference"":0.2},{""current"":2.2,""path"":""emission.noise.B.address_missing_pct"",""reference"":0.2},{""current"":1.2,""path"":""emission.noise.B.dob_shift_pct"",""reference"":0.2},{""current"":30.0,""path"":""emission.noise.B.middle_name_missing_pct"",""reference"":8.0},{""current"":2.5,""path"":""emission.noise.B.name_typo_pct"",""reference"":0.5},{""current"":3.0,""path"":""emission.noise.B.ocr_error_pct"",""reference"":0.0},{""current"":3.0,""path"":""emission.noise.B.phone_mask_pct"",""reference"":0.2},{""current"":6.0,""path"":""emission.noise.B.ssn_mask_pct"",""reference"":0.5},{""current"":0.0,""path"":""emission.noise.B.zip_digit_error_pct"",""reference"":0.2},{""current"":58.0,""path"":""emission.overlap_entity_pct"",""reference"":92.0},{""current"":1.2,""path"":""parameters.cohabit_rate_pct"",""reference"":null},{""current"":24.0,""path"":""parameters.move_rate_pct"",""reference"":8.0},{""current"":30,""path"":""parameters.roommate_age_max"",""reference"":null},{""current"":18,""path"":""parameters.roommate_age_min"",""reference"":null},{""current"":42.0,""path"":""parameters.roommate_group_share_pct"",""reference"":null},{""current"":5,""path"":""parameters.roommate_household_size_max"",""reference"":null},{""current"":3,""path"":""parameters.roommate_household_size_min"",""reference"":null},{""current"":45.0,""path"":""parameters.split_rate_pct"",""reference"":null}]",paper_experiments/results/E2_E6/E2/configs/e2_clean_baseline_linkage_s20260725.yaml,phase2/runs/2026-07-24_e2_roommates_split_s20260725_seed20260725,"SHA-256 of sorted UTF-8 name-NUL-fileSHA256-NUL entries for truth_people.parquet, truth_households.parquet, truth_household_memberships.parquet, truth_residence_history.parquet, truth_events.parquet, entity_record_map.csv"
Table II,roommates_split,E2,roommates_split,20260726,paper_experiments/results/E2_E6/E2/configs/e2_roommates_split_s20260726.yaml,7585c44b6685a0745e5687a70c30de6f9ff4eeaf4efeb9905150f6c34ad1ec2f,b50562749dad5aab9e241ffbfa54ff109db2143fc9e49d4a68248d35dab1f79b,"{""entity_record_map.csv"":""bec93c9ab0e0abeb7a3e047747db39ba614917a1370d2937061d13b409f368bc"",""truth_events.parquet"":""784ae7c7f998cdab257c691104d5b17e95e2c09ff92d09f3407b00d737c1b011"",""truth_household_memberships.parquet"":""1e55b792f1e6250d19106a246b8b6a2e29a62d0df91a43c4551b94ddce3f7baf"",""truth_households.parquet"":""325ac8d327283a8cf5d0ca8693d42c66e1ab569ff0b9fa972bfe61d5c4ab7ae4"",""truth_people.parquet"":""2b8adf938ec62055ab46f024967cdd0648d1bd4e9cf0f1c073e16e4e25cd7e34"",""truth_residence_history.parquet"":""ecf831ca3eef7201e122d33d7b49ae11347152ae65d7865ac41007f963e75aa3""}","[{""current"":80.0,""path"":""emission.appearance_A_pct"",""reference"":96.0},{""current"":88.0,""path"":""emission.appearance_B_pct"",""reference"":97.0},{""current"":""one_to_many"",""path"":""emission.crossfile_match_mode"",""reference"":""one_to_one""},{""current"":12.0,""path"":""emission.duplication_in_A_pct"",""reference"":1.0},{""current"":24.0,""path"":""emission.duplication_in_B_pct"",""reference"":2.0},{""current"":0.8,""path"":""emission.noise.A.address_missing_pct"",""reference"":0.1},{""current"":0.4,""path"":""emission.noise.A.dob_shift_pct"",""reference"":0.0},{""current"":20.0,""path"":""emission.noise.A.middle_name_missing_pct"",""reference"":5.0},{""current"":1.0,""path"":""emission.noise.A.name_typo_pct"",""reference"":0.2},{""current"":0.8,""path"":""emission.noise.A.phone_mask_pct"",""reference"":0.1},{""current"":1.5,""path"":""emission.noise.A.ssn_mask_pct"",""reference"":0.2},{""current"":2.2,""path"":""emission.noise.B.address_missing_pct"",""reference"":0.2},{""current"":1.2,""path"":""emission.noise.B.dob_shift_pct"",""reference"":0.2},{""current"":30.0,""path"":""emission.noise.B.middle_name_missing_pct"",""reference"":8.0},{""current"":2.5,""path"":""emission.noise.B.name_typo_pct"",""reference"":0.5},{""current"":3.0,""path"":""emission.noise.B.ocr_error_pct"",""reference"":0.0},{""current"":3.0,""path"":""emission.noise.B.phone_mask_pct"",""reference"":0.2},{""current"":6.0,""path"":""emission.noise.B.ssn_mask_pct"",""reference"":0.5},{""current"":0.0,""path"":""emission.noise.B.zip_digit_error_pct"",""reference"":0.2},{""current"":58.0,""path"":""emission.overlap_entity_pct"",""reference"":92.0},{""current"":1.2,""path"":""parameters.cohabit_rate_pct"",""reference"":null},{""current"":24.0,""path"":""parameters.move_rate_pct"",""reference"":8.0},{""current"":30,""path"":""parameters.roommate_age_max"",""reference"":null},{""current"":18,""path"":""parameters.roommate_age_min"",""reference"":null},{""current"":42.0,""path"":""parameters.roommate_group_share_pct"",""reference"":null},{""current"":5,""path"":""parameters.roommate_household_size_max"",""reference"":null},{""current"":3,""path"":""parameters.roommate_household_size_min"",""reference"":null},{""current"":45.0,""path"":""parameters.split_rate_pct"",""reference"":null}]",paper_experiments/results/E2_E6/E2/configs/e2_clean_baseline_linkage_s20260726.yaml,phase2/runs/2026-07-24_e2_roommates_split_s20260726_seed20260726,"SHA-256 of sorted UTF-8 name-NUL-fileSHA256-NUL entries for truth_people.parquet, truth_households.parquet, truth_household_memberships.parquet, truth_residence_history.parquet, truth_events.parquet, entity_record_map.csv"
Table II,roommates_split,E2,roommates_split,20260727,paper_experiments/results/E2_E6/E2/configs/e2_roommates_split_s20260727.yaml,5f3a6846b53b81c5a966045d609f564d4f772f9a8b66bae04a54376dba431159,c5a5181343d1009379865eba29f7984823fa2d58c0bdfb9513aeb62fab009a30,"{""entity_record_map.csv"":""32836271a95c420dc384099cd6b8962dc6807be7fa350f220276e959e20f4f68"",""truth_events.parquet"":""32245d7a7458f77a835d0c97f2390afd7d6c496a4c7aeff2c05a5ea7aeb1eedc"",""truth_household_memberships.parquet"":""13c9b5e7e52d243bdc3dcc49d6375f28bec6bfeb94af343d04593ca120f7e6f0"",""truth_households.parquet"":""9cc38fbecc3223b1a79503289ad5f8412de75e44abdc8ebba958b54d667149aa"",""truth_people.parquet"":""a0f25b49819776c09ed4f8c0ac8a245ed99a2b1cd2c1b4902bccb5bc55fdd6ce"",""truth_residence_history.parquet"":""b7e93beeac08cf3b04076f2c9c5c78671a41c8707c17b8bba095daba7862f694""}","[{""current"":80.0,""path"":""emission.appearance_A_pct"",""reference"":96.0},{""current"":88.0,""path"":""emission.appearance_B_pct"",""reference"":97.0},{""current"":""one_to_many"",""path"":""emission.crossfile_match_mode"",""reference"":""one_to_one""},{""current"":12.0,""path"":""emission.duplication_in_A_pct"",""reference"":1.0},{""current"":24.0,""path"":""emission.duplication_in_B_pct"",""reference"":2.0},{""current"":0.8,""path"":""emission.noise.A.address_missing_pct"",""reference"":0.1},{""current"":0.4,""path"":""emission.noise.A.dob_shift_pct"",""reference"":0.0},{""current"":20.0,""path"":""emission.noise.A.middle_name_missing_pct"",""reference"":5.0},{""current"":1.0,""path"":""emission.noise.A.name_typo_pct"",""reference"":0.2},{""current"":0.8,""path"":""emission.noise.A.phone_mask_pct"",""reference"":0.1},{""current"":1.5,""path"":""emission.noise.A.ssn_mask_pct"",""reference"":0.2},{""current"":2.2,""path"":""emission.noise.B.address_missing_pct"",""reference"":0.2},{""current"":1.2,""path"":""emission.noise.B.dob_shift_pct"",""reference"":0.2},{""current"":30.0,""path"":""emission.noise.B.middle_name_missing_pct"",""reference"":8.0},{""current"":2.5,""path"":""emission.noise.B.name_typo_pct"",""reference"":0.5},{""current"":3.0,""path"":""emission.noise.B.ocr_error_pct"",""reference"":0.0},{""current"":3.0,""path"":""emission.noise.B.phone_mask_pct"",""reference"":0.2},{""current"":6.0,""path"":""emission.noise.B.ssn_mask_pct"",""reference"":0.5},{""current"":0.0,""path"":""emission.noise.B.zip_digit_error_pct"",""reference"":0.2},{""current"":58.0,""path"":""emission.overlap_entity_pct"",""reference"":92.0},{""current"":1.2,""path"":""parameters.cohabit_rate_pct"",""reference"":null},{""current"":24.0,""path"":""parameters.move_rate_pct"",""reference"":8.0},{""current"":30,""path"":""parameters.roommate_age_max"",""reference"":null},{""current"":18,""path"":""parameters.roommate_age_min"",""reference"":null},{""current"":42.0,""path"":""parameters.roommate_group_share_pct"",""reference"":null},{""current"":5,""path"":""parameters.roommate_household_size_max"",""reference"":null},{""current"":3,""path"":""parameters.roommate_household_size_min"",""reference"":null},{""current"":45.0,""path"":""parameters.split_rate_pct"",""reference"":null}]",paper_experiments/results/E2_E6/E2/configs/e2_clean_baseline_linkage_s20260727.yaml,phase2/runs/2026-07-24_e2_roommates_split_s20260727_seed20260727,"SHA-256 of sorted UTF-8 name-NUL-fileSHA256-NUL entries for truth_people.parquet, truth_households.parquet, truth_household_memberships.parquet, truth_residence_history.parquet, truth_events.parquet, entity_record_map.csv"
Table II,roommates_split,E2,roommates_split,20260728,paper_experiments/results/E2_E6/E2/configs/e2_roommates_split_s20260728.yaml,2808db190f678f18d55a0069ae7f4c748b0d670161ac57f2f0f9d335f2b93817,3499d8f0018658f1ebce2ba4eb6e8cd714d7f32ef9649436d66009beefd55ad3,"{""entity_record_map.csv"":""97bea908ce8932b6c27ea479a0458e69fbac00d4e0f580eb8f0d00ce74d20536"",""truth_events.parquet"":""139ae49faa1d2b90c012a979323fdc90acfb265ee8a979a473cfa4fcd46c2319"",""truth_household_memberships.parquet"":""3090c7eb1134d1e9bda37aa9a29b2f0a72dd1dca811c1d27407846053a5449e6"",""truth_households.parquet"":""7fdff696481bda592ce00e09e466dfad9f2edb013c0a82ffbd89b9822b1f5440"",""truth_people.parquet"":""3c6b927c4c84abedaf13403800a466b2dce6e79b93d66b81d0751c348ca97b64"",""truth_residence_history.parquet"":""91ef3e0778e3bb25ebe3a682e79dc5bdea673e864d6c02a4a5dc4b936252783c""}","[{""current"":80.0,""path"":""emission.appearance_A_pct"",""reference"":96.0},{""current"":88.0,""path"":""emission.appearance_B_pct"",""reference"":97.0},{""current"":""one_to_many"",""path"":""emission.crossfile_match_mode"",""reference"":""one_to_one""},{""current"":12.0,""path"":""emission.duplication_in_A_pct"",""reference"":1.0},{""current"":24.0,""path"":""emission.duplication_in_B_pct"",""reference"":2.0},{""current"":0.8,""path"":""emission.noise.A.address_missing_pct"",""reference"":0.1},{""current"":0.4,""path"":""emission.noise.A.dob_shift_pct"",""reference"":0.0},{""current"":20.0,""path"":""emission.noise.A.middle_name_missing_pct"",""reference"":5.0},{""current"":1.0,""path"":""emission.noise.A.name_typo_pct"",""reference"":0.2},{""current"":0.8,""path"":""emission.noise.A.phone_mask_pct"",""reference"":0.1},{""current"":1.5,""path"":""emission.noise.A.ssn_mask_pct"",""reference"":0.2},{""current"":2.2,""path"":""emission.noise.B.address_missing_pct"",""reference"":0.2},{""current"":1.2,""path"":""emission.noise.B.dob_shift_pct"",""reference"":0.2},{""current"":30.0,""path"":""emission.noise.B.middle_name_missing_pct"",""reference"":8.0},{""current"":2.5,""path"":""emission.noise.B.name_typo_pct"",""reference"":0.5},{""current"":3.0,""path"":""emission.noise.B.ocr_error_pct"",""reference"":0.0},{""current"":3.0,""path"":""emission.noise.B.phone_mask_pct"",""reference"":0.2},{""current"":6.0,""path"":""emission.noise.B.ssn_mask_pct"",""reference"":0.5},{""current"":0.0,""path"":""emission.noise.B.zip_digit_error_pct"",""reference"":0.2},{""current"":58.0,""path"":""emission.overlap_entity_pct"",""reference"":92.0},{""current"":1.2,""path"":""parameters.cohabit_rate_pct"",""reference"":null},{""current"":24.0,""path"":""parameters.move_rate_pct"",""reference"":8.0},{""current"":30,""path"":""parameters.roommate_age_max"",""reference"":null},{""current"":18,""path"":""parameters.roommate_age_min"",""reference"":null},{""current"":42.0,""path"":""parameters.roommate_group_share_pct"",""reference"":null},{""current"":5,""path"":""parameters.roommate_household_size_max"",""reference"":null},{""current"":3,""path"":""parameters.roommate_household_size_min"",""reference"":null},{""current"":45.0,""path"":""parameters.split_rate_pct"",""reference"":null}]",paper_experiments/results/E2_E6/E2/configs/e2_clean_baseline_linkage_s20260728.yaml,phase2/runs/2026-07-24_e2_roommates_split_s20260728_seed20260728,"SHA-256 of sorted UTF-8 name-NUL-fileSHA256-NUL entries for truth_people.parquet, truth_households.parquet, truth_household_memberships.parquet, truth_residence_history.parquet, truth_events.parquet, entity_record_map.csv"
Table II,roommates_split,E2,roommates_split,20260729,paper_experiments/results/E2_E6/E2/configs/e2_roommates_split_s20260729.yaml,6239fc02c426b1afe22b60716c612227fd059c4217807e2dd7771a06c77549b0,e72e0f7c5bdfd4a104d4cb3f4d05a335fcba3e0dfb5cae8a636c25606c63ff5d,"{""entity_record_map.csv"":""3966c4507500f7cd34f9d6d0c94851e69ddc57fbbc9844888c96e9ed620ee51e"",""truth_events.parquet"":""187e92d7b02473e2f85243d6952060a68d70f4117ae0dd938ec18563a56df797"",""truth_household_memberships.parquet"":""be564e8094919aba6d88496da2880d26e10c65ed013d91f0bf73e1052976a976"",""truth_households.parquet"":""48ad5a51204b9326b088cff37aa5c43202c9bc2aebbb0baf722602e236158fec"",""truth_people.parquet"":""d8fa66d765ce78f5214ccc420d3e11d1cd018a7bfb88e484333af6481ce69fbd"",""truth_residence_history.parquet"":""80910d2bcafa054ea8cd1389657903a218769bd5774b5637c91290ccaa07f30a""}","[{""current"":80.0,""path"":""emission.appearance_A_pct"",""reference"":96.0},{""current"":88.0,""path"":""emission.appearance_B_pct"",""reference"":97.0},{""current"":""one_to_many"",""path"":""emission.crossfile_match_mode"",""reference"":""one_to_one""},{""current"":12.0,""path"":""emission.duplication_in_A_pct"",""reference"":1.0},{""current"":24.0,""path"":""emission.duplication_in_B_pct"",""reference"":2.0},{""current"":0.8,""path"":""emission.noise.A.address_missing_pct"",""reference"":0.1},{""current"":0.4,""path"":""emission.noise.A.dob_shift_pct"",""reference"":0.0},{""current"":20.0,""path"":""emission.noise.A.middle_name_missing_pct"",""reference"":5.0},{""current"":1.0,""path"":""emission.noise.A.name_typo_pct"",""reference"":0.2},{""current"":0.8,""path"":""emission.noise.A.phone_mask_pct"",""reference"":0.1},{""current"":1.5,""path"":""emission.noise.A.ssn_mask_pct"",""reference"":0.2},{""current"":2.2,""path"":""emission.noise.B.address_missing_pct"",""reference"":0.2},{""current"":1.2,""path"":""emission.noise.B.dob_shift_pct"",""reference"":0.2},{""current"":30.0,""path"":""emission.noise.B.middle_name_missing_pct"",""reference"":8.0},{""current"":2.5,""path"":""emission.noise.B.name_typo_pct"",""reference"":0.5},{""current"":3.0,""path"":""emission.noise.B.ocr_error_pct"",""reference"":0.0},{""current"":3.0,""path"":""emission.noise.B.phone_mask_pct"",""reference"":0.2},{""current"":6.0,""path"":""emission.noise.B.ssn_mask_pct"",""reference"":0.5},{""current"":0.0,""path"":""emission.noise.B.zip_digit_error_pct"",""reference"":0.2},{""current"":58.0,""path"":""emission.overlap_entity_pct"",""reference"":92.0},{""current"":1.2,""path"":""parameters.cohabit_rate_pct"",""reference"":null},{""current"":24.0,""path"":""parameters.move_rate_pct"",""reference"":8.0},{""current"":30,""path"":""parameters.roommate_age_max"",""reference"":null},{""current"":18,""path"":""parameters.roommate_age_min"",""reference"":null},{""current"":42.0,""path"":""parameters.roommate_group_share_pct"",""reference"":null},{""current"":5,""path"":""parameters.roommate_household_size_max"",""reference"":null},{""current"":3,""path"":""parameters.roommate_household_size_min"",""reference"":null},{""current"":45.0,""path"":""parameters.split_rate_pct"",""reference"":null}]",paper_experiments/results/E2_E6/E2/configs/e2_clean_baseline_linkage_s20260729.yaml,phase2/runs/2026-07-24_e2_roommates_split_s20260729_seed20260729,"SHA-256 of sorted UTF-8 name-NUL-fileSHA256-NUL entries for truth_people.parquet, truth_households.parquet, truth_household_memberships.parquet, truth_residence_history.parquet, truth_events.parquet, entity_record_map.csv"
Table II,single_movers,E2,single_movers,20260720,paper_experiments/results/E2_E6/E2/configs/e2_single_movers_s20260720.yaml,4b7ad5f91c2cefe7919b753474211eab9ea3fd27afb52af5fc1f0ce63db0d61e,0b87b2a4de8b3d81166ad30610fe10b5d02441e2168a2d205e2d4424f0d81fc3,"{""entity_record_map.csv"":""1c5b0c9e96e08892bbcfa29bbd7933024344eb28c8bd1d745fb1f1df537e1dff"",""truth_events.parquet"":""0b1302c5249eb63ee4631e81a6659df62bf74592c7eb964c575c105a0c0ae009"",""truth_household_memberships.parquet"":""e9ee0e4b37fa57f145b81aff781bf82fd0dac08cdba7bdfaaad02ea9552cd08d"",""truth_households.parquet"":""3592c8c3a12177d77b248c6fca89bcae1d4354fc473ce0df5bae8251dfd12f24"",""truth_people.parquet"":""8f82e60abc92d97eff599d68416e532096ffbb435fac1f8878f0f8f5320d0828"",""truth_residence_history.parquet"":""0a99fd85371a63d56f730a8bc2052d7c0a61a3cd24e644c67e390cd36abf9621""}","[{""current"":85.0,""path"":""emission.appearance_A_pct"",""reference"":96.0},{""current"":90.0,""path"":""emission.appearance_B_pct"",""reference"":97.0},{""current"":4.0,""path"":""emission.duplication_in_A_pct"",""reference"":1.0},{""current"":6.0,""path"":""emission.duplication_in_B_pct"",""reference"":2.0},{""current"":0.8,""path"":""emission.noise.A.address_missing_pct"",""reference"":0.1},{""current"":0.1,""path"":""emission.noise.A.date_swap_pct"",""reference"":0.0},{""current"":0.4,""path"":""emission.noise.A.dob_shift_pct"",""reference"":0.0},{""current"":20.0,""path"":""emission.noise.A.middle_name_missing_pct"",""reference"":5.0},{""current"":1.0,""path"":""emission.noise.A.name_typo_pct"",""reference"":0.2},{""current"":0.1,""path"":""emission.noise.A.nickname_pct"",""reference"":0.0},{""current"":0.4,""path"":""emission.noise.A.ocr_error_pct"",""reference"":0.0},{""current"":0.8,""path"":""emission.noise.A.phone_mask_pct"",""reference"":0.1},{""current"":0.2,""path"":""emission.noise.A.phonetic_error_pct"",""reference"":0.0},{""current"":1.5,""path"":""emission.noise.A.ssn_mask_pct"",""reference"":0.2},{""current"":0.1,""path"":""emission.noise.A.zip_digit_error_pct"",""reference"":0.0},{""current"":2.2,""path"":""emission.noise.B.address_missing_pct"",""reference"":0.2},{""current"":0.1,""path"":""emission.noise.B.date_swap_pct"",""reference"":0.0},{""current"":1.2,""path"":""emission.noise.B.dob_shift_pct"",""reference"":0.2},{""current"":30.0,""path"":""emission.noise.B.middle_name_missing_pct"",""reference"":8.0},{""current"":2.5,""path"":""emission.noise.B.name_typo_pct"",""reference"":0.5},{""current"":0.3,""path"":""emission.noise.B.ocr_error_pct"",""reference"":0.0},{""current"":3.0,""path"":""emission.noise.B.phone_mask_pct"",""reference"":0.2},{""current"":0.2,""path"":""emission.noise.B.phonetic_error_pct"",""reference"":0.0},{""current"":6.0,""path"":""emission.noise.B.ssn_mask_pct"",""reference"":0.5},{""current"":2.0,""path"":""emission.noise.B.zip_digit_error_pct"",""reference"":0.2},{""current"":70.0,""path"":""emission.overlap_entity_pct"",""reference"":92.0},{""current"":8784,""path"":""emission.record_count_A"",""reference"":null},{""current"":9540,""path"":""emission.record_count_B"",""reference"":null},{""current"":82.0,""path"":""parameters.move_rate_pct"",""reference"":8.0},{""current"":""count"",""path"":""selection.sample.mode"",""reference"":""pct""},{""current"":10000,""path"":""selection.sample.value"",""reference"":100.0}]",paper_experiments/results/E2_E6/E2/configs/e2_clean_baseline_linkage_s20260720.yaml,phase2/runs/2026-07-24_e2_single_movers_s20260720_seed20260720,"SHA-256 of sorted UTF-8 name-NUL-fileSHA256-NUL entries for truth_people.parquet, truth_households.parquet, truth_household_memberships.parquet, truth_residence_history.parquet, truth_events.parquet, entity_record_map.csv"
Table II,single_movers,E2,single_movers,20260721,paper_experiments/results/E2_E6/E2/configs/e2_single_movers_s20260721.yaml,92bbd70ea77bbb3c180d73674e8b2ad825d705d90d68d78b672749837ffea0b6,13c72d01f01219bb64a22640aaa2211cccd59f7c05b04b23a03b91b8c6b404ff,"{""entity_record_map.csv"":""7a42e726b65054c0311736f76537fa777b4693d57d277d596044cb450bb86105"",""truth_events.parquet"":""7692a164dfc7930e96f34ce307f6a6c0656597a8cbf24d7e68c21dd679778a5c"",""truth_household_memberships.parquet"":""10910b3f00f6556e115cf82e69ef71737fc1a3f83b25316dfc40aa161ff2847c"",""truth_households.parquet"":""3592c8c3a12177d77b248c6fca89bcae1d4354fc473ce0df5bae8251dfd12f24"",""truth_people.parquet"":""858062d8aa3fccea23735593aa8f1cfa94c661a967b7e81fe0b19157638ac721"",""truth_residence_history.parquet"":""c3b027a3beaa0d216da27c45f09a788647d581e21356020c1ed9591b2e997368""}","[{""current"":85.0,""path"":""emission.appearance_A_pct"",""reference"":96.0},{""current"":90.0,""path"":""emission.appearance_B_pct"",""reference"":97.0},{""current"":4.0,""path"":""emission.duplication_in_A_pct"",""reference"":1.0},{""current"":6.0,""path"":""emission.duplication_in_B_pct"",""reference"":2.0},{""current"":0.8,""path"":""emission.noise.A.address_missing_pct"",""reference"":0.1},{""current"":0.1,""path"":""emission.noise.A.date_swap_pct"",""reference"":0.0},{""current"":0.4,""path"":""emission.noise.A.dob_shift_pct"",""reference"":0.0},{""current"":20.0,""path"":""emission.noise.A.middle_name_missing_pct"",""reference"":5.0},{""current"":1.0,""path"":""emission.noise.A.name_typo_pct"",""reference"":0.2},{""current"":0.1,""path"":""emission.noise.A.nickname_pct"",""reference"":0.0},{""current"":0.4,""path"":""emission.noise.A.ocr_error_pct"",""reference"":0.0},{""current"":0.8,""path"":""emission.noise.A.phone_mask_pct"",""reference"":0.1},{""current"":0.2,""path"":""emission.noise.A.phonetic_error_pct"",""reference"":0.0},{""current"":1.5,""path"":""emission.noise.A.ssn_mask_pct"",""reference"":0.2},{""current"":0.1,""path"":""emission.noise.A.zip_digit_error_pct"",""reference"":0.0},{""current"":2.2,""path"":""emission.noise.B.address_missing_pct"",""reference"":0.2},{""current"":0.1,""path"":""emission.noise.B.date_swap_pct"",""reference"":0.0},{""current"":1.2,""path"":""emission.noise.B.dob_shift_pct"",""reference"":0.2},{""current"":30.0,""path"":""emission.noise.B.middle_name_missing_pct"",""reference"":8.0},{""current"":2.5,""path"":""emission.noise.B.name_typo_pct"",""reference"":0.5},{""current"":0.3,""path"":""emission.noise.B.ocr_error_pct"",""reference"":0.0},{""current"":3.0,""path"":""emission.noise.B.phone_mask_pct"",""reference"":0.2},{""current"":0.2,""path"":""emission.noise.B.phonetic_error_pct"",""reference"":0.0},{""current"":6.0,""path"":""emission.noise.B.ssn_mask_pct"",""reference"":0.5},{""current"":2.0,""path"":""emission.noise.B.zip_digit_error_pct"",""reference"":0.2},{""current"":70.0,""path"":""emission.overlap_entity_pct"",""reference"":92.0},{""current"":8784,""path"":""emission.record_count_A"",""reference"":null},{""current"":9540,""path"":""emission.record_count_B"",""reference"":null},{""current"":82.0,""path"":""parameters.move_rate_pct"",""reference"":8.0},{""current"":""count"",""path"":""selection.sample.mode"",""reference"":""pct""},{""current"":10000,""path"":""selection.sample.value"",""reference"":100.0}]",paper_experiments/results/E2_E6/E2/configs/e2_clean_baseline_linkage_s20260721.yaml,phase2/runs/2026-07-24_e2_single_movers_s20260721_seed20260721,"SHA-256 of sorted UTF-8 name-NUL-fileSHA256-NUL entries for truth_people.parquet, truth_households.parquet, truth_household_memberships.parquet, truth_residence_history.parquet, truth_events.parquet, entity_record_map.csv"
Table II,single_movers,E2,single_movers,20260722,paper_experiments/results/E2_E6/E2/configs/e2_single_movers_s20260722.yaml,134b350c63f545a867fd53e446ce1405e2b7eacd3543822bc22ac833d27b9968,024488a4c5cd2e054f696c4400a78b003ea2c1d93f753f66a826d2cfe03f188a,"{""entity_record_map.csv"":""bc36f9f0229f855f8829387a9ce457a3ce7653acd9cd7e48f870f3510be327a3"",""truth_events.parquet"":""0a156c0264f68f584c0f6d2d74d826b3c0572894458f365b20f0f77ff5ac67cd"",""truth_household_memberships.parquet"":""2ced654425713214dc9c116d71a043bfe86f7d67555fcad6f815dc061ec2f20d"",""truth_households.parquet"":""3592c8c3a12177d77b248c6fca89bcae1d4354fc473ce0df5bae8251dfd12f24"",""truth_people.parquet"":""3444f477025dd602970c6f80f2dc1c1a92b74cf26427b5590c2a8aabb1c8cc81"",""truth_residence_history.parquet"":""df75183c130483a55fab9026e91dff6ad28fda230d58ff7533e36eea0f78e54c""}","[{""current"":85.0,""path"":""emission.appearance_A_pct"",""reference"":96.0},{""current"":90.0,""path"":""emission.appearance_B_pct"",""reference"":97.0},{""current"":4.0,""path"":""emission.duplication_in_A_pct"",""reference"":1.0},{""current"":6.0,""path"":""emission.duplication_in_B_pct"",""reference"":2.0},{""current"":0.8,""path"":""emission.noise.A.address_missing_pct"",""reference"":0.1},{""current"":0.1,""path"":""emission.noise.A.date_swap_pct"",""reference"":0.0},{""current"":0.4,""path"":""emission.noise.A.dob_shift_pct"",""reference"":0.0},{""current"":20.0,""path"":""emission.noise.A.middle_name_missing_pct"",""reference"":5.0},{""current"":1.0,""path"":""emission.noise.A.name_typo_pct"",""reference"":0.2},{""current"":0.1,""path"":""emission.noise.A.nickname_pct"",""reference"":0.0},{""current"":0.4,""path"":""emission.noise.A.ocr_error_pct"",""reference"":0.0},{""current"":0.8,""path"":""emission.noise.A.phone_mask_pct"",""reference"":0.1},{""current"":0.2,""path"":""emission.noise.A.phonetic_error_pct"",""reference"":0.0},{""current"":1.5,""path"":""emission.noise.A.ssn_mask_pct"",""reference"":0.2},{""current"":0.1,""path"":""emission.noise.A.zip_digit_error_pct"",""reference"":0.0},{""current"":2.2,""path"":""emission.noise.B.address_missing_pct"",""reference"":0.2},{""current"":0.1,""path"":""emission.noise.B.date_swap_pct"",""reference"":0.0},{""current"":1.2,""path"":""emission.noise.B.dob_shift_pct"",""reference"":0.2},{""current"":30.0,""path"":""emission.noise.B.middle_name_missing_pct"",""reference"":8.0},{""current"":2.5,""path"":""emission.noise.B.name_typo_pct"",""reference"":0.5},{""current"":0.3,""path"":""emission.noise.B.ocr_error_pct"",""reference"":0.0},{""current"":3.0,""path"":""emission.noise.B.phone_mask_pct"",""reference"":0.2},{""current"":0.2,""path"":""emission.noise.B.phonetic_error_pct"",""reference"":0.0},{""current"":6.0,""path"":""emission.noise.B.ssn_mask_pct"",""reference"":0.5},{""current"":2.0,""path"":""emission.noise.B.zip_digit_error_pct"",""reference"":0.2},{""current"":70.0,""path"":""emission.overlap_entity_pct"",""reference"":92.0},{""current"":8784,""path"":""emission.record_count_A"",""reference"":null},{""current"":9540,""path"":""emission.record_count_B"",""reference"":null},{""current"":82.0,""path"":""parameters.move_rate_pct"",""reference"":8.0},{""current"":""count"",""path"":""selection.sample.mode"",""reference"":""pct""},{""current"":10000,""path"":""selection.sample.value"",""reference"":100.0}]",paper_experiments/results/E2_E6/E2/configs/e2_clean_baseline_linkage_s20260722.yaml,phase2/runs/2026-07-24_e2_single_movers_s20260722_seed20260722,"SHA-256 of sorted UTF-8 name-NUL-fileSHA256-NUL entries for truth_people.parquet, truth_households.parquet, truth_household_memberships.parquet, truth_residence_history.parquet, truth_events.parquet, entity_record_map.csv"
Table II,single_movers,E2,single_movers,20260723,paper_experiments/results/E2_E6/E2/configs/e2_single_movers_s20260723.yaml,7ea1baf60e8849d83a707bdab9a9de1c5ab33298e964c201a89e57585b95602f,b8b2c918c88dcc51c92bf15298c9f09dc88d0abc8018b74cf0ded22a2e703061,"{""entity_record_map.csv"":""802e1b75d982fae9ca7b4edd22a990cf634cf9adafe31fd0ee1423dc63b301e7"",""truth_events.parquet"":""608e3c5366a13ebdfe389f340c2d40383b48dfdfa9d604789d77089ff0f42f94"",""truth_household_memberships.parquet"":""d000e27e1e4353aab39565aa10e1e25c3f027250f41eeaa98fffd8bd30afd5a3"",""truth_households.parquet"":""3592c8c3a12177d77b248c6fca89bcae1d4354fc473ce0df5bae8251dfd12f24"",""truth_people.parquet"":""828d72db0aeb7760fb311b436230cb0e437d406367b13d153df7aaf38e97bf04"",""truth_residence_history.parquet"":""97ddd47b01030808099cb3fd311d33be070474fad3058a768d671696d3a6f9a9""}","[{""current"":85.0,""path"":""emission.appearance_A_pct"",""reference"":96.0},{""current"":90.0,""path"":""emission.appearance_B_pct"",""reference"":97.0},{""current"":4.0,""path"":""emission.duplication_in_A_pct"",""reference"":1.0},{""current"":6.0,""path"":""emission.duplication_in_B_pct"",""reference"":2.0},{""current"":0.8,""path"":""emission.noise.A.address_missing_pct"",""reference"":0.1},{""current"":0.1,""path"":""emission.noise.A.date_swap_pct"",""reference"":0.0},{""current"":0.4,""path"":""emission.noise.A.dob_shift_pct"",""reference"":0.0},{""current"":20.0,""path"":""emission.noise.A.middle_name_missing_pct"",""reference"":5.0},{""current"":1.0,""path"":""emission.noise.A.name_typo_pct"",""reference"":0.2},{""current"":0.1,""path"":""emission.noise.A.nickname_pct"",""reference"":0.0},{""current"":0.4,""path"":""emission.noise.A.ocr_error_pct"",""reference"":0.0},{""current"":0.8,""path"":""emission.noise.A.phone_mask_pct"",""reference"":0.1},{""current"":0.2,""path"":""emission.noise.A.phonetic_error_pct"",""reference"":0.0},{""current"":1.5,""path"":""emission.noise.A.ssn_mask_pct"",""reference"":0.2},{""current"":0.1,""path"":""emission.noise.A.zip_digit_error_pct"",""reference"":0.0},{""current"":2.2,""path"":""emission.noise.B.address_missing_pct"",""reference"":0.2},{""current"":0.1,""path"":""emission.noise.B.date_swap_pct"",""reference"":0.0},{""current"":1.2,""path"":""emission.noise.B.dob_shift_pct"",""reference"":0.2},{""current"":30.0,""path"":""emission.noise.B.middle_name_missing_pct"",""reference"":8.0},{""current"":2.5,""path"":""emission.noise.B.name_typo_pct"",""reference"":0.5},{""current"":0.3,""path"":""emission.noise.B.ocr_error_pct"",""reference"":0.0},{""current"":3.0,""path"":""emission.noise.B.phone_mask_pct"",""reference"":0.2},{""current"":0.2,""path"":""emission.noise.B.phonetic_error_pct"",""reference"":0.0},{""current"":6.0,""path"":""emission.noise.B.ssn_mask_pct"",""reference"":0.5},{""current"":2.0,""path"":""emission.noise.B.zip_digit_error_pct"",""reference"":0.2},{""current"":70.0,""path"":""emission.overlap_entity_pct"",""reference"":92.0},{""current"":8784,""path"":""emission.record_count_A"",""reference"":null},{""current"":9540,""path"":""emission.record_count_B"",""reference"":null},{""current"":82.0,""path"":""parameters.move_rate_pct"",""reference"":8.0},{""current"":""count"",""path"":""selection.sample.mode"",""reference"":""pct""},{""current"":10000,""path"":""selection.sample.value"",""reference"":100.0}]",paper_experiments/results/E2_E6/E2/configs/e2_clean_baseline_linkage_s20260723.yaml,phase2/runs/2026-07-24_e2_single_movers_s20260723_seed20260723,"SHA-256 of sorted UTF-8 name-NUL-fileSHA256-NUL entries for truth_people.parquet, truth_households.parquet, truth_household_memberships.parquet, truth_residence_history.parquet, truth_events.parquet, entity_record_map.csv"
Table II,single_movers,E2,single_movers,20260724,paper_experiments/results/E2_E6/E2/configs/e2_single_movers_s20260724.yaml,cc9d4b07bd54a4b39762d23c8acd02e4c3fcc1e113dbd3073ea4294d8a9b4887,577c65cc7a2055f5515f862cf2c09a8f6f7d90f61a12f037946f981c98feb870,"{""entity_record_map.csv"":""4c6e00dd1ff4b9a56f04c02c80d9524195986de907e89c1d33d5a3ee4904d534"",""truth_events.parquet"":""55d58f418f76bc62d10b5500c5f4dc6e20075dd8f7257568d32d08c8f7c8d962"",""truth_household_memberships.parquet"":""f651d7478e9510fbaf6801658e532e2f080c20ced26fb1b1d19676656c588fc7"",""truth_households.parquet"":""3592c8c3a12177d77b248c6fca89bcae1d4354fc473ce0df5bae8251dfd12f24"",""truth_people.parquet"":""afa6beb768f8ed02e51f9f8a147c9a03c534b282c058ffdaed958a017dacdc89"",""truth_residence_history.parquet"":""cb7e945c63af57a2c198c1b6873e5e7b685061750878358d423baac69a0dade9""}","[{""current"":85.0,""path"":""emission.appearance_A_pct"",""reference"":96.0},{""current"":90.0,""path"":""emission.appearance_B_pct"",""reference"":97.0},{""current"":4.0,""path"":""emission.duplication_in_A_pct"",""reference"":1.0},{""current"":6.0,""path"":""emission.duplication_in_B_pct"",""reference"":2.0},{""current"":0.8,""path"":""emission.noise.A.address_missing_pct"",""reference"":0.1},{""current"":0.1,""path"":""emission.noise.A.date_swap_pct"",""reference"":0.0},{""current"":0.4,""path"":""emission.noise.A.dob_shift_pct"",""reference"":0.0},{""current"":20.0,""path"":""emission.noise.A.middle_name_missing_pct"",""reference"":5.0},{""current"":1.0,""path"":""emission.noise.A.name_typo_pct"",""reference"":0.2},{""current"":0.1,""path"":""emission.noise.A.nickname_pct"",""reference"":0.0},{""current"":0.4,""path"":""emission.noise.A.ocr_error_pct"",""reference"":0.0},{""current"":0.8,""path"":""emission.noise.A.phone_mask_pct"",""reference"":0.1},{""current"":0.2,""path"":""emission.noise.A.phonetic_error_pct"",""reference"":0.0},{""current"":1.5,""path"":""emission.noise.A.ssn_mask_pct"",""reference"":0.2},{""current"":0.1,""path"":""emission.noise.A.zip_digit_error_pct"",""reference"":0.0},{""current"":2.2,""path"":""emission.noise.B.address_missing_pct"",""reference"":0.2},{""current"":0.1,""path"":""emission.noise.B.date_swap_pct"",""reference"":0.0},{""current"":1.2,""path"":""emission.noise.B.dob_shift_pct"",""reference"":0.2},{""current"":30.0,""path"":""emission.noise.B.middle_name_missing_pct"",""reference"":8.0},{""current"":2.5,""path"":""emission.noise.B.name_typo_pct"",""reference"":0.5},{""current"":0.3,""path"":""emission.noise.B.ocr_error_pct"",""reference"":0.0},{""current"":3.0,""path"":""emission.noise.B.phone_mask_pct"",""reference"":0.2},{""current"":0.2,""path"":""emission.noise.B.phonetic_error_pct"",""reference"":0.0},{""current"":6.0,""path"":""emission.noise.B.ssn_mask_pct"",""reference"":0.5},{""current"":2.0,""path"":""emission.noise.B.zip_digit_error_pct"",""reference"":0.2},{""current"":70.0,""path"":""emission.overlap_entity_pct"",""reference"":92.0},{""current"":8784,""path"":""emission.record_count_A"",""reference"":null},{""current"":9540,""path"":""emission.record_count_B"",""reference"":null},{""current"":82.0,""path"":""parameters.move_rate_pct"",""reference"":8.0},{""current"":""count"",""path"":""selection.sample.mode"",""reference"":""pct""},{""current"":10000,""path"":""selection.sample.value"",""reference"":100.0}]",paper_experiments/results/E2_E6/E2/configs/e2_clean_baseline_linkage_s20260724.yaml,phase2/runs/2026-07-24_e2_single_movers_s20260724_seed20260724,"SHA-256 of sorted UTF-8 name-NUL-fileSHA256-NUL entries for truth_people.parquet, truth_households.parquet, truth_household_memberships.parquet, truth_residence_history.parquet, truth_events.parquet, entity_record_map.csv"
Table II,single_movers,E2,single_movers,20260725,paper_experiments/results/E2_E6/E2/configs/e2_single_movers_s20260725.yaml,13c10bfd53c8bdf7bb5da97ff617395059a49e69e87ac74df74424c0e4481f69,127a6edc6b11505bbbe032baec763c04a81e065dc64b18596fe267a40e5af378,"{""entity_record_map.csv"":""2a244eba5a874e39fde17b2dad3bf7b7f968653f6db24930ec666167d4f3f101"",""truth_events.parquet"":""3efac11dc032719aec2b4675efce40b92eca6c6a4b8105761df3f8cef4c616f4"",""truth_household_memberships.parquet"":""58378d36406209b7f27bbca696e7afd6b84fdd84b5b2b5f84c325fbf3e0ab7a0"",""truth_households.parquet"":""3592c8c3a12177d77b248c6fca89bcae1d4354fc473ce0df5bae8251dfd12f24"",""truth_people.parquet"":""f6463f5c0f497b01a2829c35cffa924ee2323a128a146a36a120998107bc5d5b"",""truth_residence_history.parquet"":""0180655c34782ef428187c620b5c774e4f24da134367cb368393f9689812175d""}","[{""current"":85.0,""path"":""emission.appearance_A_pct"",""reference"":96.0},{""current"":90.0,""path"":""emission.appearance_B_pct"",""reference"":97.0},{""current"":4.0,""path"":""emission.duplication_in_A_pct"",""reference"":1.0},{""current"":6.0,""path"":""emission.duplication_in_B_pct"",""reference"":2.0},{""current"":0.8,""path"":""emission.noise.A.address_missing_pct"",""reference"":0.1},{""current"":0.1,""path"":""emission.noise.A.date_swap_pct"",""reference"":0.0},{""current"":0.4,""path"":""emission.noise.A.dob_shift_pct"",""reference"":0.0},{""current"":20.0,""path"":""emission.noise.A.middle_name_missing_pct"",""reference"":5.0},{""current"":1.0,""path"":""emission.noise.A.name_typo_pct"",""reference"":0.2},{""current"":0.1,""path"":""emission.noise.A.nickname_pct"",""reference"":0.0},{""current"":0.4,""path"":""emission.noise.A.ocr_error_pct"",""reference"":0.0},{""current"":0.8,""path"":""emission.noise.A.phone_mask_pct"",""reference"":0.1},{""current"":0.2,""path"":""emission.noise.A.phonetic_error_pct"",""reference"":0.0},{""current"":1.5,""path"":""emission.noise.A.ssn_mask_pct"",""reference"":0.2},{""current"":0.1,""path"":""emission.noise.A.zip_digit_error_pct"",""reference"":0.0},{""current"":2.2,""path"":""emission.noise.B.address_missing_pct"",""reference"":0.2},{""current"":0.1,""path"":""emission.noise.B.date_swap_pct"",""reference"":0.0},{""current"":1.2,""path"":""emission.noise.B.dob_shift_pct"",""reference"":0.2},{""current"":30.0,""path"":""emission.noise.B.middle_name_missing_pct"",""reference"":8.0},{""current"":2.5,""path"":""emission.noise.B.name_typo_pct"",""reference"":0.5},{""current"":0.3,""path"":""emission.noise.B.ocr_error_pct"",""reference"":0.0},{""current"":3.0,""path"":""emission.noise.B.phone_mask_pct"",""reference"":0.2},{""current"":0.2,""path"":""emission.noise.B.phonetic_error_pct"",""reference"":0.0},{""current"":6.0,""path"":""emission.noise.B.ssn_mask_pct"",""reference"":0.5},{""current"":2.0,""path"":""emission.noise.B.zip_digit_error_pct"",""reference"":0.2},{""current"":70.0,""path"":""emission.overlap_entity_pct"",""reference"":92.0},{""current"":8784,""path"":""emission.record_count_A"",""reference"":null},{""current"":9540,""path"":""emission.record_count_B"",""reference"":null},{""current"":82.0,""path"":""parameters.move_rate_pct"",""reference"":8.0},{""current"":""count"",""path"":""selection.sample.mode"",""reference"":""pct""},{""current"":10000,""path"":""selection.sample.value"",""reference"":100.0}]",paper_experiments/results/E2_E6/E2/configs/e2_clean_baseline_linkage_s20260725.yaml,phase2/runs/2026-07-24_e2_single_movers_s20260725_seed20260725,"SHA-256 of sorted UTF-8 name-NUL-fileSHA256-NUL entries for truth_people.parquet, truth_households.parquet, truth_household_memberships.parquet, truth_residence_history.parquet, truth_events.parquet, entity_record_map.csv"
Table II,single_movers,E2,single_movers,20260726,paper_experiments/results/E2_E6/E2/configs/e2_single_movers_s20260726.yaml,63e5b92fef5b336da531c6f8e8faa7145bb4913072ea6cad655b74c2deb1584c,ba145cdd87fb5784f9c817a6f7f0757e95088852f4496af18a937f0cde33ef93,"{""entity_record_map.csv"":""cfe0db03f6e50bea2f2cfa0b111ecdc21634513e77eb5b22bbd0d02fd1254eaa"",""truth_events.parquet"":""4a1c33f5b366a9a35cb75e53cab00d1a8b1864fe7f59140ba6e42320a3681eea"",""truth_household_memberships.parquet"":""d1196a272df0342eb14559c5e9e24d9bd4ef501d1b6b5dc8172e26e15fd89af2"",""truth_households.parquet"":""3592c8c3a12177d77b248c6fca89bcae1d4354fc473ce0df5bae8251dfd12f24"",""truth_people.parquet"":""2b8adf938ec62055ab46f024967cdd0648d1bd4e9cf0f1c073e16e4e25cd7e34"",""truth_residence_history.parquet"":""9d19f07564e6179689f97dd0724405043221171ee9ad4a4381ee92ad10955b3a""}","[{""current"":85.0,""path"":""emission.appearance_A_pct"",""reference"":96.0},{""current"":90.0,""path"":""emission.appearance_B_pct"",""reference"":97.0},{""current"":4.0,""path"":""emission.duplication_in_A_pct"",""reference"":1.0},{""current"":6.0,""path"":""emission.duplication_in_B_pct"",""reference"":2.0},{""current"":0.8,""path"":""emission.noise.A.address_missing_pct"",""reference"":0.1},{""current"":0.1,""path"":""emission.noise.A.date_swap_pct"",""reference"":0.0},{""current"":0.4,""path"":""emission.noise.A.dob_shift_pct"",""reference"":0.0},{""current"":20.0,""path"":""emission.noise.A.middle_name_missing_pct"",""reference"":5.0},{""current"":1.0,""path"":""emission.noise.A.name_typo_pct"",""reference"":0.2},{""current"":0.1,""path"":""emission.noise.A.nickname_pct"",""reference"":0.0},{""current"":0.4,""path"":""emission.noise.A.ocr_error_pct"",""reference"":0.0},{""current"":0.8,""path"":""emission.noise.A.phone_mask_pct"",""reference"":0.1},{""current"":0.2,""path"":""emission.noise.A.phonetic_error_pct"",""reference"":0.0},{""current"":1.5,""path"":""emission.noise.A.ssn_mask_pct"",""reference"":0.2},{""current"":0.1,""path"":""emission.noise.A.zip_digit_error_pct"",""reference"":0.0},{""current"":2.2,""path"":""emission.noise.B.address_missing_pct"",""reference"":0.2},{""current"":0.1,""path"":""emission.noise.B.date_swap_pct"",""reference"":0.0},{""current"":1.2,""path"":""emission.noise.B.dob_shift_pct"",""reference"":0.2},{""current"":30.0,""path"":""emission.noise.B.middle_name_missing_pct"",""reference"":8.0},{""current"":2.5,""path"":""emission.noise.B.name_typo_pct"",""reference"":0.5},{""current"":0.3,""path"":""emission.noise.B.ocr_error_pct"",""reference"":0.0},{""current"":3.0,""path"":""emission.noise.B.phone_mask_pct"",""reference"":0.2},{""current"":0.2,""path"":""emission.noise.B.phonetic_error_pct"",""reference"":0.0},{""current"":6.0,""path"":""emission.noise.B.ssn_mask_pct"",""reference"":0.5},{""current"":2.0,""path"":""emission.noise.B.zip_digit_error_pct"",""reference"":0.2},{""current"":70.0,""path"":""emission.overlap_entity_pct"",""reference"":92.0},{""current"":8784,""path"":""emission.record_count_A"",""reference"":null},{""current"":9540,""path"":""emission.record_count_B"",""reference"":null},{""current"":82.0,""path"":""parameters.move_rate_pct"",""reference"":8.0},{""current"":""count"",""path"":""selection.sample.mode"",""reference"":""pct""},{""current"":10000,""path"":""selection.sample.value"",""reference"":100.0}]",paper_experiments/results/E2_E6/E2/configs/e2_clean_baseline_linkage_s20260726.yaml,phase2/runs/2026-07-24_e2_single_movers_s20260726_seed20260726,"SHA-256 of sorted UTF-8 name-NUL-fileSHA256-NUL entries for truth_people.parquet, truth_households.parquet, truth_household_memberships.parquet, truth_residence_history.parquet, truth_events.parquet, entity_record_map.csv"
Table II,single_movers,E2,single_movers,20260727,paper_experiments/results/E2_E6/E2/configs/e2_single_movers_s20260727.yaml,0e26bbfa9a62265814fcbd1a131fac0de7f61cd99d21f7991e6e24f6b364695e,d81fe7c689409d46098359be2a3f3e8f0993945eadb2ac5a91445804c348ef9c,"{""entity_record_map.csv"":""226944930920d6cd15152da9f13b39e29bdbeb9ed7fe8422faf8006e6db0de02"",""truth_events.parquet"":""90f60120b1dfce0514effb6555cf93a0105561b97751c875e2f480caf6b724aa"",""truth_household_memberships.parquet"":""5c68babbb6e2fd95ed1c195e97a8b2028df767031bfb65e1459e18a02f8a1a2a"",""truth_households.parquet"":""3592c8c3a12177d77b248c6fca89bcae1d4354fc473ce0df5bae8251dfd12f24"",""truth_people.parquet"":""a0f25b49819776c09ed4f8c0ac8a245ed99a2b1cd2c1b4902bccb5bc55fdd6ce"",""truth_residence_history.parquet"":""95d76b58b770284d09125d8c2df4a85c10d527f095c5b6609d679d6f1d8a4697""}","[{""current"":85.0,""path"":""emission.appearance_A_pct"",""reference"":96.0},{""current"":90.0,""path"":""emission.appearance_B_pct"",""reference"":97.0},{""current"":4.0,""path"":""emission.duplication_in_A_pct"",""reference"":1.0},{""current"":6.0,""path"":""emission.duplication_in_B_pct"",""reference"":2.0},{""current"":0.8,""path"":""emission.noise.A.address_missing_pct"",""reference"":0.1},{""current"":0.1,""path"":""emission.noise.A.date_swap_pct"",""reference"":0.0},{""current"":0.4,""path"":""emission.noise.A.dob_shift_pct"",""reference"":0.0},{""current"":20.0,""path"":""emission.noise.A.middle_name_missing_pct"",""reference"":5.0},{""current"":1.0,""path"":""emission.noise.A.name_typo_pct"",""reference"":0.2},{""current"":0.1,""path"":""emission.noise.A.nickname_pct"",""reference"":0.0},{""current"":0.4,""path"":""emission.noise.A.ocr_error_pct"",""reference"":0.0},{""current"":0.8,""path"":""emission.noise.A.phone_mask_pct"",""reference"":0.1},{""current"":0.2,""path"":""emission.noise.A.phonetic_error_pct"",""reference"":0.0},{""current"":1.5,""path"":""emission.noise.A.ssn_mask_pct"",""reference"":0.2},{""current"":0.1,""path"":""emission.noise.A.zip_digit_error_pct"",""reference"":0.0},{""current"":2.2,""path"":""emission.noise.B.address_missing_pct"",""reference"":0.2},{""current"":0.1,""path"":""emission.noise.B.date_swap_pct"",""reference"":0.0},{""current"":1.2,""path"":""emission.noise.B.dob_shift_pct"",""reference"":0.2},{""current"":30.0,""path"":""emission.noise.B.middle_name_missing_pct"",""reference"":8.0},{""current"":2.5,""path"":""emission.noise.B.name_typo_pct"",""reference"":0.5},{""current"":0.3,""path"":""emission.noise.B.ocr_error_pct"",""reference"":0.0},{""current"":3.0,""path"":""emission.noise.B.phone_mask_pct"",""reference"":0.2},{""current"":0.2,""path"":""emission.noise.B.phonetic_error_pct"",""reference"":0.0},{""current"":6.0,""path"":""emission.noise.B.ssn_mask_pct"",""reference"":0.5},{""current"":2.0,""path"":""emission.noise.B.zip_digit_error_pct"",""reference"":0.2},{""current"":70.0,""path"":""emission.overlap_entity_pct"",""reference"":92.0},{""current"":8784,""path"":""emission.record_count_A"",""reference"":null},{""current"":9540,""path"":""emission.record_count_B"",""reference"":null},{""current"":82.0,""path"":""parameters.move_rate_pct"",""reference"":8.0},{""current"":""count"",""path"":""selection.sample.mode"",""reference"":""pct""},{""current"":10000,""path"":""selection.sample.value"",""reference"":100.0}]",paper_experiments/results/E2_E6/E2/configs/e2_clean_baseline_linkage_s20260727.yaml,phase2/runs/2026-07-24_e2_single_movers_s20260727_seed20260727,"SHA-256 of sorted UTF-8 name-NUL-fileSHA256-NUL entries for truth_people.parquet, truth_households.parquet, truth_household_memberships.parquet, truth_residence_history.parquet, truth_events.parquet, entity_record_map.csv"
Table II,single_movers,E2,single_movers,20260728,paper_experiments/results/E2_E6/E2/configs/e2_single_movers_s20260728.yaml,239cb7afeb37da0e2b50ca3d77fd747626215645754012b9bcbe8c9d4bdc3708,323d17fdd996a8737a71e66da63ba7c1dc0557b6df2010a3ccd7bada2e1fb265,"{""entity_record_map.csv"":""ce7c0e409db66b00c3ca3a865ade01dce5fe83223fcd0983cc15ee21a68f2fb1"",""truth_events.parquet"":""435311fe9586ab8dcf91e01cee4e5afcdd586dd8805560573740f260fdf4fc9f"",""truth_household_memberships.parquet"":""552c8039d92840429258e16cd8ff6c3ec801817c14c9ffbce5935d4412536cea"",""truth_households.parquet"":""3592c8c3a12177d77b248c6fca89bcae1d4354fc473ce0df5bae8251dfd12f24"",""truth_people.parquet"":""3c6b927c4c84abedaf13403800a466b2dce6e79b93d66b81d0751c348ca97b64"",""truth_residence_history.parquet"":""11510eb25ea387091d7c133483d39a06fc86f3bf77c1a9d1b8ad5b92cec0f439""}","[{""current"":85.0,""path"":""emission.appearance_A_pct"",""reference"":96.0},{""current"":90.0,""path"":""emission.appearance_B_pct"",""reference"":97.0},{""current"":4.0,""path"":""emission.duplication_in_A_pct"",""reference"":1.0},{""current"":6.0,""path"":""emission.duplication_in_B_pct"",""reference"":2.0},{""current"":0.8,""path"":""emission.noise.A.address_missing_pct"",""reference"":0.1},{""current"":0.1,""path"":""emission.noise.A.date_swap_pct"",""reference"":0.0},{""current"":0.4,""path"":""emission.noise.A.dob_shift_pct"",""reference"":0.0},{""current"":20.0,""path"":""emission.noise.A.middle_name_missing_pct"",""reference"":5.0},{""current"":1.0,""path"":""emission.noise.A.name_typo_pct"",""reference"":0.2},{""current"":0.1,""path"":""emission.noise.A.nickname_pct"",""reference"":0.0},{""current"":0.4,""path"":""emission.noise.A.ocr_error_pct"",""reference"":0.0},{""current"":0.8,""path"":""emission.noise.A.phone_mask_pct"",""reference"":0.1},{""current"":0.2,""path"":""emission.noise.A.phonetic_error_pct"",""reference"":0.0},{""current"":1.5,""path"":""emission.noise.A.ssn_mask_pct"",""reference"":0.2},{""current"":0.1,""path"":""emission.noise.A.zip_digit_error_pct"",""reference"":0.0},{""current"":2.2,""path"":""emission.noise.B.address_missing_pct"",""reference"":0.2},{""current"":0.1,""path"":""emission.noise.B.date_swap_pct"",""reference"":0.0},{""current"":1.2,""path"":""emission.noise.B.dob_shift_pct"",""reference"":0.2},{""current"":30.0,""path"":""emission.noise.B.middle_name_missing_pct"",""reference"":8.0},{""current"":2.5,""path"":""emission.noise.B.name_typo_pct"",""reference"":0.5},{""current"":0.3,""path"":""emission.noise.B.ocr_error_pct"",""reference"":0.0},{""current"":3.0,""path"":""emission.noise.B.phone_mask_pct"",""reference"":0.2},{""current"":0.2,""path"":""emission.noise.B.phonetic_error_pct"",""reference"":0.0},{""current"":6.0,""path"":""emission.noise.B.ssn_mask_pct"",""reference"":0.5},{""current"":2.0,""path"":""emission.noise.B.zip_digit_error_pct"",""reference"":0.2},{""current"":70.0,""path"":""emission.overlap_entity_pct"",""reference"":92.0},{""current"":8784,""path"":""emission.record_count_A"",""reference"":null},{""current"":9540,""path"":""emission.record_count_B"",""reference"":null},{""current"":82.0,""path"":""parameters.move_rate_pct"",""reference"":8.0},{""current"":""count"",""path"":""selection.sample.mode"",""reference"":""pct""},{""current"":10000,""path"":""selection.sample.value"",""reference"":100.0}]",paper_experiments/results/E2_E6/E2/configs/e2_clean_baseline_linkage_s20260728.yaml,phase2/runs/2026-07-24_e2_single_movers_s20260728_seed20260728,"SHA-256 of sorted UTF-8 name-NUL-fileSHA256-NUL entries for truth_people.parquet, truth_households.parquet, truth_household_memberships.parquet, truth_residence_history.parquet, truth_events.parquet, entity_record_map.csv"
Table II,single_movers,E2,single_movers,20260729,paper_experiments/results/E2_E6/E2/configs/e2_single_movers_s20260729.yaml,f3f988baebbc11155b4c582ba86c9a6f33cf25db0c6ca8573094c0f82b0d4141,d7497c41a356416b26e7508ab5a5b6385de2b1d82fa1161131f8e8a7cab6cd68,"{""entity_record_map.csv"":""ab835e14785939d13bdc5ca47cd72b1bb722b4de59306ff1d47912aa8bc17cf7"",""truth_events.parquet"":""f0b01f13674f92082587c168ac3eb6da1221ecf0088009565685b52a12be571a"",""truth_household_memberships.parquet"":""e3f7bc33c6f22e57fc2b4c43cdca736d1cb950e84dd3279836d1bfc2e4415160"",""truth_households.parquet"":""3592c8c3a12177d77b248c6fca89bcae1d4354fc473ce0df5bae8251dfd12f24"",""truth_people.parquet"":""d8fa66d765ce78f5214ccc420d3e11d1cd018a7bfb88e484333af6481ce69fbd"",""truth_residence_history.parquet"":""36e82ae6805708856df3004d1d1c67d74252e9eb2f2c76fc5e040ebea7decf59""}","[{""current"":85.0,""path"":""emission.appearance_A_pct"",""reference"":96.0},{""current"":90.0,""path"":""emission.appearance_B_pct"",""reference"":97.0},{""current"":4.0,""path"":""emission.duplication_in_A_pct"",""reference"":1.0},{""current"":6.0,""path"":""emission.duplication_in_B_pct"",""reference"":2.0},{""current"":0.8,""path"":""emission.noise.A.address_missing_pct"",""reference"":0.1},{""current"":0.1,""path"":""emission.noise.A.date_swap_pct"",""reference"":0.0},{""current"":0.4,""path"":""emission.noise.A.dob_shift_pct"",""reference"":0.0},{""current"":20.0,""path"":""emission.noise.A.middle_name_missing_pct"",""reference"":5.0},{""current"":1.0,""path"":""emission.noise.A.name_typo_pct"",""reference"":0.2},{""current"":0.1,""path"":""emission.noise.A.nickname_pct"",""reference"":0.0},{""current"":0.4,""path"":""emission.noise.A.ocr_error_pct"",""reference"":0.0},{""current"":0.8,""path"":""emission.noise.A.phone_mask_pct"",""reference"":0.1},{""current"":0.2,""path"":""emission.noise.A.phonetic_error_pct"",""reference"":0.0},{""current"":1.5,""path"":""emission.noise.A.ssn_mask_pct"",""reference"":0.2},{""current"":0.1,""path"":""emission.noise.A.zip_digit_error_pct"",""reference"":0.0},{""current"":2.2,""path"":""emission.noise.B.address_missing_pct"",""reference"":0.2},{""current"":0.1,""path"":""emission.noise.B.date_swap_pct"",""reference"":0.0},{""current"":1.2,""path"":""emission.noise.B.dob_shift_pct"",""reference"":0.2},{""current"":30.0,""path"":""emission.noise.B.middle_name_missing_pct"",""reference"":8.0},{""current"":2.5,""path"":""emission.noise.B.name_typo_pct"",""reference"":0.5},{""current"":0.3,""path"":""emission.noise.B.ocr_error_pct"",""reference"":0.0},{""current"":3.0,""path"":""emission.noise.B.phone_mask_pct"",""reference"":0.2},{""current"":0.2,""path"":""emission.noise.B.phonetic_error_pct"",""reference"":0.0},{""current"":6.0,""path"":""emission.noise.B.ssn_mask_pct"",""reference"":0.5},{""current"":2.0,""path"":""emission.noise.B.zip_digit_error_pct"",""reference"":0.2},{""current"":70.0,""path"":""emission.overlap_entity_pct"",""reference"":92.0},{""current"":8784,""path"":""emission.record_count_A"",""reference"":null},{""current"":9540,""path"":""emission.record_count_B"",""reference"":null},{""current"":82.0,""path"":""parameters.move_rate_pct"",""reference"":8.0},{""current"":""count"",""path"":""selection.sample.mode"",""reference"":""pct""},{""current"":10000,""path"":""selection.sample.value"",""reference"":100.0}]",paper_experiments/results/E2_E6/E2/configs/e2_clean_baseline_linkage_s20260729.yaml,phase2/runs/2026-07-24_e2_single_movers_s20260729_seed20260729,"SHA-256 of sorted UTF-8 name-NUL-fileSHA256-NUL entries for truth_people.parquet, truth_households.parquet, truth_household_memberships.parquet, truth_residence_history.parquet, truth_events.parquet, entity_record_map.csv"
Table II,three_source_partial_overlap,E2,three_source_partial_overlap,20260720,paper_experiments/results/E2_E6/E2/configs/e2_three_source_partial_overlap_s20260720.yaml,9329793589c69b3faba275d0bb1618a20c8675cc5dc87db9e7e094c98d546978,e308b4ca18bd61106443f42fbf9696615c18c5a21982ac481441838db393f6ed,"{""entity_record_map.csv"":""de95cbd46c3f708396788776c4169e4b0a66ca52e4652d2afff8bea1a2e273ed"",""truth_events.parquet"":""0d977883977f14add3128ac47585ccead6d139aac28c8b42aff872c6f24ca7bd"",""truth_household_memberships.parquet"":""e9ee0e4b37fa57f145b81aff781bf82fd0dac08cdba7bdfaaad02ea9552cd08d"",""truth_households.parquet"":""3592c8c3a12177d77b248c6fca89bcae1d4354fc473ce0df5bae8251dfd12f24"",""truth_people.parquet"":""8f82e60abc92d97eff599d68416e532096ffbb435fac1f8878f0f8f5320d0828"",""truth_residence_history.parquet"":""60ccdf22e87cbc8cafd77dfddf644e68047968fa1aadb934099da9efea6acce0""}","[{""current"":null,""path"":""emission.appearance_A_pct"",""reference"":96.0},{""current"":null,""path"":""emission.appearance_B_pct"",""reference"":97.0},{""current"":[{""appearance_pct"":96.0,""dataset_id"":""registry"",""duplication_pct"":1.0,""filename"":""observed_registry.csv"",""noise"":{""middle_name_missing_pct"":8.0},""snapshot"":""simulation_start""},{""appearance_pct"":74.0,""dataset_id"":""claims"",""duplication_pct"":5.0,""filename"":""observed_claims.csv"",""noise"":{""middle_name_missing_pct"":18.0,""name_typo_pct"":1.5},""snapshot"":""simulation_end""},{""appearance_pct"":52.0,""dataset_id"":""benefits"",""duplication_pct"":3.0,""filename"":""observed_benefits.csv"",""noise"":{""middle_name_missing_pct"":16.0,""name_typo_pct"":1.0,""phone_mask_pct"":1.0},""snapshot"":""simulation_end""}],""path"":""emission.datasets"",""reference"":null},{""current"":null,""path"":""emission.duplication_in_A_pct"",""reference"":1.0},{""current"":null,""path"":""emission.duplication_in_B_pct"",""reference"":2.0},{""current"":null,""path"":""emission.noise.A.address_missing_pct"",""reference"":0.1},{""current"":null,""path"":""emission.noise.A.date_swap_pct"",""reference"":0.0},{""current"":null,""path"":""emission.noise.A.dob_shift_pct"",""reference"":0.0},{""current"":null,""path"":""emission.noise.A.middle_name_missing_pct"",""reference"":5.0},{""current"":null,""path"":""emission.noise.A.name_typo_pct"",""reference"":0.2},{""current"":null,""path"":""emission.noise.A.nickname_pct"",""reference"":0.0},{""current"":null,""path"":""emission.noise.A.ocr_error_pct"",""reference"":0.0},{""current"":null,""path"":""emission.noise.A.phone_mask_pct"",""reference"":0.1},{""current"":null,""path"":""emission.noise.A.phonetic_error_pct"",""reference"":0.0},{""current"":null,""path"":""emission.noise.A.ssn_mask_pct"",""reference"":0.2},{""current"":null,""path"":""emission.noise.A.suffix_missing_pct"",""reference"":0.0},{""current"":null,""path"":""emission.noise.A.zip_digit_error_pct"",""reference"":0.0},{""current"":null,""path"":""emission.noise.B.address_missing_pct"",""reference"":0.2},{""current"":null,""path"":""emission.noise.B.date_swap_pct"",""reference"":0.0},{""current"":null,""path"":""emission.noise.B.dob_shift_pct"",""reference"":0.2},{""current"":null,""path"":""emission.noise.B.middle_name_missing_pct"",""reference"":8.0},{""current"":null,""path"":""emission.noise.B.name_typo_pct"",""reference"":0.5},{""current"":null,""path"":""emission.noise.B.nickname_pct"",""reference"":0.0},{""current"":null,""path"":""emission.noise.B.ocr_error_pct"",""reference"":0.0},{""current"":null,""path"":""emission.noise.B.phone_mask_pct"",""reference"":0.2},{""current"":null,""path"":""emission.noise.B.phonetic_error_pct"",""reference"":0.0},{""current"":null,""path"":""emission.noise.B.ssn_mask_pct"",""reference"":0.5},{""current"":null,""path"":""emission.noise.B.suffix_missing_pct"",""reference"":0.0},{""current"":null,""path"":""emission.noise.B.zip_digit_error_pct"",""reference"":0.2},{""current"":42.0,""path"":""emission.overlap_entity_pct"",""reference"":92.0},{""current"":9.0,""path"":""parameters.move_rate_pct"",""reference"":8.0}]",paper_experiments/results/E2_E6/E2/configs/e2_clean_baseline_linkage_s20260720.yaml,phase2/runs/2026-07-24_e2_three_source_partial_overlap_s20260720_seed20260720,"SHA-256 of sorted UTF-8 name-NUL-fileSHA256-NUL entries for truth_people.parquet, truth_households.parquet, truth_household_memberships.parquet, truth_residence_history.parquet, truth_events.parquet, entity_record_map.csv"
Table II,three_source_partial_overlap,E2,three_source_partial_overlap,20260721,paper_experiments/results/E2_E6/E2/configs/e2_three_source_partial_overlap_s20260721.yaml,fe8dfe15597da2952a160881bca7f3880f2cfefee083d75133f6dfd0c33980b8,66536a216834b53b916b9a21f11dab24fc9b40e99511369abd162386a0b67077,"{""entity_record_map.csv"":""faf3d18db1e2e2f84e1204a77e2f550df69a4b00e0ecb0114f8b42e6d1265d82"",""truth_events.parquet"":""508c19099779b6aa4ec90d450c88bd25ca99d237138ce71cd0a2e0a3c2e315af"",""truth_household_memberships.parquet"":""10910b3f00f6556e115cf82e69ef71737fc1a3f83b25316dfc40aa161ff2847c"",""truth_households.parquet"":""3592c8c3a12177d77b248c6fca89bcae1d4354fc473ce0df5bae8251dfd12f24"",""truth_people.parquet"":""858062d8aa3fccea23735593aa8f1cfa94c661a967b7e81fe0b19157638ac721"",""truth_residence_history.parquet"":""3fd187f21ef145ab4a3e846c9217bec09792a3bce68e573bf8ff12a3c878c0ca""}","[{""current"":null,""path"":""emission.appearance_A_pct"",""reference"":96.0},{""current"":null,""path"":""emission.appearance_B_pct"",""reference"":97.0},{""current"":[{""appearance_pct"":96.0,""dataset_id"":""registry"",""duplication_pct"":1.0,""filename"":""observed_registry.csv"",""noise"":{""middle_name_missing_pct"":8.0},""snapshot"":""simulation_start""},{""appearance_pct"":74.0,""dataset_id"":""claims"",""duplication_pct"":5.0,""filename"":""observed_claims.csv"",""noise"":{""middle_name_missing_pct"":18.0,""name_typo_pct"":1.5},""snapshot"":""simulation_end""},{""appearance_pct"":52.0,""dataset_id"":""benefits"",""duplication_pct"":3.0,""filename"":""observed_benefits.csv"",""noise"":{""middle_name_missing_pct"":16.0,""name_typo_pct"":1.0,""phone_mask_pct"":1.0},""snapshot"":""simulation_end""}],""path"":""emission.datasets"",""reference"":null},{""current"":null,""path"":""emission.duplication_in_A_pct"",""reference"":1.0},{""current"":null,""path"":""emission.duplication_in_B_pct"",""reference"":2.0},{""current"":null,""path"":""emission.noise.A.address_missing_pct"",""reference"":0.1},{""current"":null,""path"":""emission.noise.A.date_swap_pct"",""reference"":0.0},{""current"":null,""path"":""emission.noise.A.dob_shift_pct"",""reference"":0.0},{""current"":null,""path"":""emission.noise.A.middle_name_missing_pct"",""reference"":5.0},{""current"":null,""path"":""emission.noise.A.name_typo_pct"",""reference"":0.2},{""current"":null,""path"":""emission.noise.A.nickname_pct"",""reference"":0.0},{""current"":null,""path"":""emission.noise.A.ocr_error_pct"",""reference"":0.0},{""current"":null,""path"":""emission.noise.A.phone_mask_pct"",""reference"":0.1},{""current"":null,""path"":""emission.noise.A.phonetic_error_pct"",""reference"":0.0},{""current"":null,""path"":""emission.noise.A.ssn_mask_pct"",""reference"":0.2},{""current"":null,""path"":""emission.noise.A.suffix_missing_pct"",""reference"":0.0},{""current"":null,""path"":""emission.noise.A.zip_digit_error_pct"",""reference"":0.0},{""current"":null,""path"":""emission.noise.B.address_missing_pct"",""reference"":0.2},{""current"":null,""path"":""emission.noise.B.date_swap_pct"",""reference"":0.0},{""current"":null,""path"":""emission.noise.B.dob_shift_pct"",""reference"":0.2},{""current"":null,""path"":""emission.noise.B.middle_name_missing_pct"",""reference"":8.0},{""current"":null,""path"":""emission.noise.B.name_typo_pct"",""reference"":0.5},{""current"":null,""path"":""emission.noise.B.nickname_pct"",""reference"":0.0},{""current"":null,""path"":""emission.noise.B.ocr_error_pct"",""reference"":0.0},{""current"":null,""path"":""emission.noise.B.phone_mask_pct"",""reference"":0.2},{""current"":null,""path"":""emission.noise.B.phonetic_error_pct"",""reference"":0.0},{""current"":null,""path"":""emission.noise.B.ssn_mask_pct"",""reference"":0.5},{""current"":null,""path"":""emission.noise.B.suffix_missing_pct"",""reference"":0.0},{""current"":null,""path"":""emission.noise.B.zip_digit_error_pct"",""reference"":0.2},{""current"":42.0,""path"":""emission.overlap_entity_pct"",""reference"":92.0},{""current"":9.0,""path"":""parameters.move_rate_pct"",""reference"":8.0}]",paper_experiments/results/E2_E6/E2/configs/e2_clean_baseline_linkage_s20260721.yaml,phase2/runs/2026-07-24_e2_three_source_partial_overlap_s20260721_seed20260721,"SHA-256 of sorted UTF-8 name-NUL-fileSHA256-NUL entries for truth_people.parquet, truth_households.parquet, truth_household_memberships.parquet, truth_residence_history.parquet, truth_events.parquet, entity_record_map.csv"
Table II,three_source_partial_overlap,E2,three_source_partial_overlap,20260722,paper_experiments/results/E2_E6/E2/configs/e2_three_source_partial_overlap_s20260722.yaml,d21685fcba83abc96987c5d8cc3d1253feb9b28f400d8523c549f0a88b9b5278,fef952ad6ee2570e994dcb4586a6d8eb227660129169378f1600357f802c789f,"{""entity_record_map.csv"":""e7ab3a050a2ad40aa162f5ef3d0427b46896344fc2b6db5e5ebcf88614265479"",""truth_events.parquet"":""306d15d9198f9660b59edc1870bddde7b994b5d784ef1c9960bdd6379ba85b8d"",""truth_household_memberships.parquet"":""2ced654425713214dc9c116d71a043bfe86f7d67555fcad6f815dc061ec2f20d"",""truth_households.parquet"":""3592c8c3a12177d77b248c6fca89bcae1d4354fc473ce0df5bae8251dfd12f24"",""truth_people.parquet"":""3444f477025dd602970c6f80f2dc1c1a92b74cf26427b5590c2a8aabb1c8cc81"",""truth_residence_history.parquet"":""a8a7c9a2d0dd10d5cd17f35a2b4a3948eb22111bc8ef028d21eb5e88b60bf9cc""}","[{""current"":null,""path"":""emission.appearance_A_pct"",""reference"":96.0},{""current"":null,""path"":""emission.appearance_B_pct"",""reference"":97.0},{""current"":[{""appearance_pct"":96.0,""dataset_id"":""registry"",""duplication_pct"":1.0,""filename"":""observed_registry.csv"",""noise"":{""middle_name_missing_pct"":8.0},""snapshot"":""simulation_start""},{""appearance_pct"":74.0,""dataset_id"":""claims"",""duplication_pct"":5.0,""filename"":""observed_claims.csv"",""noise"":{""middle_name_missing_pct"":18.0,""name_typo_pct"":1.5},""snapshot"":""simulation_end""},{""appearance_pct"":52.0,""dataset_id"":""benefits"",""duplication_pct"":3.0,""filename"":""observed_benefits.csv"",""noise"":{""middle_name_missing_pct"":16.0,""name_typo_pct"":1.0,""phone_mask_pct"":1.0},""snapshot"":""simulation_end""}],""path"":""emission.datasets"",""reference"":null},{""current"":null,""path"":""emission.duplication_in_A_pct"",""reference"":1.0},{""current"":null,""path"":""emission.duplication_in_B_pct"",""reference"":2.0},{""current"":null,""path"":""emission.noise.A.address_missing_pct"",""reference"":0.1},{""current"":null,""path"":""emission.noise.A.date_swap_pct"",""reference"":0.0},{""current"":null,""path"":""emission.noise.A.dob_shift_pct"",""reference"":0.0},{""current"":null,""path"":""emission.noise.A.middle_name_missing_pct"",""reference"":5.0},{""current"":null,""path"":""emission.noise.A.name_typo_pct"",""reference"":0.2},{""current"":null,""path"":""emission.noise.A.nickname_pct"",""reference"":0.0},{""current"":null,""path"":""emission.noise.A.ocr_error_pct"",""reference"":0.0},{""current"":null,""path"":""emission.noise.A.phone_mask_pct"",""reference"":0.1},{""current"":null,""path"":""emission.noise.A.phonetic_error_pct"",""reference"":0.0},{""current"":null,""path"":""emission.noise.A.ssn_mask_pct"",""reference"":0.2},{""current"":null,""path"":""emission.noise.A.suffix_missing_pct"",""reference"":0.0},{""current"":null,""path"":""emission.noise.A.zip_digit_error_pct"",""reference"":0.0},{""current"":null,""path"":""emission.noise.B.address_missing_pct"",""reference"":0.2},{""current"":null,""path"":""emission.noise.B.date_swap_pct"",""reference"":0.0},{""current"":null,""path"":""emission.noise.B.dob_shift_pct"",""reference"":0.2},{""current"":null,""path"":""emission.noise.B.middle_name_missing_pct"",""reference"":8.0},{""current"":null,""path"":""emission.noise.B.name_typo_pct"",""reference"":0.5},{""current"":null,""path"":""emission.noise.B.nickname_pct"",""reference"":0.0},{""current"":null,""path"":""emission.noise.B.ocr_error_pct"",""reference"":0.0},{""current"":null,""path"":""emission.noise.B.phone_mask_pct"",""reference"":0.2},{""current"":null,""path"":""emission.noise.B.phonetic_error_pct"",""reference"":0.0},{""current"":null,""path"":""emission.noise.B.ssn_mask_pct"",""reference"":0.5},{""current"":null,""path"":""emission.noise.B.suffix_missing_pct"",""reference"":0.0},{""current"":null,""path"":""emission.noise.B.zip_digit_error_pct"",""reference"":0.2},{""current"":42.0,""path"":""emission.overlap_entity_pct"",""reference"":92.0},{""current"":9.0,""path"":""parameters.move_rate_pct"",""reference"":8.0}]",paper_experiments/results/E2_E6/E2/configs/e2_clean_baseline_linkage_s20260722.yaml,phase2/runs/2026-07-24_e2_three_source_partial_overlap_s20260722_seed20260722,"SHA-256 of sorted UTF-8 name-NUL-fileSHA256-NUL entries for truth_people.parquet, truth_households.parquet, truth_household_memberships.parquet, truth_residence_history.parquet, truth_events.parquet, entity_record_map.csv"
Table II,three_source_partial_overlap,E2,three_source_partial_overlap,20260723,paper_experiments/results/E2_E6/E2/configs/e2_three_source_partial_overlap_s20260723.yaml,1520ab912e352c63936e95a0222eb340fa69bf26d68c24e30c41f6f7a86e4969,6e70517a0cad7c3674fb706e5b3a2a2f6a3e035193ce3ffe02880fa6b4b36962,"{""entity_record_map.csv"":""0442ca9ac6decdb113176495595b29f4354a1dad0a15ad1fc3d3c83a28a548a2"",""truth_events.parquet"":""046e815c8a2cb562b89b7da7f20b375a3a1007fedf2a020046239ab673fc1562"",""truth_household_memberships.parquet"":""d000e27e1e4353aab39565aa10e1e25c3f027250f41eeaa98fffd8bd30afd5a3"",""truth_households.parquet"":""3592c8c3a12177d77b248c6fca89bcae1d4354fc473ce0df5bae8251dfd12f24"",""truth_people.parquet"":""828d72db0aeb7760fb311b436230cb0e437d406367b13d153df7aaf38e97bf04"",""truth_residence_history.parquet"":""7e370f2ccb6903df909b9b62cf03243cf25f553e3b9f7c8fc851a952544d94ad""}","[{""current"":null,""path"":""emission.appearance_A_pct"",""reference"":96.0},{""current"":null,""path"":""emission.appearance_B_pct"",""reference"":97.0},{""current"":[{""appearance_pct"":96.0,""dataset_id"":""registry"",""duplication_pct"":1.0,""filename"":""observed_registry.csv"",""noise"":{""middle_name_missing_pct"":8.0},""snapshot"":""simulation_start""},{""appearance_pct"":74.0,""dataset_id"":""claims"",""duplication_pct"":5.0,""filename"":""observed_claims.csv"",""noise"":{""middle_name_missing_pct"":18.0,""name_typo_pct"":1.5},""snapshot"":""simulation_end""},{""appearance_pct"":52.0,""dataset_id"":""benefits"",""duplication_pct"":3.0,""filename"":""observed_benefits.csv"",""noise"":{""middle_name_missing_pct"":16.0,""name_typo_pct"":1.0,""phone_mask_pct"":1.0},""snapshot"":""simulation_end""}],""path"":""emission.datasets"",""reference"":null},{""current"":null,""path"":""emission.duplication_in_A_pct"",""reference"":1.0},{""current"":null,""path"":""emission.duplication_in_B_pct"",""reference"":2.0},{""current"":null,""path"":""emission.noise.A.address_missing_pct"",""reference"":0.1},{""current"":null,""path"":""emission.noise.A.date_swap_pct"",""reference"":0.0},{""current"":null,""path"":""emission.noise.A.dob_shift_pct"",""reference"":0.0},{""current"":null,""path"":""emission.noise.A.middle_name_missing_pct"",""reference"":5.0},{""current"":null,""path"":""emission.noise.A.name_typo_pct"",""reference"":0.2},{""current"":null,""path"":""emission.noise.A.nickname_pct"",""reference"":0.0},{""current"":null,""path"":""emission.noise.A.ocr_error_pct"",""reference"":0.0},{""current"":null,""path"":""emission.noise.A.phone_mask_pct"",""reference"":0.1},{""current"":null,""path"":""emission.noise.A.phonetic_error_pct"",""reference"":0.0},{""current"":null,""path"":""emission.noise.A.ssn_mask_pct"",""reference"":0.2},{""current"":null,""path"":""emission.noise.A.suffix_missing_pct"",""reference"":0.0},{""current"":null,""path"":""emission.noise.A.zip_digit_error_pct"",""reference"":0.0},{""current"":null,""path"":""emission.noise.B.address_missing_pct"",""reference"":0.2},{""current"":null,""path"":""emission.noise.B.date_swap_pct"",""reference"":0.0},{""current"":null,""path"":""emission.noise.B.dob_shift_pct"",""reference"":0.2},{""current"":null,""path"":""emission.noise.B.middle_name_missing_pct"",""reference"":8.0},{""current"":null,""path"":""emission.noise.B.name_typo_pct"",""reference"":0.5},{""current"":null,""path"":""emission.noise.B.nickname_pct"",""reference"":0.0},{""current"":null,""path"":""emission.noise.B.ocr_error_pct"",""reference"":0.0},{""current"":null,""path"":""emission.noise.B.phone_mask_pct"",""reference"":0.2},{""current"":null,""path"":""emission.noise.B.phonetic_error_pct"",""reference"":0.0},{""current"":null,""path"":""emission.noise.B.ssn_mask_pct"",""reference"":0.5},{""current"":null,""path"":""emission.noise.B.suffix_missing_pct"",""reference"":0.0},{""current"":null,""path"":""emission.noise.B.zip_digit_error_pct"",""reference"":0.2},{""current"":42.0,""path"":""emission.overlap_entity_pct"",""reference"":92.0},{""current"":9.0,""path"":""parameters.move_rate_pct"",""reference"":8.0}]",paper_experiments/results/E2_E6/E2/configs/e2_clean_baseline_linkage_s20260723.yaml,phase2/runs/2026-07-24_e2_three_source_partial_overlap_s20260723_seed20260723,"SHA-256 of sorted UTF-8 name-NUL-fileSHA256-NUL entries for truth_people.parquet, truth_households.parquet, truth_household_memberships.parquet, truth_residence_history.parquet, truth_events.parquet, entity_record_map.csv"
Table II,three_source_partial_overlap,E2,three_source_partial_overlap,20260724,paper_experiments/results/E2_E6/E2/configs/e2_three_source_partial_overlap_s20260724.yaml,408747b5686b1898a01b2eb5e99460a48cdc40d8a24e37f1a488f4a0278b5ce1,48ea4625009ea60a662f6cca4ed11b04da9bf8015cb8c8fc8580226cf83c1684,"{""entity_record_map.csv"":""22838ae161ae6c5236a1b63a75669be823206fa12a3b727c630af8e9937bd3ea"",""truth_events.parquet"":""e5a26c6cde8cd6528540b11c82707c31136e6dd0342aa62ac1415cf60fa60f68"",""truth_household_memberships.parquet"":""f651d7478e9510fbaf6801658e532e2f080c20ced26fb1b1d19676656c588fc7"",""truth_households.parquet"":""3592c8c3a12177d77b248c6fca89bcae1d4354fc473ce0df5bae8251dfd12f24"",""truth_people.parquet"":""afa6beb768f8ed02e51f9f8a147c9a03c534b282c058ffdaed958a017dacdc89"",""truth_residence_history.parquet"":""eaee7fda9a06cc6ea8488a337d2fb76ddd344de170a86f4dd5822b589b433ea9""}","[{""current"":null,""path"":""emission.appearance_A_pct"",""reference"":96.0},{""current"":null,""path"":""emission.appearance_B_pct"",""reference"":97.0},{""current"":[{""appearance_pct"":96.0,""dataset_id"":""registry"",""duplication_pct"":1.0,""filename"":""observed_registry.csv"",""noise"":{""middle_name_missing_pct"":8.0},""snapshot"":""simulation_start""},{""appearance_pct"":74.0,""dataset_id"":""claims"",""duplication_pct"":5.0,""filename"":""observed_claims.csv"",""noise"":{""middle_name_missing_pct"":18.0,""name_typo_pct"":1.5},""snapshot"":""simulation_end""},{""appearance_pct"":52.0,""dataset_id"":""benefits"",""duplication_pct"":3.0,""filename"":""observed_benefits.csv"",""noise"":{""middle_name_missing_pct"":16.0,""name_typo_pct"":1.0,""phone_mask_pct"":1.0},""snapshot"":""simulation_end""}],""path"":""emission.datasets"",""reference"":null},{""current"":null,""path"":""emission.duplication_in_A_pct"",""reference"":1.0},{""current"":null,""path"":""emission.duplication_in_B_pct"",""reference"":2.0},{""current"":null,""path"":""emission.noise.A.address_missing_pct"",""reference"":0.1},{""current"":null,""path"":""emission.noise.A.date_swap_pct"",""reference"":0.0},{""current"":null,""path"":""emission.noise.A.dob_shift_pct"",""reference"":0.0},{""current"":null,""path"":""emission.noise.A.middle_name_missing_pct"",""reference"":5.0},{""current"":null,""path"":""emission.noise.A.name_typo_pct"",""reference"":0.2},{""current"":null,""path"":""emission.noise.A.nickname_pct"",""reference"":0.0},{""current"":null,""path"":""emission.noise.A.ocr_error_pct"",""reference"":0.0},{""current"":null,""path"":""emission.noise.A.phone_mask_pct"",""reference"":0.1},{""current"":null,""path"":""emission.noise.A.phonetic_error_pct"",""reference"":0.0},{""current"":null,""path"":""emission.noise.A.ssn_mask_pct"",""reference"":0.2},{""current"":null,""path"":""emission.noise.A.suffix_missing_pct"",""reference"":0.0},{""current"":null,""path"":""emission.noise.A.zip_digit_error_pct"",""reference"":0.0},{""current"":null,""path"":""emission.noise.B.address_missing_pct"",""reference"":0.2},{""current"":null,""path"":""emission.noise.B.date_swap_pct"",""reference"":0.0},{""current"":null,""path"":""emission.noise.B.dob_shift_pct"",""reference"":0.2},{""current"":null,""path"":""emission.noise.B.middle_name_missing_pct"",""reference"":8.0},{""current"":null,""path"":""emission.noise.B.name_typo_pct"",""reference"":0.5},{""current"":null,""path"":""emission.noise.B.nickname_pct"",""reference"":0.0},{""current"":null,""path"":""emission.noise.B.ocr_error_pct"",""reference"":0.0},{""current"":null,""path"":""emission.noise.B.phone_mask_pct"",""reference"":0.2},{""current"":null,""path"":""emission.noise.B.phonetic_error_pct"",""reference"":0.0},{""current"":null,""path"":""emission.noise.B.ssn_mask_pct"",""reference"":0.5},{""current"":null,""path"":""emission.noise.B.suffix_missing_pct"",""reference"":0.0},{""current"":null,""path"":""emission.noise.B.zip_digit_error_pct"",""reference"":0.2},{""current"":42.0,""path"":""emission.overlap_entity_pct"",""reference"":92.0},{""current"":9.0,""path"":""parameters.move_rate_pct"",""reference"":8.0}]",paper_experiments/results/E2_E6/E2/configs/e2_clean_baseline_linkage_s20260724.yaml,phase2/runs/2026-07-24_e2_three_source_partial_overlap_s20260724_seed20260724,"SHA-256 of sorted UTF-8 name-NUL-fileSHA256-NUL entries for truth_people.parquet, truth_households.parquet, truth_household_memberships.parquet, truth_residence_history.parquet, truth_events.parquet, entity_record_map.csv"
Table II,three_source_partial_overlap,E2,three_source_partial_overlap,20260725,paper_experiments/results/E2_E6/E2/configs/e2_three_source_partial_overlap_s20260725.yaml,bc2591412d87afdd6df624938b46fe504d01c550f090787386b4e23179977750,e01fe8a5ed59b1a1c04a9a9b6c55f3be97c3ec80fa591d26065518c745e43f01,"{""entity_record_map.csv"":""8f2a9a3dd5b20c3b9b3d691753ecf3602797159b514de3286a57a42616ebcb85"",""truth_events.parquet"":""82be8ffb149fbbfa165552e9b5fb1970a4fcdb2edb9a78b19892b691607b97b3"",""truth_household_memberships.parquet"":""58378d36406209b7f27bbca696e7afd6b84fdd84b5b2b5f84c325fbf3e0ab7a0"",""truth_households.parquet"":""3592c8c3a12177d77b248c6fca89bcae1d4354fc473ce0df5bae8251dfd12f24"",""truth_people.parquet"":""f6463f5c0f497b01a2829c35cffa924ee2323a128a146a36a120998107bc5d5b"",""truth_residence_history.parquet"":""79f290cc266c2bdf0709d67353ab8e386c273f4a71f278bc6f19ea31051aeadb""}","[{""current"":null,""path"":""emission.appearance_A_pct"",""reference"":96.0},{""current"":null,""path"":""emission.appearance_B_pct"",""reference"":97.0},{""current"":[{""appearance_pct"":96.0,""dataset_id"":""registry"",""duplication_pct"":1.0,""filename"":""observed_registry.csv"",""noise"":{""middle_name_missing_pct"":8.0},""snapshot"":""simulation_start""},{""appearance_pct"":74.0,""dataset_id"":""claims"",""duplication_pct"":5.0,""filename"":""observed_claims.csv"",""noise"":{""middle_name_missing_pct"":18.0,""name_typo_pct"":1.5},""snapshot"":""simulation_end""},{""appearance_pct"":52.0,""dataset_id"":""benefits"",""duplication_pct"":3.0,""filename"":""observed_benefits.csv"",""noise"":{""middle_name_missing_pct"":16.0,""name_typo_pct"":1.0,""phone_mask_pct"":1.0},""snapshot"":""simulation_end""}],""path"":""emission.datasets"",""reference"":null},{""current"":null,""path"":""emission.duplication_in_A_pct"",""reference"":1.0},{""current"":null,""path"":""emission.duplication_in_B_pct"",""reference"":2.0},{""current"":null,""path"":""emission.noise.A.address_missing_pct"",""reference"":0.1},{""current"":null,""path"":""emission.noise.A.date_swap_pct"",""reference"":0.0},{""current"":null,""path"":""emission.noise.A.dob_shift_pct"",""reference"":0.0},{""current"":null,""path"":""emission.noise.A.middle_name_missing_pct"",""reference"":5.0},{""current"":null,""path"":""emission.noise.A.name_typo_pct"",""reference"":0.2},{""current"":null,""path"":""emission.noise.A.nickname_pct"",""reference"":0.0},{""current"":null,""path"":""emission.noise.A.ocr_error_pct"",""reference"":0.0},{""current"":null,""path"":""emission.noise.A.phone_mask_pct"",""reference"":0.1},{""current"":null,""path"":""emission.noise.A.phonetic_error_pct"",""reference"":0.0},{""current"":null,""path"":""emission.noise.A.ssn_mask_pct"",""reference"":0.2},{""current"":null,""path"":""emission.noise.A.suffix_missing_pct"",""reference"":0.0},{""current"":null,""path"":""emission.noise.A.zip_digit_error_pct"",""reference"":0.0},{""current"":null,""path"":""emission.noise.B.address_missing_pct"",""reference"":0.2},{""current"":null,""path"":""emission.noise.B.date_swap_pct"",""reference"":0.0},{""current"":null,""path"":""emission.noise.B.dob_shift_pct"",""reference"":0.2},{""current"":null,""path"":""emission.noise.B.middle_name_missing_pct"",""reference"":8.0},{""current"":null,""path"":""emission.noise.B.name_typo_pct"",""reference"":0.5},{""current"":null,""path"":""emission.noise.B.nickname_pct"",""reference"":0.0},{""current"":null,""path"":""emission.noise.B.ocr_error_pct"",""reference"":0.0},{""current"":null,""path"":""emission.noise.B.phone_mask_pct"",""reference"":0.2},{""current"":null,""path"":""emission.noise.B.phonetic_error_pct"",""reference"":0.0},{""current"":null,""path"":""emission.noise.B.ssn_mask_pct"",""reference"":0.5},{""current"":null,""path"":""emission.noise.B.suffix_missing_pct"",""reference"":0.0},{""current"":null,""path"":""emission.noise.B.zip_digit_error_pct"",""reference"":0.2},{""current"":42.0,""path"":""emission.overlap_entity_pct"",""reference"":92.0},{""current"":9.0,""path"":""parameters.move_rate_pct"",""reference"":8.0}]",paper_experiments/results/E2_E6/E2/configs/e2_clean_baseline_linkage_s20260725.yaml,phase2/runs/2026-07-24_e2_three_source_partial_overlap_s20260725_seed20260725,"SHA-256 of sorted UTF-8 name-NUL-fileSHA256-NUL entries for truth_people.parquet, truth_households.parquet, truth_household_memberships.parquet, truth_residence_history.parquet, truth_events.parquet, entity_record_map.csv"
Table II,three_source_partial_overlap,E2,three_source_partial_overlap,20260726,paper_experiments/results/E2_E6/E2/configs/e2_three_source_partial_overlap_s20260726.yaml,8223479c28c49afb6a8f41dfdb1e7a9d8923ef8841b932663625612cb4645ec5,e7624fdf5f9ce796a57cb092c757906d8952ae8c7bc239ddba0bc15e35b47d23,"{""entity_record_map.csv"":""e0559547c72a54365e7e60173090838d19386d2579a5538d47e505b8612aceed"",""truth_events.parquet"":""22c9bcd411c19c323ddb2bdadfe1ad3f8774649c7e301dedf7dab576aa9e091d"",""truth_household_memberships.parquet"":""d1196a272df0342eb14559c5e9e24d9bd4ef501d1b6b5dc8172e26e15fd89af2"",""truth_households.parquet"":""3592c8c3a12177d77b248c6fca89bcae1d4354fc473ce0df5bae8251dfd12f24"",""truth_people.parquet"":""2b8adf938ec62055ab46f024967cdd0648d1bd4e9cf0f1c073e16e4e25cd7e34"",""truth_residence_history.parquet"":""8cc3d1b1814ca87d57d01a9dbbf8cfb33960c5c712943b2955b1f4ae8e7bd9d9""}","[{""current"":null,""path"":""emission.appearance_A_pct"",""reference"":96.0},{""current"":null,""path"":""emission.appearance_B_pct"",""reference"":97.0},{""current"":[{""appearance_pct"":96.0,""dataset_id"":""registry"",""duplication_pct"":1.0,""filename"":""observed_registry.csv"",""noise"":{""middle_name_missing_pct"":8.0},""snapshot"":""simulation_start""},{""appearance_pct"":74.0,""dataset_id"":""claims"",""duplication_pct"":5.0,""filename"":""observed_claims.csv"",""noise"":{""middle_name_missing_pct"":18.0,""name_typo_pct"":1.5},""snapshot"":""simulation_end""},{""appearance_pct"":52.0,""dataset_id"":""benefits"",""duplication_pct"":3.0,""filename"":""observed_benefits.csv"",""noise"":{""middle_name_missing_pct"":16.0,""name_typo_pct"":1.0,""phone_mask_pct"":1.0},""snapshot"":""simulation_end""}],""path"":""emission.datasets"",""reference"":null},{""current"":null,""path"":""emission.duplication_in_A_pct"",""reference"":1.0},{""current"":null,""path"":""emission.duplication_in_B_pct"",""reference"":2.0},{""current"":null,""path"":""emission.noise.A.address_missing_pct"",""reference"":0.1},{""current"":null,""path"":""emission.noise.A.date_swap_pct"",""reference"":0.0},{""current"":null,""path"":""emission.noise.A.dob_shift_pct"",""reference"":0.0},{""current"":null,""path"":""emission.noise.A.middle_name_missing_pct"",""reference"":5.0},{""current"":null,""path"":""emission.noise.A.name_typo_pct"",""reference"":0.2},{""current"":null,""path"":""emission.noise.A.nickname_pct"",""reference"":0.0},{""current"":null,""path"":""emission.noise.A.ocr_error_pct"",""reference"":0.0},{""current"":null,""path"":""emission.noise.A.phone_mask_pct"",""reference"":0.1},{""current"":null,""path"":""emission.noise.A.phonetic_error_pct"",""reference"":0.0},{""current"":null,""path"":""emission.noise.A.ssn_mask_pct"",""reference"":0.2},{""current"":null,""path"":""emission.noise.A.suffix_missing_pct"",""reference"":0.0},{""current"":null,""path"":""emission.noise.A.zip_digit_error_pct"",""reference"":0.0},{""current"":null,""path"":""emission.noise.B.address_missing_pct"",""reference"":0.2},{""current"":null,""path"":""emission.noise.B.date_swap_pct"",""reference"":0.0},{""current"":null,""path"":""emission.noise.B.dob_shift_pct"",""reference"":0.2},{""current"":null,""path"":""emission.noise.B.middle_name_missing_pct"",""reference"":8.0},{""current"":null,""path"":""emission.noise.B.name_typo_pct"",""reference"":0.5},{""current"":null,""path"":""emission.noise.B.nickname_pct"",""reference"":0.0},{""current"":null,""path"":""emission.noise.B.ocr_error_pct"",""reference"":0.0},{""current"":null,""path"":""emission.noise.B.phone_mask_pct"",""reference"":0.2},{""current"":null,""path"":""emission.noise.B.phonetic_error_pct"",""reference"":0.0},{""current"":null,""path"":""emission.noise.B.ssn_mask_pct"",""reference"":0.5},{""current"":null,""path"":""emission.noise.B.suffix_missing_pct"",""reference"":0.0},{""current"":null,""path"":""emission.noise.B.zip_digit_error_pct"",""reference"":0.2},{""current"":42.0,""path"":""emission.overlap_entity_pct"",""reference"":92.0},{""current"":9.0,""path"":""parameters.move_rate_pct"",""reference"":8.0}]",paper_experiments/results/E2_E6/E2/configs/e2_clean_baseline_linkage_s20260726.yaml,phase2/runs/2026-07-24_e2_three_source_partial_overlap_s20260726_seed20260726,"SHA-256 of sorted UTF-8 name-NUL-fileSHA256-NUL entries for truth_people.parquet, truth_households.parquet, truth_household_memberships.parquet, truth_residence_history.parquet, truth_events.parquet, entity_record_map.csv"
Table II,three_source_partial_overlap,E2,three_source_partial_overlap,20260727,paper_experiments/results/E2_E6/E2/configs/e2_three_source_partial_overlap_s20260727.yaml,2ff6588f3c34bb165d1f2bfed479d2866c0184afd9a1f101430e9639eccefdae,0150fe567ebb4c9dd1cf927278e9be7231b0de3660b072dfa919e451d436f96a,"{""entity_record_map.csv"":""ff5f2af329e9b288ee07f80496a25f5cb217585b661b6313fd2b4ca576f76d37"",""truth_events.parquet"":""a32942518de94bf1ce885c57ba0b831c7bf7c89bc480de6924162db494e11ef6"",""truth_household_memberships.parquet"":""5c68babbb6e2fd95ed1c195e97a8b2028df767031bfb65e1459e18a02f8a1a2a"",""truth_households.parquet"":""3592c8c3a12177d77b248c6fca89bcae1d4354fc473ce0df5bae8251dfd12f24"",""truth_people.parquet"":""a0f25b49819776c09ed4f8c0ac8a245ed99a2b1cd2c1b4902bccb5bc55fdd6ce"",""truth_residence_history.parquet"":""dc600414a47e0e69eca99cb8bec92dc38eab477b83e7690473a7fc2e5d868ede""}","[{""current"":null,""path"":""emission.appearance_A_pct"",""reference"":96.0},{""current"":null,""path"":""emission.appearance_B_pct"",""reference"":97.0},{""current"":[{""appearance_pct"":96.0,""dataset_id"":""registry"",""duplication_pct"":1.0,""filename"":""observed_registry.csv"",""noise"":{""middle_name_missing_pct"":8.0},""snapshot"":""simulation_start""},{""appearance_pct"":74.0,""dataset_id"":""claims"",""duplication_pct"":5.0,""filename"":""observed_claims.csv"",""noise"":{""middle_name_missing_pct"":18.0,""name_typo_pct"":1.5},""snapshot"":""simulation_end""},{""appearance_pct"":52.0,""dataset_id"":""benefits"",""duplication_pct"":3.0,""filename"":""observed_benefits.csv"",""noise"":{""middle_name_missing_pct"":16.0,""name_typo_pct"":1.0,""phone_mask_pct"":1.0},""snapshot"":""simulation_end""}],""path"":""emission.datasets"",""reference"":null},{""current"":null,""path"":""emission.duplication_in_A_pct"",""reference"":1.0},{""current"":null,""path"":""emission.duplication_in_B_pct"",""reference"":2.0},{""current"":null,""path"":""emission.noise.A.address_missing_pct"",""reference"":0.1},{""current"":null,""path"":""emission.noise.A.date_swap_pct"",""reference"":0.0},{""current"":null,""path"":""emission.noise.A.dob_shift_pct"",""reference"":0.0},{""current"":null,""path"":""emission.noise.A.middle_name_missing_pct"",""reference"":5.0},{""current"":null,""path"":""emission.noise.A.name_typo_pct"",""reference"":0.2},{""current"":null,""path"":""emission.noise.A.nickname_pct"",""reference"":0.0},{""current"":null,""path"":""emission.noise.A.ocr_error_pct"",""reference"":0.0},{""current"":null,""path"":""emission.noise.A.phone_mask_pct"",""reference"":0.1},{""current"":null,""path"":""emission.noise.A.phonetic_error_pct"",""reference"":0.0},{""current"":null,""path"":""emission.noise.A.ssn_mask_pct"",""reference"":0.2},{""current"":null,""path"":""emission.noise.A.suffix_missing_pct"",""reference"":0.0},{""current"":null,""path"":""emission.noise.A.zip_digit_error_pct"",""reference"":0.0},{""current"":null,""path"":""emission.noise.B.address_missing_pct"",""reference"":0.2},{""current"":null,""path"":""emission.noise.B.date_swap_pct"",""reference"":0.0},{""current"":null,""path"":""emission.noise.B.dob_shift_pct"",""reference"":0.2},{""current"":null,""path"":""emission.noise.B.middle_name_missing_pct"",""reference"":8.0},{""current"":null,""path"":""emission.noise.B.name_typo_pct"",""reference"":0.5},{""current"":null,""path"":""emission.noise.B.nickname_pct"",""reference"":0.0},{""current"":null,""path"":""emission.noise.B.ocr_error_pct"",""reference"":0.0},{""current"":null,""path"":""emission.noise.B.phone_mask_pct"",""reference"":0.2},{""current"":null,""path"":""emission.noise.B.phonetic_error_pct"",""reference"":0.0},{""current"":null,""path"":""emission.noise.B.ssn_mask_pct"",""reference"":0.5},{""current"":null,""path"":""emission.noise.B.suffix_missing_pct"",""reference"":0.0},{""current"":null,""path"":""emission.noise.B.zip_digit_error_pct"",""reference"":0.2},{""current"":42.0,""path"":""emission.overlap_entity_pct"",""reference"":92.0},{""current"":9.0,""path"":""parameters.move_rate_pct"",""reference"":8.0}]",paper_experiments/results/E2_E6/E2/configs/e2_clean_baseline_linkage_s20260727.yaml,phase2/runs/2026-07-24_e2_three_source_partial_overlap_s20260727_seed20260727,"SHA-256 of sorted UTF-8 name-NUL-fileSHA256-NUL entries for truth_people.parquet, truth_households.parquet, truth_household_memberships.parquet, truth_residence_history.parquet, truth_events.parquet, entity_record_map.csv"
Table II,three_source_partial_overlap,E2,three_source_partial_overlap,20260728,paper_experiments/results/E2_E6/E2/configs/e2_three_source_partial_overlap_s20260728.yaml,2f2d43b0322fec00cbe71592e039e15462506074df1fece88187913e0eecd088,b6f83655e04674b2472f00dfdb3aff5d40e65c6c676ce9bf193955bb72691377,"{""entity_record_map.csv"":""2669546a67a4f2b9d836d842814450d4053cbd3a7773e4ef09a5c0cc2fb52785"",""truth_events.parquet"":""91f894b8e9129d5508d56ecc922113c341e09279f1e2bad7362c3ceec4f416c8"",""truth_household_memberships.parquet"":""552c8039d92840429258e16cd8ff6c3ec801817c14c9ffbce5935d4412536cea"",""truth_households.parquet"":""3592c8c3a12177d77b248c6fca89bcae1d4354fc473ce0df5bae8251dfd12f24"",""truth_people.parquet"":""3c6b927c4c84abedaf13403800a466b2dce6e79b93d66b81d0751c348ca97b64"",""truth_residence_history.parquet"":""5537fcb8f3c3f40a0856330449ba25e4496754b192887f7406081c50fcff9d7d""}","[{""current"":null,""path"":""emission.appearance_A_pct"",""reference"":96.0},{""current"":null,""path"":""emission.appearance_B_pct"",""reference"":97.0},{""current"":[{""appearance_pct"":96.0,""dataset_id"":""registry"",""duplication_pct"":1.0,""filename"":""observed_registry.csv"",""noise"":{""middle_name_missing_pct"":8.0},""snapshot"":""simulation_start""},{""appearance_pct"":74.0,""dataset_id"":""claims"",""duplication_pct"":5.0,""filename"":""observed_claims.csv"",""noise"":{""middle_name_missing_pct"":18.0,""name_typo_pct"":1.5},""snapshot"":""simulation_end""},{""appearance_pct"":52.0,""dataset_id"":""benefits"",""duplication_pct"":3.0,""filename"":""observed_benefits.csv"",""noise"":{""middle_name_missing_pct"":16.0,""name_typo_pct"":1.0,""phone_mask_pct"":1.0},""snapshot"":""simulation_end""}],""path"":""emission.datasets"",""reference"":null},{""current"":null,""path"":""emission.duplication_in_A_pct"",""reference"":1.0},{""current"":null,""path"":""emission.duplication_in_B_pct"",""reference"":2.0},{""current"":null,""path"":""emission.noise.A.address_missing_pct"",""reference"":0.1},{""current"":null,""path"":""emission.noise.A.date_swap_pct"",""reference"":0.0},{""current"":null,""path"":""emission.noise.A.dob_shift_pct"",""reference"":0.0},{""current"":null,""path"":""emission.noise.A.middle_name_missing_pct"",""reference"":5.0},{""current"":null,""path"":""emission.noise.A.name_typo_pct"",""reference"":0.2},{""current"":null,""path"":""emission.noise.A.nickname_pct"",""reference"":0.0},{""current"":null,""path"":""emission.noise.A.ocr_error_pct"",""reference"":0.0},{""current"":null,""path"":""emission.noise.A.phone_mask_pct"",""reference"":0.1},{""current"":null,""path"":""emission.noise.A.phonetic_error_pct"",""reference"":0.0},{""current"":null,""path"":""emission.noise.A.ssn_mask_pct"",""reference"":0.2},{""current"":null,""path"":""emission.noise.A.suffix_missing_pct"",""reference"":0.0},{""current"":null,""path"":""emission.noise.A.zip_digit_error_pct"",""reference"":0.0},{""current"":null,""path"":""emission.noise.B.address_missing_pct"",""reference"":0.2},{""current"":null,""path"":""emission.noise.B.date_swap_pct"",""reference"":0.0},{""current"":null,""path"":""emission.noise.B.dob_shift_pct"",""reference"":0.2},{""current"":null,""path"":""emission.noise.B.middle_name_missing_pct"",""reference"":8.0},{""current"":null,""path"":""emission.noise.B.name_typo_pct"",""reference"":0.5},{""current"":null,""path"":""emission.noise.B.nickname_pct"",""reference"":0.0},{""current"":null,""path"":""emission.noise.B.ocr_error_pct"",""reference"":0.0},{""current"":null,""path"":""emission.noise.B.phone_mask_pct"",""reference"":0.2},{""current"":null,""path"":""emission.noise.B.phonetic_error_pct"",""reference"":0.0},{""current"":null,""path"":""emission.noise.B.ssn_mask_pct"",""reference"":0.5},{""current"":null,""path"":""emission.noise.B.suffix_missing_pct"",""reference"":0.0},{""current"":null,""path"":""emission.noise.B.zip_digit_error_pct"",""reference"":0.2},{""current"":42.0,""path"":""emission.overlap_entity_pct"",""reference"":92.0},{""current"":9.0,""path"":""parameters.move_rate_pct"",""reference"":8.0}]",paper_experiments/results/E2_E6/E2/configs/e2_clean_baseline_linkage_s20260728.yaml,phase2/runs/2026-07-24_e2_three_source_partial_overlap_s20260728_seed20260728,"SHA-256 of sorted UTF-8 name-NUL-fileSHA256-NUL entries for truth_people.parquet, truth_households.parquet, truth_household_memberships.parquet, truth_residence_history.parquet, truth_events.parquet, entity_record_map.csv"
Table II,three_source_partial_overlap,E2,three_source_partial_overlap,20260729,paper_experiments/results/E2_E6/E2/configs/e2_three_source_partial_overlap_s20260729.yaml,923ce411b7dc6778e1bae8565e6a896a76c8f23f2ea81473c0bdc5cc529173a2,14178e729f35872ae99eda8bb0dc8d38c5423b8b9af3f964a94f41c89c379954,"{""entity_record_map.csv"":""8ee87c6288f44d7472322d6f761fc3d1d8ec701185264309fab9b79fd66004ec"",""truth_events.parquet"":""f0adeb8987f075d08ae1fe4db070f1e6aee30511ffe4014ad50a5e08c39148c8"",""truth_household_memberships.parquet"":""e3f7bc33c6f22e57fc2b4c43cdca736d1cb950e84dd3279836d1bfc2e4415160"",""truth_households.parquet"":""3592c8c3a12177d77b248c6fca89bcae1d4354fc473ce0df5bae8251dfd12f24"",""truth_people.parquet"":""d8fa66d765ce78f5214ccc420d3e11d1cd018a7bfb88e484333af6481ce69fbd"",""truth_residence_history.parquet"":""cfdbee606829c65bc5b4d79784e40399baa0becd12d18f0b0187df208d5af6a7""}","[{""current"":null,""path"":""emission.appearance_A_pct"",""reference"":96.0},{""current"":null,""path"":""emission.appearance_B_pct"",""reference"":97.0},{""current"":[{""appearance_pct"":96.0,""dataset_id"":""registry"",""duplication_pct"":1.0,""filename"":""observed_registry.csv"",""noise"":{""middle_name_missing_pct"":8.0},""snapshot"":""simulation_start""},{""appearance_pct"":74.0,""dataset_id"":""claims"",""duplication_pct"":5.0,""filename"":""observed_claims.csv"",""noise"":{""middle_name_missing_pct"":18.0,""name_typo_pct"":1.5},""snapshot"":""simulation_end""},{""appearance_pct"":52.0,""dataset_id"":""benefits"",""duplication_pct"":3.0,""filename"":""observed_benefits.csv"",""noise"":{""middle_name_missing_pct"":16.0,""name_typo_pct"":1.0,""phone_mask_pct"":1.0},""snapshot"":""simulation_end""}],""path"":""emission.datasets"",""reference"":null},{""current"":null,""path"":""emission.duplication_in_A_pct"",""reference"":1.0},{""current"":null,""path"":""emission.duplication_in_B_pct"",""reference"":2.0},{""current"":null,""path"":""emission.noise.A.address_missing_pct"",""reference"":0.1},{""current"":null,""path"":""emission.noise.A.date_swap_pct"",""reference"":0.0},{""current"":null,""path"":""emission.noise.A.dob_shift_pct"",""reference"":0.0},{""current"":null,""path"":""emission.noise.A.middle_name_missing_pct"",""reference"":5.0},{""current"":null,""path"":""emission.noise.A.name_typo_pct"",""reference"":0.2},{""current"":null,""path"":""emission.noise.A.nickname_pct"",""reference"":0.0},{""current"":null,""path"":""emission.noise.A.ocr_error_pct"",""reference"":0.0},{""current"":null,""path"":""emission.noise.A.phone_mask_pct"",""reference"":0.1},{""current"":null,""path"":""emission.noise.A.phonetic_error_pct"",""reference"":0.0},{""current"":null,""path"":""emission.noise.A.ssn_mask_pct"",""reference"":0.2},{""current"":null,""path"":""emission.noise.A.suffix_missing_pct"",""reference"":0.0},{""current"":null,""path"":""emission.noise.A.zip_digit_error_pct"",""reference"":0.0},{""current"":null,""path"":""emission.noise.B.address_missing_pct"",""reference"":0.2},{""current"":null,""path"":""emission.noise.B.date_swap_pct"",""reference"":0.0},{""current"":null,""path"":""emission.noise.B.dob_shift_pct"",""reference"":0.2},{""current"":null,""path"":""emission.noise.B.middle_name_missing_pct"",""reference"":8.0},{""current"":null,""path"":""emission.noise.B.name_typo_pct"",""reference"":0.5},{""current"":null,""path"":""emission.noise.B.nickname_pct"",""reference"":0.0},{""current"":null,""path"":""emission.noise.B.ocr_error_pct"",""reference"":0.0},{""current"":null,""path"":""emission.noise.B.phone_mask_pct"",""reference"":0.2},{""current"":null,""path"":""emission.noise.B.phonetic_error_pct"",""reference"":0.0},{""current"":null,""path"":""emission.noise.B.ssn_mask_pct"",""reference"":0.5},{""current"":null,""path"":""emission.noise.B.suffix_missing_pct"",""reference"":0.0},{""current"":null,""path"":""emission.noise.B.zip_digit_error_pct"",""reference"":0.2},{""current"":42.0,""path"":""emission.overlap_entity_pct"",""reference"":92.0},{""current"":9.0,""path"":""parameters.move_rate_pct"",""reference"":8.0}]",paper_experiments/results/E2_E6/E2/configs/e2_clean_baseline_linkage_s20260729.yaml,phase2/runs/2026-07-24_e2_three_source_partial_overlap_s20260729_seed20260729,"SHA-256 of sorted UTF-8 name-NUL-fileSHA256-NUL entries for truth_people.parquet, truth_households.parquet, truth_household_memberships.parquet, truth_residence_history.parquet, truth_events.parquet, entity_record_map.csv"
Table III,k=0,E3,noise_k0,20260720,paper_experiments/results/E2_E6/E3/configs/e3_noise_k0_s20260720.yaml,777bdf0aa525e1261201703ce1276ca311a77a3250638c9721b4b40e990b25e7,bb7a94b641e6d8d0e6cb044de2522effe4302b0fb90d6bde5addf6283c699e57,"{""entity_record_map.csv"":""fc6eea5abae1b1f4f58a3ca2266e3efbe53033b1780fbf882da082641cd6748b"",""truth_events.parquet"":""563f111e0e5c5787dee95bf2ecafa82e161c6345a26018b459af099f9f19836d"",""truth_household_memberships.parquet"":""e9ee0e4b37fa57f145b81aff781bf82fd0dac08cdba7bdfaaad02ea9552cd08d"",""truth_households.parquet"":""3592c8c3a12177d77b248c6fca89bcae1d4354fc473ce0df5bae8251dfd12f24"",""truth_people.parquet"":""8f82e60abc92d97eff599d68416e532096ffbb435fac1f8878f0f8f5320d0828"",""truth_residence_history.parquet"":""ce9e5c33b998da5293d4fea1460ba905cb0226241bba8be871f1b05234ad6e37""}",[],paper_experiments/results/E2_E6/E3/configs/e3_noise_k0_s20260720.yaml,phase2/runs/2026-07-25_e3_noise_k0_s20260720_seed20260720,"SHA-256 of sorted UTF-8 name-NUL-fileSHA256-NUL entries for truth_people.parquet, truth_households.parquet, truth_household_memberships.parquet, truth_residence_history.parquet, truth_events.parquet, entity_record_map.csv"
Table III,k=0,E3,noise_k0,20260721,paper_experiments/results/E2_E6/E3/configs/e3_noise_k0_s20260721.yaml,b9a3dbe89bb70512157671279f325d6fdb1a086dcc1fd7f6c0afa4f6454b955c,6e5770c03a278df21f2efe95a4bfc0a896a7a5d7b678c9ec8b26d4486642f122,"{""entity_record_map.csv"":""3c5ed1d9d4b0428dd716abc3799dce36c197baddb9df184531fcf063dca38050"",""truth_events.parquet"":""d6b8127a3233891b58ad58c15a602bb798dbb91404f2b31be17269a4fa7c8ffe"",""truth_household_memberships.parquet"":""10910b3f00f6556e115cf82e69ef71737fc1a3f83b25316dfc40aa161ff2847c"",""truth_households.parquet"":""3592c8c3a12177d77b248c6fca89bcae1d4354fc473ce0df5bae8251dfd12f24"",""truth_people.parquet"":""858062d8aa3fccea23735593aa8f1cfa94c661a967b7e81fe0b19157638ac721"",""truth_residence_history.parquet"":""088def25dc4aa3a8c6d3c3d5c169e08d029782cd436d4705ea3b23cb25e2f48c""}",[],paper_experiments/results/E2_E6/E3/configs/e3_noise_k0_s20260721.yaml,phase2/runs/2026-07-25_e3_noise_k0_s20260721_seed20260721,"SHA-256 of sorted UTF-8 name-NUL-fileSHA256-NUL entries for truth_people.parquet, truth_households.parquet, truth_household_memberships.parquet, truth_residence_history.parquet, truth_events.parquet, entity_record_map.csv"
Table III,k=0,E3,noise_k0,20260722,paper_experiments/results/E2_E6/E3/configs/e3_noise_k0_s20260722.yaml,a262d60a1553a9536ed4b395d71b9dbe8bf584ea2e2bbba6caaf53b4443b96c5,63079785fa7a49e3a43463377616678ba82287dbdbce9c38d88393402dbb82e9,"{""entity_record_map.csv"":""0c5db6d7082f9cf38899121e90cfb205826002ba4853a6cb94d10c27dec0bfc4"",""truth_events.parquet"":""c792639c601b01478f93b591b021447e2ae5d845efa45162be0822d3e0bfa92b"",""truth_household_memberships.parquet"":""2ced654425713214dc9c116d71a043bfe86f7d67555fcad6f815dc061ec2f20d"",""truth_households.parquet"":""3592c8c3a12177d77b248c6fca89bcae1d4354fc473ce0df5bae8251dfd12f24"",""truth_people.parquet"":""3444f477025dd602970c6f80f2dc1c1a92b74cf26427b5590c2a8aabb1c8cc81"",""truth_residence_history.parquet"":""83d7436c17b1f8b3190d45b6010a4aef04a8ed7486e700cdf1c99dfd5089a333""}",[],paper_experiments/results/E2_E6/E3/configs/e3_noise_k0_s20260722.yaml,phase2/runs/2026-07-25_e3_noise_k0_s20260722_seed20260722,"SHA-256 of sorted UTF-8 name-NUL-fileSHA256-NUL entries for truth_people.parquet, truth_households.parquet, truth_household_memberships.parquet, truth_residence_history.parquet, truth_events.parquet, entity_record_map.csv"
Table III,k=0,E3,noise_k0,20260723,paper_experiments/results/E2_E6/E3/configs/e3_noise_k0_s20260723.yaml,c7991f4f035eba65988cee18e5a4196ca32de1f820709e6a0de383d99490aada,7d62ee925d6907ff46dba411f12ae6047822039426cbb026a3cbebc616c36b9f,"{""entity_record_map.csv"":""3b3ae497a3af526ebd3f1d35e051365f84f238f902b219b132ebded5c6917867"",""truth_events.parquet"":""bd6cde6e3ab5e30d4659e92c9930e2ea55d7b816fef0dd65a01fb1df118b9bf6"",""truth_household_memberships.parquet"":""d000e27e1e4353aab39565aa10e1e25c3f027250f41eeaa98fffd8bd30afd5a3"",""truth_households.parquet"":""3592c8c3a12177d77b248c6fca89bcae1d4354fc473ce0df5bae8251dfd12f24"",""truth_people.parquet"":""828d72db0aeb7760fb311b436230cb0e437d406367b13d153df7aaf38e97bf04"",""truth_residence_history.parquet"":""c1bbd52cd8b90271371f4b173c5758c1546b95e9924c842427d9aa2c11ef8ba2""}",[],paper_experiments/results/E2_E6/E3/configs/e3_noise_k0_s20260723.yaml,phase2/runs/2026-07-25_e3_noise_k0_s20260723_seed20260723,"SHA-256 of sorted UTF-8 name-NUL-fileSHA256-NUL entries for truth_people.parquet, truth_households.parquet, truth_household_memberships.parquet, truth_residence_history.parquet, truth_events.parquet, entity_record_map.csv"
Table III,k=0,E3,noise_k0,20260724,paper_experiments/results/E2_E6/E3/configs/e3_noise_k0_s20260724.yaml,e86c352394b6fe749f89ff6e8fd0eb02f24351e6d3452a1ea3f77dcdfddea1b1,84ed8cff15485a7105eb429cc0a486b87c0c3c08e457cd5d7ae533aff6d7549e,"{""entity_record_map.csv"":""ef84bc49537c9c5ac6451fb67232bb70ffa9393ae006fb9556ace4b6645278f3"",""truth_events.parquet"":""c5e727ee2ba0ab0132c2ee5744be673c5cbbffa441adb8bc606dfcb1e71c2171"",""truth_household_memberships.parquet"":""f651d7478e9510fbaf6801658e532e2f080c20ced26fb1b1d19676656c588fc7"",""truth_households.parquet"":""3592c8c3a12177d77b248c6fca89bcae1d4354fc473ce0df5bae8251dfd12f24"",""truth_people.parquet"":""afa6beb768f8ed02e51f9f8a147c9a03c534b282c058ffdaed958a017dacdc89"",""truth_residence_history.parquet"":""4fc09d71387ed3360fd789297b56dbc78a2a00bca4e336b3ac135e9ba43bddcf""}",[],paper_experiments/results/E2_E6/E3/configs/e3_noise_k0_s20260724.yaml,phase2/runs/2026-07-25_e3_noise_k0_s20260724_seed20260724,"SHA-256 of sorted UTF-8 name-NUL-fileSHA256-NUL entries for truth_people.parquet, truth_households.parquet, truth_household_memberships.parquet, truth_residence_history.parquet, truth_events.parquet, entity_record_map.csv"
Table III,k=0,E3,noise_k0,20260725,paper_experiments/results/E2_E6/E3/configs/e3_noise_k0_s20260725.yaml,db730725faa1b8017aef9d0a41b5fbb36412ed78e5d6e22016ab5551b722109d,d8472eb33babfae1f37049c6fdb374365c346073f047d0f8a63cde5bb6f5275d,"{""entity_record_map.csv"":""fa7aa28b356221bb38453dcc1c3eafc7a3d7727be6cd8388d1a751d054feebcf"",""truth_events.parquet"":""23a77a19d2518484b1bc10a0582f456a51429437dd9d21d283047785e573ddf0"",""truth_household_memberships.parquet"":""58378d36406209b7f27bbca696e7afd6b84fdd84b5b2b5f84c325fbf3e0ab7a0"",""truth_households.parquet"":""3592c8c3a12177d77b248c6fca89bcae1d4354fc473ce0df5bae8251dfd12f24"",""truth_people.parquet"":""f6463f5c0f497b01a2829c35cffa924ee2323a128a146a36a120998107bc5d5b"",""truth_residence_history.parquet"":""763e7527c68bce25c3378b5859b75448112aa57ba45c6d01700906bc55b76d92""}",[],paper_experiments/results/E2_E6/E3/configs/e3_noise_k0_s20260725.yaml,phase2/runs/2026-07-25_e3_noise_k0_s20260725_seed20260725,"SHA-256 of sorted UTF-8 name-NUL-fileSHA256-NUL entries for truth_people.parquet, truth_households.parquet, truth_household_memberships.parquet, truth_residence_history.parquet, truth_events.parquet, entity_record_map.csv"
Table III,k=0,E3,noise_k0,20260726,paper_experiments/results/E2_E6/E3/configs/e3_noise_k0_s20260726.yaml,1d86b27f8498d1b0ead22adceb9698ab6c85dbcd4e23bb830f239004c9d08001,f8737ff99339f80490d892adb03ddbed49a40559c668e645f7d770e8c0fbcb47,"{""entity_record_map.csv"":""304e6ea8a984b780545a610b161e2563855c4923f8efc0ced88e56fce40aa2b4"",""truth_events.parquet"":""5f2e683464bc49f6ea402e7dc2e307f15cbfc1707324856d439393e7e7b5aa63"",""truth_household_memberships.parquet"":""d1196a272df0342eb14559c5e9e24d9bd4ef501d1b6b5dc8172e26e15fd89af2"",""truth_households.parquet"":""3592c8c3a12177d77b248c6fca89bcae1d4354fc473ce0df5bae8251dfd12f24"",""truth_people.parquet"":""2b8adf938ec62055ab46f024967cdd0648d1bd4e9cf0f1c073e16e4e25cd7e34"",""truth_residence_history.parquet"":""72069a2d378c0b67e755124d365d0fb064bc8faef8e19bfa42bd86d5fe64d850""}",[],paper_experiments/results/E2_E6/E3/configs/e3_noise_k0_s20260726.yaml,phase2/runs/2026-07-25_e3_noise_k0_s20260726_seed20260726,"SHA-256 of sorted UTF-8 name-NUL-fileSHA256-NUL entries for truth_people.parquet, truth_households.parquet, truth_household_memberships.parquet, truth_residence_history.parquet, truth_events.parquet, entity_record_map.csv"
Table III,k=0,E3,noise_k0,20260727,paper_experiments/results/E2_E6/E3/configs/e3_noise_k0_s20260727.yaml,d626e0d544e71eef9d4ce7f9cdedddf54cde03fb678b8f9fdde758f120677b2d,457bc2b764fcf5fb79eadbbf3fead9c75310f2c5bbb8fec982fa3c913eb572af,"{""entity_record_map.csv"":""32479438e4908dc7d90a27e54ecd129c10f5b09097fcb8bf2e9450f9ef1729a4"",""truth_events.parquet"":""54c896b1dd5fe8e78dc55670b2bd2cff390b5fe54c68723172714d8cbf98b384"",""truth_household_memberships.parquet"":""5c68babbb6e2fd95ed1c195e97a8b2028df767031bfb65e1459e18a02f8a1a2a"",""truth_households.parquet"":""3592c8c3a12177d77b248c6fca89bcae1d4354fc473ce0df5bae8251dfd12f24"",""truth_people.parquet"":""a0f25b49819776c09ed4f8c0ac8a245ed99a2b1cd2c1b4902bccb5bc55fdd6ce"",""truth_residence_history.parquet"":""078b3ca8fa85b3a61c82ca8170b34fb087d0e9ec2a5fb6beab4ac56e5ca701a0""}",[],paper_experiments/results/E2_E6/E3/configs/e3_noise_k0_s20260727.yaml,phase2/runs/2026-07-25_e3_noise_k0_s20260727_seed20260727,"SHA-256 of sorted UTF-8 name-NUL-fileSHA256-NUL entries for truth_people.parquet, truth_households.parquet, truth_household_memberships.parquet, truth_residence_history.parquet, truth_events.parquet, entity_record_map.csv"
Table III,k=0,E3,noise_k0,20260728,paper_experiments/results/E2_E6/E3/configs/e3_noise_k0_s20260728.yaml,ecd8099a945528079dcec7d4153055424dd8b2c2868404d323098c417793ae27,c3ebbe4919d42852dbb1dcbcfae668f7cd6750a8c4313311e0c27cb9b096a71a,"{""entity_record_map.csv"":""d9763e031665cc3a969abf3b3be819019af42094ca881cc2ec46de413389bb4b"",""truth_events.parquet"":""d4ece12579336208a16af365d3f125afd94e053e8079e0e0b020ecab55d96164"",""truth_household_memberships.parquet"":""552c8039d92840429258e16cd8ff6c3ec801817c14c9ffbce5935d4412536cea"",""truth_households.parquet"":""3592c8c3a12177d77b248c6fca89bcae1d4354fc473ce0df5bae8251dfd12f24"",""truth_people.parquet"":""3c6b927c4c84abedaf13403800a466b2dce6e79b93d66b81d0751c348ca97b64"",""truth_residence_history.parquet"":""36aef3d5ecdc7a59369ae98e98d8cff0d3c59671d71c1bd9b0d9cb2fd66aa80a""}",[],paper_experiments/results/E2_E6/E3/configs/e3_noise_k0_s20260728.yaml,phase2/runs/2026-07-25_e3_noise_k0_s20260728_seed20260728,"SHA-256 of sorted UTF-8 name-NUL-fileSHA256-NUL entries for truth_people.parquet, truth_households.parquet, truth_household_memberships.parquet, truth_residence_history.parquet, truth_events.parquet, entity_record_map.csv"
Table III,k=0,E3,noise_k0,20260729,paper_experiments/results/E2_E6/E3/configs/e3_noise_k0_s20260729.yaml,c73b4366cf5f29bc8baf7476744262c00a4623268b2ed69143b8fba9499939b3,f301475866bda9336c9b0ad4246fd54a675cbd77d378cc5fc0f525d7d393822d,"{""entity_record_map.csv"":""8117dfa92dba706672fc6badabe247ace4bf09e74996957ed2a368ee5d5535d2"",""truth_events.parquet"":""aedf922f5e9f47ab181ca371cc32cf3bee99aed4e2d39cf641f0185c1bc83639"",""truth_household_memberships.parquet"":""e3f7bc33c6f22e57fc2b4c43cdca736d1cb950e84dd3279836d1bfc2e4415160"",""truth_households.parquet"":""3592c8c3a12177d77b248c6fca89bcae1d4354fc473ce0df5bae8251dfd12f24"",""truth_people.parquet"":""d8fa66d765ce78f5214ccc420d3e11d1cd018a7bfb88e484333af6481ce69fbd"",""truth_residence_history.parquet"":""2fc38494dda55e7dc8c7cfe527cdd534c67440c1b62a7c50e88d5db3ff91386c""}",[],paper_experiments/results/E2_E6/E3/configs/e3_noise_k0_s20260729.yaml,phase2/runs/2026-07-25_e3_noise_k0_s20260729_seed20260729,"SHA-256 of sorted UTF-8 name-NUL-fileSHA256-NUL entries for truth_people.parquet, truth_households.parquet, truth_household_memberships.parquet, truth_residence_history.parquet, truth_events.parquet, entity_record_map.csv"
Table III,k=0.5,E3,noise_k0.5,20260720,paper_experiments/results/E2_E6/E3/configs/e3_noise_k05_s20260720.yaml,61391dab41b0d5635e89807894521f40cc2624498aa450651dcc260854121520,bb7a94b641e6d8d0e6cb044de2522effe4302b0fb90d6bde5addf6283c699e57,"{""entity_record_map.csv"":""fc6eea5abae1b1f4f58a3ca2266e3efbe53033b1780fbf882da082641cd6748b"",""truth_events.parquet"":""563f111e0e5c5787dee95bf2ecafa82e161c6345a26018b459af099f9f19836d"",""truth_household_memberships.parquet"":""e9ee0e4b37fa57f145b81aff781bf82fd0dac08cdba7bdfaaad02ea9552cd08d"",""truth_households.parquet"":""3592c8c3a12177d77b248c6fca89bcae1d4354fc473ce0df5bae8251dfd12f24"",""truth_people.parquet"":""8f82e60abc92d97eff599d68416e532096ffbb435fac1f8878f0f8f5320d0828"",""truth_residence_history.parquet"":""ce9e5c33b998da5293d4fea1460ba905cb0226241bba8be871f1b05234ad6e37""}","[{""current"":1.5,""path"":""emission.noise.B.address_missing_pct"",""reference"":0.0},{""current"":3.0,""path"":""emission.noise.B.date_swap_pct"",""reference"":0.0},{""current"":1.5,""path"":""emission.noise.B.dob_shift_pct"",""reference"":0.0},{""current"":17.5,""path"":""emission.noise.B.middle_name_missing_pct"",""reference"":0.0},{""current"":4.5,""path"":""emission.noise.B.name_typo_pct"",""reference"":0.0},{""current"":6.0,""path"":""emission.noise.B.nickname_pct"",""reference"":0.0},{""current"":4.0,""path"":""emission.noise.B.ocr_error_pct"",""reference"":0.0},{""current"":2.0,""path"":""emission.noise.B.phone_mask_pct"",""reference"":0.0},{""current"":4.0,""path"":""emission.noise.B.phonetic_error_pct"",""reference"":0.0},{""current"":3.0,""path"":""emission.noise.B.ssn_mask_pct"",""reference"":0.0},{""current"":5.0,""path"":""emission.noise.B.suffix_missing_pct"",""reference"":0.0},{""current"":3.5,""path"":""emission.noise.B.zip_digit_error_pct"",""reference"":0.0}]",paper_experiments/results/E2_E6/E3/configs/e3_noise_k0_s20260720.yaml,phase2/runs/2026-07-25_e3_noise_k05_s20260720_seed20260720,"SHA-256 of sorted UTF-8 name-NUL-fileSHA256-NUL entries for truth_people.parquet, truth_households.parquet, truth_household_memberships.parquet, truth_residence_history.parquet, truth_events.parquet, entity_record_map.csv"
Table III,k=0.5,E3,noise_k0.5,20260721,paper_experiments/results/E2_E6/E3/configs/e3_noise_k05_s20260721.yaml,f9dd455feb28e61174c279fde50974ea90aa6fdafca2081d360f2c5e70960746,6e5770c03a278df21f2efe95a4bfc0a896a7a5d7b678c9ec8b26d4486642f122,"{""entity_record_map.csv"":""3c5ed1d9d4b0428dd716abc3799dce36c197baddb9df184531fcf063dca38050"",""truth_events.parquet"":""d6b8127a3233891b58ad58c15a602bb798dbb91404f2b31be17269a4fa7c8ffe"",""truth_household_memberships.parquet"":""10910b3f00f6556e115cf82e69ef71737fc1a3f83b25316dfc40aa161ff2847c"",""truth_households.parquet"":""3592c8c3a12177d77b248c6fca89bcae1d4354fc473ce0df5bae8251dfd12f24"",""truth_people.parquet"":""858062d8aa3fccea23735593aa8f1cfa94c661a967b7e81fe0b19157638ac721"",""truth_residence_history.parquet"":""088def25dc4aa3a8c6d3c3d5c169e08d029782cd436d4705ea3b23cb25e2f48c""}","[{""current"":1.5,""path"":""emission.noise.B.address_missing_pct"",""reference"":0.0},{""current"":3.0,""path"":""emission.noise.B.date_swap_pct"",""reference"":0.0},{""current"":1.5,""path"":""emission.noise.B.dob_shift_pct"",""reference"":0.0},{""current"":17.5,""path"":""emission.noise.B.middle_name_missing_pct"",""reference"":0.0},{""current"":4.5,""path"":""emission.noise.B.name_typo_pct"",""reference"":0.0},{""current"":6.0,""path"":""emission.noise.B.nickname_pct"",""reference"":0.0},{""current"":4.0,""path"":""emission.noise.B.ocr_error_pct"",""reference"":0.0},{""current"":2.0,""path"":""emission.noise.B.phone_mask_pct"",""reference"":0.0},{""current"":4.0,""path"":""emission.noise.B.phonetic_error_pct"",""reference"":0.0},{""current"":3.0,""path"":""emission.noise.B.ssn_mask_pct"",""reference"":0.0},{""current"":5.0,""path"":""emission.noise.B.suffix_missing_pct"",""reference"":0.0},{""current"":3.5,""path"":""emission.noise.B.zip_digit_error_pct"",""reference"":0.0}]",paper_experiments/results/E2_E6/E3/configs/e3_noise_k0_s20260721.yaml,phase2/runs/2026-07-25_e3_noise_k05_s20260721_seed20260721,"SHA-256 of sorted UTF-8 name-NUL-fileSHA256-NUL entries for truth_people.parquet, truth_households.parquet, truth_household_memberships.parquet, truth_residence_history.parquet, truth_events.parquet, entity_record_map.csv"
Table III,k=0.5,E3,noise_k0.5,20260722,paper_experiments/results/E2_E6/E3/configs/e3_noise_k05_s20260722.yaml,c27ff5eab121eae6093075f3dd105ef990fa21d9a816df65caf69a25a8dd1def,63079785fa7a49e3a43463377616678ba82287dbdbce9c38d88393402dbb82e9,"{""entity_record_map.csv"":""0c5db6d7082f9cf38899121e90cfb205826002ba4853a6cb94d10c27dec0bfc4"",""truth_events.parquet"":""c792639c601b01478f93b591b021447e2ae5d845efa45162be0822d3e0bfa92b"",""truth_household_memberships.parquet"":""2ced654425713214dc9c116d71a043bfe86f7d67555fcad6f815dc061ec2f20d"",""truth_households.parquet"":""3592c8c3a12177d77b248c6fca89bcae1d4354fc473ce0df5bae8251dfd12f24"",""truth_people.parquet"":""3444f477025dd602970c6f80f2dc1c1a92b74cf26427b5590c2a8aabb1c8cc81"",""truth_residence_history.parquet"":""83d7436c17b1f8b3190d45b6010a4aef04a8ed7486e700cdf1c99dfd5089a333""}","[{""current"":1.5,""path"":""emission.noise.B.address_missing_pct"",""reference"":0.0},{""current"":3.0,""path"":""emission.noise.B.date_swap_pct"",""reference"":0.0},{""current"":1.5,""path"":""emission.noise.B.dob_shift_pct"",""reference"":0.0},{""current"":17.5,""path"":""emission.noise.B.middle_name_missing_pct"",""reference"":0.0},{""current"":4.5,""path"":""emission.noise.B.name_typo_pct"",""reference"":0.0},{""current"":6.0,""path"":""emission.noise.B.nickname_pct"",""reference"":0.0},{""current"":4.0,""path"":""emission.noise.B.ocr_error_pct"",""reference"":0.0},{""current"":2.0,""path"":""emission.noise.B.phone_mask_pct"",""reference"":0.0},{""current"":4.0,""path"":""emission.noise.B.phonetic_error_pct"",""reference"":0.0},{""current"":3.0,""path"":""emission.noise.B.ssn_mask_pct"",""reference"":0.0},{""current"":5.0,""path"":""emission.noise.B.suffix_missing_pct"",""reference"":0.0},{""current"":3.5,""path"":""emission.noise.B.zip_digit_error_pct"",""reference"":0.0}]",paper_experiments/results/E2_E6/E3/configs/e3_noise_k0_s20260722.yaml,phase2/runs/2026-07-25_e3_noise_k05_s20260722_seed20260722,"SHA-256 of sorted UTF-8 name-NUL-fileSHA256-NUL entries for truth_people.parquet, truth_households.parquet, truth_household_memberships.parquet, truth_residence_history.parquet, truth_events.parquet, entity_record_map.csv"
Table III,k=0.5,E3,noise_k0.5,20260723,paper_experiments/results/E2_E6/E3/configs/e3_noise_k05_s20260723.yaml,cd6db97ae04f1a49c137251bfb9472d14baed175936783810635c777d62e85fe,7d62ee925d6907ff46dba411f12ae6047822039426cbb026a3cbebc616c36b9f,"{""entity_record_map.csv"":""3b3ae497a3af526ebd3f1d35e051365f84f238f902b219b132ebded5c6917867"",""truth_events.parquet"":""bd6cde6e3ab5e30d4659e92c9930e2ea55d7b816fef0dd65a01fb1df118b9bf6"",""truth_household_memberships.parquet"":""d000e27e1e4353aab39565aa10e1e25c3f027250f41eeaa98fffd8bd30afd5a3"",""truth_households.parquet"":""3592c8c3a12177d77b248c6fca89bcae1d4354fc473ce0df5bae8251dfd12f24"",""truth_people.parquet"":""828d72db0aeb7760fb311b436230cb0e437d406367b13d153df7aaf38e97bf04"",""truth_residence_history.parquet"":""c1bbd52cd8b90271371f4b173c5758c1546b95e9924c842427d9aa2c11ef8ba2""}","[{""current"":1.5,""path"":""emission.noise.B.address_missing_pct"",""reference"":0.0},{""current"":3.0,""path"":""emission.noise.B.date_swap_pct"",""reference"":0.0},{""current"":1.5,""path"":""emission.noise.B.dob_shift_pct"",""reference"":0.0},{""current"":17.5,""path"":""emission.noise.B.middle_name_missing_pct"",""reference"":0.0},{""current"":4.5,""path"":""emission.noise.B.name_typo_pct"",""reference"":0.0},{""current"":6.0,""path"":""emission.noise.B.nickname_pct"",""reference"":0.0},{""current"":4.0,""path"":""emission.noise.B.ocr_error_pct"",""reference"":0.0},{""current"":2.0,""path"":""emission.noise.B.phone_mask_pct"",""reference"":0.0},{""current"":4.0,""path"":""emission.noise.B.phonetic_error_pct"",""reference"":0.0},{""current"":3.0,""path"":""emission.noise.B.ssn_mask_pct"",""reference"":0.0},{""current"":5.0,""path"":""emission.noise.B.suffix_missing_pct"",""reference"":0.0},{""current"":3.5,""path"":""emission.noise.B.zip_digit_error_pct"",""reference"":0.0}]",paper_experiments/results/E2_E6/E3/configs/e3_noise_k0_s20260723.yaml,phase2/runs/2026-07-25_e3_noise_k05_s20260723_seed20260723,"SHA-256 of sorted UTF-8 name-NUL-fileSHA256-NUL entries for truth_people.parquet, truth_households.parquet, truth_household_memberships.parquet, truth_residence_history.parquet, truth_events.parquet, entity_record_map.csv"
Table III,k=0.5,E3,noise_k0.5,20260724,paper_experiments/results/E2_E6/E3/configs/e3_noise_k05_s20260724.yaml,17e245a1933ac4546304966b7e5c291acb75cf2a6d0309ef5d776996686bd92e,84ed8cff15485a7105eb429cc0a486b87c0c3c08e457cd5d7ae533aff6d7549e,"{""entity_record_map.csv"":""ef84bc49537c9c5ac6451fb67232bb70ffa9393ae006fb9556ace4b6645278f3"",""truth_events.parquet"":""c5e727ee2ba0ab0132c2ee5744be673c5cbbffa441adb8bc606dfcb1e71c2171"",""truth_household_memberships.parquet"":""f651d7478e9510fbaf6801658e532e2f080c20ced26fb1b1d19676656c588fc7"",""truth_households.parquet"":""3592c8c3a12177d77b248c6fca89bcae1d4354fc473ce0df5bae8251dfd12f24"",""truth_people.parquet"":""afa6beb768f8ed02e51f9f8a147c9a03c534b282c058ffdaed958a017dacdc89"",""truth_residence_history.parquet"":""4fc09d71387ed3360fd789297b56dbc78a2a00bca4e336b3ac135e9ba43bddcf""}","[{""current"":1.5,""path"":""emission.noise.B.address_missing_pct"",""reference"":0.0},{""current"":3.0,""path"":""emission.noise.B.date_swap_pct"",""reference"":0.0},{""current"":1.5,""path"":""emission.noise.B.dob_shift_pct"",""reference"":0.0},{""current"":17.5,""path"":""emission.noise.B.middle_name_missing_pct"",""reference"":0.0},{""current"":4.5,""path"":""emission.noise.B.name_typo_pct"",""reference"":0.0},{""current"":6.0,""path"":""emission.noise.B.nickname_pct"",""reference"":0.0},{""current"":4.0,""path"":""emission.noise.B.ocr_error_pct"",""reference"":0.0},{""current"":2.0,""path"":""emission.noise.B.phone_mask_pct"",""reference"":0.0},{""current"":4.0,""path"":""emission.noise.B.phonetic_error_pct"",""reference"":0.0},{""current"":3.0,""path"":""emission.noise.B.ssn_mask_pct"",""reference"":0.0},{""current"":5.0,""path"":""emission.noise.B.suffix_missing_pct"",""reference"":0.0},{""current"":3.5,""path"":""emission.noise.B.zip_digit_error_pct"",""reference"":0.0}]",paper_experiments/results/E2_E6/E3/configs/e3_noise_k0_s20260724.yaml,phase2/runs/2026-07-25_e3_noise_k05_s20260724_seed20260724,"SHA-256 of sorted UTF-8 name-NUL-fileSHA256-NUL entries for truth_people.parquet, truth_households.parquet, truth_household_memberships.parquet, truth_residence_history.parquet, truth_events.parquet, entity_record_map.csv"
Table III,k=0.5,E3,noise_k0.5,20260725,paper_experiments/results/E2_E6/E3/configs/e3_noise_k05_s20260725.yaml,f2e1c76165ae73dfacff979f3861f6c47f9a4efe83631d7b9d60d31406e66da4,d8472eb33babfae1f37049c6fdb374365c346073f047d0f8a63cde5bb6f5275d,"{""entity_record_map.csv"":""fa7aa28b356221bb38453dcc1c3eafc7a3d7727be6cd8388d1a751d054feebcf"",""truth_events.parquet"":""23a77a19d2518484b1bc10a0582f456a51429437dd9d21d283047785e573ddf0"",""truth_household_memberships.parquet"":""58378d36406209b7f27bbca696e7afd6b84fdd84b5b2b5f84c325fbf3e0ab7a0"",""truth_households.parquet"":""3592c8c3a12177d77b248c6fca89bcae1d4354fc473ce0df5bae8251dfd12f24"",""truth_people.parquet"":""f6463f5c0f497b01a2829c35cffa924ee2323a128a146a36a120998107bc5d5b"",""truth_residence_history.parquet"":""763e7527c68bce25c3378b5859b75448112aa57ba45c6d01700906bc55b76d92""}","[{""current"":1.5,""path"":""emission.noise.B.address_missing_pct"",""reference"":0.0},{""current"":3.0,""path"":""emission.noise.B.date_swap_pct"",""reference"":0.0},{""current"":1.5,""path"":""emission.noise.B.dob_shift_pct"",""reference"":0.0},{""current"":17.5,""path"":""emission.noise.B.middle_name_missing_pct"",""reference"":0.0},{""current"":4.5,""path"":""emission.noise.B.name_typo_pct"",""reference"":0.0},{""current"":6.0,""path"":""emission.noise.B.nickname_pct"",""reference"":0.0},{""current"":4.0,""path"":""emission.noise.B.ocr_error_pct"",""reference"":0.0},{""current"":2.0,""path"":""emission.noise.B.phone_mask_pct"",""reference"":0.0},{""current"":4.0,""path"":""emission.noise.B.phonetic_error_pct"",""reference"":0.0},{""current"":3.0,""path"":""emission.noise.B.ssn_mask_pct"",""reference"":0.0},{""current"":5.0,""path"":""emission.noise.B.suffix_missing_pct"",""reference"":0.0},{""current"":3.5,""path"":""emission.noise.B.zip_digit_error_pct"",""reference"":0.0}]",paper_experiments/results/E2_E6/E3/configs/e3_noise_k0_s20260725.yaml,phase2/runs/2026-07-25_e3_noise_k05_s20260725_seed20260725,"SHA-256 of sorted UTF-8 name-NUL-fileSHA256-NUL entries for truth_people.parquet, truth_households.parquet, truth_household_memberships.parquet, truth_residence_history.parquet, truth_events.parquet, entity_record_map.csv"
Table III,k=0.5,E3,noise_k0.5,20260726,paper_experiments/results/E2_E6/E3/configs/e3_noise_k05_s20260726.yaml,1b141d5c85038ea2dd50dbbb822795d2c71ca11f9ba195f26cf7d015a7bfcde0,f8737ff99339f80490d892adb03ddbed49a40559c668e645f7d770e8c0fbcb47,"{""entity_record_map.csv"":""304e6ea8a984b780545a610b161e2563855c4923f8efc0ced88e56fce40aa2b4"",""truth_events.parquet"":""5f2e683464bc49f6ea402e7dc2e307f15cbfc1707324856d439393e7e7b5aa63"",""truth_household_memberships.parquet"":""d1196a272df0342eb14559c5e9e24d9bd4ef501d1b6b5dc8172e26e15fd89af2"",""truth_households.parquet"":""3592c8c3a12177d77b248c6fca89bcae1d4354fc473ce0df5bae8251dfd12f24"",""truth_people.parquet"":""2b8adf938ec62055ab46f024967cdd0648d1bd4e9cf0f1c073e16e4e25cd7e34"",""truth_residence_history.parquet"":""72069a2d378c0b67e755124d365d0fb064bc8faef8e19bfa42bd86d5fe64d850""}","[{""current"":1.5,""path"":""emission.noise.B.address_missing_pct"",""reference"":0.0},{""current"":3.0,""path"":""emission.noise.B.date_swap_pct"",""reference"":0.0},{""current"":1.5,""path"":""emission.noise.B.dob_shift_pct"",""reference"":0.0},{""current"":17.5,""path"":""emission.noise.B.middle_name_missing_pct"",""reference"":0.0},{""current"":4.5,""path"":""emission.noise.B.name_typo_pct"",""reference"":0.0},{""current"":6.0,""path"":""emission.noise.B.nickname_pct"",""reference"":0.0},{""current"":4.0,""path"":""emission.noise.B.ocr_error_pct"",""reference"":0.0},{""current"":2.0,""path"":""emission.noise.B.phone_mask_pct"",""reference"":0.0},{""current"":4.0,""path"":""emission.noise.B.phonetic_error_pct"",""reference"":0.0},{""current"":3.0,""path"":""emission.noise.B.ssn_mask_pct"",""reference"":0.0},{""current"":5.0,""path"":""emission.noise.B.suffix_missing_pct"",""reference"":0.0},{""current"":3.5,""path"":""emission.noise.B.zip_digit_error_pct"",""reference"":0.0}]",paper_experiments/results/E2_E6/E3/configs/e3_noise_k0_s20260726.yaml,phase2/runs/2026-07-25_e3_noise_k05_s20260726_seed20260726,"SHA-256 of sorted UTF-8 name-NUL-fileSHA256-NUL entries for truth_people.parquet, truth_households.parquet, truth_household_memberships.parquet, truth_residence_history.parquet, truth_events.parquet, entity_record_map.csv"
Table III,k=0.5,E3,noise_k0.5,20260727,paper_experiments/results/E2_E6/E3/configs/e3_noise_k05_s20260727.yaml,e92cad92023a76f398d2d245be71b63bad676e386ec0718d296169cfa3cd9bd7,457bc2b764fcf5fb79eadbbf3fead9c75310f2c5bbb8fec982fa3c913eb572af,"{""entity_record_map.csv"":""32479438e4908dc7d90a27e54ecd129c10f5b09097fcb8bf2e9450f9ef1729a4"",""truth_events.parquet"":""54c896b1dd5fe8e78dc55670b2bd2cff390b5fe54c68723172714d8cbf98b384"",""truth_household_memberships.parquet"":""5c68babbb6e2fd95ed1c195e97a8b2028df767031bfb65e1459e18a02f8a1a2a"",""truth_households.parquet"":""3592c8c3a12177d77b248c6fca89bcae1d4354fc473ce0df5bae8251dfd12f24"",""truth_people.parquet"":""a0f25b49819776c09ed4f8c0ac8a245ed99a2b1cd2c1b4902bccb5bc55fdd6ce"",""truth_residence_history.parquet"":""078b3ca8fa85b3a61c82ca8170b34fb087d0e9ec2a5fb6beab4ac56e5ca701a0""}","[{""current"":1.5,""path"":""emission.noise.B.address_missing_pct"",""reference"":0.0},{""current"":3.0,""path"":""emission.noise.B.date_swap_pct"",""reference"":0.0},{""current"":1.5,""path"":""emission.noise.B.dob_shift_pct"",""reference"":0.0},{""current"":17.5,""path"":""emission.noise.B.middle_name_missing_pct"",""reference"":0.0},{""current"":4.5,""path"":""emission.noise.B.name_typo_pct"",""reference"":0.0},{""current"":6.0,""path"":""emission.noise.B.nickname_pct"",""reference"":0.0},{""current"":4.0,""path"":""emission.noise.B.ocr_error_pct"",""reference"":0.0},{""current"":2.0,""path"":""emission.noise.B.phone_mask_pct"",""reference"":0.0},{""current"":4.0,""path"":""emission.noise.B.phonetic_error_pct"",""reference"":0.0},{""current"":3.0,""path"":""emission.noise.B.ssn_mask_pct"",""reference"":0.0},{""current"":5.0,""path"":""emission.noise.B.suffix_missing_pct"",""reference"":0.0},{""current"":3.5,""path"":""emission.noise.B.zip_digit_error_pct"",""reference"":0.0}]",paper_experiments/results/E2_E6/E3/configs/e3_noise_k0_s20260727.yaml,phase2/runs/2026-07-25_e3_noise_k05_s20260727_seed20260727,"SHA-256 of sorted UTF-8 name-NUL-fileSHA256-NUL entries for truth_people.parquet, truth_households.parquet, truth_household_memberships.parquet, truth_residence_history.parquet, truth_events.parquet, entity_record_map.csv"
Table III,k=0.5,E3,noise_k0.5,20260728,paper_experiments/results/E2_E6/E3/configs/e3_noise_k05_s20260728.yaml,066f700d2426fe5e4b424bba5ef2e5645ea1b74c51151e7f5418a01e9aec5549,c3ebbe4919d42852dbb1dcbcfae668f7cd6750a8c4313311e0c27cb9b096a71a,"{""entity_record_map.csv"":""d9763e031665cc3a969abf3b3be819019af42094ca881cc2ec46de413389bb4b"",""truth_events.parquet"":""d4ece12579336208a16af365d3f125afd94e053e8079e0e0b020ecab55d96164"",""truth_household_memberships.parquet"":""552c8039d92840429258e16cd8ff6c3ec801817c14c9ffbce5935d4412536cea"",""truth_households.parquet"":""3592c8c3a12177d77b248c6fca89bcae1d4354fc473ce0df5bae8251dfd12f24"",""truth_people.parquet"":""3c6b927c4c84abedaf13403800a466b2dce6e79b93d66b81d0751c348ca97b64"",""truth_residence_history.parquet"":""36aef3d5ecdc7a59369ae98e98d8cff0d3c59671d71c1bd9b0d9cb2fd66aa80a""}","[{""current"":1.5,""path"":""emission.noise.B.address_missing_pct"",""reference"":0.0},{""current"":3.0,""path"":""emission.noise.B.date_swap_pct"",""reference"":0.0},{""current"":1.5,""path"":""emission.noise.B.dob_shift_pct"",""reference"":0.0},{""current"":17.5,""path"":""emission.noise.B.middle_name_missing_pct"",""reference"":0.0},{""current"":4.5,""path"":""emission.noise.B.name_typo_pct"",""reference"":0.0},{""current"":6.0,""path"":""emission.noise.B.nickname_pct"",""reference"":0.0},{""current"":4.0,""path"":""emission.noise.B.ocr_error_pct"",""reference"":0.0},{""current"":2.0,""path"":""emission.noise.B.phone_mask_pct"",""reference"":0.0},{""current"":4.0,""path"":""emission.noise.B.phonetic_error_pct"",""reference"":0.0},{""current"":3.0,""path"":""emission.noise.B.ssn_mask_pct"",""reference"":0.0},{""current"":5.0,""path"":""emission.noise.B.suffix_missing_pct"",""reference"":0.0},{""current"":3.5,""path"":""emission.noise.B.zip_digit_error_pct"",""reference"":0.0}]",paper_experiments/results/E2_E6/E3/configs/e3_noise_k0_s20260728.yaml,phase2/runs/2026-07-25_e3_noise_k05_s20260728_seed20260728,"SHA-256 of sorted UTF-8 name-NUL-fileSHA256-NUL entries for truth_people.parquet, truth_households.parquet, truth_household_memberships.parquet, truth_residence_history.parquet, truth_events.parquet, entity_record_map.csv"
Table III,k=0.5,E3,noise_k0.5,20260729,paper_experiments/results/E2_E6/E3/configs/e3_noise_k05_s20260729.yaml,0c7acfde03596fb2061fc466c6f338bbfc5136624f4e1b7abacaab97ecfb3313,f301475866bda9336c9b0ad4246fd54a675cbd77d378cc5fc0f525d7d393822d,"{""entity_record_map.csv"":""8117dfa92dba706672fc6badabe247ace4bf09e74996957ed2a368ee5d5535d2"",""truth_events.parquet"":""aedf922f5e9f47ab181ca371cc32cf3bee99aed4e2d39cf641f0185c1bc83639"",""truth_household_memberships.parquet"":""e3f7bc33c6f22e57fc2b4c43cdca736d1cb950e84dd3279836d1bfc2e4415160"",""truth_households.parquet"":""3592c8c3a12177d77b248c6fca89bcae1d4354fc473ce0df5bae8251dfd12f24"",""truth_people.parquet"":""d8fa66d765ce78f5214ccc420d3e11d1cd018a7bfb88e484333af6481ce69fbd"",""truth_residence_history.parquet"":""2fc38494dda55e7dc8c7cfe527cdd534c67440c1b62a7c50e88d5db3ff91386c""}","[{""current"":1.5,""path"":""emission.noise.B.address_missing_pct"",""reference"":0.0},{""current"":3.0,""path"":""emission.noise.B.date_swap_pct"",""reference"":0.0},{""current"":1.5,""path"":""emission.noise.B.dob_shift_pct"",""reference"":0.0},{""current"":17.5,""path"":""emission.noise.B.middle_name_missing_pct"",""reference"":0.0},{""current"":4.5,""path"":""emission.noise.B.name_typo_pct"",""reference"":0.0},{""current"":6.0,""path"":""emission.noise.B.nickname_pct"",""reference"":0.0},{""current"":4.0,""path"":""emission.noise.B.ocr_error_pct"",""reference"":0.0},{""current"":2.0,""path"":""emission.noise.B.phone_mask_pct"",""reference"":0.0},{""current"":4.0,""path"":""emission.noise.B.phonetic_error_pct"",""reference"":0.0},{""current"":3.0,""path"":""emission.noise.B.ssn_mask_pct"",""reference"":0.0},{""current"":5.0,""path"":""emission.noise.B.suffix_missing_pct"",""reference"":0.0},{""current"":3.5,""path"":""emission.noise.B.zip_digit_error_pct"",""reference"":0.0}]",paper_experiments/results/E2_E6/E3/configs/e3_noise_k0_s20260729.yaml,phase2/runs/2026-07-25_e3_noise_k05_s20260729_seed20260729,"SHA-256 of sorted UTF-8 name-NUL-fileSHA256-NUL entries for truth_people.parquet, truth_households.parquet, truth_household_memberships.parquet, truth_residence_history.parquet, truth_events.parquet, entity_record_map.csv"
Table III,k=1,E3,noise_k1,20260720,paper_experiments/results/E2_E6/E3/configs/e3_noise_k1_s20260720.yaml,c47dd9de08ea1b8736b7d1f418ef54a895d05dcb6beba75982c06f2e9fd473ee,bb7a94b641e6d8d0e6cb044de2522effe4302b0fb90d6bde5addf6283c699e57,"{""entity_record_map.csv"":""fc6eea5abae1b1f4f58a3ca2266e3efbe53033b1780fbf882da082641cd6748b"",""truth_events.parquet"":""563f111e0e5c5787dee95bf2ecafa82e161c6345a26018b459af099f9f19836d"",""truth_household_memberships.parquet"":""e9ee0e4b37fa57f145b81aff781bf82fd0dac08cdba7bdfaaad02ea9552cd08d"",""truth_households.parquet"":""3592c8c3a12177d77b248c6fca89bcae1d4354fc473ce0df5bae8251dfd12f24"",""truth_people.parquet"":""8f82e60abc92d97eff599d68416e532096ffbb435fac1f8878f0f8f5320d0828"",""truth_residence_history.parquet"":""ce9e5c33b998da5293d4fea1460ba905cb0226241bba8be871f1b05234ad6e37""}","[{""current"":3.0,""path"":""emission.noise.B.address_missing_pct"",""reference"":0.0},{""current"":6.0,""path"":""emission.noise.B.date_swap_pct"",""reference"":0.0},{""current"":3.0,""path"":""emission.noise.B.dob_shift_pct"",""reference"":0.0},{""current"":35.0,""path"":""emission.noise.B.middle_name_missing_pct"",""reference"":0.0},{""current"":9.0,""path"":""emission.noise.B.name_typo_pct"",""reference"":0.0},{""current"":12.0,""path"":""emission.noise.B.nickname_pct"",""reference"":0.0},{""current"":8.0,""path"":""emission.noise.B.ocr_error_pct"",""reference"":0.0},{""current"":4.0,""path"":""emission.noise.B.phone_mask_pct"",""reference"":0.0},{""current"":8.0,""path"":""emission.noise.B.phonetic_error_pct"",""reference"":0.0},{""current"":6.0,""path"":""emission.noise.B.ssn_mask_pct"",""reference"":0.0},{""current"":10.0,""path"":""emission.noise.B.suffix_missing_pct"",""reference"":0.0},{""current"":7.0,""path"":""emission.noise.B.zip_digit_error_pct"",""reference"":0.0}]",paper_experiments/results/E2_E6/E3/configs/e3_noise_k0_s20260720.yaml,phase2/runs/2026-07-24_e2_high_noise_identity_drift_s20260720_seed20260720,"SHA-256 of sorted UTF-8 name-NUL-fileSHA256-NUL entries for truth_people.parquet, truth_households.parquet, truth_household_memberships.parquet, truth_residence_history.parquet, truth_events.parquet, entity_record_map.csv"
Table III,k=1,E3,noise_k1,20260721,paper_experiments/results/E2_E6/E3/configs/e3_noise_k1_s20260721.yaml,7e3630807fd9564751c98e130e4da96d974651a8877ca914228e7906bb1792a9,6e5770c03a278df21f2efe95a4bfc0a896a7a5d7b678c9ec8b26d4486642f122,"{""entity_record_map.csv"":""3c5ed1d9d4b0428dd716abc3799dce36c197baddb9df184531fcf063dca38050"",""truth_events.parquet"":""d6b8127a3233891b58ad58c15a602bb798dbb91404f2b31be17269a4fa7c8ffe"",""truth_household_memberships.parquet"":""10910b3f00f6556e115cf82e69ef71737fc1a3f83b25316dfc40aa161ff2847c"",""truth_households.parquet"":""3592c8c3a12177d77b248c6fca89bcae1d4354fc473ce0df5bae8251dfd12f24"",""truth_people.parquet"":""858062d8aa3fccea23735593aa8f1cfa94c661a967b7e81fe0b19157638ac721"",""truth_residence_history.parquet"":""088def25dc4aa3a8c6d3c3d5c169e08d029782cd436d4705ea3b23cb25e2f48c""}","[{""current"":3.0,""path"":""emission.noise.B.address_missing_pct"",""reference"":0.0},{""current"":6.0,""path"":""emission.noise.B.date_swap_pct"",""reference"":0.0},{""current"":3.0,""path"":""emission.noise.B.dob_shift_pct"",""reference"":0.0},{""current"":35.0,""path"":""emission.noise.B.middle_name_missing_pct"",""reference"":0.0},{""current"":9.0,""path"":""emission.noise.B.name_typo_pct"",""reference"":0.0},{""current"":12.0,""path"":""emission.noise.B.nickname_pct"",""reference"":0.0},{""current"":8.0,""path"":""emission.noise.B.ocr_error_pct"",""reference"":0.0},{""current"":4.0,""path"":""emission.noise.B.phone_mask_pct"",""reference"":0.0},{""current"":8.0,""path"":""emission.noise.B.phonetic_error_pct"",""reference"":0.0},{""current"":6.0,""path"":""emission.noise.B.ssn_mask_pct"",""reference"":0.0},{""current"":10.0,""path"":""emission.noise.B.suffix_missing_pct"",""reference"":0.0},{""current"":7.0,""path"":""emission.noise.B.zip_digit_error_pct"",""reference"":0.0}]",paper_experiments/results/E2_E6/E3/configs/e3_noise_k0_s20260721.yaml,phase2/runs/2026-07-24_e2_high_noise_identity_drift_s20260721_seed20260721,"SHA-256 of sorted UTF-8 name-NUL-fileSHA256-NUL entries for truth_people.parquet, truth_households.parquet, truth_household_memberships.parquet, truth_residence_history.parquet, truth_events.parquet, entity_record_map.csv"
Table III,k=1,E3,noise_k1,20260722,paper_experiments/results/E2_E6/E3/configs/e3_noise_k1_s20260722.yaml,0b0bbaab207a4edd5856992c255752d0b516e2a4f41be9a188e2586f39c7e67f,63079785fa7a49e3a43463377616678ba82287dbdbce9c38d88393402dbb82e9,"{""entity_record_map.csv"":""0c5db6d7082f9cf38899121e90cfb205826002ba4853a6cb94d10c27dec0bfc4"",""truth_events.parquet"":""c792639c601b01478f93b591b021447e2ae5d845efa45162be0822d3e0bfa92b"",""truth_household_memberships.parquet"":""2ced654425713214dc9c116d71a043bfe86f7d67555fcad6f815dc061ec2f20d"",""truth_households.parquet"":""3592c8c3a12177d77b248c6fca89bcae1d4354fc473ce0df5bae8251dfd12f24"",""truth_people.parquet"":""3444f477025dd602970c6f80f2dc1c1a92b74cf26427b5590c2a8aabb1c8cc81"",""truth_residence_history.parquet"":""83d7436c17b1f8b3190d45b6010a4aef04a8ed7486e700cdf1c99dfd5089a333""}","[{""current"":3.0,""path"":""emission.noise.B.address_missing_pct"",""reference"":0.0},{""current"":6.0,""path"":""emission.noise.B.date_swap_pct"",""reference"":0.0},{""current"":3.0,""path"":""emission.noise.B.dob_shift_pct"",""reference"":0.0},{""current"":35.0,""path"":""emission.noise.B.middle_name_missing_pct"",""reference"":0.0},{""current"":9.0,""path"":""emission.noise.B.name_typo_pct"",""reference"":0.0},{""current"":12.0,""path"":""emission.noise.B.nickname_pct"",""reference"":0.0},{""current"":8.0,""path"":""emission.noise.B.ocr_error_pct"",""reference"":0.0},{""current"":4.0,""path"":""emission.noise.B.phone_mask_pct"",""reference"":0.0},{""current"":8.0,""path"":""emission.noise.B.phonetic_error_pct"",""reference"":0.0},{""current"":6.0,""path"":""emission.noise.B.ssn_mask_pct"",""reference"":0.0},{""current"":10.0,""path"":""emission.noise.B.suffix_missing_pct"",""reference"":0.0},{""current"":7.0,""path"":""emission.noise.B.zip_digit_error_pct"",""reference"":0.0}]",paper_experiments/results/E2_E6/E3/configs/e3_noise_k0_s20260722.yaml,phase2/runs/2026-07-24_e2_high_noise_identity_drift_s20260722_seed20260722,"SHA-256 of sorted UTF-8 name-NUL-fileSHA256-NUL entries for truth_people.parquet, truth_households.parquet, truth_household_memberships.parquet, truth_residence_history.parquet, truth_events.parquet, entity_record_map.csv"
Table III,k=1,E3,noise_k1,20260723,paper_experiments/results/E2_E6/E3/configs/e3_noise_k1_s20260723.yaml,2558abdaabe14d7d4330ebdd7adfd3c08e0417742e83d6d475c87c96bbab2640,7d62ee925d6907ff46dba411f12ae6047822039426cbb026a3cbebc616c36b9f,"{""entity_record_map.csv"":""3b3ae497a3af526ebd3f1d35e051365f84f238f902b219b132ebded5c6917867"",""truth_events.parquet"":""bd6cde6e3ab5e30d4659e92c9930e2ea55d7b816fef0dd65a01fb1df118b9bf6"",""truth_household_memberships.parquet"":""d000e27e1e4353aab39565aa10e1e25c3f027250f41eeaa98fffd8bd30afd5a3"",""truth_households.parquet"":""3592c8c3a12177d77b248c6fca89bcae1d4354fc473ce0df5bae8251dfd12f24"",""truth_people.parquet"":""828d72db0aeb7760fb311b436230cb0e437d406367b13d153df7aaf38e97bf04"",""truth_residence_history.parquet"":""c1bbd52cd8b90271371f4b173c5758c1546b95e9924c842427d9aa2c11ef8ba2""}","[{""current"":3.0,""path"":""emission.noise.B.address_missing_pct"",""reference"":0.0},{""current"":6.0,""path"":""emission.noise.B.date_swap_pct"",""reference"":0.0},{""current"":3.0,""path"":""emission.noise.B.dob_shift_pct"",""reference"":0.0},{""current"":35.0,""path"":""emission.noise.B.middle_name_missing_pct"",""reference"":0.0},{""current"":9.0,""path"":""emission.noise.B.name_typo_pct"",""reference"":0.0},{""current"":12.0,""path"":""emission.noise.B.nickname_pct"",""reference"":0.0},{""current"":8.0,""path"":""emission.noise.B.ocr_error_pct"",""reference"":0.0},{""current"":4.0,""path"":""emission.noise.B.phone_mask_pct"",""reference"":0.0},{""current"":8.0,""path"":""emission.noise.B.phonetic_error_pct"",""reference"":0.0},{""current"":6.0,""path"":""emission.noise.B.ssn_mask_pct"",""reference"":0.0},{""current"":10.0,""path"":""emission.noise.B.suffix_missing_pct"",""reference"":0.0},{""current"":7.0,""path"":""emission.noise.B.zip_digit_error_pct"",""reference"":0.0}]",paper_experiments/results/E2_E6/E3/configs/e3_noise_k0_s20260723.yaml,phase2/runs/2026-07-24_e2_high_noise_identity_drift_s20260723_seed20260723,"SHA-256 of sorted UTF-8 name-NUL-fileSHA256-NUL entries for truth_people.parquet, truth_households.parquet, truth_household_memberships.parquet, truth_residence_history.parquet, truth_events.parquet, entity_record_map.csv"
Table III,k=1,E3,noise_k1,20260724,paper_experiments/results/E2_E6/E3/configs/e3_noise_k1_s20260724.yaml,e0a417abc761a41c900ae2f100bb26c8364ef5a69e191f246b75c1edda6c4b66,84ed8cff15485a7105eb429cc0a486b87c0c3c08e457cd5d7ae533aff6d7549e,"{""entity_record_map.csv"":""ef84bc49537c9c5ac6451fb67232bb70ffa9393ae006fb9556ace4b6645278f3"",""truth_events.parquet"":""c5e727ee2ba0ab0132c2ee5744be673c5cbbffa441adb8bc606dfcb1e71c2171"",""truth_household_memberships.parquet"":""f651d7478e9510fbaf6801658e532e2f080c20ced26fb1b1d19676656c588fc7"",""truth_households.parquet"":""3592c8c3a12177d77b248c6fca89bcae1d4354fc473ce0df5bae8251dfd12f24"",""truth_people.parquet"":""afa6beb768f8ed02e51f9f8a147c9a03c534b282c058ffdaed958a017dacdc89"",""truth_residence_history.parquet"":""4fc09d71387ed3360fd789297b56dbc78a2a00bca4e336b3ac135e9ba43bddcf""}","[{""current"":3.0,""path"":""emission.noise.B.address_missing_pct"",""reference"":0.0},{""current"":6.0,""path"":""emission.noise.B.date_swap_pct"",""reference"":0.0},{""current"":3.0,""path"":""emission.noise.B.dob_shift_pct"",""reference"":0.0},{""current"":35.0,""path"":""emission.noise.B.middle_name_missing_pct"",""reference"":0.0},{""current"":9.0,""path"":""emission.noise.B.name_typo_pct"",""reference"":0.0},{""current"":12.0,""path"":""emission.noise.B.nickname_pct"",""reference"":0.0},{""current"":8.0,""path"":""emission.noise.B.ocr_error_pct"",""reference"":0.0},{""current"":4.0,""path"":""emission.noise.B.phone_mask_pct"",""reference"":0.0},{""current"":8.0,""path"":""emission.noise.B.phonetic_error_pct"",""reference"":0.0},{""current"":6.0,""path"":""emission.noise.B.ssn_mask_pct"",""reference"":0.0},{""current"":10.0,""path"":""emission.noise.B.suffix_missing_pct"",""reference"":0.0},{""current"":7.0,""path"":""emission.noise.B.zip_digit_error_pct"",""reference"":0.0}]",paper_experiments/results/E2_E6/E3/configs/e3_noise_k0_s20260724.yaml,phase2/runs/2026-07-24_e2_high_noise_identity_drift_s20260724_seed20260724,"SHA-256 of sorted UTF-8 name-NUL-fileSHA256-NUL entries for truth_people.parquet, truth_households.parquet, truth_household_memberships.parquet, truth_residence_history.parquet, truth_events.parquet, entity_record_map.csv"
Table III,k=1,E3,noise_k1,20260725,paper_experiments/results/E2_E6/E3/configs/e3_noise_k1_s20260725.yaml,b92fe2b902e6b0ddd3564807e5b4951a73446649961666397a665f53770e6dca,d8472eb33babfae1f37049c6fdb374365c346073f047d0f8a63cde5bb6f5275d,"{""entity_record_map.csv"":""fa7aa28b356221bb38453dcc1c3eafc7a3d7727be6cd8388d1a751d054feebcf"",""truth_events.parquet"":""23a77a19d2518484b1bc10a0582f456a51429437dd9d21d283047785e573ddf0"",""truth_household_memberships.parquet"":""58378d36406209b7f27bbca696e7afd6b84fdd84b5b2b5f84c325fbf3e0ab7a0"",""truth_households.parquet"":""3592c8c3a12177d77b248c6fca89bcae1d4354fc473ce0df5bae8251dfd12f24"",""truth_people.parquet"":""f6463f5c0f497b01a2829c35cffa924ee2323a128a146a36a120998107bc5d5b"",""truth_residence_history.parquet"":""763e7527c68bce25c3378b5859b75448112aa57ba45c6d01700906bc55b76d92""}","[{""current"":3.0,""path"":""emission.noise.B.address_missing_pct"",""reference"":0.0},{""current"":6.0,""path"":""emission.noise.B.date_swap_pct"",""reference"":0.0},{""current"":3.0,""path"":""emission.noise.B.dob_shift_pct"",""reference"":0.0},{""current"":35.0,""path"":""emission.noise.B.middle_name_missing_pct"",""reference"":0.0},{""current"":9.0,""path"":""emission.noise.B.name_typo_pct"",""reference"":0.0},{""current"":12.0,""path"":""emission.noise.B.nickname_pct"",""reference"":0.0},{""current"":8.0,""path"":""emission.noise.B.ocr_error_pct"",""reference"":0.0},{""current"":4.0,""path"":""emission.noise.B.phone_mask_pct"",""reference"":0.0},{""current"":8.0,""path"":""emission.noise.B.phonetic_error_pct"",""reference"":0.0},{""current"":6.0,""path"":""emission.noise.B.ssn_mask_pct"",""reference"":0.0},{""current"":10.0,""path"":""emission.noise.B.suffix_missing_pct"",""reference"":0.0},{""current"":7.0,""path"":""emission.noise.B.zip_digit_error_pct"",""reference"":0.0}]",paper_experiments/results/E2_E6/E3/configs/e3_noise_k0_s20260725.yaml,phase2/runs/2026-07-24_e2_high_noise_identity_drift_s20260725_seed20260725,"SHA-256 of sorted UTF-8 name-NUL-fileSHA256-NUL entries for truth_people.parquet, truth_households.parquet, truth_household_memberships.parquet, truth_residence_history.parquet, truth_events.parquet, entity_record_map.csv"
Table III,k=1,E3,noise_k1,20260726,paper_experiments/results/E2_E6/E3/configs/e3_noise_k1_s20260726.yaml,f4f8f91037c3261e9b5f157818beb35dfc9e71460fc185c87ac201512bcbcc96,f8737ff99339f80490d892adb03ddbed49a40559c668e645f7d770e8c0fbcb47,"{""entity_record_map.csv"":""304e6ea8a984b780545a610b161e2563855c4923f8efc0ced88e56fce40aa2b4"",""truth_events.parquet"":""5f2e683464bc49f6ea402e7dc2e307f15cbfc1707324856d439393e7e7b5aa63"",""truth_household_memberships.parquet"":""d1196a272df0342eb14559c5e9e24d9bd4ef501d1b6b5dc8172e26e15fd89af2"",""truth_households.parquet"":""3592c8c3a12177d77b248c6fca89bcae1d4354fc473ce0df5bae8251dfd12f24"",""truth_people.parquet"":""2b8adf938ec62055ab46f024967cdd0648d1bd4e9cf0f1c073e16e4e25cd7e34"",""truth_residence_history.parquet"":""72069a2d378c0b67e755124d365d0fb064bc8faef8e19bfa42bd86d5fe64d850""}","[{""current"":3.0,""path"":""emission.noise.B.address_missing_pct"",""reference"":0.0},{""current"":6.0,""path"":""emission.noise.B.date_swap_pct"",""reference"":0.0},{""current"":3.0,""path"":""emission.noise.B.dob_shift_pct"",""reference"":0.0},{""current"":35.0,""path"":""emission.noise.B.middle_name_missing_pct"",""reference"":0.0},{""current"":9.0,""path"":""emission.noise.B.name_typo_pct"",""reference"":0.0},{""current"":12.0,""path"":""emission.noise.B.nickname_pct"",""reference"":0.0},{""current"":8.0,""path"":""emission.noise.B.ocr_error_pct"",""reference"":0.0},{""current"":4.0,""path"":""emission.noise.B.phone_mask_pct"",""reference"":0.0},{""current"":8.0,""path"":""emission.noise.B.phonetic_error_pct"",""reference"":0.0},{""current"":6.0,""path"":""emission.noise.B.ssn_mask_pct"",""reference"":0.0},{""current"":10.0,""path"":""emission.noise.B.suffix_missing_pct"",""reference"":0.0},{""current"":7.0,""path"":""emission.noise.B.zip_digit_error_pct"",""reference"":0.0}]",paper_experiments/results/E2_E6/E3/configs/e3_noise_k0_s20260726.yaml,phase2/runs/2026-07-24_e2_high_noise_identity_drift_s20260726_seed20260726,"SHA-256 of sorted UTF-8 name-NUL-fileSHA256-NUL entries for truth_people.parquet, truth_households.parquet, truth_household_memberships.parquet, truth_residence_history.parquet, truth_events.parquet, entity_record_map.csv"
Table III,k=1,E3,noise_k1,20260727,paper_experiments/results/E2_E6/E3/configs/e3_noise_k1_s20260727.yaml,c1f6a0bb2e95089afd31362521a3d3372804033b74da9b9532a7890c7160dc3d,457bc2b764fcf5fb79eadbbf3fead9c75310f2c5bbb8fec982fa3c913eb572af,"{""entity_record_map.csv"":""32479438e4908dc7d90a27e54ecd129c10f5b09097fcb8bf2e9450f9ef1729a4"",""truth_events.parquet"":""54c896b1dd5fe8e78dc55670b2bd2cff390b5fe54c68723172714d8cbf98b384"",""truth_household_memberships.parquet"":""5c68babbb6e2fd95ed1c195e97a8b2028df767031bfb65e1459e18a02f8a1a2a"",""truth_households.parquet"":""3592c8c3a12177d77b248c6fca89bcae1d4354fc473ce0df5bae8251dfd12f24"",""truth_people.parquet"":""a0f25b49819776c09ed4f8c0ac8a245ed99a2b1cd2c1b4902bccb5bc55fdd6ce"",""truth_residence_history.parquet"":""078b3ca8fa85b3a61c82ca8170b34fb087d0e9ec2a5fb6beab4ac56e5ca701a0""}","[{""current"":3.0,""path"":""emission.noise.B.address_missing_pct"",""reference"":0.0},{""current"":6.0,""path"":""emission.noise.B.date_swap_pct"",""reference"":0.0},{""current"":3.0,""path"":""emission.noise.B.dob_shift_pct"",""reference"":0.0},{""current"":35.0,""path"":""emission.noise.B.middle_name_missing_pct"",""reference"":0.0},{""current"":9.0,""path"":""emission.noise.B.name_typo_pct"",""reference"":0.0},{""current"":12.0,""path"":""emission.noise.B.nickname_pct"",""reference"":0.0},{""current"":8.0,""path"":""emission.noise.B.ocr_error_pct"",""reference"":0.0},{""current"":4.0,""path"":""emission.noise.B.phone_mask_pct"",""reference"":0.0},{""current"":8.0,""path"":""emission.noise.B.phonetic_error_pct"",""reference"":0.0},{""current"":6.0,""path"":""emission.noise.B.ssn_mask_pct"",""reference"":0.0},{""current"":10.0,""path"":""emission.noise.B.suffix_missing_pct"",""reference"":0.0},{""current"":7.0,""path"":""emission.noise.B.zip_digit_error_pct"",""reference"":0.0}]",paper_experiments/results/E2_E6/E3/configs/e3_noise_k0_s20260727.yaml,phase2/runs/2026-07-24_e2_high_noise_identity_drift_s20260727_seed20260727,"SHA-256 of sorted UTF-8 name-NUL-fileSHA256-NUL entries for truth_people.parquet, truth_households.parquet, truth_household_memberships.parquet, truth_residence_history.parquet, truth_events.parquet, entity_record_map.csv"
Table III,k=1,E3,noise_k1,20260728,paper_experiments/results/E2_E6/E3/configs/e3_noise_k1_s20260728.yaml,93ce471ec6a88f20c993a0165a58e6945d49313d48032c11c8b1e65cb60174ba,c3ebbe4919d42852dbb1dcbcfae668f7cd6750a8c4313311e0c27cb9b096a71a,"{""entity_record_map.csv"":""d9763e031665cc3a969abf3b3be819019af42094ca881cc2ec46de413389bb4b"",""truth_events.parquet"":""d4ece12579336208a16af365d3f125afd94e053e8079e0e0b020ecab55d96164"",""truth_household_memberships.parquet"":""552c8039d92840429258e16cd8ff6c3ec801817c14c9ffbce5935d4412536cea"",""truth_households.parquet"":""3592c8c3a12177d77b248c6fca89bcae1d4354fc473ce0df5bae8251dfd12f24"",""truth_people.parquet"":""3c6b927c4c84abedaf13403800a466b2dce6e79b93d66b81d0751c348ca97b64"",""truth_residence_history.parquet"":""36aef3d5ecdc7a59369ae98e98d8cff0d3c59671d71c1bd9b0d9cb2fd66aa80a""}","[{""current"":3.0,""path"":""emission.noise.B.address_missing_pct"",""reference"":0.0},{""current"":6.0,""path"":""emission.noise.B.date_swap_pct"",""reference"":0.0},{""current"":3.0,""path"":""emission.noise.B.dob_shift_pct"",""reference"":0.0},{""current"":35.0,""path"":""emission.noise.B.middle_name_missing_pct"",""reference"":0.0},{""current"":9.0,""path"":""emission.noise.B.name_typo_pct"",""reference"":0.0},{""current"":12.0,""path"":""emission.noise.B.nickname_pct"",""reference"":0.0},{""current"":8.0,""path"":""emission.noise.B.ocr_error_pct"",""reference"":0.0},{""current"":4.0,""path"":""emission.noise.B.phone_mask_pct"",""reference"":0.0},{""current"":8.0,""path"":""emission.noise.B.phonetic_error_pct"",""reference"":0.0},{""current"":6.0,""path"":""emission.noise.B.ssn_mask_pct"",""reference"":0.0},{""current"":10.0,""path"":""emission.noise.B.suffix_missing_pct"",""reference"":0.0},{""current"":7.0,""path"":""emission.noise.B.zip_digit_error_pct"",""reference"":0.0}]",paper_experiments/results/E2_E6/E3/configs/e3_noise_k0_s20260728.yaml,phase2/runs/2026-07-24_e2_high_noise_identity_drift_s20260728_seed20260728,"SHA-256 of sorted UTF-8 name-NUL-fileSHA256-NUL entries for truth_people.parquet, truth_households.parquet, truth_household_memberships.parquet, truth_residence_history.parquet, truth_events.parquet, entity_record_map.csv"
Table III,k=1,E3,noise_k1,20260729,paper_experiments/results/E2_E6/E3/configs/e3_noise_k1_s20260729.yaml,6141624c0bf2480d8aa7f674bf2008583e14680726b4e99df4fd0fa6bc4d555d,f301475866bda9336c9b0ad4246fd54a675cbd77d378cc5fc0f525d7d393822d,"{""entity_record_map.csv"":""8117dfa92dba706672fc6badabe247ace4bf09e74996957ed2a368ee5d5535d2"",""truth_events.parquet"":""aedf922f5e9f47ab181ca371cc32cf3bee99aed4e2d39cf641f0185c1bc83639"",""truth_household_memberships.parquet"":""e3f7bc33c6f22e57fc2b4c43cdca736d1cb950e84dd3279836d1bfc2e4415160"",""truth_households.parquet"":""3592c8c3a12177d77b248c6fca89bcae1d4354fc473ce0df5bae8251dfd12f24"",""truth_people.parquet"":""d8fa66d765ce78f5214ccc420d3e11d1cd018a7bfb88e484333af6481ce69fbd"",""truth_residence_history.parquet"":""2fc38494dda55e7dc8c7cfe527cdd534c67440c1b62a7c50e88d5db3ff91386c""}","[{""current"":3.0,""path"":""emission.noise.B.address_missing_pct"",""reference"":0.0},{""current"":6.0,""path"":""emission.noise.B.date_swap_pct"",""reference"":0.0},{""current"":3.0,""path"":""emission.noise.B.dob_shift_pct"",""reference"":0.0},{""current"":35.0,""path"":""emission.noise.B.middle_name_missing_pct"",""reference"":0.0},{""current"":9.0,""path"":""emission.noise.B.name_typo_pct"",""reference"":0.0},{""current"":12.0,""path"":""emission.noise.B.nickname_pct"",""reference"":0.0},{""current"":8.0,""path"":""emission.noise.B.ocr_error_pct"",""reference"":0.0},{""current"":4.0,""path"":""emission.noise.B.phone_mask_pct"",""reference"":0.0},{""current"":8.0,""path"":""emission.noise.B.phonetic_error_pct"",""reference"":0.0},{""current"":6.0,""path"":""emission.noise.B.ssn_mask_pct"",""reference"":0.0},{""current"":10.0,""path"":""emission.noise.B.suffix_missing_pct"",""reference"":0.0},{""current"":7.0,""path"":""emission.noise.B.zip_digit_error_pct"",""reference"":0.0}]",paper_experiments/results/E2_E6/E3/configs/e3_noise_k0_s20260729.yaml,phase2/runs/2026-07-24_e2_high_noise_identity_drift_s20260729_seed20260729,"SHA-256 of sorted UTF-8 name-NUL-fileSHA256-NUL entries for truth_people.parquet, truth_households.parquet, truth_household_memberships.parquet, truth_residence_history.parquet, truth_events.parquet, entity_record_map.csv"
Table III,k=2,E3,noise_k2,20260720,paper_experiments/results/E2_E6/E3/configs/e3_noise_k2_s20260720.yaml,ab070fcb1d9b7e6d7a9ed7b98d7529e44558a051d18a58264411cb02d9ac3abd,bb7a94b641e6d8d0e6cb044de2522effe4302b0fb90d6bde5addf6283c699e57,"{""entity_record_map.csv"":""fc6eea5abae1b1f4f58a3ca2266e3efbe53033b1780fbf882da082641cd6748b"",""truth_events.parquet"":""563f111e0e5c5787dee95bf2ecafa82e161c6345a26018b459af099f9f19836d"",""truth_household_memberships.parquet"":""e9ee0e4b37fa57f145b81aff781bf82fd0dac08cdba7bdfaaad02ea9552cd08d"",""truth_households.parquet"":""3592c8c3a12177d77b248c6fca89bcae1d4354fc473ce0df5bae8251dfd12f24"",""truth_people.parquet"":""8f82e60abc92d97eff599d68416e532096ffbb435fac1f8878f0f8f5320d0828"",""truth_residence_history.parquet"":""ce9e5c33b998da5293d4fea1460ba905cb0226241bba8be871f1b05234ad6e37""}","[{""current"":6.0,""path"":""emission.noise.B.address_missing_pct"",""reference"":0.0},{""current"":12.0,""path"":""emission.noise.B.date_swap_pct"",""reference"":0.0},{""current"":6.0,""path"":""emission.noise.B.dob_shift_pct"",""reference"":0.0},{""current"":70.0,""path"":""emission.noise.B.middle_name_missing_pct"",""reference"":0.0},{""current"":18.0,""path"":""emission.noise.B.name_typo_pct"",""reference"":0.0},{""current"":24.0,""path"":""emission.noise.B.nickname_pct"",""reference"":0.0},{""current"":16.0,""path"":""emission.noise.B.ocr_error_pct"",""reference"":0.0},{""current"":8.0,""path"":""emission.noise.B.phone_mask_pct"",""reference"":0.0},{""current"":16.0,""path"":""emission.noise.B.phonetic_error_pct"",""reference"":0.0},{""current"":12.0,""path"":""emission.noise.B.ssn_mask_pct"",""reference"":0.0},{""current"":20.0,""path"":""emission.noise.B.suffix_missing_pct"",""reference"":0.0},{""current"":14.0,""path"":""emission.noise.B.zip_digit_error_pct"",""reference"":0.0}]",paper_experiments/results/E2_E6/E3/configs/e3_noise_k0_s20260720.yaml,phase2/runs/2026-07-25_e3_noise_k2_s20260720_seed20260720,"SHA-256 of sorted UTF-8 name-NUL-fileSHA256-NUL entries for truth_people.parquet, truth_households.parquet, truth_household_memberships.parquet, truth_residence_history.parquet, truth_events.parquet, entity_record_map.csv"
Table III,k=2,E3,noise_k2,20260721,paper_experiments/results/E2_E6/E3/configs/e3_noise_k2_s20260721.yaml,95fbf067bd0d3314e4d07ffec8220c63c08f5fdf4b1d3ab34e097db51a850236,6e5770c03a278df21f2efe95a4bfc0a896a7a5d7b678c9ec8b26d4486642f122,"{""entity_record_map.csv"":""3c5ed1d9d4b0428dd716abc3799dce36c197baddb9df184531fcf063dca38050"",""truth_events.parquet"":""d6b8127a3233891b58ad58c15a602bb798dbb91404f2b31be17269a4fa7c8ffe"",""truth_household_memberships.parquet"":""10910b3f00f6556e115cf82e69ef71737fc1a3f83b25316dfc40aa161ff2847c"",""truth_households.parquet"":""3592c8c3a12177d77b248c6fca89bcae1d4354fc473ce0df5bae8251dfd12f24"",""truth_people.parquet"":""858062d8aa3fccea23735593aa8f1cfa94c661a967b7e81fe0b19157638ac721"",""truth_residence_history.parquet"":""088def25dc4aa3a8c6d3c3d5c169e08d029782cd436d4705ea3b23cb25e2f48c""}","[{""current"":6.0,""path"":""emission.noise.B.address_missing_pct"",""reference"":0.0},{""current"":12.0,""path"":""emission.noise.B.date_swap_pct"",""reference"":0.0},{""current"":6.0,""path"":""emission.noise.B.dob_shift_pct"",""reference"":0.0},{""current"":70.0,""path"":""emission.noise.B.middle_name_missing_pct"",""reference"":0.0},{""current"":18.0,""path"":""emission.noise.B.name_typo_pct"",""reference"":0.0},{""current"":24.0,""path"":""emission.noise.B.nickname_pct"",""reference"":0.0},{""current"":16.0,""path"":""emission.noise.B.ocr_error_pct"",""reference"":0.0},{""current"":8.0,""path"":""emission.noise.B.phone_mask_pct"",""reference"":0.0},{""current"":16.0,""path"":""emission.noise.B.phonetic_error_pct"",""reference"":0.0},{""current"":12.0,""path"":""emission.noise.B.ssn_mask_pct"",""reference"":0.0},{""current"":20.0,""path"":""emission.noise.B.suffix_missing_pct"",""reference"":0.0},{""current"":14.0,""path"":""emission.noise.B.zip_digit_error_pct"",""reference"":0.0}]",paper_experiments/results/E2_E6/E3/configs/e3_noise_k0_s20260721.yaml,phase2/runs/2026-07-25_e3_noise_k2_s20260721_seed20260721,"SHA-256 of sorted UTF-8 name-NUL-fileSHA256-NUL entries for truth_people.parquet, truth_households.parquet, truth_household_memberships.parquet, truth_residence_history.parquet, truth_events.parquet, entity_record_map.csv"
Table III,k=2,E3,noise_k2,20260722,paper_experiments/results/E2_E6/E3/configs/e3_noise_k2_s20260722.yaml,35b2f71081455ef4a5e8604b3afbc39fb817d30daef41795731e255cf739306a,63079785fa7a49e3a43463377616678ba82287dbdbce9c38d88393402dbb82e9,"{""entity_record_map.csv"":""0c5db6d7082f9cf38899121e90cfb205826002ba4853a6cb94d10c27dec0bfc4"",""truth_events.parquet"":""c792639c601b01478f93b591b021447e2ae5d845efa45162be0822d3e0bfa92b"",""truth_household_memberships.parquet"":""2ced654425713214dc9c116d71a043bfe86f7d67555fcad6f815dc061ec2f20d"",""truth_households.parquet"":""3592c8c3a12177d77b248c6fca89bcae1d4354fc473ce0df5bae8251dfd12f24"",""truth_people.parquet"":""3444f477025dd602970c6f80f2dc1c1a92b74cf26427b5590c2a8aabb1c8cc81"",""truth_residence_history.parquet"":""83d7436c17b1f8b3190d45b6010a4aef04a8ed7486e700cdf1c99dfd5089a333""}","[{""current"":6.0,""path"":""emission.noise.B.address_missing_pct"",""reference"":0.0},{""current"":12.0,""path"":""emission.noise.B.date_swap_pct"",""reference"":0.0},{""current"":6.0,""path"":""emission.noise.B.dob_shift_pct"",""reference"":0.0},{""current"":70.0,""path"":""emission.noise.B.middle_name_missing_pct"",""reference"":0.0},{""current"":18.0,""path"":""emission.noise.B.name_typo_pct"",""reference"":0.0},{""current"":24.0,""path"":""emission.noise.B.nickname_pct"",""reference"":0.0},{""current"":16.0,""path"":""emission.noise.B.ocr_error_pct"",""reference"":0.0},{""current"":8.0,""path"":""emission.noise.B.phone_mask_pct"",""reference"":0.0},{""current"":16.0,""path"":""emission.noise.B.phonetic_error_pct"",""reference"":0.0},{""current"":12.0,""path"":""emission.noise.B.ssn_mask_pct"",""reference"":0.0},{""current"":20.0,""path"":""emission.noise.B.suffix_missing_pct"",""reference"":0.0},{""current"":14.0,""path"":""emission.noise.B.zip_digit_error_pct"",""reference"":0.0}]",paper_experiments/results/E2_E6/E3/configs/e3_noise_k0_s20260722.yaml,phase2/runs/2026-07-25_e3_noise_k2_s20260722_seed20260722,"SHA-256 of sorted UTF-8 name-NUL-fileSHA256-NUL entries for truth_people.parquet, truth_households.parquet, truth_household_memberships.parquet, truth_residence_history.parquet, truth_events.parquet, entity_record_map.csv"
Table III,k=2,E3,noise_k2,20260723,paper_experiments/results/E2_E6/E3/configs/e3_noise_k2_s20260723.yaml,211dd83fae3873b64d08c3c23a785ef2a82b8c0b8a587110069ba4fc1dc33dcc,7d62ee925d6907ff46dba411f12ae6047822039426cbb026a3cbebc616c36b9f,"{""entity_record_map.csv"":""3b3ae497a3af526ebd3f1d35e051365f84f238f902b219b132ebded5c6917867"",""truth_events.parquet"":""bd6cde6e3ab5e30d4659e92c9930e2ea55d7b816fef0dd65a01fb1df118b9bf6"",""truth_household_memberships.parquet"":""d000e27e1e4353aab39565aa10e1e25c3f027250f41eeaa98fffd8bd30afd5a3"",""truth_households.parquet"":""3592c8c3a12177d77b248c6fca89bcae1d4354fc473ce0df5bae8251dfd12f24"",""truth_people.parquet"":""828d72db0aeb7760fb311b436230cb0e437d406367b13d153df7aaf38e97bf04"",""truth_residence_history.parquet"":""c1bbd52cd8b90271371f4b173c5758c1546b95e9924c842427d9aa2c11ef8ba2""}","[{""current"":6.0,""path"":""emission.noise.B.address_missing_pct"",""reference"":0.0},{""current"":12.0,""path"":""emission.noise.B.date_swap_pct"",""reference"":0.0},{""current"":6.0,""path"":""emission.noise.B.dob_shift_pct"",""reference"":0.0},{""current"":70.0,""path"":""emission.noise.B.middle_name_missing_pct"",""reference"":0.0},{""current"":18.0,""path"":""emission.noise.B.name_typo_pct"",""reference"":0.0},{""current"":24.0,""path"":""emission.noise.B.nickname_pct"",""reference"":0.0},{""current"":16.0,""path"":""emission.noise.B.ocr_error_pct"",""reference"":0.0},{""current"":8.0,""path"":""emission.noise.B.phone_mask_pct"",""reference"":0.0},{""current"":16.0,""path"":""emission.noise.B.phonetic_error_pct"",""reference"":0.0},{""current"":12.0,""path"":""emission.noise.B.ssn_mask_pct"",""reference"":0.0},{""current"":20.0,""path"":""emission.noise.B.suffix_missing_pct"",""reference"":0.0},{""current"":14.0,""path"":""emission.noise.B.zip_digit_error_pct"",""reference"":0.0}]",paper_experiments/results/E2_E6/E3/configs/e3_noise_k0_s20260723.yaml,phase2/runs/2026-07-25_e3_noise_k2_s20260723_seed20260723,"SHA-256 of sorted UTF-8 name-NUL-fileSHA256-NUL entries for truth_people.parquet, truth_households.parquet, truth_household_memberships.parquet, truth_residence_history.parquet, truth_events.parquet, entity_record_map.csv"
Table III,k=2,E3,noise_k2,20260724,paper_experiments/results/E2_E6/E3/configs/e3_noise_k2_s20260724.yaml,656d8f8ffabb9807912734caa7bffd444b5da9cc3685e0e1a0471001e7b8dea2,84ed8cff15485a7105eb429cc0a486b87c0c3c08e457cd5d7ae533aff6d7549e,"{""entity_record_map.csv"":""ef84bc49537c9c5ac6451fb67232bb70ffa9393ae006fb9556ace4b6645278f3"",""truth_events.parquet"":""c5e727ee2ba0ab0132c2ee5744be673c5cbbffa441adb8bc606dfcb1e71c2171"",""truth_household_memberships.parquet"":""f651d7478e9510fbaf6801658e532e2f080c20ced26fb1b1d19676656c588fc7"",""truth_households.parquet"":""3592c8c3a12177d77b248c6fca89bcae1d4354fc473ce0df5bae8251dfd12f24"",""truth_people.parquet"":""afa6beb768f8ed02e51f9f8a147c9a03c534b282c058ffdaed958a017dacdc89"",""truth_residence_history.parquet"":""4fc09d71387ed3360fd789297b56dbc78a2a00bca4e336b3ac135e9ba43bddcf""}","[{""current"":6.0,""path"":""emission.noise.B.address_missing_pct"",""reference"":0.0},{""current"":12.0,""path"":""emission.noise.B.date_swap_pct"",""reference"":0.0},{""current"":6.0,""path"":""emission.noise.B.dob_shift_pct"",""reference"":0.0},{""current"":70.0,""path"":""emission.noise.B.middle_name_missing_pct"",""reference"":0.0},{""current"":18.0,""path"":""emission.noise.B.name_typo_pct"",""reference"":0.0},{""current"":24.0,""path"":""emission.noise.B.nickname_pct"",""reference"":0.0},{""current"":16.0,""path"":""emission.noise.B.ocr_error_pct"",""reference"":0.0},{""current"":8.0,""path"":""emission.noise.B.phone_mask_pct"",""reference"":0.0},{""current"":16.0,""path"":""emission.noise.B.phonetic_error_pct"",""reference"":0.0},{""current"":12.0,""path"":""emission.noise.B.ssn_mask_pct"",""reference"":0.0},{""current"":20.0,""path"":""emission.noise.B.suffix_missing_pct"",""reference"":0.0},{""current"":14.0,""path"":""emission.noise.B.zip_digit_error_pct"",""reference"":0.0}]",paper_experiments/results/E2_E6/E3/configs/e3_noise_k0_s20260724.yaml,phase2/runs/2026-07-25_e3_noise_k2_s20260724_seed20260724,"SHA-256 of sorted UTF-8 name-NUL-fileSHA256-NUL entries for truth_people.parquet, truth_households.parquet, truth_household_memberships.parquet, truth_residence_history.parquet, truth_events.parquet, entity_record_map.csv"
Table III,k=2,E3,noise_k2,20260725,paper_experiments/results/E2_E6/E3/configs/e3_noise_k2_s20260725.yaml,0e0923cccdce97c3248d198786a4414300b167fc3b6f2f4e13b896d64aa317c7,d8472eb33babfae1f37049c6fdb374365c346073f047d0f8a63cde5bb6f5275d,"{""entity_record_map.csv"":""fa7aa28b356221bb38453dcc1c3eafc7a3d7727be6cd8388d1a751d054feebcf"",""truth_events.parquet"":""23a77a19d2518484b1bc10a0582f456a51429437dd9d21d283047785e573ddf0"",""truth_household_memberships.parquet"":""58378d36406209b7f27bbca696e7afd6b84fdd84b5b2b5f84c325fbf3e0ab7a0"",""truth_households.parquet"":""3592c8c3a12177d77b248c6fca89bcae1d4354fc473ce0df5bae8251dfd12f24"",""truth_people.parquet"":""f6463f5c0f497b01a2829c35cffa924ee2323a128a146a36a120998107bc5d5b"",""truth_residence_history.parquet"":""763e7527c68bce25c3378b5859b75448112aa57ba45c6d01700906bc55b76d92""}","[{""current"":6.0,""path"":""emission.noise.B.address_missing_pct"",""reference"":0.0},{""current"":12.0,""path"":""emission.noise.B.date_swap_pct"",""reference"":0.0},{""current"":6.0,""path"":""emission.noise.B.dob_shift_pct"",""reference"":0.0},{""current"":70.0,""path"":""emission.noise.B.middle_name_missing_pct"",""reference"":0.0},{""current"":18.0,""path"":""emission.noise.B.name_typo_pct"",""reference"":0.0},{""current"":24.0,""path"":""emission.noise.B.nickname_pct"",""reference"":0.0},{""current"":16.0,""path"":""emission.noise.B.ocr_error_pct"",""reference"":0.0},{""current"":8.0,""path"":""emission.noise.B.phone_mask_pct"",""reference"":0.0},{""current"":16.0,""path"":""emission.noise.B.phonetic_error_pct"",""reference"":0.0},{""current"":12.0,""path"":""emission.noise.B.ssn_mask_pct"",""reference"":0.0},{""current"":20.0,""path"":""emission.noise.B.suffix_missing_pct"",""reference"":0.0},{""current"":14.0,""path"":""emission.noise.B.zip_digit_error_pct"",""reference"":0.0}]",paper_experiments/results/E2_E6/E3/configs/e3_noise_k0_s20260725.yaml,phase2/runs/2026-07-25_e3_noise_k2_s20260725_seed20260725,"SHA-256 of sorted UTF-8 name-NUL-fileSHA256-NUL entries for truth_people.parquet, truth_households.parquet, truth_household_memberships.parquet, truth_residence_history.parquet, truth_events.parquet, entity_record_map.csv"
Table III,k=2,E3,noise_k2,20260726,paper_experiments/results/E2_E6/E3/configs/e3_noise_k2_s20260726.yaml,3712a019adbb834cf97742e3dbaae296cc8bb6dfd8b0678d0e76e556bbf2bf93,f8737ff99339f80490d892adb03ddbed49a40559c668e645f7d770e8c0fbcb47,"{""entity_record_map.csv"":""304e6ea8a984b780545a610b161e2563855c4923f8efc0ced88e56fce40aa2b4"",""truth_events.parquet"":""5f2e683464bc49f6ea402e7dc2e307f15cbfc1707324856d439393e7e7b5aa63"",""truth_household_memberships.parquet"":""d1196a272df0342eb14559c5e9e24d9bd4ef501d1b6b5dc8172e26e15fd89af2"",""truth_households.parquet"":""3592c8c3a12177d77b248c6fca89bcae1d4354fc473ce0df5bae8251dfd12f24"",""truth_people.parquet"":""2b8adf938ec62055ab46f024967cdd0648d1bd4e9cf0f1c073e16e4e25cd7e34"",""truth_residence_history.parquet"":""72069a2d378c0b67e755124d365d0fb064bc8faef8e19bfa42bd86d5fe64d850""}","[{""current"":6.0,""path"":""emission.noise.B.address_missing_pct"",""reference"":0.0},{""current"":12.0,""path"":""emission.noise.B.date_swap_pct"",""reference"":0.0},{""current"":6.0,""path"":""emission.noise.B.dob_shift_pct"",""reference"":0.0},{""current"":70.0,""path"":""emission.noise.B.middle_name_missing_pct"",""reference"":0.0},{""current"":18.0,""path"":""emission.noise.B.name_typo_pct"",""reference"":0.0},{""current"":24.0,""path"":""emission.noise.B.nickname_pct"",""reference"":0.0},{""current"":16.0,""path"":""emission.noise.B.ocr_error_pct"",""reference"":0.0},{""current"":8.0,""path"":""emission.noise.B.phone_mask_pct"",""reference"":0.0},{""current"":16.0,""path"":""emission.noise.B.phonetic_error_pct"",""reference"":0.0},{""current"":12.0,""path"":""emission.noise.B.ssn_mask_pct"",""reference"":0.0},{""current"":20.0,""path"":""emission.noise.B.suffix_missing_pct"",""reference"":0.0},{""current"":14.0,""path"":""emission.noise.B.zip_digit_error_pct"",""reference"":0.0}]",paper_experiments/results/E2_E6/E3/configs/e3_noise_k0_s20260726.yaml,phase2/runs/2026-07-25_e3_noise_k2_s20260726_seed20260726,"SHA-256 of sorted UTF-8 name-NUL-fileSHA256-NUL entries for truth_people.parquet, truth_households.parquet, truth_household_memberships.parquet, truth_residence_history.parquet, truth_events.parquet, entity_record_map.csv"
Table III,k=2,E3,noise_k2,20260727,paper_experiments/results/E2_E6/E3/configs/e3_noise_k2_s20260727.yaml,c3a65ac8f37e97b8eaa03945b35fc63dc7e2bf0ff0113e861c87139eefeac221,457bc2b764fcf5fb79eadbbf3fead9c75310f2c5bbb8fec982fa3c913eb572af,"{""entity_record_map.csv"":""32479438e4908dc7d90a27e54ecd129c10f5b09097fcb8bf2e9450f9ef1729a4"",""truth_events.parquet"":""54c896b1dd5fe8e78dc55670b2bd2cff390b5fe54c68723172714d8cbf98b384"",""truth_household_memberships.parquet"":""5c68babbb6e2fd95ed1c195e97a8b2028df767031bfb65e1459e18a02f8a1a2a"",""truth_households.parquet"":""3592c8c3a12177d77b248c6fca89bcae1d4354fc473ce0df5bae8251dfd12f24"",""truth_people.parquet"":""a0f25b49819776c09ed4f8c0ac8a245ed99a2b1cd2c1b4902bccb5bc55fdd6ce"",""truth_residence_history.parquet"":""078b3ca8fa85b3a61c82ca8170b34fb087d0e9ec2a5fb6beab4ac56e5ca701a0""}","[{""current"":6.0,""path"":""emission.noise.B.address_missing_pct"",""reference"":0.0},{""current"":12.0,""path"":""emission.noise.B.date_swap_pct"",""reference"":0.0},{""current"":6.0,""path"":""emission.noise.B.dob_shift_pct"",""reference"":0.0},{""current"":70.0,""path"":""emission.noise.B.middle_name_missing_pct"",""reference"":0.0},{""current"":18.0,""path"":""emission.noise.B.name_typo_pct"",""reference"":0.0},{""current"":24.0,""path"":""emission.noise.B.nickname_pct"",""reference"":0.0},{""current"":16.0,""path"":""emission.noise.B.ocr_error_pct"",""reference"":0.0},{""current"":8.0,""path"":""emission.noise.B.phone_mask_pct"",""reference"":0.0},{""current"":16.0,""path"":""emission.noise.B.phonetic_error_pct"",""reference"":0.0},{""current"":12.0,""path"":""emission.noise.B.ssn_mask_pct"",""reference"":0.0},{""current"":20.0,""path"":""emission.noise.B.suffix_missing_pct"",""reference"":0.0},{""current"":14.0,""path"":""emission.noise.B.zip_digit_error_pct"",""reference"":0.0}]",paper_experiments/results/E2_E6/E3/configs/e3_noise_k0_s20260727.yaml,phase2/runs/2026-07-25_e3_noise_k2_s20260727_seed20260727,"SHA-256 of sorted UTF-8 name-NUL-fileSHA256-NUL entries for truth_people.parquet, truth_households.parquet, truth_household_memberships.parquet, truth_residence_history.parquet, truth_events.parquet, entity_record_map.csv"
Table III,k=2,E3,noise_k2,20260728,paper_experiments/results/E2_E6/E3/configs/e3_noise_k2_s20260728.yaml,3d83e9b1a3a068d7aad2fc3c3b913c888f6e587577ed28ab2f87d41859520d55,c3ebbe4919d42852dbb1dcbcfae668f7cd6750a8c4313311e0c27cb9b096a71a,"{""entity_record_map.csv"":""d9763e031665cc3a969abf3b3be819019af42094ca881cc2ec46de413389bb4b"",""truth_events.parquet"":""d4ece12579336208a16af365d3f125afd94e053e8079e0e0b020ecab55d96164"",""truth_household_memberships.parquet"":""552c8039d92840429258e16cd8ff6c3ec801817c14c9ffbce5935d4412536cea"",""truth_households.parquet"":""3592c8c3a12177d77b248c6fca89bcae1d4354fc473ce0df5bae8251dfd12f24"",""truth_people.parquet"":""3c6b927c4c84abedaf13403800a466b2dce6e79b93d66b81d0751c348ca97b64"",""truth_residence_history.parquet"":""36aef3d5ecdc7a59369ae98e98d8cff0d3c59671d71c1bd9b0d9cb2fd66aa80a""}","[{""current"":6.0,""path"":""emission.noise.B.address_missing_pct"",""reference"":0.0},{""current"":12.0,""path"":""emission.noise.B.date_swap_pct"",""reference"":0.0},{""current"":6.0,""path"":""emission.noise.B.dob_shift_pct"",""reference"":0.0},{""current"":70.0,""path"":""emission.noise.B.middle_name_missing_pct"",""reference"":0.0},{""current"":18.0,""path"":""emission.noise.B.name_typo_pct"",""reference"":0.0},{""current"":24.0,""path"":""emission.noise.B.nickname_pct"",""reference"":0.0},{""current"":16.0,""path"":""emission.noise.B.ocr_error_pct"",""reference"":0.0},{""current"":8.0,""path"":""emission.noise.B.phone_mask_pct"",""reference"":0.0},{""current"":16.0,""path"":""emission.noise.B.phonetic_error_pct"",""reference"":0.0},{""current"":12.0,""path"":""emission.noise.B.ssn_mask_pct"",""reference"":0.0},{""current"":20.0,""path"":""emission.noise.B.suffix_missing_pct"",""reference"":0.0},{""current"":14.0,""path"":""emission.noise.B.zip_digit_error_pct"",""reference"":0.0}]",paper_experiments/results/E2_E6/E3/configs/e3_noise_k0_s20260728.yaml,phase2/runs/2026-07-25_e3_noise_k2_s20260728_seed20260728,"SHA-256 of sorted UTF-8 name-NUL-fileSHA256-NUL entries for truth_people.parquet, truth_households.parquet, truth_household_memberships.parquet, truth_residence_history.parquet, truth_events.parquet, entity_record_map.csv"
Table III,k=2,E3,noise_k2,20260729,paper_experiments/results/E2_E6/E3/configs/e3_noise_k2_s20260729.yaml,1cada11e94a91ae44cc18d676974b895d5968f52a6c6c8df0d29cfce9ff730f2,f301475866bda9336c9b0ad4246fd54a675cbd77d378cc5fc0f525d7d393822d,"{""entity_record_map.csv"":""8117dfa92dba706672fc6badabe247ace4bf09e74996957ed2a368ee5d5535d2"",""truth_events.parquet"":""aedf922f5e9f47ab181ca371cc32cf3bee99aed4e2d39cf641f0185c1bc83639"",""truth_household_memberships.parquet"":""e3f7bc33c6f22e57fc2b4c43cdca736d1cb950e84dd3279836d1bfc2e4415160"",""truth_households.parquet"":""3592c8c3a12177d77b248c6fca89bcae1d4354fc473ce0df5bae8251dfd12f24"",""truth_people.parquet"":""d8fa66d765ce78f5214ccc420d3e11d1cd018a7bfb88e484333af6481ce69fbd"",""truth_residence_history.parquet"":""2fc38494dda55e7dc8c7cfe527cdd534c67440c1b62a7c50e88d5db3ff91386c""}","[{""current"":6.0,""path"":""emission.noise.B.address_missing_pct"",""reference"":0.0},{""current"":12.0,""path"":""emission.noise.B.date_swap_pct"",""reference"":0.0},{""current"":6.0,""path"":""emission.noise.B.dob_shift_pct"",""reference"":0.0},{""current"":70.0,""path"":""emission.noise.B.middle_name_missing_pct"",""reference"":0.0},{""current"":18.0,""path"":""emission.noise.B.name_typo_pct"",""reference"":0.0},{""current"":24.0,""path"":""emission.noise.B.nickname_pct"",""reference"":0.0},{""current"":16.0,""path"":""emission.noise.B.ocr_error_pct"",""reference"":0.0},{""current"":8.0,""path"":""emission.noise.B.phone_mask_pct"",""reference"":0.0},{""current"":16.0,""path"":""emission.noise.B.phonetic_error_pct"",""reference"":0.0},{""current"":12.0,""path"":""emission.noise.B.ssn_mask_pct"",""reference"":0.0},{""current"":20.0,""path"":""emission.noise.B.suffix_missing_pct"",""reference"":0.0},{""current"":14.0,""path"":""emission.noise.B.zip_digit_error_pct"",""reference"":0.0}]",paper_experiments/results/E2_E6/E3/configs/e3_noise_k0_s20260729.yaml,phase2/runs/2026-07-25_e3_noise_k2_s20260729_seed20260729,"SHA-256 of sorted UTF-8 name-NUL-fileSHA256-NUL entries for truth_people.parquet, truth_households.parquet, truth_household_memberships.parquet, truth_residence_history.parquet, truth_events.parquet, entity_record_map.csv"
Table III,k=4,E3,noise_k4,20260720,paper_experiments/results/E2_E6/E3/configs/e3_noise_k4_s20260720.yaml,adbd99f68c57e889542723808830c6d903dfdbde36be7686fe75f1567f21b3ca,bb7a94b641e6d8d0e6cb044de2522effe4302b0fb90d6bde5addf6283c699e57,"{""entity_record_map.csv"":""fc6eea5abae1b1f4f58a3ca2266e3efbe53033b1780fbf882da082641cd6748b"",""truth_events.parquet"":""563f111e0e5c5787dee95bf2ecafa82e161c6345a26018b459af099f9f19836d"",""truth_household_memberships.parquet"":""e9ee0e4b37fa57f145b81aff781bf82fd0dac08cdba7bdfaaad02ea9552cd08d"",""truth_households.parquet"":""3592c8c3a12177d77b248c6fca89bcae1d4354fc473ce0df5bae8251dfd12f24"",""truth_people.parquet"":""8f82e60abc92d97eff599d68416e532096ffbb435fac1f8878f0f8f5320d0828"",""truth_residence_history.parquet"":""ce9e5c33b998da5293d4fea1460ba905cb0226241bba8be871f1b05234ad6e37""}","[{""current"":12.0,""path"":""emission.noise.B.address_missing_pct"",""reference"":0.0},{""current"":24.0,""path"":""emission.noise.B.date_swap_pct"",""reference"":0.0},{""current"":12.0,""path"":""emission.noise.B.dob_shift_pct"",""reference"":0.0},{""current"":100.0,""path"":""emission.noise.B.middle_name_missing_pct"",""reference"":0.0},{""current"":36.0,""path"":""emission.noise.B.name_typo_pct"",""reference"":0.0},{""current"":48.0,""path"":""emission.noise.B.nickname_pct"",""reference"":0.0},{""current"":32.0,""path"":""emission.noise.B.ocr_error_pct"",""reference"":0.0},{""current"":16.0,""path"":""emission.noise.B.phone_mask_pct"",""reference"":0.0},{""current"":32.0,""path"":""emission.noise.B.phonetic_error_pct"",""reference"":0.0},{""current"":24.0,""path"":""emission.noise.B.ssn_mask_pct"",""reference"":0.0},{""current"":40.0,""path"":""emission.noise.B.suffix_missing_pct"",""reference"":0.0},{""current"":28.0,""path"":""emission.noise.B.zip_digit_error_pct"",""reference"":0.0}]",paper_experiments/results/E2_E6/E3/configs/e3_noise_k0_s20260720.yaml,phase2/runs/2026-07-25_e3_noise_k4_s20260720_seed20260720,"SHA-256 of sorted UTF-8 name-NUL-fileSHA256-NUL entries for truth_people.parquet, truth_households.parquet, truth_household_memberships.parquet, truth_residence_history.parquet, truth_events.parquet, entity_record_map.csv"
Table III,k=4,E3,noise_k4,20260721,paper_experiments/results/E2_E6/E3/configs/e3_noise_k4_s20260721.yaml,e4f92152f18e347123e4d6e0af8e286c8375e5260ee637d9d12a8f5a79489680,6e5770c03a278df21f2efe95a4bfc0a896a7a5d7b678c9ec8b26d4486642f122,"{""entity_record_map.csv"":""3c5ed1d9d4b0428dd716abc3799dce36c197baddb9df184531fcf063dca38050"",""truth_events.parquet"":""d6b8127a3233891b58ad58c15a602bb798dbb91404f2b31be17269a4fa7c8ffe"",""truth_household_memberships.parquet"":""10910b3f00f6556e115cf82e69ef71737fc1a3f83b25316dfc40aa161ff2847c"",""truth_households.parquet"":""3592c8c3a12177d77b248c6fca89bcae1d4354fc473ce0df5bae8251dfd12f24"",""truth_people.parquet"":""858062d8aa3fccea23735593aa8f1cfa94c661a967b7e81fe0b19157638ac721"",""truth_residence_history.parquet"":""088def25dc4aa3a8c6d3c3d5c169e08d029782cd436d4705ea3b23cb25e2f48c""}","[{""current"":12.0,""path"":""emission.noise.B.address_missing_pct"",""reference"":0.0},{""current"":24.0,""path"":""emission.noise.B.date_swap_pct"",""reference"":0.0},{""current"":12.0,""path"":""emission.noise.B.dob_shift_pct"",""reference"":0.0},{""current"":100.0,""path"":""emission.noise.B.middle_name_missing_pct"",""reference"":0.0},{""current"":36.0,""path"":""emission.noise.B.name_typo_pct"",""reference"":0.0},{""current"":48.0,""path"":""emission.noise.B.nickname_pct"",""reference"":0.0},{""current"":32.0,""path"":""emission.noise.B.ocr_error_pct"",""reference"":0.0},{""current"":16.0,""path"":""emission.noise.B.phone_mask_pct"",""reference"":0.0},{""current"":32.0,""path"":""emission.noise.B.phonetic_error_pct"",""reference"":0.0},{""current"":24.0,""path"":""emission.noise.B.ssn_mask_pct"",""reference"":0.0},{""current"":40.0,""path"":""emission.noise.B.suffix_missing_pct"",""reference"":0.0},{""current"":28.0,""path"":""emission.noise.B.zip_digit_error_pct"",""reference"":0.0}]",paper_experiments/results/E2_E6/E3/configs/e3_noise_k0_s20260721.yaml,phase2/runs/2026-07-25_e3_noise_k4_s20260721_seed20260721,"SHA-256 of sorted UTF-8 name-NUL-fileSHA256-NUL entries for truth_people.parquet, truth_households.parquet, truth_household_memberships.parquet, truth_residence_history.parquet, truth_events.parquet, entity_record_map.csv"
Table III,k=4,E3,noise_k4,20260722,paper_experiments/results/E2_E6/E3/configs/e3_noise_k4_s20260722.yaml,2d388f523f5d345dc04d37ff96f6c82951477fe8595838ad1d5b5ddfc002f63f,63079785fa7a49e3a43463377616678ba82287dbdbce9c38d88393402dbb82e9,"{""entity_record_map.csv"":""0c5db6d7082f9cf38899121e90cfb205826002ba4853a6cb94d10c27dec0bfc4"",""truth_events.parquet"":""c792639c601b01478f93b591b021447e2ae5d845efa45162be0822d3e0bfa92b"",""truth_household_memberships.parquet"":""2ced654425713214dc9c116d71a043bfe86f7d67555fcad6f815dc061ec2f20d"",""truth_households.parquet"":""3592c8c3a12177d77b248c6fca89bcae1d4354fc473ce0df5bae8251dfd12f24"",""truth_people.parquet"":""3444f477025dd602970c6f80f2dc1c1a92b74cf26427b5590c2a8aabb1c8cc81"",""truth_residence_history.parquet"":""83d7436c17b1f8b3190d45b6010a4aef04a8ed7486e700cdf1c99dfd5089a333""}","[{""current"":12.0,""path"":""emission.noise.B.address_missing_pct"",""reference"":0.0},{""current"":24.0,""path"":""emission.noise.B.date_swap_pct"",""reference"":0.0},{""current"":12.0,""path"":""emission.noise.B.dob_shift_pct"",""reference"":0.0},{""current"":100.0,""path"":""emission.noise.B.middle_name_missing_pct"",""reference"":0.0},{""current"":36.0,""path"":""emission.noise.B.name_typo_pct"",""reference"":0.0},{""current"":48.0,""path"":""emission.noise.B.nickname_pct"",""reference"":0.0},{""current"":32.0,""path"":""emission.noise.B.ocr_error_pct"",""reference"":0.0},{""current"":16.0,""path"":""emission.noise.B.phone_mask_pct"",""reference"":0.0},{""current"":32.0,""path"":""emission.noise.B.phonetic_error_pct"",""reference"":0.0},{""current"":24.0,""path"":""emission.noise.B.ssn_mask_pct"",""reference"":0.0},{""current"":40.0,""path"":""emission.noise.B.suffix_missing_pct"",""reference"":0.0},{""current"":28.0,""path"":""emission.noise.B.zip_digit_error_pct"",""reference"":0.0}]",paper_experiments/results/E2_E6/E3/configs/e3_noise_k0_s20260722.yaml,phase2/runs/2026-07-25_e3_noise_k4_s20260722_seed20260722,"SHA-256 of sorted UTF-8 name-NUL-fileSHA256-NUL entries for truth_people.parquet, truth_households.parquet, truth_household_memberships.parquet, truth_residence_history.parquet, truth_events.parquet, entity_record_map.csv"
Table III,k=4,E3,noise_k4,20260723,paper_experiments/results/E2_E6/E3/configs/e3_noise_k4_s20260723.yaml,443d54762ae4037b4bd939cb27d2a70318018531a5d20e24639cc5804894991d,7d62ee925d6907ff46dba411f12ae6047822039426cbb026a3cbebc616c36b9f,"{""entity_record_map.csv"":""3b3ae497a3af526ebd3f1d35e051365f84f238f902b219b132ebded5c6917867"",""truth_events.parquet"":""bd6cde6e3ab5e30d4659e92c9930e2ea55d7b816fef0dd65a01fb1df118b9bf6"",""truth_household_memberships.parquet"":""d000e27e1e4353aab39565aa10e1e25c3f027250f41eeaa98fffd8bd30afd5a3"",""truth_households.parquet"":""3592c8c3a12177d77b248c6fca89bcae1d4354fc473ce0df5bae8251dfd12f24"",""truth_people.parquet"":""828d72db0aeb7760fb311b436230cb0e437d406367b13d153df7aaf38e97bf04"",""truth_residence_history.parquet"":""c1bbd52cd8b90271371f4b173c5758c1546b95e9924c842427d9aa2c11ef8ba2""}","[{""current"":12.0,""path"":""emission.noise.B.address_missing_pct"",""reference"":0.0},{""current"":24.0,""path"":""emission.noise.B.date_swap_pct"",""reference"":0.0},{""current"":12.0,""path"":""emission.noise.B.dob_shift_pct"",""reference"":0.0},{""current"":100.0,""path"":""emission.noise.B.middle_name_missing_pct"",""reference"":0.0},{""current"":36.0,""path"":""emission.noise.B.name_typo_pct"",""reference"":0.0},{""current"":48.0,""path"":""emission.noise.B.nickname_pct"",""reference"":0.0},{""current"":32.0,""path"":""emission.noise.B.ocr_error_pct"",""reference"":0.0},{""current"":16.0,""path"":""emission.noise.B.phone_mask_pct"",""reference"":0.0},{""current"":32.0,""path"":""emission.noise.B.phonetic_error_pct"",""reference"":0.0},{""current"":24.0,""path"":""emission.noise.B.ssn_mask_pct"",""reference"":0.0},{""current"":40.0,""path"":""emission.noise.B.suffix_missing_pct"",""reference"":0.0},{""current"":28.0,""path"":""emission.noise.B.zip_digit_error_pct"",""reference"":0.0}]",paper_experiments/results/E2_E6/E3/configs/e3_noise_k0_s20260723.yaml,phase2/runs/2026-07-25_e3_noise_k4_s20260723_seed20260723,"SHA-256 of sorted UTF-8 name-NUL-fileSHA256-NUL entries for truth_people.parquet, truth_households.parquet, truth_household_memberships.parquet, truth_residence_history.parquet, truth_events.parquet, entity_record_map.csv"
Table III,k=4,E3,noise_k4,20260724,paper_experiments/results/E2_E6/E3/configs/e3_noise_k4_s20260724.yaml,719b81925a3bd2f397a99538c06fde71d45705d77797abf7cbeb3aba56557cff,84ed8cff15485a7105eb429cc0a486b87c0c3c08e457cd5d7ae533aff6d7549e,"{""entity_record_map.csv"":""ef84bc49537c9c5ac6451fb67232bb70ffa9393ae006fb9556ace4b6645278f3"",""truth_events.parquet"":""c5e727ee2ba0ab0132c2ee5744be673c5cbbffa441adb8bc606dfcb1e71c2171"",""truth_household_memberships.parquet"":""f651d7478e9510fbaf6801658e532e2f080c20ced26fb1b1d19676656c588fc7"",""truth_households.parquet"":""3592c8c3a12177d77b248c6fca89bcae1d4354fc473ce0df5bae8251dfd12f24"",""truth_people.parquet"":""afa6beb768f8ed02e51f9f8a147c9a03c534b282c058ffdaed958a017dacdc89"",""truth_residence_history.parquet"":""4fc09d71387ed3360fd789297b56dbc78a2a00bca4e336b3ac135e9ba43bddcf""}","[{""current"":12.0,""path"":""emission.noise.B.address_missing_pct"",""reference"":0.0},{""current"":24.0,""path"":""emission.noise.B.date_swap_pct"",""reference"":0.0},{""current"":12.0,""path"":""emission.noise.B.dob_shift_pct"",""reference"":0.0},{""current"":100.0,""path"":""emission.noise.B.middle_name_missing_pct"",""reference"":0.0},{""current"":36.0,""path"":""emission.noise.B.name_typo_pct"",""reference"":0.0},{""current"":48.0,""path"":""emission.noise.B.nickname_pct"",""reference"":0.0},{""current"":32.0,""path"":""emission.noise.B.ocr_error_pct"",""reference"":0.0},{""current"":16.0,""path"":""emission.noise.B.phone_mask_pct"",""reference"":0.0},{""current"":32.0,""path"":""emission.noise.B.phonetic_error_pct"",""reference"":0.0},{""current"":24.0,""path"":""emission.noise.B.ssn_mask_pct"",""reference"":0.0},{""current"":40.0,""path"":""emission.noise.B.suffix_missing_pct"",""reference"":0.0},{""current"":28.0,""path"":""emission.noise.B.zip_digit_error_pct"",""reference"":0.0}]",paper_experiments/results/E2_E6/E3/configs/e3_noise_k0_s20260724.yaml,phase2/runs/2026-07-25_e3_noise_k4_s20260724_seed20260724,"SHA-256 of sorted UTF-8 name-NUL-fileSHA256-NUL entries for truth_people.parquet, truth_households.parquet, truth_household_memberships.parquet, truth_residence_history.parquet, truth_events.parquet, entity_record_map.csv"
Table III,k=4,E3,noise_k4,20260725,paper_experiments/results/E2_E6/E3/configs/e3_noise_k4_s20260725.yaml,b3c128a8ab9e29242942361235269b2c2712972ce8fba61978b4cb0d7c19a67a,d8472eb33babfae1f37049c6fdb374365c346073f047d0f8a63cde5bb6f5275d,"{""entity_record_map.csv"":""fa7aa28b356221bb38453dcc1c3eafc7a3d7727be6cd8388d1a751d054feebcf"",""truth_events.parquet"":""23a77a19d2518484b1bc10a0582f456a51429437dd9d21d283047785e573ddf0"",""truth_household_memberships.parquet"":""58378d36406209b7f27bbca696e7afd6b84fdd84b5b2b5f84c325fbf3e0ab7a0"",""truth_households.parquet"":""3592c8c3a12177d77b248c6fca89bcae1d4354fc473ce0df5bae8251dfd12f24"",""truth_people.parquet"":""f6463f5c0f497b01a2829c35cffa924ee2323a128a146a36a120998107bc5d5b"",""truth_residence_history.parquet"":""763e7527c68bce25c3378b5859b75448112aa57ba45c6d01700906bc55b76d92""}","[{""current"":12.0,""path"":""emission.noise.B.address_missing_pct"",""reference"":0.0},{""current"":24.0,""path"":""emission.noise.B.date_swap_pct"",""reference"":0.0},{""current"":12.0,""path"":""emission.noise.B.dob_shift_pct"",""reference"":0.0},{""current"":100.0,""path"":""emission.noise.B.middle_name_missing_pct"",""reference"":0.0},{""current"":36.0,""path"":""emission.noise.B.name_typo_pct"",""reference"":0.0},{""current"":48.0,""path"":""emission.noise.B.nickname_pct"",""reference"":0.0},{""current"":32.0,""path"":""emission.noise.B.ocr_error_pct"",""reference"":0.0},{""current"":16.0,""path"":""emission.noise.B.phone_mask_pct"",""reference"":0.0},{""current"":32.0,""path"":""emission.noise.B.phonetic_error_pct"",""reference"":0.0},{""current"":24.0,""path"":""emission.noise.B.ssn_mask_pct"",""reference"":0.0},{""current"":40.0,""path"":""emission.noise.B.suffix_missing_pct"",""reference"":0.0},{""current"":28.0,""path"":""emission.noise.B.zip_digit_error_pct"",""reference"":0.0}]",paper_experiments/results/E2_E6/E3/configs/e3_noise_k0_s20260725.yaml,phase2/runs/2026-07-25_e3_noise_k4_s20260725_seed20260725,"SHA-256 of sorted UTF-8 name-NUL-fileSHA256-NUL entries for truth_people.parquet, truth_households.parquet, truth_household_memberships.parquet, truth_residence_history.parquet, truth_events.parquet, entity_record_map.csv"
Table III,k=4,E3,noise_k4,20260726,paper_experiments/results/E2_E6/E3/configs/e3_noise_k4_s20260726.yaml,b97299662326aff78ef388e5ac0716171bccb392e4cfb764d97972e649c07e36,f8737ff99339f80490d892adb03ddbed49a40559c668e645f7d770e8c0fbcb47,"{""entity_record_map.csv"":""304e6ea8a984b780545a610b161e2563855c4923f8efc0ced88e56fce40aa2b4"",""truth_events.parquet"":""5f2e683464bc49f6ea402e7dc2e307f15cbfc1707324856d439393e7e7b5aa63"",""truth_household_memberships.parquet"":""d1196a272df0342eb14559c5e9e24d9bd4ef501d1b6b5dc8172e26e15fd89af2"",""truth_households.parquet"":""3592c8c3a12177d77b248c6fca89bcae1d4354fc473ce0df5bae8251dfd12f24"",""truth_people.parquet"":""2b8adf938ec62055ab46f024967cdd0648d1bd4e9cf0f1c073e16e4e25cd7e34"",""truth_residence_history.parquet"":""72069a2d378c0b67e755124d365d0fb064bc8faef8e19bfa42bd86d5fe64d850""}","[{""current"":12.0,""path"":""emission.noise.B.address_missing_pct"",""reference"":0.0},{""current"":24.0,""path"":""emission.noise.B.date_swap_pct"",""reference"":0.0},{""current"":12.0,""path"":""emission.noise.B.dob_shift_pct"",""reference"":0.0},{""current"":100.0,""path"":""emission.noise.B.middle_name_missing_pct"",""reference"":0.0},{""current"":36.0,""path"":""emission.noise.B.name_typo_pct"",""reference"":0.0},{""current"":48.0,""path"":""emission.noise.B.nickname_pct"",""reference"":0.0},{""current"":32.0,""path"":""emission.noise.B.ocr_error_pct"",""reference"":0.0},{""current"":16.0,""path"":""emission.noise.B.phone_mask_pct"",""reference"":0.0},{""current"":32.0,""path"":""emission.noise.B.phonetic_error_pct"",""reference"":0.0},{""current"":24.0,""path"":""emission.noise.B.ssn_mask_pct"",""reference"":0.0},{""current"":40.0,""path"":""emission.noise.B.suffix_missing_pct"",""reference"":0.0},{""current"":28.0,""path"":""emission.noise.B.zip_digit_error_pct"",""reference"":0.0}]",paper_experiments/results/E2_E6/E3/configs/e3_noise_k0_s20260726.yaml,phase2/runs/2026-07-25_e3_noise_k4_s20260726_seed20260726,"SHA-256 of sorted UTF-8 name-NUL-fileSHA256-NUL entries for truth_people.parquet, truth_households.parquet, truth_household_memberships.parquet, truth_residence_history.parquet, truth_events.parquet, entity_record_map.csv"
Table III,k=4,E3,noise_k4,20260727,paper_experiments/results/E2_E6/E3/configs/e3_noise_k4_s20260727.yaml,a3628254deb97d4dbe5da7f4788c1c2ea0b1b7e4d68191f72e96ceacc9499851,457bc2b764fcf5fb79eadbbf3fead9c75310f2c5bbb8fec982fa3c913eb572af,"{""entity_record_map.csv"":""32479438e4908dc7d90a27e54ecd129c10f5b09097fcb8bf2e9450f9ef1729a4"",""truth_events.parquet"":""54c896b1dd5fe8e78dc55670b2bd2cff390b5fe54c68723172714d8cbf98b384"",""truth_household_memberships.parquet"":""5c68babbb6e2fd95ed1c195e97a8b2028df767031bfb65e1459e18a02f8a1a2a"",""truth_households.parquet"":""3592c8c3a12177d77b248c6fca89bcae1d4354fc473ce0df5bae8251dfd12f24"",""truth_people.parquet"":""a0f25b49819776c09ed4f8c0ac8a245ed99a2b1cd2c1b4902bccb5bc55fdd6ce"",""truth_residence_history.parquet"":""078b3ca8fa85b3a61c82ca8170b34fb087d0e9ec2a5fb6beab4ac56e5ca701a0""}","[{""current"":12.0,""path"":""emission.noise.B.address_missing_pct"",""reference"":0.0},{""current"":24.0,""path"":""emission.noise.B.date_swap_pct"",""reference"":0.0},{""current"":12.0,""path"":""emission.noise.B.dob_shift_pct"",""reference"":0.0},{""current"":100.0,""path"":""emission.noise.B.middle_name_missing_pct"",""reference"":0.0},{""current"":36.0,""path"":""emission.noise.B.name_typo_pct"",""reference"":0.0},{""current"":48.0,""path"":""emission.noise.B.nickname_pct"",""reference"":0.0},{""current"":32.0,""path"":""emission.noise.B.ocr_error_pct"",""reference"":0.0},{""current"":16.0,""path"":""emission.noise.B.phone_mask_pct"",""reference"":0.0},{""current"":32.0,""path"":""emission.noise.B.phonetic_error_pct"",""reference"":0.0},{""current"":24.0,""path"":""emission.noise.B.ssn_mask_pct"",""reference"":0.0},{""current"":40.0,""path"":""emission.noise.B.suffix_missing_pct"",""reference"":0.0},{""current"":28.0,""path"":""emission.noise.B.zip_digit_error_pct"",""reference"":0.0}]",paper_experiments/results/E2_E6/E3/configs/e3_noise_k0_s20260727.yaml,phase2/runs/2026-07-25_e3_noise_k4_s20260727_seed20260727,"SHA-256 of sorted UTF-8 name-NUL-fileSHA256-NUL entries for truth_people.parquet, truth_households.parquet, truth_household_memberships.parquet, truth_residence_history.parquet, truth_events.parquet, entity_record_map.csv"
Table III,k=4,E3,noise_k4,20260728,paper_experiments/results/E2_E6/E3/configs/e3_noise_k4_s20260728.yaml,6935662e1132554b9956f9211630eeb163b5b5f18245e9ea33d3b91a4da138d5,c3ebbe4919d42852dbb1dcbcfae668f7cd6750a8c4313311e0c27cb9b096a71a,"{""entity_record_map.csv"":""d9763e031665cc3a969abf3b3be819019af42094ca881cc2ec46de413389bb4b"",""truth_events.parquet"":""d4ece12579336208a16af365d3f125afd94e053e8079e0e0b020ecab55d96164"",""truth_household_memberships.parquet"":""552c8039d92840429258e16cd8ff6c3ec801817c14c9ffbce5935d4412536cea"",""truth_households.parquet"":""3592c8c3a12177d77b248c6fca89bcae1d4354fc473ce0df5bae8251dfd12f24"",""truth_people.parquet"":""3c6b927c4c84abedaf13403800a466b2dce6e79b93d66b81d0751c348ca97b64"",""truth_residence_history.parquet"":""36aef3d5ecdc7a59369ae98e98d8cff0d3c59671d71c1bd9b0d9cb2fd66aa80a""}","[{""current"":12.0,""path"":""emission.noise.B.address_missing_pct"",""reference"":0.0},{""current"":24.0,""path"":""emission.noise.B.date_swap_pct"",""reference"":0.0},{""current"":12.0,""path"":""emission.noise.B.dob_shift_pct"",""reference"":0.0},{""current"":100.0,""path"":""emission.noise.B.middle_name_missing_pct"",""reference"":0.0},{""current"":36.0,""path"":""emission.noise.B.name_typo_pct"",""reference"":0.0},{""current"":48.0,""path"":""emission.noise.B.nickname_pct"",""reference"":0.0},{""current"":32.0,""path"":""emission.noise.B.ocr_error_pct"",""reference"":0.0},{""current"":16.0,""path"":""emission.noise.B.phone_mask_pct"",""reference"":0.0},{""current"":32.0,""path"":""emission.noise.B.phonetic_error_pct"",""reference"":0.0},{""current"":24.0,""path"":""emission.noise.B.ssn_mask_pct"",""reference"":0.0},{""current"":40.0,""path"":""emission.noise.B.suffix_missing_pct"",""reference"":0.0},{""current"":28.0,""path"":""emission.noise.B.zip_digit_error_pct"",""reference"":0.0}]",paper_experiments/results/E2_E6/E3/configs/e3_noise_k0_s20260728.yaml,phase2/runs/2026-07-25_e3_noise_k4_s20260728_seed20260728,"SHA-256 of sorted UTF-8 name-NUL-fileSHA256-NUL entries for truth_people.parquet, truth_households.parquet, truth_household_memberships.parquet, truth_residence_history.parquet, truth_events.parquet, entity_record_map.csv"
Table III,k=4,E3,noise_k4,20260729,paper_experiments/results/E2_E6/E3/configs/e3_noise_k4_s20260729.yaml,a9753db6b42c2613b2daadd0aa41d02c5154f4dedfbc63aa042cbd992149f76c,f301475866bda9336c9b0ad4246fd54a675cbd77d378cc5fc0f525d7d393822d,"{""entity_record_map.csv"":""8117dfa92dba706672fc6badabe247ace4bf09e74996957ed2a368ee5d5535d2"",""truth_events.parquet"":""aedf922f5e9f47ab181ca371cc32cf3bee99aed4e2d39cf641f0185c1bc83639"",""truth_household_memberships.parquet"":""e3f7bc33c6f22e57fc2b4c43cdca736d1cb950e84dd3279836d1bfc2e4415160"",""truth_households.parquet"":""3592c8c3a12177d77b248c6fca89bcae1d4354fc473ce0df5bae8251dfd12f24"",""truth_people.parquet"":""d8fa66d765ce78f5214ccc420d3e11d1cd018a7bfb88e484333af6481ce69fbd"",""truth_residence_history.parquet"":""2fc38494dda55e7dc8c7cfe527cdd534c67440c1b62a7c50e88d5db3ff91386c""}","[{""current"":12.0,""path"":""emission.noise.B.address_missing_pct"",""reference"":0.0},{""current"":24.0,""path"":""emission.noise.B.date_swap_pct"",""reference"":0.0},{""current"":12.0,""path"":""emission.noise.B.dob_shift_pct"",""reference"":0.0},{""current"":100.0,""path"":""emission.noise.B.middle_name_missing_pct"",""reference"":0.0},{""current"":36.0,""path"":""emission.noise.B.name_typo_pct"",""reference"":0.0},{""current"":48.0,""path"":""emission.noise.B.nickname_pct"",""reference"":0.0},{""current"":32.0,""path"":""emission.noise.B.ocr_error_pct"",""reference"":0.0},{""current"":16.0,""path"":""emission.noise.B.phone_mask_pct"",""reference"":0.0},{""current"":32.0,""path"":""emission.noise.B.phonetic_error_pct"",""reference"":0.0},{""current"":24.0,""path"":""emission.noise.B.ssn_mask_pct"",""reference"":0.0},{""current"":40.0,""path"":""emission.noise.B.suffix_missing_pct"",""reference"":0.0},{""current"":28.0,""path"":""emission.noise.B.zip_digit_error_pct"",""reference"":0.0}]",paper_experiments/results/E2_E6/E3/configs/e3_noise_k0_s20260729.yaml,phase2/runs/2026-07-25_e3_noise_k4_s20260729_seed20260729,"SHA-256 of sorted UTF-8 name-NUL-fileSHA256-NUL entries for truth_people.parquet, truth_households.parquet, truth_household_memberships.parquet, truth_residence_history.parquet, truth_events.parquet, entity_record_map.csv"
