row_type,scenario,seed,matcher,calibration_mode,calibration_seed,evaluation_seed_disjoint,records,true_pairs,candidate_pairs,candidate_recall,precision,recall,f1,threshold,false_positive_count,co_resident_false_positive_count,co_resident_false_positive_share,co_resident_nonmatch_count,median_true_match_score,median_co_resident_nonmatch_score,median_random_nonmatch_score,random_nonmatch_sample_count,oracle_f1,oracle_threshold,score_label_sha256,source_run_path,source_run_manifest_sha256,n_seeds,precision_mean,precision_sd,precision_ci95_low,precision_ci95_high,recall_mean,recall_sd,recall_ci95_low,recall_ci95_high,f1_mean,f1_sd,f1_ci95_low,f1_ci95_high,threshold_mean,threshold_sd,threshold_ci95_low,threshold_ci95_high,candidate_recall_mean,candidate_recall_sd,candidate_recall_ci95_low,candidate_recall_ci95_high,false_positive_count_mean,false_positive_count_sd,false_positive_count_ci95_low,false_positive_count_ci95_high,co_resident_false_positive_count_mean,co_resident_false_positive_count_sd,co_resident_false_positive_count_ci95_low,co_resident_false_positive_count_ci95_high,co_resident_false_positive_share_mean,co_resident_false_positive_share_sd,co_resident_false_positive_share_ci95_low,co_resident_false_positive_share_ci95_high,median_true_match_score_mean,median_true_match_score_sd,median_true_match_score_ci95_low,median_true_match_score_ci95_high,median_co_resident_nonmatch_score_mean,median_co_resident_nonmatch_score_sd,median_co_resident_nonmatch_score_ci95_low,median_co_resident_nonmatch_score_ci95_high,median_random_nonmatch_score_mean,median_random_nonmatch_score_sd,median_random_nonmatch_score_ci95_low,median_random_nonmatch_score_ci95_high,oracle_f1_mean,oracle_f1_sd,oracle_f1_ci95_low,oracle_f1_ci95_high
per_seed,adoption_blended_family,20260720,baseline,clean_frozen,20260719,True,16342.0,8165.0,46535.0,1.0,0.9851815665201107,0.7409675443968157,0.845798965469034,0.65,91.0,91.0,1.0,2167.0,1.0000000000000002,0.6,0.3414285714285714,2167.0,0.8512135068589518,1.0000000000000002,8bed44bd7eacc09d729108c0dbee0741c633df7ce396dc8d602f37c2823c3388,phase2/runs/2026-07-24_e2_adoption_blended_family_s20260720_seed20260720,0d2af24979dd01af38c80581beca7504d4ff508ee6547c64560320270494c635,,,,,,,,,,,,,,,,,,,,,,,,,,,,,,,,,,,,,,,,,,,,,,,,,
per_seed,adoption_blended_family,20260720,splink,clean_frozen,20260719,True,16342.0,8165.0,46535.0,1.0,0.7362784471218207,0.7409675443968157,0.7386155536564522,0.9986013472769922,2167.0,2167.0,1.0,2167.0,0.9999999999998234,0.9999995246025223,0.001158135937865692,2167.0,0.8815114709851553,0.3880054100290566,b0d5778f270c896cc83a53dfe8a22acbb20898fbddb44b226b6953d927506909,phase2/runs/2026-07-24_e2_adoption_blended_family_s20260720_seed20260720,0d2af24979dd01af38c80581beca7504d4ff508ee6547c64560320270494c635,,,,,,,,,,,,,,,,,,,,,,,,,,,,,,,,,,,,,,,,,,,,,,,,,
per_seed,adoption_blended_family,20260720,learned,clean_frozen,20260719,True,16342.0,8165.0,46535.0,1.0,0.9993445846305096,0.7469687691365585,0.8549201009251473,0.6500030591266042,4.0,0.0,0.0,2167.0,0.9999920993841217,2.4404312294764534e-05,2.5680770221637143e-05,2167.0,0.9886820007301935,0.006297369377908123,234f49ad69aee415a982ea2aac6fee97611ec496ec5ad031708bc8d492ecdf9f,phase2/runs/2026-07-24_e2_adoption_blended_family_s20260720_seed20260720,0d2af24979dd01af38c80581beca7504d4ff508ee6547c64560320270494c635,,,,,,,,,,,,,,,,,,,,,,,,,,,,,,,,,,,,,,,,,,,,,,,,,
per_seed,adoption_blended_family,20260721,baseline,clean_frozen,20260719,True,16336.0,8164.0,45997.0,1.0,0.9837477653177312,0.7414257716805488,0.8455682056296712,0.65,100.0,99.0,0.99,2183.0,1.0000000000000002,0.6,0.3925,2183.0,0.8512733924299986,1.0000000000000002,708dd651cf6fe30e5362d7aa3425941bd688bab488b5786d77b747cbcc3432e2,phase2/runs/2026-07-24_e2_adoption_blended_family_s20260721_seed20260721,d876917e68a5d2f1f9afa56dab8193901c16bca5310b17ba18ad13f3ad52aef1,,,,,,,,,,,,,,,,,,,,,,,,,,,,,,,,,,,,,,,,,,,,,,,,,
per_seed,adoption_blended_family,20260721,splink,clean_frozen,20260719,True,16336.0,8164.0,45997.0,1.0,0.734854922908826,0.7414257716805488,0.738125724041217,0.9986013472769922,2184.0,2183.0,0.9995421245421245,2183.0,0.9999999999998234,0.9999995246025223,0.001158135937865692,2183.0,0.8811656772800862,0.3880054100290566,a7dc0b53decbd6c041987b8095910d0bf7ca210d4f4815a301a262e4f46b0041,phase2/runs/2026-07-24_e2_adoption_blended_family_s20260721_seed20260721,d876917e68a5d2f1f9afa56dab8193901c16bca5310b17ba18ad13f3ad52aef1,,,,,,,,,,,,,,,,,,,,,,,,,,,,,,,,,,,,,,,,,,,,,,,,,
per_seed,adoption_blended_family,20260721,learned,clean_frozen,20260719,True,16336.0,8164.0,45997.0,1.0,0.9995074700377606,0.7457128858402744,0.854156436338127,0.6500030591266042,3.0,2.0,0.6666666666666666,2183.0,0.9999920993841217,2.4404312294764534e-05,8.042802525218615e-05,2183.0,0.9867718446601942,0.0062973693779081056,9e90ed2de7dbad376c22dd4ebc263c8b9234f19da61b70e93f6abbc9ed57c7ea,phase2/runs/2026-07-24_e2_adoption_blended_family_s20260721_seed20260721,d876917e68a5d2f1f9afa56dab8193901c16bca5310b17ba18ad13f3ad52aef1,,,,,,,,,,,,,,,,,,,,,,,,,,,,,,,,,,,,,,,,,,,,,,,,,
per_seed,adoption_blended_family,20260722,baseline,clean_frozen,20260719,True,16372.0,8183.0,46732.0,1.0,0.9877650897226754,0.7399486740804107,0.846083979598966,0.65,75.0,73.0,0.9733333333333334,2179.0,1.0000000000000002,0.6,0.34826388888888893,2179.0,0.8501370055504813,1.0000000000000002,c055d29eb99fdfc6e91997a35b36ebbbd777d71fec7773003b6356a3d37086ee,phase2/runs/2026-07-24_e2_adoption_blended_family_s20260722_seed20260722,1b8f6de260d16856d387ec1a4ed49d0031ce7a6c88a55f274ef5d2ba74deb3ac,,,,,,,,,,,,,,,,,,,,,,,,,,,,,,,,,,,,,,,,,,,,,,,,,
per_seed,adoption_blended_family,20260722,splink,clean_frozen,20260719,True,16372.0,8183.0,46732.0,1.0,0.7351869839728024,0.7399486740804107,0.7375601437359156,0.9986013472769922,2181.0,2179.0,0.9990829894543787,2179.0,0.9999999999998234,0.9999995246025223,0.001158135937865692,2179.0,0.8813139472267096,0.3880054100290566,6c8f0af712031e05174ac607f9f90c4c5679f57c711dcbb2d4e03cf75d517008,phase2/runs/2026-07-24_e2_adoption_blended_family_s20260722_seed20260722,1b8f6de260d16856d387ec1a4ed49d0031ce7a6c88a55f274ef5d2ba74deb3ac,,,,,,,,,,,,,,,,,,,,,,,,,,,,,,,,,,,,,,,,,,,,,,,,,
per_seed,adoption_blended_family,20260722,learned,clean_frozen,20260719,True,16372.0,8183.0,46732.0,1.0,1.0,0.7444702431870952,0.8535201401050788,0.6500030591266042,0.0,0.0,0.0,2179.0,0.9999920993841217,2.4404312294764534e-05,3.8211473980394346e-05,2179.0,0.9890723652258377,0.006297369377908123,fdaaf8b11c2f2666f07e1c8f171ce158465ea66f5ead0badd8668e095f3af8d6,phase2/runs/2026-07-24_e2_adoption_blended_family_s20260722_seed20260722,1b8f6de260d16856d387ec1a4ed49d0031ce7a6c88a55f274ef5d2ba74deb3ac,,,,,,,,,,,,,,,,,,,,,,,,,,,,,,,,,,,,,,,,,,,,,,,,,
per_seed,adoption_blended_family,20260723,baseline,clean_frozen,20260719,True,16348.0,8169.0,45818.0,1.0,0.9876060013046314,0.7413392092055331,0.8469337808544858,0.65,76.0,76.0,1.0,2160.0,1.0000000000000002,0.6,0.33651515151515154,2160.0,0.850974048807933,1.0000000000000002,0d31b42524c6069bb2bce1437e72513a8b3581941b33ea31360ca6f4da5ca7da,phase2/runs/2026-07-24_e2_adoption_blended_family_s20260723_seed20260723,1cd90a2783a8b3e35523d4093eac25d3fd0bff4bf6547b180b3d3e3aa30179f8,,,,,,,,,,,,,,,,,,,,,,,,,,,,,,,,,,,,,,,,,,,,,,,,,
per_seed,adoption_blended_family,20260723,splink,clean_frozen,20260719,True,16348.0,8169.0,45818.0,1.0,0.7370983446932814,0.7413392092055331,0.7392126945376869,0.9986013472769922,2160.0,2160.0,1.0,2160.0,0.9999999999998234,0.9999995246025223,0.001158135937865692,2160.0,0.8815150534153448,0.3880054100290566,8986f098bdeb2d7dd746175197fa302b7384b8b220b2bbc4b77e94268fc75a33,phase2/runs/2026-07-24_e2_adoption_blended_family_s20260723_seed20260723,1cd90a2783a8b3e35523d4093eac25d3fd0bff4bf6547b180b3d3e3aa30179f8,,,,,,,,,,,,,,,,,,,,,,,,,,,,,,,,,,,,,,,,,,,,,,,,,
per_seed,adoption_blended_family,20260723,learned,clean_frozen,20260719,True,16348.0,8169.0,45818.0,1.0,1.0,0.7450116293303954,0.8538758330410383,0.6500030591266042,0.0,0.0,0.0,2160.0,0.9999920993841217,2.4404312294764534e-05,3.654168150384407e-05,2160.0,0.9889402041808458,0.006297369377908123,1bd7da86fb51d188d31a0aaf349da77a06fcb76752d564045499ef090f5a2c88,phase2/runs/2026-07-24_e2_adoption_blended_family_s20260723_seed20260723,1cd90a2783a8b3e35523d4093eac25d3fd0bff4bf6547b180b3d3e3aa30179f8,,,,,,,,,,,,,,,,,,,,,,,,,,,,,,,,,,,,,,,,,,,,,,,,,
per_seed,adoption_blended_family,20260724,baseline,clean_frozen,20260719,True,16322.0,8155.0,45886.0,1.0,0.9835905767668562,0.7423666462293071,0.8461215932914046,0.65,101.0,100.0,0.9900990099009901,2145.0,1.0000000000000002,0.6,0.4014285714285714,2145.0,0.8518127419922562,1.0000000000000002,c07a859239f05218b3e5bfe363a6b80b439fd84896e01863fd483f6269b777e1,phase2/runs/2026-07-24_e2_adoption_blended_family_s20260724_seed20260724,6f6137c0f7099e0157e2283d4c1116e36e40eed6e5e8e356c52f48068096ae96,,,,,,,,,,,,,,,,,,,,,,,,,,,,,,,,,,,,,,,,,,,,,,,,,
per_seed,adoption_blended_family,20260724,splink,clean_frozen,20260719,True,16322.0,8155.0,45886.0,1.0,0.7383245945616388,0.7424892703862661,0.7404010760577159,0.9986013472769922,2146.0,2145.0,0.9995340167753961,2145.0,0.9999999999998234,0.9999995246025223,0.001158135937865692,2145.0,0.8824325055456366,0.3880054100290566,b027b2e3a43a47d637fa248365fc519ebd6983c39719b4a31d9c938ed4185b5a,phase2/runs/2026-07-24_e2_adoption_blended_family_s20260724_seed20260724,6f6137c0f7099e0157e2283d4c1116e36e40eed6e5e8e356c52f48068096ae96,,,,,,,,,,,,,,,,,,,,,,,,,,,,,,,,,,,,,,,,,,,,,,,,,
per_seed,adoption_blended_family,20260724,learned,clean_frozen,20260719,True,16322.0,8155.0,45886.0,1.0,0.9996723996723996,0.7483752299202943,0.8559607293127629,0.6500030591266042,2.0,2.0,1.0,2145.0,0.9999920993841217,2.4404312294764534e-05,8.042802525218615e-05,2145.0,0.9864979929448973,0.006297369377908123,ecebc8bd45449c83beb3ee33e3209a30f22ac68c7b4d1aa463c9148e9cf96217,phase2/runs/2026-07-24_e2_adoption_blended_family_s20260724_seed20260724,6f6137c0f7099e0157e2283d4c1116e36e40eed6e5e8e356c52f48068096ae96,,,,,,,,,,,,,,,,,,,,,,,,,,,,,,,,,,,,,,,,,,,,,,,,,
per_seed,adoption_blended_family,20260725,baseline,clean_frozen,20260719,True,16336.0,8162.0,45404.0,1.0,0.9823166774821545,0.741852487135506,0.8453162082926148,0.65,109.0,102.0,0.9357798165137615,2161.0,1.0000000000000002,0.6,0.45,2161.0,0.8513931888544892,1.0000000000000002,29b493a8fa1439730b47a76f07030b5f88f2e1edbb7a161b68eba8794e700c31,phase2/runs/2026-07-24_e2_adoption_blended_family_s20260725_seed20260725,8c6aeffb1fe003416ada87b5f097ee402c6c3b3eaf3d49b5c7999a5bf0a31177,,,,,,,,,,,,,,,,,,,,,,,,,,,,,,,,,,,,,,,,,,,,,,,,,
per_seed,adoption_blended_family,20260725,splink,clean_frozen,20260719,True,16336.0,8162.0,45404.0,1.0,0.7363492642587863,0.741852487135506,0.7390906316753126,0.9986013472769922,2168.0,2161.0,0.9967712177121771,2161.0,0.9999999999998234,0.9999995246025223,0.1267123382008275,2161.0,0.8815682885996652,0.3880054100290566,6ac608630b81f45812a3a13f24820c3c61b979bb50b4243d309c8c6a5668d275,phase2/runs/2026-07-24_e2_adoption_blended_family_s20260725_seed20260725,8c6aeffb1fe003416ada87b5f097ee402c6c3b3eaf3d49b5c7999a5bf0a31177,,,,,,,,,,,,,,,,,,,,,,,,,,,,,,,,,,,,,,,,,,,,,,,,,
per_seed,adoption_blended_family,20260725,learned,clean_frozen,20260719,True,16336.0,8162.0,45404.0,1.0,0.9996721848877234,0.7472433227150208,0.855219799481175,0.6500030591266042,2.0,0.0,0.0,2161.0,0.9999920993841217,2.4404312294764534e-05,8.042802525218615e-05,2161.0,0.9883282674772036,0.0062973693779081056,d0551072ff87c326dbbe9c6f7fb0f7de5aac8d09483b4cf6df5e741ea8b78941,phase2/runs/2026-07-24_e2_adoption_blended_family_s20260725_seed20260725,8c6aeffb1fe003416ada87b5f097ee402c6c3b3eaf3d49b5c7999a5bf0a31177,,,,,,,,,,,,,,,,,,,,,,,,,,,,,,,,,,,,,,,,,,,,,,,,,
per_seed,adoption_blended_family,20260726,baseline,clean_frozen,20260719,True,16321.0,8156.0,45298.0,1.0,0.9824703781853595,0.7421530161844041,0.8455682056296709,0.65,108.0,107.0,0.9907407407407407,2159.0,1.0000000000000002,0.6,0.3993548387096774,2159.0,0.8517527805152754,1.0000000000000002,25aa9987492e243ade3f1ff3e6a39aaa24c5d3c1fda5bcf51bd723c149204598,phase2/runs/2026-07-24_e2_adoption_blended_family_s20260726_seed20260726,1d32eb9ab5ef5df30e3f48662f9e56d3a7c51752b37650dd23e10c0c2d2d17a7,,,,,,,,,,,,,,,,,,,,,,,,,,,,,,,,,,,,,,,,,,,,,,,,,
per_seed,adoption_blended_family,20260726,splink,clean_frozen,20260719,True,16321.0,8156.0,45298.0,1.0,0.7370023134055765,0.7421530161844041,0.7395686969271182,0.9986013472769922,2160.0,2159.0,0.999537037037037,2159.0,0.9999999999998234,0.9999995246025223,0.001158135937865692,2159.0,0.8819680994863477,0.3880054100290566,c38c2939dc7850f48714767e0443f2cba315a7f8ad7972e6945885c8a1625d10,phase2/runs/2026-07-24_e2_adoption_blended_family_s20260726_seed20260726,1d32eb9ab5ef5df30e3f48662f9e56d3a7c51752b37650dd23e10c0c2d2d17a7,,,,,,,,,,,,,,,,,,,,,,,,,,,,,,,,,,,,,,,,,,,,,,,,,
per_seed,adoption_blended_family,20260726,learned,clean_frozen,20260719,True,16321.0,8156.0,45298.0,1.0,0.9990157480314961,0.7466895537027954,0.8546168958742634,0.6500030591266042,6.0,0.0,0.0,2159.0,0.9999920993841217,2.4404312294764534e-05,8.042802525218615e-05,2159.0,0.9886737303617099,0.0062973693779081056,92d84b84a2012e6cf54f5e396b2c986210c29655fee2b945e34d0c848bbe2f2a,phase2/runs/2026-07-24_e2_adoption_blended_family_s20260726_seed20260726,1d32eb9ab5ef5df30e3f48662f9e56d3a7c51752b37650dd23e10c0c2d2d17a7,,,,,,,,,,,,,,,,,,,,,,,,,,,,,,,,,,,,,,,,,,,,,,,,,
per_seed,adoption_blended_family,20260727,baseline,clean_frozen,20260719,True,16341.0,8164.0,44820.0,1.0,0.9855096059915337,0.7414257716805488,0.8462183699147211,0.65,89.0,88.0,0.9887640449438202,2170.0,1.0000000000000002,0.6,0.4,2170.0,0.8512733924299986,1.0000000000000002,caf1d8ea5536a91fe4856c5a1be28cdafc22a33c58b4f888195375d14bd7c40c,phase2/runs/2026-07-24_e2_adoption_blended_family_s20260727_seed20260727,b0efb1e9e50b9bd8da9239bd093c09998465ad47eb0a4786fc9ff950ceaf47e5,,,,,,,,,,,,,,,,,,,,,,,,,,,,,,,,,,,,,,,,,,,,,,,,,
per_seed,adoption_blended_family,20260727,splink,clean_frozen,20260719,True,16341.0,8164.0,44820.0,1.0,0.7360165369649806,0.7414257716805488,0.7387112521357091,0.9986013472769922,2171.0,2170.0,0.9995393827729157,2170.0,0.9999999999998234,0.9999995246025223,0.001189328282869064,2170.0,0.8807379038783105,0.3880054100290566,14620e63cabbac656c7f0ed0d78f232c0bfe8f372519ad19f873e083a817080f,phase2/runs/2026-07-24_e2_adoption_blended_family_s20260727_seed20260727,b0efb1e9e50b9bd8da9239bd093c09998465ad47eb0a4786fc9ff950ceaf47e5,,,,,,,,,,,,,,,,,,,,,,,,,,,,,,,,,,,,,,,,,,,,,,,,,
per_seed,adoption_blended_family,20260727,learned,clean_frozen,20260719,True,16341.0,8164.0,44820.0,1.0,0.9996718621821165,0.7463253307202352,0.8546181359141595,0.6500030591266042,2.0,2.0,1.0,2170.0,0.9999920993841217,2.4404312294764534e-05,8.042802525218615e-05,2170.0,0.985802693847834,0.0062973693779081056,3d3be34174569967de2977ceca4bfb13bc60a66ee7e3cac473f00553abda1bd0,phase2/runs/2026-07-24_e2_adoption_blended_family_s20260727_seed20260727,b0efb1e9e50b9bd8da9239bd093c09998465ad47eb0a4786fc9ff950ceaf47e5,,,,,,,,,,,,,,,,,,,,,,,,,,,,,,,,,,,,,,,,,,,,,,,,,
per_seed,adoption_blended_family,20260728,baseline,clean_frozen,20260719,True,16323.0,8156.0,45791.0,1.0,0.9851912123677787,0.7422756253065228,0.8466540801342564,0.65,91.0,91.0,1.0,2151.0,1.0000000000000002,0.6,0.37714285714285717,2151.0,0.8517527805152754,1.0000000000000002,e589da2e65b005687c3e398215d609ee5a85374e7b667e2506ffcb70eb518ec2,phase2/runs/2026-07-24_e2_adoption_blended_family_s20260728_seed20260728,2fde45989dcda3f616e30c3f7fdc8c05acbf1fff00bd6880b8be1ad0e01a90f6,,,,,,,,,,,,,,,,,,,,,,,,,,,,,,,,,,,,,,,,,,,,,,,,,
per_seed,adoption_blended_family,20260728,splink,clean_frozen,20260719,True,16323.0,8156.0,45791.0,1.0,0.7378427787934186,0.7422756253065228,0.7400525640242039,0.9986013472769922,2151.0,2151.0,1.0,2151.0,0.9999999999998234,0.9999995246025223,0.001158135937865692,2151.0,0.8822543133755205,0.3880054100290566,806ea4b651ef107004d2ee01a7cd36b0e5f8973af90bf3afc3d7e5f27b5f781a,phase2/runs/2026-07-24_e2_adoption_blended_family_s20260728_seed20260728,2fde45989dcda3f616e30c3f7fdc8c05acbf1fff00bd6880b8be1ad0e01a90f6,,,,,,,,,,,,,,,,,,,,,,,,,,,,,,,,,,,,,,,,,,,,,,,,,
per_seed,adoption_blended_family,20260728,learned,clean_frozen,20260719,True,16323.0,8156.0,45791.0,1.0,0.9993444772205834,0.7476704266797449,0.8553794361060457,0.6500030591266042,4.0,2.0,0.5,2151.0,0.9999920993841217,2.4404312294764534e-05,8.042802525218615e-05,2151.0,0.9880778588807787,0.006297369377908123,f17122620e436395686fdd27db7405f85c1a3e242aadc1ec853bf49bbcf2e1af,phase2/runs/2026-07-24_e2_adoption_blended_family_s20260728_seed20260728,2fde45989dcda3f616e30c3f7fdc8c05acbf1fff00bd6880b8be1ad0e01a90f6,,,,,,,,,,,,,,,,,,,,,,,,,,,,,,,,,,,,,,,,,,,,,,,,,
per_seed,adoption_blended_family,20260729,baseline,clean_frozen,20260719,True,16306.0,8149.0,44508.0,1.0,0.9831086568133831,0.7427905264449626,0.8462183699147211,0.65,104.0,102.0,0.9807692307692307,2160.0,1.0000000000000002,0.6,0.45,2160.0,0.8521726882174802,1.0000000000000002,139d8ebdfd8789a6fc036e55dd4635e825244a7f77c4931cd0e5f2d6a83774ba,phase2/runs/2026-07-24_e2_adoption_blended_family_s20260729_seed20260729,e90ef7fc81a6dd72806721c1e3b0c4222c462e4471210bf71072ab4394233626,,,,,,,,,,,,,,,,,,,,,,,,,,,,,,,,,,,,,,,,,,,,,,,,,
per_seed,adoption_blended_family,20260729,splink,clean_frozen,20260719,True,16306.0,8149.0,44508.0,1.0,0.7368228849665247,0.7427905264449626,0.7397946712295284,0.9986013472769922,2162.0,2160.0,0.9990749306197965,2160.0,0.9999999999998234,0.9999995246025223,0.1267123382008275,2160.0,0.8812587866335028,0.3880054100290566,6d83129513235e2811f4dc63eafbc7c6d01c6750c4367d15b68a8eeb86a73e3c,phase2/runs/2026-07-24_e2_adoption_blended_family_s20260729_seed20260729,e90ef7fc81a6dd72806721c1e3b0c4222c462e4471210bf71072ab4394233626,,,,,,,,,,,,,,,,,,,,,,,,,,,,,,,,,,,,,,,,,,,,,,,,,
per_seed,adoption_blended_family,20260729,learned,clean_frozen,20260719,True,16306.0,8149.0,44508.0,1.0,0.9998356344510191,0.7464719597496625,0.8547741164898476,0.6500030591266042,1.0,0.0,0.0,2160.0,0.9999920993841217,2.4404312294764534e-05,8.042802525218615e-05,2160.0,0.9894557201194611,0.006297369377908123,f77fd21c6f39d4c4ff773d3ac4a48e0eafe0546cccdb81b63d5938868d4ba8fe,phase2/runs/2026-07-24_e2_adoption_blended_family_s20260729_seed20260729,e90ef7fc81a6dd72806721c1e3b0c4222c462e4471210bf71072ab4394233626,,,,,,,,,,,,,,,,,,,,,,,,,,,,,,,,,,,,,,,,,,,,,,,,,
per_seed,clean_baseline_linkage,20260720,baseline,clean_frozen,20260719,True,19527.0,9516.0,66561.0,1.0,0.9987398928908957,0.9994745691467003,0.9991070959609223,0.65,12.0,8.0,0.6666666666666666,38.0,1.0000000000000002,0.5499999999999999,0.45,38.0,0.9991070959609223,0.65,e8e57d4dacfcb231cd236b97977374f2591981d9f68d997fc608571538ff6bd8,phase2/runs/2026-07-24_e2_clean_baseline_linkage_s20260720_seed20260720,5712ec6dab7579c3a926e83b3c4eb2770522b3f096f674be418a259894d0cbfe,,,,,,,,,,,,,,,,,,,,,,,,,,,,,,,,,,,,,,,,,,,,,,,,,
per_seed,clean_baseline_linkage,20260720,splink,clean_frozen,20260719,True,19527.0,9516.0,66561.0,1.0,0.9956034753480582,0.9994745691467003,0.9975352666631706,0.9986013472769922,42.0,38.0,0.9047619047619048,38.0,0.9999999999998234,0.9999995246025223,0.1267123382008275,38.0,0.9975352666631706,0.9986013472769922,6baff5248f48e7de34656886205b435641edb9d2bf33cce04e4910dedc9b94d0,phase2/runs/2026-07-24_e2_clean_baseline_linkage_s20260720_seed20260720,5712ec6dab7579c3a926e83b3c4eb2770522b3f096f674be418a259894d0cbfe,,,,,,,,,,,,,,,,,,,,,,,,,,,,,,,,,,,,,,,,,,,,,,,,,
per_seed,clean_baseline_linkage,20260720,learned,clean_frozen,20260719,True,19527.0,9516.0,66561.0,1.0,0.9995798319327731,1.0,0.9997898718218113,0.6500030591266042,4.0,0.0,0.0,38.0,0.9999920993841217,0.0007486733462239597,8.042802525218615e-05,38.0,0.9997898718218113,0.6500030591266042,d14264e65b1f0aa7f7d914802149b077ca4afb663fae2a073aa5e0e2e05845e1,phase2/runs/2026-07-24_e2_clean_baseline_linkage_s20260720_seed20260720,5712ec6dab7579c3a926e83b3c4eb2770522b3f096f674be418a259894d0cbfe,,,,,,,,,,,,,,,,,,,,,,,,,,,,,,,,,,,,,,,,,,,,,,,,,
per_seed,clean_baseline_linkage,20260721,baseline,clean_frozen,20260719,True,19526.0,9516.0,66619.0,1.0,0.9989496901585968,0.9994745691467003,0.9992120607238535,0.65,10.0,8.0,0.8,40.0,1.0000000000000002,0.6,0.45,40.0,0.9992121434949315,0.6166666666666668,0a1bf0b5282784c91b29f957663216a69bd15a32bc41dfb7f38202066f6f0389,phase2/runs/2026-07-24_e2_clean_baseline_linkage_s20260721_seed20260721,c12c7747c14e9b80fa6b449ad349e8b2fc9f96b8fae3a3d9a2802254d4a2e78f,,,,,,,,,,,,,,,,,,,,,,,,,,,,,,,,,,,,,,,,,,,,,,,,,
per_seed,clean_baseline_linkage,20260721,splink,clean_frozen,20260719,True,19526.0,9516.0,66619.0,1.0,0.9957077051926299,0.9994745691467003,0.9975875812880218,0.9986013472769922,41.0,40.0,0.975609756097561,40.0,0.9999999999998234,0.9999995246025223,0.1267123382008275,40.0,0.9975875812880218,0.9986013472769922,7ea9ac760bcb620eb045b3d16f4bf65c9f1eb3d6e19c0ed53e39bc270df42422,phase2/runs/2026-07-24_e2_clean_baseline_linkage_s20260721_seed20260721,c12c7747c14e9b80fa6b449ad349e8b2fc9f96b8fae3a3d9a2802254d4a2e78f,,,,,,,,,,,,,,,,,,,,,,,,,,,,,,,,,,,,,,,,,,,,,,,,,
per_seed,clean_baseline_linkage,20260721,learned,clean_frozen,20260719,True,19526.0,9516.0,66619.0,1.0,0.999894924871283,1.0,0.9999474596753007,0.6500030591266042,1.0,0.0,0.0,40.0,0.9999920993841217,2.4404312294764534e-05,8.042802525218615e-05,40.0,0.9999474596753007,0.6500030591266042,1649eb5c63d793c945e63b7a39d3060fa3e36d0f0a750691955afddd30124689,phase2/runs/2026-07-24_e2_clean_baseline_linkage_s20260721_seed20260721,c12c7747c14e9b80fa6b449ad349e8b2fc9f96b8fae3a3d9a2802254d4a2e78f,,,,,,,,,,,,,,,,,,,,,,,,,,,,,,,,,,,,,,,,,,,,,,,,,
per_seed,clean_baseline_linkage,20260722,baseline,clean_frozen,20260719,True,19545.0,9536.0,67018.0,1.0,0.9986380303823992,0.9995805369127517,0.9991090613699491,0.65,13.0,7.0,0.5384615384615384,44.0,1.0000000000000002,0.5791666666666666,0.45,44.0,0.9991090613699491,0.65,dc91dce4ceac179a08b5f68c2ca09f0d6ab7ae698cfe05f4c2ac5e98848e37c1,phase2/runs/2026-07-24_e2_clean_baseline_linkage_s20260722_seed20260722,8e6d6cc3020f58a331e767fac0f0a76898f0bdea8d524a1163602ec68a35cbd3,,,,,,,,,,,,,,,,,,,,,,,,,,,,,,,,,,,,,,,,,,,,,,,,,
per_seed,clean_baseline_linkage,20260722,splink,clean_frozen,20260719,True,19545.0,9536.0,67018.0,1.0,0.9947813380649202,0.9994756711409396,0.997122979547,0.9986013472769922,50.0,44.0,0.88,44.0,0.9999999999998234,0.9999995246025223,0.1267123382008275,44.0,0.997122979547,0.9986013472769922,46e51412cdf0fdcba7d9c827946ce8b5ff1b94851442fe782293099b0d2ba271,phase2/runs/2026-07-24_e2_clean_baseline_linkage_s20260722_seed20260722,8e6d6cc3020f58a331e767fac0f0a76898f0bdea8d524a1163602ec68a35cbd3,,,,,,,,,,,,,,,,,,,,,,,,,,,,,,,,,,,,,,,,,,,,,,,,,
per_seed,clean_baseline_linkage,20260722,learned,clean_frozen,20260719,True,19545.0,9536.0,67018.0,1.0,0.9993710691823899,0.9997902684563759,0.9995806248689453,0.6500030591266042,6.0,3.0,0.5,44.0,0.9999920993841217,2.4404312294764534e-05,8.042802525218615e-05,44.0,0.9998426765955215,0.8136698834838333,912842490d449c459589d0467aa5e8f37ee18a4b45dfe95aae78a7c3859ed588,phase2/runs/2026-07-24_e2_clean_baseline_linkage_s20260722_seed20260722,8e6d6cc3020f58a331e767fac0f0a76898f0bdea8d524a1163602ec68a35cbd3,,,,,,,,,,,,,,,,,,,,,,,,,,,,,,,,,,,,,,,,,,,,,,,,,
per_seed,clean_baseline_linkage,20260723,baseline,clean_frozen,20260719,True,19530.0,9519.0,65461.0,1.0,0.9988447805082966,0.9991595755856708,0.9990021532482538,0.65,11.0,8.0,0.7272727272727273,29.0,1.0000000000000002,0.5499999999999999,0.30714285714285716,29.0,0.9990021532482538,0.65,b76ffb2ad30fc4335ad104d3bcd590589231be8d6b8cddd5556a3f396ba1ce0f,phase2/runs/2026-07-24_e2_clean_baseline_linkage_s20260723_seed20260723,f5ae5f717fdc6da6e1a1c83acf5f0f0625c4be634025fbf8edf0192d7b225eaf,,,,,,,,,,,,,,,,,,,,,,,,,,,,,,,,,,,,,,,,,,,,,,,,,
per_seed,clean_baseline_linkage,20260723,splink,clean_frozen,20260719,True,19530.0,9519.0,65461.0,1.0,0.9968553459119497,0.9990545225338796,0.9979537226507162,0.9986013472769922,30.0,29.0,0.9666666666666667,29.0,0.9999999999998234,0.9999995246025223,0.001158135937865692,29.0,0.9979537226507162,0.9986013472769922,e4f89029c42157918aa80a864ea0a9d3bb271b0186b59c3b774299be36fc174d,phase2/runs/2026-07-24_e2_clean_baseline_linkage_s20260723_seed20260723,f5ae5f717fdc6da6e1a1c83acf5f0f0625c4be634025fbf8edf0192d7b225eaf,,,,,,,,,,,,,,,,,,,,,,,,,,,,,,,,,,,,,,,,,,,,,,,,,
per_seed,clean_baseline_linkage,20260723,learned,clean_frozen,20260719,True,19530.0,9519.0,65461.0,1.0,0.9996848739495798,0.9997898938964177,0.9997373811649771,0.6500030591266042,3.0,0.0,0.0,29.0,0.9999920993841217,0.0019191251568645964,3.295177263645328e-06,29.0,0.9998424121447707,0.9228379103134963,145f6c88d9ee8bd3029dabc4719186f9204c14e9e9333e2b2fd61e143b185b3a,phase2/runs/2026-07-24_e2_clean_baseline_linkage_s20260723_seed20260723,f5ae5f717fdc6da6e1a1c83acf5f0f0625c4be634025fbf8edf0192d7b225eaf,,,,,,,,,,,,,,,,,,,,,,,,,,,,,,,,,,,,,,,,,,,,,,,,,
per_seed,clean_baseline_linkage,20260724,baseline,clean_frozen,20260719,True,19517.0,9511.0,66365.0,1.0,0.9996845425867508,0.9995794343391862,0.9996319857000157,0.65,3.0,3.0,1.0,43.0,1.0000000000000002,0.5499999999999999,0.45,43.0,0.9996319857000157,0.65,bff58e26a6bd7706a8569920f2b268573f413cae4d0f5ac718b627ffb0884975,phase2/runs/2026-07-24_e2_clean_baseline_linkage_s20260724_seed20260724,db59f88104f9f40bfe20cd046933e67b5e18d9b192e18da609f60a4f7aae8fbf,,,,,,,,,,,,,,,,,,,,,,,,,,,,,,,,,,,,,,,,,,,,,,,,,
per_seed,clean_baseline_linkage,20260724,splink,clean_frozen,20260719,True,19517.0,9511.0,66365.0,1.0,0.9954969106712744,0.9994742929239827,0.9974816369359916,0.9986013472769922,43.0,43.0,1.0,43.0,0.9999999999998234,0.9999995246025223,0.1267123382008275,43.0,0.9974816369359916,0.9986013472769922,5ca91f7276b20d3bf6dcf216d5b1256e6bddb5995e50252347dca37ec20fc3ee,phase2/runs/2026-07-24_e2_clean_baseline_linkage_s20260724_seed20260724,db59f88104f9f40bfe20cd046933e67b5e18d9b192e18da609f60a4f7aae8fbf,,,,,,,,,,,,,,,,,,,,,,,,,,,,,,,,,,,,,,,,,,,,,,,,,
per_seed,clean_baseline_linkage,20260724,learned,clean_frozen,20260719,True,19517.0,9511.0,66365.0,1.0,1.0,1.0,1.0,0.6500030591266042,0.0,0.0,0.0,43.0,0.9999920993841217,0.0005663827283412517,8.042802525218615e-05,43.0,1.0,0.8136698834838333,faf0042541c12963a0b61d94dc78743f069ca06f68580f3c169d3bd533207c4f,phase2/runs/2026-07-24_e2_clean_baseline_linkage_s20260724_seed20260724,db59f88104f9f40bfe20cd046933e67b5e18d9b192e18da609f60a4f7aae8fbf,,,,,,,,,,,,,,,,,,,,,,,,,,,,,,,,,,,,,,,,,,,,,,,,,
per_seed,clean_baseline_linkage,20260725,baseline,clean_frozen,20260719,True,19524.0,9520.0,65482.0,1.0,0.9986354571218642,0.9993697478991597,0.9990024675801964,0.65,13.0,8.0,0.6153846153846154,36.0,1.0000000000000002,0.5499999999999999,0.32,36.0,0.9990550188996221,0.628125,03b7aebb21148aaa904f6be9920ce70310ee70ef4291ce5cc2c3bf2650208578,phase2/runs/2026-07-24_e2_clean_baseline_linkage_s20260725_seed20260725,920d2f79cd86434ab0c5e5456c6d3d7887905fe77fc9627c55e7a8d910138ddb,,,,,,,,,,,,,,,,,,,,,,,,,,,,,,,,,,,,,,,,,,,,,,,,,
per_seed,clean_baseline_linkage,20260725,splink,clean_frozen,20260719,True,19524.0,9520.0,65482.0,1.0,0.99570905285191,0.9993697478991597,0.9975360419397117,0.9986013472769922,41.0,36.0,0.8780487804878049,36.0,0.9999999999998234,0.9999998912001203,0.001158135937865692,36.0,0.9975896038566339,0.5827268764206824,222de88be84b8c82006c4dbe08627a76b65efdfca8ad1ba6bc5d393701c9a1f1,phase2/runs/2026-07-24_e2_clean_baseline_linkage_s20260725_seed20260725,920d2f79cd86434ab0c5e5456c6d3d7887905fe77fc9627c55e7a8d910138ddb,,,,,,,,,,,,,,,,,,,,,,,,,,,,,,,,,,,,,,,,,,,,,,,,,
per_seed,clean_baseline_linkage,20260725,learned,clean_frozen,20260719,True,19524.0,9520.0,65482.0,1.0,0.9993700787401575,0.9998949579831933,0.999632449461801,0.6500030591266042,6.0,4.0,0.6666666666666666,36.0,0.9999920993841217,0.0019191251568645964,1.3971022018039654e-05,36.0,0.9997373811649771,0.9215396718679068,bdbf82774eb8f5bcfee388c01895aa09770606aad51538631fb33b60bd5282e5,phase2/runs/2026-07-24_e2_clean_baseline_linkage_s20260725_seed20260725,920d2f79cd86434ab0c5e5456c6d3d7887905fe77fc9627c55e7a8d910138ddb,,,,,,,,,,,,,,,,,,,,,,,,,,,,,,,,,,,,,,,,,,,,,,,,,
per_seed,clean_baseline_linkage,20260726,baseline,clean_frozen,20260719,True,19518.0,9511.0,65829.0,1.0,0.9987389659520807,0.9992640100935759,0.9990014190361066,0.65,12.0,9.0,0.75,46.0,1.0000000000000002,0.6,0.45,46.0,0.9990014190361066,0.65,c75a969b9137fdefffce89706227ad58dbc2212314104f61c3fbf764d4f04b56,phase2/runs/2026-07-24_e2_clean_baseline_linkage_s20260726_seed20260726,3d440299cbbc4fa01b678d5b0d0e4e188507df88952e348b68e728ec40ee6385,,,,,,,,,,,,,,,,,,,,,,,,,,,,,,,,,,,,,,,,,,,,,,,,,
per_seed,clean_baseline_linkage,20260726,splink,clean_frozen,20260719,True,19518.0,9511.0,65829.0,1.0,0.9948707212394012,0.9992640100935759,0.9970625262274444,0.9986013472769922,49.0,46.0,0.9387755102040817,46.0,0.9999999999998234,0.9999995246025223,0.1267123382008275,46.0,0.9970625262274444,0.9986013472769922,d3308bbb5a18e5a432a25ad529d295f89bf1d175da1821c37638c7f818cd0975,phase2/runs/2026-07-24_e2_clean_baseline_linkage_s20260726_seed20260726,3d440299cbbc4fa01b678d5b0d0e4e188507df88952e348b68e728ec40ee6385,,,,,,,,,,,,,,,,,,,,,,,,,,,,,,,,,,,,,,,,,,,,,,,,,
per_seed,clean_baseline_linkage,20260726,learned,clean_frozen,20260719,True,19518.0,9511.0,65829.0,1.0,0.9991594872872452,0.9998948585847965,0.9995270376793316,0.6500030591266042,8.0,2.0,0.25,46.0,0.9999920993841217,0.0019191251568645964,8.042802525218615e-05,46.0,0.9998422630001577,0.9465292407925191,5a39e50f10d20cdbf71a68d6b19ecea015067fbbb5380b1ef7a70c17134dfaee,phase2/runs/2026-07-24_e2_clean_baseline_linkage_s20260726_seed20260726,3d440299cbbc4fa01b678d5b0d0e4e188507df88952e348b68e728ec40ee6385,,,,,,,,,,,,,,,,,,,,,,,,,,,,,,,,,,,,,,,,,,,,,,,,,
per_seed,clean_baseline_linkage,20260727,baseline,clean_frozen,20260719,True,19526.0,9520.0,64496.0,1.0,0.999265014699706,0.9996848739495798,0.9994749002310438,0.65,7.0,4.0,0.5714285714285714,44.0,1.0000000000000002,0.595,0.45,44.0,0.9994749002310438,0.65,d4a83410cf00d2ade5a38af38f31b5dda9e1a2e84d141a6d40be4824a6791f38,phase2/runs/2026-07-24_e2_clean_baseline_linkage_s20260727_seed20260727,76b2bd62bc6b812d2ed5c2e2d730af62f690f5cf3713286c48bdc74b76f6da50,,,,,,,,,,,,,,,,,,,,,,,,,,,,,,,,,,,,,,,,,,,,,,,,,
per_seed,clean_baseline_linkage,20260727,splink,clean_frozen,20260719,True,19526.0,9520.0,64496.0,1.0,0.9950857381848599,0.9996848739495798,0.9973800041919934,0.9986013472769922,47.0,44.0,0.9361702127659575,44.0,0.9999999999998234,0.9999995246025223,0.1267123382008275,44.0,0.9973800041919934,0.9986013472769922,fc864aa6d08b31f6679da1cb7cf0fb8c4d6f429b79bc7466af25317500098b9e,phase2/runs/2026-07-24_e2_clean_baseline_linkage_s20260727_seed20260727,76b2bd62bc6b812d2ed5c2e2d730af62f690f5cf3713286c48bdc74b76f6da50,,,,,,,,,,,,,,,,,,,,,,,,,,,,,,,,,,,,,,,,,,,,,,,,,
per_seed,clean_baseline_linkage,20260727,learned,clean_frozen,20260719,True,19526.0,9520.0,64496.0,1.0,0.999684973222724,1.0,0.9998424617969858,0.6500030591266042,3.0,3.0,1.0,44.0,0.9999920993841217,2.4404312294764534e-05,8.042802525218615e-05,44.0,0.9998949690158597,0.9215396718679068,47d12fbc90858d4214ee16baddbb1226f467a878635c439a705a423a3947eebe,phase2/runs/2026-07-24_e2_clean_baseline_linkage_s20260727_seed20260727,76b2bd62bc6b812d2ed5c2e2d730af62f690f5cf3713286c48bdc74b76f6da50,,,,,,,,,,,,,,,,,,,,,,,,,,,,,,,,,,,,,,,,,,,,,,,,,
per_seed,clean_baseline_linkage,20260728,baseline,clean_frozen,20260719,True,19518.0,9506.0,66035.0,1.0,0.9987383030175586,0.9992636229749632,0.9990008939370038,0.65,12.0,9.0,0.75,41.0,1.0000000000000002,0.5954545454545455,0.45,41.0,0.9990008939370038,0.65,783f6c85b9562a3ff5c00b070dbb26743dd7387b8677eebab0035c6f198d5e10,phase2/runs/2026-07-24_e2_clean_baseline_linkage_s20260728_seed20260728,79260fcccf07db22c56b2870b006420d8645cbc4d95e388bb6abee07765fede7,,,,,,,,,,,,,,,,,,,,,,,,,,,,,,,,,,,,,,,,,,,,,,,,,
per_seed,clean_baseline_linkage,20260728,splink,clean_frozen,20260719,True,19518.0,9506.0,66035.0,1.0,0.9953892905794823,0.9992636229749632,0.9973226941046774,0.9986013472769922,44.0,41.0,0.9318181818181818,41.0,0.9999999999998234,0.9999995246025223,0.1267123382008275,41.0,0.9973226941046774,0.9986013472769922,ad127619c45d54073702e4ad6254fd38b1d870157e17ce0abfad3c857f647cd0,phase2/runs/2026-07-24_e2_clean_baseline_linkage_s20260728_seed20260728,79260fcccf07db22c56b2870b006420d8645cbc4d95e388bb6abee07765fede7,,,,,,,,,,,,,,,,,,,,,,,,,,,,,,,,,,,,,,,,,,,,,,,,,
per_seed,clean_baseline_linkage,20260728,learned,clean_frozen,20260719,True,19518.0,9506.0,66035.0,1.0,0.9997896065642752,0.9997896065642752,0.9997896065642752,0.6500030591266042,2.0,0.0,0.0,41.0,0.9999920993841217,0.0008170874293729431,8.042802525218615e-05,41.0,0.9997896065642752,0.6500030591266042,9f99d16221e722b6cf241d5d7234635995f7533d1e170a98720ecdadeb0b3791,phase2/runs/2026-07-24_e2_clean_baseline_linkage_s20260728_seed20260728,79260fcccf07db22c56b2870b006420d8645cbc4d95e388bb6abee07765fede7,,,,,,,,,,,,,,,,,,,,,,,,,,,,,,,,,,,,,,,,,,,,,,,,,
per_seed,clean_baseline_linkage,20260729,baseline,clean_frozen,20260719,True,19511.0,9508.0,64286.0,1.0,0.9987388334209143,0.9994741270509045,0.9991063449508489,0.65,12.0,8.0,0.6666666666666666,40.0,1.0000000000000002,0.5499999999999999,0.45,40.0,0.9991063449508489,0.65,a0587e07be44dd5fdbe8b85343630bed4fef1ddf0dd9809daed0f47ae85763be,phase2/runs/2026-07-24_e2_clean_baseline_linkage_s20260729_seed20260729,fb4336098ded027f948580669836e41ec8dcdcee70254ce1d8cf4b4f3334b1c0,,,,,,,,,,,,,,,,,,,,,,,,,,,,,,,,,,,,,,,,,,,,,,,,,
per_seed,clean_baseline_linkage,20260729,splink,clean_frozen,20260719,True,19511.0,9508.0,64286.0,1.0,0.9953912223735205,0.9994741270509045,0.9974284964576228,0.9986013472769922,44.0,40.0,0.9090909090909091,40.0,0.9999999999998234,0.9999995246025223,0.1267123382008275,40.0,0.9974284964576228,0.9986013472769922,7e56598fc8d6e4a61e4d528cd2ab7ddb687acc294d7665bbd4f858e87a916716,phase2/runs/2026-07-24_e2_clean_baseline_linkage_s20260729_seed20260729,fb4336098ded027f948580669836e41ec8dcdcee70254ce1d8cf4b4f3334b1c0,,,,,,,,,,,,,,,,,,,,,,,,,,,,,,,,,,,,,,,,,,,,,,,,,
per_seed,clean_baseline_linkage,20260729,learned,clean_frozen,20260719,True,19511.0,9508.0,64286.0,1.0,0.9996845757543896,1.0,0.9998422630001577,0.6500030591266042,3.0,0.0,0.0,40.0,0.9999920993841217,4.350818414741868e-05,8.042802525218615e-05,40.0,0.9999474099395215,0.9611300752440034,459ca84be5da0ff80528c0fe83680e40c0fbdff92b84b4c40c8bb81dc0899076,phase2/runs/2026-07-24_e2_clean_baseline_linkage_s20260729_seed20260729,fb4336098ded027f948580669836e41ec8dcdcee70254ce1d8cf4b4f3334b1c0,,,,,,,,,,,,,,,,,,,,,,,,,,,,,,,,,,,,,,,,,,,,,,,,,
per_seed,couple_merge,20260720,baseline,clean_frozen,20260719,True,16510.0,10460.0,46243.0,0.9979923518164436,0.9977631415434324,0.7675908221797323,0.8676716917922949,0.65,18.0,12.0,0.6666666666666666,250.0,0.65,0.6,0.36576923076923074,250.0,0.871241408934708,0.6000000000000001,f5548a53505139ea151624f22cf830a9ff587ec7a276402cd436bfc785d56472,phase2/runs/2026-07-24_e2_couple_merge_s20260720_seed20260720,e2a63b753953c23f620ffe6972ba7f21b77774c0951c6d745a5738b6228ef921,,,,,,,,,,,,,,,,,,,,,,,,,,,,,,,,,,,,,,,,,,,,,,,,,
per_seed,couple_merge,20260720,splink,clean_frozen,20260719,True,16510.0,10460.0,46243.0,0.9979923518164436,0.9689763399323998,0.7673996175908222,0.8564874093043108,0.9986013472769922,257.0,250.0,0.9727626459143969,250.0,0.9986013472769922,0.9999995246025223,0.001158135937865692,250.0,0.9786243587307619,0.3880054100290566,38ccc9e5644d6f3c40c3584f298350c06d65c5cacfe2182e752c5a417482a348,phase2/runs/2026-07-24_e2_couple_merge_s20260720_seed20260720,e2a63b753953c23f620ffe6972ba7f21b77774c0951c6d745a5738b6228ef921,,,,,,,,,,,,,,,,,,,,,,,,,,,,,,,,,,,,,,,,,,,,,,,,,
per_seed,couple_merge,20260720,learned,clean_frozen,20260719,True,16510.0,10460.0,46243.0,0.9979923518164436,0.9991588560442202,0.7949330783938815,0.8854222127568949,0.6500030591266042,7.0,0.0,0.0,250.0,0.9945853685418045,2.4404312294764534e-05,5.458379676109581e-05,250.0,0.9877215613205294,0.0062973693779081056,c2e58d27ef8ca8dd43ab4fde1595aa635f014800b0c3549090fae660928f9b55,phase2/runs/2026-07-24_e2_couple_merge_s20260720_seed20260720,e2a63b753953c23f620ffe6972ba7f21b77774c0951c6d745a5738b6228ef921,,,,,,,,,,,,,,,,,,,,,,,,,,,,,,,,,,,,,,,,,,,,,,,,,
per_seed,couple_merge,20260721,baseline,clean_frozen,20260719,True,16510.0,10460.0,45861.0,0.9980879541108987,0.9975442043222004,0.7766730401529637,0.8733605676198667,0.65,20.0,16.0,0.8,285.0,0.65,0.6,0.32,285.0,0.8766962282295117,0.6000000000000001,f0d54ab2340be6339a5e3328c26f8b9fff1a8e1d5c99763328a69ca40a6ccf67,phase2/runs/2026-07-24_e2_couple_merge_s20260721_seed20260721,afc5781c6414cc247b3dcddb03eefec587fd499dab5ee15cff7b723ed0cd0f74,,,,,,,,,,,,,,,,,,,,,,,,,,,,,,,,,,,,,,,,,,,,,,,,,
per_seed,couple_merge,20260721,splink,clean_frozen,20260719,True,16510.0,10460.0,45861.0,0.9980879541108987,0.9655377302436126,0.7767686424474187,0.8609271523178808,0.9986013472769922,290.0,285.0,0.9827586206896551,285.0,0.9986013472769922,0.9999995246025223,0.0007921810299611543,285.0,0.9775163646712836,0.3880054100290566,120db3ee4b6623fc6a28a2ea6263c2cc620c46fca16012dd27907b6188ef40b1,phase2/runs/2026-07-24_e2_couple_merge_s20260721_seed20260721,afc5781c6414cc247b3dcddb03eefec587fd499dab5ee15cff7b723ed0cd0f74,,,,,,,,,,,,,,,,,,,,,,,,,,,,,,,,,,,,,,,,,,,,,,,,,
per_seed,couple_merge,20260721,learned,clean_frozen,20260719,True,16510.0,10460.0,45861.0,0.9980879541108987,0.9998808246931236,0.8021032504780115,0.8901384541934114,0.6500030591266042,1.0,1.0,1.0,285.0,0.9945853685418045,2.4404312294764534e-05,3.157714162944635e-06,285.0,0.9841844512195123,0.006297369377908123,dfe9301e6d8e4a1bc3a582281292997ac321f9feee1d2ade2cbaaac5690f9569,phase2/runs/2026-07-24_e2_couple_merge_s20260721_seed20260721,afc5781c6414cc247b3dcddb03eefec587fd499dab5ee15cff7b723ed0cd0f74,,,,,,,,,,,,,,,,,,,,,,,,,,,,,,,,,,,,,,,,,,,,,,,,,
per_seed,couple_merge,20260722,baseline,clean_frozen,20260719,True,16510.0,10460.0,45601.0,0.9979923518164436,0.9982692545432068,0.7719885277246654,0.870666882311715,0.65,14.0,13.0,0.9285714285714286,249.0,0.65,0.6,0.37,249.0,0.8737801608579089,0.6000000000000001,e52fb50343d55f3c8c6fe996b1443909741cb320bec0d5c3f8ee5ae22f44d878,phase2/runs/2026-07-24_e2_couple_merge_s20260722_seed20260722,bb39f052d3237fb02902e98982fba23eed704cc4a4ead82c41fce8e51bb37148,,,,,,,,,,,,,,,,,,,,,,,,,,,,,,,,,,,,,,,,,,,,,,,,,
per_seed,couple_merge,20260722,splink,clean_frozen,20260719,True,16510.0,10460.0,45601.0,0.9979923518164436,0.9699771826588207,0.7721797323135755,0.8598498962048226,0.9986013472769922,250.0,249.0,0.996,249.0,0.9986013472769922,0.9999995246025223,0.001158135937865692,249.0,0.9800645528764002,0.3880054100290566,b26ed181484f59bd66334aa4f1f5c9df3c898982d23f5690fb0b9d78a677fe47,phase2/runs/2026-07-24_e2_couple_merge_s20260722_seed20260722,bb39f052d3237fb02902e98982fba23eed704cc4a4ead82c41fce8e51bb37148,,,,,,,,,,,,,,,,,,,,,,,,,,,,,,,,,,,,,,,,,,,,,,,,,
per_seed,couple_merge,20260722,learned,clean_frozen,20260719,True,16510.0,10460.0,45601.0,0.9979923518164436,0.9996401583303347,0.7967495219885278,0.8867372453051018,0.6500030591266042,3.0,0.0,0.0,249.0,0.9945853685418045,2.4404312294764534e-05,1.93727009756145e-05,249.0,0.9842283318244628,0.0062973693779081056,05ab4ac2a35616aea1eeef3d73141db0a3d15c94c4805ae400ee1bb7c00555d0,phase2/runs/2026-07-24_e2_couple_merge_s20260722_seed20260722,bb39f052d3237fb02902e98982fba23eed704cc4a4ead82c41fce8e51bb37148,,,,,,,,,,,,,,,,,,,,,,,,,,,,,,,,,,,,,,,,,,,,,,,,,
per_seed,couple_merge,20260723,baseline,clean_frozen,20260719,True,16510.0,10460.0,45660.0,0.9978011472275334,0.9976652740231015,0.7761950286806883,0.8731046349069792,0.65,19.0,12.0,0.631578947368421,221.0,0.65,0.6,0.33153846153846156,221.0,0.876255610173114,0.6000000000000001,e2a6c9b930905509c21b620978128ccfdbce5406aabfbd9a92556839efdc516c,phase2/runs/2026-07-24_e2_couple_merge_s20260723_seed20260723,7f34d692e0e23ae718be1283a4302b1c8cf120c82f638d4b60ce75be541076da,,,,,,,,,,,,,,,,,,,,,,,,,,,,,,,,,,,,,,,,,,,,,,,,,
per_seed,couple_merge,20260723,splink,clean_frozen,20260719,True,16510.0,10460.0,45660.0,0.9978011472275334,0.9726782504493708,0.7760038240917781,0.8632810422759905,0.9986013472769922,228.0,221.0,0.9692982456140351,221.0,0.9986013472769922,0.9999995246025223,0.001158135937865692,221.0,0.9808268709263047,0.3880054100290566,5cb8958a3fa0a63f6ad0bd50148eefc5cebaa9638992793b040447ae6e28a597,phase2/runs/2026-07-24_e2_couple_merge_s20260723_seed20260723,7f34d692e0e23ae718be1283a4302b1c8cf120c82f638d4b60ce75be541076da,,,,,,,,,,,,,,,,,,,,,,,,,,,,,,,,,,,,,,,,,,,,,,,,,
per_seed,couple_merge,20260723,learned,clean_frozen,20260719,True,16510.0,10460.0,45660.0,0.9978011472275334,1.0,0.802868068833652,0.8906564853112737,0.6500030591266042,0.0,0.0,0.0,221.0,0.9945853685418045,2.4404312294764534e-05,5.282288169981458e-06,221.0,0.9848737891873837,0.006297369377908123,046bde4949b52b2ec326b0bb9b8552ac5f616cb0002603a4157aacbfc050fe16,phase2/runs/2026-07-24_e2_couple_merge_s20260723_seed20260723,7f34d692e0e23ae718be1283a4302b1c8cf120c82f638d4b60ce75be541076da,,,,,,,,,,,,,,,,,,,,,,,,,,,,,,,,,,,,,,,,,,,,,,,,,
per_seed,couple_merge,20260724,baseline,clean_frozen,20260719,True,16510.0,10460.0,45877.0,0.9982791586998088,0.9981322375793799,0.7663479923518165,0.8670163863501162,0.65,15.0,15.0,1.0,268.0,0.65,0.6,0.3255555555555556,268.0,0.8702560523914327,0.6000000000000001,a81c290c546475f040238a9a6e784e71dc96d3d329f89cd52c8ec92a752f58be,phase2/runs/2026-07-24_e2_couple_merge_s20260724_seed20260724,091a2782f4ec0737e6d2d56e36a8c2abed5299dac222f96219ccd45668fb7ba4,,,,,,,,,,,,,,,,,,,,,,,,,,,,,,,,,,,,,,,,,,,,,,,,,
per_seed,couple_merge,20260724,splink,clean_frozen,20260719,True,16510.0,10460.0,45877.0,0.9982791586998088,0.967523844017868,0.7661567877629063,0.8551459211438937,0.9986013472769922,269.0,268.0,0.9962825278810409,268.0,0.9986013472769922,0.9999995246025223,0.001158135937865692,268.0,0.9778599535390887,0.3880054100290566,268f99df61152363a4f45ca26ac79dd3e1853efb51c74fc5a47b26acdd1295af,phase2/runs/2026-07-24_e2_couple_merge_s20260724_seed20260724,091a2782f4ec0737e6d2d56e36a8c2abed5299dac222f96219ccd45668fb7ba4,,,,,,,,,,,,,,,,,,,,,,,,,,,,,,,,,,,,,,,,,,,,,,,,,
per_seed,couple_merge,20260724,learned,clean_frozen,20260719,True,16510.0,10460.0,45877.0,0.9982791586998088,1.0,0.7951242829827916,0.885871012408798,0.6500030591266042,0.0,0.0,0.0,268.0,0.9945853685418045,2.4404312294764534e-05,1.4091654302386378e-05,268.0,0.9858551221603086,0.0062973693779081056,ad117a5a7a576be072a55f2df16790c1b518195a07ef4d50a0c11db2e0f27ecf,phase2/runs/2026-07-24_e2_couple_merge_s20260724_seed20260724,091a2782f4ec0737e6d2d56e36a8c2abed5299dac222f96219ccd45668fb7ba4,,,,,,,,,,,,,,,,,,,,,,,,,,,,,,,,,,,,,,,,,,,,,,,,,
per_seed,couple_merge,20260725,baseline,clean_frozen,20260719,True,16510.0,10460.0,44767.0,0.9978967495219885,0.997398414271556,0.7696940726577438,0.868875458666091,0.65,21.0,16.0,0.7619047619047619,231.0,0.65,0.6,0.3388888888888889,231.0,0.8713465973078779,0.6000000000000001,231c674bee8352592f5e82fcae356fd54de0224b755c387c973510e1d60c4ae5,phase2/runs/2026-07-24_e2_couple_merge_s20260725_seed20260725,0b4a4baf8dc5796f303a9bded2fd95c0f724c6e78f6caa292dd1cab2babca212,,,,,,,,,,,,,,,,,,,,,,,,,,,,,,,,,,,,,,,,,,,,,,,,,
per_seed,couple_merge,20260725,splink,clean_frozen,20260719,True,16510.0,10460.0,44767.0,0.9978967495219885,0.971400989501629,0.7695984703632888,0.8588040753187178,0.9986013472769922,237.0,231.0,0.9746835443037974,231.0,0.9986013472769922,0.9999995246025223,0.001158135937865692,231.0,0.9800361251069495,0.3880054100290566,fadb8fd4afb545efc7bf60ec6f748f0f4a9d1a90940ccae63fa07f3150931de2,phase2/runs/2026-07-24_e2_couple_merge_s20260725_seed20260725,0b4a4baf8dc5796f303a9bded2fd95c0f724c6e78f6caa292dd1cab2babca212,,,,,,,,,,,,,,,,,,,,,,,,,,,,,,,,,,,,,,,,,,,,,,,,,
per_seed,couple_merge,20260725,learned,clean_frozen,20260719,True,16510.0,10460.0,44767.0,0.9978967495219885,0.9997595575859581,0.7950286806883365,0.8857173287890084,0.6500030591266042,2.0,0.0,0.0,231.0,0.9945853685418045,2.4404312294764534e-05,2.3629755147847553e-05,231.0,0.9839209885967842,0.006297369377908123,a65e034e2e458244f941e6616510ff92adf6a8afe53e34c17116d9753f439373,phase2/runs/2026-07-24_e2_couple_merge_s20260725_seed20260725,0b4a4baf8dc5796f303a9bded2fd95c0f724c6e78f6caa292dd1cab2babca212,,,,,,,,,,,,,,,,,,,,,,,,,,,,,,,,,,,,,,,,,,,,,,,,,
per_seed,couple_merge,20260726,baseline,clean_frozen,20260719,True,16510.0,10460.0,44819.0,0.9978011472275334,0.9976560572415495,0.7731357552581262,0.8711623397608532,0.65,19.0,19.0,1.0,280.0,0.65,0.6,0.32,280.0,0.8745121103566272,0.6000000000000001,d50694d4553df62c9635db83b7b866b54c912adeeafadd04e6f18aee285bf3c2,phase2/runs/2026-07-24_e2_couple_merge_s20260726_seed20260726,86a773c7ab118131a75485919f753ebe92230cfec9eb930c3f41565a06dfb992,,,,,,,,,,,,,,,,,,,,,,,,,,,,,,,,,,,,,,,,,,,,,,,,,
per_seed,couple_merge,20260726,splink,clean_frozen,20260719,True,16510.0,10460.0,44819.0,0.9978011472275334,0.9665391969407265,0.7732313575525812,0.8591459528362013,0.9986013472769922,280.0,280.0,1.0,280.0,0.9986013472769922,0.9999995246025223,0.001158135937865692,280.0,0.9785700739616917,0.3880054100290566,d30f051a6a2c9d5da756b70aac48a6e852e52ba986378ced8b709780c3633064,phase2/runs/2026-07-24_e2_couple_merge_s20260726_seed20260726,86a773c7ab118131a75485919f753ebe92230cfec9eb930c3f41565a06dfb992,,,,,,,,,,,,,,,,,,,,,,,,,,,,,,,,,,,,,,,,,,,,,,,,,
per_seed,couple_merge,20260726,learned,clean_frozen,20260719,True,16510.0,10460.0,44819.0,0.9978011472275334,0.9989206044615015,0.7962715105162524,0.8861581019257367,0.6500030591266042,9.0,0.0,0.0,280.0,0.9945853685418045,2.4404312294764534e-05,1.6117183854778622e-05,280.0,0.9864826273203238,0.0062973693779081056,20608ab7996c9612c5d343c4a36b54fec1e5b01d0cd8559be328fc7410f79474,phase2/runs/2026-07-24_e2_couple_merge_s20260726_seed20260726,86a773c7ab118131a75485919f753ebe92230cfec9eb930c3f41565a06dfb992,,,,,,,,,,,,,,,,,,,,,,,,,,,,,,,,,,,,,,,,,,,,,,,,,
per_seed,couple_merge,20260727,baseline,clean_frozen,20260719,True,16510.0,10460.0,44211.0,0.9978967495219885,0.9954949470351881,0.7816443594646272,0.8757028865206448,0.65,37.0,37.0,1.0,278.0,0.65,0.6,0.375,278.0,0.8775031955688113,0.6000000000000001,265a95e42d737a571f3d82154b62446d1d2d25448b7a3f511f24249f463f888c,phase2/runs/2026-07-24_e2_couple_merge_s20260727_seed20260727,a51a34dcafdee993d9995d3047587b4fc93eee870c43c218cf57f0f8b3c3836d,,,,,,,,,,,,,,,,,,,,,,,,,,,,,,,,,,,,,,,,,,,,,,,,,
per_seed,couple_merge,20260727,splink,clean_frozen,20260719,True,16510.0,10460.0,44211.0,0.9978967495219885,0.9671239356669821,0.7818355640535373,0.8646648340029605,0.9986013472769922,278.0,278.0,1.0,278.0,0.9986013472769922,0.9999995246025223,0.001158135937865692,278.0,0.9786063279730564,0.3880054100290566,92fa1b7637eff95eab8dc3ae80bcb515db5188453f2cff7314365d20890c2617,phase2/runs/2026-07-24_e2_couple_merge_s20260727_seed20260727,a51a34dcafdee993d9995d3047587b4fc93eee870c43c218cf57f0f8b3c3836d,,,,,,,,,,,,,,,,,,,,,,,,,,,,,,,,,,,,,,,,,,,,,,,,,
per_seed,couple_merge,20260727,learned,clean_frozen,20260719,True,16510.0,10460.0,44211.0,0.9978967495219885,0.999523866206404,0.802772466539197,0.8904087800222682,0.6500030591266042,4.0,4.0,1.0,278.0,0.9945853685418045,2.4404312294764534e-05,4.813141165583108e-05,278.0,0.9842523431181313,0.006297369377908123,2e40e19987311eb0716f02e13e32188b3aaeb52e27edf7670d19e45bad982e04,phase2/runs/2026-07-24_e2_couple_merge_s20260727_seed20260727,a51a34dcafdee993d9995d3047587b4fc93eee870c43c218cf57f0f8b3c3836d,,,,,,,,,,,,,,,,,,,,,,,,,,,,,,,,,,,,,,,,,,,,,,,,,
per_seed,couple_merge,20260728,baseline,clean_frozen,20260719,True,16510.0,10460.0,45945.0,0.9989483747609943,0.9976365219554671,0.7667304015296367,0.867073895886264,0.65,19.0,17.0,0.8947368421052632,249.0,0.65,0.6,0.362,249.0,0.8699758518916019,0.6000000000000001,b8cecccc3db8392d6326e50d89a2634b0c849e133b3564870775cc5990be7210,phase2/runs/2026-07-24_e2_couple_merge_s20260728_seed20260728,d6b1dc3b9c9b696c7d2a31db5daa59f22fc9c85e0356505448bbd03c4f21207c,,,,,,,,,,,,,,,,,,,,,,,,,,,,,,,,,,,,,,,,,,,,,,,,,
per_seed,couple_merge,20260728,splink,clean_frozen,20260719,True,16510.0,10460.0,45945.0,0.9989483747609943,0.9695431472081218,0.7669216061185469,0.8564108038859827,0.9986013472769922,252.0,249.0,0.9880952380952381,249.0,0.9986013472769922,0.9999995246025223,0.001158135937865692,249.0,0.9782928798746022,0.3880054100290566,902a4dd1d1b57ea9e4ea6c17ee8fb00d97a5512fc6f65fa04d1ef350591030c5,phase2/runs/2026-07-24_e2_couple_merge_s20260728_seed20260728,d6b1dc3b9c9b696c7d2a31db5daa59f22fc9c85e0356505448bbd03c4f21207c,,,,,,,,,,,,,,,,,,,,,,,,,,,,,,,,,,,,,,,,,,,,,,,,,
per_seed,couple_merge,20260728,learned,clean_frozen,20260719,True,16510.0,10460.0,45945.0,0.9989483747609943,0.9998793872874201,0.7925430210325047,0.8842195082928911,0.6500030591266042,1.0,0.0,0.0,249.0,0.9945853685418045,2.4404312294764534e-05,2.7556748982904264e-05,249.0,0.9844673146559939,0.006297369377908123,efe42251cbeedd716eaa64ba442800c0f1c7ff7f6d654851ca2fc855a55e19d8,phase2/runs/2026-07-24_e2_couple_merge_s20260728_seed20260728,d6b1dc3b9c9b696c7d2a31db5daa59f22fc9c85e0356505448bbd03c4f21207c,,,,,,,,,,,,,,,,,,,,,,,,,,,,,,,,,,,,,,,,,,,,,,,,,
per_seed,couple_merge,20260729,baseline,clean_frozen,20260719,True,16510.0,10460.0,45036.0,0.9983747609942638,0.9973925999503352,0.7679732313575526,0.8677757372798962,0.65,21.0,19.0,0.9047619047619048,261.0,0.65,0.6,0.3890909090909091,261.0,0.8717398304175165,0.6000000000000001,e26682ecf1cf4ee157b63adc04157fa8fb01006d95aea487841b8a2e38ba04aa,phase2/runs/2026-07-24_e2_couple_merge_s20260729_seed20260729,bd075c91e6cb29a384c2fdb2c61a6f922f76989e40d448106670591768cd0b84,,,,,,,,,,,,,,,,,,,,,,,,,,,,,,,,,,,,,,,,,,,,,,,,,
per_seed,couple_merge,20260729,splink,clean_frozen,20260719,True,16510.0,10460.0,45036.0,0.9983747609942638,0.9680530440024111,0.7676864244741873,0.8563049853372433,0.9986013472769922,265.0,261.0,0.9849056603773585,261.0,0.9986013472769922,0.9999995246025223,0.001158135937865692,261.0,0.979682901357638,0.3880054100290566,0195517f250d21a98a9cc3eb043b3992d59a2a15706e715b223a1f530e69c280,phase2/runs/2026-07-24_e2_couple_merge_s20260729_seed20260729,bd075c91e6cb29a384c2fdb2c61a6f922f76989e40d448106670591768cd0b84,,,,,,,,,,,,,,,,,,,,,,,,,,,,,,,,,,,,,,,,,,,,,,,,,
per_seed,couple_merge,20260729,learned,clean_frozen,20260719,True,16510.0,10460.0,45036.0,0.9983747609942638,1.0,0.7946462715105163,0.8855742595354784,0.6500030591266042,0.0,0.0,0.0,261.0,0.9945853685418045,2.4404312294764534e-05,8.042802525218615e-05,261.0,0.9869237377111768,0.0062973693779081056,dc4dc5f3d0ca3c494c30e0cb0fe6c2a471906e22540247482c050fd3e60f1e15,phase2/runs/2026-07-24_e2_couple_merge_s20260729_seed20260729,bd075c91e6cb29a384c2fdb2c61a6f922f76989e40d448106670591768cd0b84,,,,,,,,,,,,,,,,,,,,,,,,,,,,,,,,,,,,,,,,,,,,,,,,,
per_seed,divorce_custody,20260720,baseline,clean_frozen,20260719,True,30857.0,27820.0,170285.0,0.9992092020129403,0.9990110976815735,0.9804457225017973,0.9896413475318832,0.65,27.0,23.0,0.8518518518518519,189.0,1.0000000000000002,0.6,0.42,189.0,0.9904379006845594,0.6000000000000001,1344710cf28d1902e6660f1508a9e3fb9b5a674dfaf3b69f0f8ddad7415dc363,phase2/runs/2026-07-24_e2_divorce_custody_s20260720_seed20260720,ac2b8f5cac64bb6a1e39322d9f8203e6894bedec8bda5d21766c5c9fe892e33b,,,,,,,,,,,,,,,,,,,,,,,,,,,,,,,,,,,,,,,,,,,,,,,,,
per_seed,divorce_custody,20260720,splink,clean_frozen,20260719,True,30857.0,27820.0,170285.0,0.9992092020129403,0.9918187768162315,0.9804816678648455,0.9861176385524747,0.9986013472769922,225.0,189.0,0.84,189.0,0.9999999999998234,0.9999995246025223,0.001158135937865692,189.0,0.9929804455268247,0.3880054100290566,9354b696f0049137152075eb7af3fef4db6c0c21ef94376e0f8bb6a8c7745084,phase2/runs/2026-07-24_e2_divorce_custody_s20260720_seed20260720,ac2b8f5cac64bb6a1e39322d9f8203e6894bedec8bda5d21766c5c9fe892e33b,,,,,,,,,,,,,,,,,,,,,,,,,,,,,,,,,,,,,,,,,,,,,,,,,
per_seed,divorce_custody,20260720,learned,clean_frozen,20260719,True,30857.0,27820.0,170285.0,0.9992092020129403,0.9997085397843194,0.9863407620416966,0.9929796627343127,0.6500030591266042,8.0,0.0,0.0,189.0,0.9999920993841217,2.4404312294764534e-05,2.3077974489219963e-05,189.0,0.9937306907080525,0.3403491734941457,786d06d783fd871cfb76eb100815baa9147419708e40f41e36eef8b383fb924b,phase2/runs/2026-07-24_e2_divorce_custody_s20260720_seed20260720,ac2b8f5cac64bb6a1e39322d9f8203e6894bedec8bda5d21766c5c9fe892e33b,,,,,,,,,,,,,,,,,,,,,,,,,,,,,,,,,,,,,,,,,,,,,,,,,
per_seed,divorce_custody,20260721,baseline,clean_frozen,20260719,True,30854.0,27816.0,168314.0,0.9996045441472534,0.9990517870167761,0.9848288754673569,0.9918893475269751,0.65,26.0,16.0,0.6153846153846154,169.0,1.0000000000000002,0.6,0.45,169.0,0.9923343939832225,0.6000000000000001,d7c1b9a786da72dfcadb2d3e02497d4d04e5b745cea505c3e930ab71af19474a,phase2/runs/2026-07-24_e2_divorce_custody_s20260721_seed20260721,7d99d39010f27e9de37d713f7557e10fcf0c5cb194917677c1779407986c2d83,,,,,,,,,,,,,,,,,,,,,,,,,,,,,,,,,,,,,,,,,,,,,,,,,
per_seed,divorce_custody,20260721,splink,clean_frozen,20260719,True,30854.0,27816.0,168314.0,0.9996045441472534,0.9930394431554525,0.9847569744032212,0.9888808664259928,0.9986013472769922,192.0,169.0,0.8802083333333334,169.0,0.9999999999998234,0.9999995246025223,0.1267123382008275,169.0,0.9930230061898458,0.3880054100290566,eb83c3e50a2359a62e94efb3aa43c3a12ec0a3f583d905fb8d0b18b1ed2a8e24,phase2/runs/2026-07-24_e2_divorce_custody_s20260721_seed20260721,7d99d39010f27e9de37d713f7557e10fcf0c5cb194917677c1779407986c2d83,,,,,,,,,,,,,,,,,,,,,,,,,,,,,,,,,,,,,,,,,,,,,,,,,
per_seed,divorce_custody,20260721,learned,clean_frozen,20260719,True,30854.0,27816.0,168314.0,0.9996045441472534,0.9999273440621935,0.9895383951682485,0.994705744177222,0.6500030591266042,2.0,0.0,0.0,169.0,0.9999920993841217,2.4404312294764534e-05,8.042802525218615e-05,169.0,0.9951055644855423,0.3956667950705287,484828f0ee38616b1a0b9ea0b4867b5a413961d0fc35c73a316b6c4216c5a43e,phase2/runs/2026-07-24_e2_divorce_custody_s20260721_seed20260721,7d99d39010f27e9de37d713f7557e10fcf0c5cb194917677c1779407986c2d83,,,,,,,,,,,,,,,,,,,,,,,,,,,,,,,,,,,,,,,,,,,,,,,,,
per_seed,divorce_custody,20260722,baseline,clean_frozen,20260719,True,30895.0,27868.0,166267.0,0.999461748241711,0.998541689452769,0.9828118271853021,0.990614319040816,0.65,40.0,34.0,0.85,208.0,1.0000000000000002,0.6,0.45,208.0,0.9916579394026941,0.6000000000000001,047e243c0f5a053b7def4f64357cecd9340a210ca68f60fe7395e7c3e1df33a5,phase2/runs/2026-07-24_e2_divorce_custody_s20260722_seed20260722,e97b7057659104a6aaa6e85488486964e261ce9fe6290be87ed72b4874843efa,,,,,,,,,,,,,,,,,,,,,,,,,,,,,,,,,,,,,,,,,,,,,,,,,
per_seed,divorce_custody,20260722,splink,clean_frozen,20260719,True,30895.0,27868.0,166267.0,0.999461748241711,0.9915634730972555,0.9826682933830917,0.9870958439966838,0.9986013472769922,233.0,208.0,0.8927038626609443,208.0,0.9999999999998234,0.9999995246025223,0.1267123382008275,208.0,0.992462132037725,0.3880054100290566,e3c34ce7fd1a5ef6311ad3521ac7b9efafdc4530200515ac9089004ecc7dc0cd,phase2/runs/2026-07-24_e2_divorce_custody_s20260722_seed20260722,e97b7057659104a6aaa6e85488486964e261ce9fe6290be87ed72b4874843efa,,,,,,,,,,,,,,,,,,,,,,,,,,,,,,,,,,,,,,,,,,,,,,,,,
per_seed,divorce_custody,20260722,learned,clean_frozen,20260719,True,30895.0,27868.0,166267.0,0.999461748241711,0.9996370104178011,0.9881943447681929,0.9938827435624448,0.6500030591266042,10.0,8.0,0.8,208.0,0.9999920993841217,2.4404312294764534e-05,8.042802525218615e-05,208.0,0.9948461039429106,0.3416511262295295,da7e8cdcc14ce668397798a47bf546df1ea840a0a802543998c9fde6582bc785,phase2/runs/2026-07-24_e2_divorce_custody_s20260722_seed20260722,e97b7057659104a6aaa6e85488486964e261ce9fe6290be87ed72b4874843efa,,,,,,,,,,,,,,,,,,,,,,,,,,,,,,,,,,,,,,,,,,,,,,,,,
per_seed,divorce_custody,20260723,baseline,clean_frozen,20260719,True,30864.0,27828.0,163005.0,0.9991375592927986,0.9989018631721512,0.9806310191174357,0.9896821223275971,0.65,30.0,20.0,0.6666666666666666,149.0,1.0000000000000002,0.6,0.45,149.0,0.9906765392762098,0.6000000000000001,f36c112f87f32f92643c413bc91c7488698a7ecc786eef47bc27c7e4fb79c28d,phase2/runs/2026-07-24_e2_divorce_custody_s20260723_seed20260723,ff1454d7acdb48eaa20dff072a5d1afd53271e59ebd958d2f10265a26f4b861b,,,,,,,,,,,,,,,,,,,,,,,,,,,,,,,,,,,,,,,,,,,,,,,,,
per_seed,divorce_custody,20260723,splink,clean_frozen,20260719,True,30864.0,27828.0,163005.0,0.9991375592927986,0.9932653804149982,0.9804872789995688,0.9868349669065788,0.9986013472769922,185.0,149.0,0.8054054054054054,149.0,0.9999999999998234,0.9999995246025223,0.1267123382008275,149.0,0.9935740240213364,0.3880054100290566,55ee7b25ef8d67962156f2399c3a35a21122172430ee33291dc72d12886a1f2e,phase2/runs/2026-07-24_e2_divorce_custody_s20260723_seed20260723,ff1454d7acdb48eaa20dff072a5d1afd53271e59ebd958d2f10265a26f4b861b,,,,,,,,,,,,,,,,,,,,,,,,,,,,,,,,,,,,,,,,,,,,,,,,,
per_seed,divorce_custody,20260723,learned,clean_frozen,20260719,True,30864.0,27828.0,163005.0,0.9991375592927986,0.9996357676197414,0.9862368837142447,0.992891123853626,0.6500030591266042,10.0,0.0,0.0,149.0,0.9999920993841217,2.4404312294764534e-05,8.042802525218615e-05,149.0,0.9936024867170276,0.37767296455462646,590ac8d8ebdb7b68a76be6746345f7c5db1805a03267af85abf296f5a43a4975,phase2/runs/2026-07-24_e2_divorce_custody_s20260723_seed20260723,ff1454d7acdb48eaa20dff072a5d1afd53271e59ebd958d2f10265a26f4b861b,,,,,,,,,,,,,,,,,,,,,,,,,,,,,,,,,,,,,,,,,,,,,,,,,
per_seed,divorce_custody,20260724,baseline,clean_frozen,20260719,True,30832.0,27788.0,166756.0,0.9997121059450123,0.9997439367889673,0.9835180653519505,0.9915646258503401,0.65,7.0,7.0,1.0,198.0,1.0000000000000002,0.6,0.45,198.0,0.9916505170883668,0.6000000000000001,e551a45214bb1a91b575b5a3562002c99936819a2a3a667fd7a95d72b78be689,phase2/runs/2026-07-24_e2_divorce_custody_s20260724_seed20260724,208cc6bd43388f6b52e38984bca414d049144699a730b4397f6041aec55b8008,,,,,,,,,,,,,,,,,,,,,,,,,,,,,,,,,,,,,,,,,,,,,,,,,
per_seed,divorce_custody,20260724,splink,clean_frozen,20260719,True,30832.0,27788.0,166756.0,0.9997121059450123,0.9917982217383415,0.983482078595077,0.9876226442368502,0.9986013472769922,226.0,198.0,0.8761061946902655,198.0,0.9999999999998234,0.9999995246025223,0.1267123382008275,198.0,0.9928526645768024,0.3880054100290566,506c93e85c20d0ed088f981643dd63636338b5d4ed6001e70c6881309b450b6a,phase2/runs/2026-07-24_e2_divorce_custody_s20260724_seed20260724,208cc6bd43388f6b52e38984bca414d049144699a730b4397f6041aec55b8008,,,,,,,,,,,,,,,,,,,,,,,,,,,,,,,,,,,,,,,,,,,,,,,,,
per_seed,divorce_custody,20260724,learned,clean_frozen,20260719,True,30832.0,27788.0,166756.0,0.9997121059450123,1.0,0.988304304016122,0.9941177535248231,0.6500030591266042,0.0,0.0,0.0,198.0,0.9999920993841217,2.4404312294764534e-05,8.042802525218615e-05,198.0,0.9949924977854909,0.35329790982478915,3840cf83f14a9e62f1c3acf1a7ec2074b32accf4fd213df918a20eb7b2d54b7b,phase2/runs/2026-07-24_e2_divorce_custody_s20260724_seed20260724,208cc6bd43388f6b52e38984bca414d049144699a730b4397f6041aec55b8008,,,,,,,,,,,,,,,,,,,,,,,,,,,,,,,,,,,,,,,,,,,,,,,,,
per_seed,divorce_custody,20260725,baseline,clean_frozen,20260719,True,30848.0,27808.0,163588.0,0.9995325086306099,0.999269726512579,0.984141254315305,0.9916477941842557,0.65,20.0,4.0,0.2,199.0,1.0000000000000002,0.6,0.45,199.0,0.9919299388412406,0.6000000000000001,71523e4cccc65ad134882a1b6de4bf7ae98cc22fa236c0ed15ee997d43deb863,phase2/runs/2026-07-24_e2_divorce_custody_s20260725_seed20260725,05566a0fcd65556cf1ab97477974d2a4d6f7c2e6ca160965fbd064d581df742c,,,,,,,,,,,,,,,,,,,,,,,,,,,,,,,,,,,,,,,,,,,,,,,,,
per_seed,divorce_custody,20260725,splink,clean_frozen,20260719,True,30848.0,27808.0,163588.0,0.9995325086306099,0.991486124193899,0.984141254315305,0.9878000360945679,0.9986013472769922,235.0,199.0,0.8468085106382979,199.0,0.9999999999998234,0.9999995246025223,0.1267123382008275,199.0,0.9928430846305242,0.3880054100290566,42804657ba84ccbcb1c5733cf7b470fdf3dd151ae6d825446fe562578835243b,phase2/runs/2026-07-24_e2_divorce_custody_s20260725_seed20260725,05566a0fcd65556cf1ab97477974d2a4d6f7c2e6ca160965fbd064d581df742c,,,,,,,,,,,,,,,,,,,,,,,,,,,,,,,,,,,,,,,,,,,,,,,,,
per_seed,divorce_custody,20260725,learned,clean_frozen,20260719,True,30848.0,27808.0,163588.0,0.9995325086306099,0.9996732619350154,0.9902186421173763,0.9949234910483623,0.6500030591266042,9.0,1.0,0.1111111111111111,199.0,0.9999920993841217,2.4404312294764534e-05,8.042802525218615e-05,199.0,0.9954154934661759,0.37067526518873417,84894c43106b4d521382ec77e9286d396dc812644b505e0abca30eac1f4fb9db,phase2/runs/2026-07-24_e2_divorce_custody_s20260725_seed20260725,05566a0fcd65556cf1ab97477974d2a4d6f7c2e6ca160965fbd064d581df742c,,,,,,,,,,,,,,,,,,,,,,,,,,,,,,,,,,,,,,,,,,,,,,,,,
per_seed,divorce_custody,20260726,baseline,clean_frozen,20260719,True,30835.0,27792.0,165498.0,0.9991004605641911,0.9989038693412254,0.9837003454231433,0.991243813563931,0.65,30.0,28.0,0.9333333333333333,201.0,1.0000000000000002,0.6,0.45,201.0,0.9916386143989576,0.6000000000000001,b9c2ca05ab7d95261290aa9226b39e4f6fbdd37593e0b384214f4f26b068079a,phase2/runs/2026-07-24_e2_divorce_custody_s20260726_seed20260726,2b4801da7454b9316124e28cd5ee38d7af85b2e3abe7c0f9bb5f32c8cd501af7,,,,,,,,,,,,,,,,,,,,,,,,,,,,,,,,,,,,,,,,,,,,,,,,,
per_seed,divorce_custody,20260726,splink,clean_frozen,20260719,True,30835.0,27792.0,165498.0,0.9991004605641911,0.9915859717839915,0.983772308578008,0.9876636864445045,0.9986013472769922,232.0,201.0,0.8663793103448276,201.0,0.9999999999998234,0.9999995246025223,0.1267123382008275,201.0,0.9924574950283964,0.3880054100290566,a015d45023b749a0d023f8b81aa2553e1b242fde32d27601c3d83a01d414ca48,phase2/runs/2026-07-24_e2_divorce_custody_s20260726_seed20260726,2b4801da7454b9316124e28cd5ee38d7af85b2e3abe7c0f9bb5f32c8cd501af7,,,,,,,,,,,,,,,,,,,,,,,,,,,,,,,,,,,,,,,,,,,,,,,,,
per_seed,divorce_custody,20260726,learned,clean_frozen,20260719,True,30835.0,27792.0,165498.0,0.9991004605641911,0.9993456449033009,0.9891335636154289,0.9942133815551537,0.6500030591266042,18.0,0.0,0.0,201.0,0.9999920993841217,2.4404312294764534e-05,8.042802525218615e-05,201.0,0.9944881178277762,0.41966873804061866,658fb3b0ccd5d4c07cbc09eb1bbf46aa743a1cc898a76e5785f87b8fc18fc7b5,phase2/runs/2026-07-24_e2_divorce_custody_s20260726_seed20260726,2b4801da7454b9316124e28cd5ee38d7af85b2e3abe7c0f9bb5f32c8cd501af7,,,,,,,,,,,,,,,,,,,,,,,,,,,,,,,,,,,,,,,,,,,,,,,,,
per_seed,divorce_custody,20260727,baseline,clean_frozen,20260719,True,30854.0,27816.0,164729.0,0.9995685936151855,0.9985765384334623,0.9835706068449813,0.9910167711087767,0.65,39.0,27.0,0.6923076923076923,199.0,1.0000000000000002,0.6,0.45,199.0,0.9914226774275271,0.6058823529411765,d99959f557d68b4c544cf635f421d6925e5af7f57c50155cd60a70fa0d5cd7a1,phase2/runs/2026-07-24_e2_divorce_custody_s20260727_seed20260727,ceb76aa3f24760cfb8e25b7feebfa96ea54c3de93d5693a0c72d89c094531ec6,,,,,,,,,,,,,,,,,,,,,,,,,,,,,,,,,,,,,,,,,,,,,,,,,
per_seed,divorce_custody,20260727,splink,clean_frozen,20260719,True,30854.0,27816.0,164729.0,0.9995685936151855,0.9912315663611,0.9834987057808455,0.9873499954885862,0.9986013472769922,242.0,199.0,0.8223140495867769,199.0,0.9999999999998234,0.9999995246025223,0.1267123382008275,199.0,0.992616693780503,0.3880054100290566,1a6d493aa245cb6d4ca4c844a121aaf58d06e63856e3c4b5298b7690a9828723,phase2/runs/2026-07-24_e2_divorce_custody_s20260727_seed20260727,ceb76aa3f24760cfb8e25b7feebfa96ea54c3de93d5693a0c72d89c094531ec6,,,,,,,,,,,,,,,,,,,,,,,,,,,,,,,,,,,,,,,,,,,,,,,,,
per_seed,divorce_custody,20260727,learned,clean_frozen,20260719,True,30854.0,27816.0,164729.0,0.9995685936151855,0.9994184144524009,0.9884598792062123,0.9939089413848573,0.6500030591266042,16.0,16.0,1.0,199.0,0.9999920993841217,2.4404312294764534e-05,8.042802525218615e-05,199.0,0.9942198619992053,0.3956667950705287,beebdb5bedc0c6650b2f167095088427d57146603ef9aba599aefd721742ea1d,phase2/runs/2026-07-24_e2_divorce_custody_s20260727_seed20260727,ceb76aa3f24760cfb8e25b7feebfa96ea54c3de93d5693a0c72d89c094531ec6,,,,,,,,,,,,,,,,,,,,,,,,,,,,,,,,,,,,,,,,,,,,,,,,,
per_seed,divorce_custody,20260728,baseline,clean_frozen,20260719,True,30835.0,27792.0,166181.0,0.9990284974093264,0.9990502976951455,0.9841321243523317,0.9915351012343889,0.65,26.0,20.0,0.7692307692307693,189.0,1.0000000000000002,0.6,0.45,189.0,0.9918587400948005,0.6000000000000001,3e761c8536a96b58f3dbfbf22acc7cc92d37a1eb02e85bda9d6ed37d0e43660a,phase2/runs/2026-07-24_e2_divorce_custody_s20260728_seed20260728,72d3ff1e4ecab51510326268abb8ec781703bc658bfa0fdfd2e40c08999caacd,,,,,,,,,,,,,,,,,,,,,,,,,,,,,,,,,,,,,,,,,,,,,,,,,
per_seed,divorce_custody,20260728,splink,clean_frozen,20260719,True,30835.0,27792.0,166181.0,0.9990284974093264,0.9922005368932744,0.9841321243523317,0.9881498609053796,0.9986013472769922,215.0,189.0,0.8790697674418605,189.0,0.9999999999998234,0.9999995246025223,0.1267123382008275,189.0,0.9922116985658783,0.3880054100290566,976b50145040c9e7896942810c7a73073d7e4e912a032ca7026eeea2cd7c3da8,phase2/runs/2026-07-24_e2_divorce_custody_s20260728_seed20260728,72d3ff1e4ecab51510326268abb8ec781703bc658bfa0fdfd2e40c08999caacd,,,,,,,,,,,,,,,,,,,,,,,,,,,,,,,,,,,,,,,,,,,,,,,,,
per_seed,divorce_custody,20260728,learned,clean_frozen,20260719,True,30835.0,27792.0,166181.0,0.9990284974093264,0.9997816355497325,0.9884499136442142,0.9940834826032677,0.6500030591266042,6.0,0.0,0.0,189.0,0.9999920993841217,2.4404312294764534e-05,8.042802525218615e-05,189.0,0.9942472593075004,0.47085465066776433,f070b6a2a916c101352c12f27b41a598ec7e0b4d317a6b1b6844bf24fdbd5697,phase2/runs/2026-07-24_e2_divorce_custody_s20260728_seed20260728,72d3ff1e4ecab51510326268abb8ec781703bc658bfa0fdfd2e40c08999caacd,,,,,,,,,,,,,,,,,,,,,,,,,,,,,,,,,,,,,,,,,,,,,,,,,
per_seed,divorce_custody,20260729,baseline,clean_frozen,20260719,True,30822.0,27776.0,161546.0,0.9997479838709677,0.9988668348137588,0.9837989631336406,0.9912756425371375,0.65,31.0,16.0,0.5161290322580645,185.0,1.0000000000000002,0.6,0.45,185.0,0.9914833472257456,0.6068181818181818,3d5a2b732976f9d4afb733cb7331eed9b1d37c9995bc0a863d5487f25b58503f,phase2/runs/2026-07-24_e2_divorce_custody_s20260729_seed20260729,ccd0c453f75db7a355480450bdd51c6435e4ae4954574f3bd7fd2f73323f7b7e,,,,,,,,,,,,,,,,,,,,,,,,,,,,,,,,,,,,,,,,,,,,,,,,,
per_seed,divorce_custody,20260729,splink,clean_frozen,20260719,True,30822.0,27776.0,161546.0,0.9997479838709677,0.9915816974491092,0.983834965437788,0.9876931417728381,0.9986013472769922,232.0,185.0,0.7974137931034483,185.0,0.9999999999998234,0.9999995246025223,0.1267123382008275,185.0,0.9923535626667621,0.3880054100290566,ea8aeb32f4b2094f1b61364002e91a838440de79ea0697f1b372b2dd44ca9ae3,phase2/runs/2026-07-24_e2_divorce_custody_s20260729_seed20260729,ccd0c453f75db7a355480450bdd51c6435e4ae4954574f3bd7fd2f73323f7b7e,,,,,,,,,,,,,,,,,,,,,,,,,,,,,,,,,,,,,,,,,,,,,,,,,
per_seed,divorce_custody,20260729,learned,clean_frozen,20260719,True,30822.0,27776.0,161546.0,0.9997479838709677,1.0,0.9883712557603687,0.9941516232414129,0.6500030591266042,0.0,0.0,0.0,185.0,0.9999920993841217,2.4404312294764534e-05,8.042802525218615e-05,185.0,0.9947727313835079,0.36357635589963544,44145f812132de99034e1eaab186cb7abc3b4b2aa60846e5bed1ca05a09cca24,phase2/runs/2026-07-24_e2_divorce_custody_s20260729_seed20260729,ccd0c453f75db7a355480450bdd51c6435e4ae4954574f3bd7fd2f73323f7b7e,,,,,,,,,,,,,,,,,,,,,,,,,,,,,,,,,,,,,,,,,,,,,,,,,
per_seed,family_birth,20260720,baseline,clean_frozen,20260719,True,14900.0,8500.0,40811.0,0.9978823529411764,0.994273538420562,0.8783529411764706,0.9327253419951276,0.65,43.0,43.0,1.0,918.0,1.0000000000000002,0.6,0.3202777777777778,918.0,0.9327253419951276,0.65,0f280b56adde9acfe0de96644a9866d24e313ec9e0162ff98406f2dd9d325c97,phase2/runs/2026-07-24_e2_family_birth_s20260720_seed20260720,4ed631eb91918cd1a7249387aabce30d9d2d069a899306f14011027cc0c55faa,,,,,,,,,,,,,,,,,,,,,,,,,,,,,,,,,,,,,,,,,,,,,,,,,
per_seed,family_birth,20260720,splink,clean_frozen,20260719,True,14900.0,8500.0,40811.0,0.9978823529411764,0.889683106981177,0.8785882352941177,0.8841008642121464,0.9986013472769922,926.0,918.0,0.9913606911447084,918.0,0.9999999999998234,0.9999995246025223,0.001158135937865692,918.0,0.9435353253281207,0.3880054100290566,9f1cf4a51db23ba30b7047f59046cbc7b288bdbcbf993d06eea70c75fcc8b1b0,phase2/runs/2026-07-24_e2_family_birth_s20260720_seed20260720,4ed631eb91918cd1a7249387aabce30d9d2d069a899306f14011027cc0c55faa,,,,,,,,,,,,,,,,,,,,,,,,,,,,,,,,,,,,,,,,,,,,,,,,,
per_seed,family_birth,20260720,learned,clean_frozen,20260719,True,14900.0,8500.0,40811.0,0.9978823529411764,0.9996015407092576,0.8854117647058823,0.939047975544326,0.6500030591266042,3.0,0.0,0.0,918.0,0.9999920993841217,2.4404312294764534e-05,1.93727009756145e-05,918.0,0.9899309214377707,0.006297369377908123,f746a29de617c8863f2a3cad936bc5829d66a81b17851e02bbc20863e1f502f7,phase2/runs/2026-07-24_e2_family_birth_s20260720_seed20260720,4ed631eb91918cd1a7249387aabce30d9d2d069a899306f14011027cc0c55faa,,,,,,,,,,,,,,,,,,,,,,,,,,,,,,,,,,,,,,,,,,,,,,,,,
per_seed,family_birth,20260721,baseline,clean_frozen,20260719,True,14900.0,8500.0,40099.0,0.9981176470588236,0.9959720730397422,0.8727058823529412,0.9302733885126662,0.65,30.0,30.0,1.0,952.0,1.0000000000000002,0.6,0.3581818181818182,952.0,0.9302733885126662,0.65,a642fd037224f4b85c83d589cd07f2b19602e0d09b854f9983f84556d4cc1d5e,phase2/runs/2026-07-24_e2_family_birth_s20260721_seed20260721,4dd967a0820e9e0a76fc943b8e839d3bd8f4e01ad02ad2afe88faed9358edc23,,,,,,,,,,,,,,,,,,,,,,,,,,,,,,,,,,,,,,,,,,,,,,,,,
per_seed,family_birth,20260721,splink,clean_frozen,20260719,True,14900.0,8500.0,40099.0,0.9981176470588236,0.8861953666109387,0.8730588235294118,0.8795780490695746,0.9986013472769922,953.0,952.0,0.9989506820566632,952.0,0.9999999999998234,0.9999995246025223,0.001158135937865692,952.0,0.9424633071041911,0.3880054100290566,6ed420ab8002c8c15b523736dfc172db4827f2353f91fcbe3d1e0a5f3ad1bf6e,phase2/runs/2026-07-24_e2_family_birth_s20260721_seed20260721,4dd967a0820e9e0a76fc943b8e839d3bd8f4e01ad02ad2afe88faed9358edc23,,,,,,,,,,,,,,,,,,,,,,,,,,,,,,,,,,,,,,,,,,,,,,,,,
per_seed,family_birth,20260721,learned,clean_frozen,20260719,True,14900.0,8500.0,40099.0,0.9981176470588236,0.999597855227882,0.8772941176470588,0.9344611528822055,0.6500030591266042,3.0,3.0,1.0,952.0,0.9999920993841217,2.4404312294764534e-05,8.042802525218615e-05,952.0,0.9866900175131349,0.0062973693779081056,d39e15424c94016e16e29760187c6b515ec82768c764c6fd609f5e58acb24a37,phase2/runs/2026-07-24_e2_family_birth_s20260721_seed20260721,4dd967a0820e9e0a76fc943b8e839d3bd8f4e01ad02ad2afe88faed9358edc23,,,,,,,,,,,,,,,,,,,,,,,,,,,,,,,,,,,,,,,,,,,,,,,,,
per_seed,family_birth,20260722,baseline,clean_frozen,20260719,True,14900.0,8500.0,40559.0,0.9982352941176471,0.9951612903225806,0.8710588235294118,0.9289836888331241,0.65,36.0,33.0,0.9166666666666666,893.0,1.0000000000000002,0.6,0.3325,893.0,0.9289836888331241,0.65,9d8860b52d014d7904f2a61dacf18ee119cd7972a12a97ef51d8b8445b94bb10,phase2/runs/2026-07-24_e2_family_birth_s20260722_seed20260722,fa37abaad92fb8915fc9ebf2866160623a4249c2666f01c49db80bee3c5e8386,,,,,,,,,,,,,,,,,,,,,,,,,,,,,,,,,,,,,,,,,,,,,,,,,
per_seed,family_birth,20260722,splink,clean_frozen,20260719,True,14900.0,8500.0,40559.0,0.9982352941176471,0.8916315472606864,0.8711764705882353,0.8812853317465041,0.9986013472769922,900.0,893.0,0.9922222222222222,893.0,0.9999999999998234,0.9999995246025223,0.001158135937865692,893.0,0.9456722430481733,0.3880054100290566,d2999376f2dbf5592a6345dc4a2175e0e7cf1286d012915888870001e0171909,phase2/runs/2026-07-24_e2_family_birth_s20260722_seed20260722,fa37abaad92fb8915fc9ebf2866160623a4249c2666f01c49db80bee3c5e8386,,,,,,,,,,,,,,,,,,,,,,,,,,,,,,,,,,,,,,,,,,,,,,,,,
per_seed,family_birth,20260722,learned,clean_frozen,20260719,True,14900.0,8500.0,40559.0,0.9982352941176471,0.999731867542566,0.8772941176470588,0.9345197067485431,0.6500030591266042,2.0,2.0,1.0,893.0,0.9999920993841217,2.4404312294764534e-05,1.93727009756145e-05,893.0,0.9873949579831932,0.0062973693779081056,2e6e8eff8684268d2fc22cc8db249e5d992f134d19a26854efc51be0bf6850fb,phase2/runs/2026-07-24_e2_family_birth_s20260722_seed20260722,fa37abaad92fb8915fc9ebf2866160623a4249c2666f01c49db80bee3c5e8386,,,,,,,,,,,,,,,,,,,,,,,,,,,,,,,,,,,,,,,,,,,,,,,,,
per_seed,family_birth,20260723,baseline,clean_frozen,20260719,True,14900.0,8500.0,40773.0,0.9983529411764706,0.9939919893190922,0.8758823529411764,0.9312070043777362,0.65,45.0,44.0,0.9777777777777777,932.0,1.0000000000000002,0.6,0.38957142857142857,932.0,0.9312070043777362,0.65,5320ebe42168fd6e56979dd7f6303adfff8596b9ef0e7f884b5a698bb3d2c468,phase2/runs/2026-07-24_e2_family_birth_s20260723_seed20260723,4b857c24704b637a953005a249407643c02570d6914ed61a5edfd59fdec51dae,,,,,,,,,,,,,,,,,,,,,,,,,,,,,,,,,,,,,,,,,,,,,,,,,
per_seed,family_birth,20260723,splink,clean_frozen,20260719,True,14900.0,8500.0,40773.0,0.9983529411764706,0.8877891724302409,0.8758823529411764,0.8817955702949188,0.9986013472769922,941.0,932.0,0.9904357066950054,932.0,0.9999999999998234,0.9999995246025223,0.001158135937865692,932.0,0.9422078284661343,0.3880054100290566,e55bc98d89dec17971bcd4c69a277fb83539abcd003fb5189338676920252aee,phase2/runs/2026-07-24_e2_family_birth_s20260723_seed20260723,4b857c24704b637a953005a249407643c02570d6914ed61a5edfd59fdec51dae,,,,,,,,,,,,,,,,,,,,,,,,,,,,,,,,,,,,,,,,,,,,,,,,,
per_seed,family_birth,20260723,learned,clean_frozen,20260719,True,14900.0,8500.0,40773.0,0.9983529411764706,1.0,0.8831764705882353,0.9379646404697946,0.6500030591266042,0.0,0.0,0.0,932.0,0.9999920993841217,2.4404312294764534e-05,8.042802525218615e-05,932.0,0.9882435515002632,0.006297369377908123,98b4a426a07b327617f86cdbf3e47e83702fbbf15272e99cf87fd863b2959996,phase2/runs/2026-07-24_e2_family_birth_s20260723_seed20260723,4b857c24704b637a953005a249407643c02570d6914ed61a5edfd59fdec51dae,,,,,,,,,,,,,,,,,,,,,,,,,,,,,,,,,,,,,,,,,,,,,,,,,
per_seed,family_birth,20260724,baseline,clean_frozen,20260719,True,14900.0,8500.0,40425.0,0.9981176470588236,0.9949184273870019,0.8752941176470588,0.9312805107022156,0.65,38.0,38.0,1.0,889.0,1.0000000000000002,0.6,0.3985714285714286,889.0,0.9312805107022156,0.65,1239500461c159bdf05d99c8a0c251edf384dc38222792e940c88a9c16f2046d,phase2/runs/2026-07-24_e2_family_birth_s20260724_seed20260724,751918d9d2ac76f4ee0d883c39ea2d07f3a15648620ceffafc88d24953cac189,,,,,,,,,,,,,,,,,,,,,,,,,,,,,,,,,,,,,,,,,,,,,,,,,
per_seed,family_birth,20260724,splink,clean_frozen,20260719,True,14900.0,8500.0,40425.0,0.9981176470588236,0.8931572629051621,0.8752941176470588,0.8841354723707664,0.9986013472769922,890.0,889.0,0.998876404494382,889.0,0.9999999999998234,0.9999995246025223,0.001158135937865692,889.0,0.9463027184248798,0.3880054100290566,a074f87866095108666f5091bbf30edc3b1b4ed9a19e30698ab4871b5f577d92,phase2/runs/2026-07-24_e2_family_birth_s20260724_seed20260724,751918d9d2ac76f4ee0d883c39ea2d07f3a15648620ceffafc88d24953cac189,,,,,,,,,,,,,,,,,,,,,,,,,,,,,,,,,,,,,,,,,,,,,,,,,
per_seed,family_birth,20260724,learned,clean_frozen,20260719,True,14900.0,8500.0,40425.0,0.9981176470588236,0.9995986622073578,0.8790588235294118,0.9354616588419405,0.6500030591266042,3.0,2.0,0.6666666666666666,889.0,0.9999920993841217,2.4404312294764534e-05,8.042802525218615e-05,889.0,0.9866292987680272,0.006297369377908123,31dc87403a78d33efa398d9c9a3d68bf51b58b6d6669933ed2e34664cdb2f49e,phase2/runs/2026-07-24_e2_family_birth_s20260724_seed20260724,751918d9d2ac76f4ee0d883c39ea2d07f3a15648620ceffafc88d24953cac189,,,,,,,,,,,,,,,,,,,,,,,,,,,,,,,,,,,,,,,,,,,,,,,,,
per_seed,family_birth,20260725,baseline,clean_frozen,20260719,True,14900.0,8500.0,39488.0,0.9981176470588236,0.9937258042984916,0.8757647058823529,0.9310237008317177,0.65,47.0,45.0,0.9574468085106383,965.0,1.0000000000000002,0.6,0.36428571428571427,965.0,0.9310237008317177,0.65,680354a03d0663dc1e3c2af80eb6cf8ce3dc652ac4f9366028b1e000cfef2cb6,phase2/runs/2026-07-24_e2_family_birth_s20260725_seed20260725,cc4336d59261eed7944ac0d5fe32c4bf8b0e24398167592a45ba0093519cf902,,,,,,,,,,,,,,,,,,,,,,,,,,,,,,,,,,,,,,,,,,,,,,,,,
per_seed,family_birth,20260725,splink,clean_frozen,20260719,True,14900.0,8500.0,39488.0,0.9981176470588236,0.8847296494355318,0.8758823529411764,0.8802837718001774,0.9986013472769922,970.0,965.0,0.9948453608247423,965.0,0.9999999999998234,0.9999995246025223,0.001158135937865692,965.0,0.9426645121747367,0.3880054100290566,2afa9fd1b73fcfe110447ac9ad48f989f97776725e561afe15605760d5b456ba,phase2/runs/2026-07-24_e2_family_birth_s20260725_seed20260725,cc4336d59261eed7944ac0d5fe32c4bf8b0e24398167592a45ba0093519cf902,,,,,,,,,,,,,,,,,,,,,,,,,,,,,,,,,,,,,,,,,,,,,,,,,
per_seed,family_birth,20260725,learned,clean_frozen,20260719,True,14900.0,8500.0,39488.0,0.9981176470588236,0.9997326560620238,0.8798823529411764,0.9359864839496902,0.6500030591266042,2.0,0.0,0.0,965.0,0.9999920993841217,2.4404312294764534e-05,7.04225190505093e-05,965.0,0.9878575598365442,0.006297369377908123,74e44d2f5f2dc18149457d7968aafb957e413affdd78e369804a9fa39c0b6adb,phase2/runs/2026-07-24_e2_family_birth_s20260725_seed20260725,cc4336d59261eed7944ac0d5fe32c4bf8b0e24398167592a45ba0093519cf902,,,,,,,,,,,,,,,,,,,,,,,,,,,,,,,,,,,,,,,,,,,,,,,,,
per_seed,family_birth,20260726,baseline,clean_frozen,20260719,True,14900.0,8500.0,40004.0,0.9969411764705882,0.9949628844114529,0.8830588235294118,0.9356768885564698,0.65,38.0,34.0,0.8947368421052632,900.0,1.0000000000000002,0.6,0.45,900.0,0.9356768885564698,0.65,8c579db209501985ad342407a090a821a8f498daf7f7c85bede86a2ff5a054d1,phase2/runs/2026-07-24_e2_family_birth_s20260726_seed20260726,33b546627bed883fb4f5af881132d6d888c325f3783d207a903c857661306876,,,,,,,,,,,,,,,,,,,,,,,,,,,,,,,,,,,,,,,,,,,,,,,,,
per_seed,family_birth,20260726,splink,clean_frozen,20260719,True,14900.0,8500.0,40004.0,0.9969411764705882,0.8922034704064654,0.8831764705882353,0.8876670214023885,0.9986013472769922,907.0,900.0,0.9922822491730982,900.0,0.9999999999998234,0.9999995246025223,0.1267123382008275,900.0,0.9450156459544031,0.3880054100290566,2fa2d282493bea473316678dafbd563243ccd1b84404a26a4fb1a5bace9fbb3d,phase2/runs/2026-07-24_e2_family_birth_s20260726_seed20260726,33b546627bed883fb4f5af881132d6d888c325f3783d207a903c857661306876,,,,,,,,,,,,,,,,,,,,,,,,,,,,,,,,,,,,,,,,,,,,,,,,,
per_seed,family_birth,20260726,learned,clean_frozen,20260719,True,14900.0,8500.0,40004.0,0.9969411764705882,0.9986798679867986,0.89,0.941213063763608,0.6500030591266042,10.0,2.0,0.2,900.0,0.9999920993841217,2.4404312294764534e-05,8.042802525218615e-05,900.0,0.9874364518202535,0.006297369377908123,fb9badfd33b047e12df85e2616307306427e52469c9bfc8e7ad00040bd1319d0,phase2/runs/2026-07-24_e2_family_birth_s20260726_seed20260726,33b546627bed883fb4f5af881132d6d888c325f3783d207a903c857661306876,,,,,,,,,,,,,,,,,,,,,,,,,,,,,,,,,,,,,,,,,,,,,,,,,
per_seed,family_birth,20260727,baseline,clean_frozen,20260719,True,14900.0,8500.0,39574.0,0.9978823529411764,0.9945795875198308,0.8850588235294118,0.9366284860557769,0.65,41.0,41.0,1.0,872.0,1.0000000000000002,0.6,0.33174145299145297,872.0,0.9366284860557769,0.65,45c77546452350d9044d0b72515673589a7c8477058c9ecd95a5601c5c06a03f,phase2/runs/2026-07-24_e2_family_birth_s20260727_seed20260727,ab15511df54ee0164d4e14c77a9dfcb6402741fa08a9917b8ece281f7d02a602,,,,,,,,,,,,,,,,,,,,,,,,,,,,,,,,,,,,,,,,,,,,,,,,,
per_seed,family_birth,20260727,splink,clean_frozen,20260719,True,14900.0,8500.0,39574.0,0.9978823529411764,0.8954886323056779,0.8850588235294118,0.8902431808768713,0.9986013472769922,878.0,872.0,0.9931662870159453,872.0,0.9999999999998234,0.9999995246025223,0.001158135937865692,872.0,0.9457008508732647,0.3880054100290566,02109c6cf15cef4b043f78bc06429c01afcbe71de5134e3fbd699a1fbd4e0863,phase2/runs/2026-07-24_e2_family_birth_s20260727_seed20260727,ab15511df54ee0164d4e14c77a9dfcb6402741fa08a9917b8ece281f7d02a602,,,,,,,,,,,,,,,,,,,,,,,,,,,,,,,,,,,,,,,,,,,,,,,,,
per_seed,family_birth,20260727,learned,clean_frozen,20260719,True,14900.0,8500.0,39574.0,0.9978823529411764,0.9997359387377872,0.8908235294117647,0.9421425905188504,0.6500030591266042,2.0,2.0,1.0,872.0,0.9999920993841217,2.4404312294764534e-05,7.72293062345524e-06,872.0,0.9858892128279884,0.006297369377908123,eb3a59ab9688890011f6be4954ca38276df1a31444b1ca5d609f9a886e14359f,phase2/runs/2026-07-24_e2_family_birth_s20260727_seed20260727,ab15511df54ee0164d4e14c77a9dfcb6402741fa08a9917b8ece281f7d02a602,,,,,,,,,,,,,,,,,,,,,,,,,,,,,,,,,,,,,,,,,,,,,,,,,
per_seed,family_birth,20260728,baseline,clean_frozen,20260719,True,14900.0,8500.0,40200.0,0.9962352941176471,0.9918677509665378,0.8752941176470588,0.9299418786325855,0.65,61.0,58.0,0.9508196721311475,939.0,1.0000000000000002,0.6,0.3507692307692308,939.0,0.9299418786325855,0.65,cb23f726d63a84b75dd27a7320b609d0b9ee8f5a8ec7ec3720eb1a4f5f1dd729,phase2/runs/2026-07-24_e2_family_birth_s20260728_seed20260728,8b46b0ce0a72bc5bf81c4f593f8784de9b3fbb7b7036c782bfb3463db98b7f4a,,,,,,,,,,,,,,,,,,,,,,,,,,,,,,,,,,,,,,,,,,,,,,,,,
per_seed,family_birth,20260728,splink,clean_frozen,20260719,True,14900.0,8500.0,40200.0,0.9962352941176471,0.8872063908429713,0.8754117647058823,0.8812696156807012,0.9986013472769922,946.0,939.0,0.992600422832981,939.0,0.9999999999998234,0.9999995246025223,0.001158135937865692,939.0,0.9424568845230786,0.3880054100290566,34786a97c59c4f17c9188d67c0c8f6acd75e8ec98f241177307abcc948f00c58,phase2/runs/2026-07-24_e2_family_birth_s20260728_seed20260728,8b46b0ce0a72bc5bf81c4f593f8784de9b3fbb7b7036c782bfb3463db98b7f4a,,,,,,,,,,,,,,,,,,,,,,,,,,,,,,,,,,,,,,,,,,,,,,,,,
per_seed,family_birth,20260728,learned,clean_frozen,20260719,True,14900.0,8500.0,40200.0,0.9962352941176471,0.999066044029353,0.8809411764705882,0.9362925914348234,0.6500030591266042,7.0,4.0,0.5714285714285714,939.0,0.9999920993841217,2.4404312294764534e-05,8.042802525218615e-05,939.0,0.9868474893318525,0.006297369377908123,177e0cdf631649b6e663a723b8b5bc637763f96c9405022521eb9ab8bb61c939,phase2/runs/2026-07-24_e2_family_birth_s20260728_seed20260728,8b46b0ce0a72bc5bf81c4f593f8784de9b3fbb7b7036c782bfb3463db98b7f4a,,,,,,,,,,,,,,,,,,,,,,,,,,,,,,,,,,,,,,,,,,,,,,,,,
per_seed,family_birth,20260729,baseline,clean_frozen,20260719,True,14900.0,8500.0,39398.0,0.9985882352941177,0.9948316989133316,0.8831764705882353,0.9356849058955503,0.65,39.0,39.0,1.0,890.0,1.0000000000000002,0.6,0.45,890.0,0.9356849058955503,0.65,898c26cdc682148eac04a482a950cd9c54a05528e2a35040d98d942a153fd800,phase2/runs/2026-07-24_e2_family_birth_s20260729_seed20260729,af7ef76d7017c536b61656d7a6e0874c58ceef84ff58fc0adab39697620140fa,,,,,,,,,,,,,,,,,,,,,,,,,,,,,,,,,,,,,,,,,,,,,,,,,
per_seed,family_birth,20260729,splink,clean_frozen,20260719,True,14900.0,8500.0,39398.0,0.9985882352941177,0.8932778108268887,0.8832941176470588,0.8882579118603963,0.9986013472769922,897.0,890.0,0.992196209587514,890.0,0.9999999999998234,0.9999995246025223,0.1267123382008275,890.0,0.9451533467651667,0.3880054100290566,4b90bac21cb93622a912f88d13a23052c192bec94ee40924736aa3a17541ab9a,phase2/runs/2026-07-24_e2_family_birth_s20260729_seed20260729,af7ef76d7017c536b61656d7a6e0874c58ceef84ff58fc0adab39697620140fa,,,,,,,,,,,,,,,,,,,,,,,,,,,,,,,,,,,,,,,,,,,,,,,,,
per_seed,family_birth,20260729,learned,clean_frozen,20260719,True,14900.0,8500.0,39398.0,0.9985882352941177,1.0,0.8874117647058823,0.940347815246525,0.6500030591266042,0.0,0.0,0.0,890.0,0.9999920993841217,2.4404312294764534e-05,8.042802525218615e-05,890.0,0.9887693027608797,0.0062973693779081056,9dcc873fff0c3b753d2b5417a087d451e675e0b0423189e057fdc8475597219e,phase2/runs/2026-07-24_e2_family_birth_s20260729_seed20260729,af7ef76d7017c536b61656d7a6e0874c58ceef84ff58fc0adab39697620140fa,,,,,,,,,,,,,,,,,,,,,,,,,,,,,,,,,,,,,,,,,,,,,,,,,
per_seed,roommates_split,20260720,baseline,clean_frozen,20260719,True,24458.0,15120.0,96474.0,0.999537037037037,0.9993272788429196,0.982473544973545,0.9908287477071869,0.65,10.0,6.0,0.6,30.0,1.0000000000000002,0.5499999999999999,0.3988562091503268,30.0,0.9950140333498431,0.55,69dacdefe0eec62deea3c8687236a00e26602d13114d8a54f2ebaf1921f62da3,phase2/runs/2026-07-24_e2_roommates_split_s20260720_seed20260720,0f9afd48bd5349f36025050d9b551678d60ae104764d74bf7ee8c5448472e385,,,,,,,,,,,,,,,,,,,,,,,,,,,,,,,,,,,,,,,,,,,,,,,,,
per_seed,roommates_split,20260720,splink,clean_frozen,20260719,True,24458.0,15120.0,96474.0,0.999537037037037,0.9965117059099752,0.982473544973545,0.9894428347820295,0.9986013472769922,52.0,30.0,0.5769230769230769,30.0,0.9999999999998234,0.9999995246025223,0.06393523706934659,30.0,0.9953045433503076,0.5662987087670317,8b8e28426642ba371b353a42c7a138a09b592c685b9ed3ff7efee5a038508af2,phase2/runs/2026-07-24_e2_roommates_split_s20260720_seed20260720,0f9afd48bd5349f36025050d9b551678d60ae104764d74bf7ee8c5448472e385,,,,,,,,,,,,,,,,,,,,,,,,,,,,,,,,,,,,,,,,,,,,,,,,,
per_seed,roommates_split,20260720,learned,clean_frozen,20260719,True,24458.0,15120.0,96474.0,0.999537037037037,0.9996013289036545,0.994973544973545,0.9972820682797481,0.6500030591266042,6.0,0.0,0.0,30.0,0.9999920993841217,0.0008170874293729431,4.287069557777799e-05,30.0,0.9975478825634568,0.4474124800737751,1d2b85bc8448e52e715d3ee875975d2952078e8e2af0b423b56efca886c74d59,phase2/runs/2026-07-24_e2_roommates_split_s20260720_seed20260720,0f9afd48bd5349f36025050d9b551678d60ae104764d74bf7ee8c5448472e385,,,,,,,,,,,,,,,,,,,,,,,,,,,,,,,,,,,,,,,,,,,,,,,,,
per_seed,roommates_split,20260721,baseline,clean_frozen,20260719,True,24456.0,15102.0,96807.0,0.9998013508144616,0.9991907748330973,0.9811283273738578,0.9900771775082691,0.65,12.0,8.0,0.6666666666666666,55.0,1.0000000000000002,0.5857142857142856,0.45,55.0,0.9947453650153674,0.55,6d362b8a8b11a7860fab78d7e955d65cc2941b6b40313d54ff91f847e8c9cba1,phase2/runs/2026-07-24_e2_roommates_split_s20260721_seed20260721,b21e51f06f894d80145442c679bdea51d5d81f16bacd6b30d2ba9ea9fa442ba6,,,,,,,,,,,,,,,,,,,,,,,,,,,,,,,,,,,,,,,,,,,,,,,,,
per_seed,roommates_split,20260721,splink,clean_frozen,20260719,True,24456.0,15102.0,96807.0,0.9998013508144616,0.9950285522337924,0.9807310290027811,0.987828058825491,0.9986013472769922,74.0,55.0,0.7432432432432432,55.0,0.9999999999998234,0.9999995246025223,0.1267123382008275,55.0,0.9946746932160223,0.5662987087670317,abfd19b38367d6eac9f411a86d53a6aacc73b00eabfdefa958267bf4a5c22c90,phase2/runs/2026-07-24_e2_roommates_split_s20260721_seed20260721,b21e51f06f894d80145442c679bdea51d5d81f16bacd6b30d2ba9ea9fa442ba6,,,,,,,,,,,,,,,,,,,,,,,,,,,,,,,,,,,,,,,,,,,,,,,,,
per_seed,roommates_split,20260721,learned,clean_frozen,20260719,True,24456.0,15102.0,96807.0,0.9998013508144616,0.9997339187121665,0.9951662031519004,0.997444831591173,0.6500030591266042,4.0,0.0,0.0,55.0,0.9999920993841217,2.4404312294764534e-05,8.042802525218615e-05,55.0,0.9979438880413876,0.36289982629834006,4a426b5de7fe7110cee84b9ffd3f66f7155257c4616a5d3d078cd093cce81142,phase2/runs/2026-07-24_e2_roommates_split_s20260721_seed20260721,b21e51f06f894d80145442c679bdea51d5d81f16bacd6b30d2ba9ea9fa442ba6,,,,,,,,,,,,,,,,,,,,,,,,,,,,,,,,,,,,,,,,,,,,,,,,,
per_seed,roommates_split,20260722,baseline,clean_frozen,20260719,True,24485.0,15182.0,97605.0,0.9996047951521538,0.9989285475122213,0.9825451192201291,0.9906691017765233,0.65,16.0,10.0,0.625,57.0,1.0000000000000002,0.6,0.45,57.0,0.9945078435886473,0.55,83cb0069da4971ead5d4543fdb965f2002f07872bceb5a5c43c86d7fbaf157b4,phase2/runs/2026-07-24_e2_roommates_split_s20260722_seed20260722,43383839ccb4127e5f38c58e901eb626c7f91af0d5c072331c0d443e971a887f,,,,,,,,,,,,,,,,,,,,,,,,,,,,,,,,,,,,,,,,,,,,,,,,,
per_seed,roommates_split,20260722,splink,clean_frozen,20260719,True,24485.0,15182.0,97605.0,0.9996047951521538,0.9946655997866239,0.9825451192201291,0.9885682096822294,0.9986013472769922,80.0,57.0,0.7125,57.0,0.9999999999998234,0.9999995246025223,0.1267123382008275,57.0,0.9943718526807753,0.5827268764206824,b8beda3121e79f09e8bd522ecd1b83a9722ba80dd8a53e959c53e7b83bfc0920,phase2/runs/2026-07-24_e2_roommates_split_s20260722_seed20260722,43383839ccb4127e5f38c58e901eb626c7f91af0d5c072331c0d443e971a887f,,,,,,,,,,,,,,,,,,,,,,,,,,,,,,,,,,,,,,,,,,,,,,,,,
per_seed,roommates_split,20260722,learned,clean_frozen,20260719,True,24485.0,15182.0,97605.0,0.9996047951521538,0.9996029382568989,0.9949282044526413,0.997260093090813,0.6500030591266042,6.0,5.0,0.8333333333333334,57.0,0.9999920993841217,2.4404312294764534e-05,8.042802525218615e-05,57.0,0.9977930761882803,0.2149860992361772,a878793e75e890a82c15975e0eda3b8f47d28e10030e4f437cce0c177e0163af,phase2/runs/2026-07-24_e2_roommates_split_s20260722_seed20260722,43383839ccb4127e5f38c58e901eb626c7f91af0d5c072331c0d443e971a887f,,,,,,,,,,,,,,,,,,,,,,,,,,,,,,,,,,,,,,,,,,,,,,,,,
per_seed,roommates_split,20260723,baseline,clean_frozen,20260719,True,24463.0,15114.0,94891.0,0.9995368532486436,0.9991249326871298,0.9820696043403467,0.9905238571905238,0.65,13.0,3.0,0.23076923076923078,28.0,1.0000000000000002,0.5499999999999999,0.45,28.0,0.9950117273958574,0.55,9d23a39dcff5ded9a7b0b0a181c49abd19a4a79fbff4de78c20e1b69fb08ec57,phase2/runs/2026-07-24_e2_roommates_split_s20260723_seed20260723,5f6905095accc8a37152e6e977241efb09ecfbe81caad14de8441d93ca93c39c,,,,,,,,,,,,,,,,,,,,,,,,,,,,,,,,,,,,,,,,,,,,,,,,,
per_seed,roommates_split,20260723,splink,clean_frozen,20260719,True,24463.0,15114.0,94891.0,0.9995368532486436,0.9966424926134837,0.9820034405187243,0.9892688129040857,0.9986013472769922,50.0,28.0,0.56,28.0,0.9999999999998234,0.9999998912001203,0.1267123382008275,28.0,0.9949359547214776,0.5827268764206824,b85b2282ef3a95f290e3d91a6ad4e2e86db307461629dbdd769cce4e70ce4e0b,phase2/runs/2026-07-24_e2_roommates_split_s20260723_seed20260723,5f6905095accc8a37152e6e977241efb09ecfbe81caad14de8441d93ca93c39c,,,,,,,,,,,,,,,,,,,,,,,,,,,,,,,,,,,,,,,,,,,,,,,,,
per_seed,roommates_split,20260723,learned,clean_frozen,20260719,True,24463.0,15114.0,94891.0,0.9995368532486436,0.9994678728216043,0.9941775836972343,0.996815709168104,0.6500030591266042,8.0,0.0,0.0,28.0,0.9999920993841217,0.0019191251568645964,8.042802525218615e-05,28.0,0.9970182878346144,0.36289982629834006,cc9e9a02e4d58462754c479bc808b8ae1d884dc3ea72193a541087f36092ca71,phase2/runs/2026-07-24_e2_roommates_split_s20260723_seed20260723,5f6905095accc8a37152e6e977241efb09ecfbe81caad14de8441d93ca93c39c,,,,,,,,,,,,,,,,,,,,,,,,,,,,,,,,,,,,,,,,,,,,,,,,,
per_seed,roommates_split,20260724,baseline,clean_frozen,20260719,True,24442.0,15080.0,96910.0,0.9999336870026525,0.9999324734958471,0.9819628647214854,0.9908662049583459,0.65,1.0,1.0,1.0,60.0,1.0000000000000002,0.6,0.45,60.0,0.9947682119205298,0.55,e3634134961c5895048cac67c6beef523bb784ccc0fcf063ed5e4ec5d5306b76,phase2/runs/2026-07-24_e2_roommates_split_s20260724_seed20260724,544d9c3ed1d5a8327d3b4f4356f92730e4b1bfe00328417f949831553426f040,,,,,,,,,,,,,,,,,,,,,,,,,,,,,,,,,,,,,,,,,,,,,,,,,
per_seed,roommates_split,20260724,splink,clean_frozen,20260719,True,24442.0,15080.0,96910.0,0.9999336870026525,0.9955618317530764,0.9817639257294429,0.9886147374044272,0.9986013472769922,66.0,60.0,0.9090909090909091,60.0,0.9999999999998234,0.9999995246025223,0.1267123382008275,60.0,0.9942633551082667,0.5827268764206824,bb0bd19dc2cb403cc67ca36a6bfaced2a2f166f186baeaf55ec7edbadadbaa44,phase2/runs/2026-07-24_e2_roommates_split_s20260724_seed20260724,544d9c3ed1d5a8327d3b4f4356f92730e4b1bfe00328417f949831553426f040,,,,,,,,,,,,,,,,,,,,,,,,,,,,,,,,,,,,,,,,,,,,,,,,,
per_seed,roommates_split,20260724,learned,clean_frozen,20260719,True,24442.0,15080.0,96910.0,0.9999336870026525,1.0,0.9944297082228116,0.9972070754089639,0.6500030591266042,0.0,0.0,0.0,60.0,0.9999920993841217,2.4404312294764534e-05,8.042802525218615e-05,60.0,0.9972070754089639,0.6500030591266042,8058f068da01393b65bef8aa04de4eeb6585742e7367d482d6261de566e7211d,phase2/runs/2026-07-24_e2_roommates_split_s20260724_seed20260724,544d9c3ed1d5a8327d3b4f4356f92730e4b1bfe00328417f949831553426f040,,,,,,,,,,,,,,,,,,,,,,,,,,,,,,,,,,,,,,,,,,,,,,,,,
per_seed,roommates_split,20260725,baseline,clean_frozen,20260719,True,24454.0,15168.0,94207.0,0.9997362869198312,0.9981270903010033,0.9837816455696202,0.9909024503619098,0.65,28.0,18.0,0.6428571428571429,47.0,1.0000000000000002,0.6,0.45,47.0,0.9941042785152004,0.55,2959cd60a053f8ccbb400a6432a93752cc911a873c9a75b904c897f7875d0fd2,phase2/runs/2026-07-24_e2_roommates_split_s20260725_seed20260725,7bed847105c9c5b84b9e975baec9e5c00b74017a8dc677692c86aeb1ae28bee0,,,,,,,,,,,,,,,,,,,,,,,,,,,,,,,,,,,,,,,,,,,,,,,,,
per_seed,roommates_split,20260725,splink,clean_frozen,20260719,True,24454.0,15168.0,94207.0,0.9997362869198312,0.995396317053643,0.9835838607594937,0.9894548348587346,0.9986013472769922,69.0,47.0,0.6811594202898551,47.0,0.9999999999998234,0.9999998912001203,0.1267123382008275,47.0,0.9953203269180069,0.5827268764206824,3349ed1e167197c9346f0bee40f8c64896360d36dae3917b4f3bb787771531ea,phase2/runs/2026-07-24_e2_roommates_split_s20260725_seed20260725,7bed847105c9c5b84b9e975baec9e5c00b74017a8dc677692c86aeb1ae28bee0,,,,,,,,,,,,,,,,,,,,,,,,,,,,,,,,,,,,,,,,,,,,,,,,,
per_seed,roommates_split,20260725,learned,clean_frozen,20260719,True,24454.0,15168.0,94207.0,0.9997362869198312,0.9994704441649567,0.9954509493670886,0.9974566473988439,0.6500030591266042,8.0,4.0,0.5,47.0,0.9999920993841217,0.0019191251568645964,8.042802525218615e-05,47.0,0.9976221928665786,0.6304418257279977,ed50cd36ce00bddd76f8128c0b0897a239a705dc9d0f22fc87572dfe3a8f2806,phase2/runs/2026-07-24_e2_roommates_split_s20260725_seed20260725,7bed847105c9c5b84b9e975baec9e5c00b74017a8dc677692c86aeb1ae28bee0,,,,,,,,,,,,,,,,,,,,,,,,,,,,,,,,,,,,,,,,,,,,,,,,,
per_seed,roommates_split,20260726,baseline,clean_frozen,20260719,True,24444.0,15110.0,95949.0,0.999735274652548,0.9983198924731183,0.9831237590999338,0.9906635545181727,0.65,25.0,21.0,0.84,44.0,1.0000000000000002,0.6035714285714285,0.45,44.0,0.9944525161801612,0.55,1f6a13bdfc9e46ba69081ea4baeccce889fe89edd652e66d2e6603e615f7e3a0,phase2/runs/2026-07-24_e2_roommates_split_s20260726_seed20260726,175ab647d92bd96947e1e9e0e0d4cb09b905d05f26b61ad4ce66c6ae9ef6f14d,,,,,,,,,,,,,,,,,,,,,,,,,,,,,,,,,,,,,,,,,,,,,,,,,
per_seed,roommates_split,20260726,splink,clean_frozen,20260719,True,24444.0,15110.0,95949.0,0.999735274652548,0.9959104317511397,0.9831237590999338,0.9894757876507025,0.9986013472769922,61.0,44.0,0.7213114754098361,44.0,0.9999999999998234,0.9999995246025223,0.1267123382008275,44.0,0.9944082321410845,0.5827268764206824,24e6fc929ec8c9f5ead20516d5fe376c9a4bde2921d3f27078e9495d01197d72,phase2/runs/2026-07-24_e2_roommates_split_s20260726_seed20260726,175ab647d92bd96947e1e9e0e0d4cb09b905d05f26b61ad4ce66c6ae9ef6f14d,,,,,,,,,,,,,,,,,,,,,,,,,,,,,,,,,,,,,,,,,,,,,,,,,
per_seed,roommates_split,20260726,learned,clean_frozen,20260719,True,24444.0,15110.0,95949.0,0.999735274652548,0.9989361702127659,0.9943084050297816,0.9966169154228856,0.6500030591266042,16.0,4.0,0.25,44.0,0.9999920993841217,0.0008170874293729431,8.042802525218615e-05,44.0,0.9971187282662692,0.35329790982478915,a6641d0c37ac5999ccc3b0ee9b645a67f59af2e6b81f7b1e42d5470d7ba62123,phase2/runs/2026-07-24_e2_roommates_split_s20260726_seed20260726,175ab647d92bd96947e1e9e0e0d4cb09b905d05f26b61ad4ce66c6ae9ef6f14d,,,,,,,,,,,,,,,,,,,,,,,,,,,,,,,,,,,,,,,,,,,,,,,,,
per_seed,roommates_split,20260727,baseline,clean_frozen,20260719,True,24456.0,15100.0,94410.0,0.9999337748344371,0.9995286195286195,0.9829801324503311,0.9911853088480801,0.65,7.0,3.0,0.42857142857142855,43.0,1.0000000000000002,0.6,0.3506896551724138,43.0,0.9950764960512838,0.55,e4b4ef0066518926194e1a36013d35f6af7618462d839c2fb0dee48ec1adc785,phase2/runs/2026-07-24_e2_roommates_split_s20260727_seed20260727,20c7712a7d591c68bfbf12498780bdbab01e0ceaf6a72e2fd6f4315c30864c5c,,,,,,,,,,,,,,,,,,,,,,,,,,,,,,,,,,,,,,,,,,,,,,,,,
per_seed,roommates_split,20260727,splink,clean_frozen,20260719,True,24456.0,15100.0,94410.0,0.9999337748344371,0.9955737375092214,0.983112582781457,0.989303921895305,0.9986013472769922,66.0,43.0,0.6515151515151515,43.0,0.9999999999998234,0.9999995246025223,0.00044516914797817906,43.0,0.9948375140644649,0.5662987087670317,43a3e4625030c7d3abce91c34b2d9dccd24a6a8c593981a1d3db9562cde84a44,phase2/runs/2026-07-24_e2_roommates_split_s20260727_seed20260727,20c7712a7d591c68bfbf12498780bdbab01e0ceaf6a72e2fd6f4315c30864c5c,,,,,,,,,,,,,,,,,,,,,,,,,,,,,,,,,,,,,,,,,,,,,,,,,
per_seed,roommates_split,20260727,learned,clean_frozen,20260719,True,24456.0,15100.0,94410.0,0.9999337748344371,0.9998669062354428,0.9950331125827815,0.9974441530852723,0.6500030591266042,2.0,1.0,0.5,43.0,0.9999920993841217,2.4404312294764534e-05,6.883008425798017e-06,43.0,0.9975443021172098,0.41750043132426884,08492ae832289dd526a41a57f2adfd927aa4034c5e66ec3d25cce390c3cfc467,phase2/runs/2026-07-24_e2_roommates_split_s20260727_seed20260727,20c7712a7d591c68bfbf12498780bdbab01e0ceaf6a72e2fd6f4315c30864c5c,,,,,,,,,,,,,,,,,,,,,,,,,,,,,,,,,,,,,,,,,,,,,,,,,
per_seed,roommates_split,20260728,baseline,clean_frozen,20260719,True,24444.0,15100.0,95915.0,0.9996688741721854,0.9990567308988006,0.9819867549668874,0.9904481998530491,0.65,14.0,10.0,0.7142857142857143,65.0,1.0000000000000002,0.6,0.45,65.0,0.9931344071824664,0.55,35099627eea3054dc380b802345a31cf16a2010841ee91671d4dbb823f34cdd0,phase2/runs/2026-07-24_e2_roommates_split_s20260728_seed20260728,6f4447a7df8f9bd6c15b18f3e17528564253b83bdd76c78ee2313226049dce38,,,,,,,,,,,,,,,,,,,,,,,,,,,,,,,,,,,,,,,,,,,,,,,,,
per_seed,roommates_split,20260728,splink,clean_frozen,20260719,True,24444.0,15100.0,95915.0,0.9996688741721854,0.9944332662642522,0.9819205298013245,0.9881372875708098,0.9986013472769922,83.0,65.0,0.7831325301204819,65.0,0.9999999999998234,0.9999995246025223,0.1267123382008275,65.0,0.9938138873267393,0.5827268764206824,bd7ef7f7973695f6abb5a80a959f9ee183aa90c931c1190606e95f2a6d996fa4,phase2/runs/2026-07-24_e2_roommates_split_s20260728_seed20260728,6f4447a7df8f9bd6c15b18f3e17528564253b83bdd76c78ee2313226049dce38,,,,,,,,,,,,,,,,,,,,,,,,,,,,,,,,,,,,,,,,,,,,,,,,,
per_seed,roommates_split,20260728,learned,clean_frozen,20260719,True,24444.0,15100.0,95915.0,0.9996688741721854,0.9997337593184239,0.9947019867549669,0.997211525693799,0.6500030591266042,4.0,0.0,0.0,65.0,0.9999920993841217,0.0007686206145976485,8.042802525218615e-05,65.0,0.9973117387408317,0.4680553561376989,597df57fc3645a0ec2253c16b68cf1187786b6dddbfe52fd7ddabcbdeb3f394e,phase2/runs/2026-07-24_e2_roommates_split_s20260728_seed20260728,6f4447a7df8f9bd6c15b18f3e17528564253b83bdd76c78ee2313226049dce38,,,,,,,,,,,,,,,,,,,,,,,,,,,,,,,,,,,,,,,,,,,,,,,,,
per_seed,roommates_split,20260729,baseline,clean_frozen,20260719,True,24432.0,15090.0,93724.0,1.0,0.9991912656692277,0.9825049701789265,0.9907778668805132,0.65,12.0,5.0,0.4166666666666667,49.0,1.0000000000000002,0.4409090909090909,0.45,49.0,0.9938528653579218,0.55,2287c530bec21a3e1d3399b2fec0e7f3bb4fb08c6a982e676556a9fce15939b6,phase2/runs/2026-07-24_e2_roommates_split_s20260729_seed20260729,f2a6fa8dd7b8e4e8ee641aa0888fbc878a2ee688cf677087deb2ca2200f20812,,,,,,,,,,,,,,,,,,,,,,,,,,,,,,,,,,,,,,,,,,,,,,,,,
per_seed,roommates_split,20260729,splink,clean_frozen,20260719,True,24432.0,15090.0,93724.0,1.0,0.9951000134246207,0.9824387011265739,0.9887288248632786,0.9986013472769922,73.0,49.0,0.6712328767123288,49.0,0.9999999999998234,0.9997570095788743,0.1267123382008275,49.0,0.9947016358699251,0.5827268764206824,928417403d2ef9c8ba4e309992d0a1dcca6077b9963bfdf4e24a2aa5c3eac451,phase2/runs/2026-07-24_e2_roommates_split_s20260729_seed20260729,f2a6fa8dd7b8e4e8ee641aa0888fbc878a2ee688cf677087deb2ca2200f20812,,,,,,,,,,,,,,,,,,,,,,,,,,,,,,,,,,,,,,,,,,,,,,,,,
per_seed,roommates_split,20260729,learned,clean_frozen,20260719,True,24432.0,15090.0,93724.0,1.0,0.9997336884154461,0.9950960901259112,0.9974094985054798,0.6500030591266042,4.0,0.0,0.0,49.0,0.9999920993841217,2.803720855524563e-07,8.042802525218615e-05,49.0,0.9976788911731547,0.3416511262295295,de794023f9e0e679fc4bb15a3b839a04ee8092c13fabcb0dc17efedec4970d57,phase2/runs/2026-07-24_e2_roommates_split_s20260729_seed20260729,f2a6fa8dd7b8e4e8ee641aa0888fbc878a2ee688cf677087deb2ca2200f20812,,,,,,,,,,,,,,,,,,,,,,,,,,,,,,,,,,,,,,,,,,,,,,,,,
arm_summary,adoption_blended_family,,baseline,clean_frozen,20260719,,,,,,,,,,,,,,,,,,,,,,,10.0,0.9846487530472215,0.0019511648216811225,0.9832529738173105,0.9860445322771326,0.7416545272344559,0.000820366713969226,0.7410676722401751,0.7422413822287367,0.8460481758729547,0.0005027309240512053,0.8456885438345807,0.8464078079113286,0.6500000000000001,1.1702778228589004e-16,0.65,0.6500000000000002,1.0,0.0,1.0,1.0,94.4,12.167351578895238,85.69600102044916,103.10399897955085,92.9,11.376877134492283,84.76147237326012,101.03852762673989,0.9849486176201875,0.019292297314059074,0.971147739504195,0.99874949573618,1.0000000000000002,0.0,1.0000000000000002,1.0000000000000002,0.5999999999999999,1.1702778228589004e-16,0.5999999999999998,0.6,0.38966338791137184,0.04034609158992632,0.36080153266287995,0.4185252431598637,0.851375552617214,0.0005631073419214027,0.8509727298913577,0.8517783753430702
arm_summary,adoption_blended_family,,splink,clean_frozen,20260719,,,,,,,,,,,,,,,,,,,,,,,10.0,0.7365777071647657,0.0010812667041837439,0.7358042155607126,0.7373511987688187,0.7416667896501518,0.0008330127988063754,0.7410708881917489,0.7422626911085546,0.739113300802086,0.0008831524900060072,0.7384815315693194,0.7397450700348527,0.9986013472769922,0.0,0.9986013472769922,0.9986013472769922,1.0,0.0,1.0,1.0,2165.0,11.935009193312105,2156.46220875053,2173.53779124947,2163.5,11.664285471281794,2155.155872834699,2171.844127165301,0.9993081698913826,0.0009538635474702371,0.9986258170153293,0.9999905227674359,0.9999999999998235,1.1702778228589004e-16,0.9999999999998234,0.9999999999998236,0.9999995246025224,1.1702778228589004e-16,0.9999995246025223,0.9999995246025225,0.026272095624958393,0.052936656773387256,-0.011596507377818616,0.0641406986277354,0.881572604642628,0.0005158963368060032,0.8812035546353197,0.8819416546499362
arm_summary,adoption_blended_family,,learned,clean_frozen,20260719,,,,,,,,,,,,,,,,,,,,,,,10.0,0.9996064361113607,0.0003111210842163803,0.9993838734951679,0.9998289987275535,0.7464939350982077,0.0011869768362259582,0.7456448230211653,0.7473430471752501,0.8547041623587646,0.0007268973463031052,0.8541841713221421,0.855224153395387,0.6500030591266042,0.0,0.6500030591266042,0.6500030591266042,1.0,0.0,1.0,1.0,2.4,1.8973665961010278,1.0427057022875403,3.7572942977124595,0.8,1.0327955589886446,0.0611825644033851,1.538817435596615,0.31666666666666665,0.4335469558917038,0.00652585769931413,0.6268074756340192,0.9999920993841217,0.0,0.9999920993841217,0.9999920993841217,2.4404312294764537e-05,3.5714044887051404e-21,2.4404312294764534e-05,2.440431229476454e-05,6.634301024711786e-05,2.2904715248009172e-05,4.995796401475807e-05,8.272805647947765e-05,0.9880302678428956,0.0012369009175773314,0.9871454422294833,0.9889150934563079
arm_summary,clean_baseline_linkage,,baseline,clean_frozen,20260719,,,,,,,,,,,,,,,,,,,,,,,10.0,0.9988973510739063,0.0003327476160188472,0.9986593177688361,0.9991353843789765,0.9994325067099192,0.00016593289653401598,0.999313805466453,0.9995512079533855,0.9991648382738194,0.00021931105610333956,0.9990079525952763,0.9993217239523625,0.6500000000000001,1.1702778228589004e-16,0.65,0.6500000000000002,1.0,0.0,1.0,1.0,10.5,3.1710495984067415,8.231567770548185,12.768432229451815,7.2,2.043961295567452,5.737838171642949,8.662161828357052,0.7085880785880787,0.132083106435761,0.6141015162348641,0.8030746409412933,1.0000000000000002,0.0,1.0000000000000002,1.0000000000000002,0.5719621212121212,0.023847810208264753,0.5549024254869398,0.5890218169373026,0.4227142857142857,0.05760310680711762,0.38150750545343015,0.46392106597514127,0.9991701016828698,0.00021558780015288787,0.9990158794611836,0.999324323904556
arm_summary,clean_baseline_linkage,,splink,clean_frozen,20260719,,,,,,,,,,,,,,,,,,,,,,,10.0,0.9954890800418006,0.0005813298981629415,0.9950732216844922,0.995904938399109,0.9994010006860385,0.00017203567631069732,0.9992779337769133,0.9995240675951638,0.9974410950006349,0.00025081944635620563,0.9972616695775278,0.997620520423742,0.9986013472769922,0.0,0.9986013472769922,0.9986013472769922,1.0,0.0,1.0,1.0,43.1,5.586690532964138,39.10352234562443,47.096477654375576,40.1,4.931756504757937,36.57203392566849,43.62796607433151,0.9320941921893067,0.040376430857624906,0.903210633536144,0.9609777508424694,0.9999999999998235,1.1702778228589004e-16,0.9999999999998234,0.9999999999998236,0.9999995612622821,1.1592833946039315e-07,0.9999994783321439,0.9999996441924203,0.10160149774823513,0.052938299860856845,0.06373171935148961,0.13947127614498064,0.9974464511923273,0.0002536284735175374,0.9972650163122413,0.9976278860724134
arm_summary,clean_baseline_linkage,,learned,clean_frozen,20260719,,,,,,,,,,,,,,,,,,,,,,,10.0,0.9996219421504818,0.00025807517194742426,0.9994373262939651,0.9998065580069986,0.9999159585485058,9.652643837195719e-05,0.9998469076942059,0.9999850094028057,0.9997689156033586,0.00015293786158644785,0.9996595104478856,0.9998783207588315,0.6500030591266042,0.0,0.6500030591266042,0.6500030591266042,1.0,0.0,1.0,1.0,3.6,2.4585451886114367,1.841262720642403,5.358737279357597,1.2,1.6193277068654826,0.04160274183551471,2.3583972581644854,0.24166666666666664,0.3610042576952162,-0.016580222166800607,0.4999135555001339,0.9999920993841217,0.0,0.9999920993841217,0.9999920993841217,0.0008006240095563657,0.000829440827128123,0.00020727778576158206,0.0013939702333511492,6.606904012991742e-05,3.0375803565541645e-05,4.433949927436196e-05,8.779858098547288e-05,0.9998634049922195,8.288492337785659e-05,0.9998041126898788,0.9999226972945602
arm_summary,couple_merge,,baseline,clean_frozen,20260719,,,,,,,,,,,,,,,,,,,,,,,10.0,0.9974952652465415,0.0007582765294748282,0.9969528268945328,0.9980377035985503,0.7717973231357552,0.005099187364938085,0.7681495842393182,0.7754450620321922,0.8702410481094722,0.0030508068840371374,0.8680586323361394,0.872423463882805,0.6500000000000001,1.1702778228589004e-16,0.65,0.6500000000000002,0.9981070745697898,0.0003514097833547645,0.9978556911544351,0.9983584579851444,20.3,6.30784344200844,15.787640631866001,24.812359368134,17.6,7.275529763071094,12.395399539263384,22.80460046073662,0.8588220551378445,0.13722450072489137,0.7606575608734915,0.9569865494021975,0.6500000000000001,1.1702778228589004e-16,0.65,0.6500000000000002,0.5999999999999999,1.1702778228589004e-16,0.5999999999999998,0.6,0.34978430458430465,0.02540148426146984,0.33161317739550805,0.36795543177310125,0.8733307046129111,0.0027974288785251626,0.8713295445456469,0.8753318646801752
arm_summary,couple_merge,,splink,clean_frozen,20260719,,,,,,,,,,,,,,,,,,,,,,,10.0,0.9687353660621942,0.0022231774925676297,0.9671450006896481,0.9703257314347403,0.7717782026768643,0.005185840694603682,0.7680684757226242,0.7754879296311044,0.8591022072628004,0.003161279781514386,0.8568407639393327,0.8613636505862681,0.9986013472769922,0.0,0.9986013472769922,0.9986013472769922,0.9981070745697898,0.0003514097833547645,0.9978556911544351,0.9983584579851444,260.6,19.585709075752145,246.58922775398221,274.6107722460178,257.2,21.185949222171857,242.04448491400106,272.35551508599895,0.9864786482875523,0.011517000920341946,0.9782398821429116,0.994717414432193,0.9986013472769922,0.0,0.9986013472769922,0.9986013472769922,0.9999995246025224,1.1702778228589004e-16,0.9999995246025223,0.9999995246025225,0.0011215404470752382,0.00011572510298954962,0.001038755695455452,0.0012043251986950244,0.9790080409017776,0.001079702230982272,0.9782356684544334,0.9797804133491218
arm_summary,couple_merge,,learned,clean_frozen,20260719,,,,,,,,,,,,,,,,,,,,,,,10.0,0.9996763254608962,0.0003753099402925764,0.9994078449032219,0.9999448060185706,0.7973040152963671,0.003808604713653686,0.7945795036122751,0.800028526980459,0.8870903388540862,0.002373673269523551,0.8853923152881725,0.8887883624199998,0.6500030591266042,0.0,0.6500030591266042,0.6500030591266042,0.9981070745697898,0.0003514097833547645,0.9978556911544351,0.9983584579851444,2.7,3.1287200080686173,0.4618485353242199,4.93815146467578,0.5,1.2692955176439846,-0.40799931428666925,1.4079993142866694,0.2,0.42163702135578396,-0.10162095504721325,0.5016209550472133,0.9945853685418043,1.1702778228589004e-16,0.9945853685418042,0.9945853685418045,2.4404312294764537e-05,3.5714044887051404e-21,2.4404312294764534e-05,2.440431229476454e-05,2.9235127926557047e-05,2.451080760118621e-05,1.1701152437696992e-05,4.67691034154171e-05,0.9852910267114605,0.00135292464550354,0.9843232027230178,0.9862588506999033
arm_summary,divorce_custody,,baseline,clean_frozen,20260719,,,,,,,,,,,,,,,,,,,,,,,10.0,0.9989917640908409,0.00034267316964502827,0.9987466304724384,0.9992368977092434,0.9831578803693244,0.001474762239794049,0.9821028990163969,0.9842128617222519,0.9910110884906101,0.0007945421803858099,0.9904427072547721,0.9915794697264482,0.6500000000000001,1.1702778228589004e-16,0.65,0.6500000000000002,0.9994103203729997,0.0002671013826077916,0.9992192475543522,0.9996013931916472,27.6,9.39503414930817,20.879197439296114,34.32080256070389,19.5,9.264628073124864,12.87248432647668,26.12751567352332,0.7094903961032992,0.23238718442918102,0.5432506188586985,0.8757301733478999,1.0000000000000002,0.0,1.0000000000000002,1.0000000000000002,0.5999999999999999,1.1702778228589004e-16,0.5999999999999998,0.6,0.44700000000000006,0.009486832980505146,0.44021352851143775,0.4537864714885624,0.9915090608423324,0.0005664849716968915,0.9911038219056904,0.9919142997789744
arm_summary,divorce_custody,,splink,clean_frozen,20260719,,,,,,,,,,,,,,,,,,,,,,,10.0,0.9919571191903653,0.0006805654601993934,0.9914702719884345,0.9924439663922962,0.9831255651710082,0.0014927226352288857,0.9820577357251722,0.9841933946168443,0.9875208680824457,0.0007478080853728994,0.9869859184042202,0.9880558177606711,0.9986013472769922,0.0,0.9986013472769922,0.9986013472769922,0.9994103203729997,0.0002671013826077916,0.9992192475543522,0.9996013931916472,221.7,18.950520368111853,208.14361438259849,235.2563856174015,188.6,17.639601910348077,175.98138895454738,201.2186110454526,0.850640922720516,0.033594983975390014,0.826608518927153,0.8746733265138789,0.9999999999998235,1.1702778228589004e-16,0.9999999999998234,0.9999999999998236,0.9999995246025224,1.1702778228589004e-16,0.9999995246025223,0.9999995246025225,0.11415691797453131,0.039703724895642625,0.08575458417697218,0.14255925177209045,0.9927374807024598,0.00040241206180342625,0.9924496124549957,0.9930253489499239
arm_summary,divorce_custody,,learned,clean_frozen,20260719,,,,,,,,,,,,,,,,,,,,,,,10.0,0.9997127618724505,0.0002237211371969594,0.9995527214119411,0.9998728023329599,0.9883247944052105,0.0012500154410617823,0.9874305872268548,0.9892190015835661,0.9939857947685482,0.0006438585416104374,0.9935252061143276,0.9944463834227688,0.6500030591266042,0.0,0.6500030591266042,0.6500030591266042,0.9994103203729997,0.0002671013826077916,0.9992192475543522,0.9996013931916472,7.9,6.15449248742557,3.497341296266762,12.30265870373324,2.5,5.359311730271176,-1.3338206575938054,6.333820657593805,0.19111111111111112,0.3781697313099137,-0.07941521781719063,0.46163744003941287,0.9999920993841217,0.0,0.9999920993841217,0.9999920993841217,2.4404312294764537e-05,3.5714044887051404e-21,2.4404312294764534e-05,2.440431229476454e-05,7.469302017588955e-05,1.813567843372505e-05,6.171953736354053e-05,8.766650298823857e-05,0.9945420807623189,0.0005928946286079219,0.9941179494952208,0.9949662120294169
arm_summary,family_birth,,baseline,clean_frozen,20260719,,,,,,,,,,,,,,,,,,,,,,,10.0,0.9944285044598624,0.001100321329770498,0.9936413819978048,0.99521562692192,0.877564705882353,0.0047231871370957,0.8741859413455563,0.8809434704191498,0.932342579439297,0.0027139206815366738,0.9304011575374551,0.9342840013411389,0.6500000000000001,1.1702778228589004e-16,0.65,0.6500000000000002,0.9978470588235293,0.000714651414046463,0.9973358279991168,0.9983582896479418,41.8,8.283853102404835,35.87408847500176,47.72591152499823,40.5,7.905694150420948,34.84460709286475,46.15539290713525,0.9697447767191495,0.03886486189690204,0.9419425293609175,0.9975470240773815,1.0000000000000002,0.0,1.0000000000000002,1.0000000000000002,0.5999999999999999,1.1702778228589004e-16,0.5999999999999998,0.6,0.37458988511488517,0.0467536185921009,0.34114436117508096,0.4080354090546894,0.932342579439297,0.0027139206815366738,0.9304011575374551,0.9342840013411389
arm_summary,family_birth,,splink,clean_frozen,20260719,,,,,,,,,,,,,,,,,,,,,,,10.0,0.890136241000574,0.003546724808391405,0.887599066915251,0.8926734150858969,0.8776823529411765,0.004689858339207071,0.8743274303901177,0.8810372754922352,0.8838616789314445,0.0037034413524117712,0.8812123965840739,0.8865109612788151,0.9986013472769922,0.0,0.9986013472769922,0.9986013472769922,0.9978470588235293,0.000714651414046463,0.9973358279991168,0.9983582896479418,920.8,30.727475942188573,898.8188878811648,942.7811121188352,915.0,30.91565586847185,892.8842720713297,937.1157279286703,0.9936936236047261,0.0029768252431393726,0.991564131109126,0.9958231161003263,0.9999999999998235,1.1702778228589004e-16,0.9999999999998234,0.9999999999998236,0.9999995246025224,1.1702778228589004e-16,0.9999995246025223,0.9999995246025225,0.026268976390458054,0.05293829986085684,-0.011600802006287464,0.06413875478720357,0.944117266266215,0.001604507327052326,0.9429694708690992,0.9452650616633307
arm_summary,family_birth,,learned,clean_frozen,20260719,,,,,,,,,,,,,,,,,,,,,,,10.0,0.9995744432503025,0.0004080706923075833,0.9992825270624288,0.9998663594381763,0.8831294117647058,0.005054778744752405,0.8795134408814042,0.8867453826480075,0.9377437679400307,0.002818363837943857,0.9357276319049698,0.9397599039750916,0.6500030591266042,0.0,0.6500030591266042,0.6500030591266042,0.9978470588235293,0.000714651414046463,0.9973358279991168,0.9983582896479418,3.2,3.0840089349921005,0.9938329102236554,5.4061670897763445,1.5,1.4337208778404378,0.4743778687771778,2.525622131222822,0.4438095238095238,0.45231578477983464,0.12024230347973341,0.7673767441393142,0.9999920993841217,0.0,0.9999920993841217,0.9999920993841217,2.4404312294764537e-05,3.5714044887051404e-21,2.4404312294764534e-05,2.440431229476454e-05,5.9945900313831045e-05,3.0995468780766555e-05,3.7773077667163695e-05,8.21187229604984e-05,0.9875688763779907,0.001183378252555263,0.9867223385726289,0.9884154141833525
arm_summary,roommates_split,,baseline,clean_frozen,20260719,,,,,,,,,,,,,,,,,,,,,,,10.0,0.9990727606241986,0.0005296270172147998,0.998693888279836,0.9994516329685612,0.9824556722895063,0.0007351484956030194,0.9819297787362496,0.9829815658427629,0.9906942469602574,0.00030019689773087013,0.9904794990363094,0.9909089948842055,0.6500000000000001,1.1702778228589004e-16,0.65,0.6500000000000002,0.9997487933833951,0.00016716324191742979,0.999629212003862,0.9998683747629281,13.8,7.913420387052758,8.139080076132888,19.460919923867113,8.5,6.553201083779166,3.812122348388299,13.1878776516117,0.616481684981685,0.21964141771676154,0.4593596799769299,0.77360368998644,1.0000000000000002,0.0,1.0000000000000002,1.0000000000000002,0.5730194805194804,0.05082351793289627,0.5366625259795608,0.6093764350594,0.434954586432274,0.033689080390486695,0.410854870118543,0.45905430274600506,0.9944667744557278,0.0006166291775599889,0.9940256645151264,0.9949078843963293
arm_summary,roommates_split,,splink,clean_frozen,20260719,,,,,,,,,,,,,,,,,,,,,,,10.0,0.9954823948299829,0.0007249981147488105,0.9949637624217689,0.996001027238197,0.9823696493013406,0.000818473381984648,0.9817841487151703,0.982955149887511,0.9888823310437094,0.0005945722362797776,0.9884569996883777,0.989307662399041,0.9986013472769922,0.0,0.9986013472769922,0.9986013472769922,0.9997487933833951,0.00016716324191742979,0.999629212003862,0.9998683747629281,67.4,10.87504789261485,59.62045938706403,75.17954061293598,47.8,12.154560186750212,39.10515143115731,56.494848568842684,0.7010108683304882,0.10076454331424879,0.6289282563918791,0.7730934802690973,0.9999999999998235,1.1702778228589004e-16,0.9999999999998234,0.9999999999998236,0.999975346419677,7.671589740047773e-05,0.9999204671726725,1.0000302256666815,0.10780791118239448,0.04257097184981596,0.07735447247499341,0.13826134988979555,0.9946631995397069,0.0004691158166080739,0.994327614300588,0.9949987847788259
arm_summary,roommates_split,,learned,clean_frozen,20260719,,,,,,,,,,,,,,,,,,,,,,,10.0,0.999614702704136,0.00029015289149947554,0.9994071398294093,0.9998222655788627,0.9948265788358661,0.0004103021685153356,0.9945330663460766,0.9951200913256556,0.9972148517645083,0.0002838820865953717,0.9970117747533759,0.9974179287756407,0.6500030591266042,0.0,0.6500030591266042,0.6500030591266042,0.9997487933833951,0.00016716324191742979,0.999629212003862,0.9998683747629281,5.8,4.366539438350084,2.67636585750582,8.92363414249418,1.4,2.0655911179772892,-0.07763487119322998,2.87763487119323,0.20833333333333334,0.30238251468162836,-0.007978086794290129,0.4246447534609568,0.9999920993841217,0.0,0.9999920993841217,0.9999920993841217,0.0006338943408337337,0.0007656722627945726,8.616539991991709e-05,0.0011816232817475503,6.931779060210654e-05,2.491106263059222e-05,5.1497489913804334e-05,8.713809129040875e-05,0.9974786063200748,0.00030335233986679763,0.9972616011288034,0.9976956115113462
