row_type,comparison_id,comparison_label,scenario,seed,left_quantity,right_quantity,difference_definition,left_value,right_value,paired_difference,clean_f1,high_noise_f1,n,mean_difference,sd_paired_differences,ci95_low,ci95_high,holm_family,paired_t_statistic,paired_t_p_value,wilcoxon_statistic,wilcoxon_p_value,sign_positive_count,sign_negative_count,sign_zero_count,sign_nonzero_count,exact_sign_p_value,paired_t_holm_p_value,wilcoxon_holm_p_value,exact_sign_holm_p_value,source_filename
per_seed,E1_clean_minus_high_noise,E1 clean versus high noise,E1,20260720,clean_f1,high_noise_f1,clean_f1 - high_noise_f1,0.9981591542628728,0.9762915972259556,0.02186755703691723,0.9981591542628728,0.9762915972259556,,,,,,,,,,,,,,,,,,,paper_experiments/results/E2_E6/E4/e1_e4_e5_per_run.csv
per_seed,E1_clean_minus_high_noise,E1 clean versus high noise,E1,20260721,clean_f1,high_noise_f1,clean_f1 - high_noise_f1,0.998687870676534,0.9785205420750978,0.02016732860143622,0.998687870676534,0.9785205420750978,,,,,,,,,,,,,,,,,,,paper_experiments/results/E2_E6/E4/e1_e4_e5_per_run.csv
per_seed,E1_clean_minus_high_noise,E1 clean versus high noise,E1,20260722,clean_f1,high_noise_f1,clean_f1 - high_noise_f1,0.9984281672430052,0.9756175981994534,0.02281056904355183,0.9984281672430052,0.9756175981994534,,,,,,,,,,,,,,,,,,,paper_experiments/results/E2_E6/E4/e1_e4_e5_per_run.csv
per_seed,E1_clean_minus_high_noise,E1 clean versus high noise,E1,20260723,clean_f1,high_noise_f1,clean_f1 - high_noise_f1,0.9988453867954236,0.9771557271557272,0.02168965963969638,0.9988453867954236,0.9771557271557272,,,,,,,,,,,,,,,,,,,paper_experiments/results/E2_E6/E4/e1_e4_e5_per_run.csv
per_seed,E1_clean_minus_high_noise,E1 clean versus high noise,E1,20260724,clean_f1,high_noise_f1,clean_f1 - high_noise_f1,0.999000052628809,0.9791185785603091,0.019881474068499827,0.999000052628809,0.9791185785603091,,,,,,,,,,,,,,,,,,,paper_experiments/results/E2_E6/E4/e1_e4_e5_per_run.csv
per_seed,E1_clean_minus_high_noise,E1 clean versus high noise,E1,20260725,clean_f1,high_noise_f1,clean_f1 - high_noise_f1,0.9984240386635848,0.9775799184724308,0.020844120191154003,0.9984240386635848,0.9775799184724308,,,,,,,,,,,,,,,,,,,paper_experiments/results/E2_E6/E4/e1_e4_e5_per_run.csv
per_seed,E1_clean_minus_high_noise,E1 clean versus high noise,E1,20260726,clean_f1,high_noise_f1,clean_f1 - high_noise_f1,0.9989488068958268,0.9772238934250108,0.021724913470815954,0.9989488068958268,0.9772238934250108,,,,,,,,,,,,,,,,,,,paper_experiments/results/E2_E6/E4/e1_e4_e5_per_run.csv
per_seed,E1_clean_minus_high_noise,E1 clean versus high noise,E1,20260727,clean_f1,high_noise_f1,clean_f1 - high_noise_f1,0.9987381703470032,0.9776656286910768,0.021072541655926424,0.9987381703470032,0.9776656286910768,,,,,,,,,,,,,,,,,,,paper_experiments/results/E2_E6/E4/e1_e4_e5_per_run.csv
per_seed,E1_clean_minus_high_noise,E1 clean versus high noise,E1,20260728,clean_f1,high_noise_f1,clean_f1 - high_noise_f1,0.9985802176999526,0.9780496967745398,0.020530520925412854,0.9985802176999526,0.9780496967745398,,,,,,,,,,,,,,,,,,,paper_experiments/results/E2_E6/E4/e1_e4_e5_per_run.csv
per_seed,E1_clean_minus_high_noise,E1 clean versus high noise,E1,20260729,clean_f1,high_noise_f1,clean_f1 - high_noise_f1,0.998842105263158,0.9771419351368796,0.02170017012627834,0.998842105263158,0.9771419351368796,,,,,,,,,,,,,,,,,,,paper_experiments/results/E2_E6/E4/e1_e4_e5_per_run.csv
summary,E1_clean_minus_high_noise,E1 clean versus high noise,E1,,clean_f1,high_noise_f1,clean_f1 - high_noise_f1,,,,,,10.0,0.021228885475968906,0.0008939743566268167,0.02058937474617943,0.02186839620575838,,75.09346302083368,6.662209447886e-14,0.0,0.001953125,10.0,0.0,0.0,10.0,0.001953125,,,,paper_experiments/results/E2_E6/E4/e1_e4_e5_per_run.csv
per_seed,E2_clean_baseline_linkage_learned_minus_baseline,clean_baseline_linkage: learned versus baseline,clean_baseline_linkage,20260720,learned_f1,baseline_f1,learned_f1 - baseline_f1,0.9997898718218112,0.9991070959609224,0.000682775860888829,,,,,,,,,,,,,,,,,,,,,paper_experiments/results/E2_E6/E2/e2_per_run_metrics.csv
per_seed,E2_clean_baseline_linkage_learned_minus_baseline,clean_baseline_linkage: learned versus baseline,clean_baseline_linkage,20260721,learned_f1,baseline_f1,learned_f1 - baseline_f1,0.9999474596753009,0.9992120607238536,0.0007353989514472525,,,,,,,,,,,,,,,,,,,,,paper_experiments/results/E2_E6/E2/e2_per_run_metrics.csv
per_seed,E2_clean_baseline_linkage_learned_minus_baseline,clean_baseline_linkage: learned versus baseline,clean_baseline_linkage,20260722,learned_f1,baseline_f1,learned_f1 - baseline_f1,0.9995806248689452,0.9991090613699491,0.00047156349899601935,,,,,,,,,,,,,,,,,,,,,paper_experiments/results/E2_E6/E2/e2_per_run_metrics.csv
per_seed,E2_clean_baseline_linkage_learned_minus_baseline,clean_baseline_linkage: learned versus baseline,clean_baseline_linkage,20260723,learned_f1,baseline_f1,learned_f1 - baseline_f1,0.9997373811649772,0.9990021532482538,0.0007352279167234244,,,,,,,,,,,,,,,,,,,,,paper_experiments/results/E2_E6/E2/e2_per_run_metrics.csv
per_seed,E2_clean_baseline_linkage_learned_minus_baseline,clean_baseline_linkage: learned versus baseline,clean_baseline_linkage,20260724,learned_f1,baseline_f1,learned_f1 - baseline_f1,1.0,0.9996319857000155,0.0003680142999844538,,,,,,,,,,,,,,,,,,,,,paper_experiments/results/E2_E6/E2/e2_per_run_metrics.csv
per_seed,E2_clean_baseline_linkage_learned_minus_baseline,clean_baseline_linkage: learned versus baseline,clean_baseline_linkage,20260725,learned_f1,baseline_f1,learned_f1 - baseline_f1,0.999632449461801,0.9990024675801964,0.0006299818816045688,,,,,,,,,,,,,,,,,,,,,paper_experiments/results/E2_E6/E2/e2_per_run_metrics.csv
per_seed,E2_clean_baseline_linkage_learned_minus_baseline,clean_baseline_linkage: learned versus baseline,clean_baseline_linkage,20260726,learned_f1,baseline_f1,learned_f1 - baseline_f1,0.9995270376793316,0.9990014190361066,0.0005256186432249788,,,,,,,,,,,,,,,,,,,,,paper_experiments/results/E2_E6/E2/e2_per_run_metrics.csv
per_seed,E2_clean_baseline_linkage_learned_minus_baseline,clean_baseline_linkage: learned versus baseline,clean_baseline_linkage,20260727,learned_f1,baseline_f1,learned_f1 - baseline_f1,0.9998424617969858,0.9994749002310438,0.0003675615659419762,,,,,,,,,,,,,,,,,,,,,paper_experiments/results/E2_E6/E2/e2_per_run_metrics.csv
per_seed,E2_clean_baseline_linkage_learned_minus_baseline,clean_baseline_linkage: learned versus baseline,clean_baseline_linkage,20260728,learned_f1,baseline_f1,learned_f1 - baseline_f1,0.9997896065642752,0.9990008939370038,0.0007887126272714262,,,,,,,,,,,,,,,,,,,,,paper_experiments/results/E2_E6/E2/e2_per_run_metrics.csv
per_seed,E2_clean_baseline_linkage_learned_minus_baseline,clean_baseline_linkage: learned versus baseline,clean_baseline_linkage,20260729,learned_f1,baseline_f1,learned_f1 - baseline_f1,0.9998422630001575,0.9991063449508488,0.0007359180493087258,,,,,,,,,,,,,,,,,,,,,paper_experiments/results/E2_E6/E2/e2_per_run_metrics.csv
summary,E2_clean_baseline_linkage_learned_minus_baseline,clean_baseline_linkage: learned versus baseline,clean_baseline_linkage,,learned_f1,baseline_f1,learned_f1 - baseline_f1,,,,,,10.0,0.0006040773295391654,0.00015922159931909075,0.0004901770588837455,0.0007179776001945854,all 28 Table II matcher contrasts,11.997494387602437,7.713594943007255e-07,0.0,0.001953125,10.0,0.0,0.0,10.0,0.001953125,5.392761726302765e-06,0.0546875,0.0546875,paper_experiments/results/E2_E6/E2/e2_per_run_metrics.csv
per_seed,E2_clean_baseline_linkage_baseline_minus_splink,clean_baseline_linkage: baseline versus splink,clean_baseline_linkage,20260720,baseline_f1,splink_f1,baseline_f1 - splink_f1,0.9991070959609224,0.9975352666631706,0.0015718292977517923,,,,,,,,,,,,,,,,,,,,,paper_experiments/results/E2_E6/E2/e2_per_run_metrics.csv
per_seed,E2_clean_baseline_linkage_baseline_minus_splink,clean_baseline_linkage: baseline versus splink,clean_baseline_linkage,20260721,baseline_f1,splink_f1,baseline_f1 - splink_f1,0.9992120607238536,0.9975875812880218,0.0016244794358317716,,,,,,,,,,,,,,,,,,,,,paper_experiments/results/E2_E6/E2/e2_per_run_metrics.csv
per_seed,E2_clean_baseline_linkage_baseline_minus_splink,clean_baseline_linkage: baseline versus splink,clean_baseline_linkage,20260722,baseline_f1,splink_f1,baseline_f1 - splink_f1,0.9991090613699491,0.997122979547,0.001986081822949126,,,,,,,,,,,,,,,,,,,,,paper_experiments/results/E2_E6/E2/e2_per_run_metrics.csv
per_seed,E2_clean_baseline_linkage_baseline_minus_splink,clean_baseline_linkage: baseline versus splink,clean_baseline_linkage,20260723,baseline_f1,splink_f1,baseline_f1 - splink_f1,0.9990021532482538,0.9979537226507162,0.001048430597537564,,,,,,,,,,,,,,,,,,,,,paper_experiments/results/E2_E6/E2/e2_per_run_metrics.csv
per_seed,E2_clean_baseline_linkage_baseline_minus_splink,clean_baseline_linkage: baseline versus splink,clean_baseline_linkage,20260724,baseline_f1,splink_f1,baseline_f1 - splink_f1,0.9996319857000155,0.9974816369359916,0.0021503487640239793,,,,,,,,,,,,,,,,,,,,,paper_experiments/results/E2_E6/E2/e2_per_run_metrics.csv
per_seed,E2_clean_baseline_linkage_baseline_minus_splink,clean_baseline_linkage: baseline versus splink,clean_baseline_linkage,20260725,baseline_f1,splink_f1,baseline_f1 - splink_f1,0.9990024675801964,0.9975360419397116,0.0014664256404848253,,,,,,,,,,,,,,,,,,,,,paper_experiments/results/E2_E6/E2/e2_per_run_metrics.csv
per_seed,E2_clean_baseline_linkage_baseline_minus_splink,clean_baseline_linkage: baseline versus splink,clean_baseline_linkage,20260726,baseline_f1,splink_f1,baseline_f1 - splink_f1,0.9990014190361066,0.9970625262274444,0.0019388928086622181,,,,,,,,,,,,,,,,,,,,,paper_experiments/results/E2_E6/E2/e2_per_run_metrics.csv
per_seed,E2_clean_baseline_linkage_baseline_minus_splink,clean_baseline_linkage: baseline versus splink,clean_baseline_linkage,20260727,baseline_f1,splink_f1,baseline_f1 - splink_f1,0.9994749002310438,0.9973800041919934,0.0020948960390504423,,,,,,,,,,,,,,,,,,,,,paper_experiments/results/E2_E6/E2/e2_per_run_metrics.csv
per_seed,E2_clean_baseline_linkage_baseline_minus_splink,clean_baseline_linkage: baseline versus splink,clean_baseline_linkage,20260728,baseline_f1,splink_f1,baseline_f1 - splink_f1,0.9990008939370038,0.9973226941046774,0.0016781998323263103,,,,,,,,,,,,,,,,,,,,,paper_experiments/results/E2_E6/E2/e2_per_run_metrics.csv
per_seed,E2_clean_baseline_linkage_baseline_minus_splink,clean_baseline_linkage: baseline versus splink,clean_baseline_linkage,20260729,baseline_f1,splink_f1,baseline_f1 - splink_f1,0.9991063449508488,0.9974284964576228,0.001677848493226053,,,,,,,,,,,,,,,,,,,,,paper_experiments/results/E2_E6/E2/e2_per_run_metrics.csv
summary,E2_clean_baseline_linkage_baseline_minus_splink,clean_baseline_linkage: baseline versus splink,clean_baseline_linkage,,baseline_f1,splink_f1,baseline_f1 - splink_f1,,,,,,10.0,0.0017237432731844083,0.0003323700636491402,0.0014859800528092117,0.0019615064935596047,all 28 Table II matcher contrasts,16.4002581484317,5.184716718008446e-08,0.0,0.001953125,10.0,0.0,0.0,10.0,0.001953125,6.221660061610134e-07,0.0546875,0.0546875,paper_experiments/results/E2_E6/E2/e2_per_run_metrics.csv
per_seed,E2_single_movers_learned_minus_baseline,single_movers: learned versus baseline,single_movers,20260720,learned_f1,baseline_f1,learned_f1 - baseline_f1,0.99328295549958,0.9771522573569732,0.016130698142606814,,,,,,,,,,,,,,,,,,,,,paper_experiments/results/E2_E6/E2/e2_per_run_metrics.csv
per_seed,E2_single_movers_learned_minus_baseline,single_movers: learned versus baseline,single_movers,20260721,learned_f1,baseline_f1,learned_f1 - baseline_f1,0.9958719712832784,0.9811252048309764,0.014746766452301996,,,,,,,,,,,,,,,,,,,,,paper_experiments/results/E2_E6/E2/e2_per_run_metrics.csv
per_seed,E2_single_movers_learned_minus_baseline,single_movers: learned versus baseline,single_movers,20260722,learned_f1,baseline_f1,learned_f1 - baseline_f1,0.9942342342342342,0.9781654061966332,0.016068828037601013,,,,,,,,,,,,,,,,,,,,,paper_experiments/results/E2_E6/E2/e2_per_run_metrics.csv
per_seed,E2_single_movers_learned_minus_baseline,single_movers: learned versus baseline,single_movers,20260723,learned_f1,baseline_f1,learned_f1 - baseline_f1,0.993460130797384,0.9778292118406626,0.015630918956721418,,,,,,,,,,,,,,,,,,,,,paper_experiments/results/E2_E6/E2/e2_per_run_metrics.csv
per_seed,E2_single_movers_learned_minus_baseline,single_movers: learned versus baseline,single_movers,20260724,learned_f1,baseline_f1,learned_f1 - baseline_f1,0.9938922155688624,0.9781021897810218,0.01579002578784061,,,,,,,,,,,,,,,,,,,,,paper_experiments/results/E2_E6/E2/e2_per_run_metrics.csv
per_seed,E2_single_movers_learned_minus_baseline,single_movers: learned versus baseline,single_movers,20260725,learned_f1,baseline_f1,learned_f1 - baseline_f1,0.9931630082763584,0.979584396646008,0.013578611630350346,,,,,,,,,,,,,,,,,,,,,paper_experiments/results/E2_E6/E2/e2_per_run_metrics.csv
per_seed,E2_single_movers_learned_minus_baseline,single_movers: learned versus baseline,single_movers,20260726,learned_f1,baseline_f1,learned_f1 - baseline_f1,0.9940162757300144,0.97910592808552,0.014910347644494393,,,,,,,,,,,,,,,,,,,,,paper_experiments/results/E2_E6/E2/e2_per_run_metrics.csv
per_seed,E2_single_movers_learned_minus_baseline,single_movers: learned versus baseline,single_movers,20260727,learned_f1,baseline_f1,learned_f1 - baseline_f1,0.9934616999580108,0.9782052843053696,0.015256415652641242,,,,,,,,,,,,,,,,,,,,,paper_experiments/results/E2_E6/E2/e2_per_run_metrics.csv
per_seed,E2_single_movers_learned_minus_baseline,single_movers: learned versus baseline,single_movers,20260728,learned_f1,baseline_f1,learned_f1 - baseline_f1,0.9936504133221516,0.9771745084910828,0.016475904831068866,,,,,,,,,,,,,,,,,,,,,paper_experiments/results/E2_E6/E2/e2_per_run_metrics.csv
per_seed,E2_single_movers_learned_minus_baseline,single_movers: learned versus baseline,single_movers,20260729,learned_f1,baseline_f1,learned_f1 - baseline_f1,0.9945583926329008,0.977756168712775,0.01680222392012576,,,,,,,,,,,,,,,,,,,,,paper_experiments/results/E2_E6/E2/e2_per_run_metrics.csv
summary,E2_single_movers_learned_minus_baseline,single_movers: learned versus baseline,single_movers,,learned_f1,baseline_f1,learned_f1 - baseline_f1,,,,,,10.0,0.015539074105575246,0.0009499489467867133,0.014859521566155021,0.016218626644995474,all 28 Table II matcher contrasts,51.72790292570788,1.89400471803842e-12,0.0,0.001953125,10.0,0.0,0.0,10.0,0.001953125,4.7350117950960494e-11,0.0546875,0.0546875,paper_experiments/results/E2_E6/E2/e2_per_run_metrics.csv
per_seed,E2_single_movers_baseline_minus_splink,single_movers: baseline versus splink,single_movers,20260720,baseline_f1,splink_f1,baseline_f1 - splink_f1,0.9771522573569732,0.9760136369170824,0.0011386204398907696,,,,,,,,,,,,,,,,,,,,,paper_experiments/results/E2_E6/E2/e2_per_run_metrics.csv
per_seed,E2_single_movers_baseline_minus_splink,single_movers: baseline versus splink,single_movers,20260721,baseline_f1,splink_f1,baseline_f1 - splink_f1,0.9811252048309764,0.9797998180163784,0.0013253868145980396,,,,,,,,,,,,,,,,,,,,,paper_experiments/results/E2_E6/E2/e2_per_run_metrics.csv
per_seed,E2_single_movers_baseline_minus_splink,single_movers: baseline versus splink,single_movers,20260722,baseline_f1,splink_f1,baseline_f1 - splink_f1,0.9781654061966332,0.9768490313147312,0.0013163748819019494,,,,,,,,,,,,,,,,,,,,,paper_experiments/results/E2_E6/E2/e2_per_run_metrics.csv
per_seed,E2_single_movers_baseline_minus_splink,single_movers: baseline versus splink,single_movers,20260723,baseline_f1,splink_f1,baseline_f1 - splink_f1,0.9778292118406626,0.9769282279174528,0.0009009839232098082,,,,,,,,,,,,,,,,,,,,,paper_experiments/results/E2_E6/E2/e2_per_run_metrics.csv
per_seed,E2_single_movers_baseline_minus_splink,single_movers: baseline versus splink,single_movers,20260724,baseline_f1,splink_f1,baseline_f1 - splink_f1,0.9781021897810218,0.9770806735971792,0.001021516183842608,,,,,,,,,,,,,,,,,,,,,paper_experiments/results/E2_E6/E2/e2_per_run_metrics.csv
per_seed,E2_single_movers_baseline_minus_splink,single_movers: baseline versus splink,single_movers,20260725,baseline_f1,splink_f1,baseline_f1 - splink_f1,0.979584396646008,0.9785115940269516,0.001072802619056401,,,,,,,,,,,,,,,,,,,,,paper_experiments/results/E2_E6/E2/e2_per_run_metrics.csv
per_seed,E2_single_movers_baseline_minus_splink,single_movers: baseline versus splink,single_movers,20260726,baseline_f1,splink_f1,baseline_f1 - splink_f1,0.97910592808552,0.978085351787774,0.0010205762977459898,,,,,,,,,,,,,,,,,,,,,paper_experiments/results/E2_E6/E2/e2_per_run_metrics.csv
per_seed,E2_single_movers_baseline_minus_splink,single_movers: baseline versus splink,single_movers,20260727,baseline_f1,splink_f1,baseline_f1 - splink_f1,0.9782052843053696,0.9768940775872552,0.001311206718114355,,,,,,,,,,,,,,,,,,,,,paper_experiments/results/E2_E6/E2/e2_per_run_metrics.csv
per_seed,E2_single_movers_baseline_minus_splink,single_movers: baseline versus splink,single_movers,20260728,baseline_f1,splink_f1,baseline_f1 - splink_f1,0.9771745084910828,0.97568093385214,0.0014935746389427296,,,,,,,,,,,,,,,,,,,,,paper_experiments/results/E2_E6/E2/e2_per_run_metrics.csv
per_seed,E2_single_movers_baseline_minus_splink,single_movers: baseline versus splink,single_movers,20260729,baseline_f1,splink_f1,baseline_f1 - splink_f1,0.977756168712775,0.9766820500364344,0.001074118676340663,,,,,,,,,,,,,,,,,,,,,paper_experiments/results/E2_E6/E2/e2_per_run_metrics.csv
summary,E2_single_movers_baseline_minus_splink,single_movers: baseline versus splink,single_movers,,baseline_f1,splink_f1,baseline_f1 - splink_f1,,,,,,10.0,0.0011675161193643313,0.00018454708152342152,0.0010354990901165586,0.001299533148612104,all 28 Table II matcher contrasts,20.00578991374479,9.056371123901673e-09,0.0,0.001953125,10.0,0.0,0.0,10.0,0.001953125,1.630146802302301e-07,0.0546875,0.0546875,paper_experiments/results/E2_E6/E2/e2_per_run_metrics.csv
per_seed,E2_couple_merge_learned_minus_baseline,couple_merge: learned versus baseline,couple_merge,20260720,learned_f1,baseline_f1,learned_f1 - baseline_f1,0.8854222127568949,0.8676716917922949,0.01775052096460006,,,,,,,,,,,,,,,,,,,,,paper_experiments/results/E2_E6/E2/e2_per_run_metrics.csv
per_seed,E2_couple_merge_learned_minus_baseline,couple_merge: learned versus baseline,couple_merge,20260721,learned_f1,baseline_f1,learned_f1 - baseline_f1,0.8901384541934114,0.8733605676198667,0.01677788657354473,,,,,,,,,,,,,,,,,,,,,paper_experiments/results/E2_E6/E2/e2_per_run_metrics.csv
per_seed,E2_couple_merge_learned_minus_baseline,couple_merge: learned versus baseline,couple_merge,20260722,learned_f1,baseline_f1,learned_f1 - baseline_f1,0.8867372453051018,0.870666882311715,0.016070362993386822,,,,,,,,,,,,,,,,,,,,,paper_experiments/results/E2_E6/E2/e2_per_run_metrics.csv
per_seed,E2_couple_merge_learned_minus_baseline,couple_merge: learned versus baseline,couple_merge,20260723,learned_f1,baseline_f1,learned_f1 - baseline_f1,0.8906564853112737,0.8731046349069792,0.017551850404294522,,,,,,,,,,,,,,,,,,,,,paper_experiments/results/E2_E6/E2/e2_per_run_metrics.csv
per_seed,E2_couple_merge_learned_minus_baseline,couple_merge: learned versus baseline,couple_merge,20260724,learned_f1,baseline_f1,learned_f1 - baseline_f1,0.885871012408798,0.8670163863501162,0.01885462605868171,,,,,,,,,,,,,,,,,,,,,paper_experiments/results/E2_E6/E2/e2_per_run_metrics.csv
per_seed,E2_couple_merge_learned_minus_baseline,couple_merge: learned versus baseline,couple_merge,20260725,learned_f1,baseline_f1,learned_f1 - baseline_f1,0.8857173287890084,0.868875458666091,0.01684187012291749,,,,,,,,,,,,,,,,,,,,,paper_experiments/results/E2_E6/E2/e2_per_run_metrics.csv
per_seed,E2_couple_merge_learned_minus_baseline,couple_merge: learned versus baseline,couple_merge,20260726,learned_f1,baseline_f1,learned_f1 - baseline_f1,0.8861581019257367,0.8711623397608532,0.01499576216488352,,,,,,,,,,,,,,,,,,,,,paper_experiments/results/E2_E6/E2/e2_per_run_metrics.csv
per_seed,E2_couple_merge_learned_minus_baseline,couple_merge: learned versus baseline,couple_merge,20260727,learned_f1,baseline_f1,learned_f1 - baseline_f1,0.8904087800222682,0.8757028865206448,0.014705893501623435,,,,,,,,,,,,,,,,,,,,,paper_experiments/results/E2_E6/E2/e2_per_run_metrics.csv
per_seed,E2_couple_merge_learned_minus_baseline,couple_merge: learned versus baseline,couple_merge,20260728,learned_f1,baseline_f1,learned_f1 - baseline_f1,0.8842195082928911,0.867073895886264,0.017145612406627042,,,,,,,,,,,,,,,,,,,,,paper_experiments/results/E2_E6/E2/e2_per_run_metrics.csv
per_seed,E2_couple_merge_learned_minus_baseline,couple_merge: learned versus baseline,couple_merge,20260729,learned_f1,baseline_f1,learned_f1 - baseline_f1,0.8855742595354784,0.8677757372798962,0.017798522255582205,,,,,,,,,,,,,,,,,,,,,paper_experiments/results/E2_E6/E2/e2_per_run_metrics.csv
summary,E2_couple_merge_learned_minus_baseline,couple_merge: learned versus baseline,couple_merge,,learned_f1,baseline_f1,learned_f1 - baseline_f1,,,,,,10.0,0.016849290744614154,0.0012891696162650275,0.01592707435662863,0.01777150713259968,all 28 Table II matcher contrasts,41.3305860137658,1.4160885023596186e-11,0.0,0.001953125,10.0,0.0,0.0,10.0,0.001953125,3.1153947051911607e-10,0.0546875,0.0546875,paper_experiments/results/E2_E6/E2/e2_per_run_metrics.csv
per_seed,E2_couple_merge_baseline_minus_splink,couple_merge: baseline versus splink,couple_merge,20260720,baseline_f1,splink_f1,baseline_f1 - splink_f1,0.8676716917922949,0.8564874093043108,0.011184282487984087,,,,,,,,,,,,,,,,,,,,,paper_experiments/results/E2_E6/E2/e2_per_run_metrics.csv
per_seed,E2_couple_merge_baseline_minus_splink,couple_merge: baseline versus splink,couple_merge,20260721,baseline_f1,splink_f1,baseline_f1 - splink_f1,0.8733605676198667,0.8609271523178808,0.01243341530198594,,,,,,,,,,,,,,,,,,,,,paper_experiments/results/E2_E6/E2/e2_per_run_metrics.csv
per_seed,E2_couple_merge_baseline_minus_splink,couple_merge: baseline versus splink,couple_merge,20260722,baseline_f1,splink_f1,baseline_f1 - splink_f1,0.870666882311715,0.8598498962048226,0.010816986106892412,,,,,,,,,,,,,,,,,,,,,paper_experiments/results/E2_E6/E2/e2_per_run_metrics.csv
per_seed,E2_couple_merge_baseline_minus_splink,couple_merge: baseline versus splink,couple_merge,20260723,baseline_f1,splink_f1,baseline_f1 - splink_f1,0.8731046349069792,0.8632810422759905,0.009823592630988753,,,,,,,,,,,,,,,,,,,,,paper_experiments/results/E2_E6/E2/e2_per_run_metrics.csv
per_seed,E2_couple_merge_baseline_minus_splink,couple_merge: baseline versus splink,couple_merge,20260724,baseline_f1,splink_f1,baseline_f1 - splink_f1,0.8670163863501162,0.8551459211438937,0.011870465206222591,,,,,,,,,,,,,,,,,,,,,paper_experiments/results/E2_E6/E2/e2_per_run_metrics.csv
per_seed,E2_couple_merge_baseline_minus_splink,couple_merge: baseline versus splink,couple_merge,20260725,baseline_f1,splink_f1,baseline_f1 - splink_f1,0.868875458666091,0.8588040753187178,0.01007138334737312,,,,,,,,,,,,,,,,,,,,,paper_experiments/results/E2_E6/E2/e2_per_run_metrics.csv
per_seed,E2_couple_merge_baseline_minus_splink,couple_merge: baseline versus splink,couple_merge,20260726,baseline_f1,splink_f1,baseline_f1 - splink_f1,0.8711623397608532,0.8591459528362013,0.0120163869246519,,,,,,,,,,,,,,,,,,,,,paper_experiments/results/E2_E6/E2/e2_per_run_metrics.csv
per_seed,E2_couple_merge_baseline_minus_splink,couple_merge: baseline versus splink,couple_merge,20260727,baseline_f1,splink_f1,baseline_f1 - splink_f1,0.8757028865206448,0.8646648340029605,0.011038052517684305,,,,,,,,,,,,,,,,,,,,,paper_experiments/results/E2_E6/E2/e2_per_run_metrics.csv
per_seed,E2_couple_merge_baseline_minus_splink,couple_merge: baseline versus splink,couple_merge,20260728,baseline_f1,splink_f1,baseline_f1 - splink_f1,0.867073895886264,0.8564108038859827,0.010663092000281371,,,,,,,,,,,,,,,,,,,,,paper_experiments/results/E2_E6/E2/e2_per_run_metrics.csv
per_seed,E2_couple_merge_baseline_minus_splink,couple_merge: baseline versus splink,couple_merge,20260729,baseline_f1,splink_f1,baseline_f1 - splink_f1,0.8677757372798962,0.8563049853372433,0.011470751942652901,,,,,,,,,,,,,,,,,,,,,paper_experiments/results/E2_E6/E2/e2_per_run_metrics.csv
summary,E2_couple_merge_baseline_minus_splink,couple_merge: baseline versus splink,couple_merge,,baseline_f1,splink_f1,baseline_f1 - splink_f1,,,,,,10.0,0.011138840846671738,0.0008368554480584244,0.010540190522589178,0.011737491170754299,all 28 Table II matcher contrasts,42.091029760664156,1.2027129254364728e-11,0.0,0.001953125,10.0,0.0,0.0,10.0,0.001953125,2.7662397285038873e-10,0.0546875,0.0546875,paper_experiments/results/E2_E6/E2/e2_per_run_metrics.csv
per_seed,E2_family_birth_learned_minus_baseline,family_birth: learned versus baseline,family_birth,20260720,learned_f1,baseline_f1,learned_f1 - baseline_f1,0.939047975544326,0.9327253419951276,0.006322633549198375,,,,,,,,,,,,,,,,,,,,,paper_experiments/results/E2_E6/E2/e2_per_run_metrics.csv
per_seed,E2_family_birth_learned_minus_baseline,family_birth: learned versus baseline,family_birth,20260721,learned_f1,baseline_f1,learned_f1 - baseline_f1,0.9344611528822055,0.9302733885126662,0.004187764369539382,,,,,,,,,,,,,,,,,,,,,paper_experiments/results/E2_E6/E2/e2_per_run_metrics.csv
per_seed,E2_family_birth_learned_minus_baseline,family_birth: learned versus baseline,family_birth,20260722,learned_f1,baseline_f1,learned_f1 - baseline_f1,0.9345197067485432,0.928983688833124,0.005536017915419245,,,,,,,,,,,,,,,,,,,,,paper_experiments/results/E2_E6/E2/e2_per_run_metrics.csv
per_seed,E2_family_birth_learned_minus_baseline,family_birth: learned versus baseline,family_birth,20260723,learned_f1,baseline_f1,learned_f1 - baseline_f1,0.9379646404697946,0.9312070043777362,0.006757636092058372,,,,,,,,,,,,,,,,,,,,,paper_experiments/results/E2_E6/E2/e2_per_run_metrics.csv
per_seed,E2_family_birth_learned_minus_baseline,family_birth: learned versus baseline,family_birth,20260724,learned_f1,baseline_f1,learned_f1 - baseline_f1,0.9354616588419404,0.9312805107022156,0.004181148139724811,,,,,,,,,,,,,,,,,,,,,paper_experiments/results/E2_E6/E2/e2_per_run_metrics.csv
per_seed,E2_family_birth_learned_minus_baseline,family_birth: learned versus baseline,family_birth,20260725,learned_f1,baseline_f1,learned_f1 - baseline_f1,0.9359864839496902,0.9310237008317176,0.004962783117972602,,,,,,,,,,,,,,,,,,,,,paper_experiments/results/E2_E6/E2/e2_per_run_metrics.csv
per_seed,E2_family_birth_learned_minus_baseline,family_birth: learned versus baseline,family_birth,20260726,learned_f1,baseline_f1,learned_f1 - baseline_f1,0.941213063763608,0.9356768885564698,0.0055361752071382275,,,,,,,,,,,,,,,,,,,,,paper_experiments/results/E2_E6/E2/e2_per_run_metrics.csv
per_seed,E2_family_birth_learned_minus_baseline,family_birth: learned versus baseline,family_birth,20260727,learned_f1,baseline_f1,learned_f1 - baseline_f1,0.9421425905188504,0.9366284860557768,0.005514104463073655,,,,,,,,,,,,,,,,,,,,,paper_experiments/results/E2_E6/E2/e2_per_run_metrics.csv
per_seed,E2_family_birth_learned_minus_baseline,family_birth: learned versus baseline,family_birth,20260728,learned_f1,baseline_f1,learned_f1 - baseline_f1,0.9362925914348234,0.9299418786325856,0.006350712802237757,,,,,,,,,,,,,,,,,,,,,paper_experiments/results/E2_E6/E2/e2_per_run_metrics.csv
per_seed,E2_family_birth_learned_minus_baseline,family_birth: learned versus baseline,family_birth,20260729,learned_f1,baseline_f1,learned_f1 - baseline_f1,0.940347815246525,0.9356849058955504,0.004662909350974576,,,,,,,,,,,,,,,,,,,,,paper_experiments/results/E2_E6/E2/e2_per_run_metrics.csv
summary,E2_family_birth_learned_minus_baseline,family_birth: learned versus baseline,family_birth,,learned_f1,baseline_f1,learned_f1 - baseline_f1,,,,,,10.0,0.0054011885007337005,0.0009029525537108946,0.004755255155656805,0.006047121845810596,all 28 Table II matcher contrasts,18.915786509528143,1.4835684051228212e-08,0.0,0.001953125,10.0,0.0,0.0,10.0,0.001953125,2.522066288708796e-07,0.0546875,0.0546875,paper_experiments/results/E2_E6/E2/e2_per_run_metrics.csv
per_seed,E2_family_birth_baseline_minus_splink,family_birth: baseline versus splink,family_birth,20260720,baseline_f1,splink_f1,baseline_f1 - splink_f1,0.9327253419951276,0.8841008642121464,0.04862447778298118,,,,,,,,,,,,,,,,,,,,,paper_experiments/results/E2_E6/E2/e2_per_run_metrics.csv
per_seed,E2_family_birth_baseline_minus_splink,family_birth: baseline versus splink,family_birth,20260721,baseline_f1,splink_f1,baseline_f1 - splink_f1,0.9302733885126662,0.8795780490695746,0.05069533944309157,,,,,,,,,,,,,,,,,,,,,paper_experiments/results/E2_E6/E2/e2_per_run_metrics.csv
per_seed,E2_family_birth_baseline_minus_splink,family_birth: baseline versus splink,family_birth,20260722,baseline_f1,splink_f1,baseline_f1 - splink_f1,0.928983688833124,0.8812853317465041,0.04769835708661985,,,,,,,,,,,,,,,,,,,,,paper_experiments/results/E2_E6/E2/e2_per_run_metrics.csv
per_seed,E2_family_birth_baseline_minus_splink,family_birth: baseline versus splink,family_birth,20260723,baseline_f1,splink_f1,baseline_f1 - splink_f1,0.9312070043777362,0.8817955702949188,0.04941143408281734,,,,,,,,,,,,,,,,,,,,,paper_experiments/results/E2_E6/E2/e2_per_run_metrics.csv
per_seed,E2_family_birth_baseline_minus_splink,family_birth: baseline versus splink,family_birth,20260724,baseline_f1,splink_f1,baseline_f1 - splink_f1,0.9312805107022156,0.8841354723707664,0.04714503833144923,,,,,,,,,,,,,,,,,,,,,paper_experiments/results/E2_E6/E2/e2_per_run_metrics.csv
per_seed,E2_family_birth_baseline_minus_splink,family_birth: baseline versus splink,family_birth,20260725,baseline_f1,splink_f1,baseline_f1 - splink_f1,0.9310237008317176,0.8802837718001774,0.05073992903154023,,,,,,,,,,,,,,,,,,,,,paper_experiments/results/E2_E6/E2/e2_per_run_metrics.csv
per_seed,E2_family_birth_baseline_minus_splink,family_birth: baseline versus splink,family_birth,20260726,baseline_f1,splink_f1,baseline_f1 - splink_f1,0.9356768885564698,0.8876670214023885,0.04800986715408129,,,,,,,,,,,,,,,,,,,,,paper_experiments/results/E2_E6/E2/e2_per_run_metrics.csv
per_seed,E2_family_birth_baseline_minus_splink,family_birth: baseline versus splink,family_birth,20260727,baseline_f1,splink_f1,baseline_f1 - splink_f1,0.9366284860557768,0.8902431808768713,0.04638530517890549,,,,,,,,,,,,,,,,,,,,,paper_experiments/results/E2_E6/E2/e2_per_run_metrics.csv
per_seed,E2_family_birth_baseline_minus_splink,family_birth: baseline versus splink,family_birth,20260728,baseline_f1,splink_f1,baseline_f1 - splink_f1,0.9299418786325856,0.8812696156807012,0.048672262951884426,,,,,,,,,,,,,,,,,,,,,paper_experiments/results/E2_E6/E2/e2_per_run_metrics.csv
per_seed,E2_family_birth_baseline_minus_splink,family_birth: baseline versus splink,family_birth,20260729,baseline_f1,splink_f1,baseline_f1 - splink_f1,0.9356849058955504,0.8882579118603963,0.04742699403515416,,,,,,,,,,,,,,,,,,,,,paper_experiments/results/E2_E6/E2/e2_per_run_metrics.csv
summary,E2_family_birth_baseline_minus_splink,family_birth: baseline versus splink,family_birth,,baseline_f1,splink_f1,baseline_f1 - splink_f1,,,,,,10.0,0.048480900507852476,0.0014549184566122195,0.04744011454226503,0.04952168647343992,all 28 Table II matcher contrasts,105.373650271652,3.1684227033336132e-15,0.0,0.001953125,10.0,0.0,0.0,10.0,0.001953125,8.554741299000756e-14,0.0546875,0.0546875,paper_experiments/results/E2_E6/E2/e2_per_run_metrics.csv
per_seed,E2_divorce_custody_learned_minus_baseline,divorce_custody: learned versus baseline,divorce_custody,20260720,learned_f1,baseline_f1,learned_f1 - baseline_f1,0.9929796627343128,0.9896413475318832,0.0033383152024296647,,,,,,,,,,,,,,,,,,,,,paper_experiments/results/E2_E6/E2/e2_per_run_metrics.csv
per_seed,E2_divorce_custody_learned_minus_baseline,divorce_custody: learned versus baseline,divorce_custody,20260721,learned_f1,baseline_f1,learned_f1 - baseline_f1,0.994705744177222,0.9918893475269752,0.0028163966502467996,,,,,,,,,,,,,,,,,,,,,paper_experiments/results/E2_E6/E2/e2_per_run_metrics.csv
per_seed,E2_divorce_custody_learned_minus_baseline,divorce_custody: learned versus baseline,divorce_custody,20260722,learned_f1,baseline_f1,learned_f1 - baseline_f1,0.9938827435624448,0.990614319040816,0.0032684245216287877,,,,,,,,,,,,,,,,,,,,,paper_experiments/results/E2_E6/E2/e2_per_run_metrics.csv
per_seed,E2_divorce_custody_learned_minus_baseline,divorce_custody: learned versus baseline,divorce_custody,20260723,learned_f1,baseline_f1,learned_f1 - baseline_f1,0.992891123853626,0.9896821223275972,0.003209001526028765,,,,,,,,,,,,,,,,,,,,,paper_experiments/results/E2_E6/E2/e2_per_run_metrics.csv
per_seed,E2_divorce_custody_learned_minus_baseline,divorce_custody: learned versus baseline,divorce_custody,20260724,learned_f1,baseline_f1,learned_f1 - baseline_f1,0.9941177535248232,0.99156462585034,0.0025531276744832354,,,,,,,,,,,,,,,,,,,,,paper_experiments/results/E2_E6/E2/e2_per_run_metrics.csv
per_seed,E2_divorce_custody_learned_minus_baseline,divorce_custody: learned versus baseline,divorce_custody,20260725,learned_f1,baseline_f1,learned_f1 - baseline_f1,0.9949234910483624,0.9916477941842556,0.0032756968641067807,,,,,,,,,,,,,,,,,,,,,paper_experiments/results/E2_E6/E2/e2_per_run_metrics.csv
per_seed,E2_divorce_custody_learned_minus_baseline,divorce_custody: learned versus baseline,divorce_custody,20260726,learned_f1,baseline_f1,learned_f1 - baseline_f1,0.9942133815551536,0.991243813563931,0.0029695679912226103,,,,,,,,,,,,,,,,,,,,,paper_experiments/results/E2_E6/E2/e2_per_run_metrics.csv
per_seed,E2_divorce_custody_learned_minus_baseline,divorce_custody: learned versus baseline,divorce_custody,20260727,learned_f1,baseline_f1,learned_f1 - baseline_f1,0.9939089413848572,0.9910167711087768,0.0028921702760803525,,,,,,,,,,,,,,,,,,,,,paper_experiments/results/E2_E6/E2/e2_per_run_metrics.csv
per_seed,E2_divorce_custody_learned_minus_baseline,divorce_custody: learned versus baseline,divorce_custody,20260728,learned_f1,baseline_f1,learned_f1 - baseline_f1,0.9940834826032676,0.9915351012343888,0.002548381368878805,,,,,,,,,,,,,,,,,,,,,paper_experiments/results/E2_E6/E2/e2_per_run_metrics.csv
per_seed,E2_divorce_custody_learned_minus_baseline,divorce_custody: learned versus baseline,divorce_custody,20260729,learned_f1,baseline_f1,learned_f1 - baseline_f1,0.9941516232414128,0.9912756425371376,0.002875980704275194,,,,,,,,,,,,,,,,,,,,,paper_experiments/results/E2_E6/E2/e2_per_run_metrics.csv
summary,E2_divorce_custody_learned_minus_baseline,divorce_custody: learned versus baseline,divorce_custody,,learned_f1,baseline_f1,learned_f1 - baseline_f1,,,,,,10.0,0.0029747062779380993,0.0002915666820185808,0.002766132038400001,0.0031832805174761974,all 28 Table II matcher contrasts,32.26310750995481,1.297832539966804e-10,0.0,0.001953125,10.0,0.0,0.0,10.0,0.001953125,2.595665079933608e-09,0.0546875,0.0546875,paper_experiments/results/E2_E6/E2/e2_per_run_metrics.csv
per_seed,E2_divorce_custody_baseline_minus_splink,divorce_custody: baseline versus splink,divorce_custody,20260720,baseline_f1,splink_f1,baseline_f1 - splink_f1,0.9896413475318832,0.9861176385524748,0.0035237089794083465,,,,,,,,,,,,,,,,,,,,,paper_experiments/results/E2_E6/E2/e2_per_run_metrics.csv
per_seed,E2_divorce_custody_baseline_minus_splink,divorce_custody: baseline versus splink,divorce_custody,20260721,baseline_f1,splink_f1,baseline_f1 - splink_f1,0.9918893475269752,0.9888808664259928,0.0030084811009823964,,,,,,,,,,,,,,,,,,,,,paper_experiments/results/E2_E6/E2/e2_per_run_metrics.csv
per_seed,E2_divorce_custody_baseline_minus_splink,divorce_custody: baseline versus splink,divorce_custody,20260722,baseline_f1,splink_f1,baseline_f1 - splink_f1,0.990614319040816,0.9870958439966838,0.0035184750441321633,,,,,,,,,,,,,,,,,,,,,paper_experiments/results/E2_E6/E2/e2_per_run_metrics.csv
per_seed,E2_divorce_custody_baseline_minus_splink,divorce_custody: baseline versus splink,divorce_custody,20260723,baseline_f1,splink_f1,baseline_f1 - splink_f1,0.9896821223275972,0.9868349669065788,0.0028471554210184324,,,,,,,,,,,,,,,,,,,,,paper_experiments/results/E2_E6/E2/e2_per_run_metrics.csv
per_seed,E2_divorce_custody_baseline_minus_splink,divorce_custody: baseline versus splink,divorce_custody,20260724,baseline_f1,splink_f1,baseline_f1 - splink_f1,0.99156462585034,0.9876226442368502,0.003941981613489798,,,,,,,,,,,,,,,,,,,,,paper_experiments/results/E2_E6/E2/e2_per_run_metrics.csv
per_seed,E2_divorce_custody_baseline_minus_splink,divorce_custody: baseline versus splink,divorce_custody,20260725,baseline_f1,splink_f1,baseline_f1 - splink_f1,0.9916477941842556,0.987800036094568,0.003847758089687625,,,,,,,,,,,,,,,,,,,,,paper_experiments/results/E2_E6/E2/e2_per_run_metrics.csv
per_seed,E2_divorce_custody_baseline_minus_splink,divorce_custody: baseline versus splink,divorce_custody,20260726,baseline_f1,splink_f1,baseline_f1 - splink_f1,0.991243813563931,0.9876636864445044,0.0035801271194265682,,,,,,,,,,,,,,,,,,,,,paper_experiments/results/E2_E6/E2/e2_per_run_metrics.csv
per_seed,E2_divorce_custody_baseline_minus_splink,divorce_custody: baseline versus splink,divorce_custody,20260727,baseline_f1,splink_f1,baseline_f1 - splink_f1,0.9910167711087768,0.9873499954885862,0.0036667756201906876,,,,,,,,,,,,,,,,,,,,,paper_experiments/results/E2_E6/E2/e2_per_run_metrics.csv
per_seed,E2_divorce_custody_baseline_minus_splink,divorce_custody: baseline versus splink,divorce_custody,20260728,baseline_f1,splink_f1,baseline_f1 - splink_f1,0.9915351012343888,0.9881498609053796,0.0033852403290092203,,,,,,,,,,,,,,,,,,,,,paper_experiments/results/E2_E6/E2/e2_per_run_metrics.csv
per_seed,E2_divorce_custody_baseline_minus_splink,divorce_custody: baseline versus splink,divorce_custody,20260729,baseline_f1,splink_f1,baseline_f1 - splink_f1,0.9912756425371376,0.987693141772838,0.0035825007642996676,,,,,,,,,,,,,,,,,,,,,paper_experiments/results/E2_E6/E2/e2_per_run_metrics.csv
summary,E2_divorce_custody_baseline_minus_splink,divorce_custody: baseline versus splink,divorce_custody,,baseline_f1,splink_f1,baseline_f1 - splink_f1,,,,,,10.0,0.0034902204081644905,0.0003396465430336591,0.0032472519080102968,0.0037331889083186843,all 28 Table II matcher contrasts,32.49568191456186,1.2171967493123616e-10,0.0,0.001953125,10.0,0.0,0.0,10.0,0.001953125,2.5561131735559593e-09,0.0546875,0.0546875,paper_experiments/results/E2_E6/E2/e2_per_run_metrics.csv
per_seed,E2_roommates_split_learned_minus_baseline,roommates_split: learned versus baseline,roommates_split,20260720,learned_f1,baseline_f1,learned_f1 - baseline_f1,0.997282068279748,0.9908287477071868,0.006453320572561205,,,,,,,,,,,,,,,,,,,,,paper_experiments/results/E2_E6/E2/e2_per_run_metrics.csv
per_seed,E2_roommates_split_learned_minus_baseline,roommates_split: learned versus baseline,roommates_split,20260721,learned_f1,baseline_f1,learned_f1 - baseline_f1,0.997444831591173,0.9900771775082692,0.007367654082903852,,,,,,,,,,,,,,,,,,,,,paper_experiments/results/E2_E6/E2/e2_per_run_metrics.csv
per_seed,E2_roommates_split_learned_minus_baseline,roommates_split: learned versus baseline,roommates_split,20260722,learned_f1,baseline_f1,learned_f1 - baseline_f1,0.997260093090813,0.9906691017765232,0.006590991314289751,,,,,,,,,,,,,,,,,,,,,paper_experiments/results/E2_E6/E2/e2_per_run_metrics.csv
per_seed,E2_roommates_split_learned_minus_baseline,roommates_split: learned versus baseline,roommates_split,20260723,learned_f1,baseline_f1,learned_f1 - baseline_f1,0.996815709168104,0.9905238571905238,0.006291851977580198,,,,,,,,,,,,,,,,,,,,,paper_experiments/results/E2_E6/E2/e2_per_run_metrics.csv
per_seed,E2_roommates_split_learned_minus_baseline,roommates_split: learned versus baseline,roommates_split,20260724,learned_f1,baseline_f1,learned_f1 - baseline_f1,0.997207075408964,0.990866204958346,0.006340870450618041,,,,,,,,,,,,,,,,,,,,,paper_experiments/results/E2_E6/E2/e2_per_run_metrics.csv
per_seed,E2_roommates_split_learned_minus_baseline,roommates_split: learned versus baseline,roommates_split,20260725,learned_f1,baseline_f1,learned_f1 - baseline_f1,0.997456647398844,0.9909024503619098,0.006554197036934162,,,,,,,,,,,,,,,,,,,,,paper_experiments/results/E2_E6/E2/e2_per_run_metrics.csv
per_seed,E2_roommates_split_learned_minus_baseline,roommates_split: learned versus baseline,roommates_split,20260726,learned_f1,baseline_f1,learned_f1 - baseline_f1,0.9966169154228856,0.9906635545181728,0.005953360904712768,,,,,,,,,,,,,,,,,,,,,paper_experiments/results/E2_E6/E2/e2_per_run_metrics.csv
per_seed,E2_roommates_split_learned_minus_baseline,roommates_split: learned versus baseline,roommates_split,20260727,learned_f1,baseline_f1,learned_f1 - baseline_f1,0.9974441530852723,0.99118530884808,0.0062588442371923625,,,,,,,,,,,,,,,,,,,,,paper_experiments/results/E2_E6/E2/e2_per_run_metrics.csv
per_seed,E2_roommates_split_learned_minus_baseline,roommates_split: learned versus baseline,roommates_split,20260728,learned_f1,baseline_f1,learned_f1 - baseline_f1,0.997211525693799,0.9904481998530492,0.00676332584074979,,,,,,,,,,,,,,,,,,,,,paper_experiments/results/E2_E6/E2/e2_per_run_metrics.csv
per_seed,E2_roommates_split_learned_minus_baseline,roommates_split: learned versus baseline,roommates_split,20260729,learned_f1,baseline_f1,learned_f1 - baseline_f1,0.9974094985054798,0.9907778668805132,0.006631631624966605,,,,,,,,,,,,,,,,,,,,,paper_experiments/results/E2_E6/E2/e2_per_run_metrics.csv
summary,E2_roommates_split_learned_minus_baseline,roommates_split: learned versus baseline,roommates_split,,learned_f1,baseline_f1,learned_f1 - baseline_f1,,,,,,10.0,0.0065206048042508735,0.00037627698622833065,0.006251432463587957,0.00678977714491379,all 28 Table II matcher contrasts,54.7999576321594,1.1285793201379065e-12,0.0,0.001953125,10.0,0.0,0.0,10.0,0.001953125,2.934306232358557e-11,0.0546875,0.0546875,paper_experiments/results/E2_E6/E2/e2_per_run_metrics.csv
per_seed,E2_roommates_split_baseline_minus_splink,roommates_split: baseline versus splink,roommates_split,20260720,baseline_f1,splink_f1,baseline_f1 - splink_f1,0.9908287477071868,0.9894428347820295,0.0013859129251572178,,,,,,,,,,,,,,,,,,,,,paper_experiments/results/E2_E6/E2/e2_per_run_metrics.csv
per_seed,E2_roommates_split_baseline_minus_splink,roommates_split: baseline versus splink,roommates_split,20260721,baseline_f1,splink_f1,baseline_f1 - splink_f1,0.9900771775082692,0.987828058825491,0.0022491186827782172,,,,,,,,,,,,,,,,,,,,,paper_experiments/results/E2_E6/E2/e2_per_run_metrics.csv
per_seed,E2_roommates_split_baseline_minus_splink,roommates_split: baseline versus splink,roommates_split,20260722,baseline_f1,splink_f1,baseline_f1 - splink_f1,0.9906691017765232,0.9885682096822294,0.0021008920942938714,,,,,,,,,,,,,,,,,,,,,paper_experiments/results/E2_E6/E2/e2_per_run_metrics.csv
per_seed,E2_roommates_split_baseline_minus_splink,roommates_split: baseline versus splink,roommates_split,20260723,baseline_f1,splink_f1,baseline_f1 - splink_f1,0.9905238571905238,0.9892688129040856,0.0012550442864381894,,,,,,,,,,,,,,,,,,,,,paper_experiments/results/E2_E6/E2/e2_per_run_metrics.csv
per_seed,E2_roommates_split_baseline_minus_splink,roommates_split: baseline versus splink,roommates_split,20260724,baseline_f1,splink_f1,baseline_f1 - splink_f1,0.990866204958346,0.9886147374044272,0.0022514675539188067,,,,,,,,,,,,,,,,,,,,,paper_experiments/results/E2_E6/E2/e2_per_run_metrics.csv
per_seed,E2_roommates_split_baseline_minus_splink,roommates_split: baseline versus splink,roommates_split,20260725,baseline_f1,splink_f1,baseline_f1 - splink_f1,0.9909024503619098,0.9894548348587346,0.0014476155031751814,,,,,,,,,,,,,,,,,,,,,paper_experiments/results/E2_E6/E2/e2_per_run_metrics.csv
per_seed,E2_roommates_split_baseline_minus_splink,roommates_split: baseline versus splink,roommates_split,20260726,baseline_f1,splink_f1,baseline_f1 - splink_f1,0.9906635545181728,0.9894757876507024,0.0011877668674703523,,,,,,,,,,,,,,,,,,,,,paper_experiments/results/E2_E6/E2/e2_per_run_metrics.csv
per_seed,E2_roommates_split_baseline_minus_splink,roommates_split: baseline versus splink,roommates_split,20260727,baseline_f1,splink_f1,baseline_f1 - splink_f1,0.99118530884808,0.989303921895305,0.001881386952774955,,,,,,,,,,,,,,,,,,,,,paper_experiments/results/E2_E6/E2/e2_per_run_metrics.csv
per_seed,E2_roommates_split_baseline_minus_splink,roommates_split: baseline versus splink,roommates_split,20260728,baseline_f1,splink_f1,baseline_f1 - splink_f1,0.9904481998530492,0.9881372875708098,0.0023109122822394523,,,,,,,,,,,,,,,,,,,,,paper_experiments/results/E2_E6/E2/e2_per_run_metrics.csv
per_seed,E2_roommates_split_baseline_minus_splink,roommates_split: baseline versus splink,roommates_split,20260729,baseline_f1,splink_f1,baseline_f1 - splink_f1,0.9907778668805132,0.9887288248632786,0.002049042017234548,,,,,,,,,,,,,,,,,,,,,paper_experiments/results/E2_E6/E2/e2_per_run_metrics.csv
summary,E2_roommates_split_baseline_minus_splink,roommates_split: baseline versus splink,roommates_split,,baseline_f1,splink_f1,baseline_f1 - splink_f1,,,,,,10.0,0.001811915916548079,0.0004461904059475863,0.0014927305282677323,0.002131101304828426,all 28 Table II matcher contrasts,12.841560796976385,4.3138454404392094e-07,0.0,0.001953125,10.0,0.0,0.0,10.0,0.001953125,4.313845440439209e-06,0.0546875,0.0546875,paper_experiments/results/E2_E6/E2/e2_per_run_metrics.csv
per_seed,E2_high_noise_identity_drift_learned_minus_baseline,high_noise_identity_drift: learned versus baseline,high_noise_identity_drift,20260720,learned_f1,baseline_f1,learned_f1 - baseline_f1,0.9923533370037316,0.9783147459727386,0.01403859103099303,,,,,,,,,,,,,,,,,,,,,paper_experiments/results/E2_E6/E2/e2_per_run_metrics.csv
per_seed,E2_high_noise_identity_drift_learned_minus_baseline,high_noise_identity_drift: learned versus baseline,high_noise_identity_drift,20260721,learned_f1,baseline_f1,learned_f1 - baseline_f1,0.9935152330845466,0.9801710249101498,0.013344208174396743,,,,,,,,,,,,,,,,,,,,,paper_experiments/results/E2_E6/E2/e2_per_run_metrics.csv
per_seed,E2_high_noise_identity_drift_learned_minus_baseline,high_noise_identity_drift: learned versus baseline,high_noise_identity_drift,20260722,learned_f1,baseline_f1,learned_f1 - baseline_f1,0.992912134913846,0.979707993071022,0.013204141842824035,,,,,,,,,,,,,,,,,,,,,paper_experiments/results/E2_E6/E2/e2_per_run_metrics.csv
per_seed,E2_high_noise_identity_drift_learned_minus_baseline,high_noise_identity_drift: learned versus baseline,high_noise_identity_drift,20260723,learned_f1,baseline_f1,learned_f1 - baseline_f1,0.992292635184732,0.9810247852154028,0.011267849969329169,,,,,,,,,,,,,,,,,,,,,paper_experiments/results/E2_E6/E2/e2_per_run_metrics.csv
per_seed,E2_high_noise_identity_drift_learned_minus_baseline,high_noise_identity_drift: learned versus baseline,high_noise_identity_drift,20260724,learned_f1,baseline_f1,learned_f1 - baseline_f1,0.993265580996694,0.9807930607187114,0.012472520277982624,,,,,,,,,,,,,,,,,,,,,paper_experiments/results/E2_E6/E2/e2_per_run_metrics.csv
per_seed,E2_high_noise_identity_drift_learned_minus_baseline,high_noise_identity_drift: learned versus baseline,high_noise_identity_drift,20260725,learned_f1,baseline_f1,learned_f1 - baseline_f1,0.9940676411228672,0.9820655534941248,0.01200208762874233,,,,,,,,,,,,,,,,,,,,,paper_experiments/results/E2_E6/E2/e2_per_run_metrics.csv
per_seed,E2_high_noise_identity_drift_learned_minus_baseline,high_noise_identity_drift: learned versus baseline,high_noise_identity_drift,20260726,learned_f1,baseline_f1,learned_f1 - baseline_f1,0.9930181283684468,0.9812325797460512,0.01178554862239567,,,,,,,,,,,,,,,,,,,,,paper_experiments/results/E2_E6/E2/e2_per_run_metrics.csv
per_seed,E2_high_noise_identity_drift_learned_minus_baseline,high_noise_identity_drift: learned versus baseline,high_noise_identity_drift,20260727,learned_f1,baseline_f1,learned_f1 - baseline_f1,0.9931439764936336,0.9813679975239864,0.011775978969647216,,,,,,,,,,,,,,,,,,,,,paper_experiments/results/E2_E6/E2/e2_per_run_metrics.csv
per_seed,E2_high_noise_identity_drift_learned_minus_baseline,high_noise_identity_drift: learned versus baseline,high_noise_identity_drift,20260728,learned_f1,baseline_f1,learned_f1 - baseline_f1,0.9925844211558496,0.9808609476618148,0.011723473494034797,,,,,,,,,,,,,,,,,,,,,paper_experiments/results/E2_E6/E2/e2_per_run_metrics.csv
per_seed,E2_high_noise_identity_drift_learned_minus_baseline,high_noise_identity_drift: learned versus baseline,high_noise_identity_drift,20260729,learned_f1,baseline_f1,learned_f1 - baseline_f1,0.9941892470487492,0.9817529535473496,0.012436293501399631,,,,,,,,,,,,,,,,,,,,,paper_experiments/results/E2_E6/E2/e2_per_run_metrics.csv
summary,E2_high_noise_identity_drift_learned_minus_baseline,high_noise_identity_drift: learned versus baseline,high_noise_identity_drift,,learned_f1,baseline_f1,learned_f1 - baseline_f1,,,,,,10.0,0.012405069351174525,0.0008752277147984495,0.01177896916108106,0.01303116954126799,all 28 Table II matcher contrasts,44.820648408160004,6.84897466778291e-12,0.0,0.001953125,10.0,0.0,0.0,10.0,0.001953125,1.6437539202678983e-10,0.0546875,0.0546875,paper_experiments/results/E2_E6/E2/e2_per_run_metrics.csv
per_seed,E2_high_noise_identity_drift_baseline_minus_splink,high_noise_identity_drift: baseline versus splink,high_noise_identity_drift,20260720,baseline_f1,splink_f1,baseline_f1 - splink_f1,0.9783147459727386,0.9761742682096664,0.002140477763072246,,,,,,,,,,,,,,,,,,,,,paper_experiments/results/E2_E6/E2/e2_per_run_metrics.csv
per_seed,E2_high_noise_identity_drift_baseline_minus_splink,high_noise_identity_drift: baseline versus splink,high_noise_identity_drift,20260721,baseline_f1,splink_f1,baseline_f1 - splink_f1,0.9801710249101498,0.9783308568598316,0.0018401680503182805,,,,,,,,,,,,,,,,,,,,,paper_experiments/results/E2_E6/E2/e2_per_run_metrics.csv
per_seed,E2_high_noise_identity_drift_baseline_minus_splink,high_noise_identity_drift: baseline versus splink,high_noise_identity_drift,20260722,baseline_f1,splink_f1,baseline_f1 - splink_f1,0.979707993071022,0.9766493699036324,0.0030586231673895847,,,,,,,,,,,,,,,,,,,,,paper_experiments/results/E2_E6/E2/e2_per_run_metrics.csv
per_seed,E2_high_noise_identity_drift_baseline_minus_splink,high_noise_identity_drift: baseline versus splink,high_noise_identity_drift,20260723,baseline_f1,splink_f1,baseline_f1 - splink_f1,0.9810247852154028,0.9785052501544164,0.0025195350609864553,,,,,,,,,,,,,,,,,,,,,paper_experiments/results/E2_E6/E2/e2_per_run_metrics.csv
per_seed,E2_high_noise_identity_drift_baseline_minus_splink,high_noise_identity_drift: baseline versus splink,high_noise_identity_drift,20260724,baseline_f1,splink_f1,baseline_f1 - splink_f1,0.9807930607187114,0.978165398651574,0.002627662067137382,,,,,,,,,,,,,,,,,,,,,paper_experiments/results/E2_E6/E2/e2_per_run_metrics.csv
per_seed,E2_high_noise_identity_drift_baseline_minus_splink,high_noise_identity_drift: baseline versus splink,high_noise_identity_drift,20260725,baseline_f1,splink_f1,baseline_f1 - splink_f1,0.9820655534941248,0.9801013471758744,0.00196420631825045,,,,,,,,,,,,,,,,,,,,,paper_experiments/results/E2_E6/E2/e2_per_run_metrics.csv
per_seed,E2_high_noise_identity_drift_baseline_minus_splink,high_noise_identity_drift: baseline versus splink,high_noise_identity_drift,20260726,baseline_f1,splink_f1,baseline_f1 - splink_f1,0.9812325797460512,0.978981206726014,0.002251373020037195,,,,,,,,,,,,,,,,,,,,,paper_experiments/results/E2_E6/E2/e2_per_run_metrics.csv
per_seed,E2_high_noise_identity_drift_baseline_minus_splink,high_noise_identity_drift: baseline versus splink,high_noise_identity_drift,20260727,baseline_f1,splink_f1,baseline_f1 - splink_f1,0.9813679975239864,0.9791100123609396,0.0022579851630467607,,,,,,,,,,,,,,,,,,,,,paper_experiments/results/E2_E6/E2/e2_per_run_metrics.csv
per_seed,E2_high_noise_identity_drift_baseline_minus_splink,high_noise_identity_drift: baseline versus splink,high_noise_identity_drift,20260728,baseline_f1,splink_f1,baseline_f1 - splink_f1,0.9808609476618148,0.9778657103994064,0.0029952372624083567,,,,,,,,,,,,,,,,,,,,,paper_experiments/results/E2_E6/E2/e2_per_run_metrics.csv
per_seed,E2_high_noise_identity_drift_baseline_minus_splink,high_noise_identity_drift: baseline versus splink,high_noise_identity_drift,20260729,baseline_f1,splink_f1,baseline_f1 - splink_f1,0.9817529535473496,0.9797380775883372,0.0020148759590123966,,,,,,,,,,,,,,,,,,,,,paper_experiments/results/E2_E6/E2/e2_per_run_metrics.csv
summary,E2_high_noise_identity_drift_baseline_minus_splink,high_noise_identity_drift: baseline versus splink,high_noise_identity_drift,,baseline_f1,splink_f1,baseline_f1 - splink_f1,,,,,,10.0,0.0023670143831659106,0.0004222411725348337,0.002064961244400503,0.0026690675219313183,all 28 Table II matcher contrasts,17.727207084631925,2.6238004803038732e-08,0.0,0.001953125,10.0,0.0,0.0,10.0,0.001953125,3.9357007204558095e-07,0.0546875,0.0546875,paper_experiments/results/E2_E6/E2/e2_per_run_metrics.csv
per_seed,E2_low_overlap_sparse_coverage_learned_minus_baseline,low_overlap_sparse_coverage: learned versus baseline,low_overlap_sparse_coverage,20260720,learned_f1,baseline_f1,learned_f1 - baseline_f1,0.998450298870932,0.996238105775614,0.002212193095317949,,,,,,,,,,,,,,,,,,,,,paper_experiments/results/E2_E6/E2/e2_per_run_metrics.csv
per_seed,E2_low_overlap_sparse_coverage_learned_minus_baseline,low_overlap_sparse_coverage: learned versus baseline,low_overlap_sparse_coverage,20260721,learned_f1,baseline_f1,learned_f1 - baseline_f1,0.9988901220865704,0.9975571840994892,0.0013329379870811175,,,,,,,,,,,,,,,,,,,,,paper_experiments/results/E2_E6/E2/e2_per_run_metrics.csv
per_seed,E2_low_overlap_sparse_coverage_learned_minus_baseline,low_overlap_sparse_coverage: learned versus baseline,low_overlap_sparse_coverage,20260722,learned_f1,baseline_f1,learned_f1 - baseline_f1,0.9991119005328596,0.9980013324450366,0.0011105680878229496,,,,,,,,,,,,,,,,,,,,,paper_experiments/results/E2_E6/E2/e2_per_run_metrics.csv
per_seed,E2_low_overlap_sparse_coverage_learned_minus_baseline,low_overlap_sparse_coverage: learned versus baseline,low_overlap_sparse_coverage,20260723,learned_f1,baseline_f1,learned_f1 - baseline_f1,0.9988930706220944,0.9971232573578224,0.0017698132642720577,,,,,,,,,,,,,,,,,,,,,paper_experiments/results/E2_E6/E2/e2_per_run_metrics.csv
per_seed,E2_low_overlap_sparse_coverage_learned_minus_baseline,low_overlap_sparse_coverage: learned versus baseline,low_overlap_sparse_coverage,20260724,learned_f1,baseline_f1,learned_f1 - baseline_f1,0.999778024417314,0.998445480790584,0.001332543626729965,,,,,,,,,,,,,,,,,,,,,paper_experiments/results/E2_E6/E2/e2_per_run_metrics.csv
per_seed,E2_low_overlap_sparse_coverage_learned_minus_baseline,low_overlap_sparse_coverage: learned versus baseline,low_overlap_sparse_coverage,20260725,learned_f1,baseline_f1,learned_f1 - baseline_f1,0.9986731534719152,0.9973474801061007,0.0013256733658144615,,,,,,,,,,,,,,,,,,,,,paper_experiments/results/E2_E6/E2/e2_per_run_metrics.csv
per_seed,E2_low_overlap_sparse_coverage_learned_minus_baseline,low_overlap_sparse_coverage: learned versus baseline,low_overlap_sparse_coverage,20260726,learned_f1,baseline_f1,learned_f1 - baseline_f1,0.9988841776389198,0.9968708091193562,0.002013368519563574,,,,,,,,,,,,,,,,,,,,,paper_experiments/results/E2_E6/E2/e2_per_run_metrics.csv
per_seed,E2_low_overlap_sparse_coverage_learned_minus_baseline,low_overlap_sparse_coverage: learned versus baseline,low_overlap_sparse_coverage,20260727,learned_f1,baseline_f1,learned_f1 - baseline_f1,0.9988886419204268,0.9966599866399464,0.0022286552804804405,,,,,,,,,,,,,,,,,,,,,paper_experiments/results/E2_E6/E2/e2_per_run_metrics.csv
per_seed,E2_low_overlap_sparse_coverage_learned_minus_baseline,low_overlap_sparse_coverage: learned versus baseline,low_overlap_sparse_coverage,20260728,learned_f1,baseline_f1,learned_f1 - baseline_f1,0.9982142857142856,0.9962028143846324,0.0020114713296531805,,,,,,,,,,,,,,,,,,,,,paper_experiments/results/E2_E6/E2/e2_per_run_metrics.csv
per_seed,E2_low_overlap_sparse_coverage_learned_minus_baseline,low_overlap_sparse_coverage: learned versus baseline,low_overlap_sparse_coverage,20260729,learned_f1,baseline_f1,learned_f1 - baseline_f1,0.9984378486944878,0.9962062039723276,0.0022316447221601976,,,,,,,,,,,,,,,,,,,,,paper_experiments/results/E2_E6/E2/e2_per_run_metrics.csv
summary,E2_low_overlap_sparse_coverage_learned_minus_baseline,low_overlap_sparse_coverage: learned versus baseline,low_overlap_sparse_coverage,,learned_f1,baseline_f1,learned_f1 - baseline_f1,,,,,,10.0,0.0017568869278895894,0.00044089558896016526,0.0014414892235071388,0.00207228463227204,all 28 Table II matcher contrasts,12.601088381514888,5.072363995060712e-07,0.0,0.001953125,10.0,0.0,0.0,10.0,0.001953125,4.5651275955546405e-06,0.0546875,0.0546875,paper_experiments/results/E2_E6/E2/e2_per_run_metrics.csv
per_seed,E2_low_overlap_sparse_coverage_baseline_minus_splink,low_overlap_sparse_coverage: baseline versus splink,low_overlap_sparse_coverage,20260720,baseline_f1,splink_f1,baseline_f1 - splink_f1,0.996238105775614,0.9938189845474614,0.0024191212281525765,,,,,,,,,,,,,,,,,,,,,paper_experiments/results/E2_E6/E2/e2_per_run_metrics.csv
per_seed,E2_low_overlap_sparse_coverage_baseline_minus_splink,low_overlap_sparse_coverage: baseline versus splink,low_overlap_sparse_coverage,20260721,baseline_f1,splink_f1,baseline_f1 - splink_f1,0.9975571840994892,0.9951241134751772,0.0024330706243120837,,,,,,,,,,,,,,,,,,,,,paper_experiments/results/E2_E6/E2/e2_per_run_metrics.csv
per_seed,E2_low_overlap_sparse_coverage_baseline_minus_splink,low_overlap_sparse_coverage: baseline versus splink,low_overlap_sparse_coverage,20260722,baseline_f1,splink_f1,baseline_f1 - splink_f1,0.9980013324450366,0.9953488372093025,0.002652495235734187,,,,,,,,,,,,,,,,,,,,,paper_experiments/results/E2_E6/E2/e2_per_run_metrics.csv
per_seed,E2_low_overlap_sparse_coverage_baseline_minus_splink,low_overlap_sparse_coverage: baseline versus splink,low_overlap_sparse_coverage,20260723,baseline_f1,splink_f1,baseline_f1 - splink_f1,0.9971232573578224,0.995581087052585,0.0015421703052374003,,,,,,,,,,,,,,,,,,,,,paper_experiments/results/E2_E6/E2/e2_per_run_metrics.csv
per_seed,E2_low_overlap_sparse_coverage_baseline_minus_splink,low_overlap_sparse_coverage: baseline versus splink,low_overlap_sparse_coverage,20260724,baseline_f1,splink_f1,baseline_f1 - splink_f1,0.998445480790584,0.994250331711632,0.004195149078952021,,,,,,,,,,,,,,,,,,,,,paper_experiments/results/E2_E6/E2/e2_per_run_metrics.csv
per_seed,E2_low_overlap_sparse_coverage_baseline_minus_splink,low_overlap_sparse_coverage: baseline versus splink,low_overlap_sparse_coverage,20260725,baseline_f1,splink_f1,baseline_f1 - splink_f1,0.9973474801061007,0.994270603790216,0.0030768763158847134,,,,,,,,,,,,,,,,,,,,,paper_experiments/results/E2_E6/E2/e2_per_run_metrics.csv
per_seed,E2_low_overlap_sparse_coverage_baseline_minus_splink,low_overlap_sparse_coverage: baseline versus splink,low_overlap_sparse_coverage,20260726,baseline_f1,splink_f1,baseline_f1 - splink_f1,0.9968708091193562,0.9928762243989314,0.003994584720424799,,,,,,,,,,,,,,,,,,,,,paper_experiments/results/E2_E6/E2/e2_per_run_metrics.csv
per_seed,E2_low_overlap_sparse_coverage_baseline_minus_splink,low_overlap_sparse_coverage: baseline versus splink,low_overlap_sparse_coverage,20260727,baseline_f1,splink_f1,baseline_f1 - splink_f1,0.9966599866399464,0.993342210386152,0.003317776253794369,,,,,,,,,,,,,,,,,,,,,paper_experiments/results/E2_E6/E2/e2_per_run_metrics.csv
per_seed,E2_low_overlap_sparse_coverage_baseline_minus_splink,low_overlap_sparse_coverage: baseline versus splink,low_overlap_sparse_coverage,20260728,baseline_f1,splink_f1,baseline_f1 - splink_f1,0.9962028143846324,0.9926552414867572,0.0035475728978752175,,,,,,,,,,,,,,,,,,,,,paper_experiments/results/E2_E6/E2/e2_per_run_metrics.csv
per_seed,E2_low_overlap_sparse_coverage_baseline_minus_splink,low_overlap_sparse_coverage: baseline versus splink,low_overlap_sparse_coverage,20260729,baseline_f1,splink_f1,baseline_f1 - splink_f1,0.9962062039723276,0.993103448275862,0.0031027556964655645,,,,,,,,,,,,,,,,,,,,,paper_experiments/results/E2_E6/E2/e2_per_run_metrics.csv
summary,E2_low_overlap_sparse_coverage_baseline_minus_splink,low_overlap_sparse_coverage: baseline versus splink,low_overlap_sparse_coverage,,baseline_f1,splink_f1,baseline_f1 - splink_f1,,,,,,10.0,0.0030281572356832933,0.0007980388712053361,0.0024572746179194168,0.0035990398534471698,all 28 Table II matcher contrasts,11.999257584302097,7.703945323289663e-07,0.0,0.001953125,10.0,0.0,0.0,10.0,0.001953125,5.392761726302765e-06,0.0546875,0.0546875,paper_experiments/results/E2_E6/E2/e2_per_run_metrics.csv
per_seed,E2_asymmetric_source_coverage_learned_minus_baseline,asymmetric_source_coverage: learned versus baseline,asymmetric_source_coverage,20260720,learned_f1,baseline_f1,learned_f1 - baseline_f1,0.9987992315081652,0.996155694377703,0.00264353713046217,,,,,,,,,,,,,,,,,,,,,paper_experiments/results/E2_E6/E2/e2_per_run_metrics.csv
per_seed,E2_asymmetric_source_coverage_learned_minus_baseline,asymmetric_source_coverage: learned versus baseline,asymmetric_source_coverage,20260721,learned_f1,baseline_f1,learned_f1 - baseline_f1,0.998681845416417,0.997602493406857,0.0010793520095599973,,,,,,,,,,,,,,,,,,,,,paper_experiments/results/E2_E6/E2/e2_per_run_metrics.csv
per_seed,E2_asymmetric_source_coverage_learned_minus_baseline,asymmetric_source_coverage: learned versus baseline,asymmetric_source_coverage,20260722,learned_f1,baseline_f1,learned_f1 - baseline_f1,0.9992828113793928,0.9976070830342187,0.0016757283451740435,,,,,,,,,,,,,,,,,,,,,paper_experiments/results/E2_E6/E2/e2_per_run_metrics.csv
per_seed,E2_asymmetric_source_coverage_learned_minus_baseline,asymmetric_source_coverage: learned versus baseline,asymmetric_source_coverage,20260723,learned_f1,baseline_f1,learned_f1 - baseline_f1,0.998920474991004,0.9975984630163304,0.0013220119746736314,,,,,,,,,,,,,,,,,,,,,paper_experiments/results/E2_E6/E2/e2_per_run_metrics.csv
per_seed,E2_asymmetric_source_coverage_learned_minus_baseline,asymmetric_source_coverage: learned versus baseline,asymmetric_source_coverage,20260724,learned_f1,baseline_f1,learned_f1 - baseline_f1,0.9996411912450665,0.9973633748801536,0.0022778163649128658,,,,,,,,,,,,,,,,,,,,,paper_experiments/results/E2_E6/E2/e2_per_run_metrics.csv
per_seed,E2_asymmetric_source_coverage_learned_minus_baseline,asymmetric_source_coverage: learned versus baseline,asymmetric_source_coverage,20260725,learned_f1,baseline_f1,learned_f1 - baseline_f1,0.999158147925436,0.9971112181030332,0.002046929822402843,,,,,,,,,,,,,,,,,,,,,paper_experiments/results/E2_E6/E2/e2_per_run_metrics.csv
per_seed,E2_asymmetric_source_coverage_learned_minus_baseline,asymmetric_source_coverage: learned versus baseline,asymmetric_source_coverage,20260726,learned_f1,baseline_f1,learned_f1 - baseline_f1,0.998678361167848,0.9971139971139972,0.001564364053850853,,,,,,,,,,,,,,,,,,,,,paper_experiments/results/E2_E6/E2/e2_per_run_metrics.csv
per_seed,E2_asymmetric_source_coverage_learned_minus_baseline,asymmetric_source_coverage: learned versus baseline,asymmetric_source_coverage,20260727,learned_f1,baseline_f1,learned_f1 - baseline_f1,0.9990416866315286,0.9979618750749312,0.001079811556597421,,,,,,,,,,,,,,,,,,,,,paper_experiments/results/E2_E6/E2/e2_per_run_metrics.csv
per_seed,E2_asymmetric_source_coverage_learned_minus_baseline,asymmetric_source_coverage: learned versus baseline,asymmetric_source_coverage,20260728,learned_f1,baseline_f1,learned_f1 - baseline_f1,0.9983193277310924,0.9953096812988572,0.0030096464322352245,,,,,,,,,,,,,,,,,,,,,paper_experiments/results/E2_E6/E2/e2_per_run_metrics.csv
per_seed,E2_asymmetric_source_coverage_learned_minus_baseline,asymmetric_source_coverage: learned versus baseline,asymmetric_source_coverage,20260729,learned_f1,baseline_f1,learned_f1 - baseline_f1,0.9991557110119408,0.9962564907619852,0.002899220249955592,,,,,,,,,,,,,,,,,,,,,paper_experiments/results/E2_E6/E2/e2_per_run_metrics.csv
summary,E2_asymmetric_source_coverage_learned_minus_baseline,asymmetric_source_coverage: learned versus baseline,asymmetric_source_coverage,,learned_f1,baseline_f1,learned_f1 - baseline_f1,,,,,,10.0,0.0019598417939824643,0.0007268133322889986,0.0014399108573651311,0.0024797727305997976,all 28 Table II matcher contrasts,8.527036650602833,1.3249066953840304e-05,0.0,0.001953125,10.0,0.0,0.0,10.0,0.001953125,5.2996267815361216e-05,0.0546875,0.0546875,paper_experiments/results/E2_E6/E2/e2_per_run_metrics.csv
per_seed,E2_asymmetric_source_coverage_baseline_minus_splink,asymmetric_source_coverage: baseline versus splink,asymmetric_source_coverage,20260720,baseline_f1,splink_f1,baseline_f1 - splink_f1,0.996155694377703,0.9938870909744696,0.002268603403233427,,,,,,,,,,,,,,,,,,,,,paper_experiments/results/E2_E6/E2/e2_per_run_metrics.csv
per_seed,E2_asymmetric_source_coverage_baseline_minus_splink,asymmetric_source_coverage: baseline versus splink,asymmetric_source_coverage,20260721,baseline_f1,splink_f1,baseline_f1 - splink_f1,0.997602493406857,0.995573633209714,0.00202886019714299,,,,,,,,,,,,,,,,,,,,,paper_experiments/results/E2_E6/E2/e2_per_run_metrics.csv
per_seed,E2_asymmetric_source_coverage_baseline_minus_splink,asymmetric_source_coverage: baseline versus splink,asymmetric_source_coverage,20260722,baseline_f1,splink_f1,baseline_f1 - splink_f1,0.9976070830342187,0.9955820895522388,0.002024993481979931,,,,,,,,,,,,,,,,,,,,,paper_experiments/results/E2_E6/E2/e2_per_run_metrics.csv
per_seed,E2_asymmetric_source_coverage_baseline_minus_splink,asymmetric_source_coverage: baseline versus splink,asymmetric_source_coverage,20260723,baseline_f1,splink_f1,baseline_f1 - splink_f1,0.9975984630163304,0.9960436398513368,0.0015548231649935573,,,,,,,,,,,,,,,,,,,,,paper_experiments/results/E2_E6/E2/e2_per_run_metrics.csv
per_seed,E2_asymmetric_source_coverage_baseline_minus_splink,asymmetric_source_coverage: baseline versus splink,asymmetric_source_coverage,20260724,baseline_f1,splink_f1,baseline_f1 - splink_f1,0.9973633748801536,0.9941464580097956,0.0032169168703579665,,,,,,,,,,,,,,,,,,,,,paper_experiments/results/E2_E6/E2/e2_per_run_metrics.csv
per_seed,E2_asymmetric_source_coverage_baseline_minus_splink,asymmetric_source_coverage: baseline versus splink,asymmetric_source_coverage,20260725,baseline_f1,splink_f1,baseline_f1 - splink_f1,0.9971112181030332,0.994000479961603,0.003110738141430147,,,,,,,,,,,,,,,,,,,,,paper_experiments/results/E2_E6/E2/e2_per_run_metrics.csv
per_seed,E2_asymmetric_source_coverage_baseline_minus_splink,asymmetric_source_coverage: baseline versus splink,asymmetric_source_coverage,20260726,baseline_f1,splink_f1,baseline_f1 - splink_f1,0.9971139971139972,0.994006233517142,0.003107763596855162,,,,,,,,,,,,,,,,,,,,,paper_experiments/results/E2_E6/E2/e2_per_run_metrics.csv
per_seed,E2_asymmetric_source_coverage_baseline_minus_splink,asymmetric_source_coverage: baseline versus splink,asymmetric_source_coverage,20260727,baseline_f1,splink_f1,baseline_f1 - splink_f1,0.9979618750749312,0.9943853780910288,0.0035764969839023886,,,,,,,,,,,,,,,,,,,,,paper_experiments/results/E2_E6/E2/e2_per_run_metrics.csv
per_seed,E2_asymmetric_source_coverage_baseline_minus_splink,asymmetric_source_coverage: baseline versus splink,asymmetric_source_coverage,20260728,baseline_f1,splink_f1,baseline_f1 - splink_f1,0.9953096812988572,0.992802303262956,0.0025073780359011755,,,,,,,,,,,,,,,,,,,,,paper_experiments/results/E2_E6/E2/e2_per_run_metrics.csv
per_seed,E2_asymmetric_source_coverage_baseline_minus_splink,asymmetric_source_coverage: baseline versus splink,asymmetric_source_coverage,20260729,baseline_f1,splink_f1,baseline_f1 - splink_f1,0.9962564907619852,0.9940956741776118,0.002160816584373393,,,,,,,,,,,,,,,,,,,,,paper_experiments/results/E2_E6/E2/e2_per_run_metrics.csv
summary,E2_asymmetric_source_coverage_baseline_minus_splink,asymmetric_source_coverage: baseline versus splink,asymmetric_source_coverage,,baseline_f1,splink_f1,baseline_f1 - splink_f1,,,,,,10.0,0.0025557390460170136,0.0006577514031558444,0.0020852120373459596,0.0030262660546880676,all 28 Table II matcher contrasts,12.287250854445913,6.293075493440451e-07,0.0,0.001953125,10.0,0.0,0.0,10.0,0.001953125,5.034460394752361e-06,0.0546875,0.0546875,paper_experiments/results/E2_E6/E2/e2_per_run_metrics.csv
per_seed,E2_high_duplication_dedup_learned_minus_baseline,high_duplication_dedup: learned versus baseline,high_duplication_dedup,20260720,learned_f1,baseline_f1,learned_f1 - baseline_f1,0.9981127886323268,0.9965570857396712,0.0015557028926556082,,,,,,,,,,,,,,,,,,,,,paper_experiments/results/E2_E6/E2/e2_per_run_metrics.csv
per_seed,E2_high_duplication_dedup_learned_minus_baseline,high_duplication_dedup: learned versus baseline,high_duplication_dedup,20260721,learned_f1,baseline_f1,learned_f1 - baseline_f1,0.9985739359368144,0.9957105147382314,0.0028634211985830715,,,,,,,,,,,,,,,,,,,,,paper_experiments/results/E2_E6/E2/e2_per_run_metrics.csv
per_seed,E2_high_duplication_dedup_learned_minus_baseline,high_duplication_dedup: learned versus baseline,high_duplication_dedup,20260722,learned_f1,baseline_f1,learned_f1 - baseline_f1,0.9989072232542892,0.9965568125922284,0.0023504106620607645,,,,,,,,,,,,,,,,,,,,,paper_experiments/results/E2_E6/E2/e2_per_run_metrics.csv
per_seed,E2_high_duplication_dedup_learned_minus_baseline,high_duplication_dedup: learned versus baseline,high_duplication_dedup,20260723,learned_f1,baseline_f1,learned_f1 - baseline_f1,0.9983552631578948,0.9957208689927584,0.0026343941651364444,,,,,,,,,,,,,,,,,,,,,paper_experiments/results/E2_E6/E2/e2_per_run_metrics.csv
per_seed,E2_high_duplication_dedup_learned_minus_baseline,high_duplication_dedup: learned versus baseline,high_duplication_dedup,20260724,learned_f1,baseline_f1,learned_f1 - baseline_f1,0.9986846432094704,0.996597145993414,0.0020874972160563887,,,,,,,,,,,,,,,,,,,,,paper_experiments/results/E2_E6/E2/e2_per_run_metrics.csv
per_seed,E2_high_duplication_dedup_learned_minus_baseline,high_duplication_dedup: learned versus baseline,high_duplication_dedup,20260725,learned_f1,baseline_f1,learned_f1 - baseline_f1,0.9986687375194142,0.995163711156818,0.0035050263625961975,,,,,,,,,,,,,,,,,,,,,paper_experiments/results/E2_E6/E2/e2_per_run_metrics.csv
per_seed,E2_high_duplication_dedup_learned_minus_baseline,high_duplication_dedup: learned versus baseline,high_duplication_dedup,20260726,learned_f1,baseline_f1,learned_f1 - baseline_f1,0.9976424146060638,0.9960491659350308,0.001593248671033054,,,,,,,,,,,,,,,,,,,,,paper_experiments/results/E2_E6/E2/e2_per_run_metrics.csv
per_seed,E2_high_duplication_dedup_learned_minus_baseline,high_duplication_dedup: learned versus baseline,high_duplication_dedup,20260727,learned_f1,baseline_f1,learned_f1 - baseline_f1,0.9980302035456337,0.9961115066542529,0.0019186968913808,,,,,,,,,,,,,,,,,,,,,paper_experiments/results/E2_E6/E2/e2_per_run_metrics.csv
per_seed,E2_high_duplication_dedup_learned_minus_baseline,high_duplication_dedup: learned versus baseline,high_duplication_dedup,20260728,learned_f1,baseline_f1,learned_f1 - baseline_f1,0.997478346672514,0.9953355649453988,0.0021427817271152394,,,,,,,,,,,,,,,,,,,,,paper_experiments/results/E2_E6/E2/e2_per_run_metrics.csv
per_seed,E2_high_duplication_dedup_learned_minus_baseline,high_duplication_dedup: learned versus baseline,high_duplication_dedup,20260729,learned_f1,baseline_f1,learned_f1 - baseline_f1,0.9981823189204077,0.9964197190856512,0.001762599834756462,,,,,,,,,,,,,,,,,,,,,paper_experiments/results/E2_E6/E2/e2_per_run_metrics.csv
summary,E2_high_duplication_dedup_learned_minus_baseline,high_duplication_dedup: learned versus baseline,high_duplication_dedup,,learned_f1,baseline_f1,learned_f1 - baseline_f1,,,,,,10.0,0.002241377962137403,0.0006152749053712627,0.0018012368094987477,0.002681519114776058,all 28 Table II matcher contrasts,11.51982535901404,1.089488711727655e-06,0.0,0.001953125,10.0,0.0,0.0,10.0,0.001953125,5.447443558638275e-06,0.0546875,0.0546875,paper_experiments/results/E2_E6/E2/e2_per_run_metrics.csv
per_seed,E2_high_duplication_dedup_baseline_minus_splink,high_duplication_dedup: baseline versus splink,high_duplication_dedup,20260720,baseline_f1,splink_f1,baseline_f1 - splink_f1,0.9965570857396712,0.9922600619195048,0.00429702382016639,,,,,,,,,,,,,,,,,,,,,paper_experiments/results/E2_E6/E2/e2_per_run_metrics.csv
per_seed,E2_high_duplication_dedup_baseline_minus_splink,high_duplication_dedup: baseline versus splink,high_duplication_dedup,20260721,baseline_f1,splink_f1,baseline_f1 - splink_f1,0.9957105147382314,0.9929241402007568,0.0027863745374745452,,,,,,,,,,,,,,,,,,,,,paper_experiments/results/E2_E6/E2/e2_per_run_metrics.csv
per_seed,E2_high_duplication_dedup_baseline_minus_splink,high_duplication_dedup: baseline versus splink,high_duplication_dedup,20260722,baseline_f1,splink_f1,baseline_f1 - splink_f1,0.9965568125922284,0.9934077907926996,0.003149021799528806,,,,,,,,,,,,,,,,,,,,,paper_experiments/results/E2_E6/E2/e2_per_run_metrics.csv
per_seed,E2_high_duplication_dedup_baseline_minus_splink,high_duplication_dedup: baseline versus splink,high_duplication_dedup,20260723,baseline_f1,splink_f1,baseline_f1 - splink_f1,0.9957208689927584,0.9930513760463971,0.002669492946361207,,,,,,,,,,,,,,,,,,,,,paper_experiments/results/E2_E6/E2/e2_per_run_metrics.csv
per_seed,E2_high_duplication_dedup_baseline_minus_splink,high_duplication_dedup: baseline versus splink,high_duplication_dedup,20260724,baseline_f1,splink_f1,baseline_f1 - splink_f1,0.996597145993414,0.9912654219893,0.005331724004113969,,,,,,,,,,,,,,,,,,,,,paper_experiments/results/E2_E6/E2/e2_per_run_metrics.csv
per_seed,E2_high_duplication_dedup_baseline_minus_splink,high_duplication_dedup: baseline versus splink,high_duplication_dedup,20260725,baseline_f1,splink_f1,baseline_f1 - splink_f1,0.995163711156818,0.992461197339246,0.0027025138175720276,,,,,,,,,,,,,,,,,,,,,paper_experiments/results/E2_E6/E2/e2_per_run_metrics.csv
per_seed,E2_high_duplication_dedup_baseline_minus_splink,high_duplication_dedup: baseline versus splink,high_duplication_dedup,20260726,baseline_f1,splink_f1,baseline_f1 - splink_f1,0.9960491659350308,0.9928333059795392,0.0032158599554915623,,,,,,,,,,,,,,,,,,,,,paper_experiments/results/E2_E6/E2/e2_per_run_metrics.csv
per_seed,E2_high_duplication_dedup_baseline_minus_splink,high_duplication_dedup: baseline versus splink,high_duplication_dedup,20260727,baseline_f1,splink_f1,baseline_f1 - splink_f1,0.9961115066542529,0.9924705368834572,0.0036409697707956434,,,,,,,,,,,,,,,,,,,,,paper_experiments/results/E2_E6/E2/e2_per_run_metrics.csv
per_seed,E2_high_duplication_dedup_baseline_minus_splink,high_duplication_dedup: baseline versus splink,high_duplication_dedup,20260728,baseline_f1,splink_f1,baseline_f1 - splink_f1,0.9953355649453988,0.99217681492423,0.0031587500211687214,,,,,,,,,,,,,,,,,,,,,paper_experiments/results/E2_E6/E2/e2_per_run_metrics.csv
per_seed,E2_high_duplication_dedup_baseline_minus_splink,high_duplication_dedup: baseline versus splink,high_duplication_dedup,20260729,baseline_f1,splink_f1,baseline_f1 - splink_f1,0.9964197190856512,0.99237395073243,0.004045768353221235,,,,,,,,,,,,,,,,,,,,,paper_experiments/results/E2_E6/E2/e2_per_run_metrics.csv
summary,E2_high_duplication_dedup_baseline_minus_splink,high_duplication_dedup: baseline versus splink,high_duplication_dedup,,baseline_f1,splink_f1,baseline_f1 - splink_f1,,,,,,10.0,0.0034997499025894107,0.0008474507544887777,0.0028935201528808344,0.004105979652297987,all 28 Table II matcher contrasts,13.05937940879078,3.7339497064442686e-07,0.0,0.001953125,10.0,0.0,0.0,10.0,0.001953125,4.107344677088695e-06,0.0546875,0.0546875,paper_experiments/results/E2_E6/E2/e2_per_run_metrics.csv
per_seed,E2_three_source_partial_overlap_learned_minus_baseline,three_source_partial_overlap: learned versus baseline,three_source_partial_overlap,20260720,learned_f1,baseline_f1,learned_f1 - baseline_f1,0.9992478157727246,0.9977716683547968,0.0014761474179277867,,,,,,,,,,,,,,,,,,,,,paper_experiments/results/E2_E6/E2/e2_per_run_metrics.csv
per_seed,E2_three_source_partial_overlap_learned_minus_baseline,three_source_partial_overlap: learned versus baseline,three_source_partial_overlap,20260721,learned_f1,baseline_f1,learned_f1 - baseline_f1,0.9991324966745706,0.997830426104313,0.001302070570257552,,,,,,,,,,,,,,,,,,,,,paper_experiments/results/E2_E6/E2/e2_per_run_metrics.csv
per_seed,E2_three_source_partial_overlap_learned_minus_baseline,three_source_partial_overlap: learned versus baseline,three_source_partial_overlap,20260722,learned_f1,baseline_f1,learned_f1 - baseline_f1,0.9990453874858976,0.9978873035626428,0.0011580839232547824,,,,,,,,,,,,,,,,,,,,,paper_experiments/results/E2_E6/E2/e2_per_run_metrics.csv
per_seed,E2_three_source_partial_overlap_learned_minus_baseline,three_source_partial_overlap: learned versus baseline,three_source_partial_overlap,20260723,learned_f1,baseline_f1,learned_f1 - baseline_f1,0.9992473367299676,0.9978564393719948,0.00139089735797282,,,,,,,,,,,,,,,,,,,,,paper_experiments/results/E2_E6/E2/e2_per_run_metrics.csv
per_seed,E2_three_source_partial_overlap_learned_minus_baseline,three_source_partial_overlap: learned versus baseline,three_source_partial_overlap,20260724,learned_f1,baseline_f1,learned_f1 - baseline_f1,0.99953663481031,0.9984059357157348,0.0011306990945751938,,,,,,,,,,,,,,,,,,,,,paper_experiments/results/E2_E6/E2/e2_per_run_metrics.csv
per_seed,E2_three_source_partial_overlap_learned_minus_baseline,three_source_partial_overlap: learned versus baseline,three_source_partial_overlap,20260725,learned_f1,baseline_f1,learned_f1 - baseline_f1,0.9990751979654356,0.9978611480432396,0.001214049922196092,,,,,,,,,,,,,,,,,,,,,paper_experiments/results/E2_E6/E2/e2_per_run_metrics.csv
per_seed,E2_three_source_partial_overlap_learned_minus_baseline,three_source_partial_overlap: learned versus baseline,three_source_partial_overlap,20260726,learned_f1,baseline_f1,learned_f1 - baseline_f1,0.9986976528810813,0.9980313820855772,0.0006662707955040759,,,,,,,,,,,,,,,,,,,,,paper_experiments/results/E2_E6/E2/e2_per_run_metrics.csv
per_seed,E2_three_source_partial_overlap_learned_minus_baseline,three_source_partial_overlap: learned versus baseline,three_source_partial_overlap,20260727,learned_f1,baseline_f1,learned_f1 - baseline_f1,0.9988718868415724,0.997684515195369,0.0011873716462033057,,,,,,,,,,,,,,,,,,,,,paper_experiments/results/E2_E6/E2/e2_per_run_metrics.csv
per_seed,E2_three_source_partial_overlap_learned_minus_baseline,three_source_partial_overlap: learned versus baseline,three_source_partial_overlap,20260728,learned_f1,baseline_f1,learned_f1 - baseline_f1,0.9991017877321589,0.9978841193008896,0.0012176684312692476,,,,,,,,,,,,,,,,,,,,,paper_experiments/results/E2_E6/E2/e2_per_run_metrics.csv
per_seed,E2_three_source_partial_overlap_learned_minus_baseline,three_source_partial_overlap: learned versus baseline,three_source_partial_overlap,20260729,learned_f1,baseline_f1,learned_f1 - baseline_f1,0.9993053143452588,0.9978860799814672,0.001419234363791655,,,,,,,,,,,,,,,,,,,,,paper_experiments/results/E2_E6/E2/e2_per_run_metrics.csv
summary,E2_three_source_partial_overlap_learned_minus_baseline,three_source_partial_overlap: learned versus baseline,three_source_partial_overlap,,learned_f1,baseline_f1,learned_f1 - baseline_f1,,,,,,10.0,0.001216249352295251,0.0002262339930740285,0.0010544113029804267,0.0013780874016100756,all 28 Table II matcher contrasts,17.000620038116924,3.7861317002414046e-08,0.0,0.001953125,10.0,0.0,0.0,10.0,0.001953125,4.921971210313826e-07,0.0546875,0.0546875,paper_experiments/results/E2_E6/E2/e2_per_run_metrics.csv
per_seed,E2_three_source_partial_overlap_baseline_minus_splink,three_source_partial_overlap: baseline versus splink,three_source_partial_overlap,20260720,baseline_f1,splink_f1,baseline_f1 - splink_f1,0.9977716683547968,0.994921221215444,0.0028504471393527853,,,,,,,,,,,,,,,,,,,,,paper_experiments/results/E2_E6/E2/e2_per_run_metrics.csv
per_seed,E2_three_source_partial_overlap_baseline_minus_splink,three_source_partial_overlap: baseline versus splink,three_source_partial_overlap,20260721,baseline_f1,splink_f1,baseline_f1 - splink_f1,0.997830426104313,0.9950670705322372,0.002763355572075854,,,,,,,,,,,,,,,,,,,,,paper_experiments/results/E2_E6/E2/e2_per_run_metrics.csv
per_seed,E2_three_source_partial_overlap_baseline_minus_splink,three_source_partial_overlap: baseline versus splink,three_source_partial_overlap,20260722,baseline_f1,splink_f1,baseline_f1 - splink_f1,0.9978873035626428,0.9947205954475954,0.0031667081150473786,,,,,,,,,,,,,,,,,,,,,paper_experiments/results/E2_E6/E2/e2_per_run_metrics.csv
per_seed,E2_three_source_partial_overlap_baseline_minus_splink,three_source_partial_overlap: baseline versus splink,three_source_partial_overlap,20260723,baseline_f1,splink_f1,baseline_f1 - splink_f1,0.9978564393719948,0.9960099462210142,0.0018464931509805105,,,,,,,,,,,,,,,,,,,,,paper_experiments/results/E2_E6/E2/e2_per_run_metrics.csv
per_seed,E2_three_source_partial_overlap_baseline_minus_splink,three_source_partial_overlap: baseline versus splink,three_source_partial_overlap,20260724,baseline_f1,splink_f1,baseline_f1 - splink_f1,0.9984059357157348,0.9952905145762908,0.0031154211394439635,,,,,,,,,,,,,,,,,,,,,paper_experiments/results/E2_E6/E2/e2_per_run_metrics.csv
per_seed,E2_three_source_partial_overlap_baseline_minus_splink,three_source_partial_overlap: baseline versus splink,three_source_partial_overlap,20260725,baseline_f1,splink_f1,baseline_f1 - splink_f1,0.9978611480432396,0.9952715949717448,0.0025895530714947768,,,,,,,,,,,,,,,,,,,,,paper_experiments/results/E2_E6/E2/e2_per_run_metrics.csv
per_seed,E2_three_source_partial_overlap_baseline_minus_splink,three_source_partial_overlap: baseline versus splink,three_source_partial_overlap,20260726,baseline_f1,splink_f1,baseline_f1 - splink_f1,0.9980313820855772,0.9951216696013624,0.002909712484214788,,,,,,,,,,,,,,,,,,,,,paper_experiments/results/E2_E6/E2/e2_per_run_metrics.csv
per_seed,E2_three_source_partial_overlap_baseline_minus_splink,three_source_partial_overlap: baseline versus splink,three_source_partial_overlap,20260727,baseline_f1,splink_f1,baseline_f1 - splink_f1,0.997684515195369,0.9946332737030412,0.0030512414923278275,,,,,,,,,,,,,,,,,,,,,paper_experiments/results/E2_E6/E2/e2_per_run_metrics.csv
per_seed,E2_three_source_partial_overlap_baseline_minus_splink,three_source_partial_overlap: baseline versus splink,three_source_partial_overlap,20260728,baseline_f1,splink_f1,baseline_f1 - splink_f1,0.9978841193008896,0.9955756051010672,0.0023085141998223646,,,,,,,,,,,,,,,,,,,,,paper_experiments/results/E2_E6/E2/e2_per_run_metrics.csv
per_seed,E2_three_source_partial_overlap_baseline_minus_splink,three_source_partial_overlap: baseline versus splink,three_source_partial_overlap,20260729,baseline_f1,splink_f1,baseline_f1 - splink_f1,0.9978860799814672,0.9959825428480592,0.001903537133407962,,,,,,,,,,,,,,,,,,,,,paper_experiments/results/E2_E6/E2/e2_per_run_metrics.csv
summary,E2_three_source_partial_overlap_baseline_minus_splink,three_source_partial_overlap: baseline versus splink,three_source_partial_overlap,,baseline_f1,splink_f1,baseline_f1 - splink_f1,,,,,,10.0,0.002650498349816821,0.00048168361345046556,0.0023059226504336125,0.00299507404920003,all 28 Table II matcher contrasts,17.40065778841534,3.088366939505235e-08,0.0,0.001953125,10.0,0.0,0.0,10.0,0.001953125,4.3237137153073295e-07,0.0546875,0.0546875,paper_experiments/results/E2_E6/E2/e2_per_run_metrics.csv
per_seed,E2_name_change_lifecycle_learned_minus_baseline,name_change_lifecycle: learned versus baseline,name_change_lifecycle,20260720,learned_f1,baseline_f1,learned_f1 - baseline_f1,1.0,0.9996804090763822,0.0003195909236177741,,,,,,,,,,,,,,,,,,,,,paper_experiments/results/E2_E6/E2/e2_per_run_metrics.csv
per_seed,E2_name_change_lifecycle_learned_minus_baseline,name_change_lifecycle: learned versus baseline,name_change_lifecycle,20260721,learned_f1,baseline_f1,learned_f1 - baseline_f1,0.9998721391126456,0.9998082209294892,6.391818315643061e-05,,,,,,,,,,,,,,,,,,,,,paper_experiments/results/E2_E6/E2/e2_per_run_metrics.csv
per_seed,E2_name_change_lifecycle_learned_minus_baseline,name_change_lifecycle: learned versus baseline,name_change_lifecycle,20260722,learned_f1,baseline_f1,learned_f1 - baseline_f1,0.99993606546896,0.9998721391126456,6.392635631435883e-05,,,,,,,,,,,,,,,,,,,,,paper_experiments/results/E2_E6/E2/e2_per_run_metrics.csv
per_seed,E2_name_change_lifecycle_learned_minus_baseline,name_change_lifecycle: learned versus baseline,name_change_lifecycle,20260723,learned_f1,baseline_f1,learned_f1 - baseline_f1,0.99993606546896,0.99993606546896,0.0,,,,,,,,,,,,,,,,,,,,,paper_experiments/results/E2_E6/E2/e2_per_run_metrics.csv
per_seed,E2_name_change_lifecycle_learned_minus_baseline,name_change_lifecycle: learned versus baseline,name_change_lifecycle,20260724,learned_f1,baseline_f1,learned_f1 - baseline_f1,1.0,0.9998721391126456,0.00012786088735439183,,,,,,,,,,,,,,,,,,,,,paper_experiments/results/E2_E6/E2/e2_per_run_metrics.csv
per_seed,E2_name_change_lifecycle_learned_minus_baseline,name_change_lifecycle: learned versus baseline,name_change_lifecycle,20260725,learned_f1,baseline_f1,learned_f1 - baseline_f1,0.99993606546896,0.99993606546896,0.0,,,,,,,,,,,,,,,,,,,,,paper_experiments/results/E2_E6/E2/e2_per_run_metrics.csv
per_seed,E2_name_change_lifecycle_learned_minus_baseline,name_change_lifecycle: learned versus baseline,name_change_lifecycle,20260726,learned_f1,baseline_f1,learned_f1 - baseline_f1,0.99993606546896,1.0,-6.3934531040033e-05,,,,,,,,,,,,,,,,,,,,,paper_experiments/results/E2_E6/E2/e2_per_run_metrics.csv
per_seed,E2_name_change_lifecycle_learned_minus_baseline,name_change_lifecycle: learned versus baseline,name_change_lifecycle,20260727,learned_f1,baseline_f1,learned_f1 - baseline_f1,0.9998082209294892,0.9998082209294892,0.0,,,,,,,,,,,,,,,,,,,,,paper_experiments/results/E2_E6/E2/e2_per_run_metrics.csv
per_seed,E2_name_change_lifecycle_learned_minus_baseline,name_change_lifecycle: learned versus baseline,name_change_lifecycle,20260728,learned_f1,baseline_f1,learned_f1 - baseline_f1,0.99993606546896,0.99993606546896,0.0,,,,,,,,,,,,,,,,,,,,,paper_experiments/results/E2_E6/E2/e2_per_run_metrics.csv
per_seed,E2_name_change_lifecycle_learned_minus_baseline,name_change_lifecycle: learned versus baseline,name_change_lifecycle,20260729,learned_f1,baseline_f1,learned_f1 - baseline_f1,1.0,1.0,0.0,,,,,,,,,,,,,,,,,,,,,paper_experiments/results/E2_E6/E2/e2_per_run_metrics.csv
summary,E2_name_change_lifecycle_learned_minus_baseline,name_change_lifecycle: learned versus baseline,name_change_lifecycle,,learned_f1,baseline_f1,learned_f1 - baseline_f1,,,,,,10.0,5.113618194029224e-05,0.00010780507685868664,-2.5982924291173028e-05,0.0001282552881717575,all 28 Table II matcher contrasts,1.4999924909664584,0.16785256563307108,3.0,0.3125,4.0,1.0,5.0,5.0,0.375,0.33570513126614215,0.625,0.75,paper_experiments/results/E2_E6/E2/e2_per_run_metrics.csv
per_seed,E2_name_change_lifecycle_baseline_minus_splink,name_change_lifecycle: baseline versus splink,name_change_lifecycle,20260720,baseline_f1,splink_f1,baseline_f1 - splink_f1,0.9996804090763822,0.9980218237508774,0.00165858532550478,,,,,,,,,,,,,,,,,,,,,paper_experiments/results/E2_E6/E2/e2_per_run_metrics.csv
per_seed,E2_name_change_lifecycle_baseline_minus_splink,name_change_lifecycle: baseline versus splink,name_change_lifecycle,20260721,baseline_f1,splink_f1,baseline_f1 - splink_f1,0.9998082209294892,0.9987228607918264,0.0010853601376628053,,,,,,,,,,,,,,,,,,,,,paper_experiments/results/E2_E6/E2/e2_per_run_metrics.csv
per_seed,E2_name_change_lifecycle_baseline_minus_splink,name_change_lifecycle: baseline versus splink,name_change_lifecycle,20260722,baseline_f1,splink_f1,baseline_f1 - splink_f1,0.9998721391126456,0.998467824310521,0.001404314802124662,,,,,,,,,,,,,,,,,,,,,paper_experiments/results/E2_E6/E2/e2_per_run_metrics.csv
per_seed,E2_name_change_lifecycle_baseline_minus_splink,name_change_lifecycle: baseline versus splink,name_change_lifecycle,20260723,baseline_f1,splink_f1,baseline_f1 - splink_f1,0.99993606546896,0.9987228607918264,0.0012132046771335947,,,,,,,,,,,,,,,,,,,,,paper_experiments/results/E2_E6/E2/e2_per_run_metrics.csv
per_seed,E2_name_change_lifecycle_baseline_minus_splink,name_change_lifecycle: baseline versus splink,name_change_lifecycle,20260724,baseline_f1,splink_f1,baseline_f1 - splink_f1,0.9998721391126456,0.9979581419091372,0.0019139972035083774,,,,,,,,,,,,,,,,,,,,,paper_experiments/results/E2_E6/E2/e2_per_run_metrics.csv
per_seed,E2_name_change_lifecycle_baseline_minus_splink,name_change_lifecycle: baseline versus splink,name_change_lifecycle,20260725,baseline_f1,splink_f1,baseline_f1 - splink_f1,0.99993606546896,0.9983403549087196,0.0015957105602403265,,,,,,,,,,,,,,,,,,,,,paper_experiments/results/E2_E6/E2/e2_per_run_metrics.csv
per_seed,E2_name_change_lifecycle_baseline_minus_splink,name_change_lifecycle: baseline versus splink,name_change_lifecycle,20260726,baseline_f1,splink_f1,baseline_f1 - splink_f1,1.0,0.998531571218796,0.001468428781204012,,,,,,,,,,,,,,,,,,,,,paper_experiments/results/E2_E6/E2/e2_per_run_metrics.csv
per_seed,E2_name_change_lifecycle_baseline_minus_splink,name_change_lifecycle: baseline versus splink,name_change_lifecycle,20260727,baseline_f1,splink_f1,baseline_f1 - splink_f1,0.9998082209294892,0.998404085541015,0.0014041353884741703,,,,,,,,,,,,,,,,,,,,,paper_experiments/results/E2_E6/E2/e2_per_run_metrics.csv
per_seed,E2_name_change_lifecycle_baseline_minus_splink,name_change_lifecycle: baseline versus splink,name_change_lifecycle,20260728,baseline_f1,splink_f1,baseline_f1 - splink_f1,0.99993606546896,0.9981492118195164,0.0017868536494435316,,,,,,,,,,,,,,,,,,,,,paper_experiments/results/E2_E6/E2/e2_per_run_metrics.csv
per_seed,E2_name_change_lifecycle_baseline_minus_splink,name_change_lifecycle: baseline versus splink,name_change_lifecycle,20260729,baseline_f1,splink_f1,baseline_f1 - splink_f1,1.0,0.9983403549087196,0.0016596450912803595,,,,,,,,,,,,,,,,,,,,,paper_experiments/results/E2_E6/E2/e2_per_run_metrics.csv
summary,E2_name_change_lifecycle_baseline_minus_splink,name_change_lifecycle: baseline versus splink,name_change_lifecycle,,baseline_f1,splink_f1,baseline_f1 - splink_f1,,,,,,10.0,0.001519023561657662,0.00025459691650747934,0.0013368958991906998,0.0017011512241246242,all 28 Table II matcher contrasts,18.867370195185824,1.5174024946145525e-08,0.0,0.001953125,10.0,0.0,0.0,10.0,0.001953125,2.522066288708796e-07,0.0546875,0.0546875,paper_experiments/results/E2_E6/E2/e2_per_run_metrics.csv
per_seed,E2_death_survivor_persistence_learned_minus_baseline,death_survivor_persistence: learned versus baseline,death_survivor_persistence,20260720,learned_f1,baseline_f1,learned_f1 - baseline_f1,1.0,1.0,0.0,,,,,,,,,,,,,,,,,,,,,paper_experiments/results/E2_E6/E2/e2_per_run_metrics.csv
per_seed,E2_death_survivor_persistence_learned_minus_baseline,death_survivor_persistence: learned versus baseline,death_survivor_persistence,20260721,learned_f1,baseline_f1,learned_f1 - baseline_f1,0.9994353472614342,0.9994353472614342,0.0,,,,,,,,,,,,,,,,,,,,,paper_experiments/results/E2_E6/E2/e2_per_run_metrics.csv
per_seed,E2_death_survivor_persistence_learned_minus_baseline,death_survivor_persistence: learned versus baseline,death_survivor_persistence,20260722,learned_f1,baseline_f1,learned_f1 - baseline_f1,0.9994353472614342,1.0,-0.0005646527385657629,,,,,,,,,,,,,,,,,,,,,paper_experiments/results/E2_E6/E2/e2_per_run_metrics.csv
per_seed,E2_death_survivor_persistence_learned_minus_baseline,death_survivor_persistence: learned versus baseline,death_survivor_persistence,20260723,learned_f1,baseline_f1,learned_f1 - baseline_f1,1.0,1.0,0.0,,,,,,,,,,,,,,,,,,,,,paper_experiments/results/E2_E6/E2/e2_per_run_metrics.csv
per_seed,E2_death_survivor_persistence_learned_minus_baseline,death_survivor_persistence: learned versus baseline,death_survivor_persistence,20260724,learned_f1,baseline_f1,learned_f1 - baseline_f1,1.0,1.0,0.0,,,,,,,,,,,,,,,,,,,,,paper_experiments/results/E2_E6/E2/e2_per_run_metrics.csv
per_seed,E2_death_survivor_persistence_learned_minus_baseline,death_survivor_persistence: learned versus baseline,death_survivor_persistence,20260725,learned_f1,baseline_f1,learned_f1 - baseline_f1,1.0,0.9988713318284425,0.0011286681715575453,,,,,,,,,,,,,,,,,,,,,paper_experiments/results/E2_E6/E2/e2_per_run_metrics.csv
per_seed,E2_death_survivor_persistence_learned_minus_baseline,death_survivor_persistence: learned versus baseline,death_survivor_persistence,20260726,learned_f1,baseline_f1,learned_f1 - baseline_f1,1.0,0.9994353472614342,0.0005646527385657629,,,,,,,,,,,,,,,,,,,,,paper_experiments/results/E2_E6/E2/e2_per_run_metrics.csv
per_seed,E2_death_survivor_persistence_learned_minus_baseline,death_survivor_persistence: learned versus baseline,death_survivor_persistence,20260727,learned_f1,baseline_f1,learned_f1 - baseline_f1,1.0,1.0,0.0,,,,,,,,,,,,,,,,,,,,,paper_experiments/results/E2_E6/E2/e2_per_run_metrics.csv
per_seed,E2_death_survivor_persistence_learned_minus_baseline,death_survivor_persistence: learned versus baseline,death_survivor_persistence,20260728,learned_f1,baseline_f1,learned_f1 - baseline_f1,1.0,0.9988713318284425,0.0011286681715575453,,,,,,,,,,,,,,,,,,,,,paper_experiments/results/E2_E6/E2/e2_per_run_metrics.csv
per_seed,E2_death_survivor_persistence_learned_minus_baseline,death_survivor_persistence: learned versus baseline,death_survivor_persistence,20260729,learned_f1,baseline_f1,learned_f1 - baseline_f1,0.9994353472614342,1.0,-0.0005646527385657629,,,,,,,,,,,,,,,,,,,,,paper_experiments/results/E2_E6/E2/e2_per_run_metrics.csv
summary,E2_death_survivor_persistence_learned_minus_baseline,death_survivor_persistence: learned versus baseline,death_survivor_persistence,,learned_f1,baseline_f1,learned_f1 - baseline_f1,,,,,,10.0,0.00016926836045493275,0.0005979375710605899,-0.000258470410353154,0.0005970071312630194,all 28 Table II matcher contrasts,0.8951997344647916,0.39399186440569045,4.0,0.4375,3.0,2.0,5.0,5.0,1.0,0.39399186440569045,0.625,1.0,paper_experiments/results/E2_E6/E2/e2_per_run_metrics.csv
per_seed,E2_death_survivor_persistence_baseline_minus_splink,death_survivor_persistence: baseline versus splink,death_survivor_persistence,20260720,baseline_f1,splink_f1,baseline_f1 - splink_f1,1.0,0.9983079526226736,0.0016920473773264222,,,,,,,,,,,,,,,,,,,,,paper_experiments/results/E2_E6/E2/e2_per_run_metrics.csv
per_seed,E2_death_survivor_persistence_baseline_minus_splink,death_survivor_persistence: baseline versus splink,death_survivor_persistence,20260721,baseline_f1,splink_f1,baseline_f1 - splink_f1,0.9994353472614342,0.9971830985915492,0.0022522486698850486,,,,,,,,,,,,,,,,,,,,,paper_experiments/results/E2_E6/E2/e2_per_run_metrics.csv
per_seed,E2_death_survivor_persistence_baseline_minus_splink,death_survivor_persistence: baseline versus splink,death_survivor_persistence,20260722,baseline_f1,splink_f1,baseline_f1 - splink_f1,1.0,0.9994353472614342,0.0005646527385657629,,,,,,,,,,,,,,,,,,,,,paper_experiments/results/E2_E6/E2/e2_per_run_metrics.csv
per_seed,E2_death_survivor_persistence_baseline_minus_splink,death_survivor_persistence: baseline versus splink,death_survivor_persistence,20260723,baseline_f1,splink_f1,baseline_f1 - splink_f1,1.0,0.9988713318284425,0.0011286681715575453,,,,,,,,,,,,,,,,,,,,,paper_experiments/results/E2_E6/E2/e2_per_run_metrics.csv
per_seed,E2_death_survivor_persistence_baseline_minus_splink,death_survivor_persistence: baseline versus splink,death_survivor_persistence,20260724,baseline_f1,splink_f1,baseline_f1 - splink_f1,1.0,0.9971830985915492,0.0028169014084508115,,,,,,,,,,,,,,,,,,,,,paper_experiments/results/E2_E6/E2/e2_per_run_metrics.csv
per_seed,E2_death_survivor_persistence_baseline_minus_splink,death_survivor_persistence: baseline versus splink,death_survivor_persistence,20260725,baseline_f1,splink_f1,baseline_f1 - splink_f1,0.9988713318284425,0.9977452085682074,0.0011261232602350901,,,,,,,,,,,,,,,,,,,,,paper_experiments/results/E2_E6/E2/e2_per_run_metrics.csv
per_seed,E2_death_survivor_persistence_baseline_minus_splink,death_survivor_persistence: baseline versus splink,death_survivor_persistence,20260726,baseline_f1,splink_f1,baseline_f1 - splink_f1,0.9994353472614342,0.9977452085682074,0.0016901386932268725,,,,,,,,,,,,,,,,,,,,,paper_experiments/results/E2_E6/E2/e2_per_run_metrics.csv
per_seed,E2_death_survivor_persistence_baseline_minus_splink,death_survivor_persistence: baseline versus splink,death_survivor_persistence,20260727,baseline_f1,splink_f1,baseline_f1 - splink_f1,1.0,0.9994353472614342,0.0005646527385657629,,,,,,,,,,,,,,,,,,,,,paper_experiments/results/E2_E6/E2/e2_per_run_metrics.csv
per_seed,E2_death_survivor_persistence_baseline_minus_splink,death_survivor_persistence: baseline versus splink,death_survivor_persistence,20260728,baseline_f1,splink_f1,baseline_f1 - splink_f1,0.9988713318284425,0.9977452085682074,0.0011261232602350901,,,,,,,,,,,,,,,,,,,,,paper_experiments/results/E2_E6/E2/e2_per_run_metrics.csv
per_seed,E2_death_survivor_persistence_baseline_minus_splink,death_survivor_persistence: baseline versus splink,death_survivor_persistence,20260729,baseline_f1,splink_f1,baseline_f1 - splink_f1,1.0,0.9988713318284425,0.0011286681715575453,,,,,,,,,,,,,,,,,,,,,paper_experiments/results/E2_E6/E2/e2_per_run_metrics.csv
summary,E2_death_survivor_persistence_baseline_minus_splink,death_survivor_persistence: baseline versus splink,death_survivor_persistence,,baseline_f1,splink_f1,baseline_f1 - splink_f1,,,,,,10.0,0.001409022448960595,0.0007145678131601742,0.0008978514290194787,0.0019201934689017115,all 28 Table II matcher contrasts,6.235545641663342,0.00015224153927603922,0.0,0.001953125,10.0,0.0,0.0,10.0,0.001953125,0.0004567246178281177,0.0546875,0.0546875,paper_experiments/results/E2_E6/E2/e2_per_run_metrics.csv
per_seed,E2_adoption_blended_family_learned_minus_baseline,adoption_blended_family: learned versus baseline,adoption_blended_family,20260720,learned_f1,baseline_f1,learned_f1 - baseline_f1,0.8549201009251473,0.845798965469034,0.00912113545611326,,,,,,,,,,,,,,,,,,,,,paper_experiments/results/E2_E6/E2/e2_per_run_metrics.csv
per_seed,E2_adoption_blended_family_learned_minus_baseline,adoption_blended_family: learned versus baseline,adoption_blended_family,20260721,learned_f1,baseline_f1,learned_f1 - baseline_f1,0.854156436338127,0.8455682056296712,0.008588230708455824,,,,,,,,,,,,,,,,,,,,,paper_experiments/results/E2_E6/E2/e2_per_run_metrics.csv
per_seed,E2_adoption_blended_family_learned_minus_baseline,adoption_blended_family: learned versus baseline,adoption_blended_family,20260722,learned_f1,baseline_f1,learned_f1 - baseline_f1,0.8535201401050788,0.846083979598966,0.007436160506112843,,,,,,,,,,,,,,,,,,,,,paper_experiments/results/E2_E6/E2/e2_per_run_metrics.csv
per_seed,E2_adoption_blended_family_learned_minus_baseline,adoption_blended_family: learned versus baseline,adoption_blended_family,20260723,learned_f1,baseline_f1,learned_f1 - baseline_f1,0.8538758330410383,0.8469337808544858,0.0069420521865525275,,,,,,,,,,,,,,,,,,,,,paper_experiments/results/E2_E6/E2/e2_per_run_metrics.csv
per_seed,E2_adoption_blended_family_learned_minus_baseline,adoption_blended_family: learned versus baseline,adoption_blended_family,20260724,learned_f1,baseline_f1,learned_f1 - baseline_f1,0.8559607293127629,0.8461215932914046,0.00983913602135833,,,,,,,,,,,,,,,,,,,,,paper_experiments/results/E2_E6/E2/e2_per_run_metrics.csv
per_seed,E2_adoption_blended_family_learned_minus_baseline,adoption_blended_family: learned versus baseline,adoption_blended_family,20260725,learned_f1,baseline_f1,learned_f1 - baseline_f1,0.855219799481175,0.8453162082926148,0.009903591188560212,,,,,,,,,,,,,,,,,,,,,paper_experiments/results/E2_E6/E2/e2_per_run_metrics.csv
per_seed,E2_adoption_blended_family_learned_minus_baseline,adoption_blended_family: learned versus baseline,adoption_blended_family,20260726,learned_f1,baseline_f1,learned_f1 - baseline_f1,0.8546168958742634,0.8455682056296709,0.009048690244592428,,,,,,,,,,,,,,,,,,,,,paper_experiments/results/E2_E6/E2/e2_per_run_metrics.csv
per_seed,E2_adoption_blended_family_learned_minus_baseline,adoption_blended_family: learned versus baseline,adoption_blended_family,20260727,learned_f1,baseline_f1,learned_f1 - baseline_f1,0.8546181359141595,0.8462183699147211,0.008399765999438369,,,,,,,,,,,,,,,,,,,,,paper_experiments/results/E2_E6/E2/e2_per_run_metrics.csv
per_seed,E2_adoption_blended_family_learned_minus_baseline,adoption_blended_family: learned versus baseline,adoption_blended_family,20260728,learned_f1,baseline_f1,learned_f1 - baseline_f1,0.8553794361060457,0.8466540801342564,0.008725355971789361,,,,,,,,,,,,,,,,,,,,,paper_experiments/results/E2_E6/E2/e2_per_run_metrics.csv
per_seed,E2_adoption_blended_family_learned_minus_baseline,adoption_blended_family: learned versus baseline,adoption_blended_family,20260729,learned_f1,baseline_f1,learned_f1 - baseline_f1,0.8547741164898476,0.8462183699147211,0.008555746575126477,,,,,,,,,,,,,,,,,,,,,paper_experiments/results/E2_E6/E2/e2_per_run_metrics.csv
summary,E2_adoption_blended_family_learned_minus_baseline,adoption_blended_family: learned versus baseline,adoption_blended_family,,learned_f1,baseline_f1,learned_f1 - baseline_f1,,,,,,10.0,0.008655986485809963,0.0009331896482092601,0.007988422826366639,0.009323550145253287,all 28 Table II matcher contrasts,29.332336404848494,3.0357184738058503e-10,0.0,0.001953125,10.0,0.0,0.0,10.0,0.001953125,5.767865100231116e-09,0.0546875,0.0546875,paper_experiments/results/E2_E6/E2/e2_per_run_metrics.csv
per_seed,E2_adoption_blended_family_baseline_minus_splink,adoption_blended_family: baseline versus splink,adoption_blended_family,20260720,baseline_f1,splink_f1,baseline_f1 - splink_f1,0.845798965469034,0.7386155536564522,0.10718341181258184,,,,,,,,,,,,,,,,,,,,,paper_experiments/results/E2_E6/E2/e2_per_run_metrics.csv
per_seed,E2_adoption_blended_family_baseline_minus_splink,adoption_blended_family: baseline versus splink,adoption_blended_family,20260721,baseline_f1,splink_f1,baseline_f1 - splink_f1,0.8455682056296712,0.738125724041217,0.10744248158845415,,,,,,,,,,,,,,,,,,,,,paper_experiments/results/E2_E6/E2/e2_per_run_metrics.csv
per_seed,E2_adoption_blended_family_baseline_minus_splink,adoption_blended_family: baseline versus splink,adoption_blended_family,20260722,baseline_f1,splink_f1,baseline_f1 - splink_f1,0.846083979598966,0.7375601437359156,0.10852383586305037,,,,,,,,,,,,,,,,,,,,,paper_experiments/results/E2_E6/E2/e2_per_run_metrics.csv
per_seed,E2_adoption_blended_family_baseline_minus_splink,adoption_blended_family: baseline versus splink,adoption_blended_family,20260723,baseline_f1,splink_f1,baseline_f1 - splink_f1,0.8469337808544858,0.7392126945376869,0.10772108631679889,,,,,,,,,,,,,,,,,,,,,paper_experiments/results/E2_E6/E2/e2_per_run_metrics.csv
per_seed,E2_adoption_blended_family_baseline_minus_splink,adoption_blended_family: baseline versus splink,adoption_blended_family,20260724,baseline_f1,splink_f1,baseline_f1 - splink_f1,0.8461215932914046,0.7404010760577159,0.1057205172336887,,,,,,,,,,,,,,,,,,,,,paper_experiments/results/E2_E6/E2/e2_per_run_metrics.csv
per_seed,E2_adoption_blended_family_baseline_minus_splink,adoption_blended_family: baseline versus splink,adoption_blended_family,20260725,baseline_f1,splink_f1,baseline_f1 - splink_f1,0.8453162082926148,0.7390906316753126,0.10622557661730214,,,,,,,,,,,,,,,,,,,,,paper_experiments/results/E2_E6/E2/e2_per_run_metrics.csv
per_seed,E2_adoption_blended_family_baseline_minus_splink,adoption_blended_family: baseline versus splink,adoption_blended_family,20260726,baseline_f1,splink_f1,baseline_f1 - splink_f1,0.8455682056296709,0.7395686969271182,0.1059995087025527,,,,,,,,,,,,,,,,,,,,,paper_experiments/results/E2_E6/E2/e2_per_run_metrics.csv
per_seed,E2_adoption_blended_family_baseline_minus_splink,adoption_blended_family: baseline versus splink,adoption_blended_family,20260727,baseline_f1,splink_f1,baseline_f1 - splink_f1,0.8462183699147211,0.7387112521357091,0.10750711777901201,,,,,,,,,,,,,,,,,,,,,paper_experiments/results/E2_E6/E2/e2_per_run_metrics.csv
per_seed,E2_adoption_blended_family_baseline_minus_splink,adoption_blended_family: baseline versus splink,adoption_blended_family,20260728,baseline_f1,splink_f1,baseline_f1 - splink_f1,0.8466540801342564,0.7400525640242039,0.10660151611005242,,,,,,,,,,,,,,,,,,,,,paper_experiments/results/E2_E6/E2/e2_per_run_metrics.csv
per_seed,E2_adoption_blended_family_baseline_minus_splink,adoption_blended_family: baseline versus splink,adoption_blended_family,20260729,baseline_f1,splink_f1,baseline_f1 - splink_f1,0.8462183699147211,0.7397946712295284,0.10642369868519275,,,,,,,,,,,,,,,,,,,,,paper_experiments/results/E2_E6/E2/e2_per_run_metrics.csv
summary,E2_adoption_blended_family_baseline_minus_splink,adoption_blended_family: baseline versus splink,adoption_blended_family,,baseline_f1,splink_f1,baseline_f1 - splink_f1,,,,,,10.0,0.1069348750708686,0.0008828571117542684,0.10630331713897427,0.10756643300276293,all 28 Table II matcher contrasts,383.0266098865907,2.868806950977941e-20,0.0,0.001953125,10.0,0.0,0.0,10.0,0.001953125,8.032659462738235e-19,0.0546875,0.0546875,paper_experiments/results/E2_E6/E2/e2_per_run_metrics.csv
