threshold,predicted,precision,recall,f1
inf,0,1.0,0.0,0.0
1.0000000000000002,163264,1.0,0.8749035411129212,0.9332784561210957
0.9833333333333334,163265,1.0,0.8749088999399811,0.9332815050032439
0.9818181818181819,163267,1.0,0.874919617594101,0.9332876027152555
0.9777777777777779,163269,1.0,0.8749303352482208,0.9332937003575542
0.9750000000000001,163276,1.0,0.8749678470376404,0.9333150415566303
0.9722222222222223,163277,1.0,0.8749732058647003,0.933318090229647
0.9714285714285715,163287,1.0,0.8750267941352997,0.9333485760013718
0.9687500000000001,163295,1.0,0.8750696647517792,0.9333729633641323
0.9684210526315791,163296,1.0,0.875075023578839,0.9333760117060679
0.9666666666666668,163323,1.0,0.8752197119094572,0.9334583103526124
0.9642857142857144,163338,1.0,0.8753000943153563,0.9335040263354918
0.9600000000000002,163383,1.0,0.8755412415330532,0.9336411507724485
0.9583333333333335,163404,1.0,0.8756537769013119,0.9337051301098248
0.9558823529411766,163405,1.0,0.8756591357283717,0.9337081765534422
0.9555555555555557,163406,1.0,0.8756644945554317,0.9337112229796523
0.953846153846154,163407,1.0,0.8756698533824916,0.9337142693884547
0.9500000000000002,163538,1.0,0.8763718597273429,0.9341131984943424
0.9454545454545455,163543,1.0,0.8763986538626426,0.9341284188821394
0.9444444444444446,163551,1.0,0.876441524479122,0.9341527705984995
0.9428571428571431,163582,1.0,0.87660764811798,0.9342471229903766
0.9423076923076925,163584,1.0,0.8766183657720998,0.9342532096678394
0.9375000000000001,163670,1.0,0.877079224899254,0.9345148710452841
0.9333333333333333,163792,1.0,0.8777330018005659,0.9348858447488584
0.9300000000000002,164063,1.0,0.8791852439338078,0.9357089693758537
0.9285714285714286,164108,1.0,0.8794263911515048,0.9358455274353038
0.9200000000000002,164203,1.0,0.8799354797221984,0.9361337016228111
0.9166666666666667,164305,1.0,0.8804820800823115,0.9364429359983812
0.9142857142857144,164306,1.0,0.8804874389093715,0.9364459668180808
0.9000000000000001,164787,1.0,0.8830650347251994,0.9379017914312953
0.892857142857143,164788,1.0,0.8830703935522592,0.9379048139421052
0.8750000000000001,164868,1.0,0.883499099717054,0.9381465590822702
0.8700000000000001,164890,0.9999332888592395,0.8835580468147132,0.9381504304434164
0.8666666666666667,164934,0.9999333066559958,0.8837938352053503,0.9382833345659978
0.8633333333333334,164935,0.9999333070603571,0.8837991940324101,0.9382863547275866
0.8611111111111112,164939,0.9999333086777535,0.8838206293406499,0.9382984352021209
0.8500000000000001,164940,0.9999333090820904,0.8838259881677099,0.9383014552778
0.8333333333333334,164960,0.9999333171677982,0.8839331647089085,0.9383618531834523
0.8,165042,0.999521333963476,0.8840081882877476,0.9382226645812598
0.7750000000000001,165043,0.9995213368637265,0.8840135471148075,0.9382256839878175
0.7666666666666667,165044,0.9995213397639418,0.8840189059418675,0.9382287033772025
0.7500000000000001,165083,0.9995214528449325,0.8842279001972049,0.9383464461700755
0.7414285714285715,165085,0.999509343671442,0.8842279001972049,0.9383411100021894
0.7333333333333334,165091,0.9994730179113337,0.8842279001972049,0.9383251018626723
0.7310344827586207,165093,0.9994730242953972,0.8842386178513247,0.9383311392347478
0.730344827586207,165096,0.9994548626253816,0.8842386178513247,0.9383231353638286
0.7300000000000001,165100,0.9994306480920654,0.8842386178513247,0.9383124637483367
0.7260869565217392,165108,0.9994306756789495,0.8842814884678042,0.9383366124941714
0.7240000000000001,165114,0.9994306963673583,0.8843136414301638,0.938354723332632
0.7222222222222223,165120,0.9994307170542636,0.8843457943925234,0.9383728335532002
0.7214285714285715,165128,0.9994307446344654,0.8843886650090028,0.9383969795528464
0.7206896551724139,165134,0.9994307653178631,0.8844208179713624,0.9384150883317887
0.7181818181818183,165138,0.9994307791059599,0.8844422532796021,0.9384271605078665
0.7176470588235295,165144,0.9994307997868527,0.8844744062419617,0.9384452682571812
0.7166666666666667,165148,0.9994308135732797,0.8844958415502014,0.93845733974687
0.7157894736842106,165156,0.9994308411441304,0.884538712166681,0.9384814819026392
0.7142857142857143,165170,0.9994308893866924,0.88461373574552,0.9385237280330209
0.7136363636363637,165174,0.9994309031687796,0.8846351710537598,0.938535797738372
0.7125,165186,0.9994309445110361,0.884699476978479,0.9385720052075931
0.7120000000000001,165198,0.9994309858472863,0.8847637829031981,0.9386082102067617
0.7115384615384616,165204,0.9994310065131595,0.8847959358655577,0.9386263117801553
0.7107142857142857,165218,0.9994310547276931,0.8848709594443969,0.9386685463837238
0.710344827586207,165224,0.9994310753885634,0.8849031124067565,0.9386866458991792
0.7100000000000001,165246,0.9994311511322513,0.8850210066020749,0.9387530055079664
0.71,165256,0.9994311855545336,0.8850745948726743,0.9387831662233135
0.7096774193548387,165258,0.9994311924384901,0.8850853125267941,0.9387891981606633
0.7093750000000001,165270,0.9994312337387306,0.8851496184515133,0.938825388344824
0.7088235294117647,165274,0.9994312475041446,0.885171053759753,0.9388374511910242
0.7085714285714286,165279,0.9994312647099752,0.8851978478950527,0.9388525293631195
0.7055555555555556,165283,0.9994312784738902,0.8852192832032925,0.9388645915922829
0.7035714285714286,165285,0.9994312853555979,0.8852300008574123,0.9388706226040302
0.7017241379310345,165291,0.9994313059997217,0.8852621538197719,0.9388887152279489
0.7000000000000001,165490,0.9994017765423893,0.8863017662693989,0.9394600366943293
0.6983870967741935,165504,0.9994018271461717,0.886376789848238,0.9395022038442313
0.6980000000000001,165518,0.9994018777413937,0.8864518134270771,0.9395443676411284
0.6973684210526316,165526,0.9994019066491064,0.8864946840435566,0.9395684597340785
0.696875,165532,0.9994019283280574,0.8865268370059162,0.9395865280854205
0.6961538461538461,165534,0.9994019355540251,0.886537554660036,0.939592550732375
0.6954545454545454,165540,0.9994019572308808,0.8865697076223956,0.9396106182627758
0.6950000000000001,165552,0.9994020005798783,0.8866340135471148,0.9396467514766015
0.6928571428571428,165574,0.9994020800367207,0.8867519077424333,0.9397129893066652
0.6913793103448276,165586,0.9994021233679176,0.8868162136671526,0.939749115544274
0.6909090909090909,165604,0.9994021883529384,0.8869126725542313,0.9398033002850557
0.6900000000000001,165618,0.9994022388870775,0.8869876961330704,0.9398454401435441
0.6891304347826087,165622,0.9994022533238338,0.8870091314413101,0.9398574794878346
0.6887096774193548,165639,0.9994023146722693,0.887100231501329,0.9399086436506202
0.6875,165657,0.999402379615712,0.8871966903884078,0.939962812087491
0.6865853658536586,165659,0.9994023868307789,0.8872074080425276,0.9399688304609854
0.6863636363636364,165685,0.9994024806107976,0.887346737546086,0.9400470630980463
0.686,165705,0.9994025527292477,0.8874539140872846,0.9401072341923233
0.6857142857142857,165711,0.9994025743613882,0.8874860670496442,0.9401252841884769
0.6852941176470588,165715,0.9994025887819449,0.8875075023578839,0.9401373171777034
0.6846153846153846,165737,0.9994026680825645,0.8876253965532024,0.9402034937348337
0.6842857142857143,165747,0.9994027041213416,0.8876789848238018,0.9402335712562615
0.6833333333333333,165799,0.9994028914529038,0.8879576438309182,0.9403899468512259
0.6824324324324325,165813,0.9994029418682492,0.8880326674097574,0.940432040088417
0.6821428571428572,165855,0.9994030930632178,0.8882577381462745,0.9405582997364262
0.6815789473684211,165871,0.9994031506411609,0.8883434793792335,0.9406063907353346
0.6810344827586207,165915,0.9994033089232438,0.8885792677698705,0.940738618473121
0.6807692307692308,165925,0.999403344884737,0.8886328560404698,0.940768665628466
0.68,166053,0.9994038048093079,0.8893187859041413,0.9411531187174085
0.6792682926829269,166059,0.9994038263508753,0.8893509388665009,0.9411711331085699
0.6790322580645162,166089,0.9994039340353665,0.8895117036782989,0.9412611958706766
0.6785714285714286,166141,0.999404120596361,0.8897903626854154,0.9414172683692938
0.678125,166186,0.9994042819491413,0.8900315099031124,0.9415522939732535
0.6779069767441861,166194,0.9994043106249323,0.8900743805195919,0.941576294918963
0.6772727272727274,166198,0.9993802572834811,0.8900743805195919,0.9415656196323192
0.6772727272727272,166315,0.9993806932627844,0.890701363285604,0.941916508700198
0.6764705882352942,166339,0.9993807826186282,0.8908299751350425,0.9419884571904563
0.6760869565217391,166431,0.9993811249106236,0.8913229872245563,0.9422641691144604
0.6757142857142857,166461,0.999381236445774,0.8914837520363543,0.9423540441103581
0.675,166637,0.9993818899764157,0.8924269055989025,0.9428810032696853
0.6743243243243243,166667,0.9993820012359975,0.8925876704107005,0.9429707734767532
0.674,166760,0.9993823458863037,0.8930860413272743,0.9432489642525639
0.6736842105263159,166764,0.9993583747091699,0.8930860413272743,0.9432382871308423
0.6736842105263158,166780,0.999358436263341,0.8931717825602332,0.9432861330888429
0.6730769230769231,166916,0.99935895899734,0.8939005830403841,0.9436926488724953
0.6727272727272728,166917,0.9993529718363019,0.8939005830403841,0.9436899794922566
0.6725,166927,0.9993530105974467,0.8939541713109834,0.9437198580055722
0.6722222222222223,167058,0.9993535179398771,0.8946561776558347,0.9441111104827719
0.6719512195121952,167070,0.9993535643742144,0.8947204835805539,0.944146935913458
0.6714285714285715,167240,0.9993303037550825,0.8956100488725028,0.9446315932264701
0.6709302325581395,167244,0.9993303197723087,0.8956314841807426,0.9446435232809197
0.6706896551724139,167389,0.9993308998799204,0.8964085141044328,0.9450758057271671
0.67,167617,0.9991408985962045,0.8974588442081797,0.9455741407297621
0.6693548387096775,167768,0.9991416718325307,0.8982680270942296,0.9460234327381087
0.6687500000000001,167924,0.9991424692122627,0.8991040041155792,0.946487200027078
0.6681818181818182,168004,0.9991428775505345,0.8995327102803738,0.9467248711267527
0.6676470588235295,168102,0.99914337723525,0.9000578753322472,0.9470158721208874
0.6671428571428571,168188,0.9991438152543582,0.9005187344594016,0.9472711079042605
0.6666666666666667,168343,0.9991327230713484,0.9013386349995713,0.9477195443878169
0.6662162162162162,168361,0.9991328157946318,0.9014350938866501,0.9477729041127534
0.6657894736842106,168466,0.9991333562855413,0.9019977707279431,0.9480840613505916
0.6653846153846154,168484,0.9991334488734835,0.9020942296150218,0.9481373841145394
0.665,168680,0.9991344557742471,0.9031445597187687,0.9487176600391795
0.6646341463414634,168690,0.9991345070840002,0.903198147989368,0.948747248788341
0.6642857142857144,168692,0.9991226614184431,0.903198147989368,0.9487419082465522
0.6642857142857143,168943,0.9991239648875656,0.9045432135814113,0.9494840402642659
0.663953488372093,168951,0.9991240063687105,0.9045860841978908,0.9495076766443826
0.6636363636363637,169320,0.9991259154264115,0.9065634913830061,0.9505967499044751
0.6633333333333333,169322,0.9991259257509361,0.9065742090371259,0.9506026465878121
0.6630434782608696,169641,0.9991275693965492,0.9082836748692447,0.9515423201187933
0.6625,170008,0.999117688579361,0.9102396467461202,0.952610090405366
0.662,170340,0.9990959257954679,0.9119973420217783,0.9535618633526451
0.6615789473684212,170344,0.9990724651293852,0.9119973420217783,0.9535511777493892
0.6615384615384616,170345,0.9990666001350201,0.9119973420217783,0.9535485063859949
0.6615384615384615,170821,0.9990692010935424,0.9145481437023064,0.9549421003891683
0.6611111111111112,170823,0.9990575039660936,0.9145481437023064,0.9549367570244327
0.6611111111111111,171336,0.9990603259093244,0.9172972219840522,0.9564345260711172
0.6610344827586208,171340,0.9990370024512665,0.9172972219840522,0.9564238380993887
0.6607142857142857,171748,0.999039290122738,0.9194836234245048,0.9576119836140597
0.6603448275862069,172151,0.9990415391139175,0.9216432307296579,0.9587829155505507
0.66,172528,0.999032041175925,0.9236527908771328,0.9598647865989486
0.6596774193548387,172844,0.999033810835204,0.9253461802280717,0.9607791860943882
0.659375,173126,0.9990353846331573,0.9268573694589728,0.9615938443405404
0.6590909090909091,173373,0.9990367588955604,0.9281809997427763,0.9623063439459305
0.6588235294117647,173559,0.9990377911834016,0.9291777415759238,0.9628422370733577
0.6585714285714286,173691,0.999038522433517,0.9298851067478351,0.9632222126622612
0.6583333333333333,173760,0.9990389042357274,0.9302548658149704,0.9634207254806199
0.6581081081081082,173833,0.999039307841434,0.9306460601903456,0.9636306635482644
0.6578947368421053,173866,0.9990394901820943,0.9308229014833234,0.9637255391512287
0.6577922077922078,173867,0.9990394957064883,0.9308282603103832,0.9637284138983285
0.6576923076923077,173897,0.999039661408765,0.9309890251221813,0.9638146488952996
0.6575,173939,0.9990398932959256,0.9312140958586984,0.9639353537818924
0.6573170731707317,173979,0.9990401140367515,0.9314284489410958,0.9640502846747109
0.6571428571428573,173991,0.9989712111546,0.9314284489410958,0.9640182030454881
0.6569767441860466,174003,0.9989712821043315,0.931492754865815,0.9640526772616476
0.6563829787234042,174007,0.9989713057520675,0.9315141901740547,0.9640641681571759
0.6500000000000001,174008,0.9989713116638316,0.9315195490011147,0.9640670408412273
0.65,186526,0.998868790409916,0.9984298636714396,0.9986492788113653
0.6499999999999999,186531,0.9988420155362916,0.9984298636714396,0.9986358970785686
0.6466666666666667,186532,0.9988420217442584,0.9984352224984995,0.9986385806935734
0.6456250000000001,186534,0.9988313122540663,0.9984352224984995,0.9986332281008302
0.6444444444444444,186539,0.998804539533288,0.9984352224984995,0.9986198468700004
0.6419047619047619,186540,0.9988045459418892,0.9984405813255595,0.9986225304704837
0.6415384615384616,186544,0.9987831289132859,0.9984405813255595,0.9986118257439328
0.6407142857142858,186548,0.9987617128031392,0.9984405813255595,0.998601121246878
0.64,186554,0.9987295903598958,0.9984405813255595,0.9985850649315847
0.638888888888889,186555,0.9987295971697354,0.9984459401526194,0.9985877485174038
0.6378947368421054,186557,0.9987188902051384,0.9984459401526194,0.9985823965270055
0.6373563218390805,186558,0.9987188970722242,0.9984512989796793,0.9985850800984013
0.6363636363636364,186561,0.9987028371417391,0.9984512989796793,0.9985770522203076
0.6342857142857142,186563,0.9986921308083596,0.9984512989796793,0.9985717003732874
0.6334285714285715,186564,0.9986921378186574,0.9984566578067393,0.9985743839301984
0.6333333333333333,186587,0.9985690321405029,0.9984566578067393,0.9985128418119213
0.6329411764705883,186591,0.998547625555359,0.9984566578067393,0.998502139609163
0.6329365079365079,186592,0.99854763333905,0.9984620166337992,0.9985048231511254
0.6314102564102565,186593,0.9985476411226574,0.9984673754608592,0.9985075066787067
0.6307692307692307,186616,0.9984245723839328,0.9984673754608592,0.9984459734636573
0.6303448275862069,186620,0.9984031722216269,0.9984673754608592,0.9984352728091141
0.6303030303030304,186621,0.9984031807781547,0.998472734287919,0.998437956321722
0.6300000000000001,186631,0.9983657591718418,0.9984888107690989,0.9984272811790837
0.63,186635,0.9983443619899804,0.9984888107690989,0.9984165811549044
0.6293548387096776,186636,0.9983443708609272,0.9984941695961588,0.9984192646097458
0.6285714285714286,186655,0.9982427473145643,0.9984941695961588,0.9983684426262447
0.6283333333333334,186656,0.9982427567289559,0.9984995284232188,0.9983711260662695
0.6269230769230769,186660,0.9982213650487517,0.9984995284232188,0.9983604273605023
0.6266666666666666,186676,0.9981358074953395,0.9984995284232188,0.9983176348303169
0.625,186689,0.9980716592836214,0.9985048872502786,0.9982882262648776
0.6235294117647059,186690,0.998066313139429,0.9985048872502786,0.9982855520254594
0.6214285714285714,186695,0.998044939607381,0.9985102460773386,0.9982775386214416
0.61875,186696,0.9980449500792733,0.9985156049043985,0.9982802220174443
0.6187096774193549,186697,0.9980449605510533,0.9985209637314585,0.9982829053990704
0.6166666666666667,186702,0.998045012908271,0.9985477578667581,0.9982963220915593
0.6160000000000001,186706,0.9980236307349523,0.9985477578667581,0.9982856255056065
0.6152941176470589,186710,0.9980022494777998,0.9985477578667581,0.9982749291488757
0.6146153846153847,186714,0.9979808691367547,0.9985477578667581,0.9982642330213596
0.6142857142857143,186715,0.997980879950727,0.9985531166938181,0.9982669163164338
0.6133333333333334,186719,0.9979595006399992,0.9985531166938181,0.998256220418025
0.6115384615384616,186721,0.9979595224961306,0.9985638343479379,0.9982615869648487
0.6107142857142858,186722,0.9979595334240208,0.9985691931749978,0.9982642702166983
0.6105769230769231,186723,0.9979595443517938,0.9985745520020578,0.9982669534541734
0.610344827586207,186724,0.9979595552794499,0.9985799108291177,0.9982696366772738
0.6100000000000001,186737,0.9979489870780831,0.998638857926777,0.9982938033186463
0.6096774193548388,186738,0.9979489980614551,0.998644216753837,0.9982964863692125
0.60875,186742,0.9979276220668087,0.998644216753837,0.9982857908129101
0.6085714285714287,186746,0.9979062469878873,0.998644216753837,0.9982750954857856
0.6083333333333334,186747,0.9979062581995962,0.9986495755808968,0.9982777785217822
0.608125,186749,0.9978955710606214,0.9986495755808968,0.9982724309441098
0.6075,186750,0.9978955823293173,0.9986549344079568,0.9982751139656845
0.6072727272727273,186757,0.9978635338969891,0.9986602932350167,0.9982617545833166
0.6071428571428571,186759,0.9978528477877907,0.9986602932350167,0.9982564072347048
0.6055555555555555,186762,0.9978421734614108,0.9986656520620767,0.9982537429359617
0.6050000000000001,186766,0.9978208025015259,0.9986656520620767,0.9982430485250713
0.6046428571428571,186767,0.9978208141695267,0.9986710108891366,0.9982457315031803
0.6043243243243244,186771,0.997799444239202,0.9986710108891366,0.9982350373213276
0.6040000000000001,186783,0.9977353399399302,0.9986710108891366,0.9982029561505231
0.603968253968254,186784,0.9977353520644167,0.9986763697161966,0.9982056391138536
0.6030769230769232,186786,0.9977246688723994,0.9986763697161966,0.9982002924524765
0.6022222222222223,186787,0.9977246810538206,0.9986817285432564,0.9982029754013846
0.6014285714285715,186794,0.997687291883037,0.9986817285432564,0.9981842625374261
0.6006896551724139,186800,0.9976552462526767,0.9986817285432564,0.9981682234981575
0.6000000000000001,186815,0.9976554345207826,0.9987621109491555,0.9982084660023619
0.6,187776,0.9925496336059987,0.9987621109491555,0.9956461814607462
0.5993548387096775,187781,0.9925232052231057,0.9987621109491555,0.9956328845131668
0.5987500000000001,187783,0.9925126342640175,0.9987621109491555,0.9956275658335804
0.5982142857142857,187784,0.9925126741362417,0.9987674697762153,0.9956302485095835
0.5976470588235295,187788,0.9924915330053039,0.9987674697762153,0.9956196113206337
0.5971428571428572,187798,0.9924386841180417,0.9987674697762153,0.9955930193426388
0.5966666666666668,187802,0.9924175461390188,0.9987674697762153,0.9955823829491733
0.5964705882352942,187806,0.9923964090604134,0.9987674697762153,0.9955717467829729
0.5957894736842106,187819,0.9923330440477268,0.9987728286032753,0.995542522307419
0.5954545454545455,187827,0.9922907782161244,0.9987728286032753,0.9955212520197098
0.5953333333333333,187829,0.992290860303787,0.9987835462573952,0.9955266172947652
0.5950000000000001,187833,0.9922697289613646,0.9987835462573952,0.9955159824912335
0.5944444444444444,187845,0.9922063403337859,0.9987835462573952,0.9954840794438822
0.5942857142857143,187846,0.9922063818234086,0.9987889050844552,0.9954867620588912
0.5940476190476189,187847,0.9922064233125895,0.998794263911515,0.9954894446595719
0.5939393939393939,187848,0.9922064648013287,0.998799622738575,0.9954921272459247
0.5936363636363637,187854,0.9921747740266377,0.998799622738575,0.9954761764878679
0.5930434782608697,187883,0.9920375978667575,0.9988156992197548,0.9954151101094553
0.592857142857143,187887,0.992037767381458,0.9988371345279945,0.9954258401313769
0.5925,187908,0.9919375439044639,0.9988478521821144,0.9953807046961946
0.5920000000000001,187937,0.9917898019017011,0.9988532110091743,0.9953089748895326
0.5916666666666667,187938,0.9917898455873746,0.9988585698362342,0.9953116573131203
0.5915384615384616,187950,0.991731843575419,0.9988639286632942,0.9952851093822586
0.5914285714285715,187952,0.9917319315569932,0.9988746463174141,0.9952904741563434
0.5911111111111111,187967,0.9916527901174143,0.9988746463174141,0.9952506173663486
0.5907142857142857,187994,0.9915263253082545,0.9988907227985938,0.9951949001873989
0.5906896551724139,187995,0.991526370382191,0.9988960816256538,0.9951975825073478
0.590344827586207,188012,0.9914367168053103,0.9988960816256538,0.9951524211200684
0.5900000000000001,188024,0.9913787601582776,0.9989014404527137,0.9951258835337078
0.59,188032,0.9913365810074881,0.9989014404527137,0.9951046337817638
0.5896774193548387,188040,0.9912944054456498,0.9989014404527137,0.9950833849373278
0.5893750000000001,188052,0.9912311488311744,0.9989014404527137,0.995051513372124
0.5893548387096775,188053,0.9912258778110427,0.9989014404527137,0.9950488575005138
0.5890909090909091,188057,0.9912047942910925,0.9989014404527137,0.9950382341558459
0.5888235294117647,188063,0.9911731706927998,0.9989014404527137,0.9950222995641509
0.5883333333333334,188067,0.9911520894149426,0.9989014404527137,0.9950116767865483
0.5881818181818183,188069,0.9911415491122939,0.9989014404527137,0.9950063654828025
0.5881081081081082,188070,0.9911415962141755,0.9989067992797737,0.9950090477690177
0.5878947368421054,188074,0.9911205163924838,0.9989067992797737,0.9949984253313476
0.5876923076923077,188078,0.9910994374674337,0.9989067992797737,0.9949878031204796
0.5876470588235295,188080,0.9910888983411315,0.9989067992797737,0.994982492100094
0.5875,188083,0.9910890404768108,0.9989228757609534,0.9949905388706961
0.5871428571428572,188084,0.9910837710810063,0.9989228757609534,0.9949878833815508
0.5863636363636363,188088,0.9910626940581004,0.9989228757609534,0.9949772615667101
0.5857142857142856,188096,0.9910205427015992,0.9989228757609534,0.9949560186173619
0.5850000000000001,188102,0.9909889315371447,0.9989228757609534,0.9949400870006138
0.5833333333333333,188124,0.9909687227573303,0.9990193346480323,0.9949777440944462
0.5825,188128,0.9909476526620173,0.9990193346480323,0.994967123521626
0.5820000000000001,188130,0.9909371179503534,0.9990193346480323,0.9949618133202398
0.5811111111111111,188133,0.9909266316914098,0.9990246934750922,0.9949591851438727
0.5809523809523809,188134,0.9909266799196318,0.9990300523021521,0.9949618670978967
0.5807692307692307,188138,0.9909056118381189,0.9990300523021521,0.9949512469779531
0.580344827586207,188142,0.9908845446524434,0.9990300523021521,0.9949406270847232
0.5800000000000001,188664,0.9882330492303778,0.9991211523621709,0.993647274510222
0.5793750000000001,188668,0.9882120974410075,0.9991211523621709,0.9936366834010169
0.5790909090909091,188672,0.9881911465400272,0.9991211523621709,0.9936260925175868
0.5786666666666667,188673,0.9881912091290221,0.9991265111892309,0.9936287741718872
0.5785714285714285,188676,0.9881913968920265,0.9991425876704108,0.9936368190490401
0.5773291925465838,188680,0.9881704473182107,0.9991425876704108,0.9936262283899299
0.5771428571428572,188684,0.9881494986326345,0.9991425876704108,0.9936156379565778
0.5769230769230769,188688,0.9881285508352412,0.9991425876704108,0.9936050477489767
0.5763440860215053,188689,0.9881286137506691,0.9991479464974706,0.9936077293450254
0.5745454545454546,188701,0.9880657760160253,0.9991479464974706,0.9935759600755644
0.5740000000000001,188702,0.9880658392597853,0.9991533053245306,0.9935786416562309
0.5700000000000001,188764,0.9877571994659998,0.9991693818057104,0.9934305169272081
0.5687500000000001,188766,0.987757329180043,0.9991800994598302,0.9934358799490641
0.5680000000000001,188768,0.9877468638752331,0.9991800994598302,0.9934305869315034
0.566875,188772,0.9877259339308796,0.9991800994598302,0.9934200010655869
0.5666666666666667,188774,0.987726063970674,0.9991908171139501,0.9934253640291756
0.5654545454545454,188778,0.9877051351322718,0.9991908171139501,0.9934147783881124
0.5650000000000001,188782,0.9876842071807693,0.9991908171139501,0.9934041929726417
0.5644444444444444,188786,0.9876632801161103,0.9991908171139501,0.9933936077827562
0.5642857142857143,188791,0.9876424193949923,0.9991961759410101,0.9933857042773155
0.5631578947368422,188795,0.9876214942133001,0.9991961759410101,0.993375119538203
0.5628571428571428,188804,0.9875744157962755,0.9991961759410101,0.993351304699903
0.5613793103448276,188806,0.9875639545353432,0.9991961759410101,0.9933460126686805
0.5611111111111111,188807,0.9875640204017859,0.9992015347680699,0.9933486941118495
0.5609090909090909,188811,0.9875430986542098,0.9992015347680699,0.9933381102181829
0.5605405405405406,188815,0.9875221777930778,0.9992015347680699,0.9933275265500515
0.56,188816,0.9875169477162953,0.9992015347680699,0.9933248806682577
0.5596774193548387,188817,0.987517013828204,0.9992068935951299,0.9933275620962909
0.5591304347826087,188824,0.9874804050332585,0.9992068935951299,0.9933090413177352
0.5590909090909091,188828,0.9874594869404961,0.9992068935951299,0.9932984583257864
0.5588235294117647,188829,0.9874595533525041,0.9992122524221898,0.9933011397384913
0.5587096774193548,188835,0.9874281780390288,0.9992122524221898,0.9932852656728186
0.5584615384615385,188839,0.9874072622710351,0.9992122524221898,0.9932746832442394
0.5576923076923077,188841,0.987407395639718,0.9992229700763097,0.9932800460248928
0.5575,188855,0.987334198194382,0.9992229700763097,0.9932430092978536
0.5571428571428572,188857,0.987323742302377,0.9992229700763097,0.9932377185623161
0.5567567567567568,188859,0.9873132866318258,0.9992229700763097,0.9932324278831428
0.5563636363636364,188866,0.9872819882879925,0.9992283289033697,0.9932192375504031
0.556,188870,0.9872610790490813,0.9992283289033697,0.9932086566989278
0.5557894736842106,188872,0.9872506247617434,0.9992283289033697,0.9932033663577288
0.5557142857142857,188878,0.9872192632281155,0.9992283289033697,0.9931874956722754
0.5555555555555555,188882,0.9871983566459482,0.9992283289033697,0.9931769154970838
0.5552941176470588,188886,0.9871774509492498,0.9992283289033697,0.9931663355473058
0.5546153846153846,188902,0.9870938370160189,0.9992283289033697,0.9931240180021838
0.5545454545454546,188904,0.9870833862702748,0.9992283289033697,0.9931187285626025
0.5542857142857143,188912,0.987041585500127,0.9992283289033697,0.9930975713677035
0.5538461538461539,188914,0.9870311358607621,0.9992283289033697,0.9930922822098307
0.5535714285714286,188918,0.9870102372457892,0.9992283289033697,0.9930817040631008
0.553448275862069,188922,0.986989339515779,0.9992283289033697,0.9930711261417197
0.5533333333333333,188926,0.9869684426706753,0.9992283289033697,0.99306054844568
0.5528571428571428,188930,0.9869475467104218,0.9992283289033697,0.9930499709749746
0.5521428571428572,188944,0.9868744178169193,0.9992283289033697,0.9930129516019087
0.5517241379310346,188946,0.9868639717167869,0.9992283289033697,0.9930076633453512
0.5515789473684211,188956,0.9868117445331188,0.9992283289033697,0.9929812229074139
0.5510344827586207,188960,0.9867908552074514,0.9992283289033697,0.9929706471264858
0.5507692307692308,188964,0.9867699667661565,0.9992283289033697,0.9929600715708305
0.55,189009,0.9865826495034627,0.999276558346909,0.9928890332439693
0.5499999999999999,189152,0.9858367873456269,0.999276558346909,0.9925111773472429
0.5490322580645162,189167,0.9857586154033209,0.999276558346909,0.9924715587785243
0.5485714285714286,189183,0.985675245661608,0.999276558346909,0.9924293024580151
0.548125,189184,0.9856700355209743,0.999276558346909,0.9924266615574574
0.5479069767441861,189186,0.9856596154049454,0.999276558346909,0.9924213797985065
0.5472727272727272,189224,0.9854669597936837,0.999281917173969,0.992326358585751
0.546875,189228,0.985446128479929,0.999281917173969,0.9923157973158504
0.5464705882352942,189240,0.9853836398224477,0.999281917173969,0.9922841148549414
0.5464285714285715,189242,0.9853732258166792,0.999281917173969,0.9922788346414793
0.5460869565217391,189252,0.985321159089468,0.999281917173969,0.9922524344170702
0.546,189256,0.9853003339392146,0.999281917173969,0.9922418747206436
0.5457142857142857,189265,0.9852534805695717,0.999281917173969,0.9922181162254272
0.5454545454545455,189269,0.9852326582800142,0.999281917173969,0.9922075572594228
0.545,189305,0.9850505797522516,0.9992872760010288,0.992117857057351
0.5444444444444445,189306,0.9850453762691093,0.9992872760010288,0.9921152178423788
0.5442857142857143,189310,0.9850245628862712,0.9992872760010288,0.9921046611229045
0.544,189351,0.9848112764125883,0.9992872760010288,0.9919964676999354
0.5430769230769231,189393,0.9845928835807025,0.9992872760010288,0.991885659878564
0.5428571428571429,189394,0.9845876849319408,0.9992872760010288,0.9918830218988196
0.5425,189406,0.9845253054285503,0.9992872760010288,0.9918513672363263
0.5423076923076924,189412,0.9844941186408465,0.9992872760010288,0.9918355406627308
0.5423076923076923,189414,0.9844837234840086,0.9992872760010288,0.9918302652504375
0.5422222222222223,189429,0.9844057668044491,0.9992872760010288,0.991790701446932
0.5416666666666667,189431,0.984395373513311,0.9992872760010288,0.9917854265116118
0.5414285714285715,189460,0.984244695450227,0.9992872760010288,0.9917089462544008
0.5413043478260869,189462,0.984234305559954,0.9992872760010288,0.9917036721886883
0.5406896551724139,189501,0.9840317465343191,0.9992872760010288,0.991600839118447
0.54,189549,0.9837825575444872,0.9992872760010288,0.9914743046121699
0.5394736842105263,189550,0.9837773674492218,0.9992872760010288,0.9914716688200171
0.5393548387096775,189568,0.9836839550979068,0.9992872760010288,0.9914242269575944
0.5392857142857143,189569,0.9836840411670684,0.9992926348280888,0.9914269080778463
0.5391304347826087,189581,0.983621776443842,0.9992926348280888,0.9913952826903498
0.5388888888888889,189585,0.9836010232877074,0.9992926348280888,0.9913847413428745
0.5387500000000001,189620,0.9834194705199873,0.9992926348280888,0.991292514113782
0.5387096774193548,189624,0.9833987258996751,0.9992926348280888,0.9912819749516255
0.538235294117647,189630,0.9833676106101356,0.9992926348280888,0.9912661666285701
0.5381818181818182,189654,0.9832431691395911,0.9992926348280888,0.9912029383780451
0.5378048780487805,189656,0.983232800438689,0.9992926348280888,0.9911976697212596
0.5376470588235295,189692,0.9830462012103831,0.9992926348280888,0.99110284347595
0.5375,189721,0.9828959366648922,0.9992926348280888,0.9910264688610233
0.5371428571428571,189732,0.9828389517846225,0.9992926348280888,0.990997502258596
0.5368421052631579,189734,0.9828285916071975,0.9992926348280888,0.9909922357855355
0.5366666666666667,189789,0.9825437722944955,0.9992926348280888,0.9908474297085258
0.5365853658536586,189793,0.982523064601961,0.9992926348280888,0.9908369000082358
0.5365384615384615,189794,0.9825231566856697,0.9992979936551487,0.990839581086179
0.5363636363636364,189798,0.9825024499731293,0.9992979936551487,0.9908290516091667
0.5362162162162163,189806,0.9824610391663067,0.9992979936551487,0.9908079933264968
0.536,189810,0.982440335071914,0.9992979936551487,0.9907974645208253
0.5357894736842106,189851,0.9822281684057498,0.9992979936551487,0.9906895571629314
0.5357142857142857,189867,0.9821453965144021,0.9992979936551487,0.990647453350156
0.5352941176470588,189875,0.9821040157998683,0.9992979936551487,0.9906264027857832
0.535,189920,0.9818713142375737,0.9992979936551487,0.9905080100284706
0.5348837209302326,189924,0.9818506349908385,0.9992979936551487,0.9904974875973356
0.5346774193548387,189925,0.9818507305515335,0.9993033524822087,0.990500168643917
0.5346153846153846,189939,0.9817783604209772,0.9993033524822087,0.990463341893575
0.534375,189945,0.9817473479165022,0.9993033524822087,0.9904475598388541
0.5342857142857144,189949,0.981726674001969,0.9993033524822087,0.9904370387484499
0.5342857142857143,190036,0.9812772316824181,0.9993033524822087,0.9902082603200901
0.5338235294117647,190037,0.9812773302041181,0.9993087113092687,0.9902109413373336
0.5338095238095237,190038,0.9812774287247814,0.9993140701363286,0.9902136223403408
0.5336363636363637,190151,0.980694290327161,0.9993140701363286,0.9899166310559271
0.5333333333333333,190192,0.9804828804576428,0.9993140701363286,0.9898089171974522
0.5330434782608696,190308,0.9798852386657418,0.9993140701363286,0.9895042927336594
0.5327586206896552,190312,0.9798646433225441,0.9993140701363286,0.9894937917860555
0.5325,190442,0.9791957656399324,0.9993140701363286,0.9891526322768863
0.5324324324324324,190458,0.9791135053397599,0.9993140701363286,0.989110659672312
0.5321428571428571,190488,0.9789593045231195,0.9993140701363286,0.9890319706387763
0.532,190632,0.9782198161903563,0.9993140701363286,0.988654437493373
0.531578947368421,190652,0.9781171978264063,0.9993140701363286,0.9886020251285585
0.5315384615384615,190813,0.9772919035914743,0.9993140701363286,0.988180307931991
0.5311111111111111,190939,0.9766469919712578,0.9993140701363286,0.9878505192730971
0.5310810810810811,190943,0.9766265325254133,0.9993140701363286,0.9878400533967596
0.5310344827586208,190945,0.9766163031239362,0.9993140701363286,0.9878348205417518
0.5307142857142857,191055,0.9760540158593075,0.9993140701363286,0.987547098868568
0.5303448275862069,191209,0.9752679005695338,0.9993140701363286,0.9871445699902333
0.53,191381,0.9743913972651412,0.9993140701363286,0.9866953800242864
0.5297101449275362,191382,0.9743915310739777,0.9993194289633885,0.9866980607952592
0.5296774193548387,191469,0.9739487854430743,0.9993194289633885,0.9864710098736501
0.5294117647058824,191475,0.9739182660921791,0.9993194289633885,0.9864553550410888
0.529375,191572,0.9734251351972104,0.9993194289633885,0.9862023375112381
0.5290909090909091,191619,0.9731863750463159,0.9993194289633885,0.9860797880637817
0.5290322580645161,191627,0.9731457466849661,0.9993194289633885,0.9860589316165875
0.5289473684210526,191629,0.973135590124668,0.9993194289633885,0.986053717642642
0.5288235294117647,191676,0.9728969719735386,0.9993194289633885,0.9859312051263072
0.5285714285714286,191761,0.9724657255646352,0.9993194289633885,0.9857097172337057
0.5283333333333333,191811,0.9722122297469905,0.9993194289633885,0.9855794767176066
0.5282608695652173,191815,0.9721919557907359,0.9993194289633885,0.9855690589631181
0.5282051282051281,191816,0.9721921007632315,0.9993247877904484,0.985571739635964
0.5281250000000001,191834,0.9721008788848692,0.9993247877904484,0.9855248624624117
0.5281081081081082,191856,0.971989408723209,0.9993247877904484,0.9854675741946395
0.5279069767441861,191859,0.9719742102273023,0.9993247877904484,0.9854597626741566
0.5278947368421053,191874,0.971898224876742,0.9993247877904484,0.9854207069292595
0.5276923076923077,191884,0.9718475745763065,0.9993247877904484,0.985394671485791
0.5275,191888,0.971827315934295,0.9993247877904484,0.9853842576936084
0.5273809523809523,191889,0.9718274627519035,0.9993301466175084,0.9853869383376883
0.5272727272727273,191967,0.9714325899764021,0.9993301466175084,0.985183913359308
0.5271428571428571,191979,0.9713718687981499,0.9993301466175084,0.985152686172531
0.526984126984127,191981,0.9713721670373631,0.9993408642716283,0.985158047381197
0.5269767441860466,191985,0.9713519285360835,0.9993408642716283,0.9851476387571878
0.5264705882352941,192013,0.9712102826371131,0.9993408642716283,0.9850747845470801
0.5263829787234042,192017,0.9711900508809116,0.9993408642716283,0.9850643776824034
0.5260869565217392,192068,0.9709321698565092,0.9993408642716283,0.9849317094296972
0.5257142857142857,192078,0.9708816210081321,0.9993408642716283,0.9849057002371358
0.5254545454545455,192082,0.9708614029424933,0.9993408642716283,0.9848952969447305
0.5252136752136752,192086,0.9708411857188968,0.9993408642716283,0.9848848938720973
0.525,192218,0.9702005015139061,0.9993676584069279,0.9845681130651012
0.5243243243243244,192246,0.9700591949897527,0.9993676584069279,0.9844953464923163
0.524,192293,0.9698220944080128,0.9993676584069279,0.9843732267795545
0.5236842105263159,192307,0.969751491105368,0.9993676584069279,0.9843368565509415
0.5230769230769231,192382,0.9693734341050618,0.9993676584069279,0.9841420617958258
0.5227272727272727,192395,0.9693079341978742,0.9993676584069279,0.9841083052113043
0.5225000000000001,192405,0.9692575556768275,0.9993676584069279,0.984082340183582
0.5222222222222223,192478,0.9688899510593418,0.9993676584069279,0.9838928369815819
0.522,192482,0.9688698163984165,0.9993676584069279,0.98388245535361
0.5219512195121951,192490,0.9688295495869915,0.9993676584069279,0.9838616927549076
0.5214285714285715,192546,0.9685477755964809,0.9993676584069279,0.9837163790966202
0.5206896551724138,192627,0.9681404995146059,0.9993676584069279,0.9835062691998365
0.5205882352941177,192633,0.9681103445411742,0.9993676584069279,0.9834907090741771
0.52,196390,0.949595193237945,0.9993730172339879,0.9738484274069317
0.5194652406417113,196394,0.9495758526227889,0.9993730172339879,0.973838256719286
0.5193548387096775,196459,0.9492616780091521,0.9993730172339879,0.9736730128149905
0.5192307692307693,196476,0.9491795435574828,0.9993730172339879,0.9736298044293158
0.51875,196558,0.9487835651563407,0.9993730172339879,0.9734214413596197
0.5181818181818182,196630,0.9484361491125464,0.9993730172339879,0.9732385619380124
0.5176470588235295,196706,0.9480697080922799,0.9993730172339879,0.9730455970822877
0.5172727272727273,196710,0.9480504295663668,0.9993730172339879,0.9730354431568567
0.5171428571428571,196759,0.9478143312377071,0.9993730172339879,0.972911074766477
0.5168202764976958,196761,0.947804697069033,0.9993730172339879,0.9729059991809458
0.5166666666666667,196865,0.9473039900439387,0.9993730172339879,0.9726421416892455
0.5166666666666666,196876,0.9472612202604686,0.9993837348881077,0.9726246727373241
0.5165277777777778,196878,0.9472515974359755,0.9993837348881077,0.9726196001940097
0.5162162162162163,196918,0.9470591819945358,0.9993837348881077,0.9725181604376235
0.5160869565217392,196920,0.9470495632744261,0.9993837348881077,0.9725130890052356
0.5157894736842106,197086,0.9462518900378515,0.9993837348881077,0.9720923444202932
0.5157142857142857,197090,0.946232685575118,0.9993837348881077,0.972082210488457
0.515625,197094,0.9462134818918891,0.9993837348881077,0.9720720767679084
0.5153846153846154,197114,0.9461174751666548,0.9993837348881077,0.9720214113342471
0.5152173913043478,197126,0.946059880482534,0.9993837348881077,0.9719910146090782
0.5150769230769231,197128,0.9460502820502414,0.9993837348881077,0.9719859486730461
0.515,197248,0.9454747323166774,0.9993837348881077,0.9716820891167522
0.5148648648648648,197256,0.9454363872328345,0.9993837348881077,0.9716618385678262
0.5146341463414634,197260,0.9454172158572443,0.9993837348881077,0.9716517136098868
0.5142857142857143,197404,0.9447275637778363,0.9993837348881077,0.9712873556034708
0.5142857142857142,197414,0.9446797086326197,0.9993837348881077,0.9712620631109675
0.5139534883720931,197422,0.9446414280070103,0.9993837348881077,0.9712418300653594
0.5136363636363637,197639,0.9436042481494037,0.9993837348881077,0.9706933300715426
0.5133333333333333,197650,0.9435517328611182,0.9993837348881077,0.9706655424220185
0.5131578947368421,197664,0.9434849036749231,0.9993837348881077,0.9706301786234751
0.5130434782608696,197869,0.9425074165230531,0.9993837348881077,0.9701126465302216
0.5125000000000001,198091,0.9414511512385721,0.9993837348881077,0.9695528192171022
0.5125,198103,0.9413941232591126,0.9993837348881077,0.9695225766874355
0.5120689655172413,198122,0.941303843086583,0.9993837348881077,0.969474696540431
0.512,198411,0.9399327658244755,0.9993837348881077,0.9687469969014516
0.5117647058823529,198416,0.9399090799129103,0.9993837348881077,0.9687344165558511
0.5116483516483517,198418,0.9398996058825309,0.9993837348881077,0.9687293845090982
0.5115384615384616,198750,0.9383295597484277,0.9993837348881077,0.9678947887418972
0.5115384615384615,198758,0.938291792028497,0.9993837348881077,0.9678746957437865
0.5111111111111112,199067,0.9368353368463884,0.9993837348881077,0.9670992415894212
0.5111111111111111,199069,0.9368359714470862,0.9993944525422276,0.967104597888907
0.5107142857142858,199393,0.9353136770097246,0.9993944525422276,0.9662928334382553
0.5103448275862069,199625,0.9342266750156544,0.9993944525422276,0.9657124067596502
0.51,199915,0.9328714703749094,0.9993944525422276,0.9649878532454731
0.5096774193548388,200124,0.9318972237212928,0.9993944525422276,0.9644663487893425
0.509375,200288,0.9311341667998083,0.9993944525422276,0.9640575245027088
0.5090909090909091,200420,0.9305209060971958,0.9993944525422276,0.9637287224696922
0.5090322580645161,200421,0.9305162632658255,0.9993944525422276,0.9637262324011896
0.5088235294117648,200560,0.9298713601914639,0.9993944525422276,0.9633802380362013
0.5086956521739131,200564,0.9298528150615265,0.9993944525422276,0.9633702850412736
0.5085714285714286,200660,0.9294079537526163,0.9993944525422276,0.9631314748442938
0.5083333333333334,200725,0.9291069871715033,0.9993944525422276,0.9629698476504712
0.5083333333333333,200733,0.9290699586017247,0.9993944525422276,0.9629499588218134
0.5081081081081081,200781,0.9288478491490729,0.9993944525422276,0.9628306431003462
0.5080645161290323,200799,0.9287645854810034,0.9993944525422276,0.962785907327436
0.5078947368421053,200830,0.9286212219289947,0.9993944525422276,0.9627088721292181
0.5076923076923077,200899,0.9283022812458002,0.9993944525422276,0.9625374509363702
0.5076470588235295,200903,0.9282837986490993,0.9993944525422276,0.9625275153479514
0.5075000000000001,200913,0.9282375953771035,0.9993944525422276,0.9625026772742639
0.5073170731707317,200918,0.9282144954658119,0.9993944525422276,0.9624902587181249
0.5071428571428571,200952,0.928057446554401,0.9993944525422276,0.9624058210341624
0.5069767441860465,200956,0.9280389737056868,0.9993944525422276,0.9623958881629873
0.5067567567567568,200958,0.9280297375571015,0.9993944525422276,0.9623909218042863
0.5066666666666667,200962,0.928011265811447,0.9993944525422276,0.9623809892406533
0.5065217391304349,200964,0.9280020302143668,0.9993944525422276,0.9623760230357199
0.50625,201000,0.9278358208955224,0.9993944525422276,0.9622866401106273
0.5055555555555555,201052,0.9275958458508247,0.9993944525422276,0.9621575607491101
0.5052631578947369,201064,0.9275404846218119,0.9993944525422276,0.9621277781217111
0.5045454545454545,201168,0.9270609639704128,0.9993944525422276,0.9618697392308962
0.5035714285714286,201243,0.9267154633950001,0.9993944525422276,0.9616837393741411
0.5033333333333333,201251,0.9266786251993779,0.9993944525422276,0.9616639036350839
0.5029411764705882,201301,0.9264484528144421,0.9993944525422276,0.9615399488024253
0.5028828828828829,201302,0.92644385053303,0.9993944525422276,0.9615374700317084
0.5026881720430108,201306,0.926425441864624,0.9993944525422276,0.9615275550766408
0.5021739130434782,201379,0.9260896121244022,0.9993944525422276,0.9613466430576282
0.5018181818181818,201383,0.9260712175307747,0.9993944525422276,0.9613367320375987
0.5017241379310345,201448,0.9257724077677614,0.9993944525422276,0.9611757065990475
0.5015384615384616,201452,0.9257540257728888,0.9993944525422276,0.9611657991032314
0.5014285714285714,201496,0.925551871997459,0.9993944525422276,0.9610568301280069
0.501219512195122,201502,0.9255243124137725,0.9993944525422276,0.9610419726366236
0.5008035714285715,201504,0.9255151262505955,0.9993944525422276,0.9610370202415799
0.5,208846,0.8929785583635789,0.9993944525422276,0.943194404406075
0.4988372093023256,208848,0.8929700068949666,0.9993944525422276,0.9431896342450234
0.49864864864864866,208870,0.8928759515488103,0.9993944525422276,0.9431371656577611
0.49838709677419357,208948,0.8925426421884871,0.9993944525422276,0.9429511876952947
0.498,209079,0.8919834129683039,0.9993944525422276,0.9426390050721909
0.4977777777777778,209081,0.8919748805486869,0.9993944525422276,0.9426342405272828
0.49772727272727274,209091,0.8919322208990343,0.9993944525422276,0.9426104185251921
0.49736842105263157,209200,0.8914674952198853,0.9993944525422276,0.9423508367693427
0.496875,209262,0.891203371849643,0.9993944525422276,0.9422032485411879
0.4966666666666667,209264,0.8911948543466626,0.9993944525422276,0.942198488400291
0.4962857142857143,209268,0.8911778198291186,0.9993944525422276,0.9421889682627894
0.49615384615384617,209455,0.8903821823303335,0.9993944525422276,0.9417441164663197
0.4954545454545455,209556,0.8899530435778503,0.9993944525422276,0.9415040235861917
0.495,209686,0.8894012952700705,0.9993944525422276,0.9411951732804433
0.49444444444444446,209912,0.8884484927017036,0.9993998113692875,0.9406637748411176
0.49411764705882355,210001,0.8880719615620878,0.9993998113692875,0.9404526876596345
0.49390243902439024,210021,0.8879873917370168,0.9993998113692875,0.940405265373939
0.49375,210023,0.8879789356403822,0.9993998113692875,0.9404005234084073
0.4928571428571429,210633,0.8854073198406708,0.9993998113692875,0.9389564521285567
0.4925,210637,0.8853905059415013,0.9993998113692875,0.9389469974449017
0.49230769230769234,210641,0.885373692680912,0.9993998113692875,0.93893754295165
0.492,210645,0.8853568800588668,0.9993998113692875,0.9389280886487956
0.49186046511627907,210661,0.8852896359553976,0.9993998113692875,0.9388902733412372
0.4916666666666667,210769,0.8848360052948963,0.9993998113692875,0.9386350996660602
0.49142857142857144,210771,0.8848276091113104,0.9993998113692875,0.9386303755356976
0.4913793103448276,211055,0.8836369666674564,0.9993998113692875,0.9379600314839449
0.4909090909090909,211325,0.8825079853306519,0.9993998113692875,0.9373236198053442
0.4905405405405405,211446,0.8820029700254438,0.9993998113692875,0.9370386932426255
0.4903174603174603,211450,0.8819862851738,0.9993998113692875,0.9370292771405173
0.49,211693,0.8809738630941978,0.9993998113692875,0.9364576036715951
0.48947368421052634,211823,0.8804331918630177,0.9993998113692875,0.9361520564413914
0.48944444444444446,211827,0.8804165663489546,0.9993998113692875,0.936142658150012
0.48935483870967744,211833,0.8803916292551208,0.9993998113692875,0.9361285610667577
0.4891304347826087,212278,0.8785460575283355,0.9993998113692875,0.935084209523523
0.48875,212279,0.878541918889763,0.9993998113692875,0.9350818652901699
0.48870967741935484,212519,0.8775497720203841,0.9993998113692875,0.9345195890029991
0.48846153846153845,212621,0.8771287878431575,0.9993998113692875,0.9342808262926792
0.4876470588235294,212625,0.8771122868900647,0.9993998113692875,0.9342714655351637
0.4875,213739,0.8725408091176622,0.9993998113692875,0.931671774735417
0.4865853658536585,213774,0.8723979529783791,0.9993998113692875,0.9315903312336719
0.4863636363636364,214083,0.8711387639373513,0.9993998113692875,0.9308719187603415
0.48636363636363633,214085,0.8711306256860593,0.9993998113692875,0.9308672724504795
0.486,214822,0.8681419966297679,0.9993998113692875,0.9291582592232768
0.4857142857142857,214864,0.8679816069699903,0.9994105290234073,0.9290710186513629
0.4852941176470588,215382,0.8658940858567569,0.9994105290234073,0.9278738277071569
0.4848837209302326,215426,0.8657172300465125,0.9994105290234073,0.9277722779665402
0.4846153846153846,216313,0.8621673223523321,0.9994105290234073,0.9257298577140433
0.4842857142857143,216726,0.8605243487168129,0.9994105290234073,0.924781942509186
0.4840909090909091,216752,0.8604211264486602,0.9994105290234073,0.9247223324077747
0.48333333333333334,218439,0.853799001094127,0.999437323158707,0.9208955997699032
0.4833333333333333,218446,0.8537716415040788,0.999437323158707,0.9208796851777787
0.4826086956521739,218448,0.8537638248004101,0.999437323158707,0.9208751382524885
0.48243243243243245,218794,0.8524136859328867,0.999437323158707,0.9200891954159083
0.4823232323232324,218798,0.8523981023592537,0.999437323158707,0.920080117215828
0.48214285714285715,219883,0.8481919930144668,0.999437323158707,0.9176242524434736
0.48157894736842105,220688,0.8450980569854274,0.999437323158707,0.9158106143934632
0.48125,220695,0.8450712521806113,0.999437323158707,0.915794875068438
0.4810344827586207,221698,0.841248004041534,0.999437323158707,0.9135452332319387
0.4807692307692308,221971,0.840213361204842,0.999437323158707,0.9129348302286705
0.48000000000000004,221972,0.8402095759825564,0.999437323158707,0.9129325958196682
0.48,224240,0.8317115590438816,0.999437323158707,0.9078929433756524
0.47941176470588237,224244,0.8316967232122152,0.999437323158707,0.9078841042516527
0.4792682926829268,224426,0.8310222523237059,0.999437323158707,0.9074821061031448
0.47923371647509583,224430,0.8310074410729403,0.999437323158707,0.9074732749770095
0.4790909090909091,224434,0.8309926303501252,0.999437323158707,0.907464444022752
0.47903225806451616,225537,0.8269286192509433,0.999437323158707,0.9050358490337139
0.4785714285714286,227083,0.821298820255149,0.999437323158707,0.9016536497047313
0.47857142857142854,227087,0.8212843535737404,0.999437323158707,0.9016449316525459
0.47833333333333333,227091,0.8212698874019666,0.999437323158707,0.901636213768948
0.478125,228263,0.8170531360754919,0.999437323158707,0.8990891144476235
0.4779545454545455,228267,0.8170388185764915,0.999437323158707,0.8990804459174451
0.47790697674418603,228351,0.8167382669662056,0.999437323158707,0.8988984453885805
0.4777777777777778,228357,0.8167168074549938,0.999437323158707,0.8988854481703276
0.47777777777777775,228359,0.8167096545351836,0.999437323158707,0.8988811158477663
0.4772727272727273,231458,0.8057746977853434,0.999437323158707,0.8922179751522487
0.47692307692307695,231460,0.8057763760476973,0.9994480408128269,0.8922232746825874
0.4766666666666667,231496,0.8056510695649168,0.9994480408128269,0.8921464516005587
0.47647058823529415,232550,0.8019995699849495,0.9994480408128269,0.8899030914356877
0.4762452107279693,232554,0.8019857753468012,0.9994480408128269,0.8898945992241661
0.47608695652173916,235141,0.7931624004320812,0.9994480408128269,0.8844360034048688
0.4757142857142857,236108,0.7899139376895319,0.9994480408128269,0.8824127783192499
0.4755555555555555,236116,0.7898871741008657,0.9994480408128269,0.8823960787653411
0.475531914893617,236133,0.7898303074961992,0.9994480408128269,0.8823605943118837
0.47500000000000003,240200,0.7764571190674437,0.9994480408128269,0.8739526906712151
0.47476923076923083,240202,0.7764506540328556,0.9994480408128269,0.8739485953937348
0.47432432432432436,240932,0.7740980857669384,0.9994480408128269,0.8724563783505637
0.4740384615384616,240933,0.7740990233799439,0.9994533996398868,0.8724590156265715
0.47400000000000003,244461,0.7629274199156512,0.9994533996398868,0.865318545290893
0.474,244465,0.7629149366985049,0.9994533996398868,0.8653105158523033
0.4736842105263158,245049,0.7610967602397888,0.9994533996398868,0.8641398147139975
0.4735714285714286,245050,0.7610936543562539,0.9994533996398868,0.864137812805508
0.47307692307692306,249533,0.7474201808979173,0.9994533996398868,0.8552555251627342
0.4727272727272727,249535,0.747414190394133,0.9994533996398868,0.8552516032585643
0.47250000000000003,249862,0.7464360326900449,0.9994533996398868,0.8546108552706945
0.4722222222222222,253769,0.7349439844898313,0.9994533996398868,0.847028795781796
0.4721988795518207,253770,0.7349410883871222,0.9994533996398868,0.8470268723687377
0.47200000000000003,253773,0.734932400215941,0.9994533996398868,0.8470211021819741
0.47195121951219515,254001,0.7342726997137806,0.9994533996398868,0.8465827979001791
0.4714285714285714,258505,0.7214792750623779,0.9994533996398868,0.838016413809527
0.47093023255813954,258608,0.7211919198168657,0.9994533996398868,0.8378225400704378
0.4706896551724138,262557,0.7103448013193325,0.9994533996398868,0.8304565137532979
0.47045454545454546,262631,0.7101446516214766,0.9994533996398868,0.8303197184572132
0.47000000000000003,267146,0.6981425886968174,0.9994533996398868,0.8220577669838722
0.47,267150,0.6981321355043982,0.9994533996398868,0.8220505203214047
0.46956521739130436,267179,0.6980563592198489,0.9994533996398868,0.8219979858391713
0.4694545454545455,267181,0.6980586194377594,0.9994641172940066,0.8220031776883088
0.4693548387096774,270533,0.6894094250978624,0.9994641172940066,0.8159758149017481
0.46914893617021275,270567,0.6893227925061075,0.9994641172940066,0.8159151309673538
0.4688888888888889,270573,0.6893075066617881,0.9994641172940066,0.8159044229747081
0.46875,274388,0.6797236030730207,0.9994641172940066,0.8091523570703433
0.4683673469387755,274392,0.6797136942768011,0.9994641172940066,0.8091453362255966
0.4681818181818182,277308,0.6725662440319068,0.9994641172940066,0.8040593555729917
0.468,277312,0.6725565428109854,0.9994641172940066,0.8040524228315226
0.4676470588235294,280902,0.6639610967526041,0.9994641172940066,0.7978781202541121
0.46714285714285714,283244,0.6584711414893166,0.9994641172940066,0.7939010582055626
0.4671428571428571,283246,0.6584664920246005,0.9994641172940066,0.7938976788534311
0.4666666666666667,286926,0.6500212598370312,0.9994641172940066,0.7877280195297487
0.46637681159420286,286930,0.6500121980970969,0.9994641172940066,0.7877213655503889
0.46621621621621623,288352,0.6468066807235601,0.9994641172940066,0.785362977934984
0.4658730158730159,288353,0.6468044376163938,0.9994641172940066,0.7853613244034774
0.46578947368421053,292979,0.6365917011116837,0.9994641172940066,0.777785886606601
0.4654545454545455,292983,0.63658300993573,0.9994641172940066,0.7777793995300162
0.4653846153846154,293800,0.6348127978216473,0.9994641172940066,0.7764566784899501
0.465359477124183,293804,0.634804155151053,0.9994641172940066,0.7764502135666885
0.465,299925,0.6218487955322164,0.9994641172940066,0.7666818078115974
0.46463414634146344,300234,0.6212087904767615,0.9994641172940066,0.7661951926908523
0.46432432432432436,300238,0.621200514258688,0.9994641172940066,0.7661888975158468
0.4642857142857143,308002,0.6055415224576464,0.9994641172940066,0.7541618649036614
0.46428571428571425,308010,0.6055257946170579,0.9994641172940066,0.7541496670157575
0.46395348837209305,308133,0.6052840818737364,0.9994641172940066,0.7539621741476854
0.46373626373626375,308137,0.6052762245364887,0.9994641172940066,0.753956078383814
0.4636363636363636,317971,0.5865566356680326,0.9994641172940066,0.7392618400686511
0.4636134453781513,317972,0.5865547909878858,0.9994641172940066,0.7392603749653177
0.4633333333333333,318028,0.5864515074144415,0.9994641172940066,0.7391783384459293
0.46304347826086956,329702,0.565686589708282,0.9994641172940066,0.7224651856442834
0.4628525641025641,329703,0.5656848739623237,0.9994641172940066,0.722463786361321
0.46276595744680854,329723,0.5656505612286677,0.9994641172940066,0.7224358018402923
0.4625,342287,0.544887769620231,0.9994641172940066,0.7052742037644523
0.46224489795918366,342295,0.5448750346922976,0.9994641172940066,0.7052635360359083
0.46217391304347827,342296,0.5448734428681609,0.9994641172940066,0.705262202592531
0.462,355878,0.5240784763317766,0.9994641172940066,0.6876048414152623
0.46199999999999997,355882,0.5240725858571099,0.9994641172940066,0.687599771424358
0.46176470588235297,355886,0.5240666955148559,0.9994641172940066,0.6875947015082194
0.46153846153846156,369777,0.5043796666639624,0.9994641172940066,0.6704278512181313
0.46142857142857147,369778,0.50437830265727,0.9994641172940066,0.6704266462491868
0.46111111111111114,383064,0.4868846981183301,0.9994641172940066,0.6547908270022047
0.4610606060606061,383068,0.4868796140632995,0.9994641172940066,0.6547862293654639
0.46071428571428574,395986,0.47099644936942214,0.9994641172940066,0.6402674933143836
0.46034482758620693,408166,0.4569415384916921,0.9994641172940066,0.6271558608816121
0.4603448275862069,408170,0.45693706053850114,0.9994641172940066,0.6271516431340769
0.46,418914,0.44521787288083,0.9994641172940066,0.6160238604047417
0.45999999999999996,418918,0.44521362175891227,0.9994641172940066,0.616019791057692
0.45967741935483875,428314,0.43544689176632095,0.9994641172940066,0.606607016824898
0.45937500000000003,436676,0.42710842821680145,0.9994641172940066,0.5984687558159684
0.459375,436680,0.4271045158926445,0.9994641172940066,0.5984649150954293
0.4590909090909091,443169,0.42085073640078613,0.9994641172940066,0.5922985437702551
0.4589285714285714,443173,0.42084693787753313,0.9994641172940066,0.5922947818368608
0.45882352941176474,448648,0.4157112034378845,0.9994641172940066,0.5871900462175879
0.4585714285714286,452775,0.41192203633151125,0.9994641172940066,0.5833999339988708
0.4585714285714285,452779,0.411918397275492,0.9994641172940066,0.5833962842535115
0.45833333333333337,455978,0.4090285057612429,0.9994641172940066,0.5804919497156801
0.4583333333333333,455984,0.40902312361837256,0.9994641172940066,0.580486529555301
0.4582222222222222,455986,0.40902132960222465,0.9994641172940066,0.5804847228576675
0.4581081081081081,458193,0.40705117712405037,0.9994641172940066,0.5784978621311071
0.4578947368421053,459785,0.4056417673477821,0.9994641172940066,0.5770730809275472
0.45779220779220775,459789,0.4056382384093573,0.9994641172940066,0.5770695099141858
0.45777777777777784,459793,0.40563470953233305,0.9994641172940066,0.5770659389450202
0.45769230769230773,459798,0.40563029852239463,0.9994641172940066,0.577061475295712
0.4576923076923077,460886,0.4046727390287403,0.9994641172940066,0.57609182478911
0.4575,461581,0.40406342548761753,0.9994641172940066,0.5754741286877747
0.4573563218390805,461582,0.40406255009944064,0.9994641172940066,0.5754732408707324
0.4573170731707317,462077,0.40362969808062293,0.9994641172940066,0.575034107463561
0.45714285714285713,462353,0.40338875274952257,0.9994641172940066,0.5747895482163027
0.4569767441860465,462539,0.40322653873511205,0.9994641172940066,0.5746248538466633
0.45681818181818185,462705,0.40308187722198807,0.9994641172940066,0.5744779482314384
0.45666666666666667,462777,0.403019164738092,0.9994641172940066,0.5744142534859906
0.4565217391304348,462817,0.40298433290047686,0.9994641172940066,0.5743788736189706
0.4564102564102564,462818,0.40298346218167835,0.9994641172940066,0.5743779891781358
0.4563829787234043,462856,0.4029503776552535,0.9994641172940066,0.5743443824446005
0.4563492063492064,462858,0.4029486365148707,0.9994641172940066,0.5743426137780885
0.45625,462873,0.40293557844160277,0.9994641172940066,0.5743293491264563
0.4560416666666667,462877,0.40293209643166544,0.9994641172940066,0.5743258119894994
0.456,462881,0.40292861448190787,0.9994641172940066,0.5743222748961107
0.45588235294117646,462885,0.40292513259232854,0.9994641172940066,0.5743187378462894
0.45581818181818184,462895,0.40291642813164974,0.9994641172940066,0.5743098954123385
0.45571428571428574,462897,0.4029146872846443,0.9994641172940066,0.574308126958222
0.45555555555555555,462898,0.40291381686678274,0.9994641172940066,0.574307242735248
0.455,462900,0.40291207604234175,0.9994641172940066,0.5743054742974683
0.4549274255156608,462904,0.4029085944385877,0.9994641172940066,0.5743019374545812
0.4547619047619047,462905,0.40290772404705066,0.9994641172940066,0.5743010532506663
0.45357142857142857,462907,0.40290598327525834,0.9994641172940066,0.5742992848510041
0.4534920634920635,462909,0.402904242518508,0.9994641172940066,0.5742975164622328
0.4533333333333333,462943,0.4028746519549923,0.9994641172940066,0.5742674555192739
0.45307210031347966,462945,0.402872911468965,0.9994641172940066,0.5742656873265152
0.45277777777777783,462949,0.4028694305420251,0.9994641172940066,0.5742621509736636
0.45272727272727276,462953,0.40286594967523703,0.9994641172940066,0.5742586146643657
0.452463768115942,462955,0.40286420926439936,0.9994641172940066,0.5742568465260491
0.4521021021021021,462957,0.40286246886859906,0.9994641172940066,0.5742550783986207
0.4519396551724138,462961,0.40285898812210963,0.9994641172940066,0.5742515421764277
0.45177777777777783,462963,0.4028572477714202,0.9994641172940066,0.574249774081663
0.4517241379310345,462965,0.40285550743576726,0.9994641172940066,0.5742480059977861
0.4515151515151515,462966,0.4028546372735795,0.9994641172940066,0.5742471219599307
0.4514285714285714,462972,0.40284941637939226,0.9994641172940066,0.5742418177899565
0.450952380952381,462974,0.4028476761114015,0.9994641172940066,0.5742400497550733
0.4508547008547009,462975,0.40284680598304445,0.9994641172940066,0.5742391657417143
0.4507936507936508,462977,0.4028450657376068,0.9994641172940066,0.5742373977231616
0.4507692307692308,462979,0.4028433255072044,0.9994641172940066,0.5742356297154962
0.45046153846153847,462981,0.4028459051235364,0.9994748349481265,0.5742400194584576
0.4503030303030303,462985,0.40284242470058423,0.9994748349481265,0.5742364834596432
0.45,824983,0.22608587086036924,0.9995123467375461,0.36875970624491516
0.44999999999999996,825067,0.22606285307738644,0.9995123467375461,0.3687290878987817
0.4494949494949495,825071,0.22606175710938817,0.9995123467375461,0.36872763000912345
0.4494444444444445,825075,0.22606066115201648,0.9995123467375461,0.36872617213099357
0.44935064935064933,825077,0.2260625371934983,0.9995230643916659,0.3687293969961005
0.4492424242424242,825079,0.22606198921557816,0.9995230643916659,0.36872866805642457
0.4492063492063492,825083,0.22606089326770762,0.9995230643916659,0.3687272101857188
0.4490990990990991,825087,0.22605979733046333,0.9995230643916659,0.36872575232654103
0.4490322580645162,825091,0.22605870140384515,0.9995230643916659,0.3687242944788915
0.4489473684210526,825099,0.22605650958248646,0.9995230643916659,0.3687213788181756
0.4487012987012987,825100,0.2260562356078051,0.9995230643916659,0.36872101436382826
0.4485714285714286,825102,0.2260556876604347,0.9995230643916659,0.36872028545729507
0.4484457478005865,825106,0.22605459177366302,0.9995230643916659,0.3687188276528743
0.44833333333333336,825107,0.2260543178036303,0.9995230643916659,0.36871846320357016
0.4483333333333333,825109,0.22605376986555717,0.9995230643916659,0.36871773430712346
0.44777777777777783,825113,0.22605267399737974,0.9995230643916659,0.36871627652287536
0.447742946708464,825117,0.22605157813982743,0.9995230643916659,0.36871481875015444
0.4476190476190476,825125,0.22604938645659747,0.9995230643916659,0.3687119032392933
0.4474876847290641,825131,0.22604774272206474,0.9995230643916659,0.3687097166364052
0.4473291925465838,825133,0.22604719481586605,0.9995230643916659,0.36870898777453914
0.4471428571428572,825145,0.2260439074344509,0.9995230643916659,0.3687046146638557
0.4467032967032967,825146,0.22604363349031564,0.9995230643916659,0.36870425024264786
0.44666666666666666,825151,0.22604226377959913,0.9995230643916659,0.36870242814741455
0.44642857142857145,825153,0.22604171589996036,0.9995230643916659,0.36870169931436375
0.44637681159420284,825159,0.22604007227697934,0.9995230643916659,0.36869951283249996
0.4460869565217392,825163,0.2260389765416045,0.9995230643916659,0.36869805519233106
0.4460227272727273,825164,0.22603870260942066,0.9995230643916659,0.3686976907840897
0.446,825168,0.22603760688732477,0.9995230643916659,0.3686962331583275
0.445959595959596,825172,0.22603651117585183,0.9995230643916659,0.36869477554409064
0.44583333333333336,825176,0.2260354154750017,0.9995230643916659,0.3686933179413788
0.4458333333333333,825180,0.22603431978477423,0.9995230643916659,0.3686918603501919
0.4454545454545455,825183,0.2260359217288771,0.9995337820457858,0.36869472054999497
0.4454248366013072,825185,0.2260353738858559,0.9995337820457858,0.36869399175523054
0.4453968253968254,825189,0.22603427820778027,0.9995337820457858,0.3686925341743452
0.44529914529914527,825190,0.2260340042899211,0.9995337820457858,0.3686921697809246
0.44523809523809527,825191,0.22603373037272584,0.9995337820457858,0.3686918053882243
0.44500000000000006,825197,0.2260320868834957,0.9995337820457858,0.3686896190471484
0.445,825200,0.22603126514784294,0.9995337820457858,0.36868852588633416
0.44487179487179485,825201,0.22603099123728643,0.9995337820457858,0.36868816150083666
0.44457364341085276,825202,0.22603071732739377,0.9995337820457858,0.3686877971160593
0.4444444444444444,825204,0.22603016950960006,0.9995337820457858,0.3686870683486656
0.4443333333333333,825208,0.22602907388197885,0.9995337820457858,0.3686856108225211
0.44431818181818183,825218,0.22602633485939472,0.9995337820457858,0.3686819670575771
0.4442857142857143,825220,0.22602578706284385,0.9995337820457858,0.36868123831323113
0.444047619047619,825221,0.22602551316556413,0.9995337820457858,0.36868087394213844
0.443963133640553,825223,0.22602496537299616,0.9995337820457858,0.36868014520211384
0.44381818181818183,825227,0.22602386979582587,0.9995337820457858,0.3686786877307071
0.44365079365079363,825231,0.2260227742292764,0.9995337820457858,0.3686772302708238
0.44356725146198833,825233,0.22602222644998443,0.9995337820457858,0.36867650154520326
0.4433566433566434,825237,0.22602113089936587,0.9995337820457858,0.3686750441026046
0.4433333333333333,825241,0.22602003535936774,0.9995337820457858,0.36867358667152905
0.4431372549019608,825242,0.22601976147602765,0.9995337820457858,0.3686732223155606
0.44294871794871793,825243,0.2260194875933513,0.9995337820457858,0.36867285796031235
0.4428571428571429,825245,0.22601893982998988,0.9995337820457858,0.36867212925197634
0.4427777777777778,825248,0.22601811818992593,0.9995337820457858,0.3686710361948735
0.44275362318840583,825249,0.22601784431123212,0.9995337820457858,0.3686706718439463
0.44272727272727275,825253,0.22601674880309433,0.9995337820457858,0.36866921444743894
0.4427083333333333,825257,0.22601565330557633,0.9995337820457858,0.36866775706245397
0.4426190476190476,825258,0.22601537943285616,0.9995337820457858,0.3686673927180081
0.4425133689839572,825259,0.2260151055607997,0.9995337820457858,0.3686670283742824
0.4425,825265,0.2260134623423991,0.9995337820457858,0.36866484232705093
0.4421182266009852,825266,0.22601318847498866,0.9995337820457858,0.3686644779883661
0.4420634920634921,825275,0.22601072369816122,0.9995337820457858,0.3686611989726085
0.44166666666666665,825280,0.2260093544009306,0.9995337820457858,0.3686593773223914
0.4415873015873016,825284,0.22600825897509222,0.9995337820457858,0.3686579200151795
0.44155844155844154,825288,0.22600716355987244,0.9995337820457858,0.368656462719489
0.44153846153846155,825300,0.22600387737792318,0.9995337820457858,0.3686520909015444
0.44149560117302056,825306,0.22600223432278452,0.9995337820457858,0.3686499050314553
0.44142857142857145,825307,0.22600196048258406,0.9995337820457858,0.36864954072229383
0.4414141414141414,825309,0.22600141280417396,0.9995337820457858,0.3686488121061312
0.4413636363636364,825311,0.22600086512841824,0.9995337820457858,0.36864808349284867
0.4411111111111111,825316,0.22599949595064195,0.9995337820457858,0.36864626197224304
0.4409090909090909,825318,0.22599894828417652,0.9995337820457858,0.36864553336904077
0.44082125603864736,825319,0.2259986744519392,0.9995337820457858,0.36864516906851974
0.44068965517241376,825323,0.22599757912962562,0.9995337820457858,0.36864371187363565
0.4406666666666667,825324,0.22599730530070614,0.9995337820457858,0.36864334757671463
0.4403726708074534,825328,0.22599620999166392,0.9995337820457858,0.3686418903962306
0.4403636363636364,825330,0.22599566234112414,0.9995337820457858,0.3686411618103085
0.4402777777777778,825337,0.22599374558513674,0.9995337820457858,0.36863861178226087
0.4402020202020202,825338,0.225993471765507,0.9995337820457858,0.3686382474954197
0.4401785714285714,825339,0.22599319794654074,0.9995337820457858,0.3686378832092985
0.44000000000000006,825341,0.2259926503105989,0.9995337820457858,0.368637154639216
0.44,825345,0.22599155504667745,0.9995337820457858,0.3686356975076906
0.43991228070175437,825347,0.22599100741869782,0.9995337820457858,0.3686349689462476
0.4396103896103896,825349,0.22599045979337226,0.9995337820457858,0.3686342403876845
0.4394396551724138,825353,0.22598936455068316,0.9995337820457858,0.3686327832791976
0.43931623931623937,825367,0.22598553128487084,0.9995337820457858,0.3686276834902048
0.4390909090909091,825371,0.22598443608995228,0.9995337820457858,0.36862622643355253
0.43907563025210083,825372,0.22598416229288126,0.9995337820457858,0.36862586217118914
0.43888888888888894,825382,0.2259814243586606,0.9995337820457858,0.3686222195871501
0.4385714285714286,825386,0.2259803292035484,0.9995337820457858,0.3686207625736912
0.43857142857142856,825387,0.2259800554164289,0.9995337820457858,0.36862039832212606
0.43849206349206354,825391,0.22597896027458503,0.9995337820457858,0.36861894132306455
0.43846153846153846,825396,0.22597759136220674,0.9995337820457858,0.36861712009043446
0.4383116883116884,825400,0.2259764962442452,0.9995337820457858,0.36861566311728766
0.4382857142857143,825404,0.22597540113689782,0.9995337820457858,0.36861420615565826
0.43812500000000004,825405,0.2259751273617194,0.9995337820457858,0.3686138419170505
0.43812260536398473,825411,0.22597348472457962,0.9995337820457858,0.3686116565005202
0.43801169590643274,825413,0.22597293718417324,0.9995337820457858,0.368610928034102
0.43792114695340506,825417,0.2259718421113207,0.9995337820457858,0.36860947110990344
0.4377777777777778,825429,0.22596855695644325,0.9995337820457858,0.36860510040640804
0.4375,825432,0.2259677356826486,0.9995337820457858,0.3686040077467294
0.437487922705314,825436,0.22596664066020866,0.9995337820457858,0.3686025508772346
0.43745519713261655,825440,0.22596554564838148,0.9995337820457858,0.36860109401925606
0.43736263736263736,825442,0.2259649981464476,0.9995337820457858,0.36860036559458526
0.43715277777777783,825446,0.2259639031505392,0.9995337820457858,0.3685989087538807
0.43714285714285717,825456,0.225961165707197,0.9995337820457858,0.368595266702501
0.43694444444444447,825460,0.2259600707484312,0.9995337820457858,0.36859380990210144
0.4369318181818182,825464,0.22595897580027718,0.9995337820457858,0.3685923531132172
0.4368686868686869,825472,0.225956785935804,0.9995337820457858,0.3685894395699945
0.4367521367521368,825476,0.2259556910194845,0.9995337820457858,0.3685879828156556
0.43675213675213675,825478,0.225955143565304,0.9995337820457858,0.36858725444280427
0.4366666666666667,825482,0.22595404866490124,0.9995337820457858,0.36858579770573763
0.43666666666666665,825483,0.22595377494145852,0.9995337820457858,0.36858543352327017
0.43660130718954254,825485,0.22595322749656263,0.9995337820457858,0.36858470516049413
0.4365384615384616,825486,0.22595295377510946,0.9995337820457858,0.36858434098018567
0.43650793650793646,825490,0.22595185889592848,0.9995337820457858,0.36858288426614816
0.43647058823529417,825495,0.22595049031187348,0.9995337820457858,0.36858106338979335
0.43644444444444447,825502,0.22594857432204887,0.9995337820457858,0.36857851419312126
0.43642857142857144,825503,0.22594830061186938,0.9995337820457858,0.3685781500250467
0.43636363636363634,825507,0.22594720577778263,0.9995337820457858,0.3685766933599443
0.4363492063492064,825508,0.22594693207091876,0.9995337820457858,0.36857632919546773
0.4362369337979094,825512,0.22594583725009448,0.9995337820457858,0.3685748725447575
0.43623376623376625,825514,0.22594528984366105,0.9995337820457858,0.3685741442237201
0.43611111111111117,825518,0.22594419503875143,0.9995337820457858,0.3685726875902803
0.4360869565217392,825522,0.22594310024445138,0.9995337820457858,0.36857123096835387
0.436,825524,0.22594255285127993,0.9995337820457858,0.36857050266170815
0.4356725146198831,825526,0.22594200546076076,0.9995337820457858,0.36856977435794075
0.4356060606060606,825528,0.22594145807289395,0.9995337820457858,0.36856904605705165
0.43555555555555553,825530,0.22594091068767944,0.9995337820457858,0.36856831775904075
0.43550724637681154,825531,0.22594063699606678,0.9995337820457858,0.3685679536111147
0.43534482758620696,825532,0.2259403633051172,0.9995337820457858,0.36856758946390816
0.43529411764705883,825534,0.2259398159252072,0.9995337820457858,0.36856686117165377
0.43506493506493504,825536,0.22593926854794946,0.9995337820457858,0.36856613288227763
0.43500000000000005,825543,0.22593735274843346,0.9995337820457858,0.3685635838921268
0.435,825547,0.2259362580204398,0.9995337820457858,0.3685621273421561
0.4346153846153846,825551,0.22593516330305458,0.9995337820457858,0.36856067080369787
0.434472049689441,825554,0.22593434227197737,0.9995337820457858,0.3685595784074091
0.43437500000000007,825555,0.22593406859627765,0.9995337820457858,0.36855921427675187
0.4342857142857143,825571,0.22592968987524997,0.9995337820457858,0.36855338828408807
0.434047619047619,825575,0.2259285952215123,0.9995337820457858,0.3685519318147015
0.43400000000000005,825576,0.22592832155973527,0.9995337820457858,0.36855156769915354
0.43393939393939396,825578,0.2259277742381701,0.9995337820457858,0.3685508394702159
0.43392857142857144,825582,0.22592667960299523,0.9995337820457858,0.36854938302097434
0.4337606837606838,825584,0.22592613228938546,0.9995337820457858,0.3685486548006703
0.43375,825586,0.22592558497842744,0.9995337820457858,0.3685479265832439
0.43364055299539167,825589,0.22592476401696243,0.9995337820457858,0.3685468342625003
0.4336363636363636,825592,0.22592394306146377,0.9995337820457858,0.3685457419482316
0.4335714285714286,825593,0.22592366941095673,0.9995337820457858,0.36854537784491426
0.43342857142857144,825595,0.22592312211193138,0.9995337820457858,0.3685446496404377
0.43333333333333335,825605,0.22592038565657913,0.9995337820457858,0.3685410086612205
0.4333333333333333,825646,0.22590916688265916,0.9995337820457858,0.3685260813985423
0.4331081081081082,825647,0.22590889326794622,0.9995337820457858,0.36852571733407097
0.43307692307692314,825655,0.22590670437410298,0.9995337820457858,0.3685228048441957
0.4330434782608696,825663,0.22590451552267693,0.9995337820457858,0.36851989240035526
0.43304347826086953,825667,0.22590342111286996,0.9995337820457858,0.3685184361956978
0.43303571428571425,825671,0.22590232671366683,0.9995337820457858,0.3685169800025487
0.4328828828828829,825672,0.22590205311552286,0.9995337820457858,0.36851661595605956
0.43268817204301074,825674,0.22590150592122316,0.9995337820457858,0.36851588786523914
0.43256704980842914,825678,0.22590041154057636,0.9995337820457858,0.36851443169222925
0.43253968253968256,825681,0.22589959076204974,0.9995337820457858,0.36851333957002397
0.43250000000000005,825686,0.22589822281109284,0.9995337820457858,0.3685115193807333
0.4325,825688,0.22589767563534893,0.9995337820457858,0.3685107913100516
0.4324561403508772,825689,0.22589740204847103,0.9995337820457858,0.3685104272757896
0.4323863636363636,825693,0.22589630770758623,0.9995337820457858,0.36850897114593384
0.43233333333333335,825697,0.22589521337730425,0.9995337820457858,0.3685075150275855
0.43222222222222223,825698,0.22589493979639044,0.9995337820457858,0.36850715099979653
0.43214285714285716,825703,0.2258935719017613,0.9995337820457858,0.3685053308716392
0.432,825707,0.22589247759798572,0.9995337820457858,0.3685038747820589
0.4319875776397516,825708,0.22589220402369845,0.9995337820457858,0.3685035107614618
0.43193277310924366,825712,0.22589110973317572,0.9995337820457858,0.3685020546862652
0.43189964157706096,825718,0.22588946831727055,0.9995337820457858,0.36849987059504546
0.4318181818181818,825793,0.22586895263098622,0.9995337820457858,0.3684725716391035
0.43177339901477835,825797,0.225867858565725,0.9995337820457858,0.3684711158083969
0.4316666666666667,825798,0.22586758505106574,0.9995337820457858,0.36847075185251765
0.43157894736842106,825801,0.22586918640205086,0.9995444996999057,0.3684736109615778
0.43153846153846154,825803,0.22586863937282864,0.9995444996999057,0.3684728830484853
0.43145888594164455,825807,0.2258675453223332,0.9995444996999057,0.3684714272309281
0.43142857142857144,825811,0.2258664512824363,0.9995444996999057,0.36846997142487453
0.4314285714285714,825813,0.22586590426646228,0.9995444996999057,0.36846924352616156
0.43141025641025643,825820,0.22586398973141847,0.9995444996999057,0.3684666959033136
0.4313636363636364,825822,0.2258634427273674,0.9995444996999057,0.36846596801754194
0.43125,825826,0.22586234872721372,0.9995444996999057,0.36846451225462595
0.4311111111111111,825831,0.2258609812419248,0.9995444996999057,0.36846269256715714
0.43110599078341016,825836,0.2258596137731947,0.9995444996999057,0.3684608728976615
0.430952380952381,825843,0.22585769934479072,0.9995444996999057,0.3684583253905621
0.4307692307692308,825844,0.22585742585766802,0.9995444996999057,0.3684579614638521
0.43075,825845,0.22585715237120768,0.9995444996999057,0.36845759753786106
0.4306896551724138,825846,0.22585687888540962,0.9995444996999057,0.3684572336125888
0.43064935064935067,825852,0.22585523798452992,0.9995444996999057,0.3684550500760524
0.4305555555555556,825854,0.22585469102286845,0.9995444996999057,0.3684543222362913
0.4305555555555555,825860,0.2258530501537791,0.9995444996999057,0.36845213873426125
0.4305194805194805,825864,0.22585195625429852,0.9995444996999057,0.3684506830806185
0.43034482758620696,825868,0.22585086236541432,0.9995444996999057,0.3684492274384775
0.4303448275862069,825872,0.22584976848712635,0.9995444996999057,0.3684477718078382
0.4303030303030303,825873,0.22584949501920998,0.9995444996999057,0.36844740790197544
0.43028846153846156,825881,0.22584730729971994,0.9995444996999057,0.3684444966809516
0.43025210084033616,825885,0.22584621345586856,0.9995444996999057,0.3684430410876915
0.43000000000000005,825908,0.22583992405933834,0.9995444996999057,0.3684346716496332
0.43,825975,0.22582160477012017,0.9995444996999057,0.36841029327966196
0.4299547511312217,825979,0.2258205111752236,0.9995444996999057,0.36840883795663976
0.42976190476190473,825987,0.22581832401720608,0.9995444996999057,0.36840592734508865
0.42971014492753623,825991,0.22581723045408486,0.9995444996999057,0.3684044720565594
0.4296774193548387,825992,0.22581695706495947,0.9995444996999057,0.36840410823622355
0.42935483870967744,825993,0.22581668367649604,0.9995444996999057,0.36840374441660634
0.4291666666666667,825996,0.22581586351507754,0.9995444996999057,0.3684026529620661
0.42909482758620693,826001,0.22581449659261912,0.9995444996999057,0.36840083388553724
0.42909090909090913,826005,0.2258134030665674,0.9995444996999057,0.3683993786372484
0.4290909090909091,826013,0.22581121604623655,0.9995444996999057,0.36839646817516125
0.42903225806451617,826017,0.22581012255195718,0.9995444996999057,0.36839501296136284
0.4288461538461539,826021,0.22580902906826825,0.9995444996999057,0.36839355775906085
0.42875,826025,0.22580793559516965,0.9995444996999057,0.3683921025682552
0.42872727272727273,826029,0.2258068421326612,0.9995444996999057,0.3683906473889459
0.4285714285714286,826036,0.22580492859875356,0.9995444996999057,0.368388100852817
0.42857142857142855,826045,0.22580246838852605,0.9995444996999057,0.3683848267866683
0.4283333333333334,826047,0.22580192168242244,0.9995444996999057,0.36838409922431625
0.42820512820512824,826048,0.22580164833036337,0.9995444996999057,0.368383735444218
0.4281818181818182,826049,0.22580137497896613,0.9995444996999057,0.3683833716648381
0.42812500000000003,826050,0.22580110162823075,0.9995444996999057,0.3683830078861767
0.42792207792207787,826051,0.22580082827815717,0.9995444996999057,0.36838264410823385
0.42790209790209793,826053,0.22580028157999546,0.9995444996999057,0.3683819165545034
0.4277777777777778,826291,0.22573524339488146,0.9995444996999057,0.36829535817490194
0.4275,826292,0.22573497020423772,0.9995444996999057,0.3682949945700464
0.4274747474747475,826296,0.2257338774482752,0.9995444996999057,0.3682935401578037
0.4273809523809524,826298,0.22573333107426136,0.9995444996999057,0.36829281295599003
0.4273291925465838,826309,0.22573032606446256,0.9995444996999057,0.3682888133973464
0.4273214285714285,826311,0.22572977970764035,0.9995444996999057,0.3682880862141988
0.4272727272727273,826316,0.22573083420870466,0.9995552173540255,0.36829021723248734
0.42714285714285716,826320,0.2257297415045019,0.9995552173540255,0.3682887628735705
0.4270114942528736,826322,0.2257291951563676,0.9995552173540255,0.3682880356984194
0.42697368421052634,826326,0.2257281024680332,0.9995552173540255,0.36828658135673203
0.42692307692307696,826329,0.22572728295872468,0.9995552173540255,0.36828549060800425
0.42678571428571427,826331,0.22572673662249146,0.9995552173540255,0.3682847634457751
0.4266666666666667,826334,0.22572591712310033,0.9995552173540255,0.3682836727078154
0.4265151515151515,826335,0.22572564395795894,0.9995552173540255,0.36828330912993124
0.4264705882352941,826339,0.22572455130400476,0.9995552173540255,0.3682818548255733
0.4263768115942029,826343,0.22572345866062882,0.9995552173540255,0.36828040053270095
0.42628571428571427,826351,0.22572127340561093,0.9995552173540255,0.36827749198141285
0.426218487394958,826353,0.2257207270984676,0.9995552173540255,0.36827676485076916
0.42621621621621625,826354,0.2257204539458876,0.9995552173540255,0.3682764012865241
0.42608695652173917,826358,0.22571936134217857,0.9995552173540255,0.3682749470367219
0.42606837606837605,826363,0.22571799560241684,0.9995552173540255,0.36827312924061995
0.4260416666666667,826364,0.22571772245644775,0.9995552173540255,0.36827276568355294
0.42598039215686273,826368,0.22571662987918215,0.9995552173540255,0.36827131146246306
0.42588888888888893,826370,0.22571608359451578,0.9995552173540255,0.3682705843562249
0.42578947368421055,826372,0.22571553731249364,0.9995552173540255,0.3682698572528579
0.4257142857142857,826380,0.22571335221084732,0.9995552173540255,0.36826694886810113
0.4254901960784314,826383,0.22571253280863715,0.9995552173540255,0.3682658582356605
0.42547619047619045,826384,0.22571225967588918,0.9995552173540255,0.36826549469294917
0.42523809523809525,826386,0.2257117134123763,0.9995552173540255,0.3682647676096798
0.42505494505494507,826390,0.22571062089328284,0.9995552173540255,0.3682633134517541
0.42500000000000004,826419,0.22570270044614174,0.9995552173540255,0.36825277115022603
0.425,826434,0.22569860388125368,0.9995552173540255,0.3682473184724819
0.4248717948717949,826438,0.2256975114890651,0.9995552173540255,0.3682458644523546
0.42478927203065137,826440,0.22569696529693625,0.9995552173540255,0.3682451374465968
0.42454954954954954,826442,0.22569641910745097,0.9995552173540255,0.3682444104437096
0.42444444444444446,826478,0.22568658814874684,0.9995552173540255,0.3682313248825865
0.4242857142857143,826487,0.22568413054288816,0.9995552173540255,0.36822805363761546
0.42428571428571427,826492,0.2256827652294275,0.9995552173540255,0.36822623630441226
0.42412280701754385,826496,0.2256816729905529,0.9995552173540255,0.3682247824507652
0.42404761904761906,826502,0.22568003465206377,0.9995552173540255,0.3682226016918202
0.42400000000000004,826507,0.22567866938816006,0.9995552173540255,0.36822078441243095
0.423963133640553,826511,0.22567757718893033,0.9995552173540255,0.3682193306018345
0.4238738738738739,826512,0.22567730414077472,0.9995552173540255,0.3682189671509791
0.4236607142857143,826516,0.2256762119547595,0.9995552173540255,0.3682175133547325
0.42363636363636364,826524,0.22567402761444313,0.9995552173540255,0.368214605796678
0.42337662337662335,826528,0.2256729354601417,0.9995552173540255,0.36821315203486993
0.42333333333333334,826538,0.2256702051206357,0.9995552173540255,0.3682095176805712
0.423109243697479,826540,0.22566965906066253,0.9995552173540255,0.36820879081832075
0.42307692307692313,826545,0.22566829392229099,0.9995552173540255,0.3682069736752494
0.4230769230769231,826549,0.22566720182348535,0.9995552173540255,0.36820551997370593
0.4230434782608696,826551,0.22566665577804637,0.9995552173540255,0.3682047931272387
0.42301075268817206,826553,0.2256661097352499,0.9995552173540255,0.36820406628364105
0.42280701754385963,826554,0.22566583671484258,0.9995552173540255,0.3682037028629182
0.4227272727272728,826562,0.22566365257536639,0.9995552173540255,0.36820079552296253
0.42270833333333335,826564,0.22566310654710342,0.9995552173540255,0.3682000686951475
0.4226190476190476,826570,0.22566146847816881,0.9995552173540255,0.36819788822891936
0.42250000000000004,826584,0.22565764640980226,0.9995552173540255,0.368192800574817
0.4223938223938224,826588,0.22565655441404908,0.9995552173540255,0.3681913469851835
0.42230769230769233,826592,0.22565546242886456,0.9995552173540255,0.36818989340702724
0.42228682170542636,826594,0.22565491644023547,0.9995552173540255,0.36818916662225304
0.4222222222222223,826598,0.22565382447090362,0.9995552173540255,0.3681877130613123
0.4222222222222222,826627,0.2256459080092956,0.9995552173540255,0.3681771750877141
0.42200000000000004,826644,0.2256412675831434,0.9995552173540255,0.36817099793536057
0.42196969696969694,826649,0.22563990278824508,0.9995552173540255,0.36816918116529174
0.42195121951219516,826653,0.2256388109642135,0.9995552173540255,0.3681677277621462
0.4219512195121951,826655,0.22563826505616005,0.9995552173540255,0.36816700106487654
0.42193236714975846,826657,0.22563771915074812,0.9995552173540255,0.36816627437047567
0.42172413793103447,826658,0.22563744619903273,0.9995552173540255,0.3681659110243509
0.4215384615384616,826673,0.22563335200254514,0.9995552173540255,0.3681604609185409
0.4214835164835165,826677,0.22563226024190827,0.9995552173540255,0.36815900758424336
0.42142857142857143,826731,0.225617522507321,0.9995552173540255,0.368139388694208
0.42137681159420287,826742,0.22561452061223453,0.9995552173540255,0.3681353925099916
0.42111111111111116,826748,0.2256128832485836,0.9995552173540255,0.3681332128097135
0.420989010989011,826752,0.2256117916860195,0.9995552173540255,0.36813175969053447
0.4209090909090909,826756,0.22561070013401777,0.9995552173540255,0.3681303065828271
0.4208333333333334,826758,0.22561015436197776,0.9995552173540255,0.3681295800332752
0.42083333333333334,826762,0.22560906282581927,0.9995552173540255,0.3681281269427751
0.4208333333333333,826767,0.22560769842047396,0.9995552173540255,0.36812631059578144
0.42071428571428576,826781,0.22560387817330102,0.9995552173540255,0.36812122491955207
0.4206896551724138,826785,0.22560278669787187,0.9995552173540255,0.3681197718950101
0.4204761904761905,826789,0.22560169523300383,0.9995552173540255,0.36811831888193863
0.4204545454545455,826799,0.22559896661703752,0.9995552173540255,0.36811468639944267
0.4204466501240695,826803,0.2255978751891321,0.9995552173540255,0.3681132334265169
0.42042735042735047,826807,0.22559678377178713,0.9995552173540255,0.3681117804650612
0.42034482758620695,826823,0.22559241820800824,0.9995552173540255,0.36810596873393453
0.42033333333333334,826825,0.22559187252441568,0.9995552173540255,0.3681052422804468
0.42010989010989014,826829,0.22559078116515022,0.9995552173540255,0.3681037893820731
0.42000000000000004,826914,0.22556759227682685,0.9995552173540255,0.3680729180027666
0.42,826972,0.22555177200679105,0.9995552173540255,0.3680518557982596
0.41999999999999993,826990,0.22554686271901717,0.9995552173540255,0.36804531974214627
0.41993243243243245,826994,0.22554577179520044,0.9995552173540255,0.3680438673167575
0.4198717948717949,827002,0.22554358997922616,0.9995552173540255,0.36804096250036994
0.41967741935483877,827011,0.22554113548671056,0.9995552173540255,0.3680376946367422
0.4196356275303644,827013,0.2255405900511842,0.9995552173540255,0.36803696845270567
0.41958041958041964,827017,0.22553949918804572,0.9995552173540255,0.3680355160932297
0.41944444444444445,827030,0.22553595395572107,0.9995552173540255,0.3680307960040961
0.41935483870967744,827032,0.22553782683136808,0.9995659350081454,0.3680340160214672
0.4193333333333333,827038,0.22553619059825547,0.9995659350081454,0.3680318375448628
0.41932773109243704,827039,0.22553591789504485,0.9995659350081454,0.36803147446793605
0.41919191919191917,827040,0.22553564519249372,0.9995659350081454,0.36803111139172573
0.4190909090909091,827044,0.22553455438888378,0.9995659350081454,0.36802965909404806
0.41904761904761906,827054,0.22553182742602054,0.9995659350081454,0.3680260283999992
0.4188888888888889,827056,0.22553128204136116,0.9995659350081454,0.36802530226978564
0.4188636363636364,827058,0.22553073665933948,0.9995659350081454,0.3680245761424374
0.41875,827109,0.22551683030894357,0.9995659350081454,0.3680060608631403
0.41874999999999996,827111,0.22551628499681423,0.9995659350081454,0.3680053348117181
0.4185714285714286,827114,0.2255154670335649,0.9995659350081454,0.3680042457399563
0.4185344827586207,827116,0.22551492172802848,0.9995659350081454,0.3680035196956962
0.4184803001876173,827120,0.225513831124867,0.9995659350081454,0.3680020676157707
0.41846153846153844,827122,0.22551328582724192,0.9995659350081454,0.3680013415801051
0.4183333333333334,827123,0.2255130131794183,0.9995659350081454,0.3680009785633467
0.41833333333333333,827129,0.225511377306321,0.9995659350081454,0.36799880047783595
0.41826388888888894,827133,0.22551028673744125,0.9995659350081454,0.3679973484351525
0.4182488479262673,827137,0.2255091961791094,0.9995659350081454,0.36799589640392805
0.41810810810810817,827142,0.22550783299602728,0.9995659350081454,0.36799408138101103
0.41801075268817206,827144,0.22550728772740902,0.9995659350081454,0.36799335537685746
0.4179487179487179,827148,0.22550619719808304,0.9995659350081454,0.36799190337714405
0.4178571428571429,827152,0.2255051066793044,0.9995659350081454,0.3679904513888889
0.4178053830227743,827154,0.2255045614238703,0.9995659350081454,0.36798972539905817
0.41771241830065364,827155,0.22550428879714202,0.9995659350081454,0.36798936240521707
0.41770833333333335,827159,0.2255031982968208,0.9995659350081454,0.3679879104370136
0.4176767676767677,827164,0.22550183518625086,0.9995659350081454,0.3679860954928722
0.4176470588235294,827174,0.22550152688551622,0.9995766526622653,0.36798641127974263
0.41755555555555557,827175,0.22550125426904827,0.9995766526622653,0.36798604829633164
0.4175,827177,0.2255007090380898,0.9995766526622653,0.3679853223316581
0.4174603174603175,827179,0.2255001638097679,0.9995766526622653,0.3679845963698489
0.4174242424242424,827186,0.22549825553140407,0.9995766526622653,0.3679820555260733
0.4173076923076923,827190,0.2254971651011255,0.9995766526622653,0.3679806036310981
0.4172222222222222,827192,0.2254966198899409,0.9995766526622653,0.36797987768790685
0.41715686274509806,827194,0.22549607468139277,0.9995766526622653,0.3679791517475799
0.41714285714285715,827201,0.22549416647223589,0.9995766526622653,0.3679766109789911
0.4168896321070234,827203,0.22549362127555148,0.9995766526622653,0.36797588505155304
0.4166666666666667,827281,0.22547236066100879,0.9995766526622653,0.36794757611533413
0.41666666666666663,827288,0.2254704528531781,0.9995766526622653,0.3679450357827628
0.41644144144144146,827290,0.2254699077711564,0.9995766526622653,0.36794430997989935
0.4163636363636364,827349,0.22545382903708108,0.9995766526622653,0.3679229000835341
0.41634615384615387,827358,0.2254513765504171,0.9995766526622653,0.3679196343861629
0.4162280701754386,827359,0.22545110405519247,0.9995766526622653,0.36791927153447795
0.4161442006269593,827365,0.22544946909767757,0.9995766526622653,0.36791709443939835
0.41611111111111115,827369,0.2254483791391749,0.9995766526622653,0.36791564305699237
0.4160714285714286,827373,0.2254472891912112,0.9995766526622653,0.3679141916860375
0.416025641025641,827374,0.225447016705867,0.9995766526622653,0.367913828845088
0.41584615384615387,827376,0.22544647173715457,0.9995766526622653,0.36791310316533593
0.41578947368421054,827383,0.2254469816276138,0.9995873703163851,0.36791450811693593
0.41555555555555557,827384,0.22544670914593465,0.9995873703163851,0.36791414527925265
0.41547619047619044,827386,0.22544616418455232,0.9995873703163851,0.3679134196060332
0.41538461538461546,827388,0.22544561922580458,0.9995873703163851,0.3679126939356763
0.4153846153846154,827394,0.22544398436536886,0.9995873703163851,0.3679105169417812
0.41534482758620694,827398,0.22544289447158442,0.9995873703163851,0.3679090656268306
0.4152941176470588,827402,0.22544180458833796,0.9995873703163851,0.3679076143233302
0.4150793650793651,827406,0.22544071471562932,0.9995873703163851,0.36790616303127965
0.41500000000000004,827421,0.22543662778682194,0.9995873703163851,0.3679007207880643
0.41497584541062804,827425,0.22543553796416593,0.9995873703163851,0.36789926955039925
0.414957264957265,827427,0.2254349930567893,0.9995873703163851,0.3678985439358602
0.41494949494949496,827429,0.22543444815204688,0.9995873703163851,0.36789781832418345
0.41491228070175434,827432,0.2254336307998724,0.9995873703163851,0.3678967299120351
0.41488372093023257,827436,0.22543254100619262,0.9995873703163851,0.367895278705855
0.4147727272727273,827439,0.22543172366784742,0.9995873703163851,0.3678941903087332
0.41467741935483876,827443,0.2254306338926065,0.9995873703163851,0.3678927391225886
0.41464285714285715,827445,0.22543008900893716,0.9995873703163851,0.3678920135338094
0.41444444444444445,827449,0.22542899924950058,0.9995873703163851,0.36789056236483747
0.4142857142857143,827455,0.22542736463010074,0.9995873703163851,0.36788838563284526
0.41428571428571426,827628,0.22538024329771347,0.9995873703163851,0.3678256342705248
0.41415584415584417,827632,0.22537915402014422,0.9995873703163851,0.3678241836251775
0.41411764705882353,827636,0.225378064753104,0.9995873703163851,0.36782273299127227
0.4138888888888889,827638,0.22537752012353227,0.9995873703163851,0.36782200767861056
0.41384615384615386,827645,0.2253756139407596,0.9995873703163851,0.36781946910682045
0.4136363636363637,827649,0.22537452470793778,0.9995873703163851,0.36781801851010154
0.41363636363636364,827669,0.22537391155159853,0.9996088056246248,0.3678186530898364
0.41358695652173916,827674,0.22537255006198093,0.9996088056246248,0.36781683989265307
0.4135864135864136,827680,0.2253709162961531,0.9996088056246248,0.36781466407963026
0.4135467980295567,827681,0.22537064400415135,0.9996088056246248,0.3678143014466291
0.41333333333333333,827729,0.22535757476178797,0.9996088056246248,0.36779689590343245
0.41328165374677006,827733,0.22535648572667757,0.9996088056246248,0.3677954455158571
0.4132692307692308,827735,0.2253559412130694,0.9996088056246248,0.367794720326359
0.4132142857142857,827739,0.22535485219374707,0.9996088056246248,0.367793269955942
0.4131016042780749,827743,0.22535376318494993,0.9996088056246248,0.367791819596964
0.41304347826086957,827756,0.22535505632094482,0.9996302409328646,0.3677949927245052
0.4130434782608695,827758,0.22535451182592015,0.9996302409328646,0.36779426755234307
0.413031914893617,827759,0.2253542395793945,0.9996302409328646,0.36779390496733433
0.4127536231884058,827760,0.22535396733352664,0.9996302409328646,0.36779354238304046
0.4127272727272728,827762,0.22535342284376428,0.9996302409328646,0.36779281721659746
0.41250000000000003,827809,0.22534787614051066,0.9996623938952243,0.36778760608309996
0.4125,827814,0.22534651503840233,0.9996623938952243,0.36778579328918337
0.41243243243243244,827818,0.22534542616855396,0.9996623938952243,0.3677843430669167
0.41236559139784945,827822,0.22534433730922832,0.9996623938952243,0.3677828928560867
0.4123076923076923,827830,0.22534215962214466,0.9996623938952243,0.3677799924687364
0.41228571428571426,827834,0.2253410707943863,0.9996623938952243,0.3677785422922158
0.4121794871794872,827838,0.2253399819771501,0.9996623938952243,0.36777709212713144
0.41212121212121217,827844,0.2253383487710245,0.9996623938952243,0.3677749169009475
0.41200000000000003,827870,0.22533368765627454,0.9996731115493441,0.36776943413262786
0.411954261954262,827873,0.22533287110462596,0.9996731115493441,0.36776834657327245
0.4119047619047619,827876,0.2253320545588953,0.9996731115493441,0.36776725902034924
0.41175824175824177,827878,0.22533151019836256,0.9996731115493441,0.36776653398864056
0.4117496229260935,827880,0.22533096584045997,0.9996731115493441,0.36776580895979055
0.4116666666666667,827882,0.2253304214851875,0.9996731115493441,0.3677650839337992
0.41157894736842104,827884,0.22532987713254513,0.9996731115493441,0.3677643589106666
0.4115384615384616,827908,0.2253257608333293,0.999683829203464,0.3677596016228428
0.4115384615384615,827909,0.22532548867085633,0.999683829203464,0.36775923912561354
0.41150000000000003,827911,0.2253249443478828,0.999683829203464,0.36775851413329863
0.4114583333333333,827916,0.22532358355195456,0.999683829203464,0.36775670166501734
0.411244019138756,827920,0.2253224949270461,0.999683829203464,0.3677552517032551
0.41111111111111115,827938,0.22531759624512945,0.999683829203464,0.3677487270168134
0.4111111111111111,827942,0.22531650767807407,0.999683829203464,0.3677472771179341
0.4110344827586207,827952,0.22531378630645255,0.999683829203464,0.36774365242075385
0.4107692307692308,827987,0.22530426202343756,0.999683829203464,0.3677309665433005
0.41071428571428575,828003,0.22529990833366545,0.999683829203464,0.36772516757653917
0.4107142857142857,828007,0.2252988199375126,0.999683829203464,0.36772371786342606
0.4106060606060606,828017,0.2252960989931366,0.999683829203464,0.3677200936306517
0.4105042016806723,828018,0.22529582690231373,0.999683829203464,0.36771973121130347
0.41034482758620694,828051,0.2252916788941744,0.9997052645117037,0.3677156561958254
0.41028846153846155,828053,0.22529113474620585,0.9997052645117037,0.36771493139087835
0.41000000000000003,828310,0.22522364815105456,0.9997159821658236,0.36762575892830746
0.41,828312,0.225223104337496,0.9997159821658236,0.3676250344854767
0.40980392156862744,828316,0.22522201671825728,0.9997159821658236,0.36762358560838054
0.4097402597402598,828320,0.22522092910952288,0.9997159821658236,0.3676221367427049
0.4097402597402597,828324,0.22521984151129268,0.9997159821658236,0.3676206878884497
0.4096825396825397,828328,0.22521875392356652,0.9997159821658236,0.3676192390456147
0.40967741935483876,828346,0.22521385990878207,0.9997159821658236,0.36761271939417944
0.40952380952380957,828347,0.22521358802530825,0.9997159821658236,0.3676123571981024
0.40942028985507245,828353,0.22521195673825048,0.9997159821658236,0.367610184036628
0.40937500000000004,828361,0.2252097817256003,0.9997159821658236,0.3676072865279629
0.4091473743647656,828364,0.2252089661066874,0.9997159821658236,0.36760619997398947
0.4090909090909091,828384,0.22520594313748213,0.9997266998199434,0.3676028973627378
0.40909090909090906,828388,0.2252048556956402,0.9997266998199434,0.3676014486756598
0.4088888888888889,828427,0.22519425368801355,0.9997266998199434,0.36758732457501464
0.40882352941176475,828437,0.22519153538530992,0.9997266998199434,0.367583703185573
0.4088235294117647,828445,0.22518936079039648,0.9997266998199434,0.36758080612539445
0.4086178861788618,828447,0.22518881714823036,0.9997266998199434,0.367580081867485
0.4086038961038961,828451,0.22518772987177274,0.9997266998199434,0.3675786333602283
0.4085714285714286,828474,0.2251838923128547,0.9997374174740633,0.36757424523339
0.4085167464114833,828482,0.2251817178888618,0.9997374174740633,0.3675713483533479
0.40849802371541505,828486,0.2251806306926128,0.9997374174740633,0.3675698999304498
0.4083333333333334,828492,0.22517899991792317,0.9997374174740633,0.3675677273175057
0.4083333333333333,828716,0.22511813455996987,0.9997374174740633,0.36748663480819915
0.40810810810810816,828721,0.22511677633365149,0.9997374174740633,0.3674848251157999
0.4080808080808081,828723,0.22511623304771317,0.9997374174740633,0.36748410124383085
0.4079545454545455,828727,0.22511514648370332,0.9997374174740633,0.367482653508448
0.4078947368421053,828729,0.22511460320563176,0.9997374174740633,0.3674819296450341
0.40772727272727277,828731,0.2251140599301824,0.9997374174740633,0.367481205784472
0.4076923076923077,828733,0.22511351665735527,0.9997374174740633,0.3674804819267615
0.4075757575757576,828737,0.2251124301195675,0.9997374174740633,0.36747903421989575
0.40750000000000003,828749,0.22510917056913493,0.9997374174740633,0.36747469116773707
0.4075,828751,0.2251086273199067,0.9997374174740633,0.3674739673356911
0.4074545454545455,828767,0.22510428142047162,0.9997374174740633,0.3674681767819771
0.4073333333333333,828781,0.22510047889611368,0.9997374174740633,0.36746311019717565
0.4072727272727273,828803,0.22509450376024218,0.9997374174740633,0.36745514870333296
0.4071428571428572,828804,0.22509423217069416,0.9997374174740633,0.3674547868254462
0.40714285714285714,828808,0.2250931458190558,0.9997374174740633,0.36745333932102703
0.40699300699300706,828817,0.22509070156620822,0.9997374174740633,0.36745008247778027
0.40681818181818186,828821,0.22508961524864837,0.9997374174740633,0.36744863501042413
0.4066666666666667,828833,0.2250863563588805,0.9997374174740633,0.36744429267677786
0.40656565656565663,828837,0.22508527008326124,0.9997374174740633,0.36744284525503595
0.40647058823529414,828845,0.22508309756347689,0.9997374174740633,0.3674399504457616
0.4064102564102564,828852,0.22508119664306775,0.9997374174740633,0.36743741752506254
0.40636363636363637,828860,0.2250790242019159,0.9997374174740633,0.36743452280130934
0.4062857142857143,828862,0.2250784810981804,0.9997374174740633,0.36743379912749763
0.40616883116883123,828866,0.22507739489857226,0.9997374174740633,0.36743235178842587
0.40608695652173915,828884,0.22507250713006888,0.9997374174740633,0.36742583890370384
0.40602150537634407,828886,0.22507196405778357,0.9997374174740633,0.36742511526409805
0.40599999999999997,828892,0.225070334856652,0.9997374174740633,0.36742294436238304
0.4057993730407524,828898,0.22506870567910647,0.9997374174740633,0.3674207734863211
0.4057971014492754,828901,0.2250678910991783,0.9997374174740633,0.36741968805790987
0.40571428571428575,828906,0.22506653347906758,0.9997374174740633,0.3674178790248091
0.4057142857142857,828912,0.22506490435655413,0.9997374174740633,0.3674157082086025
0.40555555555555556,828923,0.2250619176931995,0.9997374174740633,0.36741172844551273
0.4055555555555555,828937,0.2250581165999346,0.9997374174740633,0.36740666341717987
0.40550724637681157,828941,0.22505703059687,0.9997374174740633,0.3674052162918776
0.4053571428571429,828943,0.225056487599268,0.9997374174740633,0.3674044927335013
0.40522727272727277,828945,0.22505594460428618,0.9997374174740633,0.36740376917797496
0.40513196480938424,828947,0.22505540161192453,0.9997374174740633,0.3674030456252985
0.405,828968,0.2250497003503151,0.9997374174740633,0.36739544849425354
0.4048571428571429,828972,0.22504861442847285,0.9997374174740633,0.36739400145729534
0.4048295454545455,828976,0.22504752851711027,0.9997374174740633,0.36739255443173585
0.40476190476190477,828978,0.2250469855653588,0.9997374174740633,0.3673918309232305
0.4047619047619047,828982,0.2250458996697154,0.9997374174740633,0.36739038391476875
0.40472727272727277,828986,0.22504481378455124,0.9997374174740633,0.3673889369177053
0.4046583850931677,828987,0.22504454231489757,0.9997374174740633,0.36738857517022044
0.40464285714285714,828989,0.22504399937755507,0.9997374174740633,0.36738785167738774
0.4046153846153846,828991,0.2250434564428323,0.9997374174740633,0.36738712818740465
0.4045454545454546,828995,0.22504237058124596,0.9997374174740633,0.3673856812159869
0.40439560439560446,828998,0.22504155619193292,0.9997374174740633,0.36738459599490353
0.4043243243243243,829008,0.22503884160345858,0.9997374174740633,0.3673809786375953
0.40428571428571425,829009,0.2250385701482131,0.9997374174740633,0.36738061690578244
0.4042657342657343,829011,0.2250380272396868,0.9997374174740633,0.3673798934442936
0.4041666666666667,829016,0.22503666997983152,0.9997374174740633,0.36737808480303735
0.40404040404040403,829020,0.225035584183735,0.9997374174740633,0.36737663790285424
0.40402597402597407,829024,0.22503449839811634,0.9997374174740633,0.36737519101406807
0.4040229885057471,829034,0.22503178397990914,0.9997374174740633,0.367371573841964
0.404,829051,0.22502716961923935,0.9997374174740633,0.3673654248128555
0.40396825396825403,829053,0.22502662676571944,0.9997374174740633,0.3673647014111992
0.40384615384615385,829135,0.22500437202626833,0.9997374174740633,0.3673350443960726
0.4038383838383839,829139,0.2250032865418223,0.9997374174740633,0.367333597834894
0.40382352941176475,829141,0.22500274380352678,0.9997374174740633,0.36733287455857694
0.4038194444444445,829143,0.22500220106784957,0.9997374174740633,0.3673321512851083
0.40371621621621623,829147,0.22500111560435002,0.9997374174740633,0.3673307047467155
0.4036842105263158,829151,0.22500003015132347,0.9997374174740633,0.3673292582197155
0.4036134453781513,829152,0.2249997587897032,0.9997374174740633,0.3673288965897456
0.40357142857142864,829159,0.22499785927668878,0.9997374174740633,0.3673263651998933
0.40341614906832296,829163,0.22499677385508035,0.9997374174740633,0.36732491870707074
0.4033333333333333,829178,0.22499270361731738,0.9997374174740633,0.36731949446044737
0.4032019704433498,829188,0.22498999020728713,0.9997374174740633,0.3673158783850301
0.4030769230769231,829212,0.22498347829023216,0.9997374174740633,0.3673072000945049
0.4030721003134797,829218,0.22498185036986654,0.9997374174740633,0.3673050305859468
0.40303030303030307,829222,0.22498076510271073,0.9997374174740633,0.367303584261146
0.4028828828828829,829226,0.2249796798460251,0.9997374174740633,0.36730213794773553
0.4028571428571429,829228,0.22497913722160853,0.9997374174740633,0.36730141479530165
0.4026881720430107,829235,0.22497723805676317,0.9997374174740633,0.3672988837842068
0.4026525198938993,829236,0.22497696675011697,0.9997374174740633,0.3672985222140407
0.4025974025974026,829240,0.22497588153007572,0.9997374174740633,0.36729707594049504
0.40253456221198164,829248,0.22497371112140155,0.9997374174740633,0.3672941834275724
0.4024561403508772,829256,0.22497154075460413,0.9997374174740633,0.36729129096020724
0.40243243243243243,829258,0.22497099816944788,0.9997374174740633,0.3672905678504842
0.4024046920821115,829264,0.22496937042968224,0.9997374174740633,0.3672883985383985
0.40230769230769237,829268,0.22496828528292423,0.9997374174740633,0.36728695234457753
0.4022222222222222,829280,0.22496502990546016,0.9997374174740633,0.367282613831446
0.4021739130434782,829283,0.2249642160758149,0.9997374174740633,0.36728152921917806
0.40214285714285714,829288,0.22496285970615756,0.9997374174740633,0.36727972154629995
0.4020833333333333,829294,0.22496123208415833,0.9997374174740633,0.3672775523623341
0.40205128205128204,829296,0.22496068954872567,0.9997374174740633,0.36727682930670613
0.401948051948052,829300,0.22495960448571084,0.9997374174740633,0.3672753832039909
0.4017857142857143,829304,0.22495851943316322,0.9997374174740633,0.36727393711266326
0.40178571428571425,829308,0.22495743439108268,0.9997374174740633,0.3672724910327232
0.40168067226890763,829309,0.22495716313219802,0.9997374174740633,0.3672721295145175
0.40157894736842104,829315,0.22495553559262765,0.9997374174740633,0.3672699604202287
0.4015151515151515,829316,0.2249552643383222,0.9997374174740633,0.36726959890700484
0.40142857142857147,829320,0.22495417932764192,0.9997374174740633,0.36726815286122644
0.4014285714285714,829328,0.22495200933768064,0.9997374174740633,0.3672652608038302
0.40139860139860145,829332,0.22495092435839928,0.9997374174740633,0.36726381479221215
0.40119047619047626,829333,0.22495065311521428,0.9997374174740633,0.3672634532910868
0.4010344827586207,829335,0.2249501106308066,0.9997374174740633,0.36726273029097106
0.4009803921568627,829353,0.22494522838887662,0.9997374174740633,0.36725622341802494
0.40096525096525104,829354,0.2249449571594277,0.9997374174740633,0.3672558619318439
0.40076923076923077,829359,0.2249436010219941,0.9997374174740633,0.367254054511613
0.4006896551724138,829375,0.22493926149208743,0.9997374174740633,0.3672482708864223
0.40064935064935064,829379,0.22493817663577206,0.9997374174740633,0.36724682500858774
0.40062200956937805,829381,0.22493763421153848,0.9997374174740633,0.36724610207393976
0.40054945054945057,829383,0.22493709178992094,0.9997374174740633,0.3672453791421381
0.40054347826086956,829389,0.22493546454076435,0.9997374174740633,0.3672432103638102
0.40051378446115293,829391,0.22493492212961078,0.9997374174740633,0.36724248744339316
0.40047619047619043,829393,0.22493437972107314,0.9997374174740633,0.36724176452582236
0.4002197802197802,829399,0.22493275251115566,0.9997374174740633,0.3672395957901865
0.4001742160278746,829400,0.22493248131179167,0.9997374174740633,0.3672392343367375
0.4,830019,0.2248225643027449,0.99999464117294,0.3671100610154953
0.39999999999999997,830043,0.22481606374609509,0.99999464117294,0.36710139467722946
0.3997101449275362,830053,0.22481335529177052,0.99999464117294,0.3670977838237131
0.3996031746031746,830056,0.22481254276819876,0.99999464117294,0.3670967005815097
0.3995798319327731,830058,0.22481200108908053,0.99999464117294,0.36709597842359243
0.3995495495495495,830061,0.22481118857529747,0.99999464117294,0.3670948951920438
0.3995,830064,0.22481037606738757,0.99999464117294,0.36709381196688806
0.39942424242424246,830066,0.22480983439871047,0.99999464117294,0.3670930898203357
0.39939935064935067,830068,0.22480929273264358,0.99999464117294,0.36709236767662456
0.3993548387096774,830080,0.2248060427910563,0.99999464117294,0.3670880348740223
0.39926108374384234,830081,0.22480577196683216,0.99999464117294,0.3670876738117556
0.39916666666666667,830085,0.22480468867646083,0.99999464117294,0.3670862295697914
0.3991228070175438,830092,0.22480279294343278,0.99999464117294,0.36708370217369923
0.39903846153846156,830096,0.22480170968177174,0.99999464117294,0.36708225796298627
0.39903225806451614,830102,0.22480008480885483,0.99999464117294,0.367080091668224
0.3988888888888889,830106,0.22479900157329305,0.99999464117294,0.3670786474859203
0.39875,830121,0.22479493953291146,0.99999464117294,0.36707323190348656
0.3987179487179487,830125,0.2247938563469357,0.99999464117294,0.36707178777515825
0.3986813186813187,830129,0.22479277317139867,0.99999464117294,0.36707034365819285
0.39861111111111114,830136,0.22479087763932656,0.99999464117294,0.36706781648084474
0.3985714285714286,830147,0.22478789901065716,0.99999464117294,0.36706384527245994
0.3983333333333334,830150,0.22478708667108355,0.99999464117294,0.3670627622305406
0.3983333333333333,830155,0.22478573278484137,0.99999464117294,0.3670609571748775
0.39821428571428574,830159,0.22478464968758996,0.99999464117294,0.3670595131431292
0.3982051282051282,830167,0.2247824835243993,0.99999464117294,0.3670566251137174
0.3981905594405594,830171,0.22478140045845976,0.99999464117294,0.36705518111605373
0.3981818181818182,830174,0.2247805881658544,0.99999464117294,0.36705409812526185
0.3980769230769231,830178,0.22477950511817948,0.99999464117294,0.3670526541474804
0.397979797979798,830180,0.2247789635982558,0.99999464117294,0.3670519321628501
0.39796747967479673,830181,0.2247786928392724,0.99999464117294,0.36705157117160003
0.39784482758620693,830193,0.2247754437823494,0.99999464117294,0.36704723933198335
0.3977011494252874,830195,0.22477490228199398,0.99999464117294,0.3670465173686545
0.3976470588235294,830204,0.224772465562681,0.99999464117294,0.367043268568821
0.39761904761904765,830206,0.22477192407667496,0.99999464117294,0.36704254662111263
0.3976190476190476,830230,0.2247654264480927,0.99999464117294,0.36703388347013
0.3975,830244,0.2247616363382331,0.99999464117294,0.3670288301542407
0.39746031746031746,830248,0.2247605534731791,0.99999464117294,0.36702738637525867
0.3973809523809524,830252,0.2247594706185592,0.99999464117294,0.36702594260763527
0.39732919254658383,830256,0.2247583877743732,0.99999464117294,0.3670244988513705
0.3972727272727273,830263,0.22475649282215393,0.99999464117294,0.36702197230523825
0.3972222222222222,830265,0.22475595141310303,0.99999464117294,0.3670212504413038
0.39717741935483875,830272,0.22475405650196562,0.99999464117294,0.3670187239398946
0.39714285714285713,830289,0.22474945470793906,0.99999464117294,0.36701258829556976
0.3970114942528736,830290,0.22474918402004118,0.99999464117294,0.36701222738170397
0.3969696969696969,830314,0.22474268770609673,0.99999464117294,0.36700356566186987
0.39687500000000003,830319,0.22474133435462756,0.99999464117294,0.36700176118836453
0.396875,830323,0.22474025168518758,0.99999464117294,0.3670003176223362
0.3967441860465116,830325,0.2247397103543793,0.99999464117294,0.3669995958435807
0.39666666666666667,830343,0.2247348384944535,0.99999464117294,0.36699309996253504
0.3965909090909091,830346,0.22473402653833463,0.99999464117294,0.36699201733805076
0.3964976958525346,830348,0.22473348523751488,0.99999464117294,0.36699129559194305
0.39647058823529413,830349,0.22473321458808285,0.99999464117294,0.36699093471995375
0.39637681159420285,830384,0.22472374226863717,0.99999464117294,0.36697830464743086
0.3963440860215054,830388,0.22472265976868644,0.99999464117294,0.3669768612659244
0.39632352941176474,830389,0.22472238914532827,0.99999464117294,0.36697650042232177
0.3961038961038961,830393,0.22472130665841356,0.99999464117294,0.3669750570550078
0.39610389610389607,830403,0.2247186004867516,0.99999464117294,0.36697144868639575
0.39608695652173914,830409,0.22471697681503933,0.99999464117294,0.3669692836992892
0.39608636977058026,830411,0.22471643559634927,0.99999464117294,0.36696856204259704
0.3960416666666667,830413,0.2247158943802662,0.99999464117294,0.36696784038874325
0.39589285714285716,830415,0.2247153531667901,0.99999464117294,0.36696711873772764
0.39583333333333337,830416,0.22471508256102965,0.99999464117294,0.3669667579132842
0.3958333333333333,830432,0.22471075295749682,0.99999464117294,0.3669609848186895
0.39582417582417584,830434,0.22471021176878597,0.99999464117294,0.36696026319463704
0.3957894736842105,830457,0.22470398828596785,0.99999464117294,0.36695196472201874
0.3957142857142857,830464,0.22470209425092477,0.99999464117294,0.36694943917441436
0.3956081081081081,830468,0.2247010119595216,0.99999464117294,0.36694799601996314
0.3954545454545455,830716,0.2246339302481233,0.99999464117294,0.3668585426078614
0.39545454545454545,830718,0.22463338942938518,0.99999464117294,0.36685782138665485
0.3954545454545454,830728,0.22463068537475564,0.99999464117294,0.36685421532315776
0.3953947368421053,830729,0.22463041497287323,0.99999464117294,0.36685385472070714
0.3953333333333333,830776,0.22461770681868518,0.99999464117294,0.3668369072051458
0.39529411764705885,830778,0.22461716607806176,0.99999464117294,0.36683618606900426
0.3952380952380953,830782,0.2246160846046255,0.99999464117294,0.36683474380522707
0.395,830807,0.2246093256315847,0.99999464117294,0.3668257299135554
0.39487179487179486,830845,0.22459905277157594,0.99999464117294,0.3668120296465783
0.3947715053763441,830849,0.22459797147255398,0.99999464117294,0.3668105875727426
0.39463414634146343,830853,0.2245968901839435,0.99999464117294,0.36680914551024557
0.39461538461538465,830859,0.2245952682705489,0.99999464117294,0.36680698243775967
0.3945054945054945,830861,0.2245947276379563,0.99999464117294,0.3668062614192668
0.3944444444444445,830871,0.22459202451403407,0.99999464117294,0.36680265636932063
0.39444444444444443,830897,0.2245849966963414,0.99999464117294,0.36679328357108804
0.3942857142857143,830920,0.2245787801473066,0.99999464117294,0.3667849926488509
0.39428571428571424,830924,0.2245776990434745,0.99999464117294,0.3667835507875919
0.3941025641025641,830925,0.22457742876914283,0.99999464117294,0.3667831903240485
0.39404761904761904,830957,0.22456878033400043,0.99999464117294,0.36677165586473587
0.394,830966,0.22456634808163028,0.99999464117294,0.36676841192876386
0.393939393939394,830968,0.2245658075882585,0.99999464117294,0.3667676910618961
0.3938888888888889,830972,0.22456472660932017,0.99999464117294,0.36676624933666147
0.39381818181818184,830976,0.22456364564078865,0.99999464117294,0.36676480762276137
0.3936842105263158,830977,0.22456337540028184,0.99999464117294,0.36676444719605733
0.3936781609195402,830988,0.22456040279763367,0.99999464117294,0.3667604825490666
0.3936363636363636,831026,0.2245501344121604,0.99999464117294,0.36674678715530334
0.39353846153846156,831032,0.22454851317398128,0.99999464117294,0.36674462481820685
0.3933766233766234,831036,0.22454743236153427,0.99999464117294,0.3667431832743081
0.3933566433566434,831040,0.2245463515594917,0.99999464117294,0.36674174174174173
0.39333333333333337,831044,0.22454527076785344,0.99999464117294,0.3667403002205076
0.3933333333333333,831083,0.22453473359459886,0.99999464117294,0.3667262459823267
0.3930769230769231,831104,0.22452906014169105,0.99999464117294,0.3667186787617715
0.39307692307692305,831112,0.2245268989017124,0.99999464117294,0.366715796093228
0.39304347826086955,831160,0.22451393233553107,0.99999464117294,0.3666985010336344
0.39301075268817204,831180,0.22450853004162757,0.99999464117294,0.36669129524026617
0.39292929292929296,831182,0.2245079898265362,0.99999464117294,0.366690574676505
0.3928571428571429,831270,0.22448422293598952,0.99999464117294,0.3666588726743284
0.39285714285714285,831278,0.22448206255909575,0.99999464117294,0.36665599094594087
0.39275362318840584,831282,0.22448098238624198,0.99999464117294,0.36665455009873366
0.3927536231884058,831286,0.2244799022237834,0.99999464117294,0.36665310926285055
0.39272727272727276,831336,0.22446640107008478,0.99999464117294,0.3666350997697319
0.3927083333333333,831351,0.2244623510406555,0.99999464117294,0.3666296972667858
0.3926495726495727,831356,0.22446100106332306,0.99999464117294,0.36662789646785154
0.39261904761904765,831358,0.22446046107693676,0.99999464117294,0.36662717615323104
0.39253246753246757,831364,0.22445884113336637,0.99999464117294,0.366625015226352
0.39252747252747255,831368,0.22445776118397628,0.99999464117294,0.3666235746225844
0.3925,831404,0.22444804210708633,0.99999464117294,0.3666106096981175
0.3924317617866005,831408,0.22444696226160923,0.99999464117294,0.36660916920755665
0.3924242424242424,831417,0.22444453264727568,0.99999464117294,0.3666059281451831
0.39236363636363636,831423,0.22444291293360902,0.99999464117294,0.3666037674687706
0.39230769230769236,831439,0.2244385938114522,0.99999464117294,0.3665980057895166
0.3922527472527473,831440,0.22443832387183682,0.99999464117294,0.3665976456905765
0.3922222222222222,831445,0.2244369741834998,0.99999464117294,0.3665958452064873
0.39215686274509803,831464,0.22443184551586118,0.99999464117294,0.36658900352823764
0.3921428571428572,831470,0.22443022598530313,0.99999464117294,0.3665868430513182
0.392,831525,0.22441538137758937,0.99999464117294,0.36656703986610784
0.39190476190476187,831528,0.22441457172819196,0.99999464117294,0.3665659597539032
0.39188328912466847,831534,0.22441295244692339,0.99999464117294,0.36656379954858953
0.3916666666666667,831536,0.22441241269169346,0.99999464117294,0.36656307948580946
0.39166666666666666,831542,0.22441079344158202,0.99999464117294,0.3665609193144428
0.3916666666666666,831543,0.22441052356883529,0.99999464117294,0.366560559288357
0.39155844155844155,831549,0.22440890434598562,0.99999464117294,0.36655839914669347
0.39153846153846156,831616,0.2243908246113591,0.99999464117294,0.3665342792941435
0.39144144144144144,831620,0.22438974531637046,0.99999464117294,0.3665328394033556
0.39142857142857146,831630,0.22438704712432211,0.99999464117294,0.3665292397258794
0.3914285714285714,831643,0.22438353957166718,0.99999464117294,0.3665245602508615
0.3912280701754386,831645,0.22438299995791475,0.99999464117294,0.36652384034223323
0.39111111111111113,831689,0.22437112911196372,0.99999464117294,0.3665080030678672
0.39107142857142857,831690,0.22437085933460785,0.99999464117294,0.36650764314571965
0.39102564102564097,831697,0.22436897091128138,0.99999464117294,0.36650512371047966
0.390990990990991,831698,0.2243687011391154,0.99999464117294,0.3665047637939872
0.3909150326797386,831700,0.2243681615967296,0.99999464117294,0.36650404396312314
0.3909090909090909,831704,0.2243670825197426,0.99999464117294,0.36650260430987747
0.39083333333333337,831708,0.22436600345313498,0.99999464117294,0.3665011646679419
0.3907792207792208,831713,0.22436465463447128,0.99999464117294,0.36649936513142717
0.39071428571428574,831790,0.2243438848747881,0.99999464117294,0.36647165450049973
0.3906896551724138,831802,0.22434064837545473,0.99999464117294,0.3664673363380171
0.3906666666666667,831806,0.22433956956309525,0.99999464117294,0.36646589697313664
0.3904761904761904,831808,0.22433903016080634,0.99999464117294,0.36646517729493644
0.39045454545454544,831810,0.22433849076111131,0.99999464117294,0.36646445761956287
0.3903896103896104,831814,0.2243374119695028,0.99999464117294,0.36646301827729566
0.3903726708074534,831818,0.22433633318826954,0.99999464117294,0.3664615789463348
0.3903448275862069,831856,0.22432608528399145,0.99999464117294,0.3664479058660885
0.3901863354037267,831864,0.22432392794976103,0.99999464117294,0.3664450274528902
0.39015873015873015,831866,0.22432338862268683,0.99999464117294,0.3664443078566561
0.3901098901098901,831867,0.22432311896012222,0.99999464117294,0.3664439480595989
0.39,831928,0.22430667076958583,0.99999464117294,0.36642200177509676
0.38999999999999996,831929,0.22430640114721329,0.99999464117294,0.36642164202184113
0.3898717948717949,831933,0.22430532266420494,0.99999464117294,0.3664202030158825
0.3897435897435898,831937,0.2243042441915674,0.99999464117294,0.36641876402122636
0.3896969696969697,831941,0.2243031657293005,0.99999464117294,0.3664173250378725
0.3896825396825397,831947,0.22430154805534488,0.99999464117294,0.3664151665840333
0.38967741935483874,831985,0.22429130332878597,0.99999464117294,0.3664014969668945
0.3896428571428572,831989,0.2242902249909554,0.99999464117294,0.366400058119158
0.389375,832018,0.22428240735176402,0.99999464117294,0.36638962681101794
0.3893548387096774,832024,0.2242807899772122,0.99999464117294,0.3663874686834892
0.3892857142857143,832038,0.22427701619397192,0.99999464117294,0.3663824331514579
0.3891428571428572,832046,0.22427485980342432,0.99999464117294,0.3663795557667274
0.3890909090909091,832082,0.22426515655908913,0.99999464117294,0.3663666080947099
0.38909090909090904,832084,0.22426461751457785,0.99999464117294,0.3663658888064302
0.3888888888888889,832110,0.2242576101717321,0.99999464117294,0.3663565383158048
0.3888663967611336,832112,0.22425707116349722,0.99999464117294,0.36635581906706455
0.38882352941176473,832156,0.2242452136378275,0.99999464117294,0.3663399963092531
0.38875000000000004,832160,0.22424413574312632,0.99999464117294,0.36633855794449766
0.38875,832174,0.22424036319327448,0.99999464117294,0.3663335237567998
0.3886813186813187,832184,0.2242376685925228,0.99999464117294,0.36632992799315267
0.38867816091954027,832190,0.22423605186315626,0.99999464117294,0.3663277705688468
0.38857142857142857,832205,0.2242320101417319,0.99999464117294,0.3663223771192554
0.3884615384615384,832209,0.22423093237395894,0.99999464117294,0.36632093889285317
0.3884444444444445,832222,0.22422742970024825,0.99999464117294,0.36631626473503914
0.3882857142857143,832231,0.2242250048363976,0.99999464117294,0.36631302884950423
0.38826923076923076,832233,0.22422446598488643,0.99999464117294,0.3663123097715934
0.3882539682539683,832242,0.22422204118513606,0.99999464117294,0.3663090739559307
0.3881818181818182,832253,0.2242190776122165,0.99999464117294,0.36630511914775427
0.38810810810810814,832267,0.2242153059054366,0.99999464117294,0.36630008587903323
0.3880952380952381,832270,0.224214497699064,0.99999464117294,0.366299007339446
0.3879699248120301,832272,0.22421395889805257,0.99999464117294,0.3662982883165829
0.3879464285714286,832273,0.22421368949851792,0.99999464117294,0.3662979288062099
0.3879425837320574,832275,0.22421315070139078,0.99999464117294,0.3662972097875811
0.3878571428571429,832287,0.2242099179730069,0.99999464117294,0.36629289573508556
0.38769230769230767,832290,0.22420910980547645,0.99999464117294,0.3662918172378393
0.3876470588235294,832306,0.22420479967704185,0.99999464117294,0.366286065359785
0.38752136752136757,832310,0.22420372217082576,0.99999464117294,0.3662846274184968
0.3875,832471,0.22416036114170945,0.99999464117294,0.3662267596525883
0.38749999999999996,832474,0.22415955333139534,0.99999464117294,0.36622568154476287
0.3874876847290641,832482,0.22415739919902172,0.99999464117294,0.3662228066215938
0.3873981191222571,832484,0.22415686067239732,0.99999464117294,0.3662220878978542
0.3873626373626374,832486,0.22415632214836045,0.99999464117294,0.3662213691769356
0.3873626373626373,832490,0.22415524510804935,0.99999464117294,0.3662199317435615
0.3873563218390805,832494,0.22415416807808825,0.99999464117294,0.36621849432147124
0.3873563218390804,832496,0.22415362956698892,0.99999464117294,0.3662177756146576
0.3872727272727273,832498,0.22415309105847703,0.99999464117294,0.36621705691066486
0.3871428571428572,832508,0.2241503985547286,0.99999464117294,0.36621346343301453
0.3871428571428571,832510,0.224149860061741,0.99999464117294,0.366212744745947
0.3869047619047619,832511,0.22414959081621744,0.99999464117294,0.366212385403471
0.3868202764976959,832515,0.22414851384059145,0.99999464117294,0.3662109480406192
0.38681818181818184,832519,0.22414743687531455,0.99999464117294,0.3662095106890505
0.38675213675213677,832523,0.2241463599203866,0.99999464117294,0.36620807334876476
0.3866795366795367,832524,0.2241460906832716,0.99999464117294,0.3662077140154563
0.3866666666666667,832528,0.22414501374127957,0.99999464117294,0.366206276689274
0.38666666666666666,832636,0.22411594021877507,0.99999464117294,0.3661674731467637
0.3865178571428572,832640,0.22411486356648733,0.99999464117294,0.3661660361364457
0.38650793650793647,832649,0.22411244113666143,0.99999464117294,0.3661628029044687
0.38645114942528735,832651,0.22411190282603397,0.99999464117294,0.3661620844162279
0.38636363636363635,832665,0.2241081347240487,0.99999464117294,0.3661570550774915
0.38625541125541124,832669,0.2241070581467546,0.99999464117294,0.3661556181489428
0.38623376623376626,832671,0.22410651986198632,0.99999464117294,0.36615489968889775
0.3860869565217392,832680,0.22410409761252822,0.99999464117294,0.3661516666535857
0.3860215053763441,832682,0.2241035593419817,0.99999464117294,0.3661509482090475
0.38599999999999995,832686,0.22410248280864575,0.99999464117294,0.3661495113284292
0.38587301587301587,832688,0.2241019445458563,0.99999464117294,0.3661487928923492
0.3857894736842105,832711,0.22409575470961715,0.99999464117294,0.3661405310800643
0.38571428571428573,832713,0.22409521647914707,0.99999464117294,0.3661398126792247
0.3857142857142857,832721,0.22409306358312087,0.99999464117294,0.36613693910405765
0.38549019607843144,832725,0.22409198715061995,0.99999464117294,0.3661355023333886
0.38539589442815253,832729,0.22409091072846027,0.99999464117294,0.36613406557399564
0.3853846153846154,832731,0.22409037252125835,0.99999464117294,0.3661333471985277
0.3852941176470588,832732,0.22409010341862687,0.99999464117294,0.3661329880118508
0.3852482269503546,832734,0.22408956521530285,0.99999464117294,0.3661322696406113
0.38522727272727275,832738,0.22408848881641044,0.99999464117294,0.36613083290658915
0.3851778656126482,832742,0.22408741242785882,0.99999464117294,0.36612939618384266
0.38513409961685824,832748,0.22408579786441996,0.99999464117294,0.3661272411208645
0.3851136363636364,832750,0.22408525968177725,0.99999464117294,0.3661265227721762
0.38500000000000006,832754,0.224084183324247,0.99999464117294,0.366125086083256
0.385,832769,0.2240801470755996,0.99999464117294,0.3661196986002234
0.38497536945812805,832771,0.2240796089200993,0.99999464117294,0.366118980281132
0.38493506493506496,832775,0.2240785326168533,0.99999464117294,0.3661175436514048
0.38488372093023254,832780,0.22407718725233555,0.99999464117294,0.3661157478801006
0.3848484848484849,832782,0.22407664911105188,0.99999464117294,0.36611502957651143
0.38480519480519476,832784,0.22407611097235297,0.99999464117294,0.36611431127574084
0.38461904761904764,832786,0.22407557283623883,0.99999464117294,0.3661135929777888
0.3846153846153846,832790,0.2240744965717648,0.99999464117294,0.36611215639034017
0.3844444444444445,832796,0.22407288219443897,0.99999464117294,0.36611000153030593
0.38441558441558443,832797,0.2240726131338129,0.99999464117294,0.366109642389433
0.3843243243243244,832801,0.2240715368977703,0.99999464117294,0.36610820583298753
0.3842857142857143,832839,0.22406131317097303,0.99999464117294,0.3660945591090071
0.38428571428571423,832843,0.22406023704347638,0.99999464117294,0.36609312267092775
0.38418803418803416,832845,0.2240596989836044,0.99999464117294,0.3660924044561152
0.3840909090909091,832851,0.22405808481949352,0.99999464117294,0.3660902498285855
0.3840434419381788,832852,0.22405781579440284,0.99999464117294,0.36608989072646303
0.38400000000000006,832861,0.22405539459765794,0.99999464117294,0.36608665883906233
0.383974358974359,832865,0.2240543185270122,0.99999464117294,0.3660852224629784
0.38383838383838387,832873,0.2240521664167286,0.99999464117294,0.3660823497446249
0.38368421052631585,832875,0.2240516283956176,0.99999464117294,0.3660816315720811
0.3836405529953917,832890,0.22404759331964605,0.99999464117294,0.3660762453678183
0.38363636363636366,832898,0.22404544133855525,0.99999464117294,0.3660733727903514
0.3836363636363636,832924,0.22403844768550313,0.99999464117294,0.36606403722492276
0.38344155844155847,832925,0.2240381787075667,0.99999464117294,0.36606367817422286
0.38333333333333336,832939,0.22403441308427147,0.99999464117294,0.3660586515383793
0.3833333333333333,833775,0.22380978081616743,0.99999464117294,0.36575873961051875
0.3832167832167832,833779,0.22380870710344108,0.99999464117294,0.36575730580652244
0.38319444444444445,833784,0.22380736497702042,0.99999464117294,0.3657555135673349
0.3830909090909091,833788,0.22380629128747356,0.99999464117294,0.3657540797886311
0.3830769230769231,833794,0.22380468077246898,0.99999464117294,0.365751929141652
0.38304347826086954,833818,0.22379823894423004,0.99999464117294,0.36574332680664745
0.38303571428571426,833828,0.2237955549585766,0.99999464117294,0.36573974261982134
0.3828828828828829,833829,0.223795286563552,0.99999464117294,0.36573938420500235
0.38262626262626265,833840,0.22379233426076944,0.99999464117294,0.3657354416883565
0.38250000000000006,833842,0.22379179748681405,0.99999464117294,0.36573472487628006
0.3825,833879,0.22378186763307387,0.99999464117294,0.3657214643596636
0.38246753246753246,833885,0.22378025746955515,0.99999464117294,0.36571931409622604
0.3824561403508772,833892,0.22377837897473535,0.99999464117294,0.3657168054875062
0.38245059288537553,833898,0.2237767688614195,0.99999464117294,0.3657146552788519
0.3824324324324324,833899,0.2237765005114528,0.99999464117294,0.36571429691320095
0.38222222222222224,833902,0.2237756954654144,0.99999464117294,0.36571322182046234
0.3821678321678321,833906,0.22377462207970683,0.99999464117294,0.3657117883733099
0.3821428571428572,833910,0.22377354870429664,0.99999464117294,0.36571035493739457
0.3821428571428571,833914,0.22377247533918365,0.99999464117294,0.36570892151271606
0.38209150326797386,833916,0.22377193866048858,0.99999464117294,0.3657082048045906
0.38207792207792207,833920,0.2237708653108212,0.99999464117294,0.36570677139676716
0.3820689655172414,833924,0.22376979197145064,0.99999464117294,0.3657053380001803
0.382,833960,0.2237601323804499,0.99999464117294,0.3656924379365217
0.3819327731092437,833964,0.2237590591440398,0.99999464117294,0.36569100465229304
0.38181818181818183,833986,0.22375315652780742,0.99999464117294,0.3656831217898596
0.3818037135278515,833988,0.22375261994177376,0.99999464117294,0.36568240518285394
0.3816666666666667,833994,0.22375101019911414,0.99999464117294,0.36568025537868826
0.3815873015873016,833996,0.2237504736233747,0.99999464117294,0.36567953878291676
0.381578947368421,833998,0.22374993705020876,0.99999464117294,0.3656788221899538
0.38153846153846155,834071,0.22373035389073592,0.99999464117294,0.365652668468735
0.38142857142857145,834079,0.22372820799948206,0.99999464117294,0.36564980253495927
0.3814285714285714,834083,0.22372713506929168,0.99999464117294,0.3656483695849185
0.3813636363636364,834085,0.22372659860805552,0.99999464117294,0.3656476531141097
0.38131313131313127,834093,0.2237244527888377,0.99999464117294,0.36564478725895244
0.38114285714285717,834097,0.22372337989466454,0.99999464117294,0.3656433543482201
0.3811111111111111,834130,0.2237145289103617,0.99999464117294,0.36563153326318804
0.3810344827586207,834134,0.2237134561113682,0.99999464117294,0.3656301004563347
0.380952380952381,834136,0.22371291971572982,0.99999464117294,0.36562938405711914
0.38095238095238093,834150,0.22370916501828209,0.99999464117294,0.365624369341215
0.3807936507936508,834154,0.2237080922707318,0.99999464117294,0.3656229365905079
0.38076923076923075,834160,0.22370648316869665,0.99999464117294,0.3656207874855011
0.3807142857142857,834185,0.22369977882603978,0.99999464117294,0.3656118331532446
0.3806896551724138,834189,0.22369870616850618,0.99999464117294,0.3656104005007852
0.3806493506493506,834193,0.22369763352125946,0.99999464117294,0.36560896785955344
0.3806060606060606,834194,0.2236973653610551,0.99999464117294,0.3656086097009998
0.3803636363636364,834202,0.2236952201025651,0.99999464117294,0.3656057444578325
0.3803448275862069,834227,0.22368851643497514,0.99999464117294,0.3655967908623822
0.3803030303030303,834237,0.22368583508043877,0.99999464117294,0.3655932095469929
0.380233918128655,834245,0.22368369004309285,0.99999464117294,0.36559034454519895
0.3800751879699248,834257,0.22368047256420984,0.99999464117294,0.3655860471267014
0.38000000000000006,834261,0.22367940009181778,0.99999464117294,0.36558461467631986
0.38,835720,0.22328890058871392,0.99999464117294,0.36506287610238597
0.37978056426332285,835724,0.22328783186793727,0.99999464117294,0.36506144774887217
0.37971014492753624,835736,0.22328462576698863,0.99999464117294,0.3650571627553935
0.37967741935483873,835748,0.2232814197581089,0.99999464117294,0.3650528778625058
0.37967032967032965,835752,0.2232803511089414,0.99999464117294,0.3650514495872295
0.3794202898550725,835756,0.2232792824700032,0.99999464117294,0.36505002132312947
0.379375,835778,0.22327340513868515,0.99999464117294,0.36504216607034917
0.37935483870967746,835784,0.22327180228384366,0.99999464117294,0.36504002378735356
0.3792857142857143,835798,0.22326806237870872,0.99999464117294,0.36503502522481285
0.3791705069124424,835802,0.22326699385739684,0.99999464117294,0.36503359708923033
0.3791666666666667,835810,0.2232648568454553,0.99999464117294,0.3650307408515891
0.3790909090909091,835834,0.2232584460550779,0.99999464117294,0.3650221724068456
0.3790785907859079,835838,0.22325737762580788,0.99999464117294,0.3650207443718299
0.3788235294117647,835860,0.22325150144761086,0.99999464117294,0.3650128903789654
0.37875000000000003,835870,0.22324883055977604,0.99999464117294,0.36500932049393725
0.37873015873015875,835878,0.22324669389552063,0.99999464117294,0.36500646463619063
0.3786666666666667,835888,0.22324402312271502,0.99999464117294,0.3650028948768504
0.3785858585858586,835890,0.2232434889758222,0.99999464117294,0.36500218093336123
0.37857142857142856,835975,0.22322079009539758,0.99999464117294,0.3649718409165808
0.3784280936454849,835979,0.22321972202651025,0.99999464117294,0.3649704132753497
0.37842741935483876,835981,0.22321918799589943,0.99999464117294,0.3649696994589224
0.37833333333333335,835989,0.22321705189900823,0.99999464117294,0.364966844221135
0.3783076923076923,835993,0.2232159838658936,0.99999464117294,0.36496541661899407
0.37820512820512825,836001,0.22321384783032555,0.99999464117294,0.36496256144821726
0.378125,836009,0.22321171183563812,0.99999464117294,0.3649597063221128
0.37810810810810813,836013,0.2232106438536243,0.99999464117294,0.3649582787758124
0.3780808080808081,836019,0.22320904189976543,0.99999464117294,0.3649561374773011
0.3779904306220096,836021,0.2232085079202556,0.99999464117294,0.36495542371671447
0.3779220779220779,836037,0.2232042361761501,0.99999464117294,0.36494971373252694
0.37790697674418605,836039,0.2232037022196333,0.99999464117294,0.3649489999970664
0.3778947368421053,836044,0.223202367339518,0.99999464117294,0.36494721567062893
0.37784090909090906,836046,0.22320183339194255,0.99999464117294,0.3649465019449393
0.3777922077922078,836051,0.22320049853418034,0.99999464117294,0.36494471764292885
0.3777777777777778,836060,0.22319809583044278,0.99999464117294,0.36494150594327773
0.37762237762237766,836064,0.22319702797871932,0.99999464117294,0.36494007853935573
0.377487922705314,836074,0.22319435839411345,0.99999464117294,0.36493651007840167
0.37738095238095243,836082,0.2231922227724075,0.99999464117294,0.3649336553598842
0.3773291925465838,836110,0.22318474841827032,0.99999464117294,0.3649236641967776
0.3773170731707317,836116,0.22318314683608495,0.99999464117294,0.3649215233044302
0.37727272727272726,836150,0.223174071637864,0.99999464117294,0.3649093920555987
0.37714285714285717,836291,0.22313644413248498,0.99999464117294,0.36485909166007596
0.3771428571428571,836295,0.2231353768706019,0.99999464117294,0.36485766490077753
0.37705329153605016,836303,0.22313324237746368,0.99999464117294,0.36485481141565584
0.3770114942528736,836311,0.2231311079251618,0.99999464117294,0.3648519579751671
0.37694444444444447,836317,0.22312950711273358,0.99999464117294,0.36484981792409027
0.3767857142857143,836340,0.22312337087787262,0.99999464117294,0.36484161462752746
0.3766666666666667,836347,0.22312150339512188,0.99999464117294,0.3648391180452708
0.37649769585253456,836349,0.22312096983436341,0.99999464117294,0.36483840474233037
0.3764705882352941,836358,0.22311856884252915,0.99999464117294,0.36483519491361394
0.37644444444444447,836376,0.22311376701387892,0.99999464117294,0.3648287754256176
0.3763888888888889,836382,0.2231121664502584,0.99999464117294,0.3648266356464873
0.3763636363636364,836384,0.22311163293415465,0.99999464117294,0.364825922392355
0.37634408602150543,836387,0.22311083266478318,0.99999464117294,0.3648248525163857
0.3762857142857143,836393,0.2231092321432628,0.99999464117294,0.364822712783272
0.37623543123543124,836394,0.2231089653919086,0.99999464117294,0.3648223561635266
0.37621621621621626,836400,0.2231073648971784,0.99999464117294,0.36482021645969537
0.37615679339817276,836402,0.22310683140403778,0.99999464117294,0.3648195032306625
0.3760869565217391,836420,0.22310203008058152,0.99999464117294,0.364813084294858
0.3760416666666667,836423,0.22310122988009656,0.99999464117294,0.36481201449418443
0.375982905982906,836441,0.2230964287977275,0.99999464117294,0.364805595821901
0.37583333333333335,836445,0.22309536191859597,0.99999464117294,0.36480416948095556
0.3758241758241758,836470,0.22308869415519983,0.99999464117294,0.364795255102739
0.37578947368421056,836478,0.22308656055508932,0.99999464117294,0.36479240259372137
0.3757692307692308,836481,0.22308576046556944,0.99999464117294,0.36479133291434074
0.3757575757575758,836493,0.22308256016487885,0.99999464117294,0.36478705425955016
0.3757184750733138,836507,0.2230788265967888,0.99999464117294,0.36478206262248136
0.37571428571428567,836517,0.22307615983895127,0.99999464117294,0.364778497251069
0.3755555555555556,836535,0.22307135983551196,0.99999464117294,0.36477207975815695
0.37555555555555553,836545,0.22306869325619064,0.99999464117294,0.3647685145818856
0.3754901960784314,836549,0.22306762664231264,0.99999464117294,0.3647670885308902
0.3754742547425474,836553,0.22306656003863473,0.99999464117294,0.3647656624910449
0.3753968253968254,836573,0.2230612271732413,0.99999464117294,0.36475853245906636
0.3753071253071253,836575,0.22306069390072616,0.99999464117294,0.3647578194711992
0.37526315789473685,836579,0.22305962736334525,0.99999464117294,0.36475639350382677
0.37523809523809526,836584,0.22305829420596138,0.99999464117294,0.3647546110602897
0.3751587301587302,836600,0.22305402820941908,0.99999464117294,0.3647489073580347
0.37511363636363637,836612,0.22305082881909416,0.99999464117294,0.3647446296984031
0.37500000000000006,836627,0.2230468297102532,0.99999464117294,0.36473928276495626
0.375,836673,0.22303456667061086,0.99999464117294,0.3647228864798623
0.3749912922326716,836677,0.223033500383063,0.99999464117294,0.36472146078560713
0.3748803827751196,836685,0.22303136783855335,0.99999464117294,0.3647186094305346
0.3747892720306514,836697,0.22302816909825182,0.99999464117294,0.36471433248151824
0.3747692307692308,836699,0.22302763598378866,0.99999464117294,0.3647136196664344
0.37476190476190474,836701,0.2230271028718742,0.99999464117294,0.364712906854137
0.3746969696969697,836703,0.22302656976250831,0.99999464117294,0.3647121940446257
0.3746305418719212,836722,0.22302150535064214,0.99999464117294,0.3647054224932329
0.37454545454545457,836730,0.22301937303550728,0.99999464117294,0.36470257138892526
0.37453580901856764,836734,0.2230183068932301,0.99999464117294,0.36470114585348784
0.3744642857142857,836736,0.22301777382591403,0.99999464117294,0.3647004330899482
0.37444444444444447,836737,0.2230175072932116,0.99999464117294,0.36470007670922316
0.3743609022556391,836741,0.22301644116877264,0.99999464117294,0.3646986511932879
0.37428571428571433,836750,0.2230140424260532,0.99999464117294,0.36469544382317814
0.3742857142857143,836769,0.2230089785830976,0.99999464117294,0.3646886728937625
0.37416666666666665,836773,0.22300791254019908,0.99999464117294,0.3646872474669747
0.37415458937198065,836775,0.22300737952257177,0.99999464117294,0.3646865347577593
0.3741218637992832,836787,0.22300418147031442,0.99999464117294,0.3646822585609662
0.3740909090909091,836793,0.22300258247858193,0.99999464117294,0.3646801205001754
0.3740106951871658,836797,0.22300151649683256,0.99999464117294,0.36467869514024265
0.374,836816,0.22299645322269174,0.99999464117294,0.36467192483271843
0.373963133640553,836827,0.22299352195854102,0.99999464117294,0.36466800529589083
0.3738194444444445,836835,0.22299139017847006,0.99999464117294,0.3646651547765728
0.3737250554323725,836839,0.22299032430371912,0.99999464117294,0.3646637295336251
0.3736842105263158,836841,0.2229897913701647,0.99999464117294,0.36466301691632896
0.3736607142857143,836851,0.22298712674060256,0.99999464117294,0.3646594538716255
0.37363636363636366,836855,0.22298606090660866,0.99999464117294,0.36465802867323976
0.37353535353535355,836865,0.22298339636620004,0.99999464117294,0.36465446572601323
0.3735064935064935,836869,0.22298233056786665,0.99999464117294,0.3646530405666175
0.3735042735042735,836872,0.22298153122580275,0.99999464117294,0.3646519717043812
0.37337662337662336,836876,0.22298046544529895,0.99999464117294,0.3646505465644797
0.37333333333333335,836884,0.22297833391485558,0.99999464117294,0.3646476963180953
0.3732679738562092,836896,0.22297513669559899,0.99999464117294,0.36464342103206243
0.3731111111111111,836900,0.22297407097622177,0.99999464117294,0.36464199595899593
0.373109243697479,836912,0.2229708738792131,0.99999464117294,0.36463772080662804
0.3730769230769231,837001,0.2229471649376763,0.99999464117294,0.36460601655514946
0.3730434782608696,837026,0.22294050602968127,0.99999464117294,0.36459711185834
0.37303030303030305,837028,0.22293997333422538,0.99999464117294,0.3645963995013853
0.373015873015873,837030,0.22293944064131513,0.99999464117294,0.3645956871472142
0.37289575289575294,837032,0.2229389079509505,0.99999464117294,0.36459497479582664
0.37285714285714283,837043,0.22293597819944733,0.99999464117294,0.36459105691295174
0.3727777777777778,837045,0.22293544552562886,0.99999464117294,0.3645903445796574
0.37272727272727274,837073,0.2229279883594382,0.99999464117294,0.3645803722057946
0.3727272727272727,837075,0.22292745572380013,0.99999464117294,0.3645796599142508
0.37259615384615385,837079,0.22292639046015966,0.99999464117294,0.36457823533951295
0.37250000000000005,837085,0.22292479258378778,0.99999464117294,0.36457609849828027
0.37249084249084247,837089,0.22292372734559884,0.99999464117294,0.36457467395137433
0.37222222222222223,837091,0.22292319473032204,0.99999464117294,0.36457396168209605
0.3722222222222222,837111,0.2229178687175297,0.99999464117294,0.36456683914238186
0.3721531100478469,837127,0.22291360809052868,0.99999464117294,0.3645611413109838
0.3721343873517786,837141,0.2229098801755021,0.99999464117294,0.3645561558546089
0.3720833333333333,837145,0.22290881507982488,0.99999464117294,0.36455473146354633
0.37200000000000005,837169,0.22290242471950109,0.99999464117294,0.3645461853509113
0.372,837171,0.22290189220601286,0.99999464117294,0.3645454731929449
0.37197802197802193,837175,0.22290082718666945,0.99999464117294,0.3645440488853595
0.371969696969697,837179,0.22289976217750326,0.99999464117294,0.3645426245889038
0.37185690653432596,837183,0.22289869717851413,0.99999464117294,0.36454120030357756
0.37182539682539684,837191,0.22289656721106654,0.99999464117294,0.3645383517663135
0.3717948717948718,837195,0.22289550224260776,0.99999464117294,0.3645369275143754
0.37175026123301985,837197,0.22289496976219456,0.99999464117294,0.36453621539257963
0.37174825174825177,837201,0.22289390480900045,0.99999464117294,0.36453479115733495
0.37164835164835164,837205,0.22289283986598266,0.99999464117294,0.36453336693321925
0.371602787456446,837209,0.22289177493314094,0.99999464117294,0.3645319427202322
0.3715909090909091,837215,0.2228901775529583,0.99999464117294,0.3645298064216178
0.3715384615384616,837223,0.2228880477483299,0.99999464117294,0.3645269580624146
0.3715151515151515,837225,0.2228875153035325,0.99999464117294,0.36452624597956895
0.37145888594164456,837229,0.22288645042156924,0.99999464117294,0.3645248218222237
0.37142857142857144,837241,0.2228832558367304,0.99999464117294,0.364520549416955
0.3714285714285714,837246,0.2228819247867413,0.99999464117294,0.3645187692776509
0.3713636363636364,837252,0.2228803275477395,0.99999464117294,0.36451663313343624
0.3712121212121212,837253,0.22288006134346489,0.99999464117294,0.36451627711183454
0.37111111111111117,837259,0.22287846413117088,0.99999464117294,0.36451414099682866
0.3710909090909091,837265,0.22287686694176873,0.99999464117294,0.36451200490685853
0.37098039215686274,837269,0.22287580216155142,0.99999464117294,0.36451058086078697
0.3709722222222222,837273,0.2228747373915079,0.99999464117294,0.364509156825842
0.3708791208791209,837277,0.22287367263163804,0.99999464117294,0.3645077328020237
0.37080128205128204,837281,0.22287260788194166,0.99999464117294,0.36450630878933166
0.37072727272727274,837285,0.22287154314241864,0.99999464117294,0.3645048847877658
0.3707142857142858,837294,0.22286914751568743,0.99999464117294,0.3645016808249226
0.37068965517241376,837319,0.22286249326720162,0.99999464117294,0.36449278122366147
0.3706493506493507,837334,0.22285850090883685,0.99999464117294,0.364487441671501
0.3706293706293706,837336,0.22285796860519552,0.99999464117294,0.36448672974303276
0.37047619047619046,837338,0.22285743630409702,0.99999464117294,0.3644860178173458
0.3703496503496504,837342,0.2228563717095285,0.99999464117294,0.3644845939743151
0.37034482758620696,837356,0.22285264570863528,0.99999464117294,0.36447961061131057
0.3702020202020202,837362,0.2228510488892498,0.99999464117294,0.3644774749260232
0.37012987012987014,837364,0.22285051662120656,0.99999464117294,0.3644767630364893
0.3701240694789082,837372,0.22284838757445913,0.99999464117294,0.36447391550616215
0.3701109936575053,837374,0.2228478553191286,0.99999464117294,0.3644732036305326
0.37000000000000005,837387,0.22284439572145257,0.99999464117294,0.3644685765067212
0.37,838289,0.22260461487625388,0.99999464117294,0.3641478119264667
0.3698051948051948,838290,0.22260434933018405,0.99999464117294,0.36414745662495196
0.36968253968253967,838293,0.2226035526957758,0.99999464117294,0.3641463907245675
0.3696774193548388,838295,0.222603021609338,0.99999464117294,0.3641456801277779
0.3696581196581197,838297,0.2226024905254343,0.99999464117294,0.36414496953376163
0.3695804195804196,838301,0.2226014283652292,0.99999464117294,0.36414354835404894
0.36954954954954955,838303,0.22260089728892776,0.99999464117294,0.36414283776835255
0.369491035280509,838307,0.22259983514392698,0.99999464117294,0.36414141660527943
0.36944444444444446,838315,0.22259771088433344,0.99999464117294,0.36413857431241176
0.369435736677116,838319,0.2225966487697404,0.99999464117294,0.36413715318261686
0.36940711462450593,838339,0.2225913383488064,0.99999464117294,0.36413004770002744
0.36937500000000006,838351,0.2225881522178658,0.99999464117294,0.36412578454357686
0.3693548387096774,838363,0.22258496617813525,0.99999464117294,0.3641215214869494
0.3691919191919192,838364,0.22258470067894137,0.99999464117294,0.36412116623673624
0.36910256410256415,838368,0.22258363868849956,0.99999464117294,0.3641197452428155
0.36909090909090914,838376,0.22258151473801732,0.99999464117294,0.3641169032882465
0.3690909090909091,838382,0.22257992180175623,0.99999464117294,0.3641147718514327
0.36904761904761907,838386,0.22257885985691556,0.99999464117294,0.36411335090742
0.36888888888888893,838390,0.22257779792220805,0.99999464117294,0.36411192997449754
0.3688636363636364,838401,0.22257487765401043,0.99999464117294,0.3641080224661442
0.36882352941176477,838402,0.22257461217888316,0.99999464117294,0.36410766724227084
0.3687683284457478,838406,0.22257355028470693,0.99999464117294,0.36410624635370836
0.36875,838410,0.22257248840066315,0.99999464117294,0.3641048254762355
0.36874999999999997,838428,0.22256771004785145,0.99999464117294,0.364098431664839
0.3686813186813187,838432,0.22256664821953362,0.99999464117294,0.36409701084835716
0.36864864864864866,838436,0.22256558640134727,0.99999464117294,0.364095590042964
0.3685714285714286,838438,0.22256505549605338,0.99999464117294,0.3640948796444257
0.3684659090909091,838440,0.22256452459329232,0.99999464117294,0.3640941692486596
0.36844444444444446,838444,0.22256346279536857,0.99999464117294,0.36409274846544365
0.3684162895927602,838448,0.2225624010075759,0.99999464117294,0.36409132769331626
0.36839464882943146,838454,0.22256080834488237,0.99999464117294,0.36408919655591565
0.3683636363636364,838488,0.22255178368682677,0.99999464117294,0.3640771205818772
0.3683333333333334,838495,0.22254992575984353,0.99999464117294,0.36407463445136734
0.3682692307692308,838499,0.22254886410120941,0.99999464117294,0.36407321382060603
0.3682539682539683,838501,0.2225483332756908,0.99999464117294,0.36407250350938286
0.3681818181818182,838503,0.2225478024527044,0.99999464117294,0.3640717932009314
0.36818181818181817,838509,0.2225462099989386,0.99999464117294,0.3640696622922066
0.3681081081081081,838513,0.22254514837575565,0.99999464117294,0.3640682417002481
0.3679144385026738,838517,0.2225440867627013,0.99999464117294,0.3640668211193757
0.3679120879120879,838525,0.22254196356697772,0.99999464117294,0.36406397999088896
0.36790209790209794,838543,0.22253718652472204,0.99999464117294,0.36405758761392226
0.3678571428571429,838544,0.22253692113949894,0.99999464117294,0.3640572324884505
0.3677083333333334,838548,0.22253585960493616,0.99999464117294,0.36405581199349174
0.3676923076923077,838552,0.22253479808050067,0.99999464117294,0.364054391509618
0.36764705882352944,838556,0.22253373656619235,0.99999464117294,0.3640529710368292
0.3676470588235294,838573,0.22252922524335986,0.99999464117294,0.36404693415114014
0.3675213675213675,838577,0.2225281637822168,0.99999464117294,0.36404551373654515
0.3675155279503106,838579,0.2225276330554426,0.99999464117294,0.3640448035334041
0.3675,838584,0.22252630624958264,0.99999464117294,0.36404302803767485
0.36748768472906407,838592,0.22252418339311608,0.99999464117294,0.3640401872805306
0.3674747474747475,838596,0.22252312198007146,0.99999464117294,0.364038766918584
0.3674603174603175,838602,0.22252152987948992,0.99999464117294,0.3640366363964456
0.36742424242424243,838608,0.2225199378016904,0.99999464117294,0.36403450589924463
0.36739811912225706,838610,0.2225194071141532,0.99999464117294,0.36403379573905253
0.3673701298701299,838612,0.22251887642914722,0.99999464117294,0.3640330855816313
0.3673214285714286,838616,0.222517815066729,0.99999464117294,0.3640316652751009
0.36730769230769234,838618,0.2225172843893167,0.99999464117294,0.3640309551259917
0.3672222222222222,838620,0.22251675371443563,0.99999464117294,0.3640302449796533
0.36719901719901715,838621,0.22251648837794427,0.99999464117294,0.36402988990752305
0.3671717171717172,838625,0.22251542703830676,0.99999464117294,0.36402846962592894
0.3671428571428571,838635,0.22251277373350742,0.99999464117294,0.36402491897042943
0.3670779220779221,838643,0.22251065113522678,0.99999464117294,0.3640220784959
0.3670138888888889,838647,0.22250958985127234,0.99999464117294,0.36402065827525826
0.36696969696969695,838653,0.22250799794432263,0.99999464117294,0.3640185279650743
0.366875,838655,0.2225074673137345,0.99999464117294,0.36401781786722043
0.36678321678321674,838657,0.22250693668567723,0.99999464117294,0.36401710777213697
0.3667521367521368,838661,0.2225058754371552,0.99999464117294,0.3640156875902812
0.3667084639498433,838683,0.2225000387512326,0.99999464117294,0.36400787678815083
0.3666666666666667,838955,0.22242790137730867,0.99999464117294,0.36391133455477626
0.36666666666666664,839015,0.2224119950179675,0.99999464117294,0.3638900453675473
0.3665587044534413,839019,0.22241093467490008,0.99999464117294,0.363888626176963
0.36647058823529416,839021,0.22241040450715774,0.99999464117294,0.363887916585822
0.3663768115942029,839028,0.22240854893996387,0.99999464117294,0.36388543303862186
0.3663636363636364,839039,0.22240563311121414,0.99999464117294,0.3638815303900855
0.36630769230769233,839043,0.22240457282880616,0.99999464117294,0.36388011126591796
0.36623376623376624,839045,0.2224040426913932,0.99999464117294,0.363879401707985
0.3662202380952381,839047,0.22240351255650756,0.99999464117294,0.3638786921528194
0.3662162162162162,839056,0.22240112698079748,0.99999464117294,0.36387549918881823
0.3661616161616162,839064,0.22239900651201816,0.99999464117294,0.3638726610456364
0.36615384615384616,839076,0.2223958258846636,0.99999464117294,0.36386840391387604
0.36608695652173917,839078,0.2223952957889493,0.99999464117294,0.36386769440160044
0.3660410557184751,839087,0.2223929103895067,0.99999464117294,0.3638645016306017
0.3660215053763441,839091,0.22239185022840194,0.99999464117294,0.3638630826392538
0.3659090909090909,839095,0.2223907900774048,0.99999464117294,0.3638616636589734
0.36587301587301585,839103,0.22238866980573302,0.99999464117294,0.3638588257316145
0.36583333333333334,839105,0.22238813974413213,0.99999464117294,0.3638581162566917
0.36581196581196584,839107,0.22238760968505805,0.99999464117294,0.36385740678453565
0.3657894736842105,839123,0.2223833693034275,0.99999464117294,0.3638517311068887
0.3657657657657658,839127,0.2223823092332865,0.99999464117294,0.3638503122151433
0.3657386363636364,839143,0.22237806905378463,0.99999464117294,0.36384463675882356
0.3657142857142857,839147,0.22237700903417398,0.99999464117294,0.36384321792240837
0.36560606060606066,839151,0.22237594902466898,0.99999464117294,0.3638417990970588
0.3654466501240695,839155,0.22237488902526947,0.99999464117294,0.36384038028277493
0.3653846153846154,839163,0.22237276905678635,0.99999464117294,0.363837542687403
0.36535947712418304,839173,0.22237011915302327,0.99999464117294,0.36383399575542924
0.36533333333333334,839190,0.22236561446156414,0.99999464117294,0.36382796612978385
0.3651871657754011,839194,0.2223645545606856,0.99999464117294,0.36382654742338183
0.3651340996168582,839198,0.22236349466991104,0.99999464117294,0.3638251287280441
0.36505494505494507,839203,0.22236216982065127,0.99999464117294,0.36382335537443056
0.3650537634408602,839207,0.22236110995261002,0.99999464117294,0.36382193670398655
0.365,839225,0.22235634067145282,0.99999464117294,0.36381555282390016
0.36497584541062805,839231,0.22235475095653046,0.99999464117294,0.36381342491365604
0.3649753694581281,839232,0.22235448600625335,0.99999464117294,0.3638130702643687
0.36494949494949497,839236,0.22235342621145898,0.99999464117294,0.3638116516741337
0.3648717948717949,839240,0.22235236642676706,0.99999464117294,0.3638102330949614
0.36469696969696974,839242,0.22235183653820947,0.99999464117294,0.3638095238095238
0.36462450592885376,839246,0.22235077676867093,0.99999464117294,0.3638081052469455
0.3646153846153846,839250,0.22234971700923445,0.99999464117294,0.3638066866954296
0.3646031746031746,839258,0.22234759752066707,0.99999464117294,0.36380384962558465
0.36456582633053225,839266,0.2223454780725062,0.99999464117294,0.3638010125999879
0.3645299145299145,839268,0.2223449482167794,0.99999464117294,0.3638003033505024
0.3645238095238095,839272,0.22234388851290166,0.99999464117294,0.3637988848598277
0.36444444444444446,839556,0.22226867534744554,0.99999464117294,0.3636982002876733
0.3644055944055944,839558,0.22226814585770133,0.99999464117294,0.3636974914390069
0.3643609022556391,839564,0.22226655740360474,0.99999464117294,0.3636953649095863
0.3642857142857143,839568,0.22226549844682028,0.99999464117294,0.3636939472371211
0.36428571428571427,840104,0.22212368944797312,0.99999464117294,0.36350407904066573
0.3641909814323608,840106,0.22212316064877527,0.99999464117294,0.36350337094848223
0.36411764705882355,840108,0.22212263185209521,0.99999464117294,0.36350266285905747
0.36404761904761906,840113,0.22212130987141016,0.99999464117294,0.3635008926475644
0.36390243902439023,840117,0.2221202522981918,0.99999464117294,0.36349947649078374
0.36388888888888893,840141,0.2221139070703608,0.99999464117294,0.3634909797818162
0.3638127090301003,840149,0.22211179207497717,0.99999464117294,0.36348814763376336
0.3637362637362637,840153,0.22211073459238972,0.99999464117294,0.36348673157628697
0.3637254901960784,840157,0.22210967711987165,0.99999464117294,0.3634853155298437
0.3636807095343681,840165,0.22210756220504305,0.99999464117294,0.36348248347005613
0.36367816091954025,840173,0.22210544733049026,0.99999464117294,0.3634796514543997
0.3636405529953917,840177,0.22210438990831693,0.99999464117294,0.3634782354631203
0.36363636363636365,840179,0.22210386120100598,0.99999464117294,0.3634775274716178
0.3636363636363636,840224,0.22209196595193662,0.99999464117294,0.3634615983919473
0.3633333333333334,840226,0.22209143730377304,0.99999464117294,0.3634608904652553
0.36333333333333334,840258,0.22208297927541304,0.99999464117294,0.3634495640132208
0.36328205128205127,840262,0.22208192206716476,0.99999464117294,0.3634481482563518
0.3632211538461539,840264,0.22208139346681519,0.99999464117294,0.3634474403820534
0.36319444444444443,840266,0.22208086486898196,0.99999464117294,0.3634467325105125
0.36309523809523814,840267,0.22208060057100898,0.99999464117294,0.36344637857577594
0.3630434782608695,840344,0.2220602515160458,0.99999464117294,0.3634191276710109
0.36301075268817207,840356,0.22205708057061532,0.99999464117294,0.3634148811448113
0.3629973474801061,840364,0.22205496665730565,0.99999464117294,0.36341205018247824
0.36294871794871797,840366,0.2220544381852669,0.99999464117294,0.3634113424487865
0.3628571428571429,840394,0.22204703984083657,0.99999464117294,0.3634014344665346
0.3627692307692308,840414,0.2220417556109251,0.99999464117294,0.36339435766711914
0.36272727272727273,840416,0.22204122720176675,0.99999464117294,0.3633936500023368
0.36256704980842913,840420,0.22204017039099497,0.99999464117294,0.3633922346810408
0.36250000000000004,840424,0.222039113590283,0.99999464117294,0.3633908193707694
0.3625,840502,0.22201850798689354,0.99999464117294,0.3633632230238241
0.3624675324675325,840506,0.22201745139237555,0.99999464117294,0.36336180793952766
0.3624242424242424,840510,0.22201639480791424,0.99999464117294,0.36336039286625293
0.3624195624195624,840513,0.22201560237616788,0.99999464117294,0.3633593315685299
0.36230769230769233,840517,0.22201454580930546,0.99999464117294,0.36335791651454297
0.3621794871794872,840518,0.22201428166916115,0.99999464117294,0.3633575627527684
0.36215686274509806,840529,0.22201137616905545,0.99999464117294,0.36335367141871044
0.36209150326797385,840539,0.22200873487131473,0.99999464117294,0.3633501339146198
0.362,840588,0.22199579342079592,0.99999464117294,0.36333280114019134
0.361965811965812,840596,0.22199368067418832,0.99999464117294,0.3633299714564974
0.3619047619047619,840597,0.22199341658368993,0.99999464117294,0.36332961774913475
0.3618803418803419,840599,0.22199288840457818,0.99999464117294,0.3633289103364755
0.3616666666666667,840607,0.22199077571326434,0.99999464117294,0.36332608071338524
0.3616625310173697,840611,0.2219897193826871,0.99999464117294,0.36332466591836793
0.36161490683229813,840615,0.22198866306216283,0.99999464117294,0.3633232511343691
0.36157894736842106,840619,0.22198760675169132,0.99999464117294,0.3633218363613885
0.36156314699792963,840621,0.22198707860022532,0.99999464117294,0.36332112897903
0.3615384615384616,840625,0.22198602230483272,0.99999464117294,0.36331971422257653
0.36153846153846153,840697,0.22196701070659228,0.99999464117294,0.36329425049036074
0.3614414414414414,840701,0.22196595460217128,0.99999464117294,0.3632928359432265
0.3613793103448276,840716,0.22196199430009658,0.99999464117294,0.3632875314895787
0.3613636363636364,840720,0.2219609382434104,0.99999464117294,0.363286116994767
0.3611965811965812,840724,0.22195988219677326,0.99999464117294,0.36328470251097017
0.3611140583554377,840728,0.22195882616018497,0.99999464117294,0.3632832880381881
0.3611111111111111,840850,0.22192662187072604,0.99999464117294,0.3632401519088858
0.3610714285714286,840852,0.2219260940094095,0.99999464117294,0.36323944484456816
0.3610344827586207,840856,0.2219250382943096,0.99999464117294,0.3632380307241908
0.361,840857,0.22192477436710403,0.99999464117294,0.36323767719581684
0.3609090909090909,840863,0.22192319081705345,0.99999464117294,0.3632355560400245
0.36084010840108405,840864,0.22192292689424212,0.99999464117294,0.3632352025164676
0.3607834101382489,840866,0.2219223990505027,0.99999464117294,0.3632344954714183
0.3607692307692308,840871,0.2219210794521395,0.99999464117294,0.3632327278708373
0.3607142857142857,840931,0.221905245495766,0.99999464117294,0.3632115180056426
0.36071428571428565,840935,0.22190418997901146,0.99999464117294,0.3632101041026994
0.3605714285714286,840941,0.22190260672270706,0.99999464117294,0.3632079832689244
0.3604895104895105,840945,0.22190155123105554,0.99999464117294,0.3632065693935009
0.36040209790209793,840947,0.22190102348899515,0.99999464117294,0.363205862459917
0.3603636363636364,840949,0.22190049574944498,0.99999464117294,0.363205155529085
0.36034482758620695,840951,0.221899968012405,0.99999464117294,0.36320444860100487
0.3603448275862069,841036,0.2218775415083302,0.99999464117294,0.3631744067011533
0.3603174603174603,841055,0.22187252914494296,0.99999464117294,0.36316769213253763
0.36028846153846156,841059,0.2218714739394026,0.99999464117294,0.36316627857078215
0.3601442307692308,841068,0.22186909976363386,0.99999464117294,0.36316309809706565
0.36010989010989014,841070,0.22186857217591877,0.99999464117294,0.3631623913326937
0.36003861003861004,841071,0.22186830838300214,0.99999464117294,0.36316203795153934
0.36003031451307316,841073,0.22186778079905073,0.99999464117294,0.3631613311912938
0.36000000000000004,841530,0.22174729361995413,0.99999464117294,0.36299990857258463
0.36,841593,0.221730694052826,0.99999464117294,0.36297766681806376
0.3599547511312217,841597,0.22172964019596078,0.99999464117294,0.3629762547351938
0.35986013986013987,841609,0.22172647868547032,0.99999464117294,0.362972018552504
0.3597101449275362,841613,0.2217254248686748,0.99999464117294,0.36297060651358026
0.3596825396825397,841615,0.22172489796403344,0.99999464117294,0.3629699004982382
0.3596774193548387,841646,0.22171673126231217,0.99999464117294,0.36295895761164065
0.3595927601809955,841652,0.22171515067985342,0.99999464117294,0.362956839709801
0.3595785440613027,841656,0.22171409697073388,0.99999464117294,0.36295542778897244
0.3594982078853047,841660,0.22171304327162988,0.99999464117294,0.36295401587912884
0.35947368421052633,841666,0.22171146274175266,0.99999464117294,0.36295189803495953
0.3594202898550725,841670,0.22171040906768685,0.99999464117294,0.3629504861525774
0.35937500000000006,841674,0.2217093554036361,0.99999464117294,0.3629490742811797
0.359375,841704,0.22170145324247004,0.99999464117294,0.3629384855958114
0.35935483870967744,841706,0.22170092645175393,0.99999464117294,0.36293777970542074
0.3592857142857143,841712,0.2216993460946262,0.99999464117294,0.3629356620507235
0.3592397660818714,841716,0.22169829253572465,0.99999464117294,0.36293425029465426
0.3591304347826087,841738,0.22169249814075165,0.99999464117294,0.36292648583258946
0.35910256410256414,841739,0.2216922347663587,0.99999464117294,0.36292613291038917
0.35909090909090907,841906,0.22164826001952712,0.99999464117294,0.36286720453003063
0.35905882352941176,841910,0.22164720694611062,0.99999464117294,0.36286579330648566
0.358974358974359,841912,0.22164668041315483,0.99999464117294,0.36286508769882936
0.3589162561576355,841919,0.22164483756750947,0.99999464117294,0.3628626180936427
0.3588888888888889,841923,0.22164378452661349,0.99999464117294,0.36286120690577145
0.3588235294117647,841943,0.2216385194722208,0.99999464117294,0.3628541511310571
0.3587445887445887,841947,0.2216374664913587,0.99999464117294,0.3628527400090418
0.35873015873015873,841953,0.2216358870388252,0.99999464117294,0.36285062334659784
0.35870967741935483,841968,0.22163193850597648,0.99999464117294,0.36284533179852535
0.3586190476190476,841972,0.22163088558764424,0.99999464117294,0.3628439207451049
0.35858585858585856,841976,0.22162983267931627,0.99999464117294,0.36284250970265913
0.3585714285714286,841993,0.22162535793052912,0.99999464117294,0.36283651289469876
0.35857142857142854,842015,0.22161956734737503,0.99999464117294,0.36282875261393144
0.35846153846153844,842019,0.22161851454658388,0.99999464117294,0.3628273416894559
0.3583791208791209,842021,0.22161798814993924,0.99999464117294,0.36282663623133316
0.3583333333333334,842041,0.22161272432102475,0.99999464117294,0.3628195818009836
0.35833333333333334,842057,0.22160851343792642,0.99999464117294,0.3628139384542101
0.3582488479262673,842063,0.2216069343980201,0.99999464117294,0.3628118222444299
0.3582437275985663,842076,0.22160351322208446,0.99999464117294,0.3628072372079278
0.35820512820512823,842080,0.22160246057381722,0.99999464117294,0.36280582645078
0.3581081081081081,842085,0.22160114477754622,0.99999464117294,0.36280406301977364
0.35809523809523813,842089,0.22160009215177967,0.99999464117294,0.362802652287311
0.35808080808080806,842091,0.22159956584264645,0.99999464117294,0.36280194692519385
0.3580459770114942,842095,0.22159851323188,0.99999464117294,0.36280053620918773
0.35804195804195804,842099,0.22159746063111344,0.99999464117294,0.36279912550415233
0.3579464285714286,842101,0.22159693433448008,0.99999464117294,0.36279842015574865
0.35789473684210527,842105,0.22159588174871306,0.99999464117294,0.3627970094671692
0.3577922077922078,842107,0.22159535545957937,0.99999464117294,0.3627963041269934
0.3577777777777778,842112,0.22159403974768202,0.99999464117294,0.3627945407885528
0.3576388888888889,842116,0.22159298718941334,0.99999464117294,0.3627931301301418
0.3575757575757576,842121,0.22159167150563874,0.99999464117294,0.3627913668225548
0.3575,842160,0.22158140970836895,0.99999464117294,0.3627776136116209
0.35745454545454547,842164,0.2215803572700804,0.99999464117294,0.3627762030848429
0.35745007680491553,842176,0.22157720001519873,0.99999464117294,0.36277197157031993
0.3573809523809524,842178,0.22157667381479926,0.99999464117294,0.36277126632749673
0.35734265734265735,842182,0.22157562142149798,0.99999464117294,0.36276985585007626
0.3573170731707317,842188,0.22157404285028995,0.99999464117294,0.36276774015451063
0.3573076923076923,842192,0.22157299048198037,0.99999464117294,0.36276632970451006
0.3572916666666667,842194,0.22157246430157423,0.99999464117294,0.3627656244836227
0.3572727272727273,842208,0.22156878110870473,0.99999464117294,0.3627606880141833
0.35714285714285715,842248,0.2215582583752054,0.99999464117294,0.3627465845560506
0.3570707070707071,842259,0.22155536479871393,0.99999464117294,0.36274270629731536
0.35705329153605014,842263,0.22155431260781966,0.99999464117294,0.3627412960419723
0.35694444444444445,842271,0.2215522082560126,0.99999464117294,0.362738475564182
0.35694183864915574,842275,0.2215511560950996,0.99999464117294,0.36273706534173467
0.3568452380952381,842281,0.22154957787246773,0.99999464117294,0.3627349500286231
0.3566666666666667,842289,0.2215474736106016,0.99999464117294,0.36273212964951784
0.35666666666666663,842292,0.2215466845227071,0.99999464117294,0.3627310720186607
0.3565934065934066,842296,0.22154563241425818,0.99999464117294,0.36272966185377836
0.3565656565656566,842300,0.22154458031580196,0.99999464117294,0.36272825169986045
0.3565359477124183,842304,0.22154352822733836,0.99999464117294,0.3627268415569067
0.35651515151515156,842306,0.22154300218685372,0.99999464117294,0.3627261364895414
0.35647058823529415,842316,0.22154037202190152,0.99999464117294,0.3627226111938297
0.3564661654135339,842320,0.22153931997340678,0.99999464117294,0.3627212010947316
0.35644444444444445,842324,0.22153826793490392,0.99999464117294,0.3627197910065971
0.35642857142857143,842328,0.22153721590639275,0.99999464117294,0.3627183809294261
0.3563636363636364,842693,0.2214412603403612,0.99999464117294,0.3625897575150515
0.3561688311688312,842697,0.2214402092329746,0.99999464117294,0.3625883484487105
0.35611111111111116,842701,0.22143915813556647,0.99999464117294,0.36258693939332115
0.35608695652173916,842711,0.22143653043570097,0.99999464117294,0.36258341680275985
0.35603174603174603,842721,0.22143390279819775,0.99999464117294,0.362579894280643
0.356,842743,0.2214281222151949,0.99999464117294,0.36257214497290036
0.355982905982906,842755,0.22142496929712668,0.99999464117294,0.36256791821738293
0.35595238095238096,842759,0.22142391834439026,0.99999464117294,0.3625665093207767
0.35579710144927534,842767,0.22142181646884607,0.99999464117294,0.36256369156041285
0.3557575757575758,842771,0.221420765546038,0.99999464117294,0.36256228269665497
0.3557422969187675,842775,0.22141971463320578,0.99999464117294,0.3625608738438462
0.35571428571428576,842779,0.22141866373034924,0.99999464117294,0.36255946500198655
0.3557142857142857,842785,0.22141708739476854,0.99999464117294,0.36255735175972637
0.3555555555555556,842786,0.22141682467435386,0.99999464117294,0.36255699955507803
0.35555555555555557,842796,0.22141419750449692,0.99999464117294,0.36255347754623063
0.35545454545454547,842800,0.22141314665401043,0.99999464117294,0.3625520687618515
0.35535714285714287,842802,0.22141262123250777,0.99999464117294,0.3625513643737675
0.35535117056856186,842812,0.2214099941623992,0.99999464117294,0.3625478424744031
0.3552941176470588,842826,0.2214063163689777,0.99999464117294,0.3625429119302451
0.35523809523809524,842829,0.22140552828628346,0.99999464117294,0.3625418554025161
0.3551587301587302,842833,0.22140447751808484,0.99999464117294,0.3625404467084563
0.3551051051051051,842834,0.22140421482759357,0.99999464117294,0.36254009453665187
0.35500000000000004,842864,0.22139633440270318,0.99999464117294,0.3625295297006621
0.355,842866,0.22139580906098952,0.99999464117294,0.3625288254001558
0.3548076923076923,842872,0.22139423305080724,0.99999464117294,0.36252671251505614
0.35478927203065136,842875,0.22139344505413022,0.99999464117294,0.36252565608174203
0.3547619047619047,842877,0.22139291972612848,0.99999464117294,0.36252495179628647
0.3546783625730994,842896,0.22138792923444886,0.99999464117294,0.3625182612209375
0.3546153846153846,842910,0.2213842521740162,0.99999464117294,0.3625133314813339
0.35454545454545455,842914,0.22138320160775596,0.99999464117294,0.3625119230089303
0.35446428571428573,842918,0.22138215105146644,0.99999464117294,0.36251051454747135
0.3544202898550725,842922,0.22138110050514756,0.99999464117294,0.36250910609695686
0.3543956043956044,842926,0.22138004996879915,0.99999464117294,0.3625076976573867
0.35437500000000005,842930,0.22137899944242106,0.99999464117294,0.3625062892287608
0.35432432432432437,842942,0.2213758479231074,0.99999464117294,0.3625020640085474
0.3543076923076923,842946,0.22137479743660923,0.99999464117294,0.3625006556236972
0.3542857142857143,842964,0.22137007037073944,0.99999464117294,0.3624943180272968
0.3542735042735043,842972,0.22136796951737425,0.99999464117294,0.36249150138891584
0.35403225806451616,842974,0.22136744431026342,0.99999464117294,0.3624907972361599
0.35400000000000004,842990,0.22136324274309305,0.99999464117294,0.3624851641125954
0.353968253968254,842994,0.22136219237622096,0.99999464117294,0.3624837558590601
0.3539285714285714,842998,0.22136114201931678,0.99999464117294,0.36248234761646686
0.3538888888888889,843002,0.22136009167238038,0.99999464117294,0.36248093938481557
0.35387931034482756,843006,0.22135904133541162,0.99999464117294,0.36247953116410614
0.35384615384615387,843037,0.22135090156185316,0.99999464117294,0.36246861782459
0.3537878787878788,843040,0.2213501138736003,0.99999464117294,0.36246756172983385
0.3535714285714286,843042,0.22134958875121286,0.99999464117294,0.3624668576700821
0.35352437417654814,843044,0.22134906363131698,0.99999464117294,0.3624661536130654
0.35341880341880344,843059,0.22134512531151437,0.99999464117294,0.36246087327262116
0.3533333333333334,843063,0.22134407511656898,0.99999464117294,0.36245946520781874
0.35333333333333333,843405,0.22125432028503506,0.99999464117294,0.36233911610824326
0.35326797385620917,843407,0.2212537956170627,0.99999464117294,0.3623384125473901
0.3531746031746032,843413,0.22125222162807545,0.99999464117294,0.3623363018812238
0.35307692307692307,843427,0.22124854907419372,0.99999464117294,0.36233137708912805
0.35304347826086957,843431,0.22124749979547823,0.99999464117294,0.36232997003026096
0.353030303030303,843441,0.22124487664223105,0.99999464117294,0.3623264524309037
0.35302197802197804,843451,0.22124225355118435,0.99999464117294,0.3623229348998456
0.353015873015873,843455,0.22124120433218133,0.99999464117294,0.36232152790654554
0.3529545454545455,843459,0.22124015512312986,0.99999464117294,0.3623201209241729
0.3529177718832891,843463,0.22123910592402987,0.99999464117294,0.3623187139527276
0.35285714285714287,843465,0.22123858132821161,0.99999464117294,0.36231801047110257
0.3527777777777778,843471,0.2212370075556836,0.99999464117294,0.36231590004261804
0.35266666666666663,843475,0.22123595838643706,0.99999464117294,0.36231449310395375
0.35259740259740263,843476,0.22123569609568025,0.99999464117294,0.362314141370995
0.3525345622119816,843480,0.2212346469388723,0.99999464117294,0.36231273444598905
0.3525252525252525,843542,0.22121838628070684,0.99999464117294,0.3622909285055575
0.35250000000000004,843550,0.2212162883053761,0.99999464117294,0.36228811502701525
0.35243243243243244,843566,0.22121209247409213,0.99999464117294,0.3622824882010224
0.3522727272727273,843568,0.22121156800637293,0.99999464117294,0.36228178486006274
0.35225108225108226,843572,0.2212105190783952,0.99999464117294,0.3622803781863364
0.3522222222222222,843587,0.221206585687072,0.99999464117294,0.36227510325715034
0.3521978021978022,843589,0.22120606124546432,0.99999464117294,0.36227439994486493
0.3521739130434783,843590,0.221205799025593,0.99999464117294,0.36227404828974624
0.3521531100478469,843592,0.22120527458771538,0.99999464117294,0.362273344981557
0.35214285714285715,843627,0.22119609732737336,0.99999464117294,0.3622610375302722
0.3520779220779221,843631,0.22119504854610605,0.99999464117294,0.362259631017657
0.35200000000000004,843635,0.22119399977478413,0.99999464117294,0.3622582245159637
0.35198511166253105,843641,0.22119242663644845,0.99999464117294,0.3622561147839018
0.351969696969697,843645,0.22119137788998927,0.99999464117294,0.3622547083095123
0.35193236714975845,843662,0.22118692082848346,0.99999464117294,0.362248730915197
0.3517595307917889,843668,0.22118534779083715,0.99999464117294,0.3622466212937116
0.35168269230769234,843672,0.22118429911150306,0.99999464117294,0.3622452148930388
0.35157894736842105,843689,0.22117984233526808,0.99999464117294,0.3622392378120095
0.35147058823529415,843691,0.2211793180204601,0.99999464117294,0.3622385346389737
0.3514285714285714,843719,0.22117197787415005,0.99999464117294,0.3622286905031121
0.3514102564102564,843721,0.22117145359662732,0.99999464117294,0.36222798737102424
0.3513888888888889,843748,0.22116437609333592,0.99999464117294,0.3622184953550035
0.3513636363636364,843749,0.22116411397228322,0.99999464117294,0.36221814380840817
0.35129870129870133,843751,0.2211635897320418,0.99999464117294,0.3622174407172646
0.35128205128205126,843775,0.2211572990429913,0.99999464117294,0.3622090038364375
0.3512605042016807,843779,0.221156250629608,0.99999464117294,0.36220759772784406
0.3511965811965812,843780,0.22115598852781532,0.99999464117294,0.36220724620240147
0.35113871635610766,843782,0.2211554643260937,0.99999464117294,0.3622065431535632
0.35113122171945704,843784,0.2211549401268571,0.99999464117294,0.3622058401074542
0.35111111111111115,843792,0.2211528433547604,0.99999464117294,0.3622030279503105
0.35108695652173916,843793,0.22115258126104387,0.99999464117294,0.3622026764337379
0.3510606060606061,843795,0.2211520570754745,0.99999464117294,0.36220197340263954
0.3510344827586207,843816,0.22114655327701774,0.99999464117294,0.3621945917408756
0.35095238095238096,843817,0.22114629119821003,0.99999464117294,0.3621942402406774
0.3509523809523809,843821,0.22114524288919096,0.99999464117294,0.36219283424670695
0.3509090909090909,843823,0.2211447187384084,0.99999464117294,0.3621921312538151
0.3508888888888889,843858,0.22113554650189962,0.99999464117294,0.36217982931993875
0.3508791208791209,843860,0.22113502239708008,0.99999464117294,0.3621791263775294
0.35085227272727276,843866,0.22113345009752733,0.99999464117294,0.36217701756667314
0.3508333333333334,843867,0.2211331880497756,0.99999464117294,0.36217666610058463
0.35079365079365077,843871,0.22113213986497937,0.99999464117294,0.362175260243052
0.3507692307692308,843980,0.22110358065357,0.99999464117294,0.3621369548257888
0.3507575757575757,843984,0.221102532749436,0.99999464117294,0.36213554927653235
0.35071428571428576,843992,0.22110043697096654,0.99999464117294,0.36213273821075104
0.35048611111111116,843993,0.22110017500145143,0.99999464117294,0.3621323868305969
0.3504761904761905,843997,0.2210991271295988,0.99999464117294,0.3621309813167993
0.35042735042735046,844029,0.2210907445123331,0.99999464117294,0.3621197375991741
0.35034482758620694,844033,0.2210896967298672,0.99999464117294,0.36211833218356343
0.3503030303030303,844037,0.22108864895733243,0.99999464117294,0.36211692677886176
0.35028846153846155,844041,0.2210876011947287,0.99999464117294,0.3621155213850691
0.35000000000000003,844134,0.22106324351347062,0.99999464117294,0.36208284905437055
0.35,845943,0.22059051259954868,0.99999464117294,0.3614484901956417
0.3498917748917749,845945,0.22058999107506988,0.99999464117294,0.36144779008922545
0.34987179487179493,845954,0.22058764424543179,0.99999464117294,0.3614446396439148
0.3498076923076923,845956,0.22058712273451575,0.99999464117294,0.36144393955241516
0.3497619047619048,845958,0.2205866012260656,0.99999464117294,0.3614432394636275
0.3496640141467728,845962,0.22058555821656292,0.99999464117294,0.36144183929418827
0.34960317460317464,845992,0.2205777359596781,0.99999464117294,0.3614313383691652
0.3493939393939394,845994,0.22057721449561107,0.99999464117294,0.36143063832919164
0.34937500000000005,846002,0.22057512866399842,0.99999464117294,0.36142783819641494
0.3493650793650794,846006,0.22057408576298512,0.99999464117294,0.3614264381462967
0.34935483870967743,846017,0.22057121783604822,0.99999464117294,0.361422588064399
0.3492682926829268,846021,0.22057017497201606,0.99999464117294,0.3614211880549549
0.3492337164750958,846048,0.22056313589772683,0.99999464117294,0.36141173827489503
0.34920634920634924,846054,0.22056157172000843,0.99999464117294,0.3614096383908772
0.34912280701754383,846056,0.2205610503323657,0.99999464117294,0.36140893843496047
0.3490909090909091,846061,0.22055974687404337,0.99999464117294,0.3614071885570304
0.34903225806451615,846094,0.22055114443548826,0.99999464117294,0.3613956397876638
0.3488888888888889,846134,0.22054071813684356,0.99999464117294,0.3613816422688338
0.3488636363636364,846142,0.22053863299540738,0.99999464117294,0.36137884289518274
0.34882352941176475,846144,0.22053811171620907,0.99999464117294,0.3613781430585465
0.34880952380952385,846146,0.220537590439475,0.99999464117294,0.3613774432246208
0.3488095238095238,846148,0.22053706916520513,0.99999464117294,0.3613767433934056
0.34875,846172,0.22053081406617095,0.99999464117294,0.36136834563024073
0.3487179487179487,846180,0.22052872911200927,0.99999464117294,0.36136554646258473
0.3487060041407868,846182,0.22052820787962873,0.99999464117294,0.3613648466774465
0.3486781609195403,846190,0.22052612297474564,0.99999464117294,0.3613620475639961
0.34864864864864864,846192,0.22052560175468452,0.99999464117294,0.361361347792409
0.3485714285714286,846311,0.22049459359502593,0.99999464117294,0.36131971626042314
0.34856630824372764,846343,0.22048625675405834,0.99999464117294,0.36130852286313675
0.34844155844155844,846345,0.22048573572242997,0.99999464117294,0.3613078232988335
0.34844006568144503,846347,0.2204852146932641,0.99999464117294,0.3613071237372392
0.34826388888888893,846363,0.22048104654858494,0.99999464117294,0.36130152734200666
0.3482456140350877,846367,0.2204800045370389,0.99999464117294,0.3613001282702873
0.34821428571428575,846368,0.22047974403569134,0.99999464117294,0.3612997785040505
0.3481818181818182,846382,0.22047609708145968,0.99999464117294,0.36129488184783976
0.348125,846444,0.22045994773428604,0.99999464117294,0.3612731982513949
0.3480952380952381,846448,0.22045890592215941,0.99999464117294,0.3612717993990645
0.34807692307692306,846451,0.22045812456952618,0.99999464117294,0.36127075026692573
0.3480645161290323,846455,0.22045708277463066,0.99999464117294,0.36126935143355243
0.34805194805194806,846463,0.22045499921437794,0.99999464117294,0.3612665537993032
0.3480107526881721,846467,0.22045395744902047,0.99999464117294,0.3612651549984271
0.348,846471,0.2204529156935087,0.99999464117294,0.36126375620838286
0.347979797979798,846488,0.22044848834242187,0.99999464117294,0.36125781147153796
0.3479020979020979,846490,0.22044796748927925,0.99999464117294,0.3612571121035952
0.34771428571428575,846494,0.22044692579037772,0.99999464117294,0.3612557133758332
0.34771241830065364,846511,0.2204424986798754,0.99999464117294,0.36124976890367905
0.3477022977022977,846515,0.2204414570326574,0.99999464117294,0.3612483702327796
0.3476470588235294,846528,0.2204380717471838,0.99999464117294,0.3612438246271546
0.34761904761904766,846530,0.2204375509432625,0.99999464117294,0.3612431253133657
0.3476190476190476,846534,0.22043650934280254,0.99999464117294,0.3612417266939104
0.34747023809523814,846536,0.22043598854626384,0.99999464117294,0.36124102738824404
0.34746031746031747,846544,0.22043390538471716,0.99999464117294,0.36123823019265316
0.3472727272727273,846619,0.22041437765984462,0.99999464117294,0.36121200859056135
0.34727272727272723,846621,0.22041385696787583,0.99999464117294,0.36121130939994905
0.3472527472527473,846629,0.22041177422460134,0.99999464117294,0.36120851266456777
0.34722222222222227,846636,0.22040995185652393,0.99999464117294,0.36120606555663515
0.3471861471861472,846639,0.2204091708508585,0.99999464117294,0.36120501680624284
0.3471428571428572,846641,0.22040865018348982,0.99999464117294,0.36120431764269795
0.34714285714285714,846649,0.22040656753861398,0.99999464117294,0.36120152101558467
0.3471395881006865,846650,0.22040630721077187,0.99999464117294,0.3612011714402405
0.34710941232680365,846654,0.22040526590555293,0.99999464117294,0.36119977314563007
0.3470770421989934,846658,0.22040422461017317,0.99999464117294,0.36119837486184586
0.34705159705159705,846662,0.2204031833246325,0.99999464117294,0.36119697658888766
0.34699699699699704,846670,0.2204011007830678,0.99999464117294,0.36119418007544923
0.34690476190476194,846674,0.22040005952704347,0.99999464117294,0.36119278183496856
0.34682539682539687,846679,0.22039875797084846,0.99999464117294,0.36119103404959124
0.3467857142857143,846681,0.22039823735267475,0.99999464117294,0.36119033494017644
0.3467836257309942,846693,0.2203951136952827,0.99999464117294,0.36118614034052027
0.3467777777777778,846694,0.22039485339449671,0.99999464117294,0.36118579079494667
0.34675324675324676,846698,0.22039381219750134,0.99999464117294,0.36118439261941765
0.3467272727272728,846702,0.22039277101034366,0.99999464117294,0.36118299445471347
0.3467084639498433,846704,0.2203922504204539,0.99999464117294,0.36118229537642066
0.3466666666666667,846763,0.22037689412503852,0.99999464117294,0.36116167378414915
0.3466666666666666,846769,0.22037533258775416,0.99999464117294,0.3611595768049802
0.34661904761904766,846773,0.22037429157519192,0.99999464117294,0.3611581788323958
0.3466183574879227,846777,0.22037325057246476,0.99999464117294,0.36115678087063385
0.34659977703455963,846779,0.2203727300747893,0.99999464117294,0.3611560818938113
0.3465909090909091,846780,0.22037246982687356,0.99999464117294,0.36115573240641463
0.34647058823529414,846800,0.22036726499763817,0.99999464117294,0.36114874280052023
0.3464285714285714,846802,0.22036674452823682,0.99999464117294,0.3611480438548108
0.3463888888888889,846804,0.220366224061294,0.99999464117294,0.3611473449118067
0.3463768115942029,846806,0.22036570359680965,0.99999464117294,0.361146645971508
0.3463636363636364,846810,0.2203646626752164,0.99999464117294,0.3611452480990267
0.3463450292397661,846812,0.22036414221810743,0.99999464117294,0.3611445491668441
0.34621621621621623,846818,0.22036258086153104,0.99999464117294,0.36114245238652787
0.3461538461538462,846822,0.2203615399694387,0.99999464117294,0.3611410545465102
0.34615384615384615,846824,0.22036101952708,0.99999464117294,0.36114035563055913
0.34608695652173915,846930,0.22033343959949464,0.99999464117294,0.36110331695593195
0.34580419580419586,846934,0.22033239898268342,0.99999464117294,0.36110191941885283
0.34578947368421054,846955,0.22032693590568567,0.99999464117294,0.36109458252665777
0.3457386363636364,846959,0.22032589535030622,0.99999464117294,0.36109318505718546
0.3457264957264957,846963,0.22032485480475533,0.99999464117294,0.3610917875985297
0.34571428571428575,846964,0.2203245946699033,0.99999464117294,0.3610914382355559
0.3457142857142857,847021,0.22030976799866828,0.99999464117294,0.3610715256634634
0.3456989247311828,847030,0.22030742712772866,0.99999464117294,0.3610683817738899
0.3456959706959707,847034,0.2203063867566119,0.99999464117294,0.36106698450720853
0.34569444444444447,847038,0.2203053463953211,0.99999464117294,0.36106558725134136
0.3456896551724138,847040,0.2203048262183604,0.99999464117294,0.3610648886274631
0.345625,847042,0.22030430604385615,0.99999464117294,0.3610641900062884
0.34554347826086956,847046,0.2203032657022169,0.99999464117294,0.36106279277204945
0.34545454545454546,847068,0.2202975439988289,0.99999464117294,0.3610551081770303
0.345320197044335,847072,0.22029650372105322,0.99999464117294,0.3610537110130794
0.34505494505494505,847076,0.2202954634531022,0.99999464117294,0.36105231385994174
0.34500000000000003,847255,0.22024892151713474,0.99999464117294,0.3609898023239056
0.34497536945812807,847257,0.22024840160659634,0.99999464117294,0.36098910399326795
0.34494949494949495,847265,0.2202463219889881,0.99999464117294,0.36098631069773557
0.34491039426523296,847269,0.22024528219491094,0.99999464117294,0.36098491406618005
0.34487179487179487,847273,0.22024424241065158,0.99999464117294,0.36098351744543133
0.34480519480519484,847274,0.22024398246612076,0.99999464117294,0.3609831682919327
0.34479166666666666,847278,0.22024294269413344,0.99999464117294,0.36098177168469253
0.3446969696969697,847280,0.22024242281182135,0.99999464117294,0.3609810733851249
0.34464285714285714,847282,0.2202419029319636,0.99999464117294,0.36098037508825886
0.3445299145299145,847286,0.22024086317961114,0.99999464117294,0.3609789785026318
0.3444444444444445,847290,0.22023982343707585,0.99999464117294,0.36097758192781104
0.34444444444444444,847388,0.22021435281122698,0.99999464117294,0.360943369219997
0.3444281524926686,847390,0.2202138330638785,0.99999464117294,0.3609426710689963
0.3443589743589744,847391,0.22021357319112428,0.99999464117294,0.3609423219945087
0.3443548387096774,847393,0.2202130534474559,0.99999464117294,0.3609416238475591
0.3443434343434344,847397,0.22021201396747922,0.99999464117294,0.3609402275617623
0.34433356117566644,847399,0.22021149423117092,0.99999464117294,0.3609395294229149
0.34432432432432436,847421,0.22020577729369464,0.99999464117294,0.3609318500738374
0.3442857142857143,847473,0.22019226571229997,0.99999464117294,0.36091370018402813
0.34428571428571425,847477,0.22019122642856384,0.99999464117294,0.3609123041142652
0.34415584415584416,847491,0.22018758901274468,0.99999464117294,0.36090741795514747
0.34404761904761905,847499,0.22018551054337526,0.99999464117294,0.36090462592362293
0.34400000000000003,847600,0.22015927324209533,0.99999464117294,0.3608693802407253
0.34396313364055303,847602,0.22015875375471033,0.99999464117294,0.3608686823759198
0.34393939393939393,847616,0.2201551174116581,0.99999464117294,0.3608637973978558
0.34382284382284384,847618,0.2201545979438851,0.99999464117294,0.3608630995546428
0.34375,847620,0.2201540784785635,0.99999464117294,0.3608624017141288
0.3436842105263158,847634,0.22015044228995062,0.99999464117294,0.36085751690610124
0.3436781609195403,847636,0.22014992284423973,0.99999464117294,0.36085681908717865
0.34367816091954023,847637,0.22014966312230352,0.99999464117294,0.3608564701787294
0.34363636363636363,847674,0.2201400538414532,0.99999464117294,0.36084356104041254
0.3435294117647059,847676,0.22013953444476428,0.99999464117294,0.360842863275464
0.34350649350649354,847680,0.22013849565873914,0.99999464117294,0.3608414677536624
0.34341692789968653,847684,0.22013745688251754,0.99999464117294,0.36084007224265485
0.3433333333333334,847688,0.22013641811609932,0.99999464117294,0.36083867674244124
0.3433333333333333,847692,0.22013537935948435,0.99999464117294,0.3608372812530214
0.3431818181818182,847698,0.22013382124294265,0.99999464117294,0.3608351880391296
0.3431372549019608,847702,0.22013278251083518,0.99999464117294,0.3608337925766937
0.34310924369747897,847706,0.22013174378853045,0.99999464117294,0.36083239712505094
0.34307692307692306,847845,0.22009565427643024,0.99999464117294,0.3607839118838652
0.34304347826086956,847895,0.22008267533126152,0.99999464117294,0.36076647433598547
0.34294117647058825,847899,0.22008163708177508,0.99999464117294,0.36076507940497266
0.342936507936508,847903,0.22008059884208453,0.99999464117294,0.3607636844847469
0.34285714285714286,847975,0.22006191220260032,0.99999464117294,0.36073857776514795
0.34276923076923077,847979,0.22006087414900605,0.99999464117294,0.36073718304985464
0.3427536231884058,848007,0.22005360804804677,0.99999464117294,0.3607274203447659
0.34272727272727277,848015,0.220051532107333,0.99999464117294,0.36072463109751085
0.34265734265734266,848017,0.22005101312827455,0.99999464117294,0.3607239337924369
0.3425,848073,0.22003648270844609,0.99999464117294,0.3607044103448309
0.34244444444444444,848075,0.22003596380037144,0.99999464117294,0.3607037131179308
0.34243697478991597,848077,0.22003544489474422,0.99999464117294,0.3607030158937261
0.3424342105263158,848081,0.22003440709083213,0.99999464117294,0.3607016214534029
0.3423076923076923,848268,0.21998590068233154,0.99999464117294,0.36063644339998224
0.34227272727272723,848270,0.21998538201280252,0.99999464117294,0.3606357464358117
0.3422222222222222,848381,0.21995659968811182,0.99999464117294,0.3605970691475948
0.3421455938697318,848383,0.2199560811567417,0.99999464117294,0.3605963723356048
0.34209401709401716,848385,0.21995556262781638,0.99999464117294,0.36059567552630795
0.34208211143695016,848399,0.21995193299379184,0.99999464117294,0.36059079793663235
0.342,848440,0.21994130404035642,0.99999464117294,0.36057651432590565
0.34195121951219515,848458,0.21993663799504512,0.99999464117294,0.3605702438298621
0.3418803418803419,848460,0.21993611955778705,0.99999464117294,0.36056954712154177
0.3418181818181818,848463,0.21993534190648267,0.99999464117294,0.3605685020641096
0.34175824175824177,848465,0.21993482347533486,0.99999464117294,0.3605678053625203
0.3417171717171717,848469,0.21993378662037152,0.99999464117294,0.36056641196741884
0.34166666666666673,848471,0.21993326819655593,0.99999464117294,0.36056571527390663
0.3416666666666667,848483,0.21993015770498642,0.99999464117294,0.36056153516937156
0.34153846153846157,848543,0.21991460656678566,0.99999464117294,0.36054063610043363
0.3414835164835165,848553,0.21991201492422985,0.99999464117294,0.360537153157818
0.34147727272727274,848562,0.2199096824981557,0.99999464117294,0.3605340185669986
0.34147435897435896,848564,0.21990916418796932,0.99999464117294,0.360533321998663
0.34144144144144145,848568,0.21990812757492623,0.99999464117294,0.3605319288700665
0.3414285714285714,848666,0.2198827336078033,0.99999464117294,0.36049780058226133
0.3413793103448276,848670,0.21988169724392284,0.99999464117294,0.36049640772816577
0.34137931034482755,848672,0.21988117906564608,0.99999464117294,0.3604957113051542
0.34121621621621623,848680,0.21987910637696187,0.99999464117294,0.3604929256400151
0.3411140583554377,848684,0.2198780700472732,0.99999464117294,0.36049153282358987
0.34111111111111114,848720,0.21986874351965313,0.99999464117294,0.36047899796006677
0.34109890109890106,848724,0.21986770728764593,0.99999464117294,0.3604776052512624
0.34093023255813953,848732,0.21986563485293356,0.99999464117294,0.3604748198659377
0.34090909090909094,848739,0.2198638215046086,0.99999464117294,0.36047238268908877
0.3409090909090909,848742,0.21986304436448295,0.99999464117294,0.3604713381948133
0.3408333333333334,848746,0.2198620081861947,0.99999464117294,0.3604699455451951
0.3408333333333333,848749,0.21986123105888786,0.99999464117294,0.3604689010650433
0.3408067542213884,848751,0.21986071297706866,0.99999464117294,0.36046820474830465
0.34078947368421053,848755,0.2198596768207551,0.99999464117294,0.36046681212289794
0.34071428571428575,848833,0.21983947372451354,0.99999464117294,0.3604396580780556
0.3406896551724138,848933,0.219813577749952,0.99999464117294,0.36040485118406707
0.3406666666666667,848941,0.2198115063355404,0.99999464117294,0.3604020669229558
0.3405714285714286,848945,0.21981047064297451,0.99999464117294,0.3604006748085323
0.3404761904761905,848954,0.2198081403703852,0.99999464117294,0.3603975425904002
0.3404248366013072,848958,0.21980710470953804,0.99999464117294,0.36039615051092827
0.3404040404040404,848962,0.2198060690584502,0.99999464117294,0.36039475844221064
0.34037433155080216,848974,0.21980296216374118,0.99999464117294,0.3603905823005807
0.34035087719298246,848975,0.2198027032598133,0.99999464117294,0.360390234293147
0.34034482758620693,849059,0.2197809575070755,0.99999464117294,0.3603610040679099
0.3403409090909091,849063,0.2197799221023646,0.99999464117294,0.36035961227069213
0.3402777777777778,849065,0.21977940440366756,0.99999464117294,0.36035891637611484
0.3401098901098901,849075,0.2197768159467656,0.99999464117294,0.36035543694354355
0.34,849352,0.21970513991843194,0.99999464117294,0.360259083362292
0.33999999999999997,849359,0.21970332921650326,0.99999464117294,0.3602566491017571
0.3398989898989899,849361,0.21970281187857696,0.99999464117294,0.36025595360478935
0.3398717948717949,849365,0.21970177721003337,0.99999464117294,0.36025456261890987
0.3398701298701299,849369,0.2197007425512351,0.99999464117294,0.360253171643772
0.3398409090909091,849371,0.2197002252254904,0.99999464117294,0.36025247616023104
0.3397759103641457,849372,0.21969996656353163,0.99999464117294,0.3602521284194675
0.33974358974358976,849383,0.21969712132218328,0.99999464117294,0.3602483033153763
0.3396825396825397,849387,0.21969608670723711,0.99999464117294,0.36024691238857326
0.33967741935483875,849414,0.21968910331122396,0.99999464117294,0.3602375239135848
0.33966346153846155,849418,0.21968806877179434,0.99999464117294,0.3602361330700195
0.3395804195804196,849422,0.21968703424210817,0.99999464117294,0.36023474223719393
0.3395752895752896,849423,0.21968677561120903,0.99999464117294,0.3602343945306656
0.3394736842105263,849428,0.2196854824658476,0.99999464117294,0.3602326560080924
0.3394454382826476,849432,0.2196844479605195,0.99999464117294,0.3602312652021158
0.3393939393939394,849434,0.21968393071150907,0.99999464117294,0.36023056980315465
0.33937500000000004,849464,0.21967617226863057,0.99999464117294,0.3602201391409091
0.3393548387096774,849576,0.21964721225646675,0.99999464117294,0.36018120333840326
0.3393406593406594,849578,0.21964669518278487,0.99999464117294,0.3601805081327098
0.3392857142857143,849592,0.2196430757351764,0.99999464117294,0.36017564176799843
0.33916666666666667,849600,0.21964100753295668,0.99999464117294,0.36017286104720286
0.33913043478260874,849602,0.21964049048848755,0.99999464117294,0.36017216587371287
0.3391304347826087,849605,0.21963971492634812,0.99999464117294,0.3601711231185094
0.3390909090909091,849641,0.21963040860787086,0.99999464117294,0.3601586105270066
0.3390476190476191,849643,0.21962989161330113,0.99999464117294,0.36015791540852554
0.3389198606271777,849647,0.21962885763146342,0.99999464117294,0.3601565251796131
0.3388888888888889,850601,0.21938253070476052,0.99999464117294,0.35982526183247543
0.33888888888888885,850602,0.21938227279032968,0.99999464117294,0.3598249149159765
0.33882352941176475,850629,0.2193753093299194,0.99999464117294,0.35981554842335933
0.3388111888111888,850632,0.21937453563938342,0.99999464117294,0.35981450773205814
0.33875,850755,0.21934281902545386,0.99999464117294,0.35977184457128314
0.33870967741935487,850757,0.2193423033839275,0.99999464117294,0.3597711509449422
0.3387096774193548,850761,0.21934127210814788,0.99999464117294,0.3597697637002841
0.3386781609195402,850765,0.21934024084206566,0.99999464117294,0.35976837646632404
0.33866666666666667,850769,0.2193392095856807,0.99999464117294,0.35976698924306205
0.33866366366366374,850771,0.21933869396112468,0.99999464117294,0.35976629563544277
0.3386363636363636,850776,0.21933740491034068,0.99999464117294,0.3597645616280953
0.3386178861788618,850780,0.21933637368062248,0.99999464117294,0.35976317443425215
0.3385714285714286,850803,0.2193304442979162,0.99999464117294,0.35975519827724983
0.33851674641148327,850815,0.21932735083420016,0.99999464117294,0.35975103694442867
0.3384615384615385,850819,0.21932631969901942,0.99999464117294,0.35974964985488134
0.3383870967741936,850821,0.21932580413506483,0.99999464117294,0.3597489563141188
0.3383333333333334,850914,0.2193018330877151,0.99999464117294,0.3597167096215791
0.3382857142857143,850928,0.21929822499670948,0.99999464117294,0.3597118557813897
0.3382488479262673,850932,0.21929719413537158,0.99999464117294,0.3597104689939665
0.3382051282051282,850936,0.21929616328372523,0.99999464117294,0.35970908221723613
0.3381818181818182,851049,0.21926704572827183,0.99999464117294,0.3596699101919035
0.33817733990147786,851057,0.21926498460150143,0.99999464117294,0.3596671372745539
0.3380952380952381,851141,0.2192433451096822,0.99999464117294,0.35963802422358393
0.33809523809523806,851156,0.21923948136416826,0.99999464117294,0.35963282596043034
0.33804347826086956,851166,0.21923690560948159,0.99999464117294,0.35962936053514544
0.33803418803418805,851170,0.21923587532455327,0.99999464117294,0.3596279743837314
0.337987012987013,851172,0.2192353601857204,0.99999464117294,0.3596272813120315
0.3379464285714286,851174,0.21923484504930837,0.99999464117294,0.35962658824300286
0.3378947368421053,851180,0.21923329965459715,0.99999464117294,0.35962450905194504
0.33779220779220787,851181,0.21923304209093014,0.99999464117294,0.3596241625224395
0.3377622377622378,851185,0.21923201184231395,0.99999464117294,0.35962277641109547
0.33772727272727276,851199,0.21922840604840937,0.99999464117294,0.35961792510553503
0.3376923076923077,851209,0.21922583055395325,0.99999464117294,0.35961445996741237
0.3376470588235294,851327,0.21919544428873983,0.99999464117294,0.35957357638002385
0.3376254180602007,851331,0.21919441439346155,0.99999464117294,0.3595721906586033
0.3376175548589342,851333,0.2191938994494516,0.99999464117294,0.3595714978018981
0.3375,851354,0.21918849268341958,0.99999464117294,0.35956422296770013
0.33749999999999997,851366,0.2191854032225858,0.99999464117294,0.3595600660517508
0.3373684210526316,851370,0.21918437342166155,0.99999464117294,0.35955868043446004
0.3373614190687362,851374,0.2191833436304139,0.99999464117294,0.35955729482784865
0.33735632183908043,851397,0.21917742251851957,0.99999464117294,0.35954932779707227
0.3373015873015873,851405,0.2191753630763268,0.99999464117294,0.35954655673869207
0.3371794871794872,851406,0.2191751056487739,0.99999464117294,0.3595462103593978
0.3371428571428572,851414,0.21917304625012038,0.99999464117294,0.3595434393490697
0.33714285714285713,851488,0.2191539986470743,0.99999464117294,0.35951780952821316
0.33703933747412007,851490,0.21915348389294062,0.99999464117294,0.3595171168810652
0.33701298701298704,851494,0.2191524543919276,0.99999464117294,0.35951573159477584
0.3370114942528736,851498,0.21915142490058698,0.99999464117294,0.359514346319162
0.337,851504,0.21914988068171143,0.99999464117294,0.3595122684257575
0.3369767441860465,851506,0.21914936594692228,0.99999464117294,0.35951157579996035
0.336938061938062,851508,0.21914885121455113,0.99999464117294,0.3595108831768319
0.33690476190476193,851512,0.21914782175706274,0.99999464117294,0.35950949793858133
0.33687500000000004,851514,0.21914730703194546,0.99999464117294,0.3595088053234591
0.33666666666666667,851664,0.21910870953803377,0.99999464117294,0.3594568667940578
0.3365934065934066,851668,0.21910768045764312,0.99999464117294,0.35945548197203825
0.33653846153846156,851686,0.21910304971550548,0.99999464117294,0.35944925040499126
0.3363636363636364,851694,0.21910099167071742,0.99999464117294,0.3594464808889899
0.33636363636363636,851801,0.21907346903795605,0.99999464117294,0.3594094427147685
0.3363636363636363,851803,0.21907295466205215,0.99999464117294,0.3594087504851162
0.33627450980392154,851805,0.2190724402885637,0.99999464117294,0.35940805825813044
0.3362637362637363,851807,0.2190719259174907,0.99999464117294,0.35940736603381107
0.33625541125541125,851809,0.21907141154883314,0.99999464117294,0.3594066738121583
0.3362162162162162,851865,0.21905701020701637,0.99999464117294,0.35938729268839925
0.3361751152073733,851871,0.21905546731840853,0.99999464117294,0.3593852162634006
0.33611111111111114,851878,0.21905366730916867,0.99999464117294,0.35938279379789423
0.33602564102564103,851882,0.21905263874574177,0.99999464117294,0.3593814095465532
0.33602150537634407,851891,0.21905032451334736,0.99999464117294,0.35937829502002405
0.33599999999999997,851903,0.21904723894621805,0.99999464117294,0.3593741424019582
0.33598585322723257,851905,0.21904672469348108,0.99999464117294,0.35937345030827733
0.33582375478927207,851909,0.2190456961952509,0.99999464117294,0.3593720661289127
0.3357894736842105,852068,0.2190048212114526,0.99999464117294,0.35931705363366434
0.3357707509881423,852090,0.21899916675468553,0.99999464117294,0.3593094431682741
0.33571428571428574,852146,0.21898477490946386,0.99999464117294,0.35929007252920325
0.3357142857142857,852154,0.2189827190859868,0.99999464117294,0.35928730546554455
0.33567307692307696,852156,0.21898220513614877,0.99999464117294,0.35928661370628934
0.3356643356643357,852160,0.2189811772437101,0.99999464117294,0.35928523019577036
0.3356625258799172,852170,0.21897860755483062,0.99999464117294,0.35928177146608803
0.33564102564102566,852172,0.2189780936242918,0.99999464117294,0.35928107972814255
0.33558292282430213,852176,0.21897706577045117,0.99999464117294,0.35927969626024275
0.3355555555555556,852180,0.21897603792625972,0.99999464117294,0.3592783128029974
0.33553846153846156,852186,0.21897449617806442,0.99999464117294,0.35927623763710614
0.3354761904761905,852204,0.21896987106373592,0.99999464117294,0.35927001228326205
0.33541666666666664,852215,0.2189670447011611,0.99999464117294,0.3592662080065613
0.3353846153846154,852255,0.21895676763410013,0.99999464117294,0.35925237495223145
0.33535353535353535,852259,0.21895573998045195,0.99999464117294,0.3592509917053867
0.33534482758620693,852268,0.21895342779501284,0.99999464117294,0.3592478794389321
0.33533333333333337,852272,0.2189524001727148,0.99999464117294,0.3592464962267057
0.3353281853281853,852273,0.21895214326864748,0.99999464117294,0.3592461504253134
0.3353184449958644,852275,0.21895162946232144,0.99999464117294,0.35924545882452597
0.3352941176470588,852285,0.2189490604668626,0.99999464117294,0.3592420008605314
0.3352678571428572,852297,0.21894597775188696,0.99999464117294,0.35923785139160946
0.33522727272727276,852321,0.21893981258234868,0.99999464117294,0.35922955274133267
0.3351268115942029,852325,0.21893878508784795,0.99999464117294,0.35922816967022897
0.33511904761904765,852336,0.218935959527698,0.99999464117294,0.359224366279607
0.33504983388704324,852342,0.21893441834381036,0.99999464117294,0.3592222917368497
0.335,852539,0.21888382818850516,0.99999464117294,0.3591541908892582
0.3348809523809524,852541,0.2188833147027533,0.99999464117294,0.35915349964249593
0.33484848484848484,852565,0.2188771530616434,0.99999464117294,0.3591452048888876
0.33472727272727276,852601,0.2188679112503973,0.99999464117294,0.3591327634768367
0.33467741935483875,852608,0.21886611432217384,0.99999464117294,0.3591303444134809
0.33463414634146343,852616,0.21886406072604783,0.99999464117294,0.35912757980955023
0.33461904761904765,852618,0.21886354733303778,0.99999464117294,0.3591268886652182
0.33461538461538465,852636,0.21885892690432962,0.99999464117294,0.3591206684859378
0.3346153846153846,852640,0.21885790016888723,0.99999464117294,0.3591192862531369
0.33444444444444443,852645,0.2188566167631312,0.99999464117294,0.3591175584770984
0.33441558441558444,852653,0.21885456334522954,0.99999464117294,0.35911479407001706
0.33437500000000003,852659,0.21885302330708994,0.99999464117294,0.35911272079263556
0.3343434343434344,852663,0.2188519966270379,0.99999464117294,0.3591113386210142
0.33431372549019606,852677,0.21884840332271188,0.99999464117294,0.35910650110412445
0.3342857142857143,852963,0.2187750230666512,0.99999464117294,0.3590077060633665
0.33428571428571424,852971,0.21877297117955943,0.99999464117294,0.3590049433472588
0.3342657342657343,852993,0.2187673286885121,0.99999464117294,0.3589973460972046
0.3341758241758242,852995,0.21876681574921306,0.99999464117294,0.3589966554540531
0.33416666666666667,852997,0.21876630281231937,0.99999464117294,0.358995964813559
0.3341491841491841,852999,0.21876578987783105,0.99999464117294,0.35899527417572213
0.3341269841269841,853001,0.21876527694574802,0.99999464117294,0.35899458354054264
0.3341228070175439,853005,0.21876425108879785,0.99999464117294,0.35899320227815545
0.3340909090909091,853015,0.21876168648851427,0.99999464117294,0.35898974916868903
0.33409090909090905,853017,0.21876117357567318,0.99999464117294,0.3589890585547673
0.3340518084066471,853019,0.21876066066523722,0.99999464117294,0.3589883679435028
0.3340476190476191,853023,0.2187596348515808,0.99999464117294,0.3589869867289452
0.333974358974359,853027,0.2187586090475448,0.99999464117294,0.358985605525016
0.33395348837209304,853033,0.21875707035952888,0.99999464117294,0.35898353373905034
0.3339181286549708,853037,0.21875604457954345,0.99999464117294,0.35898215256169175
0.33384615384615385,853039,0.21875553169315823,0.99999464117294,0.35898146197699793
0.3338383838383839,853063,0.21874937724411914,0.99999464117294,0.3589731751679137
0.3338095238095238,853075,0.2187463001494593,0.99999464117294,0.3589690319068409
0.33373626373626375,853077,0.2187457873087658,0.99999464117294,0.3589683413726273
0.33373015873015877,853081,0.21874476163459272,0.99999464117294,0.3589669603121703
0.3336928289102202,853085,0.21874373597003816,0.99999464117294,0.3589655792623399
0.3336405529953917,853090,0.21874245390287075,0.99999464117294,0.3589638529649956
0.3336363636363636,853338,0.21867888222486284,0.99999464117294,0.35887824944756747
0.33357487922705314,853342,0.21867785717801302,0.99999464117294,0.3588768690802442
0.3335714285714286,853350,0.21867580711314233,0.99999464117294,0.3588741083774537
0.33355629877369003,853352,0.21867529460293056,0.99999464117294,0.35887341820839264
0.3334415584415585,853365,0.21867196334511024,0.99999464117294,0.3588689321742007
0.3334065934065934,853371,0.21867042587573282,0.99999464117294,0.35886686173470805
0.33333333333333337,853429,0.21865556478629153,0.99999464117294,0.35884684871788214
0.3333333333333333,853539,0.21862738550903943,0.99999464117294,0.35880889912675806
0.3332298136645963,853548,0.21862508025324878,0.99999464117294,0.35880579451543804
0.33319444444444446,853558,0.21862251891494192,0.99999464117294,0.3588023450103156
0.3331541218637993,853568,0.21861995763664993,0.99999464117294,0.3587988955715187
0.33307210031347967,853584,0.21861585971620837,0.99999464117294,0.3587933766073956
0.3330721003134796,853586,0.21861534748695505,0.99999464117294,0.358792686748818
0.33304347826086955,853881,0.21853981995149208,0.99999464117294,0.35869096165360714
0.333030303030303,853891,0.21853726061054632,0.99999464117294,0.35868751435609264
0.3330128205128205,853892,0.21853700467974874,0.99999464117294,0.35868716962998565
0.33296387520525456,853898,0.21853546910755148,0.99999464117294,0.3586851012872583
0.3329545454545455,853899,0.21853521318094998,0.99999464117294,0.3586847565657896
0.3328571428571429,853907,0.21853316578971715,0.99999464117294,0.3586819988178931
0.33285714285714285,853915,0.21853111843684675,0.99999464117294,0.3586792411124021
0.33272727272727276,853937,0.2185254884142507,0.99999464117294,0.3586716576409477
0.3325396825396825,853941,0.21852446480494553,0.99999464117294,0.3586702788624082
0.3325,854288,0.21843570318206507,0.99999464117294,0.35855071015740286
0.33246753246753247,854292,0.21843468041372271,0.99999464117294,0.35854933230857916
0.33245614035087717,854306,0.21843110079994757,0.99999464117294,0.35854450992108855
0.3324324324324324,854308,0.21843058943612842,0.99999464117294,0.3585438210191793
0.3324175824175824,854310,0.21843007807470355,0.99999464117294,0.3585431321199172
0.3324046920821115,854319,0.21842777697792043,0.99999464117294,0.35854003210599783
0.3323440285204991,854320,0.21842752130349283,0.99999464117294,0.3585396876633158
0.3323391812865497,854324,0.2184264986117679,0.99999464117294,0.3585383098992057
0.3322281167108753,854337,0.21842317492979937,0.99999464117294,0.35853383223897517
0.33222222222222225,854345,0.2184211296373245,0.99999464117294,0.358531076811345
0.3321428571428572,854353,0.2184190843831531,0.99999464117294,0.35852832142606683
0.33214285714285713,854359,0.21841755046766054,0.99999464117294,0.3585262549149012
0.3321022727272728,854365,0.21841601657371265,0.99999464117294,0.3585241884275577
0.33205128205128204,854369,0.2184149939897164,0.99999464117294,0.35852281078256293
0.332,854712,0.21832734301144713,0.99999464117294,0.3584047170898475
0.33194444444444443,854718,0.2183258103842437,0.99999464117294,0.3584026520033112
0.3319047619047619,854722,0.21832478864472893,0.99999464117294,0.3584012752921744
0.33181818181818185,854747,0.2183184029894226,0.99999464117294,0.3583926710871893
0.3318007662835249,854751,0.218317381319238,0.99999464117294,0.3583912944527296
0.3316666666666667,854753,0.21831687048773155,0.99999464117294,0.3583906061394656
0.33166666666666667,854766,0.21831355014120823,0.99999464117294,0.3583861321676938
0.3316239316239316,854770,0.21831252851644303,0.99999464117294,0.3583847555834673
0.33157894736842103,854783,0.2183092083019901,0.99999464117294,0.3583802817577644
0.3315508021390375,854787,0.2183081867178607,0.99999464117294,0.3583789052184809
0.33153846153846156,855251,0.21818974780503034,0.99999464117294,0.35821929838874544
0.3313793103448276,855253,0.218189237570637,0.99999464117294,0.35821861073598105
0.33136363636363636,855257,0.21818821710900935,0.99999464117294,0.3582172354383725
0.331344537815126,855259,0.218187706881775,0.99999464117294,0.3582165477935284
0.3313008130081301,855261,0.21818719665692696,0.99999464117294,0.35821586015132423
0.3312987012987013,855265,0.21818617621438968,0.99999464117294,0.358214484874836
0.3311428571428572,855277,0.21818311494404738,0.99999464117294,0.3582103591087309
0.33111111111111113,855708,0.2180732212390208,0.99999464117294,0.3580622383231189
0.3310606060606061,855710,0.21807271154947352,0.99999464117294,0.35806155127321987
0.33106060606060606,855714,0.21807169217752662,0.99999464117294,0.35806017718133165
0.33103448275862074,855718,0.21807067281510964,0.99999464117294,0.35805880309998983
0.3310344827586207,855724,0.21806914378935263,0.99999464117294,0.35805674199775117
0.330989010989011,855726,0.21806863411886515,0.99999464117294,0.35805605496894466
0.33095238095238094,855748,0.21806302790073714,0.99999464117294,0.3580484978260786
0.33090909090909093,855758,0.21806047971505962,0.99999464117294,0.3580450628665939
0.33083333333333337,855762,0.21805946045746363,0.99999464117294,0.3580436889012539
0.33082706766917297,855765,0.21805869602051967,0.99999464117294,0.35804265843416894
0.33080808080808083,855766,0.21805844120939602,0.99999464117294,0.3580423149464587
0.3307936507936508,855770,0.21805742197085665,0.99999464117294,0.35804094100220846
0.3307692307692308,855774,0.2180564027418454,0.99999464117294,0.35803956706850276
0.33076923076923076,855826,0.21804315363169616,0.99999464117294,0.35802170688983664
0.3307453416149068,855830,0.2180421345360644,0.99999464117294,0.3580203331037433
0.33071428571428574,856128,0.2179662386932795,0.99999464117294,0.35791801568182163
0.33062200956937804,856130,0.21796572950369686,0.99999464117294,0.35791732918527946
0.3305555555555556,856133,0.21796496572378357,0.99999464117294,0.357916299445404
0.3305128205128205,856137,0.21796394735889232,0.99999464117294,0.35791492646812023
0.33044444444444443,856151,0.21796038315670951,0.99999464117294,0.35791012113057763
0.3303846153846154,856153,0.21795987399448463,0.99999464117294,0.35790943466431907
0.3303448275862069,856542,0.2178608871485578,0.99999464117294,0.35777596702295933
0.33033333333333337,856546,0.2178598697559734,0.99999464117294,0.35777459512210086
0.33032677000418936,856548,0.21785936106324455,0.99999464117294,0.3577739091756171
0.33030303030303027,856578,0.21785173095736757,0.99999464117294,0.35776362029398395
0.33028846153846153,856584,0.21785020500032687,0.99999464117294,0.35776156258867015
0.33021978021978027,856622,0.21784054110214307,0.99999464117294,0.3577485310046682
0.3301902398676592,856624,0.21784003249967313,0.99999464117294,0.35774784515812397
0.33015873015873015,856628,0.21783901530185798,0.99999464117294,0.3577464734729246
0.33,858328,0.21740756447418702,0.99999464117294,0.3571644579189539
0.32999999999999996,858361,0.21739920616151012,0.99999464117294,0.35715317870673674
0.3299632352941177,858365,0.21739819307637193,0.99999464117294,0.3571518115779068
0.3298611111111111,858367,0.2173976865373436,0.99999464117294,0.35715112801741666
0.32973856209150326,858371,0.21739667346636826,0.99999464117294,0.3571497609042861
0.3297101449275362,858408,0.2173873030074277,0.99999464117294,0.3571371156039716
0.32967741935483874,858758,0.21729870347641594,0.99999464117294,0.3570175421813987
0.3296451914098973,858762,0.21729769132774854,0.99999464117294,0.3570161760907621
0.3296428571428572,858766,0.21729667918851003,0.99999464117294,0.35701481001057994
0.3295,858770,0.21729566705870024,0.99999464117294,0.35701344394085205
0.32947368421052636,858774,0.21729465493831904,0.99999464117294,0.3570120778815782
0.3294202898550725,858776,0.21729414888166412,0.99999464117294,0.35701139485586153
0.32937500000000003,859073,0.21721902562413206,0.99999464117294,0.35690999453944366
0.32936507936507936,859081,0.2172170028204558,0.99999464117294,0.35690726401444406
0.32932027649769585,859085,0.2172159914327453,0.99999464117294,0.35690589876761153
0.32922077922077925,859089,0.21721498005445303,0.99999464117294,0.35690453353122364
0.32918552036199095,859090,0.21721472721135154,0.99999464117294,0.3569041922237587
0.32916666666666666,859123,0.21720638371921133,0.99999464117294,0.35689292944361406
0.32915632754342433,859125,0.2172058780736214,0.99999464117294,0.356892246873724
0.3291304347826087,859129,0.21720486678950426,0.99999464117294,0.3568908817417764
0.3290909090909091,859291,0.21716391769493687,0.99999464117294,0.35683560267291586
0.32905982905982906,859297,0.21716240135831966,0.99999464117294,0.3568335556288573
0.32903225806451614,859319,0.2171568416385533,0.99999464117294,0.3568260500015775
0.329020979020979,859323,0.2171558308109989,0.99999464117294,0.35682468537599515
0.32897435897435895,859325,0.21715532540075058,0.99999464117294,0.35682400306711803
0.3288888888888889,859327,0.21715481999285488,0.99999464117294,0.3568233207608503
0.32882352941176474,859507,0.21710934291401932,0.99999464117294,0.35676192388026173
0.3287301587301587,859511,0.2171083325286122,0.99999464117294,0.356760559745115
0.32870967741935486,859515,0.21710732215260933,0.99999464117294,0.3567591956204003
0.32868131868131867,859519,0.21710631178601056,0.99999464117294,0.35675783150611734
0.3286781609195403,859520,0.21710605919583023,0.99999464117294,0.35675749047917654
0.32866666666666666,859576,0.2170919150837157,0.99999464117294,0.35673839401099616
0.3285858585858586,859580,0.21709090486051327,0.99999464117294,0.3567370300557835
0.32857142857142857,859742,0.2170499987205464,0.99999464117294,0.3566817986333445
0.3284818629646216,859746,0.21704898888741558,0.99999464117294,0.3566804351108707
0.3284461152882206,859748,0.21704848397437387,0.99999464117294,0.3566797533535431
0.3284280936454849,859756,0.21704646434569808,0.99999464117294,0.3566770263502949
0.32833333333333337,859880,0.21701516490673117,0.99999464117294,0.3566347631315409
0.3283333333333333,859896,0.21701112692697722,0.99999464117294,0.3566293105425301
0.3282828282828283,859900,0.21701011745551807,0.99999464117294,0.3566279474213288
0.32821428571428574,859906,0.21700860326593838,0.99999464117294,0.3566259027590649
0.3282051282051282,859974,0.21699144392737454,0.99999464117294,0.3566027315585401
0.32813765182186233,859978,0.21699043463902565,0.99999464117294,0.3566013686405131
0.32812500000000006,859982,0.21698942536006569,0.99999464117294,0.356600005732904
0.328125,859992,0.21698690220374142,0.99999464117294,0.35659659850945913
0.3281081081081081,860041,0.21697453958590346,0.99999464117294,0.35657990405570544
0.3280730897009967,860045,0.21697353045480178,0.99999464117294,0.3565785413121636
0.328021978021978,860049,0.21697252133308684,0.99999464117294,0.35657717857903787
0.3279584639498433,860051,0.21697201677574934,0.99999464117294,0.3565764972163809
0.3278947368421053,860110,0.21695713338991524,0.99999464117294,0.3565563981893881
0.3278846153846154,860114,0.21695612442071632,0.99999464117294,0.35655503562550517
0.32784090909090907,860116,0.21695561993963605,0.99999464117294,0.35655435434746885
0.32783251231527094,860132,0.21695158417545213,0.99999464117294,0.356548904216902
0.3277777777777778,860217,0.2169301466955431,0.99999464117294,0.3565199531917943
0.32774294670846393,860219,0.2169296423352658,0.99999464117294,0.35651927204781686
0.32769230769230767,860259,0.21691955562220214,0.99999464117294,0.3565056497148157
0.32764423076923077,860260,0.21691930346639388,0.99999464117294,0.3565053091698285
0.3275974025974026,860264,0.21691829484902309,0.99999464117294,0.35650394699638543
0.3275,860297,0.216909974113591,0.99999464117294,0.3564927094626542
0.32745098039215687,860301,0.2169089655829762,0.99999464117294,0.3564913473854939
0.3273846153846154,860311,0.21690644429746916,0.99999464117294,0.35648794223812924
0.3273809523809524,860372,0.21689106572505845,0.99999464117294,0.35646717224779845
0.3273291925465838,860373,0.21689081363548135,0.99999464117294,0.35646683177631683
0.32732793522267206,860383,0.21688829277193994,0.99999464117294,0.35646342709727213
0.32732732732732733,860391,0.21688627612329744,0.99999464117294,0.3564607034008629
0.3273170731707317,860399,0.21688425951215656,0.99999464117294,0.3564579797460761
0.32727272727272727,860455,0.21687014428412874,0.99999464117294,0.356438915327922
0.3272222222222222,860456,0.21686989224318268,0.99999464117294,0.35643857491041614
0.3271969696969697,860464,0.21686787593670392,0.99999464117294,0.3564358515937777
0.3271428571428572,860480,0.21686384343622164,0.99999464117294,0.3564304050853414
0.3271428571428571,860491,0.21686107117912912,0.99999464117294,0.35642666070734474
0.32701149425287357,860542,0.21684821891319656,0.99999464117294,0.35640930143723437
0.3269767441860465,860548,0.2168467069820626,0.99999464117294,0.3564072592813296
0.3269230769230769,860552,0.21684569903968615,0.99999464117294,0.356405897857061
0.32690417690417695,860554,0.21684519507201175,0.99999464117294,0.35640521714882706
0.3268768768768769,860558,0.2168441871436905,0.99999464117294,0.35640385574015965
0.32681818181818184,860566,0.2168421713151577,0.99999464117294,0.35640113295402676
0.3267857142857143,860568,0.2168416673638806,0.99999464117294,0.35640045226399386
0.32674185463659144,860570,0.21684116341494591,0.99999464117294,0.356399771576561
0.32666666666666666,860644,0.2168225189509251,0.99999464117294,0.3563745879692758
0.3265873015873016,860654,0.216819999674666,0.99999464117294,0.3563711850520691
0.32653846153846156,860656,0.21681949582643936,0.99999464117294,0.35637050447642615
0.3265217391304348,860660,0.21681848813701113,0.99999464117294,0.3563691433329387
0.3264976958525346,860689,0.21681118266876886,0.99999464117294,0.35635927535360074
0.3264957264957265,860694,0.21680992315503536,0.99999464117294,0.35635757403308693
0.3264705882352941,860698,0.21680891555458476,0.99999464117294,0.35635621298837206
0.32638297872340427,860700,0.2168084117578715,0.99999464117294,0.3563555324699133
0.32636363636363636,860704,0.21680740417146893,0.99999464117294,0.3563541714407932
0.3263440860215054,860746,0.2167968250796402,0.99999464117294,0.3563398812626867
0.3262857142857143,860749,0.21679606946972926,0.99999464117294,0.356338860579535
0.3261904761904762,860756,0.2167943064004201,0.99999464117294,0.3563364790082531
0.32617260787992497,860758,0.21679380267159876,0.99999464117294,0.35633579856516256
0.3260869565217392,860762,0.21679279522097863,0.99999464117294,0.3563344376867774
0.32608695652173914,860789,0.21678599517419483,0.99999464117294,0.3563252520295551
0.3260416666666667,860843,0.21677239636031193,0.99999464117294,0.35630688213577527
0.3260233918128655,860860,0.2167681156053249,0.99999464117294,0.3563010994130609
0.326,860868,0.21676610119089104,0.99999464117294,0.35629837819673194
0.32589285714285715,860887,0.2167613171066586,0.99999464117294,0.35629191547453687
0.32582417582417583,860893,0.21675980638708875,0.99999464117294,0.3562898746636042
0.32575757575757575,860913,0.21675477080727087,0.99999464117294,0.35628307212934157
0.32575396825396824,860915,0.21675426726215713,0.99999464117294,0.35628239189020194
0.3257142857142857,860925,0.2167517495716816,0.99999464117294,0.35627899073346614
0.32564102564102565,860941,0.21674772138857368,0.99999464117294,0.3562735490177548
0.32555555555555554,860945,0.21674671436619064,0.99999464117294,0.3562721886148004
0.3255244755244755,860947,0.21674621085850812,0.99999464117294,0.3562715084172191
0.32549407114624507,860952,0.21674495209953631,0.99999464117294,0.35626980793462903
0.3254919499105546,860956,0.21674394510288564,0.99999464117294,0.35626844756024456
0.3254901960784314,860976,0.216738910259984,0.99999464117294,0.3562616458441519
0.32547892720306515,860988,0.21673588946651987,0.99999464117294,0.356257564939156
0.3254545454545455,860992,0.21673488255407716,0.99999464117294,0.35625620465826646
0.32541125541125543,860996,0.21673387565099025,0.99999464117294,0.35625484438776484
0.32539977264115194,861000,0.216732868757259,0.99999464117294,0.3562534841276508
0.3253968253968254,861008,0.21673085499786296,0.99999464117294,0.3562507636385851
0.32532467532467535,861020,0.21672783442893312,0.99999464117294,0.3562466829828909
0.3253071253071253,861024,0.2167268275913331,0.99999464117294,0.3562453227851001
0.32529411764705884,861028,0.21672582076308786,0.99999464117294,0.35624396259769614
0.3252380952380952,861040,0.21672280033447924,0.99999464117294,0.35623988209780383
0.3252136752136752,861051,0.21672003168221163,0.99999464117294,0.35623614172168616
0.32517482517482516,861065,0.2167165080452695,0.99999464117294,0.3562313813565874
0.3251136363636364,861069,0.2167155013129029,0.99999464117294,0.35623002127564124
0.3250733137829912,861073,0.2167144945898896,0.99999464117294,0.3562286612050805
0.32500000000000007,861085,0.216711474476968,0.99999464117294,0.35622458105571003
0.325,861266,0.2166659313150641,0.99999464117294,0.3561630501377073
0.32499999999999996,861267,0.2166656797485565,0.99999464117294,0.3561627102469283
0.32491039426523294,861268,0.21666542818263304,0.99999464117294,0.3561623703567979
0.3248803827751196,861272,0.21666442192478103,0.99999464117294,0.3561610108027637
0.3248251748251748,861275,0.21666366723752575,0.99999464117294,0.35615999114404945
0.32480769230769235,861277,0.21666316411560974,0.99999464117294,0.3561593113748169
0.32478991596638657,861293,0.21665913922439867,0.99999464117294,0.3561538733143684
0.3247747747747748,861299,0.21665762992874715,0.99999464117294,0.3561518340845132
0.3246568627450981,861303,0.21665662374332842,0.99999464117294,0.3561504746109164
0.32461538461538464,861313,0.21665410832066856,0.99999464117294,0.35614707597233
0.3245819397993311,861333,0.21664907765057184,0.99999464117294,0.3561402788897467
0.32446153846153847,861337,0.21664807154458707,0.99999464117294,0.3561389195043633
0.3244444444444444,861372,0.21663926851580967,0.99999464117294,0.3561270253249108
0.3243589743589743,861377,0.21663801099866842,0.99999464117294,0.35612532622127224
0.32432432432432434,861383,0.21663650199736934,0.99999464117294,0.35612328731830706
0.3242857142857143,861392,0.21663423853483663,0.99999464117294,0.35612022900763357
0.3242424242424242,861396,0.21663323256667086,0.99999464117294,0.3561188697753062
0.3242063492063492,861397,0.2166329810760892,0.99999464117294,0.35611852996884563
0.3241758241758242,861399,0.21663247809667763,0.99999464117294,0.35611785035786975
0.32416666666666666,861400,0.2166322266078477,0.99999464117294,0.3561175105533546
0.32415458937198066,861404,0.21663122065836704,0.99999464117294,0.3561161513417785
0.32412698412698415,861408,0.21663021471822877,0.99999464117294,0.356114792140578
0.32403846153846155,861416,0.2166282028659788,0.99999464117294,0.356112073769303
0.32402597402597405,861420,0.21662719695386687,0.99999464117294,0.35611071459922833
0.324,861463,0.21661638398863328,0.99999464117294,0.35609610417614834
0.323963133640553,861465,0.21661588108628904,0.99999464117294,0.3560954246507639
0.32395604395604394,861469,0.21661487528860585,0.99999464117294,0.356094065607775
0.3239393939393939,861473,0.21661386950026293,0.99999464117294,0.35609270657515973
0.32386363636363635,861474,0.21661361805463658,0.99999464117294,0.35609236681862677
0.32384615384615384,861476,0.21661311516513518,0.99999464117294,0.35609168730750584
0.3238095238095238,861490,0.2166095950040047,0.99999464117294,0.35608693080227233
0.3236842105263158,861508,0.21660506925066278,0.99999464117294,0.35608081548225573
0.32362637362637364,861516,0.2166030578654372,0.99999464117294,0.3560780976296698
0.3236111111111111,861526,0.21660054368643547,0.99999464117294,0.3560747003722807
0.32358168147641836,861527,0.2166002922717454,0.99999464117294,0.35607436065010706
0.32357142857142857,861531,0.2165992866188216,0.99999464117294,0.35607300176789525
0.32353846153846155,861551,0.2165942584942737,0.99999464117294,0.35606620751240986
0.3234927234927235,861553,0.21659375569465836,0.99999464117294,0.35606552810112185
0.3234767025089606,861557,0.21659275010243084,0.99999464117294,0.3560641692863242
0.32341269841269843,861559,0.2165922473098186,0.99999464117294,0.35606348988281444
0.3233653846153846,861561,0.2165917445195407,0.99999464117294,0.3560628104818974
0.3233590733590734,861565,0.21659073894598782,0.99999464117294,0.35606145168784153
0.32333333333333336,861581,0.21658671674514643,0.99999464117294,0.35605601661532416
0.32323232323232326,861585,0.21658571121827794,0.99999464117294,0.3560546578731207
0.32318965517241377,861589,0.21658470570074595,0.99999464117294,0.35605329914128736
0.3231111111111111,861591,0.21658420294548109,0.99999464117294,0.35605261977925945
0.3230769230769231,861641,0.21657163482239122,0.99999464117294,0.35603563657108184
0.32307692307692304,861676,0.21656283800407578,0.99999464117294,0.35602374928931474
0.32305194805194803,861679,0.21656208402432925,0.99999464117294,0.35602273041638405
0.3230459770114943,861683,0.21656107872616728,0.99999464117294,0.3560213719282146
0.3230432402846196,861687,0.21656007343733863,0.99999464117294,0.35602001345041234
0.323030303030303,861689,0.21655957079642424,0.99999464117294,0.3560193342153989
0.32301587301587303,861702,0.21655630368735362,0.99999464117294,0.35601491925098494
0.3229323308270677,861711,0.2165540419003587,0.99999464117294,0.3560118628013038
0.32292929292929295,861713,0.21655353928744256,0.99999464117294,0.3560111835973905
0.32285714285714284,861719,0.21655203146269258,0.99999464117294,0.3560091460012
0.32280701754385965,861723,0.2165510262578578,0.99999464117294,0.3560077876166974
0.3227777777777778,861735,0.21654801069934493,0.99999464117294,0.35600371252538526
0.32272727272727275,862336,0.21639708883776163,0.99999464117294,0.3557997376409036
0.3227272727272727,862338,0.21639658695314365,0.99999464117294,0.3557990592461385
0.3226666666666666,862342,0.21639558319089178,0.99999464117294,0.3557977024643691
0.32264957264957267,862362,0.2163905645193086,0.99999464117294,0.3557909187107353
0.32261904761904764,862521,0.21635067436039238,0.99999464117294,0.35573699707090356
0.32256944444444446,862532,0.2163479152077836,0.99999464117294,0.35573326724745985
0.32252747252747255,862540,0.2163459085955434,0.99999464117294,0.3557305546977166
0.3225,862557,0.21634164466812048,0.99999464117294,0.35572479066686363
0.322463768115942,862561,0.21634064141550569,0.99999464117294,0.3557234344514563
0.3223809523809524,862565,0.21633963817219573,0.99999464117294,0.35572207824639024
0.32236363636363635,862567,0.21633913655403,0.99999464117294,0.3557214001477351
0.3223076923076923,862571,0.21633813332467705,0.99999464117294,0.35572004395818063
0.3222527472527473,862584,0.21633487289353848,0.99999464117294,0.35571563641354487
0.32222222222222224,862600,0.21633086019012288,0.99999464117294,0.3557102118931613
0.3222222222222222,862651,0.216318070691392,0.99999464117294,0.35569292233852656
0.32217741935483873,862659,0.21631606463272277,0.99999464117294,0.3556902104040249
0.32214854111405833,862660,0.21631581387800525,0.99999464117294,0.3556898714151198
0.32214604236343364,862664,0.21631481086494858,0.99999464117294,0.35568851546596114
0.3221428571428572,862722,0.21630026822081735,0.99999464117294,0.3556688553648518
0.32208333333333333,862726,0.21629926535191937,0.99999464117294,0.3556674995759215
0.32204301075268815,862727,0.21629901463614792,0.99999464117294,0.3556671606303039
0.32200000000000006,862735,0.21629700893089998,0.99999464117294,0.35566444908862016
0.32195121951219513,862739,0.21629600609222488,0.99999464117294,0.3556630933332825
0.32192460317460314,862743,0.21629500326284884,0.99999464117294,0.35566173758828074
0.32188328912466846,862762,0.21629023995029917,0.99999464117294,0.3556552979406692
0.32182539682539685,862770,0.21628823440777958,0.99999464117294,0.3556525865798597
0.3217770034843206,862778,0.2162862289024523,0.99999464117294,0.3556498752603903
0.32171717171717173,862802,0.2162802126096138,0.99999464117294,0.3556417415500138
0.32166666666666666,862808,0.21627870858870107,0.99999464117294,0.3556397081805499
0.3216577540106952,862812,0.21627770591971368,0.99999464117294,0.35563835261382476
0.3215789473684211,862830,0.21627319402431533,0.99999464117294,0.35563225269144055
0.3215415019762846,862832,0.21627269271422478,0.99999464117294,0.35563157493520353
0.32145593869731803,862840,0.2162706874971026,0.99999464117294,0.3556288639360883
0.32142857142857145,862897,0.216256401401326,0.99999464117294,0.3556095492637005
0.3214285714285714,862975,0.21623685506532633,0.99999464117294,0.35558312205895104
0.3213675213675214,862978,0.21623610335373555,0.99999464117294,0.35558210570644044
0.3212158808933003,862983,0.2162348505126984,0.99999464117294,0.35558041179850053
0.3211111111111111,863001,0.21623034040516756,0.99999464117294,0.3555743138635435
0.3210963455149502,863002,0.21623008984915446,0.99999464117294,0.3555739750955117
0.32103448275862073,863006,0.2162290876309087,0.99999464117294,0.3555726200298395
0.320970695970696,863008,0.21622858652526974,0.99999464117294,0.35557194250087654
0.3209150326797386,863012,0.21622758432095962,0.99999464117294,0.3555705874506964
0.32091346153846156,863014,0.2162270832222884,0.99999464117294,0.35556990992947934
0.3209090909090909,863018,0.2162260810319136,0.99999464117294,0.3555685548947911
0.3208333333333333,863030,0.21622307451652897,0.99999464117294,0.35556448985269207
0.3207936507936508,863034,0.21622207236331362,0.99999464117294,0.35556313485931396
0.3207792207792208,863089,0.21620829369856412,0.99999464117294,0.3555445047475605
0.3207692307692308,863097,0.21620628967543626,0.99999464117294,0.35554179507575934
0.32076923076923075,863099,0.216205788675459,0.99999464117294,0.3555411176642625
0.32071428571428573,863103,0.21620478668247012,0.99999464117294,0.3555397628490127
0.3206896551724138,863104,0.21620453618567403,0.99999464117294,0.3555394241468136
0.32068965517241377,863173,0.21618725330843297,0.99999464117294,0.3555160552534291
0.32066666666666666,863177,0.2161862514872384,0.99999464117294,0.3555147006291764
0.32064935064935063,863181,0.21618524967532882,0.99999464117294,0.35551334601524687
0.32064102564102565,863183,0.21618474877285582,0.99999464117294,0.3555126687121532
0.32062937062937064,863187,0.21618374697487336,0.99999464117294,0.3555113141137079
0.3205882352941177,863215,0.21617673464895767,0.99999464117294,0.35550183221362075
0.3205314009661836,863237,0.21617122528343896,0.99999464117294,0.35549438250408394
0.3205128205128205,863249,0.21616822029333368,0.99999464117294,0.35549031915775203
0.32048611111111114,863253,0.2161672186485306,0.99999464117294,0.3554889647296166
0.3204545454545455,863257,0.21616621701301003,0.99999464117294,0.355487610311802
0.32045454545454544,863261,0.21616521538677178,0.99999464117294,0.35548625590430805
0.32036199095022627,863271,0.21616271136178558,0.99999464117294,0.35548286993072536
0.32032738095238095,863275,0.21616170976803453,0.99999464117294,0.3554815155593528
0.3203174603174603,863279,0.21616070818356523,0.99999464117294,0.3554801611983004
0.32028571428571423,863283,0.21615970660837755,0.99999464117294,0.355478806847568
0.32023809523809527,863284,0.2161594562160309,0.99999464117294,0.35547846826149737
0.3202020202020202,863286,0.2161589554330778,0.99999464117294,0.3554777910912912
0.3201863354037267,863347,0.21614368266757167,0.99999464117294,0.35545713863927497
0.32015873015873014,863363,0.21613967705356843,0.99999464117294,0.35545172199994096
0.3201098901098901,863367,0.21613867567326525,0.99999464117294,0.35545036786590156
0.32008281573498965,863371,0.21613767430224087,0.99999464117294,0.35544901374217963
0.32000000000000006,863400,0.21613041463979615,0.99999464117294,0.3554391966537398
0.32,874694,0.21333975081571382,0.99999464117294,0.35165673860974533
0.31997635933806146,874698,0.21333877521155872,0.99999464117294,0.3516554132361449
0.31994824016563145,874702,0.21333779961632648,0.99999464117294,0.3516540878725349
0.31993464052287585,874710,0.21333584845263,0.99999464117294,0.3516514371752858
0.3198717948717949,874712,0.21333536066728248,0.99999464117294,0.35165077450721743
0.31984126984126987,874714,0.21333487288416556,0.99999464117294,0.3516501118416465
0.3198135198135198,874718,0.2133338973246235,0.99999464117294,0.3516487865179973
0.3198051948051948,874722,0.21333292177400362,0.99999464117294,0.35164746120433793
0.31974358974358974,874723,0.21333267788774274,0.99999464117294,0.351647129877484
0.3196969696969697,874746,0.21332706865764461,0.99999464117294,0.3516395095321636
0.3196428571428572,874787,0.21331707032683384,0.99999464117294,0.3516259262574254
0.31963688485427616,874788,0.21331682647681496,0.99999464117294,0.3516255949711512
0.3194805194805195,874790,0.2133163387784497,0.99999464117294,0.3516249324004756
0.3194444444444445,874824,0.21330804824741892,0.99999464117294,0.3516136690810151
0.319435736677116,874826,0.21330756058919145,0.99999464117294,0.3516130065552827
0.31942857142857145,874828,0.21330707293319373,0.99999464117294,0.35161234403204716
0.31935483870967746,874832,0.2133060976278874,0.99999464117294,0.35161101899306596
0.3193548387096774,874887,0.21329268808428975,0.99999464117294,0.35159280071973964
0.3193333333333333,874891,0.21329171291052257,0.99999464117294,0.35159147582805067
0.3192424242424242,874895,0.21329073774567234,0.99999464117294,0.3515901509463468
0.3191428571428572,874972,0.21327196756010477,0.99999464117294,0.35156464891953504
0.319047619047619,874974,0.21327148006683627,0.99999464117294,0.35156398657852145
0.31903846153846155,874975,0.21327123632103775,0.99999464117294,0.3515636554089506
0.3190322580645162,875002,0.2132646553950734,0.99999464117294,0.3515547140663709
0.3188888888888889,875006,0.2132636804776196,0.99999464117294,0.3515533894617064
0.31881977671451356,875010,0.2132627055690792,0.99999464117294,0.35155206486702373
0.3187687687687688,875012,0.21326221811815152,0.99999464117294,0.3515514025734255
0.31875000000000003,875018,0.21326075577873826,0.99999464117294,0.3515494157076032
0.31875,875081,0.21324540242560402,0.99999464117294,0.351528554972313
0.3186813186813187,875146,0.21322956398132425,0.99999464117294,0.3515070345861659
0.31862745098039214,875162,0.21322566564818857,0.99999464117294,0.3515017376644659
0.3185990338164251,875164,0.213225178366569,0.99999464117294,0.35150107556047816
0.3185714285714286,875180,0.2132212801937887,0.99999464117294,0.3514957788183705
0.31857142857142856,875182,0.21322079293221297,0.99999464117294,0.3514951167368312
0.3185714285714285,875186,0.21321981841574247,0.99999464117294,0.35149379258123514
0.3185314685314686,875187,0.21321957478801673,0.99999464117294,0.351493461543895
0.3185064935064935,875189,0.21321908753423546,0.99999464117294,0.3514927994710853
0.3184545454545455,875193,0.21321811303335378,0.99999464117294,0.35149147533294844
0.31845238095238093,875199,0.2132166512987332,0.99999464117294,0.35148948914444905
0.3184444444444445,875248,0.21320471454947626,0.99999464117294,0.35147326944519786
0.31833333333333336,875280,0.21319691984279315,0.99999464117294,0.35146267779652846
0.3182894736842105,875282,0.21319643269254937,0.99999464117294,0.35146201583968206
0.31826923076923075,875285,0.2131957019713579,0.99999464117294,0.3514610229090878
0.3182539682539683,875338,0.21318279338952495,0.99999464117294,0.351443482060293
0.31818181818181823,875340,0.21318230630383622,0.99999464117294,0.35144282017575246
0.3181818181818182,875376,0.21317353914203724,0.99999464117294,0.35143090668032667
0.31812500000000005,875384,0.21317159098178629,0.99999464117294,0.3514282593465864
0.3180459770114943,875388,0.21317061691501368,0.99999464117294,0.35142693569467304
0.31801587301587303,875392,0.21316964285714285,0.99999464117294,0.3514256120527307
0.31794871794871793,875400,0.21316769476810601,0.99999464117294,0.3514229647987586
0.3179425837320574,875410,0.21316525970688022,0.99999464117294,0.35141965578737844
0.317911877394636,875412,0.21316477270131093,0.99999464117294,0.3514189939925802
0.3178571428571429,875497,0.2131440770213947,0.99999464117294,0.3513908700175595
0.3177018633540373,875503,0.21314261630171455,0.99999464117294,0.35138888496588394
0.31764705882352945,875505,0.21314212939960367,0.99999464117294,0.35138822328697605
0.3176470588235294,875542,0.21313312211178903,0.99999464117294,0.3513759826766464
0.3176190476190476,875558,0.21312922730418773,0.99999464117294,0.35137068970386925
0.3175213675213675,875606,0.21311754373542438,0.99999464117294,0.3513548117422666
0.3175,875611,0.21311632677067785,0.99999464117294,0.351353157870458
0.3174876847290641,875646,0.21310780840659352,0.99999464117294,0.3513415812037422
0.3174747474747475,875650,0.2131068349226289,0.99999464117294,0.3513402582046923
0.3174696271470466,875651,0.2131065915530274,0.99999464117294,0.3513399274564866
0.31742424242424244,875659,0.2131046446162262,0.99999464117294,0.3513372814932592
0.31739811912225707,875661,0.21310415788758436,0.99999464117294,0.35133662000867955
0.31737967914438503,875665,0.21310318443697077,0.99999464117294,0.3513352970469927
0.31731601731601733,875667,0.21310269771499896,0.99999464117294,0.35133463556988537
0.3172727272727273,875682,0.21309904737107763,0.99999464117294,0.3513296745709741
0.31714285714285717,875743,0.21308420392740793,0.99999464117294,0.35130950128535665
0.3171428571428571,875772,0.2130771479334804,0.99999464117294,0.35129991151941864
0.31713286713286715,875773,0.21307690463167966,0.99999464117294,0.3512995808471725
0.317032967032967,875777,0.21307593143003298,0.99999464117294,0.3512982581644131
0.31696969696969696,875785,0.21307398505340922,0.99999464117294,0.35129561282877425
0.31695238095238093,875789,0.21307301187843192,0.99999464117294,0.3512942901758947
0.3168202764976959,875819,0.21306571334944777,0.99999464117294,0.3512843705967563
0.31676923076923075,875829,0.21306328061756347,0.99999464117294,0.3512810641948652
0.31676829268292683,875831,0.21306279407785292,0.99999464117294,0.35128040292195595
0.3166666666666667,875833,0.21306230754036443,0.99999464117294,0.3512797416515364
0.31666666666666665,877246,0.21271912325619038,0.99999464117294,0.3508131754921258
0.31660839160839166,877248,0.21271863828700663,0.99999464117294,0.3508125159796063
0.3165934065934066,877249,0.212718395803244,0.99999464117294,0.35081218622427635
0.3165178571428572,877323,0.21270045353877648,0.99999464117294,0.3507877860500352
0.31647058823529417,877329,0.21269899889323163,0.99999464117294,0.35078580780628926
0.3164414414414415,877331,0.21269851401580475,0.99999464117294,0.3507851483966656
0.3163970588235294,877332,0.21269827157792034,0.99999464117294,0.35078481869278344
0.3163956639566396,877338,0.21269681696221981,0.99999464117294,0.3507828404825057
0.3163690476190476,877340,0.21269633209474093,0.99999464117294,0.35078218108403797
0.3163636363636364,877365,0.21269027143777106,0.99999464117294,0.3507739388123571
0.31634408602150543,877367,0.21268978660013427,0.99999464117294,0.3507732794473555
0.31630769230769235,877371,0.21268881693149191,0.99999464117294,0.3507719607247887
0.3162698412698413,877375,0.21268784727169113,0.99999464117294,0.35077064201213737
0.31624521072796935,877379,0.21268687762073174,0.99999464117294,0.35076932330940136
0.31623376623376626,877429,0.21267475772968525,0.99999464117294,0.35075284036175436
0.3162162162162162,877460,0.21266724409089874,0.99999464117294,0.35074262171214626
0.3161271367521368,877464,0.212666274627791,0.99999464117294,0.35074130322008285
0.3160869565217392,877514,0.2126541570846733,0.99999464117294,0.3507248229056443
0.3160633484162896,877518,0.21265318774087824,0.99999464117294,0.35072350454739376
0.3160416666666667,877522,0.2126522184059203,0.99999464117294,0.3507221861990546
0.3160227272727273,877525,0.21265149141050113,0.99999464117294,0.3507211974443044
0.31602150537634405,877527,0.21265100674964987,0.99999464117294,0.35072053827756816
0.3159663865546219,877558,0.21264349478894842,0.99999464117294,0.35071032150998993
0.3159090909090909,877564,0.21264204092237146,0.99999464117294,0.3507083441398571
0.31587301587301586,877630,0.21262604970203844,0.99999464117294,0.3506865945399431
0.3158646616541353,877632,0.21262556515715014,0.99999464117294,0.35068593550326993
0.31578947368421056,877634,0.21262508061447027,0.99999464117294,0.3506852764690737
0.3157894736842105,877690,0.21261151431598857,0.99999464117294,0.35066682451719355
0.3157342657342658,877692,0.21261102983734614,0.99999464117294,0.35066616555482477
0.3157342657342657,877696,0.21261006088668513,0.99999464117294,0.3506648476375171
0.3157142857142857,877750,0.21259698091711762,0.99999464117294,0.3506470567233957
0.31566666666666665,877752,0.21259649650470747,0.99999464117294,0.35064639783531887
0.3156408808582722,877756,0.2125955276865097,0.99999464117294,0.3506450800665938
0.31556776556776556,877758,0.212595043280722,0.99999464117294,0.3506444211859454
0.3154761904761905,877766,0.21259310567964582,0.99999464117294,0.3506417856881134
0.31547619047619047,877776,0.21259068372796705,0.99999464117294,0.3506384913715351
0.3154166666666666,877778,0.21259019934425333,0.99999464117294,0.3506378325156475
0.3153958944281525,877785,0.21258850401863782,0.99999464117294,0.35063552653953944
0.3153846153846154,877846,0.21257373161123932,0.99999464117294,0.35061543288859826
0.315374677002584,877850,0.21257276300051262,0.99999464117294,0.35061411535260195
0.3153333333333333,877854,0.21257179439861298,0.99999464117294,0.3506127978265076
0.31529914529914527,877858,0.2125708258055403,0.99999464117294,0.35061148031031525
0.3152509652509653,877867,0.2125686465033997,0.99999464117294,0.35060851593508535
0.31523297491039426,877869,0.21256816222010347,0.99999464117294,0.3506078571918416
0.31521739130434784,877871,0.21256767793901382,0.99999464117294,0.35060719845107324
0.31517460317460316,877875,0.21256670938345437,0.99999464117294,0.35060588097696255
0.3151515151515152,877879,0.21256574083672122,0.99999464117294,0.35060456351275304
0.31513409961685823,877906,0.21255920337712694,0.99999464117294,0.35059567088831145
0.315054945054945,877910,0.21255823489879372,0.99999464117294,0.35059435350083323
0.31503759398496245,877926,0.21255436107371237,0.99999464117294,0.35058908404992234
0.31500000000000006,877954,0.2125475822195696,0.99999464117294,0.3505798628919687
0.315,878008,0.21253450993612816,0.99999464117294,0.3505620805999535
0.31497584541062806,878010,0.2125340258083621,0.99999464117294,0.3505614220311887
0.31497536945812804,878012,0.2125335416828016,0.99999464117294,0.35056076346489823
0.31493506493506496,878024,0.21253063697575464,0.99999464117294,0.3505568121191172
0.31491228070175437,878042,0.2125262800640516,0.99999464117294,0.35055088526745876
0.3148989898989899,878044,0.21252579597377808,0.99999464117294,0.35055022674075664
0.3148692810457516,878052,0.21252385963473688,0.99999464117294,0.3505475926586892
0.3148484848484849,878054,0.21252337555548975,0.99999464117294,0.35054693414435756
0.3148351648351648,878067,0.21252022909413518,0.99999464117294,0.35054265386150707
0.31470588235294117,878069,0.21251974503142693,0.99999464117294,0.35054199536573066
0.3146969696969697,878087,0.21251538856628102,0.99999464117294,0.35053606901507
0.3146464646464646,878091,0.21251442048717045,0.99999464117294,0.35053475207546925
0.31464285714285717,878095,0.21251345241687972,0.99999464117294,0.3505334351457636
0.3146341463414634,878105,0.21251103227973875,0.99999464117294,0.35053014286479084
0.31461538461538463,878109,0.2125100642403164,0.99999464117294,0.35052882596971774
0.3145933014354067,878111,0.21250958022391248,0.99999464117294,0.35052816752589183
0.3144886363636364,878125,0.2125061921708185,0.99999464117294,0.3505235584883722
0.3144599303135889,878129,0.2125052241754913,0.99999464117294,0.3505222416427719
0.31444444444444447,878165,0.21249651261437202,0.99999464117294,0.3505103904775948
0.31439393939393945,878167,0.21249602865969686,0.99999464117294,0.3505097321030265
0.3143809523809524,878169,0.21249554470722606,0.99999464117294,0.3505090737309315
0.314367816091954,878173,0.21249457680889755,0.99999464117294,0.3505077569941612
0.3143333333333333,878175,0.21249409286303983,0.99999464117294,0.350507098629486
0.31432432432432433,878185,0.21249167316681564,0.99999464117294,0.350503806843208
0.31431372549019604,878189,0.2124907053037558,0.99999464117294,0.3505024901460091
0.31428571428571433,878193,0.2124897374495128,0.99999464117294,0.3505011734587026
0.3142857142857143,878333,0.21245586810469377,0.99999464117294,0.350455095634406
0.31416666666666665,878334,0.21245562621963854,0.99999464117294,0.3504547665506666
0.31411960132890365,878338,0.21245465868492538,0.99999464117294,0.35045345022188923
0.3141025641025641,878348,0.2124522398866964,0.99999464117294,0.350450159443207
0.31403020667726544,878350,0.2124517561336597,0.99999464117294,0.3504495012948867
0.31400000000000006,878390,0.21244208153553662,0.99999464117294,0.3504363388475847
0.313961038961039,878394,0.21244111412418573,0.99999464117294,0.3504350226572345
0.3138989898989899,878398,0.21244014672164555,0.99999464117294,0.350433706476771
0.3138888888888889,878402,0.21243917932791592,0.99999464117294,0.35043239030619433
0.3138461538461539,878404,0.21243869563435502,0.99999464117294,0.3504317322246134
0.3138392857142857,878406,0.21243821194299675,0.99999464117294,0.35043107414550423
0.31381270903010033,878410,0.2124372445668879,0.99999464117294,0.35042975799470055
0.31379928315412187,878448,0.2124280549332459,0.99999464117294,0.35041725505513327
0.31375000000000003,878449,0.21242781311151815,0.99999464117294,0.35041692604245595
0.3136904761904762,878450,0.21242757129034096,0.99999464117294,0.3504165970303965
0.31368421052631584,878451,0.2124273294697143,0.99999464117294,0.3504162680189548
0.31367816091954026,878455,0.21242636219271335,0.99999464117294,0.3504149519793665
0.3136507936507936,878459,0.21242539492452123,0.99999464117294,0.35041363594966324
0.31363636363636366,878503,0.21241475555575792,0.99999464117294,0.350399160275314
0.3136363636363636,878627,0.21238477761325342,0.99999464117294,0.350358371626918
0.3135258358662614,878631,0.21238381072372817,0.99999464117294,0.35035705602216966
0.31333333333333335,878655,0.21237800957144726,0.99999464117294,0.35034916260116045
0.3133333333333333,878659,0.21237704274354444,0.99999464117294,0.35034784706557137
0.31321428571428567,878661,0.21237655933289404,0.99999464117294,0.3503471893014816
0.31319444444444444,878708,0.21236519981609364,0.99999464117294,0.3503317325563495
0.31313131313131315,878712,0.21236423310481706,0.99999464117294,0.35033041715165397
0.3131313131313131,878716,0.2123632664023416,0.99999464117294,0.35032910175683646
0.3130952380952381,878720,0.21236229970866716,0.99999464117294,0.35032778637189677
0.31307692307692314,878771,0.21234997513572934,0.99999464117294,0.35031101607972376
0.31305555555555553,878775,0.21234900856305652,0.99999464117294,0.3503097008305933
0.3130434782608696,878783,0.2123470754441085,0.99999464117294,0.350307070361961
0.31304347826086953,878887,0.21232194810026772,0.99999464117294,0.350272877864279
0.3130357142857143,878888,0.21232170652005716,0.99999464117294,0.3502725491226621
0.31303571428571425,878890,0.21232122336128526,0.99999464117294,0.3502718916412795
0.3129120879120879,878896,0.21231977389816314,0.99999464117294,0.350269919211941
0.3128571428571429,878900,0.2123188076004096,0.99999464117294,0.35026860427138984
0.31285714285714283,878910,0.21231639189450568,0.99999464117294,0.3502653169632047
0.3128520225294419,878914,0.2123154256275358,0.99999464117294,0.35026400205720765
0.3128448275862069,878916,0.212314942497349,0.99999464117294,0.3502633446079112
0.3128342245989305,878920,0.21231397624357165,0.99999464117294,0.3502620297167226
0.31275000000000003,878924,0.21231300999858918,0.99999464117294,0.35026071483540616
0.3126984126984127,878933,0.21231083597953426,0.99999464117294,0.3502577563885388
0.31262626262626264,878993,0.21229634365688918,0.99999464117294,0.350238034686529
0.3125487012987013,878994,0.21229610213494063,0.99999464117294,0.35023770601031157
0.31250000000000006,879020,0.21228982275716138,0.99999464117294,0.35022916064517823
0.3125,879218,0.21224201506338589,0.99999464117294,0.3501640980797992
0.31246153846153846,879222,0.21224104947328434,0.99999464117294,0.35016278393364797
0.3124505928853755,879238,0.21223718720073517,0.99999464117294,0.35015752744768003
0.31242424242424244,879242,0.21223622165456155,0.99999464117294,0.35015621335084673
0.3123809523809524,879244,0.21223573888476918,0.99999464117294,0.3501555563061288
0.3123655913978495,879254,0.21223332506875148,0.99999464117294,0.3501522711195258
0.3123481781376518,879268,0.21222994581856727,0.99999464117294,0.3501476719618417
0.31233766233766236,879270,0.21222946307732551,0.99999464117294,0.35014701494917805
0.3123376623376623,879274,0.21222849760143028,0.99999464117294,0.3501457009312475
0.3123076923076923,879276,0.21222801486677675,0.99999464117294,0.3501450439259807
0.31222222222222223,879338,0.2122130511816844,0.99999464117294,0.350124677985564
0.31219806763285024,879340,0.21221256851729706,0.99999464117294,0.35012402105918866
0.31212121212121213,879357,0.21220846595864934,0.99999464117294,0.3501184372845263
0.31209508881922676,879359,0.2122079833151193,0.99999464117294,0.35011778038156904
0.31209150326797386,879390,0.2122005026211351,0.99999464117294,0.3501075987009356
0.31207792207792207,879400,0.21219808960654993,0.99999464117294,0.35010431441415074
0.3120689655172414,879404,0.2121971244160818,0.99999464117294,0.35010300071668987
0.31200000000000006,879408,0.21219615923439406,0.99999464117294,0.3501016870290878
0.312,879616,0.2121459818830035,0.99999464117294,0.3500333888563754
0.3119512195121952,879617,0.212145740703056,0.99999464117294,0.3500330605641399
0.3119047619047619,879641,0.2121399525488239,0.99999464117294,0.3500251817352232
0.3118393234672304,879642,0.2121397113825852,0.99999464117294,0.35002485345838213
0.31182692307692306,879644,0.21213922905175275,0.99999464117294,0.3500241969065474
0.3118181818181818,879646,0.2121387467231136,0.99999464117294,0.35002354035717564
0.31180555555555556,879647,0.21213850555961652,0.99999464117294,0.35002321208341347
0.31179347826086956,879648,0.21213826439666775,0.99999464117294,0.3500228838102669
0.31176470588235294,879650,0.21213778207241515,0.99999464117294,0.35002222726582116
0.3116707616707617,879651,0.21213754091111134,0.99999464117294,0.35002189899452196
0.31166666666666665,879662,0.21213488817295734,0.99999464117294,0.35001828805086893
0.3115987460815047,879664,0.21213440586405719,0.99999464117294,0.3500176315236638
0.3115873015873016,879686,0.2121291006108998,0.99999464117294,0.35001040988695425
0.31155844155844153,879696,0.21212668921991235,0.99999464117294,0.35000712742332396
0.3115384615384616,879697,0.21212644808382886,0.99999464117294,0.35000679918034705
0.31153846153846154,880414,0.21195369451190008,0.99999464117294,0.3497716073333071
0.31145833333333334,880422,0.2119517685837019,0.99999464117294,0.349768984939505
0.31143049932523614,880426,0.2119508056327278,0.99999464117294,0.34976767375734985
0.31142857142857144,880466,0.2119411766042073,0.99999464117294,0.34975456247645426
0.31139386928860613,880470,0.21194021374947472,0.99999464117294,0.34975325140242797
0.3113636363636364,880498,0.21193347401129814,0.99999464117294,0.3497440741594556
0.3112820512820513,880499,0.2119332333142911,0.99999464117294,0.34974374640968525
0.3111888111888112,880504,0.21193202983745674,0.99999464117294,0.3497421076700478
0.31111111111111117,880517,0.21192890086165286,0.99999464117294,0.34973784701885907
0.3111111111111111,880872,0.21184349144938197,0.99999464117294,0.34962153857683514
0.311003861003861,880874,0.21184301046460674,0.99999464117294,0.3496208835371463
0.3109722222222222,880878,0.21184204850160862,0.99999464117294,0.34961957346513206
0.3109523809523809,880879,0.21184180801222416,0.99999464117294,0.3496192459486626
0.3109090909090909,880889,0.2118394031484103,0.99999464117294,0.3496159708177166
0.3109022556390978,880891,0.2118389221821996,0.99999464117294,0.34961531579889066
0.3107692307692308,880907,0.21183507453113665,0.99999464117294,0.34961007573664066
0.3107142857142858,880915,0.21183315075801865,0.99999464117294,0.34960745576441915
0.3107142857142857,881102,0.2117881925134661,0.99999464117294,0.34954622509857547
0.3106896551724138,881154,0.21177569414653966,0.99999464117294,0.3495292022004904
0.3106879606879607,881164,0.21177329078355447,0.99999464117294,0.34952592875632627
0.3106691919191919,881166,0.2117728101175034,0.99999464117294,0.349525274074851
0.31066066066066067,881182,0.21176896486764368,0.99999464117294,0.3495200367113384
0.3106493506493507,881184,0.21176848422122962,0.99999464117294,0.3495193820519352
0.3106060606060606,881208,0.2117627166344382,0.99999464117294,0.349511526330379
0.3104545454545455,881212,0.21176175540051656,0.99999464117294,0.3495102170777847
0.3103636363636364,881242,0.21175454642425123,0.99999464117294,0.3495003979959732
0.31034482758620696,881255,0.21175142268696348,0.99999464117294,0.34949614323185646
0.3103448275862069,881482,0.211696892279139,0.99999464117294,0.34942186519862556
0.31030303030303025,881486,0.21169593164270334,0.99999464117294,0.34942055661767596
0.31029411764705883,881490,0.211694971014986,0.99999464117294,0.34941924804652763
0.31028846153846157,881491,0.21169473085941887,0.99999464117294,0.3494189209052719
0.3102639296187683,881497,0.21169328993745867,0.99999464117294,0.3494169580706017
0.31025641025641026,881499,0.2116928096344976,0.99999464117294,0.3494163037972787
0.310233918128655,881520,0.21168776658498956,0.99999464117294,0.34940943407531677
0.3101503759398496,881524,0.21168680603137294,0.99999464117294,0.3494081255874742
0.3100478468899522,881526,0.21168632575783358,0.99999464117294,0.349407471347228
0.31000000000000005,881604,0.21166759678948824,0.99999464117294,0.349381957888509
0.31,881777,0.21162606872259085,0.99999464117294,0.3493253836397927
0.30999999999999994,881779,0.2116255887246124,0.99999464117294,0.3493247297093656
0.3099846390168971,881781,0.21162510872881135,0.99999464117294,0.34932407578138674
0.30995475113122173,881783,0.21162462873518767,0.99999464117294,0.34932342185585613
0.30994318181818187,881787,0.21162366875447244,0.99999464117294,0.34932211401213964
0.30982905982905984,881789,0.21162318876738087,0.99999464117294,0.3493214600939538
0.30980392156862746,881819,0.21161598922227803,0.99999464117294,0.3493116516149442
0.3098014888337469,881821,0.21161550927002193,0.99999464117294,0.34931099773592816
0.30977272727272726,881823,0.2116150293199429,0.99999464117294,0.3493103438593601
0.30972222222222223,881827,0.21161406942631605,0.99999464117294,0.349309036113568
0.3096774193548388,881831,0.2116131095413974,0.99999464117294,0.34930772837756763
0.3096774193548387,881956,0.2115831175251373,0.99999464117294,0.3492668665611044
0.3096590909090909,881960,0.21158215792099416,0.99999464117294,0.3492655591408315
0.30944444444444447,882006,0.21157112309893583,0.99999464117294,0.34925052451118926
0.3094405594405595,882044,0.21156200824448668,0.99999464117294,0.34923810557599666
0.3094202898550725,882061,0.21155793080070426,0.99999464117294,0.34923255002250464
0.3093939393939394,882067,0.21155649174042335,0.99999464117294,0.3492305892811191
0.30937500000000007,882073,0.21155505269971986,0.99999464117294,0.3492286285617504
0.309375,882214,0.2115212408780636,0.99999464117294,0.34918255799375386
0.30935483870967745,882267,0.2115085342645707,0.99999464117294,0.34916524383113084
0.30934065934065935,882276,0.21150637668938066,0.99999464117294,0.3491623038608493
0.3092857142857143,882277,0.21150613696152115,0.99999464117294,0.34916197720054076
0.30916666666666665,882281,0.21150517805551747,0.99999464117294,0.34916067056541894
0.3091304347826087,882283,0.21150469860577614,0.99999464117294,0.3491600172515252
0.30910256410256415,882285,0.21150421915820852,0.99999464117294,0.34915936394007635
0.3091025641025641,882288,0.21150349999093265,0.99999464117294,0.349158383977487
0.30909482758620693,882290,0.21150302054879916,0.99999464117294,0.3491577306721502
0.30909090909090914,882294,0.21150206167105295,0.99999464117294,0.3491564240688108
0.3090909090909091,882423,0.21147114252461688,0.99999464117294,0.34911429135357164
0.3090785907859079,882439,0.21146730822187143,0.99999464117294,0.3491090662992366
0.3090659340659341,882443,0.21146634966791056,0.99999464117294,0.3491077600600907
0.309047619047619,882453,0.21146395332102672,0.99999464117294,0.3491044945049908
0.3090322580645162,882457,0.2114629947974802,0.99999464117294,0.3491031883000566
0.308974358974359,882461,0.21146203628262325,0.99999464117294,0.34910188210489684
0.30897435897435893,882463,0.21146155702845332,0.99999464117294,0.34910122901098245
0.30892857142857144,882471,0.21145964003349685,0.99999464117294,0.34909861665976044
0.3088942307692308,882479,0.21145772307329694,0.99999464117294,0.34909600434763494
0.3088888888888889,882483,0.21145676460623036,0.99999464117294,0.3490946982062331
0.3088636363636364,882487,0.21145580614785262,0.99999464117294,0.3490933920746052
0.3088235294117648,882489,0.21145532692192198,0.99999464117294,0.3490927390124563
0.3088235294117647,882570,0.21143592009698947,0.99999464117294,0.34906629204865797
0.3088111888111888,882571,0.21143568052881864,0.99999464117294,0.3490659655679732
0.30875,882639,0.2114193911667171,0.99999464117294,0.34904376631405093
0.30873015873015874,882751,0.21139256709989568,0.99999464117294,0.34900720899155474
0.3085858585858586,882792,0.21138274927729295,0.99999464117294,0.34899382831494297
0.3085714285714286,882794,0.21138227038244484,0.99999464117294,0.34899317562525595
0.30857142857142855,882845,0.2113700592969321,0.99999464117294,0.3489765328630618
0.30853658536585366,882847,0.21136958045958132,0.99999464117294,0.34897588023806514
0.308498023715415,882851,0.21136862279138835,0.99999464117294,0.34897457499539486
0.30846153846153845,882853,0.2113681439605461,0.99999464117294,0.3489739223777211
0.30838383838383837,882857,0.21136718630536996,0.99999464117294,0.34897261714969635
0.3083636363636364,882859,0.21136670748103603,0.99999464117294,0.34897196453934526
0.3083333333333334,882863,0.21136574983887646,0.99999464117294,0.3489706593259658
0.30833333333333335,882947,0.2113456413578618,0.99999464117294,0.3489432521001725
0.3083333333333333,882951,0.21134468390658145,0.99999464117294,0.34894194710156246
0.30824372759856633,882953,0.2113442051841944,0.99999464117294,0.3489412946059178
0.3081818181818182,882990,0.21133534921120284,0.99999464117294,0.34892922387663405
0.3081081081081082,882992,0.21133487053110334,0.99999464117294,0.3489285714285715
0.3081081081081081,883000,0.2113329558323896,0.99999464117294,0.3489259616607206
0.30810810810810807,883020,0.21132816923738987,0.99999464117294,0.3489194374118852
0.30808080808080807,883125,0.2113030431705591,0.99999464117294,0.3488851891079363
0.30806451612903224,883127,0.21130256463679628,0.99999464117294,0.3488845368245406
0.308051948051948,883129,0.21130208610520093,0.99999464117294,0.34888388454358404
0.30804195804195805,883145,0.21129825793046442,0.99999464117294,0.3488786663837353
0.307987012987013,883147,0.21129777941837544,0.99999464117294,0.3488780141247295
0.3079545454545455,883149,0.21129730090845372,0.99999464117294,0.3488773618681626
0.3078947368421053,883179,0.2112901235196942,0.99999464117294,0.3488675783123183
0.3078409090909091,883181,0.21128964504444728,0.99999464117294,0.34886692609477193
0.30783972125435544,883185,0.2112886881004546,0.99999464117294,0.34886562166699536
0.3077922077922078,883221,0.21128007599456988,0.99999464117294,0.3488538822559493
0.30770114942528737,883225,0.21127911913725267,0.99999464117294,0.3488525779257136
0.3076923076923077,883237,0.21127624861730204,0.99999464117294,0.3488486649935271
0.30769230769230765,883251,0.21127289977594138,0.99999464117294,0.3488441000169181
0.3076576576576576,883254,0.2112721821808902,0.99999464117294,0.34884312182318844
0.30764705882352944,883294,0.21126261471265512,0.99999464117294,0.34883007976431485
0.3076388888888889,883300,0.21126117966715724,0.99999464117294,0.3488281235395941
0.30757575757575756,883301,0.211260940494803,0.99999464117294,0.3488277975042737
0.3075396825396825,883302,0.21126070132299032,0.99999464117294,0.3488274714695629
0.3075,883308,0.21125926630348643,0.99999464117294,0.3488255152740963
0.307487922705314,883469,0.21122076722556196,0.99999464117294,0.3487730322210458
0.3074747474747475,883471,0.21122028906438356,0.99999464117294,0.3487723803569643
0.30736559139784947,883475,0.21121933274852148,0.99999464117294,0.3487710766361114
0.30736263736263736,883477,0.21121885459383777,0.99999464117294,0.34877042477933995
0.3073563218390804,883481,0.21121789829096493,0.99999464117294,0.34876912107310704
0.30733333333333335,883504,0.21121239971748854,0.99999464117294,0.34876162495140695
0.3073170731707317,883512,0.2112104872372984,0.99999464117294,0.3487590176802601
0.30727272727272725,883516,0.2112095310101911,0.99999464117294,0.3487577140593053
0.3072398190045249,883520,0.21120857479174213,0.99999464117294,0.3487564104480959
0.30722222222222223,883522,0.21120809668576448,0.99999464117294,0.34875575864614583
0.30714285714285716,885274,0.21079010566220177,0.99999464117294,0.348185714472302
0.3070940170940171,885278,0.21078915323774,0.99999464117294,0.34818441513369885
0.30705329153605015,885311,0.2107812960643209,0.99999464117294,0.3481736959602358
0.30701298701298707,885315,0.21078034371946708,0.99999464117294,0.34817239671133093
0.30701149425287355,885318,0.2107796294664742,0.99999464117294,0.34817142228101566
0.3069940476190476,885322,0.21077867713668022,0.99999464117294,0.3481701230490797
0.3069767441860465,885326,0.2107777248154917,0.99999464117294,0.3481688238268401
0.30694444444444446,885480,0.210741066991914,0.99999464117294,0.3481188111423689
0.3069318181818182,885488,0.21073916303778256,0.99999464117294,0.3481162134734203
0.3069059829059829,885492,0.21073821107361784,0.99999464117294,0.3481149146534838
0.30689964157706096,885494,0.21073773509476065,0.99999464117294,0.34811426524715
0.3068561872909699,885505,0.2107351172494791,0.99999464117294,0.34811069355562335
0.3067084639498433,885507,0.2107346412845974,0.99999464117294,0.3481100441650382
0.3066985645933014,885513,0.21073321340285237,0.99999464117294,0.34810809600782
0.3066964285714286,885515,0.21073273744657064,0.99999464117294,0.34810744662692616
0.3066666666666667,885564,0.2107210771892263,0.99999464117294,0.34809153755181066
0.30661764705882355,885568,0.21072012538845125,0.99999464117294,0.3480902389159989
0.3065934065934066,885573,0.21071893564957378,0.99999464117294,0.3480886156348601
0.30657894736842106,885579,0.21071750798065447,0.99999464117294,0.3480866677174784
0.3065656565656566,885581,0.2107170320953137,0.99999464117294,0.3480860184165292
0.3065079365079365,885583,0.2107165562121224,0.99999464117294,0.3480853691180023
0.30648351648351646,885588,0.21071536651354805,0.99999464117294,0.34808374588228275
0.30645833333333333,885590,0.21071489063787982,0.99999464117294,0.34808309659223385
0.30644444444444446,885752,0.21067635184566336,0.99999464117294,0.3480305121414451
0.30643939393939396,885756,0.21067540044888208,0.99999464117294,0.34802921396093117
0.30641025641025643,885794,0.21066636260801044,0.99999464117294,0.3480168817290531
0.3063636363636364,885838,0.2106558987083417,0.99999464117294,0.34800260339448325
0.30634408602150537,885840,0.21065542310123725,0.99999464117294,0.34800195440711346
0.30625,885844,0.21065447189347108,0.99999464117294,0.34800065643963557
0.30621621621621625,885865,0.21064947819362995,0.99999464117294,0.3479938422692226
0.305982905982906,886033,0.21060953711656338,0.99999464117294,0.3479393385112074
0.305952380952381,886043,0.2106071601491124,0.99999464117294,0.34793609477826437
0.3059090909090909,886045,0.21060668476206063,0.99999464117294,0.3479354460389334
0.30585858585858583,886049,0.21060573399439533,0.99999464117294,0.347934148567529
0.30584415584415586,886057,0.21060383248481757,0.99999464117294,0.3479315536537503
0.30583333333333335,886065,0.21060193100957605,0.99999464117294,0.34792895877867724
0.3058241758241758,886067,0.2106014556461306,0.99999464117294,0.3479283100659566
0.3058181818181819,886071,0.2106005049256775,0.99999464117294,0.34792701264777254
0.3057993730407524,886075,0.21059955421380808,0.99999464117294,0.3479257152392645
0.30578947368421056,886128,0.21058695809183323,0.99999464117294,0.3479085254899621
0.3057692307692308,886136,0.2105850569212852,0.99999464117294,0.3479059309583647
0.3057386363636364,886138,0.21058458163401186,0.99999464117294,0.34790528233151186
0.3057184750733138,886198,0.21057032401336948,0.99999464117294,0.347885824650496
0.30571428571428566,886206,0.21056842314315183,0.99999464117294,0.3478832304574698
0.3056989247311828,886210,0.21056747272091264,0.99999464117294,0.34788193337546536
0.3056060606060606,886211,0.21056723511669342,0.99999464117294,0.34788160910647553
0.3056043956043956,886215,0.21056628470517877,0.99999464117294,0.3478803120365615
0.3055555555555556,886368,0.21052993790389546,0.99999464117294,0.34783070637181074
0.3055555555555555,886408,0.2105204375411774,0.99999464117294,0.347817739903226
0.3055125725338491,886410,0.2105199625455489,0.99999464117294,0.3478170916051735
0.3054945054945055,886416,0.21051853757152397,0.99999464117294,0.3478151467255159
0.30549019607843136,886420,0.21051758759955777,0.99999464117294,0.34781385015116095
0.30541666666666667,886424,0.2105166376361651,0.99999464117294,0.3478125535864728
0.3053846153846154,886428,0.2105156876813458,0.99999464117294,0.34781125703145094
0.30535117056856187,886432,0.21051473773509982,0.99999464117294,0.3478099604860956
0.30523809523809525,886436,0.210513787797427,0.99999464117294,0.3478086639504065
0.3052380952380952,886438,0.2105133128318055,0.99999464117294,0.34780801568618686
0.3051948051948052,886444,0.21051188794780043,0.99999464117294,0.34780607090802684
0.30518716577540106,886448,0.21051093803584645,0.99999464117294,0.347804774401336
0.3051587301587302,886574,0.21048102019684764,0.99999464117294,0.34776393938772737
0.3051515151515152,886578,0.21048007056344734,0.99999464117294,0.3477626431951218
0.30512820512820515,886586,0.21047817132235339,0.99999464117294,0.34776005083889766
0.30511363636363636,886626,0.2104686756309876,0.99999464117294,0.3477470896374882
0.30509355509355507,886629,0.21046796348867453,0.99999464117294,0.34774611758632995
0.3050747863247863,886633,0.21046701397308695,0.99999464117294,0.3477448215265723
0.30500000000000005,886727,0.21044470282285302,0.99999464117294,0.347714366903157
0.305,886739,0.21044185493138343,0.99999464117294,0.3477104794628391
0.30497536945812803,886747,0.2104399563798919,0.99999464117294,0.3477078878842508
0.3049662162162162,886751,0.21043900711699226,0.99999464117294,0.3477065921094434
0.30496267018006146,886755,0.21043805786265654,0.99999464117294,0.3477052963442936
0.3049498746867168,886757,0.21043758323870013,0.99999464117294,0.3477046484653403
0.30493506493506495,886761,0.21043663399721008,0.99999464117294,0.3477033527146769
0.3048611111111111,886765,0.21043568476428365,0.99999464117294,0.34770205697367085
0.30478927203065137,886904,0.21040270423856472,0.99999464117294,0.34765703597165193
0.3047692307692308,886927,0.2103972480260495,0.99999464117294,0.34764958757748937
0.3047619047619048,886935,0.21039535027933276,0.99999464117294,0.34764699690650486
0.30476190476190473,886969,0.21038728523770278,0.99999464117294,0.3476359869855632
0.3047319347319347,886971,0.21038681084274458,0.99999464117294,0.34763533936487206
0.3046583850931677,886979,0.2103849132843055,0.99999464117294,0.34763274890623674
0.30463414634146346,886981,0.21038443890004407,0.99999464117294,0.34763210129761013
0.30454545454545456,886998,0.21038040672019553,0.99999464117294,0.3476265967217024
0.3045454545454545,887014,0.2103766118685838,0.99999464117294,0.34762141610361935
0.3044717444717445,887016,0.21037613752175835,0.99999464117294,0.347620768537216
0.3044534412955466,887017,0.21037590034914777,0.99999464117294,0.3476204447549191
0.30444444444444446,887125,0.21035028885444554,0.99999464117294,0.3475854798166769
0.30442028985507247,887127,0.2103498146263162,0.99999464117294,0.3475848323841544
0.3042857142857143,887170,0.21033961923870284,0.99999464117294,0.34757091316827127
0.30428571428571427,887187,0.2103355887766615,0.99999464117294,0.3475654105299429
0.30423645320197046,887191,0.2103346404550993,0.99999464117294,0.3475641158168335
0.3042222222222222,887194,0.21033392921953936,0.99999464117294,0.34756314478833156
0.3041958041958042,887198,0.21033298091294164,0.99999464117294,0.34756185009210233
0.30417582417582417,887202,0.21033203261489491,0.99999464117294,0.34756055540551867
0.30416666666666664,887203,0.21033179554171932,0.99999464117294,0.3475602317353799
0.3041218637992832,887306,0.21030737986669762,0.99999464117294,0.347526896939606
0.30405594405594405,887308,0.21030690583202225,0.99999464117294,0.3475262497253044
0.3040229885057471,887326,0.210302639616105,0.99999464117294,0.3475204249050686
0.3040106951871658,887337,0.21030003256936203,0.99999464117294,0.34751686538882337
0.30395256916996044,887339,0.2102995585678078,0.99999464117294,0.3475162182118857
0.3039191919191919,887341,0.21029908456839028,0.99999464117294,0.3475155710373584
0.3038793103448276,887342,0.2102988475694828,0.99999464117294,0.34751524745099865
0.3038461538461539,887361,0.210294344691732,0.99999464117294,0.3475090994246575
0.3038194444444445,887443,0.2102749134310598,0.99999464117294,0.34748256833241625
0.3037878787878788,887445,0.21027443954273223,0.99999464117294,0.34748192128321415
0.30376068376068377,887447,0.2102739656565406,0.99999464117294,0.3474812742364218
0.30375,887451,0.21027301789056524,0.99999464117294,0.34747998015006626
0.3036568694463431,887455,0.2102720701331335,0.99999464117294,0.34747868607334953
0.30363636363636365,887568,0.21024529951507942,0.99999464117294,0.34744213238798854
0.3035714285714286,887579,0.21024269388978334,0.99999464117294,0.34743857447539395
0.30357142857142855,887591,0.21023985146311758,0.99999464117294,0.34743469319930476
0.30353535353535355,887623,0.210232272034411,0.99999464117294,0.34742434355366764
0.3035353535353535,887627,0.2102313246442481,0.99999464117294,0.347423049891318
0.3035064935064935,887639,0.21022848252499046,0.99999464117294,0.347419168962073
0.3034090909090909,887643,0.2102275351689812,0.99999464117294,0.3474178753382589
0.30333333333333334,887717,0.21021001062275477,0.99999464117294,0.34739394503525467
0.3032679738562092,887782,0.21019461985036866,0.99999464117294,0.3473729278939677
0.30324675324675326,887784,0.2101941463238806,0.99999464117294,0.34737228125302494
0.30320512820512824,887788,0.21019319927730495,0.99999464117294,0.3473709879783618
0.3032051282051282,887790,0.21019272575721737,0.99999464117294,0.3473703413446414
0.30317460317460315,887800,0.21019035818878126,0.99999464117294,0.3473671082121503
0.30316558441558444,887804,0.2101894111763407,0.99999464117294,0.34736581497600544
0.30313328912466847,887806,0.21018893767332053,0.99999464117294,0.3473651683615441
0.3030555555555556,887810,0.2101879906736802,0.99999464117294,0.3473638751398431
0.3030434782608696,887929,0.21015982133706637,0.99999464117294,0.3473254061982044
0.30303571428571424,887931,0.21015934796735333,0.99999464117294,0.3473247597341744
0.30303030303030304,887961,0.2101522476775444,0.99999464117294,0.34731506306249293
0.303030303030303,887965,0.2101513010084857,0.99999464117294,0.3473137702138431
0.303015873015873,888013,0.21013994164499844,0.99999464117294,0.3472982567807627
0.30299145299145297,888032,0.21013544556952904,0.99999464117294,0.3472921164296881
0.3029523809523809,888036,0.21013449905184023,0.99999464117294,0.3472908237518657
0.3029411764705882,888054,0.21013023982775822,0.99999464117294,0.34728500682074925
0.30293650793650795,888055,0.21013000320926067,0.99999464117294,0.3472846836636229
0.3029090909090909,888057,0.2101295299738643,0.99999464117294,0.3472840373511746
0.3027777777777778,888083,0.21012337810767687,0.99999464117294,0.3472756355082531
0.30277777777777776,888085,0.21012290490212085,0.99999464117294,0.3472749892294823
0.30272727272727273,888087,0.21012243169869618,0.99999464117294,0.34727434295311693
0.30268817204301074,888107,0.21011769978167044,0.99999464117294,0.3472678803217597
0.3026442307692308,888111,0.21011675342384004,0.99999464117294,0.3472665878243522
0.30263736263736263,888115,0.21011580707453426,0.99999464117294,0.3472652953365658
0.3026190476190476,888119,0.21011486073375302,0.99999464117294,0.3472640028584003
0.30259740259740264,888140,0.21010989258450244,0.99999464117294,0.34725721750587113
0.3025798525798526,888160,0.2101051612322104,0.99999464117294,0.3472507555118872
0.3025714285714286,888172,0.2101023225231149,0.99999464117294,0.3472468784309347
0.30256704980842913,888176,0.21010137630379563,0.99999464117294,0.3472455860898562
0.30255255255255253,888194,0.21009711842232665,0.99999464117294,0.3472397706740404
0.3025128205128205,888198,0.21009617224988122,0.99999464117294,0.34723847838586686
0.30250000000000005,888305,0.2100708652996437,0.99999464117294,0.34720391324693256
0.3025,888328,0.2100654262839852,0.99999464117294,0.34719648425580685
0.30246753246753244,888330,0.21006495333941216,0.99999464117294,0.3471958382716026
0.3024475524475525,888332,0.2100644803969687,0.99999464117294,0.3471951922898022
0.30244755244755245,888350,0.21006022401080654,0.99999464117294,0.347189378561767
0.3023863636363636,888358,0.21005833233898946,0.99999464117294,0.34718679474513614
0.3023809523809524,888374,0.21005454909756477,0.99999464117294,0.3471816272272466
0.30238095238095236,888378,0.21005360330850156,0.99999464117294,0.3471803353718095
0.30233918128654974,888390,0.21005076599241324,0.99999464117294,0.34717645986318113
0.30233333333333334,888400,0.2100484016208915,0.99999464117294,0.34717323033875097
0.3022727272727273,888401,0.21004816518666683,0.99999464117294,0.34717290738961254
0.3022222222222222,888409,0.21004627373203108,0.99999464117294,0.34717032381813495
0.30219780219780223,888419,0.21004390946163917,0.99999464117294,0.3471670944078614
0.3021978021978022,888425,0.21004249092495145,0.99999464117294,0.34716515679053567
0.30217391304347824,888431,0.21004107240742387,0.99999464117294,0.3471632191948385
0.3021531100478469,888449,0.21003681696979792,0.99999464117294,0.34715740653751387
0.30214285714285716,888453,0.21003587134040855,0.99999464117294,0.3471561148623194
0.3021367521367521,888459,0.2100344529122897,0.99999464117294,0.3471541773675501
0.3020833333333333,888484,0.2100285430013371,0.99999464117294,0.3471461047054577
0.30201465201465205,888486,0.2100280702228285,0.99999464117294,0.3471454589087094
0.30200000000000005,888637,0.2099923815911334,0.99999464117294,0.34709670819208643
0.30194444444444446,888645,0.20999049114100682,0.99999464117294,0.34709412575458987
0.30193277310924366,888647,0.2099900185337935,0.99999464117294,0.34709348015121994
0.30193236714975846,888651,0.20998907332574882,0.99999464117294,0.34709218895168514
0.3019305019305019,888655,0.2099881281262132,0.99999464117294,0.3470908977617569
0.3018181818181818,888659,0.20998718293518662,0.99999464117294,0.3470896065814352
0.30179347826086955,888663,0.2099862377526689,0.99999464117294,0.34708831541071966
0.30176151761517617,888670,0.20998458370373704,0.99999464117294,0.3470860558850828
0.30174825174825176,888678,0.20998269339400774,0.99999464117294,0.34708347360609176
0.3017241379310345,888691,0.2099796217132839,0.99999464117294,0.347079277484681
0.30170588235294116,888693,0.20997914915499502,0.99999464117294,0.3470786319365461
0.3016707616707617,888694,0.20997891287664822,0.99999464117294,0.34707830916337923
0.3016666666666667,888696,0.20997844032154978,0.99999464117294,0.34707766361884634
0.3016483516483517,888707,0.20997584130652736,0.99999464117294,0.34707411316683956
0.3016233766233766,888717,0.20997347862142843,0.99999464117294,0.3470708855462302
0.30161490683229814,888719,0.2099730060907891,0.99999464117294,0.347070240029312
0.30158730158730157,888727,0.20997111598949958,0.99999464117294,0.347067657985651
0.3015770609318997,888731,0.20997017095161527,0.99999464117294,0.34706636697822735
0.3015384615384616,888876,0.20993591907082654,0.99999464117294,0.34701957444276255
0.3015151515151515,888903,0.2099295423685149,0.99999464117294,0.3470108627433843
0.30147058823529416,888907,0.20992859770482175,0.99999464117294,0.3470095721584543
0.30145888594164455,888919,0.20992576376475247,0.99999464117294,0.34700570046126217
0.3014285714285715,888921,0.20992529144884642,0.99999464117294,0.3470050551867964
0.30142857142857143,888930,0.20992316605357003,0.99999464117294,0.3470021514813982
0.3014102564102564,888932,0.20992269374935316,0.99999464117294,0.3470015062201313
0.3013636363636364,888984,0.20991041458563933,0.99999464117294,0.34698473026947024
0.30128205128205127,888988,0.2099094700940845,0.99999464117294,0.3469834398789136
0.3012626262626263,888990,0.2099089978514944,0.99999464117294,0.3469827946872344
0.3012539184952978,888996,0.20990758113647306,0.99999464117294,0.3469808591265931
0.30125,889007,0.20990498387526757,0.99999464117294,0.34697731065483467
0.30124740124740124,889009,0.20990451165286292,0.99999464117294,0.34697666548594897
0.3012443438914027,889011,0.20990403943258296,0.99999464117294,0.34697602031946256
0.3012239484653278,889012,0.20990380332323974,0.99999464117294,0.34697569773711906
0.30111111111111116,889162,0.20986839293627033,0.99999464117294,0.34692731717746356
0.3010606060606061,889166,0.20986744882282948,0.99999464117294,0.3469260272138944
0.3010215053763441,889170,0.20986650471788296,0.99999464117294,0.3469247372599179
0.300990990990991,889171,0.20986626869297356,0.99999464117294,0.34692441477292263
0.30098039215686273,889194,0.2098608402665785,0.99999464117294,0.34691699773750184
0.30095238095238097,889200,0.20985942420152948,0.99999464117294,0.34691506291085406
0.3009523809523809,889204,0.20985848016878017,0.99999464117294,0.3469137730384119
0.30092307692307696,889208,0.20985753614452413,0.99999464117294,0.3469124831755616
0.3009090909090909,889214,0.20985612012406463,0.99999464117294,0.34691054839927055
0.30089285714285713,889219,0.20985494012161235,0.99999464117294,0.34690893610218
0.3008210180623974,889223,0.20985399612920494,0.99999464117294,0.3469076462752979
0.3008169934640523,889225,0.209853524136186,0.99999464117294,0.34690700136545355
0.3007936507936508,889246,0.20984856833767035,0.99999464117294,0.3469002299568529
0.3007692307692308,889275,0.20984172500070283,0.99999464117294,0.3468908793985963
0.30071428571428577,889421,0.20980727911753827,0.99999464117294,0.34684381183035035
0.3006666666666667,889427,0.20980586377521707,0.99999464117294,0.34684187781995934
0.30064935064935067,889513,0.2097855793001339,0.99999464117294,0.34681415937427107
0.30058651026392963,889520,0.20978392841082832,0.99999464117294,0.34681190341669393
0.3005555555555555,889524,0.20978298505717666,0.99999464117294,0.3468106143112555
0.30047619047619045,889535,0.20978039087838027,0.99999464117294,0.3468070693207129
0.30042735042735047,889539,0.20977944755654335,0.99999464117294,0.346805780251211
0.3004158004158004,889543,0.20977850424319006,0.99999464117294,0.3468044911912919
0.3004154447702835,889545,0.20977803258969474,0.99999464117294,0.346803846664926
0.30034482758620695,889714,0.20973818552928244,0.99999464117294,0.34674939283968925
0.30028846153846156,889729,0.2097346495393541,0.99999464117294,0.3467445604861675
0.3001240694789082,889749,0.20972993507157636,0.99999464117294,0.3467381175576505
0.30005070993914806,889751,0.2097294636364556,0.99999464117294,0.34673747327796767
0.30000594177064765,889755,0.20972852077257223,0.99999464117294,0.34673618472578493
0.30000000000000004,890141,0.20963757427194118,0.99999464117294,0.3466118844781839
0.3,895091,0.20847824411149257,0.99999464117294,0.3450257419115669
0.29988344988344984,895093,0.2084777782867255,0.99999464117294,0.3450251039797504
0.29986111111111113,895101,0.2084759150084739,0.99999464117294,0.3450225522760742
0.29977477477477477,895105,0.2084749833818379,0.99999464117294,0.34502127643838987
0.29976190476190473,895109,0.20847405176352823,0.99999464117294,0.34502000061014104
0.2997435897435897,895113,0.20847312015354486,0.99999464117294,0.3450187247913279
0.29970588235294116,895115,0.20847265435167547,0.99999464117294,0.3450180868854596
0.29967741935483877,895197,0.208453558267063,0.99999464117294,0.34499193477567586
0.29960317460317465,895199,0.20845309255260563,0.99999464117294,0.3449912969688678
0.29957706766917297,895200,0.2084528596961573,0.99999464117294,0.3449909780663482
0.2995535714285715,895204,0.20845192827556625,0.99999464117294,0.3449897024621653
0.29954954954954954,895208,0.20845099686329882,0.99999464117294,0.3449884268674156
0.29951923076923076,895220,0.20844820267643707,0.99999464117294,0.3449846001397634
0.29946428571428574,895224,0.208447271297463,0.99999464117294,0.3449833245827449
0.29945799457994576,895226,0.20844680561109707,0.99999464117294,0.3449826868077728
0.29945054945054944,895227,0.2084465727686944,0.99999464117294,0.34498236792117093
0.2994071146245059,895317,0.20842561908240323,0.99999464117294,0.34495367054093395
0.29937500000000006,895443,0.20839629099786364,0.99999464117294,0.34491350222863804
0.299375,895447,0.20839536008272963,0.99999464117294,0.3449122271973236
0.2993243243243243,895453,0.20839396372562266,0.99999464117294,0.344910314668027
0.29928571428571427,895455,0.20839349827741205,0.99999464117294,0.3449096771629748
0.29926108374384236,895466,0.20839093834941808,0.99999464117294,0.3449061709273118
0.29924242424242425,895470,0.20839000748210437,0.99999464117294,0.34490489595019946
0.29923371647509583,895480,0.20838768035020325,0.99999464117294,0.3449017085486578
0.2992063492063492,895482,0.20838721493006002,0.99999464117294,0.3449010710754189
0.29916666666666664,895486,0.20838628409601043,0.99999464117294,0.34489979613601035
0.2991663508904888,895490,0.2083853532702766,0.99999464117294,0.3448985212060276
0.29912280701754385,895512,0.20838023387737964,0.99999464117294,0.34489150925960155
0.2990948275862069,895516,0.2083793031056955,0.99999464117294,0.3448902343908832
0.29909090909090913,895626,0.2083537101424032,0.99999464117294,0.34485517919414843
0.29903225806451617,895630,0.20835277960765047,0.99999464117294,0.34485390459399873
0.2990259740259741,895634,0.20835184908120952,0.99999464117294,0.34485263000327104
0.2990229885057471,895640,0.20835045330713234,0.99999464117294,0.34485071813484525
0.29900000000000004,895644,0.20834952280147023,0.99999464117294,0.34484944356767183
0.29895104895104896,895664,0.20834487039782776,0.99999464117294,0.34484307087312616
0.2988888888888889,895672,0.20834300949454712,0.99999464117294,0.34484052186125586
0.29888888888888887,895681,0.20834091601809127,0.99999464117294,0.3448376542679451
0.2988742964352721,895685,0.20833998559761524,0.99999464117294,0.34483637979733767
0.2988636363636364,895793,0.2083148673856572,0.99999464117294,0.3448019726515404
0.29886363636363633,895797,0.20831393719782496,0.99999464117294,0.34480069844466715
0.29882352941176477,895866,0.20829789276521266,0.99999464117294,0.3447787198583984
0.29880636604774535,895870,0.20829696272896736,0.99999464117294,0.3447774458233793
0.2988038277511962,895874,0.20829603270102715,0.99999464117294,0.34477617179777587
0.29875,895899,0.20829022021455543,0.99999464117294,0.34476820935107116
0.2987225193107546,895901,0.20828975522965149,0.99999464117294,0.34476757237122274
0.2987179487179487,895902,0.20828952273797804,0.99999464117294,0.3447672538821812
0.2986713286713287,895904,0.20828905775618817,0.99999464117294,0.3447666169058634
0.29864864864864865,895916,0.20828626790904503,0.99999464117294,0.3447627950973835
0.2985714285714286,895972,0.2082732496104789,0.99999464117294,0.344744961111419
0.29857142857142854,895978,0.20827185488929414,0.99999464117294,0.34474305043663966
0.29856630824372765,895980,0.20827138998638361,0.99999464117294,0.34474241354975294
0.2985,895984,0.20827046018678905,0.99999464117294,0.3447411397830393
0.298498023715415,895988,0.20826953039549637,0.99999464117294,0.34473986602573814
0.2984755244755245,895990,0.2082690655029632,0.99999464117294,0.3447392291506173
0.29842741935483874,895994,0.20826813572412314,0.99999464117294,0.34473795540743507
0.2984162895927602,895998,0.20826720595358472,0.99999464117294,0.34473668167366517
0.29838709677419356,896010,0.208264416691778,0.99999464117294,0.3447328605288292
0.2983636363636364,896114,0.20824024621867307,0.99999464117294,0.3446997474882749
0.2983333333333334,896142,0.20823373974213907,0.99999464117294,0.3446908335257446
0.29833333333333334,896182,0.20822444548094027,0.99999464117294,0.34467810009327754
0.29826388888888894,896188,0.20822305141331954,0.99999464117294,0.3446761901595499
0.2982034632034632,896190,0.20822258672826074,0.99999464117294,0.34467555351967777
0.29810810810810817,896218,0.208216081355206,0.99999464117294,0.34466664080840326
0.2980952380952381,896224,0.20821468739957869,0.99999464117294,0.3446647310016698
0.29807692307692313,896228,0.2082137581061962,0.99999464117294,0.34466345780893876
0.29805194805194807,896232,0.2082128288211088,0.99999464117294,0.3446621846256141
0.298,896266,0.2082049302327657,0.99999464117294,0.34465136294712034
0.29797979797979796,896268,0.2082044656285843,0.99999464117294,0.3446507263989598
0.29796747967479675,896272,0.20820353642644196,0.99999464117294,0.34464945330969265
0.297926267281106,896282,0.20820121345737166,0.99999464117294,0.3446462706276722
0.29792207792207787,896292,0.20819889054013646,0.99999464117294,0.3446430880044325
0.2979120879120879,896294,0.2081984259629095,0.99999464117294,0.3446424514868382
0.2979059829059829,896296,0.20819796138775584,0.99999464117294,0.3446418149715949
0.29790209790209793,896421,0.2081689295543054,0.99999464117294,0.34460203743390067
0.2978947368421053,896429,0.208167071792635,0.99999464117294,0.344599491984115
0.29786324786324786,896430,0.20816683957475765,0.99999464117294,0.3445991738055359
0.29778225806451614,896434,0.20816591070842919,0.99999464117294,0.34459790109709504
0.2977777777777778,896437,0.20816521406412275,0.99999464117294,0.3445969465719338
0.2977142857142857,896441,0.20816428521230065,0.99999464117294,0.3445956738799445
0.2976923076923077,896457,0.20816056988790316,0.99999464117294,0.3445905832059941
0.29768817204301073,896463,0.20815917667544562,0.99999464117294,0.3445886742420395
0.2976190476190476,896532,0.20814315607251052,0.99999464117294,0.34456672267666233
0.2975155279503106,896538,0.20814176309314272,0.99999464117294,0.3445648139770631
0.29750000000000004,896551,0.2081387450351402,0.99999464117294,0.3445606785338071
0.2974747474747475,896683,0.20810810509399644,0.99999464117294,0.3445186934997152
0.2974603174603175,896687,0.20810717675175397,0.99999464117294,0.34451742138567976
0.29743589743589743,896703,0.2081034634656068,0.99999464117294,0.3445123330234808
0.29743506493506494,896704,0.20810323138962245,0.99999464117294,0.344512015005834
0.29738095238095236,896708,0.20810230309086125,0.99999464117294,0.34451074294111783
0.29736842105263156,896720,0.208099518244268,0.99999464117294,0.34450692680333195
0.29735632183908045,896730,0.20809719759570885,0.99999464117294,0.3445037467530909
0.2973291925465838,896742,0.20809441288575756,0.99999464117294,0.3444999307702959
0.29732142857142857,896760,0.20809023596056916,0.99999464117294,0.34449420695460825
0.29731707317073175,896762,0.20808977186812108,0.99999464117294,0.34449357098682815
0.29728682170542636,896764,0.2080893077777431,0.99999464117294,0.3444929350213961
0.2972768222768223,896768,0.20808837960319726,0.99999464117294,0.34449166309757645
0.29727272727272724,896794,0.20808234667047282,0.99999464117294,0.34448339582168025
0.29725274725274725,896798,0.20808141855802534,0.99999464117294,0.34448212396829997
0.2972222222222222,896824,0.20807538602891984,0.99999464117294,0.3444738571502411
0.2971916971916972,896828,0.20807445797856444,0.99999464117294,0.3444725853672944
0.29714285714285715,896830,0.2080739939564912,0.99999464117294,0.3444719494793426
0.2971153846153846,896834,0.20807306591855348,0.99999464117294,0.3444706777104819
0.2970833333333333,896838,0.2080721378888941,0.99999464117294,0.3444694059510119
0.2970779220779221,896942,0.20804801202307396,0.99999464117294,0.34443634350053065
0.2970551378446115,896946,0.20804708421688708,0.99999464117294,0.3444350719945661
0.296993006993007,896947,0.20804685226663336,0.99999464117294,0.3444347541195417
0.296985446985447,896949,0.20804638836767753,0.99999464117294,0.34443411837125315
0.2969767441860465,896950,0.20804615641897542,0.99999464117294,0.34443380049798905
0.296969696969697,896954,0.20804522862933886,0.99999464117294,0.34443252901079957
0.29696969696969694,897012,0.2080317766094545,0.99999464117294,0.3444140935014119
0.296875,897019,0.20803015320745716,0.99999464117294,0.3444118686596033
0.296870882740448,897025,0.20802876174019677,0.99999464117294,0.34440996167521665
0.29678571428571426,897027,0.20802829792191316,0.99999464117294,0.34440932601844715
0.29675324675324677,897036,0.20802621076523128,0.99999464117294,0.34440646559202104
0.2967084639498433,897152,0.20799931338279354,0.99999464117294,0.34436960212593193
0.296680216802168,897156,0.20799838601090556,0.99999464117294,0.3443683311126777
0.2966666666666667,897168,0.2079956039448576,0.99999464117294,0.34436451812920754
0.29666666666666663,897237,0.20797960850923447,0.99999464117294,0.3443425951127698
0.296656976744186,897238,0.20797937670941266,0.99999464117294,0.3443422774084141
0.296606334841629,897239,0.20797914491010755,0.99999464117294,0.34434195970464465
0.2965587044534413,897249,0.20797682694547445,0.99999464117294,0.3443387826991937
0.2965151515151515,897253,0.20797589977408826,0.99999464117294,0.34433751191342804
0.2964705882352941,897254,0.20797566798253336,0.99999464117294,0.3443371942184521
0.296455938697318,897256,0.20797520440097364,0.99999464117294,0.34433655883025915
0.29644230769230767,897257,0.20797497261096876,0.99999464117294,0.3443362411370419
0.29642857142857143,897259,0.207974509032509,0.99999464117294,0.34433560575236627
0.29637681159420287,897331,0.20795782158423146,0.99999464117294,0.34431273346562863
0.2963636363636364,897444,0.20793163696007774,0.99999464117294,0.3442768428082786
0.29634408602150536,897448,0.20793071019156542,0.99999464117294,0.3442755724796505
0.29628571428571426,897452,0.20792978343131444,0.99999464117294,0.34427430216039706
0.2962626262626263,897458,0.2079283933064277,0.99999464117294,0.344272396699094
0.296218487394958,897462,0.20792746656682956,0.99999464117294,0.34427112640327656
0.2961904761904762,897466,0.20792653983549236,0.99999464117294,0.3442698561168333
0.29615384615384616,897504,0.2079177362997825,0.99999464117294,0.3442577888631433
0.2960670731707317,897508,0.20791680965517856,0.99999464117294,0.3442565186751233
0.29604166666666665,897512,0.2079158830188343,0.99999464117294,0.34425524849647643
0.2960410557184751,897601,0.20789526749635975,0.99999464117294,0.34422698944576186
0.29595238095238097,897602,0.20789503588450114,0.99999464117294,0.3442266719546951
0.29583333333333334,897686,0.20787558233056994,0.99999464117294,0.3442000047957473
0.2958241758241758,897698,0.20787280354863216,0.99999464117294,0.34419619553889763
0.2958041958041958,897704,0.20787141418552219,0.99999464117294,0.3441942909420905
0.29578947368421055,897708,0.2078704879537667,0.99999464117294,0.34419302122259565
0.2957692307692308,897742,0.20786261531709554,0.99999464117294,0.34418222898510625
0.2957386363636364,897816,0.20784548281607812,0.99999464117294,0.34415874233694566
0.2957142857142857,897823,0.20784386232030144,0.99999464117294,0.3441565207929319
0.2956730769230769,897825,0.20784339932614931,0.99999464117294,0.3441558860713387
0.2956410256410256,897835,0.20784108438632934,0.99999464117294,0.34415271249849
0.2956060606060606,897839,0.20784015842484008,0.99999464117294,0.3441514430857386
0.2955860805860806,897843,0.20783923247160138,0.99999464117294,0.34415017368235173
0.29555555555555557,897860,0.20783529726237943,0.99999464117294,0.34414477882242717
0.29547619047619045,897864,0.20783437135245428,0.99999464117294,0.34414350946820205
0.2954545454545455,897866,0.20783390840058538,0.99999464117294,0.3441428747946009
0.29545454545454547,898001,0.20780266391685534,0.99999464117294,0.34410003973782255
0.2954285714285715,898005,0.20780173829767096,0.99999464117294,0.3440987707136094
0.29541666666666666,898006,0.2078015068941633,0.99999464117294,0.34409845345901857
0.2953968253968254,898020,0.20779826729916928,0.99999464117294,0.344094011956173
0.29533333333333334,898142,0.207770040817599,0.99999464117294,0.3440553122839364
0.2952657004830918,898144,0.20776957815227848,0.99999464117294,0.34405467793560185
0.29525252525252527,898148,0.20776865282781903,0.99999464117294,0.3440534092459503
0.29523809523809524,898152,0.2077677275116016,0.99999464117294,0.3440521405656551
0.2951871657754011,898195,0.20775778088277044,0.99999464117294,0.3440385028433734
0.29505494505494506,898227,0.20775037935844726,0.99999464117294,0.34402835454239583
0.29500000000000004,898232,0.20774922291790984,0.99999464117294,0.3440267689244497
0.295,898266,0.2077413594636778,0.99999464117294,0.34401598711002385
0.29493506493506494,898306,0.2077321091031341,0.99999464117294,0.3440033034876497
0.2949346405228758,898310,0.2077311841123888,0.99999464117294,0.344002035176852
0.2948717948717949,898385,0.20771384206103174,0.99999464117294,0.3439782560809148
0.29484848484848486,898390,0.20771268602722648,0.99999464117294,0.343976670924739
0.2947876447876448,898397,0.20771106760151692,0.99999464117294,0.3439744517306372
0.29469696969696973,898425,0.20770459415087514,0.99999464117294,0.3439655752405687
0.2946969696969697,898427,0.20770413177698355,0.99999464117294,0.3439649412230942
0.29464285714285715,898431,0.20770320703537612,0.99999464117294,0.3439636731951571
0.29463054187192117,898433,0.20770274466766026,0.99999464117294,0.3439630391846944
0.2945084485407066,898437,0.20770181993840414,0.99999464117294,0.3439617711707809
0.2944717444717445,898454,0.20769788993092578,0.99999464117294,0.3439563822159471
0.29444444444444445,902558,0.20675347179904227,0.99999464117294,0.3426603474585141
0.2944444444444444,902559,0.20675324272429835,0.99999464117294,0.34266003285079333
0.29443289443289444,902563,0.20675232643039876,0.99999464117294,0.3426587744256871
0.2944281524926686,902565,0.2067518682864946,0.99999464117294,0.34265814521660015
0.29440559440559444,902569,0.20675095200477747,0.99999464117294,0.3426568868053585
0.2944055944055944,902628,0.20673743779275627,0.99999464117294,0.3426383263131222
0.2943609022556391,902632,0.20673652163894035,0.99999464117294,0.3426370680474459
0.29435483870967744,902633,0.20673629260175508,0.99999464117294,0.3426367534824708
0.29431818181818187,902639,0.2067349183893007,0.99999464117294,0.3426348661047494
0.2943137254901961,902640,0.20673468935566783,0.99999464117294,0.34263455154381744
0.2942857142857143,902642,0.20673423128992446,0.99999464117294,0.342633922423686
0.29428571428571426,902667,0.20672850563939968,0.99999464117294,0.34262605861697004
0.2942780748663102,902671,0.2067275895647473,0.99999464117294,0.3426248004413929
0.29425837320574166,902675,0.20672667349821364,0.99999464117294,0.34262354227505615
0.2942190669371197,902676,0.20672644448284877,0.99999464117294,0.3426232277349157
0.29411764705882354,902686,0.20672415435710756,0.99999464117294,0.34262008236527514
0.29407894736842105,902687,0.20672392534732414,0.99999464117294,0.3426197678314873
0.29405594405594404,902693,0.20672255129927894,0.99999464117294,0.3426178806408881
0.29404761904761906,902780,0.20670262965506547,0.99999464117294,0.3425905187132592
0.2939958592132505,902784,0.20670171380972635,0.99999464117294,0.342589260798684
0.293963133640553,902788,0.20670079797250296,0.99999464117294,0.3425880028933464
0.29393939393939394,902807,0.2066964478565186,0.99999464117294,0.3425820279691394
0.2939285714285715,902809,0.20669598996022415,0.99999464117294,0.34258139904187285
0.2939024390243902,902811,0.20669553206595842,0.99999464117294,0.3425807701169155
0.2938636363636364,902817,0.20669415839533373,0.99999464117294,0.34257888335589876
0.29384164222873904,902821,0.20669324262506078,0.99999464117294,0.3425776255267668
0.2938127090301003,902912,0.20667241104337963,0.99999464117294,0.3425490124091343
0.2938095238095238,902926,0.206669206557348,0.99999464117294,0.34254461081526594
0.29379870129870134,902932,0.2066678332366114,0.99999464117294,0.34254272445252126
0.29375,902934,0.2066673754670884,0.99999464117294,0.34254209566955657
0.2937433155080214,902938,0.20666645993412616,0.99999464117294,0.34254083811055247
0.29367816091954024,903044,0.20664220126594052,0.99999464117294,0.342507516161123
0.2936666666666667,903046,0.20664174360996007,0.99999464117294,0.3425068875074106
0.2936607142857143,903052,0.2066403706541816,0.99999464117294,0.34250500156011965
0.2936507936507936,903053,0.20664014182999227,0.99999464117294,0.3425046872375904
0.29363636363636364,903058,0.2066389977166472,0.99999464117294,0.3425031156335978
0.2935714285714286,903078,0.20663442138995747,0.99999464117294,0.3424968293618529
0.2935606060606061,903079,0.2066341925789438,0.99999464117294,0.34249651505432294
0.2935344827586207,903083,0.20663327733995657,0.99999464117294,0.342495257829972
0.2935314685314686,903087,0.20663236210907698,0.99999464117294,0.3424940006148509
0.2935064935064935,903093,0.2066309892779592,0.99999464117294,0.3424921148094753
0.29345238095238096,903097,0.20663007406734824,0.99999464117294,0.34249085761742853
0.2934169278996865,903099,0.20662961646508302,0.99999464117294,0.3424902290248663
0.29337662337662335,903104,0.20662847246828714,0.99999464117294,0.3424886575535554
0.2933566433566434,903107,0.20662778607628995,0.99999464117294,0.3424877146776909
0.29333333333333333,903199,0.20660673893571627,0.99999464117294,0.34245880233839565
0.2932692307692308,903271,0.20659027025112064,0.99999464117294,0.34243617869506615
0.2931818181818182,903277,0.20658889797924668,0.99999464117294,0.3424342935263813
0.293109243697479,903286,0.20658683960561772,0.99999464117294,0.34243146581227163
0.2930769230769231,903292,0.2065854673793192,0.99999464117294,0.3424295806954767
0.29307692307692307,903296,0.2065845525719144,0.99999464117294,0.3424283239624774
0.2930606060606061,903297,0.20658432387132913,0.99999464117294,0.34242800978066895
0.2930476190476191,903298,0.20658409517125023,0.99999464117294,0.34242769559943703
0.29304347826086957,903306,0.20658226558884807,0.99999464117294,0.3424251821703364
0.29303030303030303,903310,0.2065813508097995,0.99999464117294,0.3424239254696225
0.29301075268817206,903399,0.20656099907128522,0.99999464117294,0.3423959662644368
0.29285714285714287,903521,0.20653310769755212,0.99999464117294,0.3423576475811578
0.2928571428571428,903527,0.2065317361849729,0.99999464117294,0.3423557632770253
0.29278846153846155,903529,0.206531279018161,0.99999464117294,0.3423551351802572
0.2927777777777778,903531,0.20653082185337304,0.99999464117294,0.3423545070857936
0.2927692307692308,903608,0.20651322254783047,0.99999464117294,0.3423303272012152
0.2927272727272728,903609,0.20651299400515047,0.99999464117294,0.34233001319920714
0.29270833333333335,903673,0.20649836832571075,0.99999464117294,0.34230991826877655
0.2926767676767677,903677,0.20649745428953045,0.99999464117294,0.34230866241395597
0.2926190476190476,903697,0.20649288423000187,0.99999464117294,0.34230238327807355
0.2925990675990676,903698,0.20649265573233536,0.99999464117294,0.3423020693273265
0.29259615384615384,903700,0.20649219873851943,0.99999464117294,0.3423014414275599
0.29250000000000004,903704,0.20649128475695583,0.99999464117294,0.3423001856349375
0.2925,903712,0.20648945681810135,0.99999464117294,0.34229767407733513
0.2924908424908425,903722,0.2064871719400435,0.99999464117294,0.3422945346821604
0.2924812030075188,903723,0.20648694345501886,0.99999464117294,0.34229422074581023
0.2924603174603175,903727,0.20648602951997672,0.99999464117294,0.3422929650061678
0.2924561403508772,903734,0.20648443015312026,0.99999464117294,0.3422907674839637
0.2924242424242424,903777,0.20647460601453677,0.99999464117294,0.3422772690380003
0.292358803986711,903781,0.206473692188705,0.99999464117294,0.3422760134227326
0.2923076923076923,903852,0.20645747312613127,0.99999464117294,0.34225372778460467
0.2922222222222222,903902,0.206446052780058,0.99999464117294,0.3422380354146225
0.2922077922077922,903919,0.2064421701502015,0.99999464117294,0.34223270033662617
0.2921717171717172,903921,0.2064417133798197,0.99999464117294,0.3422320726913269
0.29215686274509806,904008,0.20642184582437323,0.99999464117294,0.3422047723488377
0.29214285714285715,904012,0.20642093246549825,0.99999464117294,0.34220351726540865
0.29211822660098524,904014,0.20642047578909176,0.99999464117294,0.34220288972714646
0.2920634920634921,904020,0.2064191057719962,0.99999464117294,0.34220100712616947
0.2920114942528736,904024,0.20641819243736892,0.99999464117294,0.3421997520703592
0.29200000000000004,904036,0.20641545248198082,0.99999464117294,0.34219598695816417
0.29197994987468673,904037,0.2064152241556485,0.99999464117294,0.3421956732025544
0.29196969696969693,904058,0.20641042941935142,0.99999464117294,0.3421890844676555
0.29192307692307695,904060,0.20640997278941664,0.99999464117294,0.34218845698232647
0.2919191919191919,904097,0.2064015255000293,0.99999464117294,0.34217684891881855
0.2919047619047619,904123,0.2063955899805668,0.99999464117294,0.3421686923723631
0.2918803418803419,904185,0.2063814374270752,0.99999464117294,0.34214924371535205
0.2918181818181818,904189,0.2063805244257561,0.99999464117294,0.3421479890392071
0.29178571428571426,904197,0.20637869844735163,0.99999464117294,0.34214547971452275
0.2917748917748918,904201,0.206377785470266,0.99999464117294,0.34214422506598313
0.2917241379310345,904205,0.20637687250125802,0.99999464117294,0.34214297042664504
0.2916666666666667,904277,0.20636044044026333,0.99999464117294,0.34212038849191256
0.2916577540106952,904279,0.206359984031477,0.99999464117294,0.3421197612584988
0.2916149068322981,904316,0.2063515408330716,0.99999464117294,0.342108157855176
0.2915631469979296,904320,0.20635062809624913,0.99999464117294,0.3421069034803397
0.2915384615384616,904322,0.20635017173086578,0.99999464117294,0.342106276296371
0.2914835164835165,904394,0.20633374392134401,0.99999464117294,0.342083699204951
0.29147727272727275,904395,0.20633351577573958,0.99999464117294,0.3420833856552181
0.291455938697318,904399,0.2063326031983671,0.99999464117294,0.3420821314620346
0.29144144144144146,904420,0.20632781229959532,0.99999464117294,0.34207554709869953
0.2914285714285715,904432,0.20632507474304315,0.99999464117294,0.34207178471916705
0.2914285714285714,904443,0.20632256538001842,0.99999464117294,0.34206833594396596
0.291405433646813,904444,0.2063223372591338,0.99999464117294,0.34206802242239603
0.29137931034482756,904469,0.2063166344009579,0.99999464117294,0.34206018456992493
0.29137681159420287,904489,0.2063120723413994,0.99999464117294,0.34205391454655265
0.29129720853858787,904494,0.20631093185803334,0.99999464117294,0.3420523470766253
0.2912280701754386,904506,0.20630819474939913,0.99999464117294,0.3420485852074119
0.29120879120879123,904514,0.20630637005065705,0.99999464117294,0.3420460773405724
0.2912087912087912,904518,0.2063054577133899,0.99999464117294,0.3420448234209431
0.2911931818181819,904520,0.20630500154778225,0.99999464117294,0.3420441964645761
0.2911140583554377,904584,0.2062904053133816,0.99999464117294,0.342024135074304
0.29111111111111115,904614,0.20628356403946876,0.99999464117294,0.34201473210767375
0.2911111111111111,904618,0.20628265190389755,0.99999464117294,0.34201347841785296
0.2910714285714286,904646,0.20627626718075356,0.99999464117294,0.34200470284645
0.291025641025641,904654,0.2062744430467339,0.99999464117294,0.34200219562304923
0.29095238095238096,904678,0.206268970838243,0.99999464117294,0.34199467417340645
0.29090909090909095,904684,0.2062676028314859,0.99999464117294,0.3419927938626875
0.2909090909090909,904914,0.2062151762487927,0.99999464117294,0.3419207308693732
0.29083333333333333,904932,0.20621107442327158,0.99999464117294,0.34191509243820656
0.29078947368421054,904934,0.20621061867495308,0.99999464117294,0.3419144659573337
0.2907834101382489,904942,0.206208795701824,0.99999464117294,0.34191196005679997
0.2907692307692308,904980,0.20620013701960263,0.99999464117294,0.3419000575308633
0.2907380254154448,904984,0.20619922562166845,0.99999464117294,0.34189880468160266
0.29071428571428576,904990,0.20619785853987338,0.99999464117294,0.34189692542492744
0.2906298003072197,904994,0.20619694716208065,0.99999464117294,0.3418956725986211
0.2905714285714286,905024,0.20619011208542537,0.99999464117294,0.3418862766939775
0.29054054054054057,905052,0.20618373308936946,0.99999464117294,0.3418775076489017
0.2904761904761905,905068,0.20618008812597508,0.99999464117294,0.34187249696796485
0.2904545454545455,905070,0.20617963251461213,0.99999464117294,0.34187187064317504
0.2904466501240695,905116,0.20616915400898891,0.99999464117294,0.341857465806376
0.2903846153846154,905118,0.20616869844594848,0.99999464117294,0.3418568395366603
0.2903726708074534,905122,0.20616778732590746,0.99999464117294,0.3418555870041128
0.29035087719298247,905126,0.20616687621391938,0.99999464117294,0.3418543344807435
0.29034482758620694,905130,0.2061659651099842,0.99999464117294,0.3418530819665524
0.29033333333333333,905156,0.20616004313068687,0.99999464117294,0.34184494084802214
0.290327380952381,905160,0.20615913208714481,0.99999464117294,0.34184368840266427
0.2903076923076923,905164,0.20615822105165474,0.99999464117294,0.34184243596648384
0.2903030303030303,905185,0.20615343824743007,0.99999464117294,0.34183586082709816
0.2902777777777778,905187,0.2061529827538398,0.99999464117294,0.34183523463653886
0.2902564102564103,905191,0.2061520717726977,0.99999464117294,0.3418339822623028
0.29017094017094014,905199,0.20615024983456676,0.99999464117294,0.34183147754136034
0.29015151515151516,905203,0.20614933887757775,0.99999464117294,0.3418302251946536
0.2901442307692308,905243,0.20614022975046478,0.99999464117294,0.34181770223226426
0.29010989010989013,905275,0.20613294302836155,0.99999464117294,0.34180768452297544
0.29000000000000004,909076,0.2052710664454897,0.99999464117294,0.34062193114073036
0.29,909130,0.20525887386842365,0.99999464117294,0.34060514466049363
0.2899665551839465,909140,0.2052566161427283,0.99999464117294,0.3406020362346087
0.28994949494949496,909142,0.20525616460354928,0.99999464117294,0.34060141455624005
0.2898989898989899,909160,0.20525210084033613,0.99999464117294,0.340595819553044
0.2898717948717949,909190,0.20524532825921973,0.99999464117294,0.34058649495618715
0.2898701298701299,909194,0.20524442528217302,0.99999464117294,0.3405852517151821
0.28986013986013986,909214,0.20523991051611612,0.99999464117294,0.3405790356463002
0.2897759103641457,909215,0.20523968478302712,0.99999464117294,0.3405787248488123
0.2897727272727273,909219,0.20523878185563654,0.99999464117294,0.34057748166453283
0.28971291866028714,909221,0.20523833039492048,0.99999464117294,0.34057686007579646
0.2897101449275362,909233,0.2052356216723326,0.99999464117294,0.3405731305910255
0.28970588235294115,909244,0.20523313873943627,0.99999464117294,0.34056971196840446
0.2896825396825397,909277,0.20522569030119533,0.99999464117294,0.34055945651231645
0.28967741935483876,909281,0.2052247874969344,0.99999464117294,0.3405582134686999
0.28961038961038965,909287,0.20522343330543602,0.99999464117294,0.34055634892028885
0.2895927601809955,909300,0.20522049928516442,0.99999464117294,0.3405523091354384
0.2895752895752896,909304,0.20521959652657418,0.99999464117294,0.340551066143997
0.2895238095238095,909305,0.2052193708381676,0.99999464117294,0.3405507553975543
0.2894761904761905,909307,0.20521891946284368,0.99999464117294,0.34055013390637046
0.2894736842105263,909316,0.2052168882984573,0.99999464117294,0.3405473372241141
0.28944444444444445,909333,0.20521305176431517,0.99999464117294,0.3405420547273986
0.28942307692307695,909341,0.20521124638611918,0.99999464117294,0.34053956890329745
0.28934065934065933,909347,0.20520989237331844,0.99999464117294,0.34053770455903754
0.2892857142857143,909397,0.2051986096281382,0.99999464117294,0.34052216915068817
0.2892672544846458,909399,0.20519815834413718,0.99999464117294,0.34052154776383725
0.28923395445134575,909403,0.20519725578209,0.99999464117294,0.3405203049969389
0.2891758241758242,909407,0.20519635322798263,0.99999464117294,0.3405190622391117
0.2891666666666667,909425,0.20519229183275145,0.99999464117294,0.3405134699411423
0.2891414141414142,909429,0.20519138932231104,0.99999464117294,0.34051222723320473
0.2891304347826087,909517,0.20517153610102945,0.99999464117294,0.3404848899532444
0.28910256410256413,909538,0.2051667989682674,0.99999464117294,0.34047836693287203
0.28907563025210087,909540,0.20516634782417487,0.99999464117294,0.34047774570587186
0.28897435897435897,909542,0.20516589668206636,0.99999464117294,0.34047712448113854
0.28892307692307695,909548,0.20516454326764502,0.99999464117294,0.3404752608205401
0.2889162561576355,909585,0.2051561976066008,0.99999464117294,0.3404637686976654
0.2888888888888889,909687,0.20513319416458628,0.99999464117294,0.34043209172713546
0.28888888888888886,909701,0.2051300372320136,0.99999464117294,0.34042774436769196
0.2888773388773389,909715,0.20512688039660773,0.99999464117294,0.34042339711927966
0.28880341880341875,909717,0.2051264294280529,0.99999464117294,0.34042277609285565
0.28875,909844,0.20509779698497765,0.99999464117294,0.3403833455545706
0.2887445887445888,909848,0.2050968953055895,0.99999464117294,0.34038210379623074
0.2887096774193548,909879,0.20508990755913697,0.99999464117294,0.3403724804762847
0.28867816091954024,909892,0.20508697735555428,0.99999464117294,0.34036844505243957
0.2886666666666667,909921,0.20508044104927792,0.99999464117294,0.3403594432978973
0.28866396761133606,909928,0.20507886338259732,0.99999464117294,0.34035727053192966
0.28863636363636364,909931,0.2050781872471649,0.99999464117294,0.340356339355007
0.2885714285714286,909986,0.20506579222097923,0.99999464117294,0.34033926868102504
0.2885531135531135,909988,0.2050653415209871,0.99999464117294,0.34033864796151003
0.2884615384615385,910012,0.20505993327560515,0.99999464117294,0.3403311995039302
0.28846153846153844,910027,0.20505655326710087,0.99999464117294,0.34032654438350046
0.2883333333333334,910031,0.20505565195031816,0.99999464117294,0.34032530303956
0.28833333333333333,910071,0.2050466392182588,0.99999464117294,0.3403128900981965
0.2882692307692308,910075,0.20504573798862732,0.99999464117294,0.34031164885386206
0.2882488479262673,910124,0.2050346985685467,0.99999464117294,0.34029644434556483
0.28822377622377626,910128,0.20503379744387604,0.99999464117294,0.34029520322119455
0.2882051282051282,910150,0.20502884139976926,0.99999464117294,0.340288377198981
0.2881904761904762,910151,0.20502861613072995,0.99999464117294,0.34028806693175073
0.2881818181818182,910155,0.20502771505952283,0.99999464117294,0.3402868258684875
0.28813186813186814,910157,0.20502726452688932,0.99999464117294,0.34028620534025067
0.2880952380952381,910159,0.20502681399623582,0.99999464117294,0.3402855848142769
0.28804347826086957,910166,0.20502523715454105,0.99999464117294,0.3402834129911905
0.28803418803418807,910172,0.20502388559525012,0.99999464117294,0.34028155145060995
0.2880116959064327,910174,0.20502343507944634,0.99999464117294,0.34028093094160916
0.28801075268817206,910186,0.20502073202620125,0.99999464117294,0.3402772079351273
0.2879699248120301,910187,0.2050205067749814,0.99999464117294,0.3402768976882644
0.2879464285714286,910215,0.205014199941772,0.99999464117294,0.34026821100578675
0.2878947368421053,910219,0.20501329899727427,0.99999464117294,0.34026697008735196
0.2878686530860444,910225,0.20501194759537478,0.99999464117294,0.3402651087266703
0.2878365384615385,910229,0.205011046670673,0.99999464117294,0.3402638678308627
0.2878151260504202,910230,0.20501082144073476,0.99999464117294,0.340263557608325
0.2877777777777778,910251,0.205006091726348,0.99999464117294,0.3402570430656994
0.28770833333333334,910267,0.20500248828091097,0.99999464117294,0.3402520797720797
0.2876984126984127,910271,0.205001587439345,0.99999464117294,0.3402508389712995
0.2876623376623377,910302,0.2049946061856395,0.99999464117294,0.3402412230720843
0.2876470588235294,910306,0.20499370541334452,0.99999464117294,0.3402399823504851
0.2876447876447877,910314,0.20499190389250302,0.99999464117294,0.3402375009344329
0.28763736263736267,910318,0.2049910031439563,0.99999464117294,0.34023626023997977
0.2876254180602007,910322,0.2049901024033254,0.99999464117294,0.340235019554575
0.28750000000000003,910337,0.20498672469645857,0.99999464117294,0.34023036706489385
0.2875,910500,0.20495002745744095,0.99999464117294,0.34017981821297444
0.2874242424242424,910508,0.20494822670421348,0.99999464117294,0.34017733767441183
0.2874053030303031,910512,0.20494732633946613,0.99999464117294,0.3401760974186962
0.2873809523809524,910530,0.20494327479599794,0.99999464117294,0.3401705163798902
0.28730158730158734,910532,0.20494282463438956,0.99999464117294,0.3401698962757716
0.2872727272727273,910534,0.20494237447475877,0.99999464117294,0.3401692761739137
0.28726790450928386,910538,0.20494147416142983,0.99999464117294,0.34016803597698025
0.2872527472527473,910542,0.20494057385601103,0.99999464117294,0.3401667957890899
0.287232905982906,910546,0.20493967355850226,0.99999464117294,0.3401655556102425
0.2872222222222222,910550,0.20493877326890342,0.99999464117294,0.3401643154404379
0.287218045112782,910559,0.2049367476462261,0.99999464117294,0.34016152509144
0.28717948717948716,910563,0.20493584738233378,0.99999464117294,0.340160284951024
0.2871657754010695,910565,0.2049353972533537,0.99999464117294,0.34015966488420696
0.28715686274509805,910571,0.2049340468782775,0.99999464117294,0.3401578046973192
0.28714285714285714,910580,0.2049320213490303,0.99999464117294,0.3401550144551344
0.287012987012987,910581,0.20493179629269664,0.99999464117294,0.34015470443105067
0.2870114942528736,910595,0.2049286455559277,0.99999464117294,0.34015036415321503
0.28700000000000003,910612,0.20492481979152483,0.99999464117294,0.34014509396474724
0.28690476190476194,910626,0.2049216692692719,0.99999464117294,0.34014075393216037
0.2869047619047619,910628,0.20492121920257228,0.99999464117294,0.340140133936546
0.2868818681318681,910631,0.20492054410622965,0.99999464117294,0.3401392039473624
0.2868778280542987,910635,0.204919643984692,0.99999464117294,0.340137963969695
0.28683385579937304,910636,0.20491941895554316,0.99999464117294,0.3401376539766907
0.2867907361455748,910644,0.20491761874014433,0.99999464117294,0.3401351740529978
0.2866795366795367,910646,0.20491716869123677,0.99999464117294,0.34013455407772497
0.2866666666666667,910660,0.2049140184042343,0.99999464117294,0.34013021431409646
0.2866666666666666,910673,0.20491109322446147,0.99999464117294,0.3401261846327422
0.2866004962779157,910677,0.20491019318594847,0.99999464117294,0.3401249447499966
0.28659003831417623,910681,0.20490929315534198,0.99999464117294,0.34012370487629057
0.2865853658536585,910688,0.20490771812080538,0.99999464117294,0.34012153511905635
0.28656860380998317,910692,0.20490681811194125,0.99999464117294,0.3401202952702087
0.2865384615384616,910706,0.20490366814317684,0.99999464117294,0.3401159558704254
0.2865079365079365,910713,0.20490209319511196,0.99999464117294,0.34011378621205646
0.28650000000000003,910718,0.20490096824703147,0.99999464117294,0.34011223647302624
0.28646616541353387,910722,0.20490006829746069,0.99999464117294,0.3401109966919705
0.28644144144144146,910724,0.20489961832563983,0.99999464117294,0.3401103768048321
0.2864285714285715,910726,0.20489916835579527,0.99999464117294,0.34010975691995327
0.2863970588235294,910730,0.20489826842203507,0.99999464117294,0.34010851715697443
0.2863636363636364,913954,0.2041754836676682,0.99999464117294,0.3391121990401268
0.2863636363636363,913956,0.20417503687267222,0.99999464117294,0.3391115827884612
0.2863440860215054,913966,0.20417280292702356,0.99999464117294,0.3391085015637295
0.2863247863247863,913971,0.20417168597253085,0.99999464117294,0.3391069609723609
0.28629807692307696,913977,0.2041703456432711,0.99999464117294,0.3391051122811959
0.28626373626373625,913978,0.20417012225677206,0.99999464117294,0.33910480416796146
0.28616584564860426,913980,0.20416967548524037,0.99999464117294,0.3391041879431722
0.28611111111111115,913981,0.20416945210020776,0.99999464117294,0.3391038798316174
0.2861111111111111,913996,0.20416610138337585,0.99999464117294,0.3390992582254834
0.28607378129117256,913998,0.2041656546294412,0.99999464117294,0.3390986420208503
0.28606060606060607,914002,0.20416476112743737,0.99999464117294,0.3390974096183026
0.2860416666666667,914004,0.20416431437936813,0.99999464117294,0.3390967934203879
0.2860294117647059,914005,0.2041640910060667,0.99999464117294,0.3390964853222704
0.286025641025641,914009,0.20416319751774872,0.99999464117294,0.3390952529353989
0.28601398601398603,914013,0.2041623040372511,0.99999464117294,0.3390940205574853
0.286002886002886,914019,0.20416096383116764,0.99999464117294,0.3390921720074104
0.28600000000000003,914021,0.20416051709971653,0.99999464117294,0.33909155582853073
0.286,914129,0.2041363965042133,0.99999464117294,0.3390582854941735
0.285936285936286,914133,0.20413550325827862,0.99999464117294,0.339057053384947
0.2858885017421603,914135,0.20413505663824272,0.99999464117294,0.33905643733369195
0.28586789554531494,914139,0.20413416340403373,0.99999464117294,0.3390552052378975
0.2858585858585858,914141,0.20413371678986064,0.99999464117294,0.33905458919335835
0.28578947368421054,914143,0.2041332701776418,0.99999464117294,0.3390539731510578
0.2857894736842105,914144,0.2041330468722652,0.99999464117294,0.339053665130747
0.2857707509881423,914152,0.20413126044684035,0.99999464117294,0.339051200988408
0.28575757575757577,914156,0.204130367245853,0.99999464117294,0.33904996893066996
0.28571428571428575,914184,0.20412411505780018,0.99999464117294,0.3390413447772149
0.2857142857142857,914219,0.204116300361292,0.99999464117294,0.3390305652023433
0.28557692307692306,914225,0.20411496075911292,0.99999464117294,0.33902871734404766
0.2855555555555556,914227,0.20411451422896065,0.99999464117294,0.33902810139575873
0.28555555555555556,914239,0.20411183508907407,0.99999464117294,0.33902440575302467
0.2855311355311355,914241,0.2041113885725974,0.99999464117294,0.33902378982040227
0.2855294117647059,914242,0.20411116531509163,0.99999464117294,0.3390234818549303
0.2854901960784314,914247,0.20411004903488883,0.99999464117294,0.339021942035963
0.2854761904761905,914251,0.20410915601951762,0.99999464117294,0.33902071019086
0.28547619047619044,914255,0.20410826301196056,0.99999464117294,0.33901947835470897
0.2854545454545455,914259,0.20410737001221754,0.99999464117294,0.3390182465275097
0.28545454545454546,914277,0.20410335161007004,0.99999464117294,0.33901270341588813
0.28539682539682537,914281,0.20410245865330243,0.99999464117294,0.3390114716379217
0.28534482758620694,914291,0.20410022629556673,0.99999464117294,0.3390083922321666
0.2852941176470588,914364,0.20408393156335988,0.99999464117294,0.3389859142648496
0.28526570048309174,914366,0.2040834851689586,0.99999464117294,0.33898529847208014
0.2852272727272728,914372,0.2040821459974715,0.99999464117294,0.3389834511071954
0.2851700024113818,914373,0.2040819228039323,0.99999464117294,0.3389831432150055
0.2850649350649351,914377,0.20408103003465747,0.99999464117294,0.338981911651839
0.285064935064935,914379,0.20408058365294915,0.99999464117294,0.33898129587361153
0.2850420168067227,914383,0.20407969089539066,0.99999464117294,0.33898006432386824
0.28500000000000003,914394,0.20407723585237875,0.99999464117294,0.3389766776082151
0.2849662162162162,914395,0.20407701266957934,0.99999464117294,0.3389763697283295
0.28493506493506493,914399,0.20407611994326327,0.99999464117294,0.3389751382143801
0.2849282296650718,914403,0.20407522722475757,0.99999464117294,0.33897390670937894
0.28488372093023256,914405,0.20407478086843356,0.99999464117294,0.33897329096023393
0.2848717948717949,914406,0.20407455769100377,0.99999464117294,0.33897298308650026
0.2848251748251749,914408,0.20407411133760858,0.99999464117294,0.33897236734071073
0.28477477477477475,914412,0.2040732186366758,0.99999464117294,0.33897113585584276
0.28476190476190477,914416,0.20407232594355304,0.99999464117294,0.3389699043799227
0.2847402597402598,914420,0.2040714332582402,0.99999464117294,0.33896867291295046
0.2847272727272728,914422,0.20407098691851247,0.99999464117294,0.33896805718281975
0.28467741935483876,914423,0.20407076374938077,0.99999464117294,0.3389677493185932
0.2846583850931677,914427,0.20406987107773503,0.99999464117294,0.33896651786727944
0.2846153846153846,914541,0.20404443321841229,0.99999464117294,0.3389314252657905
0.2845878136200717,914545,0.20404354077710773,0.99999464117294,0.33893019407838876
0.28456140350877196,914546,0.20404331766800138,0.99999464117294,0.3389298862829359
0.28452380952380957,914550,0.20404242523645508,0.99999464117294,0.3389286551067149
0.2845238095238095,914554,0.20404153281271528,0.99999464117294,0.33892742393943853
0.284472049689441,914562,0.20403974798865468,0.99999464117294,0.338924961631719
0.2844202898550725,914567,0.20403863248947315,0.99999464117294,0.33892342270756237
0.28437500000000004,914572,0.2040375170024886,0.99999464117294,0.338921883797381
0.28431372549019607,914574,0.20403707081110986,0.99999464117294,0.33892126823722146
0.28428571428571425,914859,0.20397350848600712,0.99999464117294,0.33883357377025364
0.2842657342657343,914865,0.20397217075743415,0.99999464117294,0.3388317280586996
0.28426573426573426,914867,0.20397172485180906,0.99999464117294,0.3388311128259834
0.28422688422688425,914871,0.20397083304640765,0.99999464117294,0.3388298823672535
0.28422619047619047,914879,0.2039690494589995,0.99999464117294,0.3388274214766039
0.2842222222222222,914880,0.2039688265127667,0.99999464117294,0.33882711386778613
0.2842084639498433,914884,0.20396793473270927,0.99999464117294,0.3388258834381003
0.2842001748251749,914890,0.20396659707724427,0.99999464117294,0.3388240378103274
0.2841269841269841,914904,0.20396347594938924,0.99999464117294,0.33881973142371574
0.2840909090909091,914916,0.20396080077296713,0.99999464117294,0.33881604032231705
0.283982683982684,914920,0.20395990906308747,0.99999464117294,0.33881480997305563
0.283974358974359,914924,0.20395901736100486,0.99999464117294,0.3388135796327296
0.2839285714285715,914936,0.20395634230153803,0.99999464117294,0.3388098886653642
0.2839160839160839,914940,0.20395545063064244,0.99999464117294,0.3388086583607796
0.2838647342995169,914944,0.20395455896754336,0.99999464117294,0.33880742806512987
0.28384615384615386,914950,0.203953221487513,0.99999464117294,0.33880558263840854
0.2838383838383839,914952,0.20395277566473433,0.99999464117294,0.3388049675006355
0.28383838383838383,914954,0.2039523298439047,0.99999464117294,0.3388043523650961
0.28382352941176475,914958,0.2039514382080926,0.99999464117294,0.33880312210071845
0.2838095238095238,914962,0.20395054658007655,0.99999464117294,0.3388018918452754
0.28379487179487184,914966,0.20394965495985642,0.99999464117294,0.3388006615987669
0.28376068376068375,914973,0.2039480946432299,0.99999464117294,0.33879850868887534
0.28375,914977,0.2039472030444481,0.99999464117294,0.33879727846693625
0.2837301587301587,914979,0.20394675724798056,0.99999464117294,0.338796663359317
0.2837142857142857,914981,0.20394631145346187,0.99999464117294,0.33879604825393134
0.28365800865800866,914985,0.2039454198702711,0.99999464117294,0.3387948180498605
0.2836487042369396,914987,0.20394497408159898,0.99999464117294,0.33879420295117535
0.2836405529953917,914991,0.20394408251010118,0.99999464117294,0.33879297276050535
0.28361638361638364,914993,0.2039436367272755,0.99999464117294,0.33879235766852067
0.28358695652173915,914994,0.20394341383659345,0.99999464117294,0.3387920501233658
0.2835714285714286,914998,0.20394252227873721,0.99999464117294,0.33879081994832994
0.28349802371541505,915000,0.20394207650273224,0.99999464117294,0.33879020486416217
0.2834415584415585,915006,0.2039407391864097,0.99999464117294,0.3387883596250592
0.2834285714285715,915017,0.20393828748536913,0.99999464117294,0.33878497673890845
0.28339660339660344,915021,0.20393739597233287,0.99999464117294,0.3387837466152398
0.28337513061650993,915023,0.20393695021873767,0.99999464117294,0.3387831315567554
0.2833333333333334,915025,0.20393650446709105,0.99999464117294,0.3387825165005042
0.2833333333333333,917914,0.20329464416056406,0.99999464117294,0.3378963931909007
0.28332142857142856,917916,0.20329420121231137,0.99999464117294,0.33789578135015624
0.2832298136645963,917917,0.20329397973890886,0.99999464117294,0.337895475430615
0.2831896551724138,917931,0.20329087916194136,0.99999464117294,0.3378911926151997
0.28315018315018314,917935,0.20328999330017922,0.99999464117294,0.33788996897359364
0.283117816091954,917937,0.2032895503721933,0.99999464117294,0.33788935715611407
0.2830721003134797,917938,0.20328932890892412,0.99999464117294,0.3378890512482051
0.28304347826086956,917940,0.20328888598383338,0.99999464117294,0.33788843943404906
0.2830357142857143,917944,0.20328800013944207,0.99999464117294,0.3378872158123837
0.282967032967033,917962,0.20328401393521736,0.99999464117294,0.33788170962455977
0.28293650793650793,917963,0.2032837924840108,0.99999464117294,0.3378814037304981
0.28290598290598296,917967,0.20328290668400933,0.99999464117294,0.33788018015979
0.2829059829059829,917974,0.2032813565525821,0.99999464117294,0.33787803893237445
0.2828828828828829,917978,0.2032804707738094,0.99999464117294,0.3378768153860361
0.28285714285714286,917982,0.20327958500275606,0.99999464117294,0.3378755918485592
0.2828342245989305,917984,0.2032791421201241,0.99999464117294,0.33787498008314387
0.2828282828282828,917992,0.2032773706088942,0.99999464117294,0.3378725330436357
0.28274044795783926,917996,0.2032764848648578,0.99999464117294,0.33787130953717354
0.2827404479578392,918000,0.20327559912854032,0.99999464117294,0.33787008603957247
0.2826190476190476,918002,0.2032751562632761,0.99999464117294,0.3378694742940947
0.2826086956521739,918013,0.2032727205388159,0.99999464117294,0.33786610973356473
0.2825874125874126,918017,0.20327183483530262,0.99999464117294,0.3378648862736223
0.2825670498084291,918021,0.2032709491395077,0.99999464117294,0.33786366282254043
0.28254928315412187,918029,0.2032691777710726,0.99999464117294,0.3378612159469581
0.2825396825396826,918048,0.20326497089476803,0.99999464117294,0.3378554047594907
0.28250000000000003,918062,0.2032618712025985,0.99999464117294,0.3378511229597979
0.2824561403508772,918064,0.20326142839714878,0.99999464117294,0.3378505112829871
0.2824545454545455,918070,0.20326009999237532,0.99999464117294,0.337848676265844
0.28243243243243243,918139,0.20324482458538412,0.99999464117294,0.33782757500133515
0.2824107142857143,918141,0.2032443818542032,0.99999464117294,0.3378269634097881
0.28235294117647064,918143,0.20324393912495112,0.99999464117294,0.33782635182045545
0.2823076923076923,918145,0.20324349639762782,0.99999464117294,0.3378257402333372
0.282272990167727,918147,0.2032430536722333,0.99999464117294,0.33782512864843334
0.28222811671087533,918149,0.20324261094876758,0.99999464117294,0.33782451706574385
0.28222222222222226,918151,0.2032421682272306,0.99999464117294,0.33782390548526875
0.2821969696969697,918155,0.20324128278994288,0.99999464117294,0.33782268233096147
0.2821739130434783,918159,0.20324039736037006,0.99999464117294,0.33782145918551154
0.2821428571428572,918181,0.2032355276356187,0.99999464117294,0.33781473204385637
0.28214285714285714,918374,0.20319281686981558,0.99999464117294,0.33775572814760785
0.2821022727272728,918376,0.20319237436518375,0.99999464117294,0.3377551168161711
0.28205128205128205,918377,0.2031921531135906,0.99999464117294,0.3377548111512826
0.28200000000000003,918381,0.20319126811203628,0.99999464117294,0.337753588497261
0.28199300699300706,918387,0.20318994062415954,0.99999464117294,0.3377517545328259
0.28197115384615384,918388,0.20318971937786642,0.99999464117294,0.3377514488740231
0.2819642857142857,918392,0.20318883439751217,0.99999464117294,0.33775022624434387
0.28194444444444444,918396,0.20318794942486684,0.99999464117294,0.3377490036235163
0.28191489361702127,918400,0.20318706445993032,0.99999464117294,0.3377477810115401
0.28189964157706093,918401,0.2031868432199007,0.99999464117294,0.3377474753599292
0.2818548387096774,918405,0.20318595826460004,0.99999464117294,0.3377462527590173
0.28181818181818186,918422,0.20318219729057013,0.99999464117294,0.33774105680388766
0.2817733990147784,918441,0.203177994013769,0.99999464117294,0.3377352497491062
0.2817482517482518,918445,0.20317710913554976,0.99999464117294,0.3377340272367027
0.2817182817182817,918449,0.20317622426503812,0.99999464117294,0.3377328047331494
0.2816924066924067,918455,0.20317489697372218,0.99999464117294,0.33773097099441385
0.2816666666666667,918493,0.20316649119808208,0.99999464117294,0.33771935777815787
0.2816625310173697,918497,0.20316560642005363,0.99999464117294,0.3377181353808009
0.2816425120772947,918503,0.2031642792674602,0.99999464117294,0.3377163018013575
0.2815972222222222,918507,0.20316339450869728,0.99999464117294,0.33771507942612305
0.28157894736842104,918656,0.20313044273373276,0.99999464117294,0.3376695522517697
0.28156565656565663,918660,0.20312955826965362,0.99999464117294,0.3376683302149343
0.28153846153846157,918664,0.20312867381327668,0.99999464117294,0.33766710818694406
0.2815384615384615,918665,0.20312845270038588,0.99999464117294,0.3376668026813285
0.2814285714285715,918688,0.20312336723675503,0.99999464117294,0.33765977620474513
0.28141025641025647,918696,0.20312159843952732,0.99999464117294,0.3376573322814357
0.28136363636363637,918698,0.20312115624503374,0.99999464117294,0.337656721306136
0.2812698412698412,918702,0.20312027186182244,0.99999464117294,0.3376554993621699
0.281265664160401,918714,0.20311761875839487,0.99999464117294,0.3376518335833359
0.28125,918732,0.20311363923320402,0.99999464117294,0.3376463350643241
0.28123543123543127,918736,0.20311275491544906,0.99999464117294,0.3376451131955301
0.28116883116883123,918742,0.20311142845325456,0.99999464117294,0.3376432804089202
0.2811688311688312,918744,0.2031109863030398,0.99999464117294,0.33764266948447186
0.28111111111111114,918747,0.20311032308132707,0.99999464117294,0.3376417531019446
0.2811111111111111,918749,0.20310988093592483,0.99999464117294,0.33764114218302327
0.2811059907834102,918761,0.20310722810393564,0.99999464117294,0.33763747671592026
0.28106060606060607,918822,0.20309374394605267,0.99999464117294,0.33761884515527896
0.28104575163398693,918824,0.20309330187282876,0.99999464117294,0.33761823431925253
0.2810344827586207,918980,0.2030588260897952,0.99999464117294,0.3375705959181901
0.2809803921568627,918984,0.20305794224926657,0.99999464117294,0.3375693745975007
0.28095238095238095,919065,0.20304004613384255,0.99999464117294,0.33754464475482354
0.2809523809523809,919070,0.20303894153872937,0.99999464117294,0.33754311834005923
0.28084150326797386,919074,0.2030380578712922,0.99999464117294,0.3375418972181875
0.280827067669173,919078,0.2030371742115468,0.99999464117294,0.33754067610515104
0.2808035714285715,919090,0.20303452327846022,0.99999464117294,0.33753701281905185
0.28076923076923077,920679,0.2026841059696159,0.99999464117294,0.3370526340506119
0.28075,920683,0.20268322538810862,0.99999464117294,0.33705141647498266
0.2807486631016043,920687,0.20268234481425285,0.99999464117294,0.33705019890815
0.28071428571428575,920697,0.20268014341308813,0.99999464117294,0.3370471550295537
0.2807023411371238,920701,0.20267926286601187,0.99999464117294,0.3370459374935091
0.28061224489795916,920705,0.2026783823265867,0.99999464117294,0.3370447199662607
0.28055555555555556,920717,0.20267574075421654,0.99999464117294,0.33704106743729256
0.28051948051948056,920731,0.2026726590068109,0.99999464117294,0.33703680625355015
0.2804895104895105,920735,0.20267177852476553,0.99999464117294,0.33703558879227125
0.2804761904761905,920739,0.20267089805037042,0.99999464117294,0.33703437133978775
0.2804545454545455,920743,0.2026700175836254,0.99999464117294,0.3370331538960998
0.2804276315789474,920744,0.20266979746813446,0.99999464117294,0.33703284953655205
0.28041125541125544,920746,0.20266935723858698,0.99999464117294,0.3370322408191057
0.28040293040293035,920752,0.20266803656141935,0.99999464117294,0.33703041467995953
0.2803763440860215,920753,0.2026678164502315,0.99999464117294,0.3370301103253591
0.2803663003663004,920757,0.20266693601026112,0.99999464117294,0.3370288929124543
0.28034482758620693,920767,0.2026647349438023,0.99999464117294,0.3370258494186703
0.2803030303030303,920773,0.20266341432687535,0.99999464117294,0.3370240233487842
0.28028846153846154,920781,0.2026616535310785,0.99999464117294,0.3370215886197172
0.2802521008403362,920787,0.20266033295430974,0.99999464117294,0.3370197625960023
0.2802197802197802,920793,0.20265901239475104,0.99999464117294,0.3370179365920746
0.28021662245800183,920797,0.20265813203127292,0.99999464117294,0.33701671926711546
0.2801762820512821,920799,0.2026576918524021,0.99999464117294,0.3370161106079337
0.28015873015873016,920805,0.20265637132726255,0.99999464117294,0.33701428464357924
0.2801470588235294,920809,0.20265549098673014,0.99999464117294,0.3370130673450019
0.28013196480938424,920811,0.20265505081933208,0.99999464117294,0.3370124586990109
0.2800751879699248,920815,0.2026541704902722,0.99999464117294,0.33701124141362426
0.2800699300699301,920823,0.20265240985509703,0.99999464117294,0.33700880686923157
0.28001443001443,920825,0.20265196970108326,0.99999464117294,0.3370081982386293
0.28,921372,0.20253165930807535,0.99999464117294,0.33684182024946296
0.279915514592934,921376,0.20253078005070677,0.99999464117294,0.3368406041964505
0.27987987987987983,921380,0.20252990080097247,0.99999464117294,0.33683938815221826
0.2798611111111111,921388,0.20252814232440622,0.99999464117294,0.3368369560900942
0.2798511904761905,921392,0.2025272630975741,0.99999464117294,0.33683574007220213
0.27984084880636606,921396,0.20252638387837585,0.99999464117294,0.33683452406309006
0.2798295454545455,921398,0.2025259442716394,0.99999464117294,0.3368339160618264
0.27976190476190477,921406,0.20252418586377774,0.99999464117294,0.33683148407872104
0.2797101449275362,921410,0.20252330667129725,0.99999464117294,0.3368302681003377
0.27967741935483875,921414,0.20252242748645016,0.99999464117294,0.33682905213073383
0.27964285714285714,921422,0.20252066913965588,0.99999464117294,0.33682662021786414
0.2795755968169762,921424,0.20252022955772803,0.99999464117294,0.3368260122451337
0.27955555555555556,921427,0.20251957018841427,0.99999464117294,0.3368251002901533
0.2795366795366796,921433,0.2025182514626674,0.99999464117294,0.33682327639500703
0.2795238095238095,921435,0.20251781189123486,0.99999464117294,0.3368226684343477
0.2794296788482835,921441,0.20251649318838646,0.99999464117294,0.33682084456553824
0.27937438905180845,921445,0.202515614062695,0.99999464117294,0.3368196286639718
0.27936507936507937,921449,0.20251473494463612,0.99999464117294,0.33681841277118413
0.27928571428571425,921451,0.20251429538846885,0.99999464117294,0.3368178048280823
0.27926829268292686,921487,0.20250638370373103,0.99999464117294,0.3368068622275166
0.27926108374384234,921491,0.2025055046658079,0.99999464117294,0.3368056464268987
0.2791666666666667,921507,0.2025019885904285,0.99999464117294,0.3368007833122013
0.2791304347826087,921511,0.20250110959066142,0.99999464117294,0.33679956755547014
0.27912087912087913,921513,0.20250067009363948,0.99999464117294,0.3367989596803959
0.2791125541125541,921531,0.2024967147062877,0.99999464117294,0.33679348890346794
0.2790909090909091,921533,0.20249627522834235,0.99999464117294,0.33679288105033567
0.27903225806451615,921694,0.20246090351027565,0.99999464117294,0.3367439560697355
0.27902298850574714,921698,0.20246002486714737,0.99999464117294,0.33674274072322985
0.27897435897435896,921704,0.2024587069167542,0.99999464117294,0.33674091771992004
0.27886363636363637,921708,0.2024578282926914,0.99999464117294,0.3367397023953458
0.27882352941176475,921711,0.20245716932964888,0.99999464117294,0.33673879090767184
0.2787878787878788,921719,0.2024554121158401,0.99999464117294,0.3367363602979987
0.2787301587301587,921722,0.20245475316852587,0.99999464117294,0.33673544882841755
0.27871621621621623,921726,0.20245387457877936,0.99999464117294,0.33673423354331816
0.2787096774193549,921730,0.20245299599665845,0.99999464117294,0.3367330182669907
0.2786713286713287,921732,0.20245255670845755,0.99999464117294,0.3367324106321165
0.27863247863247864,921750,0.20244860320043395,0.99999464117294,0.33672694201692954
0.2786057692307693,921752,0.20244816393129605,0.99999464117294,0.3367263344039842
0.27860317460317463,921756,0.20244728539873894,0.99999464117294,0.3367251191846722
0.2785714285714286,922868,0.20220334869125378,0.99999464117294,0.336387628033414
0.27851966873706,922872,0.20220247228217997,0.99999464117294,0.33638641525759816
0.2784615384615385,922890,0.20219852853536174,0.99999464117294,0.33638095787464245
0.2784274193548387,922898,0.20219677580837753,0.99999464117294,0.3363785324279454
0.2783333333333333,923343,0.20209932820197912,0.99999464117294,0.33624367201795397
0.27828947368421053,923355,0.20209670170194563,0.99999464117294,0.3362400368300565
0.27828877005347596,923358,0.20209604508760415,0.99999464117294,0.33623912804536354
0.2782051282051282,923368,0.20209385640394728,0.99999464117294,0.33623609879853256
0.278125,923486,0.20206803351647995,0.99999464117294,0.336200357807537
0.27810810810810815,923488,0.20206759589729373,0.99999464117294,0.3361997520935126
0.2780971659919028,923490,0.20206715828000305,0.99999464117294,0.33619914638167087
0.2780849974398361,923492,0.20206672066460782,0.99999464117294,0.33619854067201155
0.2780769230769231,923493,0.202066501857621,0.99999464117294,0.33619823781800035
0.27803030303030307,923516,0.2020614694277089,0.99999464117294,0.3361912723263347
0.2779761904761905,923522,0.2020601566611299,0.99999464117294,0.3361894552890202
0.277926267281106,923526,0.20205928149288704,0.99999464117294,0.33618824394172236
0.2779220779220779,923530,0.20205840633222527,0.99999464117294,0.33618703260315386
0.2779069767441861,923534,0.20205753117914446,0.99999464117294,0.3361858212733146
0.2778846153846154,923541,0.20205599967949447,0.99999464117294,0.33618370146710036
0.27783251231527095,923542,0.20205578089572537,0.99999464117294,0.33618339863982344
0.2777777777777778,923577,0.20204812376228512,0.99999464117294,0.336172800028824
0.27777777777777773,923583,0.20204681116910986,0.99999464117294,0.33617098319118055
0.277742946708464,923584,0.20204659240523873,0.99999464117294,0.33617068038681597
0.2776923076923077,923586,0.2020461548789176,0.99999464117294,0.3361700747797232
0.2776881720430108,923587,0.20204593611646765,0.99999464117294,0.33616977197699505
0.2776881720430107,923591,0.202045061071405,0.99999464117294,0.3361685607715374
0.27750686813186815,923595,0.2020441860339218,0.99999464117294,0.3361673495748075
0.2775,923621,0.20203849847502384,0.99999464117294,0.3361594770087973
0.2774761904761905,923635,0.2020354360759391,0.99999464117294,0.3361552380875178
0.2773809523809524,923636,0.20203521733669974,0.99999464117294,0.33615493531151713
0.2773076923076923,923638,0.202034779859642,0.99999464117294,0.33615432976115206
0.2772727272727273,924154,0.20192197404328716,0.99999464117294,0.3359981706252105
0.2771428571428572,924158,0.20192110007163278,0.99999464117294,0.3359969606559797
0.27714285714285714,924162,0.20192022610754393,0.99999464117294,0.3359957506954635
0.27708333333333335,924166,0.2019193521510205,0.99999464117294,0.33599454074366164
0.2770779220779221,924170,0.20191847820206238,0.99999464117294,0.335993330800574
0.2770648558758315,924174,0.20191760426066951,0.99999464117294,0.33599212086620056
0.2770334928229665,924179,0.2019165118445669,0.99999464117294,0.33599060846048795
0.27698412698412694,924191,0.2019138900941472,0.99999464117294,0.3359869787423287
0.2769607843137255,924193,0.20191345314236311,0.99999464117294,0.3359863737969267
0.2769318181818182,924197,0.20191257924446845,0.99999464117294,0.335985163912658
0.27692307692307694,924328,0.20188396326845015,0.99999464117294,0.33594554501789486
0.27685810810810807,924329,0.2018837448570801,0.99999464117294,0.33594524261951847
0.2767857142857143,924350,0.20187915832747336,0.99999464117294,0.33593889237936986
0.27666666666666667,924737,0.20179467243118854,0.99999464117294,0.33582190948805274
0.2765873015873016,924743,0.2017933631289991,0.99999464117294,0.33582009644117833
0.27653846153846157,924747,0.20179249027031176,0.99999464117294,0.33581888775413793
0.2764976958525346,924753,0.20179118099643906,0.99999464117294,0.335817074739891
0.2764890282131662,924757,0.20179030815662927,0.99999464117294,0.33581586607460195
0.27647058823529413,924921,0.20175452822457268,0.99999464117294,0.335766318287692
0.27639705882352944,924925,0.20175365570181367,0.99999464117294,0.3357651099877376
0.2763888888888889,924926,0.20175343757230307,0.99999464117294,0.3357648079141079
0.27636363636363637,924930,0.20175256505897743,0.99999464117294,0.33576359962502406
0.27635467980295564,924934,0.2017516925531984,0.99999464117294,0.33576239134463653
0.27635368663594473,924938,0.20175082005496583,0.99999464117294,0.3357611830729452
0.2763440860215054,924942,0.20174994756427972,0.99999464117294,0.33575997480995007
0.2762820512820513,924944,0.2017495113217665,0.99999464117294,0.33575937068171346
0.27625,924952,0.20174776637057923,0.99999464117294,0.33575695419050705
0.2762452107279693,924960,0.2017460214495762,0.99999464117294,0.33575453773408376
0.276237922705314,924964,0.20174514900039353,0.99999464117294,0.33575332951891557
0.27622377622377625,924983,0.20174100496982106,0.99999464117294,0.3357475906156131
0.2761904761904762,925022,0.20173249933515094,0.99999464117294,0.3357358113760873
0.2761363636363636,925050,0.20172639316793686,0.99999464117294,0.33572735499587103
0.27608695652173915,925475,0.2016337556389962,0.99999464117294,0.33559905150964453
0.2760233918128655,925479,0.2016328841605266,0.99999464117294,0.3355978444132518
0.276010101010101,925483,0.2016320126895902,0.99999464117294,0.33559663732554257
0.2759615384615385,925489,0.20163070549731008,0.99999464117294,0.33559482671026003
0.2759440559440559,925493,0.20162983404520618,0.99999464117294,0.33559361964425893
0.27590062111801245,925497,0.20162896260063512,0.99999464117294,0.33559241258694095
0.27589285714285716,925502,0.2016278733055142,0.99999464117294,0.33559090377750406
0.27588235294117647,925506,0.20162700187789165,0.99999464117294,0.33558969673972266
0.2758210180623974,925528,0.20162220916060886,0.99999464117294,0.33558305818712814
0.27579710144927533,925532,0.20162133778194596,0.99999464117294,0.3355818512057835
0.27576923076923077,925536,0.20162046641081494,0.99999464117294,0.33558064423312095
0.27575757575757576,925542,0.20161915936824046,0.99999464117294,0.335578833790406
0.27571428571428575,925556,0.20161610966813462,0.99999464117294,0.33557460950003776
0.2757142857142857,925688,0.2015873598879968,0.99999464117294,0.33553478570452466
0.2756896551724138,925692,0.2015864888105331,0.99999464117294,0.33553357907039466
0.27568901686548747,925693,0.20158627104234342,0.99999464117294,0.3355332774132182
0.2756818181818182,925697,0.20158539997428965,0.99999464117294,0.3355320707899362
0.27555555555555555,925701,0.20158452891376374,0.99999464117294,0.33553086417533257
0.27554347826086956,925725,0.2015793027086878,0.99999464117294,0.3355236246699505
0.27547892720306516,925727,0.20157886720383006,0.99999464117294,0.3355230213919368
0.2754761904761905,925737,0.201576689707768,0.99999464117294,0.33552000503440926
0.2754545454545455,925743,0.20157538323271146,0.99999464117294,0.3355181952459251
0.27545454545454545,925745,0.20157494774478935,0.99999464117294,0.3355175919874357
0.2752380952380952,925749,0.20157407677459008,0.99999464117294,0.33551638547696466
0.27521367521367524,925761,0.2015714639091515,0.99999464117294,0.3355127659976141
0.2751536098310292,925763,0.201571028438164,0.99999464117294,0.335512162758648
0.2751136363636364,925765,0.20157059296905802,0.99999464117294,0.335511559521851
0.275,926660,0.20137590917920273,0.99999464117294,0.33524182856239465
0.27491039426523295,926664,0.20137503992817246,0.99999464117294,0.33524062403437793
0.27487179487179486,926675,0.20137264952653303,0.99999464117294,0.3352373116269628
0.2748511904761905,926681,0.20137134569501264,0.99999464117294,0.3352355048868712
0.2748251748251749,926700,0.2013672170065825,0.99999464117294,0.3352297836717243
0.2748076923076923,926704,0.20136634783059099,0.99999464117294,0.33522857923026067
0.27476190476190476,926716,0.20136374034763616,0.99999464117294,0.33522496595779844
0.27474747474747474,926718,0.20136330577370895,0.99999464117294,0.33522436375329423
0.2746305418719212,926724,0.2013620020631817,0.99999464117294,0.335222557152763
0.27461538461538465,926728,0.2013611329322088,0.99999464117294,0.3352213527632269
0.27456709956709957,926730,0.2013606983695359,0.99999464117294,0.33522075057170425
0.2745,926757,0.20135483195702866,0.99999464117294,0.3352126211979
0.27448979591836736,926759,0.2013543974215519,0.99999464117294,0.3352120190377477
0.27448680351906163,926763,0.20135352835622483,0.99999464117294,0.335210814723933
0.2744684750733138,926765,0.20135309382637454,0.99999464117294,0.3352102125702707
0.2744444444444445,926777,0.2013504866866571,0.99999464117294,0.3352065996937268
0.27444444444444444,926781,0.20134961765508788,0.99999464117294,0.33520539541885186
0.2743548387096774,926783,0.20134918314211633,0.99999464117294,0.33520479328465924
0.2743243243243243,926902,0.20132333299528968,0.99999464117294,0.33516897019335257
0.2743076923076923,926908,0.20132202980231048,0.99999464117294,0.3351671641898275
0.2743055555555555,926912,0.20132116101636402,0.99999464117294,0.3351659601982901
0.2742997198879552,926920,0.20131942346696585,0.99999464117294,0.335163552241165
0.2742857142857143,926933,0.20131660001316168,0.99999464117294,0.3351596393846297
0.2742191142191142,926934,0.20131638282768785,0.99999464117294,0.33515933839944967
0.2741228070175439,926938,0.20131551409047854,0.99999464117294,0.33515813446413534
0.27411674347158216,926942,0.2013146453607669,0.99999464117294,0.33515693053747025
0.27409909909909913,926946,0.20131377663855285,0.99999464117294,0.33515572661945453
0.27404040404040403,926948,0.20131334228025735,0.99999464117294,0.33515512466368996
0.27403846153846156,926955,0.20131182204098366,0.99999464117294,0.33515301783554236
0.27402597402597406,926965,0.20130965031042164,0.99999464117294,0.335150008126993
0.274,927607,0.2011703232079965,0.99999464117294,0.33495689790570043
0.273963133640553,927609,0.2011698894685153,0.99999464117294,0.33495629666393534
0.27386363636363636,927613,0.20116902199516393,0.99999464117294,0.33495509418688035
0.27384615384615385,927619,0.2011677207991643,0.99999464117294,0.3349532904874859
0.27380952380952384,927625,0.20116641961999732,0.99999464117294,0.33495148680751696
0.2737556561085973,927627,0.20116598589734883,0.99999464117294,0.33495088558517727
0.2737373737373737,927641,0.20116294989117559,0.99999464117294,0.33494667708923226
0.2736842105263158,927743,0.2011408331833277,0.99999464117294,0.3349160183819999
0.27362637362637365,927747,0.20113996596054742,0.99999464117294,0.3349148161941213
0.27361111111111114,927766,0.2011358467544618,0.99999464117294,0.33490910591955664
0.27358429858429856,927768,0.20113541316363573,0.99999464117294,0.33490850484935064
0.2735795454545455,927774,0.20113411240237386,0.99999464117294,0.3349067016516778
0.2735714285714286,927778,0.20113324523754605,0.99999464117294,0.33490549953068327
0.27353927203065137,927786,0.2011315109303223,0.99999464117294,0.3349030953145835
0.2735294117647059,927791,0.2011304270034954,0.99999464117294,0.33490159269705017
0.27347756410256413,927793,0.20112999343603585,0.99999464117294,0.3349009916538122
0.2734767025089606,927797,0.20112912630672442,0.99999464117294,0.33489978957380845
0.27344497607655505,927801,0.20112825918488986,0.99999464117294,0.334898587502434
0.2733766233766234,927805,0.20112739207053207,0.99999464117294,0.3348973854396889
0.2733590733590734,927807,0.20112695851615692,0.99999464117294,0.33489678441155224
0.2733333333333334,927818,0.2011245740005044,0.99999464117294,0.3348934787953619
0.2732600732600733,927822,0.20112370691792175,0.99999464117294,0.33489227676929006
0.27321428571428574,927866,0.2011141695029239,0.99999464117294,0.3348790550519797
0.2732142857142857,927878,0.20111156854672704,0.99999464117294,0.334875449310265
0.27320261437908494,927882,0.20111070157627803,0.99999464117294,0.3348742474136152
0.27320197044334976,927884,0.20111026809385657,0.99999464117294,0.3348736464685256
0.27316849816849814,927890,0.20110896765780426,0.99999464117294,0.33487184364619765
0.2730769230769231,928599,0.2009554177852873,0.99999464117294,0.33465894672468877
0.273030303030303,928613,0.20095238813154673,0.99999464117294,0.33465474556164204
0.27301587301587305,928617,0.20095152253297108,0.99999464117294,0.33465354524871666
0.273015873015873,928621,0.2009506569418525,0.99999464117294,0.33465234494440155
0.2729323308270677,928625,0.20094979135819088,0.99999464117294,0.3346511446486967
0.2728715728715728,928629,0.20094892578198614,0.99999464117294,0.33464994436160206
0.27285714285714285,928633,0.20094806021323816,0.99999464117294,0.33464874408311746
0.27284482758620693,928672,0.2009396213087075,0.99999464117294,0.33463704181909476
0.27272727272727276,928756,0.20092144761379738,0.99999464117294,0.334611839722279
0.2727272727272727,928773,0.20091777000408065,0.99999464117294,0.3346067397597771
0.27270114942528734,928779,0.2009164720563234,0.99999464117294,0.3346049398101287
0.27269841269841266,928785,0.2009151741253358,0.99999464117294,0.3346031398798451
0.2726525198938992,928789,0.200914308847327,0.99999464117294,0.3346019399370807
0.2726495726495727,928793,0.20091344357677116,0.99999464117294,0.3346007400029228
0.27261072261072256,928795,0.20091301094428804,0.99999464117294,0.33460014003907107
0.27260606060606063,928799,0.20091214568491136,0.99999464117294,0.33459894011782243
0.2725961538461538,928801,0.2009117130580178,0.99999464117294,0.33459834016042544
0.27252747252747256,928809,0.20090998256907502,0.99999464117294,0.3345959403523525
0.2725078369905956,928816,0.20090846841570342,0.99999464117294,0.3345938405485268
0.2725,928897,0.20089094915797984,0.99999464117294,0.33456954473534406
0.27245293466223697,928901,0.20089008408861656,0.99999464117294,0.3345683450335228
0.27243589743589747,928921,0.2008857588535516,0.99999464117294,0.3345623466534711
0.27241379310344827,928925,0.20088489382888824,0.99999464117294,0.3345611470032711
0.2723665223665223,928933,0.20088316380191037,0.99999464117294,0.33455874772868055
0.27232142857142855,928936,0.20088251504947596,0.99999464117294,0.33455784800958094
0.27230769230769236,928940,0.2008816500527483,0.99999464117294,0.3345566483916425
0.2723076923076923,928948,0.20087992008164074,0.99999464117294,0.334554249181574
0.2722527472527473,928954,0.200878622622864,0.99999464117294,0.33455244979660476
0.2722222222222222,929677,0.20072240143619774,0.99999464117294,0.3343357655079124
0.27217741935483875,929705,0.20071635626354598,0.99999464117294,0.33432737950736036
0.2721428571428572,929709,0.20071549269717728,0.99999464117294,0.334326181541623
0.27214285714285713,929717,0.20071376558673232,0.99999464117294,0.33432378563590354
0.2720779220779221,929721,0.2007129020426558,0.99999464117294,0.33432258769592116
0.2720178372352285,929723,0.20071247027340403,0.99999464117294,0.3343219887291493
0.27198511166253103,929733,0.20071031145500912,0.99999464117294,0.3343189939274827
0.2719624125874126,929737,0.20070944794065418,0.99999464117294,0.3343177960218391
0.27195121951219514,929819,0.2006917475336598,0.99999464117294,0.3342932408478118
0.27194805194805194,929823,0.20069088417903191,0.99999464117294,0.33429204312671357
0.2719327731092437,929829,0.20068958916101778,0.99999464117294,0.3342902465611584
0.27188328912466847,929835,0.2006882941597165,0.99999464117294,0.3342884500149135
0.27187500000000003,929856,0.20068376178677128,0.99999464117294,0.3342821622551197
0.27179487179487183,929872,0.20068030868764733,0.99999464117294,0.33427737173975347
0.2717934782608696,929876,0.20067944543143387,0.99999464117294,0.33427617413236554
0.2717857142857143,929878,0.2006790138061122,0.99999464117294,0.3342755753318895
0.27177363699102824,929890,0.20067642409317232,0.99999464117294,0.3342719825740843
0.27174603174603174,929894,0.20067556087037877,0.99999464117294,0.33427078500531116
0.27171717171717175,929916,0.20067081327775843,0.99999464117294,0.3342641985304391
0.2717171717171717,929918,0.20067038168956833,0.99999464117294,0.3342635997728669
0.2716826923076923,929926,0.20066865535537237,0.99999464117294,0.3342612047640287
0.27166666666666667,929930,0.20066779219941286,0.99999464117294,0.3342600072724798
0.2715909090909091,929931,0.20066757641158323,0.99999464117294,0.3342597079009332
0.2715789473684211,929933,0.20066714483731624,0.99999464117294,0.33425910915944873
0.2715415019762846,929945,0.20066455543069753,0.99999464117294,0.3342555167555862
0.27147435897435895,929946,0.20066433964982913,0.99999464117294,0.33425521739208314
0.2714715719063545,929948,0.20066390808948456,0.99999464117294,0.3342546186666857
0.27142857142857146,930340,0.2005793580841413,0.99999464117294,0.33413730988371887
0.2714285714285714,931073,0.20042144923115587,0.99999464117294,0.3339181752217314
0.2713986013986014,931077,0.20042058820054626,0.99999464117294,0.3339169801867253
0.2713768115942029,931081,0.20041972717733472,0.99999464117294,0.33391578516027265
0.27134502923976606,931107,0.20041413070678235,0.99999464117294,0.33390801769681894
0.27132352941176474,931115,0.2004124087787223,0.99999464117294,0.333905627780765
0.27125,931119,0.2004115478257881,0.99999464117294,0.33390443283556714
0.2712301587301587,931123,0.20041068688025104,0.99999464117294,0.333903237898922
0.27116883116883117,931124,0.20041047164502257,0.99999464117294,0.3339029391660971
0.2710714285714286,931130,0.2004091802433602,0.99999464117294,0.33390114678037247
0.2710526315789474,931142,0.20040659748996395,0.99999464117294,0.3338975620666518
0.2710344827586207,931146,0.20040573658695843,0.99999464117294,0.33389636717918253
0.27097435897435895,931148,0.20040530613822938,0.99999464117294,0.3338957697386549
0.2709401709401709,931152,0.20040444524631854,0.99999464117294,0.3338945748640137
0.2709302325581395,931172,0.2004001408977074,0.99999464117294,0.33388860061908426
0.2709134615384616,931176,0.2003992800501731,0.99999464117294,0.333887405795753
0.27083333333333337,931180,0.20039841921003457,0.99999464117294,0.3338862109809731
0.27078392621870884,931182,0.20039798879273868,0.99999464117294,0.3338856135767899
0.2707792207792208,931190,0.20039626714204406,0.99999464117294,0.3338832239814349
0.27075000000000005,931194,0.2003954063277899,0.99999464117294,0.333882029196584
0.2707301587301587,931196,0.2003949759234361,0.99999464117294,0.3338814318073651
0.2706959706959707,931200,0.2003941151202749,0.99999464117294,0.3338802370353406
0.2706896551724138,931820,0.2002607799789659,0.99999464117294,0.3336951506936522
0.27066666666666667,931824,0.20025992032830234,0.99999464117294,0.33369395725444195
0.27062937062937065,931828,0.2002590606850191,0.99999464117294,0.33369276382376817
0.2706081081081081,931830,0.20025863086614512,0.99999464117294,0.3336921671116325
0.2705681818181818,931834,0.20025777123393224,0.99999464117294,0.3336909736937633
0.27054347826086955,931840,0.20025648179945055,0.99999464117294,0.33368918358296495
0.2705314009661836,931844,0.20025562218568774,0.99999464117294,0.33368799018643625
0.2704761904761905,931848,0.20025476257930477,0.99999464117294,0.33368679679844354
0.2704545454545455,931988,0.20022468100447646,0.99999464117294,0.33364503359568604
0.27045454545454545,932020,0.2002178064848394,0.99999464117294,0.3336354891885417
0.27039473684210524,932024,0.2002169472030763,0.99999464117294,0.3336342961760436
0.2703846153846154,932026,0.20021651756496064,0.99999464117294,0.333633699672994
0.2703619909502263,932027,0.20021630274659424,0.99999464117294,0.33363340142226905
0.27033333333333337,932029,0.2002158731112444,0.99999464117294,0.333632804922419
0.27026862026862025,932043,0.200212865715423,0.99999464117294,0.33362862948319
0.2702380952380953,932046,0.20021222128521554,0.99999464117294,0.33362773475980956
0.2702380952380952,932052,0.200210932437246,0.99999464117294,0.33362594532744533
0.2701863354037267,932068,0.20020749559045048,0.99999464117294,0.33362117360165056
0.2701298701298701,932072,0.2002066363971882,0.99999464117294,0.33361998069152926
0.2701098901098901,932076,0.20020577721130037,0.99999464117294,0.3336187877899389
0.27008547008547007,932086,0.20020362927884336,0.99999464117294,0.3336158055732846
0.27,932884,0.20003237272801333,0.99999464117294,0.3333779964483891
0.26999999999999996,932900,0.2000289420087898,0.99999464117294,0.3333732318125462
0.2698717948717949,932910,0.20002679786903346,0.99999464117294,0.333370253984304
0.26987179487179486,932918,0.20002508259032412,0.99999464117294,0.3333678717600127
0.26986928104575164,932922,0.20002422496200112,0.99999464117294,0.33336668066063435
0.26986111111111116,932930,0.20002250972741792,0.99999464117294,0.3333642984874118
0.2698412698412698,932944,0.2000195081376803,0.99999464117294,0.3333601297661922
0.26976190476190476,932946,0.20001907934650023,0.99999464117294,0.3333595342431004
0.26973039215686273,932948,0.2000186505571586,0.99999464117294,0.3333589387221363
0.2696969696969697,932972,0.20001350522845274,0.99999464117294,0.33335179263652437
0.2696886446886447,932976,0.2000126476994049,0.99999464117294,0.33335060165204217
0.2696825396825397,932980,0.20001179017771012,0.99999464117294,0.3333494106760701
0.2696428571428572,932989,0.2000098607807809,0.99999464117294,0.3333467310112478
0.26964285714285713,932993,0.20000900328298282,0.99999464117294,0.33334554006293315
0.26956521739130435,933003,0.2000068595706552,0.99999464117294,0.3333425627293766
0.2695,933007,0.2000060020985909,0.99999464117294,0.33334137181084567
0.2694545454545455,933015,0.20000428717651914,0.99999464117294,0.3333389899993123
0.2694444444444445,933019,0.20000342972651147,0.99999464117294,0.3333377991063095
0.2694071146245059,933023,0.20000257228385582,0.99999464117294,0.33333660822181593
0.2693548387096774,933611,0.19987660813765049,0.99999464117294,0.3331616407148959
0.26931918656056586,933631,0.19987232643303404,0.99999464117294,0.3331556926691536
0.2693015873015873,933633,0.19987189827266175,0.99999464117294,0.3331550978762605
0.26926829268292685,933635,0.19987147011412382,0.99999464117294,0.3331545030854912
0.2692307692307693,933639,0.19987061380255108,0.99999464117294,0.333153313510324
0.26919191919191915,933657,0.1998667604912725,0.99999464117294,0.33314796052719675
0.2691489361702128,933661,0.19986590422005418,0.99999464117294,0.3331467709987512
0.26914893617021274,933667,0.19986461982698328,0.99999464117294,0.3331449867220102
0.2691428571428572,933681,0.1998616229740136,0.99999464117294,0.3331408234839403
0.26909909909909907,933683,0.19986119485949727,0.99999464117294,0.33314022874413873
0.26909482758620695,933689,0.19985991052695276,0.99999464117294,0.3331384445374753
0.2690476190476191,933707,0.19985605762835665,0.99999464117294,0.33313309203215163
0.26904761904761904,933713,0.19985477336183602,0.99999464117294,0.3331313079019317
0.26903225806451614,933725,0.19985220487830999,0.99999464117294,0.3331277396988217
0.2689393939393939,933739,0.19984920839763573,0.99999464117294,0.3331235768918023
0.2687562437562438,933740,0.1998489943667402,0.99999464117294,0.33312327955242477
0.26875000000000004,933742,0.19984856630632444,0.99999464117294,0.3331226848752622
0.26875,934336,0.19972151345982603,0.99999464117294,0.33294615966542485
0.2687301587301587,934338,0.19972108594534313,0.99999464117294,0.33294556562046695
0.2686969696969697,934339,0.199720872188788,0.99999464117294,0.332945268598783
0.2686813186813187,934353,0.1997178796450592,0.99999464117294,0.33294111035085067
0.26864661654135336,934355,0.1997174521461329,0.99999464117294,0.33294051632391086
0.2685990338164251,934366,0.19971510093475148,0.99999464117294,0.3329372492136303
0.26857142857142857,934372,0.19971381847914962,0.99999464117294,0.3329354671805027
0.2685314685314686,934384,0.19971125361735645,0.99999464117294,0.33293190317147664
0.2684873949579832,934385,0.1997110398818474,0.99999464117294,0.3329316061741688
0.2684615384615385,934387,0.1997106124122018,0.99999464117294,0.3329310121811427
0.2684444444444445,934398,0.1997082613618608,0.99999464117294,0.33292774525738494
0.268386785628165,934399,0.19970804763275646,0.99999464117294,0.3329274482674952
0.2683673469387755,934403,0.19970719272091378,0.99999464117294,0.3329262603132351
0.26833333333333337,934419,0.1997037731467361,0.99999464117294,0.33292150858097086
0.2683333333333333,934427,0.19970206340356175,0.99999464117294,0.3329191327657031
0.26826923076923076,934431,0.19970120854295287,0.99999464117294,0.332917944870785
0.2682638888888889,934433,0.19970078111539297,0.99999464117294,0.33291735092650493
0.2682539682539683,934439,0.19969949884369123,0.99999464117294,0.33291556910638
0.26821428571428574,934443,0.19969864400503828,0.99999464117294,0.3329143812368929
0.2681818181818182,934958,0.19958864462360876,0.99999464117294,0.3327615138119379
0.2681571146245059,934960,0.1995882176777616,0.99999464117294,0.3327609204256898
0.2681318681318681,934976,0.19958480217674038,0.99999464117294,0.3327561734118889
0.26812865497076027,934980,0.19958394831975015,0.99999464117294,0.3327549866796007
0.2681051587301587,934982,0.19958352139399474,0.99999464117294,0.3327543933166308
0.26805555555555555,934990,0.19958181370923753,0.99999464117294,0.3327520198859128
0.2680419580419581,934991,0.1995816002506976,0.99999464117294,0.3327517232094537
0.26801108374384236,934993,0.19958117333498754,0.99999464117294,0.33275112985812244
0.2680107526881721,934997,0.19958031950904656,0.99999464117294,0.33274994316180834
0.26801075268817204,934999,0.19957989259881562,0.99999464117294,0.3327493498168253
0.2679464285714286,935003,0.1995790387838328,0.99999464117294,0.3327481631332075
0.2679425837320574,935005,0.19957861187908085,0.99999464117294,0.3327475697945726
0.2678571428571429,935023,0.19957476981849645,0.99999464117294,0.3327422298420782
0.26785714285714285,935025,0.19957434293200715,0.99999464117294,0.332741636524603
0.2678448275862069,935030,0.19957327572377356,0.99999464117294,0.332740153240172
0.2677536231884058,935062,0.19956644586134395,0.99999464117294,0.33273066053295536
0.26772727272727276,935064,0.19956601901046345,0.99999464117294,0.33273006725673815
0.26770114942528733,935068,0.19956516531418036,0.99999464117294,0.3327288807106508
0.2676767676767677,935096,0.19955918964469957,0.99999464117294,0.33272057512498837
0.2676495726495727,935100,0.1995583360068442,0.99999464117294,0.33271938864659967
0.2676470588235294,935677,0.1994352752071495,0.99999464117294,0.332548327742062
0.2676136363636364,935679,0.19943484891720345,0.99999464117294,0.3325477351158839
0.26755555555555555,935696,0.1994312255262393,0.99999464117294,0.33254269787864965
0.26752136752136757,935700,0.19943037298279362,0.99999464117294,0.3325415126685366
0.2675213675213675,935704,0.19942952044663698,0.99999464117294,0.33254032746687195
0.2675,935712,0.19942781539619028,0.99999464117294,0.33253795708888734
0.2674891774891775,935716,0.19942696288190007,0.99999464117294,0.3325367719125672
0.2674358974358974,935720,0.19942611037489846,0.99999464117294,0.3325355867446949
0.2673291925465838,935722,0.1994256841241309,0.99999464117294,0.3325349941639268
0.26732142857142854,935724,0.19942525787518542,0.99999464117294,0.33253440158527064
0.2673076923076923,935728,0.1994244053827608,0.99999464117294,0.3325332164342941
0.2672727272727273,935752,0.19941929058126512,0.99999464117294,0.33252610570583413
0.26726495726495725,935754,0.1994188643596501,0.99999464117294,0.33252551315885603
0.26717741935483874,935755,0.1994186512495258,0.99999464117294,0.33252521688615894
0.2671568627450981,935757,0.19941822503064363,0.99999464117294,0.33252462434234853
0.2671428571428572,935771,0.19941524154948165,0.99999464117294,0.33252047659480444
0.2671428571428571,936152,0.19933408249942317,0.99999464117294,0.33240763831985465
0.2670940170940171,936172,0.19932982400669963,0.99999464117294,0.3324017171663194
0.26703933747412006,936174,0.1993293981674347,0.99999464117294,0.3324011250625678
0.26703296703296703,936178,0.19932854649436324,0.99999464117294,0.33239994086139296
0.267,936180,0.19932812066055672,0.99999464117294,0.33239934876396965
0.26696969696969697,936181,0.19932790774433576,0.99999464117294,0.332399052716049
0.2669696969696969,936183,0.19932748191325841,0.99999464117294,0.3323984606217898
0.26695014662756605,936187,0.199326630256562,0.99999464117294,0.33239727643959943
0.2668831168831169,936199,0.19932407533013816,0.99999464117294,0.332393723943652
0.26687500000000003,936200,0.19932386242255928,0.99999464117294,0.33239342790575055
0.2668202764976959,936204,0.19932301079679215,0.99999464117294,0.3323922437594183
0.26676923076923076,936208,0.19932215917830226,0.99999464117294,0.33239105962152304
0.26676190476190476,936212,0.19932130756708952,0.99999464117294,0.3323898754920646
0.2666666666666667,936216,0.19932045596315381,0.99999464117294,0.33238869137104304
0.26666666666666666,937087,0.19913519235673954,0.99999464117294,0.33213104979554053
0.26665209790209793,937091,0.19913434234241925,0.99999464117294,0.33212986751790285
0.2664835164835165,937101,0.19913221733836586,0.99999464117294,0.33212691186063287
0.2664705882352941,937105,0.19913136734944323,0.99999464117294,0.33212572961245446
0.26644885580369454,937109,0.19913051736777684,0.99999464117294,0.3321245473726926
0.2663978494623656,937111,0.19913009237966472,0.99999464117294,0.3321239562559679
0.2663956639566396,937115,0.19912924240888258,0.99999464117294,0.33212277402883095
0.26636363636363636,937136,0.1991247801813184,0.99999464117294,0.33211656747444257
0.2662857142857143,937138,0.19912435521769473,0.99999464117294,0.33211597638612284
0.26626984126984127,937160,0.1991196807375475,0.99999464117294,0.33210947455346657
0.26623015873015876,937162,0.19911925579568954,0.99999464117294,0.33210888349039397
0.2662247474747475,937164,0.19911883085564533,0.99999464117294,0.3321082924294252
0.26621848739495796,937166,0.19911840591741484,0.99999464117294,0.3321077013705602
0.2662162162162162,937394,0.19906997484515582,0.99999464117294,0.3320403344478035
0.2661675579322638,937398,0.19906912538750882,0.99999464117294,0.3320391528159102
0.26614420062695926,937404,0.19906785121463105,0.99999464117294,0.33203738038383934
0.26611111111111113,937405,0.19906763885407056,0.99999464117294,0.3320370849803339
0.2661038961038961,937407,0.19906721413430878,0.99999464117294,0.3320364941748998
0.26608695652173914,937415,0.19906551527338479,0.99999464117294,0.33203413097418827
0.26607142857142857,937417,0.19906509056268448,0.99999464117294,0.33203354017926645
0.265990990990991,937421,0.19906424114672064,0.99999464117294,0.3320323585957302
0.26590038314176245,937452,0.1990576584187777,0.99999464117294,0.33202320160845505
0.26587301587301587,937460,0.19905595972094808,0.99999464117294,0.3320208385969532
0.2658333333333333,937464,0.19905511038290538,0.99999464117294,0.3320196571038154
0.26582417582417583,937470,0.19905383638943114,0.99999464117294,0.3320178848798749
0.2658212560386473,937474,0.19905298706950805,0.99999464117294,0.3320167034077585
0.2657894736842105,938117,0.19891655305255102,0.99999464117294,0.3318268910178043
0.26573426573426573,938124,0.19891506879687545,0.99999464117294,0.33182482582517436
0.26571428571428574,938126,0.1989146447278937,0.99999464117294,0.3318242357748588
0.26569140536882474,938130,0.19891379659535458,0.99999464117294,0.3318230556805229
0.26566666666666666,938142,0.19891125224113193,0.99999464117294,0.3318195154478773
0.265625,938143,0.19891104021455153,0.99999464117294,0.33181922043190004
0.26555555555555554,938167,0.1989059517122218,0.99999464117294,0.3318121402058189
0.26554347826086955,938169,0.1989055276821127,0.99999464117294,0.33181155020061753
0.2654761904761905,938384,0.1988599549864448,0.99999464117294,0.33174813687564
0.2654584639498433,938390,0.198858683489807,0.99999464117294,0.33174636754909786
0.2654545454545455,938400,0.1988565643648764,0.99999464117294,0.3317434187134669
0.26545454545454544,938404,0.19885571672755017,0.99999464117294,0.33174223919389306
0.2653968253968254,938406,0.1988552929115969,0.99999464117294,0.33174164943725143
0.2653947368421053,938408,0.19885486909745015,0.99999464117294,0.33174105968270673
0.2653866248693835,938412,0.1988540214745762,0.99999464117294,0.3317398801799079
0.2653846153846154,938511,0.19883304511081915,0.99999464117294,0.33171069015810767
0.2653448275862069,938513,0.1988326213914991,0.99999464117294,0.33171010051363364
0.2652380952380952,938517,0.19883177395827673,0.99999464117294,0.33170892123097434
0.26523297491039427,938533,0.19882838429762192,0.99999464117294,0.33170420418418667
0.26513409961685824,938541,0.19882668951063406,0.99999464117294,0.3317018457111014
0.26512681159420287,938542,0.19882647766429207,0.99999464117294,0.33170155090432385
0.26510673234811166,938544,0.19882605397296238,0.99999464117294,0.33170096129234095
0.265,939478,0.19862838725334708,0.99999464117294,0.33142584136557957
0.26493506493506497,939482,0.19862754156013632,0.99999464117294,0.3314246641032244
0.2649321266968326,939488,0.1986262730338227,0.99999464117294,0.3314228982253733
0.26493055555555556,939496,0.1986245816906086,0.99999464117294,0.3314205437508436
0.2649122807017544,939502,0.1986233132021007,0.99999464117294,0.3314187779168998
0.26487179487179485,939508,0.19862204472979475,0.99999464117294,0.3314170121017728
0.2648616600790514,939520,0.19861950783378746,0.99999464117294,0.3314134805279684
0.2648093841642229,939522,0.1986190850240867,0.99999464117294,0.33141289193965173
0.26479166666666665,939526,0.19861823941008552,0.99999464117294,0.3314117147692903
0.2647777777777778,939530,0.1986173938032846,0.99999464117294,0.3314105376072915
0.26474358974358975,939548,0.19861358866178205,0.99999464117294,0.3314052404817805
0.2647058823529412,939550,0.19861316587728167,0.99999464117294,0.33140465192273194
0.26464646464646463,939554,0.19861232031368076,0.99999464117294,0.33140347481090643
0.2646428571428572,939556,0.19861189753458017,0.99999464117294,0.33140288625812936
0.2646341463414634,939614,0.19859963772357586,0.99999464117294,0.33138581913690196
0.26461538461538464,939618,0.19859879227515864,0.99999464117294,0.33138464215885627
0.2646034816247582,939622,0.1985979468339396,0.99999464117294,0.33138346518917094
0.2644444444444445,939625,0.1985973127577491,0.99999464117294,0.33138258246739355
0.2644444444444444,939627,0.19859689004253817,0.99999464117294,0.3313819939888212
0.26431818181818184,939629,0.1985964673291267,0.99999464117294,0.3313814055123389
0.2643162393162393,939637,0.19859477649347568,0.99999464117294,0.3313790516273102
0.2642857142857143,940954,0.19831681463705983,0.99999464117294,0.3309919986661487
0.26420454545454547,940958,0.19831597159490646,0.99999464117294,0.3309908244838883
0.26419098143236075,940959,0.19831576083548805,0.99999464117294,0.3309905309396249
0.2641758241758242,940961,0.1983153393179951,0.99999464117294,0.33098994385266
0.2641269841269841,940967,0.1983140747762674,0.99999464117294,0.3309881826042614
0.2641025641025641,940971,0.19831323175740803,0.99999464117294,0.3309870084490754
0.2640909090909091,940975,0.19831238874571588,0.99999464117294,0.3309858343022199
0.264029304029304,940979,0.19831154574119084,0.99999464117294,0.3309846601636947
0.264027149321267,940983,0.19831070274383278,0.99999464117294,0.33098348603349975
0.264,940994,0.1983083845380523,0.99999464117294,0.3309802572184157
0.26398809523809524,940996,0.1983079630519152,0.99999464117294,0.3309796701678958
0.263963133640553,940998,0.19830754156756975,0.99999464117294,0.33097908311945834
0.263961038961039,941002,0.19830669860425376,0.99999464117294,0.3309779090288309
0.26395348837209304,941026,0.19830164097485087,0.99999464117294,0.3309708646599872
0.2639393939393939,941028,0.19830121951737886,0.99999464117294,0.33097027764278547
0.2639371657754011,941030,0.19830079806169834,0.99999464117294,0.33096969062766596
0.2638888888888889,941056,0.19829531930087052,0.99999464117294,0.3309620596205962
0.2638791643139469,941058,0.1982948978702694,0.99999464117294,0.3309614726346276
0.26384615384615384,941060,0.19829447644145964,0.99999464117294,0.33096088565074117
0.2638440860215054,941061,0.19829426572772646,0.99999464117294,0.33096059215957874
0.2637992831541219,941069,0.19829258003398262,0.99999464117294,0.3309582442490181
0.26375,941071,0.1982921586150248,0.99999464117294,0.33095765727658316
0.2637085137085137,941075,0.1982913157824828,0.99999464117294,0.33095648333795935
0.26363636363636367,941109,0.19828415199514615,0.99999464117294,0.3309465051958958
0.2636363636363636,942684,0.1979528664960899,0.99999464117294,0.3304849410072859
0.26360153256704977,942688,0.19795202654536814,0.99999464117294,0.33048377041980137
0.26346153846153847,942698,0.197949926699749,0.99999464117294,0.3304808439873692
0.2634502923976608,942700,0.19794950673597114,0.99999464117294,0.330480258707102
0.2633566433566434,942702,0.19794908677397524,0.99999464117294,0.33047967342890794
0.26333333333333336,942708,0.19794782689867912,0.99999464117294,0.33047791760676376
0.2633333333333333,942733,0.19794257759089795,0.99999464117294,0.3304706018819825
0.2632867132867133,942737,0.19794173772748921,0.99999464117294,0.33046943139607476
0.26325396825396824,942739,0.19794131779845747,0.99999464117294,0.33046884615623007
0.26319444444444445,942800,0.1979285108188375,0.99999464117294,0.3304509973366578
0.2631016042780749,942807,0.19792704127143732,0.99999464117294,0.33044894923478085
0.2630952380952381,942816,0.1979251518854156,0.99999464117294,0.3304463159982433
0.2630769230769231,942819,0.19792452209809094,0.99999464117294,0.3304454382620568
0.2630434782608696,942826,0.19792305260991955,0.99999464117294,0.33044339022908825
0.26304347826086955,944584,0.19755469074216797,0.99999464117294,0.32992984391685937
0.2629674796747968,944588,0.19755385416710777,0.99999464117294,0.32992867725840613
0.26292929292929296,944594,0.19755259931780214,0.99999464117294,0.32992692728619644
0.2629120879120879,944598,0.19755176276045472,0.99999464117294,0.32992576064837
0.2628787878787879,944600,0.19755134448443787,0.99999464117294,0.3299251773325507
0.26287262872628725,944608,0.1975496713980826,0.99999464117294,0.32992284408989975
0.26285714285714284,944614,0.19754841660191358,0.99999464117294,0.32992109417956866
0.2627858627858628,944616,0.19754799834006623,0.99999464117294,0.32992051088025004
0.2627681992337165,944620,0.1975471618216849,0.99999464117294,0.3299193442878005
0.26276595744680853,944624,0.19754632531038804,0.99999464117294,0.32991817770360105
0.2627450980392157,944630,0.1975450705567259,0.99999464117294,0.3299164278427705
0.26262626262626265,944632,0.19754465230904733,0.99999464117294,0.3299158445599519
0.2625974025974026,944634,0.1975442340631398,0.99999464117294,0.3299152612791958
0.2625874125874126,944636,0.1975438158190033,0.99999464117294,0.32991467800050206
0.2625,947528,0.19694088195810572,0.99999464117294,0.3290734091854945
0.26245059288537553,947534,0.1969396348838142,0.99999464117294,0.32907166827434303
0.2623626373626373,947538,0.1969388035097273,0.99999464117294,0.3290705076771421
0.2623563218390805,947544,0.19693755646175798,0.99999464117294,0.3290687667966904
0.2623076923076923,947614,0.19692300873562443,0.99999464117294,0.32904845788566967
0.26224489795918365,947616,0.1969225931178874,0.99999464117294,0.32904787766790333
0.26222222222222225,947651,0.19691532009146828,0.99999464117294,0.32903772418821453
0.2621969696969697,947655,0.19691448892265645,0.99999464117294,0.3290365638304344
0.26216300940438875,947660,0.19691344997150878,0.99999464117294,0.3290351133947181
0.26212121212121214,947673,0.1969107487498325,0.99999464117294,0.3290313423216999
0.26209150326797387,947679,0.19690950205713115,0.99999464117294,0.32902960185561503
0.2620779220779221,947683,0.19690867093743372,0.99999464117294,0.32902844155512123
0.2620512820512821,947685,0.196908255380216,0.99999464117294,0.3290278614079431
0.262,949848,0.19645985462937227,0.99999464117294,0.3284016275157155
0.2619047619047619,949860,0.19645737266544544,0.99999464117294,0.3283981599129936
0.26186868686868686,949864,0.1964565453580723,0.99999464117294,0.32839700406169264
0.26181818181818184,949868,0.19645571805766696,0.99999464117294,0.32839584821852813
0.2618067978533095,949870,0.19645530441007716,0.99999464117294,0.32839527029999704
0.2618037135278515,949874,0.1964544771201233,0.99999464117294,0.3283941144690369
0.26180124223602486,949880,0.1964532361982566,0.99999464117294,0.32839238073785204
0.2616707616707617,949885,0.1964522021086763,0.99999464117294,0.3283909359758485
0.26166666666666666,949921,0.19644475698505454,0.99999464117294,0.32838053406468287
0.26166253101736975,949923,0.19644434338362163,0.99999464117294,0.32837995620005084
0.26160714285714287,949925,0.1964439297839303,0.99999464117294,0.32837937833745257
0.2615873015873016,949929,0.1964431025897725,0.99999464117294,0.32837822261835736
0.2615789473684211,949933,0.19644227540258102,0.99999464117294,0.32837706690739704
0.26155844155844155,949937,0.1964414482223558,0.99999464117294,0.3283759112045717
0.26153846153846155,952065,0.19600237378750401,0.99999464117294,0.327762228488776
0.26147157190635456,952069,0.1960015503078033,0.99999464117294,0.32776107710966323
0.26144144144144144,952073,0.1960007268350221,0.99999464117294,0.3277599257386397
0.26142857142857145,952089,0.19599743301309017,0.99999464117294,0.32775532033543603
0.2613768115942029,952091,0.1959970212931327,0.99999464117294,0.32775474466913557
0.2613636363636364,952099,0.19599537443060017,0.99999464117294,0.32775244202415543
0.2613095238095238,952103,0.1959945510097122,0.99999464117294,0.3277512907137983
0.2612747252747253,952107,0.1959937275957429,0.99999464117294,0.32775013941152964
0.26125541125541124,952109,0.19599331589135277,0.99999464117294,0.32774956376342845
0.26125,952111,0.19599290418869228,0.99999464117294,0.3277489881173494
0.261244019138756,952119,0.1959912573953466,0.99999464117294,0.3277466855532538
0.2612162162162162,952123,0.19599043400905136,0.99999464117294,0.32774553428333825
0.2612087912087912,952127,0.1959896106296744,0.99999464117294,0.3277443830215107
0.261203007518797,952131,0.19598878725721566,0.99999464117294,0.32774323176777126
0.2611111111111111,954418,0.19551915408133544,0.99999464117294,0.3270863240627295
0.26109481915933525,954422,0.19551833465699658,0.99999464117294,0.32708517742741205
0.26107142857142857,954426,0.19551751523952615,0.99999464117294,0.3270840308001339
0.2610576923076923,954428,0.19551710553336657,0.99999464117294,0.3270834574895095
0.2610215053763441,954430,0.19551669582892406,0.99999464117294,0.32708288418089493
0.26099417823555754,954432,0.19551628612619862,0.99999464117294,0.3270823108742901
0.26098039215686275,954434,0.19551587642519022,0.99999464117294,0.32708173756969505
0.2609577922077922,954436,0.19551546672589887,0.99999464117294,0.3270811642671098
0.26095238095238094,954438,0.19551505702832453,0.99999464117294,0.32708059096653425
0.2609090909090909,954444,0.19551382794590358,0.99999464117294,0.32707887107686595
0.26083916083916087,954446,0.19551341825519725,0.99999464117294,0.3270782977843292
0.2607905982905983,954448,0.1955130085662079,0.99999464117294,0.32707772449380224
0.26075213675213677,954449,0.19551280372235708,0.99999464117294,0.32707743784929233
0.26071428571428573,956544,0.1950845962130336,0.99999464117294,0.3264780186711828
0.2606896551724138,956560,0.19508133311031195,0.99999464117294,0.32647344922181165
0.2606837606837607,956565,0.1950803134130979,0.99999464117294,0.32647202129511455
0.2606606606606607,956568,0.19507970159988627,0.99999464117294,0.32647116454509195
0.2604545454545455,956590,0.19507521508692335,0.99999464117294,0.32646488184898853
0.26045066045066045,956594,0.19507439937946505,0.99999464117294,0.32646373956658575
0.2604166666666667,956602,0.19507276798501363,0.99999464117294,0.3264614550257608
0.2603636363636364,956606,0.1950719522980203,0.99999464117294,0.3264603127673384
0.26035087719298244,956610,0.19507113661784845,0.99999464117294,0.3264591705169093
0.2603448275862069,958538,0.1946787712119916,0.99999464117294,0.32590953467942074
0.2603030303030303,958540,0.19467836501345798,0.99999464117294,0.32590896547869797
0.260233918128655,958564,0.19467349076326673,0.99999464117294,0.3259021352251016
0.2602197802197802,958568,0.1946726784119645,0.99999464117294,0.32590099687733587
0.26020979020979024,958572,0.194671866067442,0.99999464117294,0.3258998585375225
0.2601648351648352,958576,0.19467105372969906,0.99999464117294,0.3258987202056613
0.26014423076923077,958580,0.19467024139873562,0.99999464117294,0.3258975818817521
0.26,960399,0.19430153509114442,0.99999464117294,0.3253807518175565
0.25992628992628997,960403,0.19430072584113128,0.99999464117294,0.32537961710916463
0.2598901098901099,960411,0.1942991073613276,0.99999464117294,0.3253773477161233
0.25986790986790986,960415,0.1942982981315369,0.99999464117294,0.3253762130314736
0.2598611111111111,960417,0.1942978935191693,0.99999464117294,0.3253756456921166
0.25984848484848483,960427,0.19429587048260827,0.99999464117294,0.325372809025008
0.2598214285714286,960429,0.19429546588035138,0.99999464117294,0.3253722416975215
0.25980392156862747,960431,0.1942950612797796,0.99999464117294,0.3253716743720135
0.25980148883374693,960437,0.19429384748817466,0.99999464117294,0.32536997240735976
0.25979537703675637,960441,0.1942930383021966,0.99999464117294,0.3253688377741491
0.25974025974025977,960457,0.19428980162568443,0.99999464117294,0.3253642993204395
0.25971428571428573,960462,0.19428879018638948,0.99999464117294,0.32536288107962025
0.2596969696969697,960463,0.19428858789979417,0.99999464117294,0.3253625974329401
0.25967741935483873,962165,0.19394490549957646,0.99999464117294,0.3248805464613113
0.2596428571428571,962167,0.1939445023576988,0.99999464117294,0.3248799808491654
0.25954954954954956,962169,0.19394409921749714,0.99999464117294,0.32487941523898894
0.25945054945054946,962173,0.19394329294212165,0.99999464117294,0.3248782840245443
0.2594444444444445,962181,0.19394168041148183,0.99999464117294,0.3248760216192878
0.25944055944055944,962195,0.19393885854738385,0.99999464117294,0.3248720624859092
0.2594202898550725,962197,0.19393845543064467,0.99999464117294,0.32487149690330386
0.25941584731058415,962201,0.19393764920219372,0.99999464117294,0.32487036574400097
0.259375,963468,0.19368261322638636,0.99999464117294,0.3245124670021807
0.25935483870967746,963475,0.19368120605101327,0.99999464117294,0.3245104918514577
0.2593214285714286,963477,0.19368080400466228,0.99999464117294,0.3245099275270958
0.2593137254901961,963495,0.19367718566261372,0.99999464117294,0.32450484869616025
0.2592339544513457,963499,0.19367638160496276,0.99999464117294,0.3245037200886526
0.25916666666666666,963503,0.1936755775539879,0.99999464117294,0.3245025914889954
0.2591511936339523,963508,0.1936745724996575,0.99999464117294,0.3245011807504634
0.2591341991341991,963512,0.19367376846370363,0.99999464117294,0.3245000521684694
0.2590909090909091,964585,0.19345832663788054,0.99999464117294,0.3241975932793198
0.25907563025210084,964589,0.19345752439640096,0.99999464117294,0.3241964668080267
0.2590476190476191,964591,0.19345712327815623,0.99999464117294,0.3241959035753158
0.258974358974359,964613,0.19345271108724432,0.99999464117294,0.32418970814465686
0.25897435897435894,964697,0.19343586639120885,0.99999464117294,0.3241660550418872
0.25891625615763547,964698,0.19343566587678215,0.99999464117294,0.32416577347811965
0.2588888888888889,964702,0.19343486382323247,0.99999464117294,0.32416464722794036
0.25888888888888884,964708,0.19343366075537882,0.99999464117294,0.3241629578673449
0.2588699494949495,964709,0.19343346024552482,0.99999464117294,0.32416267630895745
0.25882352941176473,965627,0.19324956737953683,0.99999464117294,0.3239044118604278
0.2588095238095238,965635,0.19324796636410238,0.99999464117294,0.3239021629986036
0.25875000000000004,965679,0.19323916125337715,0.99999464117294,0.3238897948167427
0.25875,965683,0.19323836082855347,0.99999464117294,0.3238886704834109
0.25873015873015875,965697,0.19323555939388856,0.99999464117294,0.3238847353782202
0.2587301587301587,965817,0.19321155042829025,0.99999464117294,0.32385100982710374
0.25867816091954027,965821,0.19321075023218587,0.99999464117294,0.3238498857630275
0.2586363636363636,965825,0.1932099500427096,0.99999464117294,0.3238487617067543
0.2586178861788618,965827,0.19320954995045697,0.99999464117294,0.3238481996815439
0.2585858585858586,965835,0.19320794959801624,0.99999464117294,0.3238459516002093
0.25857142857142856,966557,0.1930636268735315,0.99999464117294,0.32364319069690806
0.258498023715415,966587,0.19305763474989834,0.99999464117294,0.3236347712225599
0.25845740281224155,966591,0.19305683582818378,0.99999464117294,0.3236336486590779
0.2584033613445378,966595,0.19305603691308149,0.99999464117294,0.32363252610338333
0.25833333333333336,967164,0.19294245856959108,0.99999464117294,0.32347292185977816
0.2583333333333333,967180,0.192939266734217,0.99999464117294,0.3234684361425149
0.2582051282051282,967188,0.1929376708561314,0.99999464117294,0.3234661933305368
0.2581818181818182,967204,0.19293447917915973,0.99999464117294,0.3234617077998842
0.2581118881118881,967206,0.192934080226963,0.99999464117294,0.3234611471172996
0.25810810810810814,967616,0.19285232984985778,0.99999464117294,0.3233462482152511
0.25809523809523804,967624,0.19285073540962192,0.99999464117294,0.32334400709735994
0.2580808080808081,967644,0.19284674942437507,0.99999464117294,0.3233384044385455
0.25804195804195806,967651,0.19284535436846548,0.99999464117294,0.32333644355382973
0.2579545454545455,967671,0.19284136860565212,0.99999464117294,0.3233308411571206
0.2579464285714286,967673,0.1928409700384324,0.99999464117294,0.3233302809281275
0.2579365079365079,967679,0.19283977434665833,0.99999464117294,0.32332860025279675
0.2578947368421053,967908,0.19279414985721782,0.99999464117294,0.3232644675344473
0.2578461538461539,967912,0.19279335311474596,0.99999464117294,0.32326334753837094
0.2578163771712159,967919,0.19279195883126585,0.99999464117294,0.3232613875639115
0.2577922077922078,967925,0.19279076374719115,0.99999464117294,0.3232597076047198
0.2577777777777778,967929,0.1927899670327059,0.99999464117294,0.323258587641626
0.25772893772893773,967933,0.19278917032480553,0.99999464117294,0.32325746768629265
0.2576923076923077,967937,0.19278837362348997,0.99999464117294,0.3232563477387196
0.25769230769230766,968078,0.19276029410853257,0.99999464117294,0.32321687454424836
0.2576576576576577,968080,0.19275989587637385,0.99999464117294,0.32321631471012086
0.25764705882352945,968088,0.19275830296419333,0.99999464117294,0.32321407539300384
0.25761904761904764,968092,0.19275750651797557,0.99999464117294,0.3232129557460813
0.2576190476190476,968096,0.19275671007833933,0.99999464117294,0.32321183610691573
0.2575375939849624,968097,0.19275651096945864,0.99999464117294,0.3232115561983364
0.2575163398692811,968101,0.19275571453804924,0.99999464117294,0.3232104365688671
0.257516339869281,968103,0.19275531632481255,0.99999464117294,0.3232098767570414
0.2575,968304,0.19271530428460484,0.99999464117294,0.32315362555761823
0.257487922705314,968332,0.19270973178620557,0.99999464117294,0.3231457911233484
0.2574561403508772,968338,0.19270853772133284,0.99999464117294,0.3231441123654266
0.2574545454545455,968382,0.19269978169771845,0.99999464117294,0.3231318020069438
0.2574468085106383,968386,0.19269898573502714,0.99999464117294,0.3231306829299546
0.2573563218390804,968387,0.19269878674538177,0.99999464117294,0.32313040316191843
0.25733333333333336,968392,0.1926977918033193,0.99999464117294,0.3231290043290043
0.2573170731707317,968476,0.1926810783127305,0.99999464117294,0.3231055057467682
0.2573015873015873,968484,0.19267948670292953,0.99999464117294,0.3231032679648028
0.2572115384615385,968494,0.19267749722765448,0.99999464117294,0.32310047078093534
0.2571794871794872,968498,0.19267670144904792,0.99999464117294,0.32309935192094924
0.2571702244116037,968502,0.19267590567701462,0.99999464117294,0.3230982330687121
0.2571428571428572,968756,0.19262538761050255,0.99999464117294,0.3230272018169166
0.2571428571428571,968828,0.19261107234720715,0.99999464117294,0.3230070726548247
0.25705329153605017,968838,0.19260908428447274,0.99999464117294,0.32300427713627466
0.257051282051282,968840,0.19260868667685066,0.99999464117294,0.32300371803837125
0.257012987012987,968844,0.19260789146653126,0.99999464117294,0.32300259984837104
0.2569940476190476,968848,0.19260709626277805,0.99999464117294,0.32300148166611276
0.25699300699300703,968871,0.19260252396861915,0.99999464117294,0.3229950522683666
0.2569767441860465,968906,0.19259556654618715,0.99999464117294,0.32298526889332363
0.2569444444444445,968919,0.1925929824887323,0.99999464117294,0.32298163521925494
0.2569230769230769,968923,0.19259218740808093,0.99999464117294,0.32298051718214393
0.2569047619047619,968925,0.192591789870217,0.99999464117294,0.3229799581664911
0.25681818181818183,968937,0.1925894046774971,0.99999464117294,0.32297660411321066
0.2566969696969697,968941,0.1925886096263859,0.99999464117294,0.3229754861109308
0.2566964285714286,968949,0.1925870195438563,0.99999464117294,0.3229732501295912
0.2566666666666667,968961,0.19258463446929236,0.99999464117294,0.32296989621563055
0.25666666666666665,968988,0.1925792682675121,0.99999464117294,0.3229623501638981
0.25664335664335663,968992,0.19257847330008918,0.99999464117294,0.3229612322602977
0.2565656565656566,969021,0.1925727099825494,0.99999464117294,0.3229531276906343
0.2565217391304348,969023,0.19257231252508972,0.99999464117294,0.322952568769789
0.2564444444444445,969055,0.19256595342885593,0.99999464117294,0.32294362629936235
0.2564102564102564,969067,0.19256356887604262,0.99999464117294,0.3229402730006273
0.2563768115942029,969068,0.1925633701659739,0.99999464117294,0.32293999356220954
0.2563636363636364,969072,0.19256257532980006,0.99999464117294,0.32293887581337394
0.25636363636363635,969080,0.1925609856771371,0.99999464117294,0.322936640338915
0.25625,969090,0.19255899864821638,0.99999464117294,0.3229338460393632
0.25623543123543124,969094,0.19255820384813033,0.99999464117294,0.3229327283330824
0.25621621621621626,969096,0.19255780645054774,0.99999464117294,0.3229321694828434
0.2561688311688312,969115,0.19255403125532058,0.99999464117294,0.3229268605020407
0.25612244897959185,969119,0.1925532364962404,0.99999464117294,0.32292574284411457
0.25611111111111107,969123,0.19255244174372088,0.99999464117294,0.3229246251939249
0.25602150537634405,969129,0.1925512496272426,0.99999464117294,0.322922948733146
0.25599999999999995,969133,0.19255045489112432,0.99999464117294,0.32292183110229716
0.255982905982906,969151,0.1925468786597754,0.99999464117294,0.3229168018592111
0.25595238095238093,969167,0.19254369989898543,0.99999464117294,0.32291233155242155
0.2558627752176139,969168,0.19254350122992092,0.99999464117294,0.32291205216235674
0.2558441558441559,969170,0.19254310389302187,0.99999464117294,0.3229114933836775
0.25583333333333336,969178,0.19254151456182456,0.99999464117294,0.32290925828829903
0.2558080808080808,969182,0.1925407199060651,0.99999464117294,0.3229081407522128
0.2557993730407524,969209,0.19253535615125325,0.99999464117294,0.3229005975859501
0.25578947368421057,969217,0.192533766947959,0.99999464117294,0.3228983626414033
0.2557692307692308,969225,0.19253217777089943,0.99999464117294,0.32289612772779464
0.2557184750733138,969229,0.19253138319220742,0.99999464117294,0.32289501028259177
0.2557142857142857,969231,0.1925309859053208,0.99999464117294,0.3228944515628907
0.25570175438596493,969233,0.1925305886200738,0.99999464117294,0.32289389284512315
0.25565040650406506,969235,0.1925301913364664,0.99999464117294,0.3228933341292892
0.2555555555555556,969273,0.19252264325943258,0.99999464117294,0.3228827188958033
0.25555555555555554,969942,0.19238985423870705,0.99999464117294,0.3226959491591371
0.25551378446115286,969944,0.19238945753569278,0.99999464117294,0.32269539112811185
0.2554901960784314,969946,0.19238906083431448,0.99999464117294,0.32269483309901653
0.25543926661573724,969948,0.19238866413457217,0.99999464117294,0.3226942750718513
0.2554166666666666,969950,0.1923882674364658,0.99999464117294,0.3226937170466159
0.2554112554112554,969951,0.1923880690880261,0.99999464117294,0.322693438034722
0.25539977264115193,969955,0.19238727569835715,0.99999464117294,0.322692321991971
0.2553846153846154,969958,0.19238668066039974,0.99999464117294,0.3226914849649739
0.25535714285714284,969960,0.192386283970473,0.99999464117294,0.32269092694938817
0.2553511705685619,969961,0.1923860856261231,0.99999464117294,0.32269064794231905
0.2553448275862069,969963,0.19238568893865024,0.99999464117294,0.32269008992962817
0.2553030303030303,969990,0.19238033381787442,0.99999464117294,0.3226825569471848
0.25529411764705884,969992,0.19237993715412086,0.99999464117294,0.3226819989624762
0.25526315789473686,969993,0.19237973882285747,0.99999464117294,0.32268171997084555
0.25522727272727275,969997,0.1923789455018933,0.99999464117294,0.32268060400914744
0.2551587301587302,970025,0.19237339243833923,0.99999464117294,0.3226727924933838
0.2551319648093842,970072,0.1923640719451752,0.99999464117294,0.3226596811564132
0.25512820512820517,970076,0.19236327875341727,0.99999464117294,0.32265856534714754
0.2551136363636364,970101,0.19235832145312703,0.99999464117294,0.3226515917140785
0.25509355509355514,970109,0.19235673517099625,0.99999464117294,0.3226493602151607
0.2550691244239631,970113,0.19235594203974177,0.99999464117294,0.32264824447727675
0.255054945054945,970117,0.19235514891502778,0.99999464117294,0.32264712874710927
0.2550420168067227,970121,0.1923543557968542,0.99999464117294,0.3226460130246583
0.255,970192,0.19234027903755133,0.99999464117294,0.3226262102351314
0.2548295454545455,970222,0.1923343317302638,0.99999464117294,0.3226178435898101
0.2547892720306514,970254,0.19232798834119724,0.99999464117294,0.32260891964642285
0.2547692307692308,970258,0.1923271954469842,0.99999464117294,0.32260780418821194
0.25476190476190474,970280,0.1923228346456693,0.99999464117294,0.3226016693059311
0.2547596153846154,970283,0.19232224000626622,0.99999464117294,0.3226008327491527
0.25473748473748475,970285,0.19232184358204032,0.99999464117294,0.32260027504704414
0.25471014492753624,970320,0.19231490642262347,0.99999464117294,0.3225905155722742
0.25467775467775466,970322,0.19231451002862968,0.99999464117294,0.322589957905837
0.2545887445887446,970328,0.19231332085645267,0.99999464117294,0.32258828491809405
0.2545454545454546,970342,0.19231054617856386,0.99999464117294,0.32258438134750855
0.2544642857142857,970346,0.19230975342815862,0.99999464117294,0.32258326605897897
0.2544444444444445,970356,0.19230777158073944,0.99999464117294,0.32258047787139443
0.2544117647058824,970357,0.19230757339824414,0.99999464117294,0.3225801990552869
0.25440874914559125,970361,0.19230678067234772,0.99999464117294,0.32257908379567646
0.25432027649769584,970362,0.19230658249189478,0.99999464117294,0.3225788049819788
0.25431372549019604,970366,0.19230578977416768,0.99999464117294,0.3225776897320078
0.25430769230769235,970370,0.192304997062976,0.99999464117294,0.3225765744897483
0.2542857142857143,970466,0.19228597395478048,0.99999464117294,0.3225498109887526
0.2542780748663102,970471,0.19228498327100965,0.99999464117294,0.32254841717808375
0.254251012145749,970487,0.19228181315154144,0.99999464117294,0.322543957064891
0.25424242424242427,970490,0.1922812187657781,0.99999464117294,0.32254312080739916
0.2542081447963801,970494,0.19228042625714328,0.99999464117294,0.3225420058041556
0.25416666666666665,970530,0.192273293973396,0.99999464117294,0.32253197112185406
0.2541218637992832,970540,0.19227131287736723,0.99999464117294,0.3225291838209114
0.2540476190476191,970543,0.1922707185565194,0.99999464117294,0.32252834764002275
0.25402597402597404,970545,0.19227032234466201,0.99999464117294,0.3225277901885058
0.2540229885057471,970561,0.19226715270858813,0.99999464117294,0.32252333064573974
0.2540106951871658,970571,0.19226517173911029,0.99999464117294,0.32252054349413534
0.2539958592132505,970573,0.19226477555011318,0.99999464117294,0.322519986069595
0.25384615384615383,970603,0.19225883291108722,0.99999464117294,0.3225116249327046
0.2538194444444445,970625,0.19225447520927239,0.99999464117294,0.3225054937078358
0.25378787878787884,970632,0.19225308870921215,0.99999464117294,0.32250354291244687
0.2537878787878788,970634,0.19225269257001093,0.99999464117294,0.32250298554667045
0.2537593984962406,970638,0.19225190029650602,0.99999464117294,0.3225018708208972
0.2537337662337662,970639,0.19225170222915008,0.99999464117294,0.322501592140658
0.25373015873015875,970640,0.19225150416220227,0.99999464117294,0.3225013134609004
0.2537247474747475,970642,0.19225110802953096,0.99999464117294,0.32250075610282997
0.25367965367965367,970646,0.19225031576908574,0.99999464117294,0.3224996413924687
0.25366666666666665,970676,0.19224437402387615,0.99999464117294,0.32249128131037846
0.25363636363636366,970712,0.19223724441440923,0.99999464117294,0.3224812497839837
0.2536111111111111,970718,0.19223605619757747,0.99999464117294,0.32247957792359283
0.2535714285714286,970726,0.19223447193131737,0.99999464117294,0.32247734880337053
0.25357142857142856,970728,0.19223407586883245,0.99999464117294,0.32247679152813014
0.2535626535626536,970730,0.19223367980797956,0.99999464117294,0.32247623425481575
0.25353535353535356,970734,0.19223288769116978,0.99999464117294,0.3224751197139653
0.2535064935064935,970740,0.192231699528195,0.99999464117294,0.32247344791713467
0.2534722222222222,970744,0.19223090742770493,0.99999464117294,0.32247233339554426
0.25346153846153846,970751,0.19222952126755471,0.99999464117294,0.32247038300129865
0.2534188034188034,970755,0.1922287291850158,0.99999464117294,0.3224692685008938
0.25334928229665077,970760,0.19222773909102148,0.99999464117294,0.3224678753862212
0.25333333333333335,970804,0.19221902670363947,0.99999464117294,0.3224556164961137
0.2533333333333333,970826,0.19221467080609708,0.99999464117294,0.3224494874005775
0.2532679738562092,970836,0.19221269091793053,0.99999464117294,0.3224467015250846
0.2532142857142857,970846,0.19221071107055085,0.99999464117294,0.3224439156977297
0.2532051282051282,970867,0.19220655352380914,0.99999464117294,0.3224380656169679
0.25314685314685315,970871,0.19220576163053588,0.99999464117294,0.32243695133993794
0.2531111111111111,970873,0.19220536568634622,0.99999464117294,0.32243639420431097
0.2530769230769231,970879,0.19220417786356486,0.99999464117294,0.32243472280898183
0.2530434782608696,970921,0.19219586351515724,0.99999464117294,0.3224230235268404
0.25303571428571425,970922,0.19219566556324813,0.99999464117294,0.32242274498285145
0.25303030303030305,970928,0.1921944778603563,0.99999464117294,0.32242107372902445
0.25302197802197807,970929,0.19219427991130145,0.99999464117294,0.3224207951884043
0.253021978021978,970931,0.19219388401441503,0.99999464117294,0.32242023810860804
0.253015873015873,970936,0.1921928942793346,0.99999464117294,0.3224188454175392
0.25299539170506913,970938,0.1921924983881566,0.99999464117294,0.3224182883444805
0.25299440023577957,970940,0.1921921024986096,0.99999464117294,0.3224177312733468
0.252991452991453,970944,0.1921913107244084,0.99999464117294,0.3224166171368543
0.25297619047619047,970948,0.19219051895673095,0.99999464117294,0.3224155030080618
0.2529545454545455,970952,0.19218972719557711,0.99999464117294,0.3224143888869691
0.2529411764705882,970956,0.19218893544094687,0.99999464117294,0.3224132747735763
0.25288288288288285,970960,0.19218814369284007,0.99999464117294,0.32241216066788303
0.25285714285714284,970976,0.1921849767656461,0.99999464117294,0.3224077043221053
0.2527777777777778,970982,0.19218378919485635,0.99999464117294,0.3224060332241986
0.25277777777777777,971035,0.1921732996235975,0.99999464117294,0.3223912726116773
0.25275096525096524,971036,0.19217310171816493,0.99999464117294,0.32239099412254546
0.25274725274725274,971048,0.1921707268847678,0.99999464117294,0.3223876522904905
0.25271739130434784,971050,0.19217033108490808,0.99999464117294,0.3223870953252169
0.25268817204301075,971060,0.19216835211006528,0.99999464117294,0.322384310527716
0.25264957264957266,971071,0.1921661752848144,0.99999464117294,0.3223812473060321
0.2525798525798526,971076,0.19216518583509426,0.99999464117294,0.32237985495178306
0.25257142857142856,971080,0.19216439428265436,0.99999464117294,0.3223787410770432
0.25256944444444446,971082,0.19216399850887977,0.99999464117294,0.3223781841425597
0.2525525525525526,971086,0.19216320696622133,0.99999464117294,0.32237707027936574
0.25254745254745253,971090,0.19216241543008372,0.99999464117294,0.3223759564238688
0.2525,971132,0.1921541046943155,0.99999464117294,0.3223642614058424
0.25245098039215685,971134,0.19215370896292375,0.99999464117294,0.32236370452138724
0.2524374176548089,971138,0.1921529175050302,0.99999464117294,0.32236259075824925
0.25242424242424244,971140,0.19215252177852832,0.99999464117294,0.3223620338795662
0.2523809523809524,971176,0.19214539898020544,0.99999464117294,0.3223520103922666
0.2523351648351648,971177,0.1921452011322344,0.99999464117294,0.32235173197096184
0.25230769230769234,971178,0.19214500328467077,0.99999464117294,0.3223514535501379
0.2522556390977444,971182,0.1921442118984907,0.99999464117294,0.322350339871652
0.25225274725274727,971184,0.19214381620784526,0.99999464117294,0.32234978303529477
0.2521978021978022,971198,0.19214104641895885,0.99999464117294,0.3223458852346593
0.25217391304347825,971206,0.19213946371830487,0.99999464117294,0.3223436579623325
0.2521531100478469,971212,0.19213827670992534,0.99999464117294,0.32234198752828597
0.2521428571428571,971218,0.19213708971621202,0.99999464117294,0.32234031711155214
0.25213675213675213,971220,0.19213669405490003,0.99999464117294,0.3223397603098215
0.2520979020979021,971228,0.19213511142594736,0.99999464117294,0.32233753312213476
0.2520833333333333,971249,0.19213095714899062,0.99999464117294,0.32233168690088676
0.25206349206349205,971253,0.1921301658785095,0.99999464117294,0.32233057335897836
0.25201149425287356,971288,0.1921232425398028,0.99999464117294,0.32232083019545793
0.252,971324,0.192116121911947,0.99999464117294,0.32231080927031985
0.2519480519480519,971328,0.19211533076365553,0.99999464117294,0.3223096958726562
0.25194444444444447,971334,0.1921141440534358,0.99999464117294,0.3223080257905836
0.2519396551724138,971338,0.19211335292143414,0.99999464117294,0.3223069124121505
0.25188328912466845,971340,0.19211295735787676,0.99999464117294,0.32230635572581845
0.25185520361990954,971344,0.19211216623564875,0.99999464117294,0.3223052423589234
0.25182539682539684,971348,0.19211137511993642,0.99999464117294,0.32230412899972016
0.25181818181818183,971379,0.19210524419407873,0.99999464117294,0.3222955007266921
0.2517857142857143,971383,0.19210445313537503,0.99999464117294,0.3222943874347901
0.2517615176151762,971385,0.19210405760846627,0.99999464117294,0.3222938307917233
0.2517482517482518,971391,0.1921028710375122,0.99999464117294,0.3222921608740595
0.2517241379310345,971396,0.19210188223958097,0.99999464117294,0.32229076928922523
0.25166666666666665,971433,0.19209456545124573,0.99999464117294,0.3222804719349315
0.25164835164835164,971437,0.19209377448048612,0.99999464117294,0.3222793587468535
0.25161960132890365,971441,0.1920929835162403,0.99999464117294,0.3222782455664656
0.25153846153846154,971471,0.19208705149201571,0.99999464117294,0.32226989695867037
0.2515151515151515,971479,0.1920854696807651,0.99999464117294,0.3222676707363091
0.25150501672240805,971489,0.19208349245333708,0.99999464117294,0.3222648880016095
0.25150375939849623,971495,0.1920823061364186,0.99999464117294,0.322263218383857
0.25145888594164456,971499,0.19208151526661377,0.99999464117294,0.3222621053149665
0.251455938697318,971507,0.1920799335465416,0.99999464117294,0.32225987920025206
0.25142857142857145,971511,0.19207914269627416,0.99999464117294,0.322258766154428
0.2513636363636364,971521,0.19207716559909668,0.99999464117294,0.32225598357350527
0.2513440860215054,971537,0.19207400232826954,0.99999464117294,0.3222515315439777
0.25130081300813006,971539,0.192073606926742,0.99999464117294,0.3222509750489359
0.25125448028673836,971543,0.19207281612857074,0.99999464117294,0.32224986206461853
0.2511111111111111,971585,0.19206451314089865,0.99999464117294,0.32223817619343237
0.2511025641025641,971587,0.1920641177784388,0.99999464117294,0.32223761974451626
0.2510576923076923,971591,0.19206332705840215,0.99999464117294,0.32223650685244937
0.25104166666666666,971616,0.19205838520567797,0.99999464117294,0.32222955145118737
0.250982905982906,971620,0.19205759453284205,0.99999464117294,0.3222284386148495
0.25096153846153846,971634,0.19205482722918302,0.99999464117294,0.32222454374819776
0.2509523809523809,971642,0.1920532459486107,0.99999464117294,0.32222231815238506
0.25093240093240093,971646,0.1920524553180891,0.99999464117294,0.3222212053660078
0.25089285714285714,971650,0.19205166469407708,0.99999464117294,0.3222200925873165
0.2508080808080808,971664,0.19204889756129692,0.99999464117294,0.3222161979224224
0.25078853046594984,971665,0.1920486999120067,0.99999464117294,0.3222159197356755
0.25077922077922077,971667,0.19204830461464678,0.99999464117294,0.3222153633636226
0.2507692307692308,971673,0.19204711873233074,0.99999464117294,0.3222136942589924
0.25075757575757573,971693,0.19204316589704773,0.99999464117294,0.32220813070177784
0.2507142857142857,971720,0.19203782982752232,0.99999464117294,0.3222006202042944
0.25069444444444444,971724,0.19203703932392324,0.99999464117294,0.3221995075677785
0.25065040650406506,971726,0.19203664407456422,0.99999464117294,0.3221989512524021
0.2506493506493507,971740,0.19203387737460637,0.99999464117294,0.3221950570985576
0.2506493506493506,971750,0.19203190120915872,0.99999464117294,0.3221922756177278
0.25064102564102564,971754,0.19203111075436788,0.99999464117294,0.32219116303884276
0.2505050505050505,971755,0.19203091314168694,0.99999464117294,0.32219088489532205
0.25049019607843137,971769,0.1920281466068582,0.99999464117294,0.3221869909364568
0.25047619047619046,971770,0.19202794900027784,0.99999464117294,0.3221867128001395
0.25046153846153846,971774,0.19202715857802327,0.99999464117294,0.3221856002596725
0.2503968253968254,971778,0.19202636816227575,0.99999464117294,0.32218448772688896
0.2503885003885004,971782,0.19202557775303514,0.99999464117294,0.32218337520178864
0.2503450655624569,971786,0.1920247873503014,0.99999464117294,0.3221822626843716
0.2503448275862069,971808,0.19202044025157233,0.99999464117294,0.32217614397591193
0.2503171247357294,971812,0.1920196498911312,0.99999464117294,0.3221750315084339
0.25030303030303025,971822,0.1920176740184931,0.99999464117294,0.3221722503733502
0.2502857142857143,971824,0.19201727884884506,0.99999464117294,0.32217169415209523
0.25023809523809526,971855,0.19201115392728338,0.99999464117294,0.3221630729682346
0.25012626262626264,971856,0.19201095635567408,0.99999464117294,0.3221627948732114
0.2501240694789082,971859,0.1920103636432857,0.99999464117294,0.3221619605910224
0.2500417972831766,971860,0.19201016607330273,0.99999464117294,0.3221616824979196
0.25,1029382,0.181280613028011,0.99999464117294,0.30692193192378225
0.24996534996534997,1029384,0.18128026081617743,0.99999464117294,0.3069214271146521
0.2497979797979798,1029388,0.18127955639661625,0.99999464117294,0.30692041750137333
0.24979220779220782,1029390,0.18127920418888857,0.99999464117294,0.30691991269722485
0.2497844827586207,1029396,0.18127814757391714,0.99999464117294,0.3069183982947425
0.24977591036414565,1029400,0.1812774431707791,0.99999464117294,0.3069173887013901
0.2497101449275362,1029408,0.18127603438092574,0.99999464117294,0.30691536953461135
0.24968253968253967,1029412,0.18127532999421028,0.99999464117294,0.3069143599611848
0.24967741935483873,1029432,0.1812718081427428,0.99999464117294,0.30690931219367784
0.2495798319327731,1029433,0.18127163205376162,0.99999464117294,0.306909059809661
0.24957264957264957,1029453,0.18126811034597987,0.99999464117294,0.30690401221649244
0.24956140350877193,1029454,0.18126793426418275,0.99999464117294,0.30690375984119234
0.24954954954954955,1029464,0.18126617346502646,0.99999464117294,0.30690123611101977
0.24951923076923077,1029476,0.18126406055119304,0.99999464117294,0.30689820768960036
0.2494949494949495,1029480,0.18126335625752807,0.99999464117294,0.3068971982290755
0.24945054945054945,1029490,0.18126159554730983,0.99999464117294,0.3068946746068162
0.2494318181818182,1029491,0.18126141947816932,0.99999464117294,0.30689442224687297
0.24940711462450596,1029518,0.18125666574066698,0.99999464117294,0.3068876086852842
0.249375,1029538,0.18125314461438044,0.99999464117294,0.30688256179767887
0.24928571428571428,1029540,0.18125279250927598,0.99999464117294,0.3068820571180481
0.24926108374384237,1029544,0.1812520883031711,0.99999464117294,0.3068810477637664
0.24925213675213678,1029546,0.18125173620217067,0.99999464117294,0.3068805430891154
0.24917582417582418,1029569,0.18124768713898728,0.99999464117294,0.30687473944993204
0.24916666666666668,1029571,0.18124733505508606,0.99999464117294,0.3068742347960292
0.24916666666666665,1029577,0.1812462788115896,0.99999464117294,0.3068727208442794
0.24912280701754386,1029581,0.18124557465609797,0.99999464117294,0.3068717115514118
0.2490909090909091,1029606,0.18124117380823343,0.99999464117294,0.30686540362140213
0.24903846153846154,1029607,0.18124099777876412,0.99999464117294,0.30686515130959574
0.249,1029615,0.1812395895553192,0.99999464117294,0.3068631328300813
0.24895104895104897,1029623,0.18123818135375763,0.99999464117294,0.30686111437712077
0.24889705882352942,1029627,0.18123747726118294,0.99999464117294,0.3068601051605981
0.2488888888888889,1029633,0.18123642113257832,0.99999464117294,0.3068585913482607
0.2488636363636364,1029643,0.18123466094558988,0.99999464117294,0.3068560683608893
0.24882352941176472,1029659,0.181231844717523,0.99999464117294,0.3068520316673888
0.24881422924901184,1029663,0.18123114067418175,0.99999464117294,0.30685102251060825
0.24880636604774536,1029673,0.18122938058976004,0.99999464117294,0.3068484996476965
0.24875776397515528,1029691,0.18122621252395135,0.99999464117294,0.3068439585989958
0.24875,1029695,0.18122550852436886,0.99999464117294,0.3068429494953149
0.24871794871794872,1029700,0.1812246285325823,0.99999464117294,0.30684168812504725
0.24866666666666665,1029712,0.18122251658716224,0.99999464117294,0.30683866087871614
0.24861111111111112,1029714,0.18122216460104457,0.99999464117294,0.3068381563434683
0.24857142857142858,1029724,0.18122040469096573,0.99999464117294,0.30683563369211697
0.24857142857142855,1029755,0.18121494918694253,0.99999464117294,0.3068278137365244
0.2484775641025641,1029767,0.18121283746711636,0.99999464117294,0.3068247867639503
0.24846153846153848,1029773,0.18121178162565924,0.99999464117294,0.30682327330005976
0.2484162895927602,1029779,0.18121072579650585,0.99999464117294,0.3068217598511
0.24839285714285714,1029781,0.18121037385618885,0.99999464117294,0.30682125537143135
0.24838709677419357,1029783,0.18121002191723887,0.99999464117294,0.3068207508934216
0.2483636363636364,1029806,0.18120597471756816,0.99999464117294,0.3068149495155432
0.24833333333333335,1029957,0.18117940846074157,0.99999464117294,0.30677686765606443
0.2482905982905983,1029959,0.18117905664206052,0.99999464117294,0.3067763633240093
0.24826923076923077,1029961,0.1811787048247458,0.99999464117294,0.3067758589936123
0.24821428571428572,1029973,0.18117659394955013,0.99999464117294,0.30677283304605285
0.2482051282051282,1029988,0.1811739554247234,0.99999464117294,0.3067690506955472
0.24813895781637718,1030008,0.18117043751116496,0.99999464117294,0.30676400770662227
0.24809523809523812,1030014,0.18116938216373757,0.99999464117294,0.30676249484227636
0.24801829268292683,1030016,0.18116903038399404,0.99999464117294,0.3067619905574771
0.248,1030028,0.1811669197342208,0.99999464117294,0.3067589648834984
0.24796747967479676,1030038,0.18116516089697662,0.99999464117294,0.30675644353410936
0.24796238244514107,1030042,0.18116445737164116,0.99999464117294,0.306755435005959
0.247926267281106,1030044,0.18116410561102245,0.99999464117294,0.30675493074437066
0.24792609351432882,1030048,0.181163402093883,0.99999464117294,0.3067539222261675
0.24790209790209794,1030086,0.1811567189535631,0.99999464117294,0.3067443416339688
0.24784482758620688,1030088,0.18115636722299455,0.99999464117294,0.3067438374088516
0.24783653846153847,1030092,0.18115566376595488,0.99999464117294,0.30674282896359
0.24778225806451612,1030100,0.18115425686826522,0.99999464117294,0.30674081209295906
0.24777777777777774,1030125,0.18114986045382842,0.99999464117294,0.3067345095431783
0.24771428571428572,1030133,0.18114845364627674,0.99999464117294,0.30673249278194786
0.2476923076923077,1030139,0.1811473985549523,0.99999464117294,0.30673098022842876
0.24764705882352941,1030147,0.18114599178563837,0.99999464117294,0.3067289635136079
0.24761904761904763,1030162,0.1811433541520654,0.99999464117294,0.30672518224479567
0.2476190476190476,1030190,0.1811384307749056,0.99999464117294,0.3067181241257793
0.24755244755244757,1030202,0.18113632083804923,0.99999464117294,0.3067150993170667
0.24750000000000003,1030206,0.18113561753668683,0.99999464117294,0.3067140910607537
0.2475,1030210,0.18113491424078587,0.99999464117294,0.3067130828110695
0.2474747474747475,1030234,0.18113069458006628,0.99999464117294,0.30670703345216555
0.24746642246642248,1030240,0.18112963969560492,0.99999464117294,0.30670552114972455
0.24744755244755245,1030244,0.18112893644612343,0.99999464117294,0.3067045129563825
0.24743589743589745,1030254,0.1811271783463107,0.99999464117294,0.3067019925020256
0.24738095238095234,1030272,0.1811240138526525,0.99999464117294,0.30669745578857405
0.24736842105263157,1030286,0.18112155265625274,0.99999464117294,0.30669392732645573
0.24732142857142858,1030300,0.18111909152673977,0.99999464117294,0.3066903989455242
0.24728682170542637,1030304,0.18111838835916388,0.99999464117294,0.30668939085159813
0.24727272727272726,1030308,0.18111768519704788,0.99999464117294,0.30668838276429927
0.24725274725274726,1030314,0.18111663046411094,0.99999464117294,0.3066868706457768
0.24722222222222223,1030318,0.1811159273156443,0.99999464117294,0.30668586257504565
0.2472222222222222,1030328,0.18111416946836348,0.99999464117294,0.3066833424272107
0.24721067221067222,1030332,0.1811134663390053,0.99999464117294,0.30668233437967357
0.2470779220779221,1030361,0.18110836881442524,0.99999464117294,0.3066750262332073
0.24705882352941178,1030365,0.18110766573010534,0.99999464117294,0.3066740182403389
0.24704301075268817,1030369,0.18110696265124435,0.99999464117294,0.3066730102540968
0.24701149425287353,1030399,0.18110168973378274,0.99999464117294,0.30666545056848477
0.246985446985447,1030403,0.18110098670131977,0.99999464117294,0.30666444263856285
0.24697674418604654,1030407,0.1811002836743151,0.99999464117294,0.30666343471526647
0.24696969696969698,1030424,0.1810972958704378,0.99999464117294,0.306659151115172
0.24692307692307697,1030428,0.1810965928720881,0.99999464117294,0.30665814322665885
0.24692307692307694,1030432,0.1810958898791963,0.99999464117294,0.30665713534477096
0.2469230769230769,1030436,0.18109518689176232,0.99999464117294,0.3066561274695081
0.246875,1030440,0.1810944839097861,0.99999464117294,0.30665511960087033
0.24682539682539684,1030441,0.18109430816514482,0.99999464117294,0.306654867634746
0.2468253968253968,1030453,0.18109219925605535,0.99999464117294,0.306651844073551
0.24675324675324678,1030457,0.18109149629727392,0.99999464117294,0.3066508362330689
0.24670846394984328,1030479,0.181087630121526,0.99999464117294,0.3066452932288325
0.24666666666666667,1030508,0.181082534051167,0.99999464117294,0.30663798684759713
0.24666666666666665,1030518,0.18108077685202975,0.99999464117294,0.3066354674865215
0.24665775401069517,1030521,0.18108024969893868,0.99999464117294,0.30663471168627154
0.24662756598240468,1030523,0.18107989826524978,0.99999464117294,0.30663420782150813
0.24656964656964658,1030529,0.1810788439723676,0.99999464117294,0.3066326962371533
0.2465587044534413,1030533,0.1810781411172665,0.99999464117294,0.3066316885225294
0.24654654654654654,1030537,0.18107743826762163,0.99999464117294,0.3066306808145291
0.24649572649572649,1030541,0.18107673542343294,0.99999464117294,0.30662967311315215
0.2464705882352941,1030548,0.1810755054592314,0.99999464117294,0.30662790965167985
0.24645232815964524,1030552,0.1810748026300468,0.99999464117294,0.3066269019685169
0.2464285714285714,1030560,0.18107339698804534,0.99999464117294,0.30662488662206044
0.24638297872340428,1030564,0.1810726941752283,0.99999464117294,0.30662387895876664
0.2463768115942029,1030578,0.18107023437333225,0.99999464117294,0.3066203521893942
0.2463636363636364,1030601,0.18106619341529845,0.99999464117294,0.3066145583872613
0.24636363636363634,1030605,0.1810654906583997,0.99999464117294,0.30661355079184993
0.24634408602150534,1030612,0.18106426084695307,0.99999464117294,0.3066117875158147
0.24625000000000002,1030616,0.18106355810505562,0.99999464117294,0.30661077993861446
0.2462222222222222,1030622,0.18106250400243737,0.99999464117294,0.3066092685852304
0.246218487394958,1030626,0.18106180127417706,0.99999464117294,0.30660826102458527
0.24615384615384617,1030659,0.18105600397415633,0.99999464117294,0.3065999489019253
0.24611111111111109,1030661,0.1810556526345714,0.99999464117294,0.30659944515140036
0.2460591133004926,1030671,0.18105389595709978,0.99999464117294,0.3065969264236054
0.24604166666666663,1030675,0.18105319329565575,0.99999464117294,0.3065959189440746
0.2460410557184751,1030689,0.18105073402355124,0.99999464117294,0.3065923928178579
0.24603174603174602,1030693,0.18105003138664957,0.99999464117294,0.30659138536812175
0.24602272727272728,1030696,0.1810495044125523,0.99999464117294,0.3065906297851646
0.24602272727272725,1030700,0.18104880178519453,0.99999464117294,0.3065896223470149
0.245906432748538,1030708,0.18104739654683966,0.99999464117294,0.3065876074905776
0.24584304584304587,1030710,0.18104704524065934,0.99999464117294,0.3065871037806062
0.24583333333333335,1030751,0.1810398437644009,0.99999464117294,0.3065767780909329
0.24578947368421053,1030755,0.1810391412120242,0.99999464117294,0.30657577074381265
0.2457692307692308,1030761,0.1810380873936829,0.99999464117294,0.3065742597355444
0.24575757575757573,1030769,0.1810366823216453,0.99999464117294,0.30657224508102254
0.24573863636363638,1030785,0.18103387224299927,0.99999464117294,0.30656821585141364
0.24571428571428572,1030795,0.18103211598814506,0.99999464117294,0.30656569763669056
0.2456521739130435,1030799,0.18103141349574456,0.99999464117294,0.306564690362385
0.2455808080808081,1030805,0.18103035976736628,0.99999464117294,0.30656317946333744
0.24545454545454548,1031714,0.18087086149843853,0.99999464117294,0.30633445016998795
0.24545454545454545,1031718,0.18087016025696945,0.99999464117294,0.30633344441471333
0.2453968253968254,1031722,0.18086945902093782,0.99999464117294,0.30633243866604287
0.24539170506912442,1031726,0.18086875779034356,0.99999464117294,0.3063314329239765
0.2453846153846154,1031754,0.1808638493284252,0.99999464117294,0.30632439291442115
0.24533333333333335,1031779,0.18085946699826222,0.99999464117294,0.3063181074650337
0.24532019704433497,1031783,0.1808587658451438,0.99999464117294,0.30631710181706856
0.24523809523809526,1031789,0.1808577141256594,0.99999464117294,0.30631559335750164
0.2452380952380952,1031801,0.1808556107233856,0.99999464117294,0.306312576482938
0.2451885369532428,1031805,0.1808549096001667,0.99999464117294,0.30631157087128913
0.2451871657754011,1031814,0.18085333209279966,0.99999464117294,0.3063093082692203
0.2451655982905983,1031818,0.18085263098724774,0.99999464117294,0.3063083026790302
0.2450892857142857,1031826,0.18085122879245144,0.99999464117294,0.3063062915184573
0.24505494505494507,1031840,0.18084877500387658,0.99999464117294,0.3063027720510026
0.24505494505494504,1031861,0.18084509444586044,0.99999464117294,0.3062974930014633
0.245,1031889,0.18084018726820422,0.99999464117294,0.30629045455179615
0.24499999999999997,1031894,0.18083931101450343,0.99999464117294,0.3062891977198232
0.24495726495726497,1031898,0.18083861001765678,0.99999464117294,0.3062881922616712
0.24494949494949497,1031902,0.18083790902624475,0.99999464117294,0.30628718681012057
0.24494949494949494,1031906,0.18083720804026723,0.99999464117294,0.306286181365171
0.24493506493506495,1031913,0.18083598132788326,0.99999464117294,0.3062844218523932
0.24491228070175436,1031914,0.18083580608461558,0.99999464117294,0.30628417049507517
0.24488636363636365,1031915,0.18083563084168755,0.99999464117294,0.30628391913816977
0.2448717948717949,1031943,0.18083072417759508,0.99999464117294,0.3062768813123127
0.24483695652173912,1031949,0.18082967278421705,0.99999464117294,0.3062753732488509
0.24480769230769234,1031953,0.18082897186209063,0.99999464117294,0.3062743678814602
0.2447596153846154,1031955,0.18082862140306505,0.99999464117294,0.3062738652002399
0.24473026973026973,1031957,0.1808282709453979,0.99999464117294,0.3062733625206698
0.24469696969696972,1032053,0.18081145057472825,0.99999464117294,0.30624923584163277
0.2446825396825397,1032055,0.18081110018361424,0.99999464117294,0.30624873324290636
0.24464285714285713,1032083,0.18080619485060795,0.99999464117294,0.3062416970339487
0.24460736396220267,1032087,0.1808054941104771,0.99999464117294,0.30624069188763386
0.24456043956043957,1032091,0.1808047933757779,0.99999464117294,0.30623968674791724
0.2445378151260504,1032097,0.18080374228391324,0.99999464117294,0.3062381790507137
0.2444755244755245,1032099,0.18080339192267408,0.99999464117294,0.30623767648827815
0.2444717444717445,1032101,0.18080304156279278,0.99999464117294,0.3062371739274921
0.24446428571428572,1032103,0.18080269120426934,0.99999464117294,0.3062366713683556
0.24444444444444446,1032753,0.1806888965706224,0.99999464117294,0.3060734269834774
0.24444444444444444,1032788,0.1806827732312924,0.99999464117294,0.30606464183907445
0.24440559440559442,1032817,0.18067769992167054,0.99999464117294,0.30605736310146175
0.24439102564102563,1032819,0.18067735004875007,0.99999464117294,0.3060568611323187
0.2443609022556391,1032821,0.18067700017718463,0.99999464117294,0.30605635916482227
0.24429347826086958,1032823,0.1806766503069742,0.99999464117294,0.3060558571989723
0.24428571428571427,1032837,0.18067420125344077,0.99999464117294,0.306052343484126
0.24426877470355732,1032841,0.18067350153605444,0.99999464117294,0.306051339580417
0.24416253101736973,1032845,0.18067280182408785,0.99999464117294,0.3060503356832941
0.24411764705882355,1032863,0.18066965318730557,0.99999464117294,0.3060458182277397
0.24410256410256412,1032867,0.18066895350514636,0.99999464117294,0.30604481436683817
0.24405594405594408,1032871,0.18066825382840646,0.99999464117294,0.30604381051252216
0.24404761904761904,1032897,0.18066370606168863,0.99999464117294,0.30603728561998517
0.24399999999999997,1032901,0.1806630064255916,0.99999464117294,0.3060362818150583
0.24393939393939393,1032907,0.18066195698160628,0.99999464117294,0.30603477612001495
0.24390243902439024,1032908,0.18066178207546074,0.99999464117294,0.30603452517228147
0.24389233954451345,1032912,0.1806610824542652,0.99999464117294,0.30603352138546314
0.24385281385281385,1032916,0.18066038283848831,0.99999464117294,0.30603251760522954
0.24381270903010036,1032940,0.18065618525761418,0.99999464117294,0.306026495062105
0.2438095238095238,1032942,0.18065583546801273,0.99999464117294,0.306025993194211
0.24380952380952378,1032946,0.18065513589287338,0.99999464117294,0.3060249894633612
0.24375,1032962,0.18065233764649619,0.99999464117294,0.3060209746058037
0.2436807095343681,1032963,0.1806521627589759,0.99999464117294,0.3060207236807041
0.24367816091954023,1032985,0.1806483153191963,0.99999464117294,0.30601520343262056
0.24362745098039218,1032987,0.18064796556006998,0.99999464117294,0.30601470160176125
0.24362637362637363,1032989,0.180647615802298,0.99999464117294,0.3060141997725478
0.2436218953460333,1032993,0.18064691629081708,0.99999464117294,0.30601319611905864
0.2436111111111111,1032997,0.18064621678475348,0.99999464117294,0.3060121924721529
0.24360902255639097,1032999,0.18064586703375318,0.99999464117294,0.30601169065116884
0.24352357320099258,1033003,0.18064516753581547,0.99999464117294,0.3060106870141381
0.243482905982906,1033007,0.18064446804329495,0.99999464117294,0.3060096833836908
0.24344444444444446,1033011,0.18064376855619155,0.99999464117294,0.3060086797598266
0.24333333333333335,1033050,0.1806369488408112,0.99999464117294,0.30599889477214104
0.24333333333333332,1033054,0.18063624941193782,0.99999464117294,0.30599789121904264
0.2432867132867133,1033058,0.1806355499884808,0.99999464117294,0.30599688767252675
0.2432692307692308,1033072,0.18063310204903435,0.99999464117294,0.3059933753115572
0.24325000000000002,1033078,0.18063205295243923,0.99999464117294,0.3059918700386821
0.24313131313131314,1033082,0.18063135356147914,0.99999464117294,0.3059908665316597
0.24305555555555555,1033093,0.1806294302642647,0.99999464117294,0.3059881069212865
0.24302197802197803,1033097,0.18062873089361406,0.99999464117294,0.3059871034389463
0.24301075268817204,1033128,0.18062331095469294,0.99999464117294,0.3059793266739688
0.24294871794871797,1033135,0.1806220871425322,0.99999464117294,0.30597757068497217
0.242911877394636,1033137,0.18062173748496085,0.99999464117294,0.3059770689775322
0.24285714285714285,1033180,0.18061422017460654,0.99999464117294,0.30596628266551235
0.24285714285714283,1033184,0.18061352092173322,0.99999464117294,0.3059652793263114
0.24278846153846156,1033192,0.18061212243222943,0.99999464117294,0.30596327266765044
0.2427692307692308,1033205,0.18060984993297555,0.99999464117294,0.30596001190346395
0.2427536231884058,1033209,0.18060915071394074,0.99999464117294,0.3059590086053891
0.24275,1033218,0.18060757749090706,0.99999464117294,0.305956751208779
0.24270833333333333,1033225,0.1806063538919403,0.99999464117294,0.3059549954788893
0.24269230769230768,1033227,0.1806060042952807,0.99999464117294,0.30595449384547907
0.24265873015873016,1033233,0.18060495551342243,0.99999464117294,0.30595298895511785
0.24265734265734265,1033235,0.18060460592217648,0.99999464117294,0.30595248732828734
0.24265251989389922,1033237,0.18060425633228389,0.99999464117294,0.3059519857031016
0.24264957264957265,1033239,0.18060390674374466,0.99999464117294,0.3059514840795608
0.24261904761904762,1033249,0.18060215882134897,0.99999464117294,0.3059489759865296
0.24252747252747253,1033257,0.18060076050779236,0.99999464117294,0.30594696954171163
0.2425,1033261,0.18060006135913384,0.99999464117294,0.3059459663291714
0.24243421052631578,1033263,0.1805997117868345,0.99999464117294,0.3059454647253685
0.24242424242424243,1033272,0.1805981387282342,0.99999464117294,0.3059432075286094
0.24241071428571426,1033280,0.18059674047692784,0.99999464117294,0.30594120115945067
0.24238095238095236,1033286,0.18059569180265678,0.99999464117294,0.30593969639985114
0.24230769230769234,1033346,0.18058520572973621,0.99999464117294,0.3059246496179364
0.24222222222222223,1033348,0.18058485621494405,0.99999464117294,0.3059241480840293
0.2422222222222222,1033349,0.1805846814580553,0.99999464117294,0.3059238973176924
0.24220779220779223,1033357,0.18058328341512178,0.99999464117294,0.30592189120179675
0.24215686274509804,1033368,0.18058136114143267,0.99999464117294,0.3059191328354
0.24204545454545456,1033369,0.18058118639130843,0.99999464117294,0.3059188820772851
0.24204301075268814,1033371,0.18058083689207458,0.99999464117294,0.3059183805622883
0.24202797202797205,1033373,0.18058048739419358,0.99999464117294,0.305917879048936
0.24200000000000002,1033385,0.18057839043531695,0.99999464117294,0.3059148700033525
0.24196428571428572,1033389,0.18057769145984717,0.99999464117294,0.3059138670013123
0.24191919191919192,1033391,0.18057734197414144,0.99999464117294,0.30591336550275855
0.2419047619047619,1033404,0.18057507035002768,0.99999464117294,0.30591010580223804
0.24188596491228073,1033405,0.1805748956120785,0.99999464117294,0.30590985505892154
0.24188034188034188,1033421,0.18057209985088363,0.99999464117294,0.3059058432217595
0.24185724185724186,1033423,0.18057175038682127,0.99999464117294,0.30590534174951295
0.24182692307692308,1033435,0.18056965363085245,0.99999464117294,0.30590233295055996
0.24171480693219827,1033440,0.18056877999690354,0.99999464117294,0.305901079301798
0.24166666666666667,1034401,0.18040102436095867,0.99999464117294,0.30566031863810994
0.2416305916305916,1034405,0.18040032675789464,0.99999464117294,0.3056593173045659
0.24161490683229817,1034409,0.18039962916022578,0.99999464117294,0.3056583159775826
0.2415948275862069,1034413,0.18039893156795206,0.99999464117294,0.3056573146571599
0.24157706093189965,1034419,0.1803978851896572,0.99999464117294,0.3056558126888267
0.24157706093189962,1034420,0.18039771079445485,0.99999464117294,0.30565556236220626
0.24153846153846154,1034424,0.1803970132170174,0.99999464117294,0.3056545610598248
0.24148351648351649,1034440,0.18039422296121574,0.99999464117294,0.30565055591590173
0.2414565826330532,1034444,0.18039352541075204,0.99999464117294,0.3056495546463214
0.24144144144144145,1034447,0.1803930022514445,0.99999464117294,0.3056488036984411
0.2413793103448276,1034457,0.18039125840900105,0.99999464117294,0.30564630056548997
0.24131944444444445,1034459,0.18039090964455817,0.99999464117294,0.30564579994381963
0.24125000000000002,1034463,0.18039021211971815,0.99999464117294,0.3056447987053988
0.24124860646599777,1034467,0.18038951460027242,0.99999464117294,0.30564379747353765
0.24124031007751937,1034471,0.18038881708622087,0.99999464117294,0.3056427962482362
0.2412280701754386,1034475,0.1803881195775635,0.99999464117294,0.3056417950294943
0.24111405835543767,1034479,0.1803874220743002,0.99999464117294,0.30564079381731196
0.2411111111111111,1034559,0.18037347314169613,0.99999464117294,0.30562077095106566
0.24110599078341016,1034563,0.1803727757516942,0.99999464117294,0.3056197698766184
0.2410714285714286,1034565,0.1803724270587155,0.99999464117294,0.3056192693418541
0.24103535353535355,1034573,0.18037103230028234,0.99999464117294,0.3056172672191919
0.24097222222222223,1034579,0.18036998624561296,0.99999464117294,0.3056157656444099
0.2409722222222222,1034580,0.18036981190434767,0.99999464117294,0.3056155153833808
0.24095238095238095,1034628,0.1803614439199403,0.99999464117294,0.30560350333596453
0.2409090909090909,1034646,0.18035830612596,0.99999464117294,0.30559899906162025
0.24083333333333334,1034650,0.1803576088532354,0.99999464117294,0.3055979981297973
0.24078947368421053,1034654,0.18035691158590214,0.99999464117294,0.30559699720453104
0.2407692307692308,1034669,0.1803542968814181,0.99999464117294,0.3055932437931771
0.24076576576576578,1034673,0.18035359963969294,0.99999464117294,0.3055922428990544
0.24075630252100838,1034677,0.18035290240335872,0.99999464117294,0.3055912420114879
0.2407051282051282,1034681,0.18035220517241546,0.99999464117294,0.3055902411304777
0.2406713286713287,1034685,0.18035150794686305,0.99999464117294,0.3055892402560237
0.24066666666666667,1034691,0.1803504621186422,0.99999464117294,0.30558773895663555
0.2405714285714286,1034695,0.18034976490656668,0.99999464117294,0.3055867380985718
0.24054054054054055,1034699,0.1803490676998818,0.99999464117294,0.30558573724706395
0.24053030303030304,1034700,0.18034889339905286,0.99999464117294,0.30558548703521143
0.24047619047619048,1034704,0.18034819619910622,0.99999464117294,0.3055844861918986
0.24047619047619045,1034711,0.18034697611217046,0.99999464117294,0.30558273473187597
0.2404466501240695,1034719,0.18034558174731496,0.99999464117294,0.30558073308786265
0.2404040404040404,1034727,0.18034418740402058,0.99999464117294,0.30557873147007164
0.24040209790209793,1034731,0.18034349024045862,0.99999464117294,0.3055777306710094
0.2403726708074534,1034736,0.18034261879358598,0.99999464117294,0.3055764796814001
0.24031620553359684,1034740,0.18034192164215165,0.99999464117294,0.30557547889708747
0.24030769230769233,1034744,0.18034122449610726,0.99999464117294,0.3055744781193301
0.24030303030303032,1034746,0.18034087592510625,0.99999464117294,0.3055739777329095
0.24027777777777778,1034750,0.18034017878714664,0.99999464117294,0.30557297696498487
0.24017857142857144,1034761,0.18033826168554865,0.99999464117294,0.3055702248869916
0.24014423076923078,1034767,0.1803372160109474,0.99999464117294,0.30556872377443456
0.24012987012987014,1034771,0.18033651890128347,0.99999464117294,0.3055677230409234
0.24010989010989015,1034785,0.18033407905990134,0.99999464117294,0.3055642205252527
0.24000000000000002,1035756,0.1801650195605915,0.99999464117294,0.3053214917978605
0.24,1035761,0.1801641498376556,0.99999464117294,0.30532024290537474
0.23999999999999996,1035762,0.18016397589407604,0.99999464117294,0.3053199931281036
0.23991228070175438,1035770,0.1801625843575311,0.99999464117294,0.30531799492464684
0.23986013986013988,1035780,0.18016084496707796,0.99999464117294,0.3053154972071061
0.23979220779220778,1035782,0.18016049709301765,0.99999464117294,0.3053149976685019
0.2396825396825397,1035789,0.18015927954438596,0.99999464117294,0.3053132492962597
0.23967741935483872,1035793,0.18015858380969943,0.99999464117294,0.3053122502353974
0.2396640141467728,1035794,0.1801584098768674,0.99999464117294,0.3053120004712034
0.23959276018099548,1035798,0.18015771414889775,0.99999464117294,0.30531100141851397
0.23958333333333334,1035800,0.18015736628692797,0.99999464117294,0.3053105018946211
0.23958333333333331,1035802,0.18015701842630155,0.99999464117294,0.3053100023723628
0.23947368421052634,1035818,0.1801542355896499,0.99999464117294,0.30530600625313925
0.23944444444444446,1035819,0.18015406166521372,0.99999464117294,0.30530575649916114
0.23943965517241378,1035837,0.18015093108278618,0.99999464117294,0.30530126099742727
0.23939393939393938,1035849,0.18014884408827928,0.99999464117294,0.30529826406982
0.23936781609195404,1035861,0.18014675714212622,0.99999464117294,0.3052952672010497
0.23936507936507934,1035863,0.1801464093224683,0.99999464117294,0.3052947677286414
0.23934065934065935,1035867,0.18014571368718185,0.99999464117294,0.30529376878872777
0.23930610452349585,1035869,0.18014536587155325,0.99999464117294,0.3052932693212224
0.2392857142857143,1035877,0.18014397462246964,0.99999464117294,0.30529127146754353
0.23928571428571427,1035903,0.1801394532113528,0.99999464117294,0.3052847786236688
0.2391666666666667,1035907,0.18013875762978723,0.99999464117294,0.30528377974912374
0.2391304347826087,1035917,0.18013701869937457,0.99999464117294,0.305281282591358
0.2391025641025641,1035933,0.18013423648054458,0.99999464117294,0.30527728722390496
0.23904761904761906,1035937,0.18013354093926562,0.99999464117294,0.3052762883983821
0.23896103896103896,1035941,0.18013284540335792,0.99999464117294,0.3052752895793952
0.23891625615763548,1035948,0.1801316282284439,0.99999464117294,0.30527354166189524
0.23891402714932128,1035952,0.1801309327073069,0.99999464117294,0.30527254286088207
0.2388888888888889,1035953,0.1801307588278619,0.99999464117294,0.30527229316165005
0.23888888888888887,1035961,0.18012936780438646,0.99999464117294,0.30527029558249885
0.2388773388773389,1035965,0.18012867230070514,0.99999464117294,0.30526929680272674
0.2388095238095238,1035969,0.18012797680239467,0.99999464117294,0.3052682980294901
0.2387626262626263,1035973,0.180127281309455,0.99999464117294,0.3052672992627891
0.23875,1035995,0.18012345619428666,0.99999464117294,0.3052618061627528
0.23874999999999996,1035996,0.1801232823292754,0.99999464117294,0.3052615564810846
0.23870967741935484,1036016,0.18011980509953515,0.99999464117294,0.3052565629334939
0.2386743691091517,1036020,0.1801191096696975,0.99999464117294,0.3052555642435802
0.2386666666666667,1036026,0.18011806653500975,0.99999464117294,0.30525406622096224
0.23866396761133604,1036030,0.18011737111859696,0.99999464117294,0.3052530675473853
0.23863636363636365,1036034,0.180116675707554,0.99999464117294,0.30525206888034273
0.2386100386100386,1036038,0.1801159803018808,0.99999464117294,0.30525107021983466
0.2385714285714286,1036039,0.18011580645130154,0.99999464117294,0.3052508205557286
0.23857142857142857,1036041,0.18011545875114982,0.99999464117294,0.30525032122874185
0.2384920634920635,1036042,0.18011528490157735,0.99999464117294,0.30525007156586104
0.23846153846153847,1036551,0.1800268390074391,0.99999464117294,0.30512304614526814
0.23833333333333334,1036565,0.18002440753835988,0.99999464117294,0.3051195538161814
0.23828571428571427,1036577,0.1800223234742812,0.99999464117294,0.305116560454878
0.23826923076923076,1036579,0.18002197613495932,0.99999464117294,0.3051160615670376
0.23825396825396822,1036583,0.1800212814603365,0.99999464117294,0.3051150637962509
0.2382488479262673,1036587,0.18002058679107494,0.99999464117294,0.30511406603198993
0.23820512820512824,1036589,0.1800202394584546,0.99999464117294,0.30511356715230664
0.23818181818181816,1036593,0.18001954479723478,0.99999464117294,0.30511256939783404
0.2381226053639847,1036597,0.18001885014137606,0.99999464117294,0.30511157164988695
0.2381118881118881,1036601,0.18001815549087835,0.99999464117294,0.30511057390846535
0.2381048387096774,1036606,0.18001728718529508,0.99999464117294,0.3051093267408646
0.2380952380952381,1036610,0.18001659254685948,0.99999464117294,0.3051083290141251
0.23809523809523808,1036612,0.18001624522965198,0.99999464117294,0.3051078301532022
0.2380863039399625,1036616,0.18001555059925758,0.99999464117294,0.3051068324362504
0.23805194805194807,1036618,0.18001520328607065,0.99999464117294,0.3051063335802215
0.23801169590643273,1036620,0.18001485597422393,0.99999464117294,0.3051058347258238
0.23798319327731093,1036622,0.18001450866371735,0.99999464117294,0.3051053358730574
0.2379140239605356,1036626,0.18001381404672467,0.99999464117294,0.3051043381724184
0.23788461538461542,1036630,0.18001311943509257,0.99999464117294,0.3051033404783043
0.23784907902554958,1036634,0.18001242482882096,0.99999464117294,0.3051023427907152
0.23780108780108783,1036638,0.18001173022790984,0.99999464117294,0.3051013451096509
0.23777777777777778,1036642,0.1800110356323591,0.99999464117294,0.3051003474351114
0.23766233766233769,1036644,0.18001068833659387,0.99999464117294,0.30509984860028844
0.23764705882352938,1036646,0.18001034104216868,0.99999464117294,0.30509934976709663
0.23761904761904762,1036650,0.18000964645733855,0.99999464117294,0.30509835210560654
0.23752136752136752,1036654,0.1800089518778686,0.99999464117294,0.30509735445064096
0.23750000000000002,1036730,0.17999575588629635,0.99999464117294,0.3050784002458847
0.2375,1036751,0.17999210996661685,0.99999464117294,0.30507316331510215
0.2374825174825175,1036757,0.17999106830240838,0.99999464117294,0.3050716670821873
0.2373949579831933,1036771,0.1799886377994755,0.99999464117294,0.3050681759291275
0.23736263736263735,1036785,0.17998620736218213,0.99999464117294,0.3050646848559702
0.23732447817836813,1036789,0.17998551296358276,0.99999464117294,0.3050636874211724
0.2373015873015873,1036797,0.1799841241824581,0.99999464117294,0.3050616925711437
0.2372747252747253,1036801,0.17998342979993268,0.99999464117294,0.30506069515591266
0.2372727272727273,1036803,0.17998308261067916,0.99999464117294,0.30506019645074306
0.23727272727272727,1036811,0.17998169386705967,0.99999464117294,0.30505820164636976
0.23722222222222222,1036815,0.1799809995032865,0.99999464117294,0.3050572042539661
0.2371657754010695,1036816,0.17998082591318035,0.99999464117294,0.3050569549068842
0.23714285714285716,1036835,0.17997752776478418,0.99999464117294,0.3050522173897762
0.23713286713286713,1036843,0.17997613910688504,0.99999464117294,0.3050502226897522
0.23709401709401712,1036844,0.17997596552615436,0.99999464117294,0.3050499733540833
0.23701149425287357,1036848,0.17997527120657994,0.99999464117294,0.305048976015484
0.23697691197691198,1036856,0.17997388258350244,0.99999464117294,0.3050469813578496
0.23695014662756597,1036862,0.1799728411302565,0.99999464117294,0.3050454853817421
0.2369318181818182,1036868,0.1799717996890636,0.99999464117294,0.30504398942030736
0.23690476190476192,1036883,0.17996919613881218,0.99999464117294,0.3050402495809123
0.2369047619047619,1036903,0.17996572485565188,0.99999464117294,0.30503526327102903
0.23688963210702343,1036907,0.17996503061508892,0.99999464117294,0.3050342660286143
0.23684210526315788,1036911,0.17996433637988216,0.99999464117294,0.30503326879272
0.2367909867909868,1036915,0.17996364215003158,0.99999464117294,0.3050322715633461
0.23675213675213677,1036923,0.17996225370639865,0.99999464117294,0.30503027712415953
0.2366795366795367,1036927,0.17996155949261616,0.99999464117294,0.30502927991434653
0.23666666666666666,1036931,0.1799608652841896,0.99999464117294,0.30502828271105376
0.23666666666666664,1037278,0.17990066308164254,0.99999464117294,0.3049418001349799
0.23664772727272726,1037284,0.17989962247561903,0.99999464117294,0.3049403051903273
0.23660745384883317,1037288,0.179898928744958,0.99999464117294,0.3049393085687019
0.23658536585365855,1037290,0.17989858188163388,0.99999464117294,0.3049388102603322
0.23658008658008658,1037291,0.1798984084504734,0.99999464117294,0.30493856110675793
0.23653846153846153,1037293,0.1798980615891556,0.99999464117294,0.30493806280083113
0.2365079365079365,1037319,0.17989355251373976,0.99999464117294,0.30493158497197953
0.23645833333333333,1037323,0.17989285882989195,0.99999464117294,0.30493058840735304
0.2364182364182364,1037327,0.17989216515139392,0.99999464117294,0.30492959184924034
0.2363970588235294,1037331,0.1798914714782456,0.99999464117294,0.30492859529764144
0.23638583638583638,1037335,0.17989077781044696,0.99999464117294,0.3049275987525563
0.2363636363636364,1038157,0.17974834249540292,0.99999464117294,0.3047229468510286
0.23636363636363636,1038162,0.17974747679071282,0.99999464117294,0.30472170285033107
0.23636363636363633,1038163,0.17974730365077546,0.99999464117294,0.30472145405141043
0.2363440860215054,1038167,0.1797466110943615,0.99999464117294,0.30472045885979054
0.2362403100775194,1038169,0.1797462648181558,0.99999464117294,0.3047199612664183
0.23614864864864865,1038173,0.17974557226974694,0.99999464117294,0.304718966084549
0.2361111111111111,1038179,0.17974453345713987,0.99999464117294,0.30471747332393306
0.2360215053763441,1038183,0.17974384092207252,0.99999464117294,0.3047164781583144
0.23600000000000002,1038232,0.17973535780056865,0.99999464117294,0.3047042879069919
0.236,1038236,0.17973466533620486,0.99999464117294,0.30470329282749475
0.23593406593406593,1038238,0.17973431910602386,0.99999464117294,0.3047027952901834
0.23589285714285713,1038242,0.17973362664966355,0.99999464117294,0.30470180022043514
0.23585858585858585,1038254,0.17973154931259597,0.99999464117294,0.30469881505018526
0.23584615384615387,1038256,0.17973120309441987,0.99999464117294,0.3046983175274969
0.23578947368421055,1038260,0.17973051066206924,0.99999464117294,0.3046973224869945
0.2357894736842105,1038264,0.1797298182350539,0.99999464117294,0.304696327452991
0.23575000000000002,1038266,0.17972947202354694,0.99999464117294,0.3046958299384263
0.23574660633484165,1038268,0.1797291258133738,0.99999464117294,0.3046953324254863
0.2357142857142857,1038592,0.17967305736997782,0.99999464117294,0.3046147567744042
0.23566433566433567,1038596,0.17967236538557824,0.99999464117294,0.30461376227958775
0.23563899868247695,1038600,0.17967167340650878,0.99999464117294,0.30461276779126484
0.23563762626262627,1038604,0.17967098143276938,0.99999464117294,0.3046117733094354
0.23560606060606062,1038627,0.17966700268720148,0.99999464117294,0.30460605516492756
0.23559735283873215,1038635,0.17966561881700502,0.99999464117294,0.3046040662954206
0.23555555555555557,1038639,0.1796649268899011,0.99999464117294,0.3046030718704065
0.23541666666666666,1038651,0.179662851140566,0.99999464117294,0.3046000886343214
0.23538461538461541,1038655,0.1796621592347796,0.99999464117294,0.3045990942352785
0.23534798534798534,1038659,0.17966146733432242,0.99999464117294,0.3045980998427282
0.23529411764705882,1038717,0.179651435376527,0.99999464117294,0.3045836818803175
0.23526570048309178,1038724,0.17965022469876502,0.99999464117294,0.30458194187371257
0.23525252525252527,1038726,0.17964987879383013,0.99999464117294,0.3045814447326198
0.23516483516483516,1038730,0.17964918698795646,0.99999464117294,0.30458045045530296
0.23513409961685822,1038733,0.17964866813704772,0.99999464117294,0.3045797047515752
0.23507936507936508,1038737,0.17964797634049812,0.99999464117294,0.30457871048561835
0.23500000000000001,1038745,0.17964659276338274,0.99999464117294,0.30457672197317837
0.235,1038764,0.1796433068531447,0.99999464117294,0.30457199936019425
0.23497536945812808,1038772,0.17964192334795315,0.99999464117294,0.30457001093538333
0.23496503496503496,1038776,0.17964123160334855,0.99999464117294,0.30456901673271397
0.23495726495726496,1038782,0.17964019399643044,0.99999464117294,0.30456752544088006
0.23488372093023258,1038788,0.17963915640149866,0.99999464117294,0.30456603416364997
0.2348611111111111,1038792,0.17963846467820313,0.99999464117294,0.304565039986943
0.23480963480963482,1038794,0.17963811881855304,0.99999464117294,0.30456454290102347
0.23480392156862745,1038800,0.17963708124759337,0.99999464117294,0.30456305165300046
0.23474747474747473,1038802,0.17963673539327032,0.99999464117294,0.3045625545735713
0.23472222222222222,1038814,0.1796346602952983,0.99999464117294,0.30455957213107
0.23471014492753625,1038820,0.17963362276429026,0.99999464117294,0.3045580809317235
0.23461538461538461,1038905,0.1796189256958047,0.99999464117294,0.30453695717630086
0.23460925039872407,1038906,0.17961875280342976,0.99999464117294,0.3045367086789706
0.23460925039872405,1038911,0.1796178883465475,0.99999464117294,0.3045354661984025
0.23456043956043957,1038917,0.17961685100927216,0.99999464117294,0.30453397523510334
0.23453947368421052,1038921,0.1796161594577451,0.99999464117294,0.30453298126768114
0.23446455505279035,1038925,0.17961546791154318,0.99999464117294,0.3045319873067473
0.23442028985507246,1038942,0.1796125288995921,0.99999464117294,0.3045277630451634
0.23439560439560442,1038944,0.17961218313980348,0.99999464117294,0.30452726608091696
0.23437908496732027,1038948,0.17961149162421988,0.99999464117294,0.3045262721572902
0.23434343434343435,1038952,0.179610800113961,0.99999464117294,0.30452527824015146
0.23432539682539683,1038956,0.17961010860902676,0.99999464117294,0.3045242843295005
0.23428990364474236,1038960,0.1796094171094171,0.99999464117294,0.3045232904253375
0.2342857142857143,1038993,0.17960371244079604,0.99999464117294,0.30451509096353546
0.23428571428571426,1039017,0.17959956381849382,0.99999464117294,0.30450912799592045
0.23424242424242422,1039019,0.17959921810861976,0.99999464117294,0.3045086310924939
0.23422222222222222,1039027,0.1795978352824325,0.99999464117294,0.30450664349500467
0.23416666666666666,1039029,0.1795974895792129,0.99999464117294,0.3045061465996865
0.23410256410256408,1039033,0.17959679817676627,0.99999464117294,0.3045051528139153
0.2340909090909091,1039041,0.1795954153878432,0.99999464117294,0.3045031652618327
0.23404761904761906,1039047,0.17959437831012456,0.99999464117294,0.3045016746147978
0.23392857142857143,1039049,0.17959403262021328,0.99999464117294,0.304501177735696
0.23384615384615387,1039065,0.17959126714883092,0.99999464117294,0.30449720276125847
0.23383838383838382,1039069,0.17959057579429277,0.99999464117294,0.30449620903386454
0.23382395382395382,1039073,0.17958988444507748,0.99999464117294,0.30449521531295665
0.2338095238095238,1039077,0.17958919310118499,0.99999464117294,0.30449422159853473
0.23376068376068376,1039085,0.17958781042936814,0.99999464117294,0.3044922341891485
0.23375,1039097,0.1795857364615623,0.99999464117294,0.30448925312371244
0.2336666666666667,1039101,0.17958504514960527,0.99999464117294,0.304488259448205
0.2336405529953917,1039109,0.17958366254165828,0.99999464117294,0.3044862721166468
0.23363636363636361,1039119,0.17958193431166208,0.99999464117294,0.3044837879886793
0.23333333333333336,1039123,0.17958124302897732,0.99999464117294,0.3044827943488416
0.23333333333333334,1039921,0.17944343849196237,0.99999464117294,0.30428469282014525
0.2333333333333333,1039934,0.17944119530662522,0.99999464117294,0.3042814677361232
0.23327706775982637,1039938,0.17944050510703521,0.99999464117294,0.3042804754163317
0.2330721003134796,1039942,0.17943981491275474,0.99999464117294,0.3042794831030125
0.2330357142857143,1039964,0.17943601893911712,0.99999464117294,0.3042740254954458
0.23303571428571426,1039984,0.17943256819335682,0.99999464117294,0.30426906420390804
0.233030303030303,1039988,0.17943187806013147,0.99999464117294,0.3042680719650154
0.2329365079365079,1039997,0.17943032527978445,0.99999464117294,0.30426583945116803
0.23285714285714285,1040001,0.17942963516381233,0.99999464117294,0.30426484723330743
0.23272727272727273,1040005,0.17942894505314877,0.99999464117294,0.30426385502191805
0.23265765765765767,1040011,0.17942790989710686,0.99999464117294,0.3042623667169675
0.2325672877846791,1040017,0.17942687475300884,0.99999464117294,0.30426087842657695
0.2325670498084291,1040027,0.17942514953938696,0.99999464117294,0.30425839797494775
0.2325,1040031,0.17942445946322755,0.99999464117294,0.30425740580562005
0.23246753246753246,1040045,0.17942204423847044,0.99999464117294,0.3042539332639303
0.23243243243243245,1040064,0.17941876653744385,0.99999464117294,0.3042492206555623
0.23238636363636364,1040087,0.17941479895431825,0.99999464117294,0.30424351611443756
0.23233333333333334,1040110,0.17941083154666335,0.99999464117294,0.30423781178722414
0.23230769230769233,1040136,0.1794063468623334,0.99999464117294,0.3042313636748988
0.2323015873015873,1040140,0.17940565693079777,0.99999464117294,0.3042303716818776
0.23222222222222225,1040142,0.1794053119670199,0.99999464117294,0.3042298756877929
0.23222222222222222,1040148,0.17940427708364579,0.99999464117294,0.30422838771524247
0.23221198156682027,1040153,0.17940341468995427,0.99999464117294,0.3042271477492356
0.2321978021978022,1040157,0.17940272478097055,0.99999464117294,0.30422615578370754
0.23214285714285715,1040217,0.17939237678292125,0.99999464117294,0.30421127707700774
0.2320833333333333,1040219,0.17939203187021194,0.99999464117294,0.3042107811451818
0.23205837173579108,1040223,0.17939134204877225,0.99999464117294,0.3042097892863809
0.23205128205128206,1040225,0.1793909971400418,0.99999464117294,0.30420929335940583
0.23203463203463204,1040235,0.17938927261628382,0.99999464117294,0.30420681374878444
0.23202020202020202,1040239,0.17938858281606437,0.99999464117294,0.3042058219158542
0.23194444444444445,1040285,0.17938065049481633,0.99999464117294,0.30419441630199207
0.23193277310924368,1040298,0.17937840887899428,0.99999464117294,0.30419119313134013
0.23193212917350844,1040300,0.17937806401999423,0.99999464117294,0.3041906972649946
0.23189964157706092,1040308,0.1793766845972539,0.99999464117294,0.3041887138157787
0.23181818181818184,1040316,0.179375305195729,0.99999464117294,0.30418673039242855
0.2318181818181818,1040320,0.1793746155029222,0.99999464117294,0.3041857386904529
0.23179347826086957,1040350,0.17936944297592156,0.99999464117294,0.30417830113174205
0.23162337662337662,1040352,0.1793690981513949,0.99999464117294,0.30417780530742644
0.23160714285714284,1040360,0.1793677188665462,0.99999464117294,0.3041758220263283
0.2315972222222222,1040364,0.17936702923207645,0.99999464117294,0.3041748303954776
0.23157894736842105,1040420,0.17935737490628784,0.99999464117294,0.3041609482424199
0.23153846153846153,1040423,0.17935685773959245,0.99999464117294,0.304160204591408
0.23142857142857143,1040433,0.17935513387214747,0.99999464117294,0.30415772578096417
0.23141025641025642,1040466,0.17934944534468208,0.99999464117294,0.3041495459931512
0.23136363636363638,1040478,0.17934737687870383,0.99999464117294,0.30414657163393605
0.2313131313131313,1040482,0.17934668740064702,0.99999464117294,0.30414558019379184
0.23125,1040584,0.17932910750117242,0.99999464117294,0.30412030065385043
0.23122529644268777,1040588,0.17932841816357675,0.99999464117294,0.30411930938497195
0.23114302577218182,1040590,0.17932807349676624,0.99999464117294,0.3041188137529559
0.2311111111111111,1040604,0.17932566086618926,0.99999464117294,0.3041153443740772
0.23111111111111107,1040606,0.17932531620997766,0.99999464117294,0.3041148487549849
0.2310457516339869,1040610,0.17932462690152892,0.99999464117294,0.3041138575216466
0.2310344827586207,1040715,0.1793065344498734,0.99999464117294,0.30408783995737065
0.230982905982906,1040718,0.1793060175763271,0.99999464117294,0.30408709666380407
0.230974358974359,1040719,0.1793058452858072,0.99999464117294,0.3040868489000893
0.23095238095238096,1040721,0.1793055007057607,0.99999464117294,0.3040863533738712
0.23095238095238094,1040737,0.17930274411306604,0.99999464117294,0.3040823892222643
0.2308080808080808,1040741,0.17930205497813578,0.99999464117294,0.30408139820051183
0.23079365079365077,1040747,0.17930102128567268,0.99999464117294,0.30407991167999476
0.23076923076923078,1041127,0.17923557836844112,0.99999464117294,0.3039857949801871
0.23075,1041159,0.17923006956670404,0.99999464117294,0.30397787202294896
0.23055555555555557,1041173,0.17922765957242456,0.99999464117294,0.30397440585902535
0.2305019305019305,1041177,0.17922697101453453,0.99999464117294,0.30397341554099455
0.23036363636363635,1041183,0.17922593818761928,0.99999464117294,0.30397193007604717
0.23034482758620686,1041191,0.17922456110358234,0.99999464117294,0.3039699494787013
0.23030303030303031,1041193,0.1792242168358796,0.99999464117294,0.30396945433339767
0.23028846153846155,1041221,0.17921939722690955,0.99999464117294,0.3039625224685196
0.23028455284552846,1041223,0.17921905297904484,0.99999464117294,0.30396202734741185
0.2302415458937198,1041229,0.17921802024338546,0.99999464117294,0.30396054199376626
0.23020202020202019,1041233,0.17921733175955815,0.99999464117294,0.3039595517660674
0.2301818181818182,1041239,0.1792162990437354,0.99999464117294,0.30395806643661627
0.23011695906432747,1041243,0.17921561057313232,0.99999464117294,0.30395707622504686
0.2300751879699248,1041251,0.17921423364779482,0.99999464117294,0.3039550958212629
0.23000000000000004,1041255,0.1792135451930603,0.99999464117294,0.3039541056290482
0.23,1041435,0.17918257020361328,0.99999464117294,0.30390955365569444
0.22999999999999998,1041441,0.17918153788836813,0.99999464117294,0.30390806881484367
0.2299145299145299,1041443,0.17918119378592973,0.99999464117294,0.3039075738711177
0.22987943955685888,1041447,0.17918050558501777,0.99999464117294,0.3039065839885021
0.2298611111111111,1041488,0.17917345183045796,0.99999464117294,0.30389643806347383
0.2298290598290598,1041492,0.17917276368901539,0.99999464117294,0.3038954482533996
0.22980769230769232,1041493,0.17917259165448063,0.99999464117294,0.3038952008018885
0.2297747747747748,1041495,0.17917224758640224,0.99999464117294,0.30389470590007517
0.22976190476190478,1041525,0.17916708672379444,0.99999464117294,0.3038872825663018
0.22974358974358974,1041529,0.17916639863124312,0.99999464117294,0.30388629281586665
0.22971014492753625,1041533,0.179165710543977,0.99999464117294,0.30388530307187855
0.2296774193548387,1041535,0.1791653665023259,0.99999464117294,0.3038848082023022
0.22967032967032966,1041545,0.17916364631388945,0.99999464117294,0.30388233387859653
0.22957702020202017,1041549,0.17916295824776365,0.99999464117294,0.3038813441603964
0.22952380952380952,1041551,0.17916261421668261,0.99999464117294,0.30388084930371395
0.2294642857142857,1041582,0.17915728190387314,0.99999464117294,0.30387317923122636
0.2294322344322344,1041586,0.17915659388663058,0.99999464117294,0.3038721895726571
0.22941176470588237,1041600,0.17915418586789555,0.99999464117294,0.3038687258184282
0.22938034188034187,1041604,0.17915349787443213,0.99999464117294,0.3038677361888664
0.22937499999999997,1041615,0.17915160591965362,0.99999464117294,0.30386501474080846
0.22929292929292927,1041619,0.1791509179460052,0.99999464117294,0.30386402513541877
0.22928571428571426,1041636,0.1791479941169468,0.99999464117294,0.30385981938442197
0.22926829268292684,1041648,0.1791459302950709,0.99999464117294,0.3038568506891071
0.2292207792207792,1041650,0.17914558632938127,0.99999464117294,0.30385635591219434
0.22916666666666669,1041654,0.17914489840196457,0.99999464117294,0.30385536636320265
0.2290948275862069,1041678,0.17914077094841208,0.99999464117294,0.3038494292045989
0.22909090909090907,1041682,0.17914008305797738,0.99999464117294,0.3038484397007222
0.22905882352941176,1041686,0.1791393951728256,0.99999464117294,0.30384745020329007
0.22903225806451613,1041733,0.1791313129179934,0.99999464117294,0.303835824091193
0.22902298850574715,1041747,0.17912890557880176,0.99999464117294,0.3038323611659496
0.228974358974359,1041748,0.17912873362847828,0.99999464117294,0.303832113817167
0.22891986062717767,1041752,0.17912804583048555,0.99999464117294,0.303831124426064
0.2288888888888889,1041756,0.1791273580377747,0.99999464117294,0.30383013504140466
0.22886363636363638,1041760,0.17912667025034557,0.99999464117294,0.3038291456631888
0.22882352941176468,1041764,0.17912598246819816,0.99999464117294,0.3038281562914166
0.22875,1041785,0.17912237169857503,0.99999464117294,0.30382296219532345
0.2286813186813187,1041789,0.17912168394943698,0.99999464117294,0.3038219728638217
0.2286713286713287,1041795,0.17912065233563226,0.99999464117294,0.3038204888786498
0.22866666666666668,1041813,0.1791175575655132,0.99999464117294,0.303816037010113
0.22863636363636364,1041817,0.17911686985334277,0.99999464117294,0.30381504772371126
0.2285714285714286,1042102,0.17906788394993964,0.99999464117294,0.3037445776464747
0.22857142857142856,1042136,0.1790620418064437,0.99999464117294,0.3037361728724616
0.2284274193548387,1042166,0.17905688729050842,0.99999464117294,0.30372875728164817
0.22835164835164837,1042172,0.17905585642293212,0.99999464117294,0.30372727420693696
0.22833333333333333,1042216,0.1790482970900466,0.99999464117294,0.30371639876825324
0.2283333333333333,1042222,0.17904726632137874,0.99999464117294,0.30371491581422977
0.22830769230769232,1042228,0.17904623556457896,0.99999464117294,0.30371343287468794
0.2281746031746032,1042230,0.17904589198161633,0.99999464117294,0.30371293856472537
0.22816993464052288,1042234,0.17904520481964703,0.99999464117294,0.3037119499496274
0.22812500000000002,1042293,0.17903506979323472,0.99999464117294,0.30369736862448643
0.228125,1042317,0.1790309473989199,0.99999464117294,0.3036914376385866
0.22811188811188812,1042319,0.17903060387462955,0.99999464117294,0.30369094340021824
0.22810439560439558,1042320,0.17903043211297873,0.99999464117294,0.3036906962816373
0.2280952380952381,1042322,0.17903008859066585,0.99999464117294,0.3036902020456821
0.2280769230769231,1042326,0.17902940154999492,0.99999464117294,0.30368921357859735
0.22803030303030303,1042330,0.1790287145145971,0.99999464117294,0.30368822511794735
0.22792207792207791,1042344,0.17902630993222968,0.99999464117294,0.30368476555634394
0.22790697674418606,1042350,0.17902527941670265,0.99999464117294,0.30368328291121427
0.22789915966386554,1042352,0.17902493591416335,0.99999464117294,0.30368278869938814
0.22785714285714287,1042354,0.17902459241294225,0.99999464117294,0.30368229448917056
0.2278409090909091,1042379,0.17902029875889672,0.99999464117294,0.3036761169971692
0.2277777777777778,1042387,0.17901892483309942,0.99999464117294,0.3036741402528082
0.22777777777777777,1042391,0.17901823787810908,0.99999464117294,0.3036731518902782
0.22768817204301076,1042428,0.17901188379437236,0.99999464117294,0.3036640098418598
0.2275874125874126,1042432,0.17901119689341846,0.99999464117294,0.30366302154527114
0.2275757575757576,1042444,0.17900913622218556,0.99999464117294,0.30366005669410245
0.2275735294117647,1042457,0.17900690388188673,0.99999464117294,0.3036568448373357
0.2275,1042467,0.17900518673492782,0.99999464117294,0.30365437422451846
0.2274747474747475,1042471,0.1790044998853685,0.99999464117294,0.3036533859906483
0.22738095238095238,1042475,0.17900381304108012,0.99999464117294,0.30365239776321046
0.22738095238095235,1042476,0.1790036413308316,0.99999464117294,0.303652150707356
0.22735462735462736,1042480,0.17900295449313175,0.99999464117294,0.30365116248795854
0.22735042735042735,1042484,0.1790022676607027,0.99999464117294,0.30365017427499325
0.22732919254658385,1042552,0.17899059231577896,0.99999464117294,0.3036333756386475
0.22732142857142856,1042563,0.17898870380015405,0.99999464117294,0.3036306583868315
0.2273093841642229,1042567,0.17898801707707993,0.99999464117294,0.3036296703073199
0.2272727272727273,1042754,0.17895591865387234,0.99999464117294,0.3035834847668953
0.22727272727272727,1042866,0.17893669944173077,0.99999464117294,0.30355582956613963
0.22715151515151516,1042867,0.1789365278602161,0.99999464117294,0.3035555826673987
0.22714285714285715,1042880,0.17893429733046948,0.99999464117294,0.3035523730203142
0.2271253071253071,1042884,0.17893361102481195,0.99999464117294,0.30355138545025095
0.22708333333333333,1042915,0.1789282923344664,0.99999464117294,0.3035437320001334
0.22705128205128206,1042919,0.17892760607487254,0.99999464117294,0.3035427444862943
0.22703030303030303,1042923,0.17892691982054285,0.99999464117294,0.3035417569788806
0.22701149425287356,1042927,0.1789262335714772,0.99999464117294,0.30354076947789205
0.22698412698412698,1042931,0.17892554732767557,0.99999464117294,0.30353978198332876
0.22692307692307695,1042932,0.17892537576754763,0.99999464117294,0.30353953511069176
0.22690058479532163,1042936,0.17892468953032592,0.99999464117294,0.3035385476241599
0.22687312687312688,1042938,0.178924346413689,0.99999464117294,0.30353805388330324
0.2268581081081081,1042948,0.17892263085024374,0.99999464117294,0.30353558520311397
0.22682539682539682,1042954,0.17892160152796768,0.99999464117294,0.30353410401427505
0.22678571428571428,1043001,0.17891353891319375,0.99999464117294,0.3035225018684801
0.22675324675324676,1043009,0.17891216662559958,0.99999464117294,0.3035205271234864
0.22666666666666668,1043094,0.1788975873698823,0.99999464117294,0.30349954704473114
0.22662698412698412,1043098,0.17889690134579878,0.99999464117294,0.30349855981836316
0.2266025641025641,1043102,0.17889621532697667,0.99999464117294,0.30349757259841753
0.2265734265734266,1043106,0.1788955293134159,0.99999464117294,0.3034965853848944
0.22651515151515153,1043122,0.1788927853117852,0.99999464117294,0.3034926365950249
0.22649572649572652,1043126,0.17889209932453032,0.99999464117294,0.30349164941361306
0.2264957264957265,1043130,0.17889141334253642,0.99999464117294,0.3034906622386232
0.2264935064935065,1043132,0.17889107035351232,0.99999464117294,0.3034901686535365
0.22647058823529412,1043191,0.17888095276895602,0.99999464117294,0.3034756086157169
0.2263986013986014,1043193,0.1788806098200429,0.99999464117294,0.3034751150795942
0.22632478632478634,1043197,0.1788799239261616,0.99999464117294,0.3034741280121645
0.22628571428571428,1043237,0.17887306527663416,0.99999464117294,0.30346425769100976
0.22626262626262628,1043269,0.17886757873568562,0.99999464117294,0.3034563618963522
0.22625,1043278,0.17886603570668605,0.99999464117294,0.3034541412781347
0.2261904761904762,1043284,0.17886500703547645,0.99999464117294,0.30345266088404516
0.22613636363636366,1043286,0.17886466414770255,0.99999464117294,0.30345216742255837
0.2261111111111111,1043288,0.1788643212612433,0.99999464117294,0.3034516739626765
0.2261072261072261,1043298,0.17886260684866645,0.99999464117294,0.3034492066873404
0.22610722610722608,1043300,0.1788622639700949,0.99999464117294,0.30344871323708766
0.22608695652173913,1043457,0.17883535210363244,0.99999464117294,0.3034099823993041
0.22607655502392346,1043459,0.1788350093295472,0.99999464117294,0.30340948907661125
0.22604166666666667,1043461,0.17883466655677596,0.99999464117294,0.30340899575552266
0.22604166666666664,1043462,0.17883449517088307,0.99999464117294,0.3034087490955799
0.22604105571847508,1043468,0.17883346686242416,0.99999464117294,0.30340726914434557
0.22598039215686275,1043494,0.17882901099575083,0.99999464117294,0.3034008561891616
0.22596153846153846,1043498,0.17882832549750935,0.99999464117294,0.3033998696047333
0.22586580086580085,1043499,0.17882815412377012,0.99999464117294,0.30339962295962875
0.22583383025243492,1043505,0.17882712588823244,0.99999464117294,0.30339814309742275
0.22583333333333333,1043514,0.1788255835570965,0.99999464117294,0.30339592333118176
0.2258241758241758,1043558,0.1788180436544974,0.99999464117294,0.303385071608222
0.22576923076923078,1043567,0.17881650148001996,0.99999464117294,0.3033828520332473
0.22575757575757577,1043568,0.17881633012894224,0.99999464117294,0.3033826054158104
0.22572649572649572,1043570,0.17881598742777197,0.99999464117294,0.30338211218213945
0.22571847507331377,1043574,0.17881530202937213,0.99999464117294,0.30338112571960896
0.22571428571428573,1043621,0.17880724899173167,0.99999464117294,0.3033695352653855
0.22564102564102564,1043637,0.17880450769759984,0.99999464117294,0.30336558978089734
0.22564102564102562,1043641,0.1788038223872002,0.99999464117294,0.3033646034258105
0.22563089084828217,1043646,0.17880296575658797,0.99999464117294,0.30336337049097173
0.22555555555555556,1043664,0.17879988195434546,0.99999464117294,0.3033589320085314
0.22555555555555554,1043666,0.17879953931621803,0.99999464117294,0.303358438851833
0.22554347826086957,1043668,0.1787991966794038,0.99999464117294,0.303357945696738
0.22549634273772204,1043669,0.17879902536148914,0.99999464117294,0.30335769911979177
0.22549019607843138,1043677,0.1787976548299905,0.99999464117294,0.30335572651865217
0.2254761904761905,1043685,0.17879628431950254,0.99999464117294,0.3033537539431664
0.22545454545454546,1043689,0.17879559907213738,0.99999464117294,0.3033527676650435
0.22539682539682543,1043693,0.17879491383002474,0.99999464117294,0.30335178139333385
0.22539682539682537,1043746,0.17878583486787014,0.99999464117294,0.30333871389860156
0.2253846153846154,1043755,0.1787842932488946,0.99999464117294,0.30333649500188153
0.22535714285714287,1043759,0.17878360809343918,0.99999464117294,0.3033355088359814
0.22527472527472528,1043768,0.17878206651286493,0.99999464117294,0.3033332899861506
0.22526695526695525,1043772,0.1787813813744764,0.99999464117294,0.3033323038410897
0.22525252525252526,1043799,0.17877675682770341,0.99999464117294,0.3033256475296386
0.22523809523809524,1043803,0.17877607173001037,0.99999464117294,0.3033246614342687
0.22515151515151516,1043807,0.17877538663756806,0.99999464117294,0.30332367534531035
0.22512820512820514,1043809,0.17877504409331593,0.99999464117294,0.3033231823032354
0.22511363636363635,1043813,0.17877435900874966,0.99999464117294,0.3033221962238941
0.2250874125874126,1043821,0.17877298885536888,0.99999464117294,0.3033202240844453
0.22505050505050506,1043823,0.17877264632030526,0.99999464117294,0.3033197310535901
0.22501010101010102,1043827,0.17877196125411587,0.99999464117294,0.3033187449966882
0.225,1044141,0.1787181999365986,0.99999464117294,0.30324135952984727
0.22499999999999998,1044177,0.17871203828469695,0.99999464117294,0.3032324898337241
0.22493506493506496,1044183,0.17871101138401985,0.99999464117294,0.30323101160148225
0.22487179487179487,1044185,0.17871066908641667,0.99999464117294,0.3032305188606045
0.22484848484848485,1044187,0.17871032679012475,0.99999464117294,0.30323002612132804
0.22480769230769232,1044195,0.17870895761806943,0.99999464117294,0.303228055180236
0.22474747474747475,1044199,0.17870827303990905,0.99999464117294,0.30322706971929797
0.22463054187192116,1044228,0.17870331000509468,0.99999464117294,0.30321992531905145
0.22454954954954956,1044242,0.17870091415591405,0.99999464117294,0.303216476418735
0.22454545454545455,1044243,0.17870074302628794,0.99999464117294,0.3032162300717146
0.22445887445887447,1044244,0.1787005718969896,0.99999464117294,0.3032159837250945
0.22444444444444445,1044252,0.17869920287440197,0.99999464117294,0.3032140129665437
0.2243956043956044,1044256,0.17869851837097417,0.99999464117294,0.3032130275968751
0.22435897435897437,1044260,0.1786978338727903,0.99999464117294,0.30321204223361076
0.22432432432432434,1044299,0.1786911602903,0.99999464117294,0.30320243527740115
0.2243243243243243,1044301,0.17869081806873688,0.99999464117294,0.30320194262939015
0.22428571428571428,1044342,0.17868380281555277,0.99999464117294,0.3031918436979569
0.2242337164750958,1044346,0.17868311843009885,0.99999464117294,0.3031908584723718
0.22419258373205742,1044348,0.17868277623933784,0.99999464117294,0.30319036586198045
0.22416666666666668,1044352,0.17868209186174777,0.99999464117294,0.3031893806459998
0.22415458937198068,1044354,0.17868174967491865,0.99999464117294,0.30318888804041066
0.22412587412587415,1044366,0.17867969658146665,0.99999464117294,0.3031859324404902
0.22412280701754386,1044390,0.1786755905361024,0.99999464117294,0.30318002141351974
0.2240981240981241,1044392,0.17867524837417367,0.99999464117294,0.3031795288383428
0.2240229885057471,1044396,0.17867456405424761,0.99999464117294,0.30317854369279057
0.224,1044609,0.1786381315879913,0.99999464117294,0.3031260939379492
0.22396313364055298,1044638,0.1786331724482548,0.99999464117294,0.30311895429507996
0.22393457117595048,1044640,0.17863283044876704,0.99999464117294,0.30311846191831376
0.22388663967611336,1044644,0.1786321464537201,0.99999464117294,0.30311747716958026
0.22386363636363638,1044672,0.17862735863505483,0.99999464117294,0.3031105841075954
0.22384615384615386,1044723,0.1786186386247838,0.99999464117294,0.303098029693072
0.2238095238095238,1044764,0.178611629037754,0.99999464117294,0.30308793768251996
0.22375,1044767,0.1786111161627425,0.99999464117294,0.3030871992691097
0.22371794871794873,1044777,0.178609406600643,0.99999464117294,0.30308473791706086
0.2236985236985237,1044785,0.17860803897452585,0.99999464117294,0.303082768864205
0.2236842105263158,1044815,0.17860291056311403,0.99999464117294,0.30307538514385385
0.2236781609195402,1044819,0.1786022267971773,0.99999464117294,0.30307440067498925
0.22366071428571427,1044843,0.17859812431149943,0.99999464117294,0.303068493996107
0.22361111111111112,1044844,0.1785979533786862,0.99999464117294,0.3030682478894833
0.2235714285714286,1044846,0.1785976115140413,0.99999464117294,0.303067755677435
0.22353535353535353,1044848,0.1785972696507052,0.99999464117294,0.3030672634669855
0.2235294117647059,1044856,0.17859590221044813,0.99999464117294,0.30306529464117504
0.2235,1044860,0.178595218498172,0.99999464117294,0.30306431023786246
0.22337662337662337,1044870,0.17859350924038397,0.99999464117294,0.3030618492575588
0.22333333333333333,1044911,0.1785865016254973,0.99999464117294,0.30305175965616443
0.2233016983016983,1044915,0.17858581798519496,0.99999464117294,0.30305077534077723
0.22320197044334975,1044919,0.17858513435012666,0.99999464117294,0.3030497910317841
0.22310924369747898,1044950,0.1785798363558065,0.99999464117294,0.303042162853881
0.2230769230769231,1045222,0.17853336420396815,0.99999464117294,0.30297524820795074
0.2230434782608696,1045226,0.17853268097043126,0.99999464117294,0.30297426438952
0.22303030303030302,1045228,0.17853233935562385,0.99999464117294,0.30297377248270063
0.223030303030303,1045230,0.17853199774212375,0.99999464117294,0.3029732805774786
0.22301587301587303,1045234,0.1785313145190455,0.99999464117294,0.30297229677182624
0.222989010989011,1045238,0.17853063130119648,0.99999464117294,0.30297131297256313
0.22294372294372294,1045242,0.1785299480885766,0.99999464117294,0.3029703291796891
0.22293224017361948,1045254,0.17852789848209144,0.99999464117294,0.30296737783940086
0.22288961038961042,1045262,0.1785265321039127,0.99999464117294,0.3029654103111529
0.22285714285714286,1045270,0.1785251657466492,0.99999464117294,0.30296344280845994
0.22285714285714284,1045282,0.17852311624996892,0.99999464117294,0.3029604916023346
0.2228448275862069,1045284,0.17852277467176383,0.99999464117294,0.30295999974023696
0.22277777777777777,1045290,0.17852174994499134,0.99999464117294,0.30295852416352653
0.22272727272727272,1045304,0.1785193589616035,0.99999464117294,0.3029550812070992
0.22264957264957264,1045308,0.1785186758352562,0.99999464117294,0.30295409751963603
0.22261904761904763,1045357,0.17851030796177766,0.99999464117294,0.3029420478666196
0.2226190476190476,1045371,0.17850791728486826,0.99999464117294,0.302938605284668
0.2225874125874126,1045372,0.17850774652468213,0.99999464117294,0.3029383593889511
0.2225,1045392,0.17850433138956487,0.99999464117294,0.30293344155844154
0.22243589743589742,1045396,0.17850364837822222,0.99999464117294,0.3029324580115
0.2224242424242424,1045404,0.17850228237121726,0.99999464117294,0.3029304909367766
0.22239382239382238,1045416,0.1785002333999097,0.99999464117294,0.3029275403725902
0.22238961038961041,1045420,0.1784995504199269,0.99999464117294,0.30292655686396736
0.22233893557422968,1045421,0.17849937967574786,0.99999464117294,0.30292631098780953
0.22230769230769232,1045430,0.17849784299283547,0.99999464117294,0.30292409812035015
0.22223214285714285,1045432,0.17849750151133695,0.99999464117294,0.30292360637641635
0.22222222222222224,1045708,0.17845038959250575,0.99999464117294,0.3028557610223352
0.2222222222222222,1046017,0.1783976742251799,0.99999464117294,0.3027798397728425
0.22218045112781953,1046027,0.17839596874650462,0.99999464117294,0.30277738341033644
0.2220779220779221,1046031,0.17839528656416492,0.99999464117294,0.30277640087649343
0.22197802197802197,1046037,0.17839426330043776,0.99999464117294,0.30277492708768544
0.22196969696969698,1046098,0.17838386078550958,0.99999464117294,0.302759944382521
0.22195121951219512,1046110,0.17838181453193258,0.99999464117294,0.302756997139654
0.22194805194805195,1046113,0.17838130297587354,0.99999464117294,0.3027562603379029
0.2219047619047619,1046115,0.17838096194013087,0.99999464117294,0.3027557691387278
0.22182539682539681,1046118,0.17838045038896186,0.99999464117294,0.30275503234295376
0.22178571428571428,1046120,0.1783801093564792,0.99999464117294,0.3027545411477633
0.22168067226890756,1046124,0.17837942729542577,0.99999464117294,0.302753558762164
0.22166666666666668,1046129,0.17837857472644386,0.99999464117294,0.3027523307891302
0.2216374269005848,1046130,0.17837840421362547,0.99999464117294,0.30275208519571883
0.22158730158730156,1046132,0.1783780631889666,0.99999464117294,0.30275159401009133
0.221455938697318,1046136,0.1783773811435607,0.99999464117294,0.30275061164361783
0.22142857142857145,1046370,0.1783374905626117,0.99999464117294,0.302693154297968
0.22142857142857142,1046378,0.17833612709747337,0.99999464117294,0.3026911903298172
0.22137681159420292,1046444,0.17832487930553378,0.99999464117294,0.30267498856495917
0.22136363636363637,1046446,0.17832453848550237,0.99999464117294,0.30267449762946314
0.22133995037220844,1046448,0.17832419766677368,0.99999464117294,0.3026740066955596
0.2212121212121212,1046454,0.17832317521840424,0.99999464117294,0.3026725339034047
0.22115884115884116,1046462,0.17832181197214997,0.99999464117294,0.30267057020282706
0.2211111111111111,1046467,0.17832095995382558,0.99999464117294,0.30266934290290526
0.22109929078014184,1046471,0.1783202783450282,0.99999464117294,0.3026683610701342
0.22108695652173913,1046474,0.1783197671418497,0.99999464117294,0.3026676246997361
0.220989010989011,1046478,0.178319085542171,0.99999464117294,0.30266664287811235
0.22098039215686271,1046482,0.17831840394770287,0.99999464117294,0.30266566106285836
0.22096525096525096,1046483,0.1783182335499,0.99999464117294,0.3026654156100402
0.22095238095238096,1046485,0.1783178927552712,0.99999464117294,0.302664924705598
0.22093023255813954,1046498,0.17831567762193526,0.99999464117294,0.3026617338655395
0.22090909090909092,1046540,0.17830852141341946,0.99999464117294,0.3026514254574471
0.2208928571428571,1046544,0.178307839899708,0.99999464117294,0.30265044374091765
0.22083333333333335,1046645,0.17829063340483162,0.99999464117294,0.30262565750904313
0.2208253968253968,1046649,0.1782899520278527,0.99999464117294,0.30262467595967424
0.22082101806239737,1046653,0.17828927065608183,0.99999464117294,0.3026236944166726
0.2206896551724138,1046928,0.1782424388305595,0.99999464117294,0.30255622859811143
0.22067736185383244,1046932,0.17824175782190246,0.99999464117294,0.3025552474990677
0.22055944055944057,1046936,0.17824107681844928,0.99999464117294,0.3025542664063868
0.22055137844611528,1046938,0.17824073631867407,0.99999464117294,0.3025537758624323
0.2205128205128205,1046942,0.1782400553230265,0.99999464117294,0.3025527947792956
0.2204861111111111,1046946,0.17823937433258258,0.99999464117294,0.3025518137025213
0.22045454545454546,1046961,0.1782368206647621,0.99999464117294,0.30254813472128433
0.22043650793650793,1046962,0.17823665042284248,0.99999464117294,0.30254788945904976
0.22033333333333335,1047058,0.17822030871260236,0.99999464117294,0.30252434613582607
0.22020202020202018,1047060,0.17821996829217046,0.99999464117294,0.3025238556888888
0.2201731601731602,1047064,0.1782192874552081,0.99999464117294,0.30252287479978474
0.22000000000000003,1047072,0.17821792579688886,0.99999464117294,0.3025209130406588
0.22,1047341,0.17817215214528984,0.99999464117294,0.30245496369785135
0.21999999999999997,1047458,0.17815225049596262,0.99999464117294,0.30242628838327934
0.21996655518394653,1047460,0.1781519103354782,0.99999464117294,0.3024257982542291
0.2199346405228758,1047462,0.1781515701762928,0.99999464117294,0.30242530812676754
0.2199023199023199,1047468,0.1781505497065304,0.99999464117294,0.3024238377539146
0.21987179487179487,1047530,0.17814000553683426,0.99999464117294,0.3024086447382708
0.21985119047619048,1047534,0.17813932531068205,0.99999464117294,0.3024076645961324
0.2197387669801463,1047538,0.17813864508972466,0.99999464117294,0.3024066844603475
0.21971014492753624,1047542,0.1781379648739621,0.99999464117294,0.302405704330916
0.21969696969696972,1047544,0.17813762476802883,0.99999464117294,0.3024052142685828
0.2196969696969697,1047548,0.17813694456005835,0.99999464117294,0.30240423414868134
0.21969696969696967,1047550,0.1781366044580211,0.99999464117294,0.30240374409111315
0.21964285714285714,1047552,0.1781362643572825,0.99999464117294,0.30240325403513324
0.2195804195804196,1047560,0.17813490396731452,0.99999464117294,0.30240129382709646
0.219493006993007,1047564,0.17813422378012225,0.99999464117294,0.30240031373260773
0.21944444444444444,1047681,0.17811433060254028,0.99999464117294,0.3023716487791757
0.21940711462450593,1047685,0.1781136505724526,0.99999464117294,0.3023706688768388
0.21935483870967742,1047898,0.17807744646902657,0.99999464117294,0.30231849824950224
0.2193548387096774,1047902,0.17807676672055212,0.99999464117294,0.30231751869162665
0.21932432432432433,1047906,0.17807608697726704,0.99999464117294,0.30231653914009887
0.21921921921921922,1047908,0.17807574710757051,0.99999464117294,0.3023160493667154
0.21916666666666668,1047912,0.1780750673720694,0.99999464117294,0.3023150698247092
0.21914529914529915,1047916,0.17807438764175754,0.99999464117294,0.30231409028905065
0.21907894736842104,1047920,0.17807370791663485,0.99999464117294,0.3023131107597397
0.21904761904761905,1048008,0.17805875527667728,0.99999464117294,0.3022915627207164
0.21903225806451612,1048010,0.1780584154731348,0.99999464117294,0.30229107302825653
0.21901807869549805,1048014,0.17805773586994067,0.99999464117294,0.3022900936480964
0.218974358974359,1048021,0.17805654657683387,0.99999464117294,0.30228837974808626
0.21886363636363637,1048025,0.17805586698790582,0.99999464117294,0.30228740038537766
0.21877828054298643,1048029,0.17805518740416534,0.99999464117294,0.302286421029015
0.21875,1049002,0.17789003262148212,0.99999464117294,0.3020483809616303
0.2187179487179487,1049010,0.1778886759897427,0.99999464117294,0.3020464253515245
0.21868131868131868,1049011,0.1778885064122302,0.99999464117294,0.30204618090204177
0.21867816091954023,1049110,0.17787171983872044,0.99999464117294,0.3020219823616715
0.21866666666666668,1049112,0.17787138074867126,0.99999464117294,0.3020214935422264
0.2185344827586207,1049116,0.17787070257245147,0.99999464117294,0.30202051590808304
0.2183982683982684,1049120,0.1778700244014031,0.99999464117294,0.3020195382802688
0.2183838383838384,1049122,0.17786968531781813,0.99999464117294,0.30201904946873503
0.21836363636363637,1049130,0.17786832899640653,0.99999464117294,0.30201709423842266
0.21833333333333335,1049202,0.17785612303445858,0.99999464117294,0.30199949830475564
0.21829937304075236,1049204,0.17785578400387342,0.99999464117294,0.3019990095580881
0.21826923076923077,1049220,0.17785307180572235,0.99999464117294,0.3019950996416977
0.21821428571428572,1049222,0.17785273278676964,0.99999464117294,0.30199461090926744
0.21820512820512822,1049224,0.17785239376910936,0.99999464117294,0.3019941221784191
0.2181818181818182,1049460,0.17781239875745622,0.99999464117294,0.3019364630424864
0.2181512605042017,1049464,0.17781172103092627,0.99999464117294,0.30193548595874675
0.21809954751131225,1049466,0.17781138216959863,0.99999464117294,0.30193499741924834
0.21801075268817205,1049560,0.17779545714394604,0.99999464117294,0.3019120378459886
0.21787878787878787,1049562,0.1777951183446047,0.99999464117294,0.30191154938236653
0.21786865308604442,1049564,0.17779477954655457,0.99999464117294,0.301911060920325
0.21785353535353535,1049566,0.17779444074979564,0.99999464117294,0.3019105724598641
0.2177304964539007,1049570,0.1777937631601513,0.99999464117294,0.30190959554368385
0.21770833333333334,1049622,0.1777849549647397,0.99999464117294,0.3018968962086343
0.21764705882352942,1049890,0.1777395727171418,0.99999464117294,0.30183146272780065
0.21764543700027572,1049894,0.17773889554564556,0.99999464117294,0.30183048632351583
0.21763736263736264,1049898,0.17773821837930923,0.99999464117294,0.3018295099255483
0.21763196480938418,1049902,0.17773754121813273,0.99999464117294,0.3018285335338978
0.2176190476190476,1049908,0.17773652548604257,0.99999464117294,0.30182706895826655
0.21752136752136753,1049912,0.17773584833776546,0.99999464117294,0.30182609258240867
0.21751552795031054,1049916,0.17773517119464796,0.99999464117294,0.30182511621286773
0.2174747474747475,1049928,0.1777331397962527,0.99999464117294,0.3018221871421455
0.21742424242424244,1049967,0.17772653807214894,0.99999464117294,0.30181266805490975
0.21738095238095237,1049973,0.1777255224658158,0.99999464117294,0.30181120363324365
0.2173160173160173,1049987,0.17772315276284373,0.99999464117294,0.30180778670462033
0.2173076923076923,1049997,0.17772146015655282,0.99999464117294,0.30180534608868637
0.2173015873015873,1050001,0.1777207831230637,0.99999464117294,0.3018043698533651
0.21726190476190477,1050015,0.17771841354647314,0.99999464117294,0.3018009530794753
0.21722222222222223,1050023,0.17771705953107694,0.99999464117294,0.301799000671987
0.21715686274509804,1050060,0.17771079747823934,0.99999464117294,0.3017899711159341
0.21714285714285714,1050197,0.17768761479988993,0.99999464117294,0.3017565420579639
0.21711111111111112,1050199,0.17768727641142298,0.99999464117294,0.3017560540973653
0.21705882352941175,1050203,0.17768659963835562,0.99999464117294,0.30175507818090236
0.21694139194139195,1050207,0.17768592287044363,0.99999464117294,0.3017541022707519
0.2169047619047619,1050258,0.17767729453143893,0.99999464117294,0.30174165996963287
0.21688963210702342,1050259,0.17767712535669772,0.99999464117294,0.3017414160132011
0.21685714285714283,1050261,0.17767678700818176,0.99999464117294,0.30174092810152087
0.2168253968253968,1050262,0.17767661783440702,0.99999464117294,0.3017406841462724
0.21677350427350428,1050264,0.17767627948782402,0.99999464117294,0.3017401962369591
0.21676190476190477,1050270,0.17767526445580661,0.99999464117294,0.3017387325184861
0.21672727272727274,1050271,0.17767509528493122,0.99999464117294,0.30173848856678787
0.21666666666666667,1050774,0.1775900431491453,0.99999464117294,0.30161583084286014
0.21666666666666665,1050780,0.17758902910219077,0.99999464117294,0.30161436833070954
0.2166183574879227,1050782,0.17758869108911268,0.99999464117294,0.3016138808298111
0.21660049627791564,1050784,0.17758835307732132,0.99999464117294,0.30161339333048864
0.21653225806451612,1050788,0.17758767705759868,0.99999464117294,0.30161241833657126
0.21644144144144145,1050802,0.1775853110290997,0.99999464117294,0.3016090059075004
0.21642857142857144,1050804,0.17758497303017498,0.99999464117294,0.30160851842393643
0.21642857142857141,1050806,0.17758463503253694,0.99999464117294,0.30160803094194827
0.21641025641025644,1050810,0.17758395904112065,0.99999464117294,0.30160705598269943
0.21636363636363637,1050830,0.17758057916123446,0.99999464117294,0.3016021812810015
0.21634408602150537,1050838,0.17757922724530328,0.99999464117294,0.3016002314444428
0.2163076923076923,1050842,0.17757855129505673,0.99999464117294,0.30159925653561753
0.21627350427350428,1050846,0.17757787534995614,0.99999464117294,0.3015982816330951
0.2162280701754386,1050862,0.17757517162101208,0.99999464117294,0.3015943820860304
0.21621621621621623,1050955,0.17755945782645308,0.99999464117294,0.30157171796506516
0.2160737812911726,1050966,0.17755759938951401,0.99999464117294,0.3015690374878593
0.21607378129117258,1050972,0.17755658571303518,0.99999464117294,0.3015675754294672
0.21607142857142858,1050976,0.177555909935146,0.99999464117294,0.30156660073174835
0.21606782106782105,1050978,0.1775555720481304,0.99999464117294,0.30156611338525163
0.21604105571847507,1050982,0.17755489627795717,0.99999464117294,0.30156513869698365
0.2160294117647059,1050986,0.17755422051292785,0.99999464117294,0.30156416401501623
0.21602564102564104,1050998,0.17755219324870267,0.99999464117294,0.3015612400069166
0.21601398601398603,1051000,0.17755185537583254,0.99999464117294,0.30156075267774607
0.2159919028340081,1051004,0.17755117963395,0.99999464117294,0.3015597780241303
0.21594155844155846,1051008,0.17755050389721105,0.99999464117294,0.3015588033768148
0.21587301587301588,1051010,0.1775501660307704,0.99999464117294,0.3015583160555195
0.21587301587301586,1051016,0.17754915243916364,0.99999464117294,0.301556854101084
0.21584615384615385,1051020,0.17754847671785504,0.99999464117294,0.30155587947266865
0.21583333333333335,1051024,0.1775478010016898,0.99999464117294,0.3015549048505533
0.21583333333333332,1051025,0.17754763207345212,0.99999464117294,0.3015546611960089
0.21578947368421053,1051367,0.17748987746429173,0.99999464117294,0.30147135442961287
0.2157894736842105,1051371,0.17748920219408754,0.99999464117294,0.30147038035378626
0.21576576576576578,1051373,0.17748886456091226,0.99999464117294,0.3014698933182335
0.21573863636363635,1051381,0.17748751404105648,0.99999464117294,0.3014679451917586
0.21571428571428572,1051385,0.17748683878883567,0.99999464117294,0.30146697113796284
0.21568965517241379,1051387,0.17748650116465203,0.99999464117294,0.3014664841134253
0.21565040650406506,1051391,0.17748582592013817,0.99999464117294,0.3014655100690712
0.21553030303030304,1051395,0.17748515068076223,0.99999464117294,0.3014645360310112
0.21553030303030302,1051403,0.17748380021742377,0.99999464117294,0.30146258797377407
0.21549019607843137,1051404,0.17748363141095144,0.99999464117294,0.3014623444683896
0.2154761904761905,1051412,0.17748228097073268,0.99999464117294,0.3014603964394759
0.21547619047619046,1051421,0.17748076175005065,0.99999464117294,0.30145820493704106
0.21545454545454545,1051425,0.17748008654920702,0.99999464117294,0.30145723094618637
0.21539682539682542,1051429,0.17747941135350082,0.99999464117294,0.30145625696162553
0.2153846153846154,1051503,0.17746692115952117,0.99999464117294,0.301438239382414
0.21533333333333332,1051504,0.17746675238515497,0.99999464117294,0.30143799591636294
0.2152895752895753,1051505,0.17746658361110978,0.99999464117294,0.3014377524507052
0.21515151515151515,1051508,0.1774660772909003,0.99999464117294,0.3014370220560917
0.21510673234811165,1051511,0.17746557097357993,0.99999464117294,0.3014362916650177
0.21506493506493507,1051515,0.17746489588831352,0.99999464117294,0.3014353178157582
0.21505494505494505,1051519,0.17746422080818322,0.99999464117294,0.3014343439727912
0.21503030303030302,1051521,0.17746388327004406,0.99999464117294,0.30143385705366726
0.21500000000000002,1051911,0.17739808786104527,0.99999464117294,0.30133893787660904
0.215,1051921,0.1773964014407926,0.99999464117294,0.3013365048375936
0.21495726495726494,1051923,0.1773960641605897,0.99999464117294,0.30133601823450523
0.21493506493506495,1051937,0.17739370323507966,0.99999464117294,0.3013326120568893
0.21493055555555557,1051941,0.17739302869647633,0.99999464117294,0.30133163887742836
0.21487179487179486,1051946,0.17739218553043598,0.99999464117294,0.3013304224119417
0.21476190476190476,1051954,0.1773908364814431,0.99999464117294,0.3013284760875919
0.21472222222222223,1051956,0.17739049922240094,0.99999464117294,0.30132798951043305
0.21468253968253967,1051962,0.17738948745296884,0.99999464117294,0.30132652978838503
0.21463768115942028,1051966,0.17738881294642603,0.99999464117294,0.30132555664821
0.21463414634146344,1051996,0.1773837543108529,0.99999464117294,0.30131825829724435
0.21456876456876456,1052004,0.17738240539009356,0.99999464117294,0.3013163121300294
0.21452991452991454,1052012,0.17738105648984992,0.99999464117294,0.30131436598795436
0.214472049689441,1052020,0.17737970761012148,0.99999464117294,0.3013124198710186
0.21444444444444444,1052047,0.17737515529249168,0.99999464117294,0.30130585191195286
0.21443932411674346,1052051,0.1773744808949376,0.99999464117294,0.3013048789053323
0.2142857142857143,1052567,0.17728752658975627,0.99999464117294,0.30117941372283974
0.21428571428571427,1053838,0.1770737058257531,0.99999464117294,0.30087081581947134
0.2141880341880342,1053842,0.17707303371852706,0.99999464117294,0.300869845620541
0.21415584415584416,1053843,0.17707286569251776,0.99999464117294,0.300869603071786
0.21414141414141413,1053847,0.17707219359166937,0.99999464117294,0.30086863288067683
0.21404761904761904,1053849,0.17707185754315846,0.99999464117294,0.3008681477874686
0.21404761904761901,1053853,0.17707118544996314,0.99999464117294,0.30086717760574494
0.2139705882352941,1053857,0.17707051336186977,0.99999464117294,0.3008662074302781
0.21396103896103896,1053861,0.17706984127887834,0.99999464117294,0.30086523726106823
0.21395604395604395,1053865,0.17706916920098875,0.99999464117294,0.300864267098115
0.21395348837209305,1053867,0.17706883316395713,0.99999464117294,0.3008637820189847
0.21392857142857144,1053871,0.1770681610937202,0.99999464117294,0.3008628118654165
0.2138888888888889,1053886,0.17706564087576834,0.99999464117294,0.3008591738452584
0.21379928315412186,1053890,0.17706496882976402,0.99999464117294,0.3008582037214087
0.21377777777777776,1053894,0.17706429678886113,0.99999464117294,0.3008572336038153
0.21375,1053898,0.1770636247530596,0.99999464117294,0.30085626349247807
0.21373626373626375,1053908,0.1770619446858739,0.99999464117294,0.3008538382415059
0.2136781609195402,1053914,0.17706093666086606,0.99999464117294,0.3008523831096909
0.21365079365079365,1053916,0.17706060065508067,0.99999464117294,0.3008518980688806
0.21363636363636365,1054627,0.17694123135478232,0.99999464117294,0.3006795651105552
0.21363636363636362,1054629,0.17694089580316869,0.99999464117294,0.30067908062682625
0.21358695652173912,1054633,0.1769402247037595,0.99999464117294,0.30067811166405234
0.21358543417366946,1054637,0.17693955360944097,0.99999464117294,0.3006771427075235
0.21350649350649348,1054641,0.17693888252021303,0.99999464117294,0.30067617375723965
0.21342857142857144,1054643,0.17693854697750802,0.99999464117294,0.3006756892844396
0.21337513061650992,1054647,0.1769378758959159,0.99999464117294,0.3006747203435233
0.2133751306165099,1054651,0.1769372048194142,0.99999464117294,0.30067375140885183
0.21333333333333335,1054660,0.17693569491589706,0.99999464117294,0.3006715713286736
0.21333333333333332,1054739,0.17692244242414473,0.99999464117294,0.3006524364259147
0.21322537112010795,1054743,0.17692177146470753,0.99999464117294,0.3006514676348591
0.21322115384615384,1054747,0.17692110051035936,0.99999464117294,0.3006504988500469
0.2131818181818182,1054750,0.1769205972979379,0.99999464117294,0.300649772265535
0.21315987933634992,1054754,0.17691992635249545,0.99999464117294,0.30064880349164863
0.21304347826086958,1055480,0.17679823397885322,0.99999464117294,0.3004730743715421
0.21304347826086956,1055490,0.17679655894418705,0.99999464117294,0.3004706552945098
0.21301075268817204,1055492,0.17679622394106256,0.99999464117294,0.30047017148377747
0.21301075268817202,1055496,0.17679555393862223,0.99999464117294,0.300469203866987
0.21299734748010613,1055498,0.1767952189393064,0.99999464117294,0.3004687200609288
0.21296703296703295,1055500,0.17679488394126006,0.99999464117294,0.3004682362564286
0.21285714285714286,1055601,0.17677796819063263,0.99999464117294,0.30044380615500293
0.2127197802197802,1055605,0.17677729832655206,0.99999464117294,0.30044283870801547
0.2127077223851417,1055609,0.17677662846754813,0.99999464117294,0.30044187126725846
0.21265734265734265,1055611,0.17677629353994984,0.99999464117294,0.30044138754921634
0.21264445232187165,1055615,0.1767756236885607,0.99999464117294,0.300440420117805
0.21261487050960734,1055617,0.1767752887647698,0.99999464117294,0.30043993640443556
0.21259615384615385,1055621,0.17677461892099533,0.99999464117294,0.3004389689823696
0.2125874125874126,1055730,0.17675636763187558,0.99999464117294,0.3004126091289166
0.21250000000000002,1056683,0.17659695481047769,0.99999464117294,0.3001823386479915
0.2125,1056690,0.17659578495112097,0.99999464117294,0.300180648565348
0.21244755244755248,1056692,0.17659545070843727,0.99999464117294,0.3001801656880882
0.2124175824175824,1056696,0.17659478222686562,0.99999464117294,0.3001791999382291
0.212405303030303,1056700,0.1765941137503549,0.99999464117294,0.3001782341945841
0.21238095238095236,1056704,0.17659344527890497,0.99999464117294,0.30017726845715315
0.21236559139784947,1056708,0.17659277681251584,0.99999464117294,0.3001763027259361
0.2123076923076923,1056711,0.1765922754660451,0.99999464117294,0.3001755784316012
0.2123015873015873,1056715,0.17659160700851223,0.99999464117294,0.3001746127112585
0.21212121212121213,1056719,0.17659093855603997,0.99999464117294,0.30017364699712945
0.21209307933445865,1056723,0.17659027010862827,0.99999464117294,0.3001726812892142
0.21209150326797382,1056727,0.1765896016662771,0.99999464117294,0.30017171558751266
0.21201149425287358,1056731,0.17658893322898636,0.99999464117294,0.3001707498920246
0.21200000000000002,1057642,0.17643682834078073,0.99999464117294,0.29995097448262004
0.212,1057647,0.17643599424004416,0.99999464117294,0.2999497691389627
0.21190476190476193,1057650,0.1764354937833877,0.99999464117294,0.2999490459374181
0.2119047619047619,1057657,0.17643432606223,0.99999464117294,0.29994735848070947
0.21188940092165898,1057661,0.17643365879993683,0.99999464117294,0.2999463942282577
0.21185483870967742,1057665,0.17643299154269074,0.99999464117294,0.2999454299820056
0.21185383244206774,1057669,0.17643232429049163,0.99999464117294,0.299944465741953
0.2118253968253968,1057671,0.1764319906662847,0.99999464117294,0.2999439836242515
0.21181818181818182,1057675,0.176431323421656,0.99999464117294,0.2999430193934981
0.2118007662835249,1057679,0.17643065618207415,0.99999464117294,0.2999420551689442
0.21177339901477832,1057685,0.17642965533216412,0.99999464117294,0.29994060884373697
0.21166666666666667,1057689,0.17642898810519916,0.99999464117294,0.29993964463468126
0.21166666666666664,1057691,0.1764286544936092,0.99999464117294,0.29993916253247815
0.21165209790209794,1057695,0.17642798727421422,0.99999464117294,0.29993819833272123
0.2116017316017316,1057703,0.17642665285056391,0.99999464117294,0.29993626995180467
0.21153846153846156,1058629,0.17627232958855274,0.99999464117294,0.2997132272812324
0.21153846153846154,1058633,0.17627166355101342,0.99999464117294,0.29971226453353206
0.2115384615384615,1058641,0.17627033149103427,0.99999464117294,0.29971033905668665
0.2115,1058645,0.1762696654685943,0.99999464117294,0.29970937632754147
0.21142857142857144,1058647,0.17626933245926169,0.99999464117294,0.29970889496528824
0.21141414141414142,1058651,0.1762686664443712,0.99999464117294,0.2997079322454204
0.21136363636363636,1058652,0.17626849994143495,0.99999464117294,0.29970769156641985
0.21121621621621622,1058658,0.17626750093042323,0.99999464117294,0.29970624750053404
0.21116666666666667,1058662,0.17626683492937312,0.99999464117294,0.2997052847976744
0.21114285714285713,1058666,0.17626616893335575,0.99999464117294,0.2997043221009995
0.21113841113841114,1058670,0.1762655029423711,0.99999464117294,0.29970335941050913
0.2111111111111111,1059674,0.17609849821737628,0.99999464117294,0.2994619195334603
0.21111111111111108,1059694,0.17609517464475594,0.99999464117294,0.2994571139258382
0.21110599078341014,1059698,0.1760945099452863,0.99999464117294,0.299456152822822
0.21107226107226107,1059706,0.176093180561401,0.99999464117294,0.2994542306352974
0.21107142857142858,1059710,0.1760925158769852,0.99999464117294,0.2994532695507888
0.2110576923076923,1059718,0.17609118652320713,0.99999464117294,0.2994513474002789
0.210979020979021,1059722,0.1760905218538447,0.99999464117294,0.2994503863342774
0.2109250398724083,1059726,0.17608985718949993,0.99999464117294,0.2994494252744449
0.21090909090909088,1059732,0.17608886020239078,0.99999464117294,0.29944798369626263
0.21083333333333332,1059734,0.17608852787586318,0.99999464117294,0.29944750317328633
0.21080357142857142,1059738,0.1760878632265711,0.99999464117294,0.29944654213196015
0.21076923076923076,1059742,0.17608719858229643,0.99999464117294,0.29944558109680264
0.21071428571428572,1060641,0.1759379469584902,0.99999464117294,0.2992297448224051
0.2107142857142857,1060651,0.1759362881852749,0.99999464117294,0.2992273457237029
0.21064856711915536,1060655,0.1759356246847467,0.99999464117294,0.29922638609499363
0.21057692307692308,1060668,0.17593346834259166,0.99999464117294,0.29922326734419646
0.21057142857142858,1060672,0.17593280486333193,0.99999464117294,0.2992223077416459
0.21055555555555555,1060676,0.1759321413890764,0.99999464117294,0.29922134814525003
0.2104895104895105,1060684,0.17593081445557773,0.99999464117294,0.29921942897092263
0.21046594982078853,1060688,0.17593015099633447,0.99999464117294,0.29921846939299096
0.2103896103896104,1060704,0.17592749720940054,0.99999464117294,0.29921463114280944
0.2103846153846154,1060708,0.17592683377517657,0.99999464117294,0.29921367159565015
0.2103448275862069,1061564,0.17578497386874462,0.99999464117294,0.29900846998650826
0.21034482758620687,1061568,0.17578431150901308,0.99999464117294,0.29900751176116186
0.21033411033411034,1061572,0.1757836491542731,0.99999464117294,0.2990065535419571
0.21029059829059832,1061580,0.17578232445976752,0.99999464117294,0.299004637121972
0.21027777777777779,1061584,0.17578166212000182,0.99999464117294,0.2990036789211916
0.2101470588235294,1061586,0.1757813309519907,0.99999464117294,0.2990031998231044
0.21010989010989012,1061590,0.17578066861971195,0.99999464117294,0.299002241631536
0.21000000000000002,1062290,0.175664837285487,0.99999464117294,0.29883465262975833
0.21,1062294,0.17566417583079638,0.99999464117294,0.29883369551814315
0.20999999999999996,1062298,0.17566351438108704,0.99999464117294,0.2988327384126587
0.20995475113122172,1062316,0.17566053791903727,0.99999464117294,0.2988284315138471
0.20993589743589744,1062320,0.17565987649672415,0.99999464117294,0.2988274744420815
0.2098688750862664,1062334,0.1756575615578528,0.99999464117294,0.29882412473917924
0.20980392156862746,1062336,0.17565723085728055,0.99999464117294,0.2988236462163235
0.20977272727272728,1062340,0.1756565694598716,0.99999464117294,0.2988226891752098
0.20972222222222223,1062344,0.1756559080674433,0.99999464117294,0.29882173214022634
0.2096825396825397,1062348,0.17565524667999563,0.99999464117294,0.29882077511137306
0.20967741935483872,1062978,0.175551140287005,0.99999464117294,0.29867011954359285
0.2096774193548387,1062984,0.17555014939077163,0.99999464117294,0.2986686854589337
0.2096590909090909,1062988,0.17554948879949728,0.99999464117294,0.2986677294101454
0.2096153846153846,1062990,0.17554915850572442,0.99999464117294,0.2986672513880464
0.20954954954954955,1062994,0.17554849792190735,0.99999464117294,0.2986662953484389
0.2095238095238095,1063002,0.17554717676918763,0.99999464117294,0.2986643832875857
0.20945054945054947,1063008,0.17554618591769772,0.99999464117294,0.29866294925801207
0.20942028985507247,1063016,0.17554486479977724,0.99999464117294,0.2986610372400018
0.209375,1063515,0.17546249935355873,0.99999464117294,0.29854182348456915
0.20937499999999998,1063519,0.17546183942176868,0.99999464117294,0.29854086824778603
0.20934065934065935,1063523,0.17546117949494275,0.99999464117294,0.2985399130171158
0.20931372549019608,1063525,0.1754608495333913,0.99999464117294,0.298539435404073
0.2092929292929293,1063529,0.17546018961401147,0.99999464117294,0.298538480182572
0.2092857142857143,1063533,0.1754595296995956,0.99999464117294,0.2985375249671837
0.20928571428571427,1063535,0.17545919974424914,0.99999464117294,0.2985370473617819
0.20924242424242426,1063539,0.17545853983727913,0.99999464117294,0.2985360921555625
0.20912087912087912,1063543,0.17545787993527295,0.99999464117294,0.29853513695545575
0.2090909090909091,1063955,0.17538993660446164,0.99999464117294,0.2984367840724537
0.20909090909090908,1063969,0.17538762877489852,0.99999464117294,0.29843344312265463
0.2090719696969697,1063973,0.17538696940617854,0.99999464117294,0.2984324885793083
0.20904761904761907,1063977,0.17538631004241634,0.99999464117294,0.2984315340420683
0.20897435897435898,1063979,0.17538598036239436,0.99999464117294,0.2984310567757381
0.20897435897435895,1063983,0.1753853210060687,0.99999464117294,0.2984301022476573
0.20892857142857144,1063985,0.17538499132976498,0.99999464117294,0.2984296249859067
0.20892307692307693,1063989,0.17538433198087575,0.99999464117294,0.29842867046698496
0.20888888888888887,1063991,0.1753840023082902,0.99999464117294,0.29842819320981384
0.20884615384615385,1063993,0.17538367263694404,0.99999464117294,0.2984277159541692
0.2088302378624959,1063999,0.17538268363034176,0.99999464117294,0.2984262841963942
0.2088274044795784,1064003,0.17538202429880367,0.99999464117294,0.2984253296988432
0.20882539682539683,1064015,0.17538004633393325,0.99999464117294,0.29842246624282454
0.2088235294117647,1064437,0.17531051626352712,0.99999464117294,0.2983218029727148
0.2086466165413534,1064438,0.1753103515658028,0.99999464117294,0.29832156451481395
0.20863636363636365,1064440,0.17531002217128255,0.99999464117294,0.298321087600156
0.20863247863247864,1064444,0.17530936338595549,0.99999464117294,0.29832013377541455
0.20858695652173914,1064446,0.17530903399514866,0.99999464117294,0.29831965686533113
0.20857142857142857,1064718,0.1752642483737478,0.99999464117294,0.29825481129617704
0.20857142857142855,1064726,0.1752629314959905,0.99999464117294,0.2982529045003172
0.20852390852390854,1064730,0.1752622730645328,0.99999464117294,0.2982519511115302
0.20846153846153848,1064738,0.17526095621645887,0.99999464117294,0.29825004435224156
0.20846153846153845,1064742,0.1752602977998426,0.99999464117294,0.2982490909817397
0.2083838383838384,1064744,0.17525996859338958,0.99999464117294,0.2982486142987744
0.20836385836385835,1064751,0.17525881638054344,0.99999464117294,0.29824694592039536
0.20833333333333334,1067153,0.17486433529212775,0.99999464117294,0.29767555379374533
0.20833333333333331,1067159,0.17486335213403065,0.99999464117294,0.29767412924410996
0.20824175824175822,1067162,0.17486286055912786,0.99999464117294,0.2976734169744052
0.20822616407982264,1067164,0.17486253284406145,0.99999464117294,0.29767294212982903
0.20818965517241378,1067167,0.17486204127376503,0.99999464117294,0.29767222986580527
0.20815018315018313,1067171,0.17486138585100233,0.99999464117294,0.29767128018574246
0.20812260536398466,1067175,0.17486073043315295,0.99999464117294,0.29767033051173925
0.20810810810810812,1067332,0.17483500916303454,0.99999464117294,0.2976330605930108
0.2081081081081081,1067336,0.17483435394290084,0.99999464117294,0.297632111162859
0.20809716599190284,1067343,0.17483320731948399,0.99999464117294,0.2976304496746683
0.20809523809523808,1067345,0.1748328797155559,0.99999464117294,0.2976299749671638
0.20804347826086958,1067368,0.1748291123586242,0.99999464117294,0.297624515939699
0.20802139037433154,1067372,0.17482845718268794,0.99999464117294,0.29762356656406
0.20795454545454548,1067384,0.17482649168434228,0.99999464117294,0.2976207184734831
0.20793650793650792,1067388,0.1748258365280479,0.99999464117294,0.29761976912207055
0.20789473684210527,1067497,0.17480798540885828,0.99999464117294,0.2975939016270567
0.20789473684210524,1067499,0.17480765789944533,0.99999464117294,0.29759342703613006
0.2078846153846154,1067501,0.1748073303912596,0.99999464117294,0.2975929524467172
0.20787878787878786,1067505,0.17480667537856964,0.99999464117294,0.29759200327243235
0.20785714285714285,1067513,0.17480536536791588,0.99999464117294,0.2975901049420271
0.20783333333333334,1067518,0.17480454662122794,0.99999464117294,0.2975889184978224
0.20777777777777778,1067526,0.1748032366424799,0.99999464117294,0.29758702020677213
0.2076923076923077,1067611,0.17478931933073003,0.99999464117294,0.2975668523599148
0.2076068376068376,1067613,0.17478899189125646,0.99999464117294,0.2975663778552583
0.20757575757575755,1067617,0.1747883370159898,0.99999464117294,0.29756542885048537
0.20753968253968252,1067619,0.1747880095801967,0.99999464117294,0.2975649543503688
0.20750000000000002,1067684,0.17477736858471232,0.99999464117294,0.2975495339203311
0.2075,1067685,0.17477720488720924,0.99999464117294,0.29754929669542923
0.20748792270531402,1067687,0.17477687749312298,0.99999464117294,0.29754882224676016
0.20743589743589744,1067691,0.1747762227086301,0.99999464117294,0.29754787335396105
0.20742857142857143,1067695,0.17477556792904342,0.99999464117294,0.2975469244672141
0.20731707317073172,1067736,0.17476885672113707,0.99999464117294,0.297537198726984
0.2073076923076923,1067740,0.17476820199674079,0.99999464117294,0.2975362499083189
0.20726495726495725,1067741,0.1747680383164082,0.99999464117294,0.2975360127045982
0.20714285714285716,1067747,0.17476705624085107,0.99999464117294,0.29753458949021605
0.20714285714285713,1067767,0.17476378273537205,0.99999464117294,0.2975298455406079
0.20711331679073613,1067771,0.17476312804899177,0.99999464117294,0.2975288967688394
0.20701149425287355,1067775,0.17476247336751657,0.99999464117294,0.2975279480031219
0.20700000000000002,1067787,0.1747605093525207,0.99999464117294,0.29752510174227415
0.20697674418604653,1067795,0.17475920003371434,0.99999464117294,0.29752320426529594
0.2069444444444445,1067799,0.17475854538166827,0.99999464117294,0.2975222555358827
0.20692307692307693,1067834,0.17475281738547377,0.99999464117294,0.2975139544116029
0.2069230769230769,1067836,0.1747524900827468,0.99999464117294,0.2975134800756351
0.20690058479532164,1067840,0.17475183548097092,0.99999464117294,0.2975125314082369
0.2068548387096774,1067848,0.17475052629213148,0.99999464117294,0.2975106340915903
0.20682539682539683,1067852,0.17474987170506776,0.99999464117294,0.29750968544234174
0.20681818181818182,1067856,0.17474921712290795,0.99999464117294,0.29750873679914286
0.2068131868131868,1067858,0.17474888983366701,0.99999464117294,0.29750826247981216
0.20666666666666667,1067954,0.17473318139170788,0.99999464117294,0.29748549693040277
0.2066239316239316,1067956,0.17473285416253104,0.99999464117294,0.29748502268517185
0.2065934065934066,1067966,0.17473121803503108,0.99999464117294,0.2974826514816982
0.20653846153846156,1067972,0.17473023637323826,0.99999464117294,0.2974812287777583
0.20652236652236652,1067976,0.1747295819381709,0.99999464117294,0.2974802803160251
0.20652173913043478,1067980,0.17472892750800575,0.99999464117294,0.2974793318603398
0.20650000000000002,1067982,0.17472860029476153,0.99999464117294,0.2974788576347651
0.20649350649350648,1067992,0.1747269642469232,0.99999464117294,0.29747648652957115
0.2063636363636364,1067996,0.17472630983636642,0.99999464117294,0.29747553809807714
0.20636363636363636,1068129,0.1747045534762187,0.99999464117294,0.2974440061941267
0.20625,1068130,0.17470438991508525,0.99999464117294,0.2974437691374614
0.20617816091954022,1068134,0.174703735673614,0.99999464117294,0.29744282091457847
0.20613636363636365,1068136,0.1747034085547159,0.99999464117294,0.2974423468054041
0.2061111111111111,1068145,0.17470193653483376,0.99999464117294,0.2974402133328233
0.20607427055702915,1068149,0.1747012823117374,0.99999464117294,0.2974392651326113
0.20606060606060606,1068153,0.1747006280935409,0.99999464117294,0.29743831693844486
0.20603448275862069,1068155,0.1747003009862801,0.99999464117294,0.2974378428436286
0.20596403596403595,1068159,0.17469964677543323,0.99999464117294,0.2974368946585302
0.20594405594405596,1068179,0.17469637579469358,0.99999464117294,0.2974321538237167
0.20584415584415586,1068183,0.17469572161324418,0.99999464117294,0.2974312056748893
0.20583333333333334,1068185,0.17469539452435673,0.99999464117294,0.29743073160274247
0.20580808080808083,1068189,0.17469474035025637,0.99999464117294,0.29742978346298243
0.20579710144927535,1068193,0.1746940861810553,0.99999464117294,0.29742883532926734
0.2057142857142857,1068216,0.17469032480322333,0.99999464117294,0.29742338367771104
0.20569696969696968,1068218,0.17468999773454483,0.99999464117294,0.29742290963049856
0.2056818181818182,1068222,0.174689343600862,0.99999464117294,0.29742196154060707
0.20555555555555555,1068238,0.17468672711511854,0.99999464117294,0.2974181692414846
0.20554347826086958,1068243,0.17468590947939747,0.99999464117294,0.2974169841678414
0.20551075268817204,1068244,0.17468574595317174,0.99999464117294,0.2974167471542461
0.2054834054834055,1068245,0.17468558242725218,0.99999464117294,0.2974165101410285
0.20544444444444446,1068249,0.17468492832663546,0.99999464117294,0.2974155620919356
0.20543543543543544,1068253,0.1746842742309172,0.99999464117294,0.29741461404888664
0.2053968253968254,1068255,0.174683947184895,0.99999464117294,0.29741414002962874
0.20535714285714285,1068259,0.17468329309652433,0.99999464117294,0.2974131919956457
0.20535353535353534,1068273,0.1746810038258011,0.99999464117294,0.29740987392430035
0.2053511705685619,1068279,0.17468002272814498,0.99999464117294,0.2974084519163877
0.2053448275862069,1068290,0.1746782240777317,0.99999464117294,0.29740584493719807
0.20528360528360529,1068292,0.1746778970543634,0.99999464117294,0.2974053709458921
0.2051948051948052,1068296,0.17467724301130025,0.99999464117294,0.29740442296781266
0.2051470588235294,1068298,0.17467691599160534,0.99999464117294,0.2974039489810392
0.20512820512820512,1068300,0.1746765889731349,0.99999464117294,0.29740347499577663
0.2051111111111111,1068304,0.1746759349398673,0.99999464117294,0.29740252702978376
0.20500000000000002,1068336,0.1746707028500397,0.99999464117294,0.2973949435193921
0.205,1068340,0.17467004886084955,0.99999464117294,0.2973939956077861
0.20493506493506491,1068342,0.17466972186809093,0.99999464117294,0.29739352165424915
0.20491551459293394,1068343,0.17466955837217074,0.99999464117294,0.2973932846780472
0.20491039426523297,1068347,0.1746689043915507,0.99999464117294,0.29739233677701593
0.20487179487179485,1068351,0.17466825041582776,0.99999464117294,0.2973913888820272
0.20485714285714285,1068355,0.1746675964450019,0.99999464117294,0.2973904409930811
0.20480769230769233,1068373,0.17466465363688524,0.99999464117294,0.29738617556759817
0.2047953216374269,1068375,0.17466432666432666,0.99999464117294,0.2973857016389863
0.20478927203065134,1068379,0.17466367272288205,0.99999464117294,0.2973847537862942
0.20476190476190478,1068383,0.1746630187863341,0.99999464117294,0.29738380593964414
0.20476190476190476,1068544,0.1746367019046478,0.99999464117294,0.29734566012721964
0.20474747474747476,1068554,0.1746350675773054,0.99999464117294,0.29734329114488806
0.20473856209150326,1068556,0.17463474071550766,0.99999464117294,0.29734281735295154
0.20472179993919123,1068558,0.17463441385493347,0.99999464117294,0.29734234356252476
0.2046774193548387,1068567,0.17463294299749102,0.99999464117294,0.2973402115242894
0.2046583850931677,1068569,0.1746326161436463,0.99999464117294,0.297339737742167
0.20464285714285713,1068578,0.17463114531648602,0.99999464117294,0.29733760574130047
0.20450000000000002,1068580,0.17463081846937056,0.99999464117294,0.2973371319674821
0.20445344129554655,1068584,0.17463016477881008,0.99999464117294,0.29733618442437487
0.20444444444444443,1068590,0.17462918425214535,0.99999464117294,0.2973347631210375
0.2043956043956044,1068594,0.17462853057381944,0.99999464117294,0.2973338155930281
0.204375,1068600,0.17462755006550626,0.99999464117294,0.29733239431233704
0.20434343434343433,1068604,0.17462689639941456,0.99999464117294,0.29733144679942514
0.20430769230769233,1068612,0.17462558908191186,0.99999464117294,0.2973295517917178
0.20430622009569377,1068614,0.17462526225559463,0.99999464117294,0.2973290780435652
0.20427350427350427,1068640,0.17462101362479412,0.99999464117294,0.29732291945496025
0.20422077922077922,1068642,0.17462068681560336,0.99999464117294,0.29732244572794264
0.2041880341880342,1068644,0.17462036000763584,0.99999464117294,0.29732197200243454
0.20416666666666666,1068664,0.17461709199523892,0.99999464117294,0.2973172348303794
0.2041545893719807,1068674,0.17461545803491055,0.99999464117294,0.29731486630095866
0.20415209790209793,1068676,0.17461513124651437,0.99999464117294,0.29731439259960296
0.20413461538461536,1068678,0.17461480445934136,0.99999464117294,0.2973139188997567
0.2040909090909091,1068686,0.17461349732288062,0.99999464117294,0.29731202411546614
0.20404040404040405,1068689,0.17461300715175324,0.99999464117294,0.29731131357758367
0.2039763684591271,1068693,0.1746123535945309,0.99999464117294,0.2973103661990232
0.20396825396825397,1068697,0.17461170004220092,0.99999464117294,0.29730941882650036
0.2038791643139469,1068701,0.17461104649476328,0.99999464117294,0.297308471460015
0.20384615384615384,1068765,0.1746005904010704,0.99999464117294,0.2972933144173086
0.20383838383838385,1068769,0.17459993693679363,0.99999464117294,0.2972923671534527
0.20371621621621622,1068773,0.17459928347740822,0.99999464117294,0.2972914198956333
0.20361111111111113,1068789,0.1745966696887786,0.99999464117294,0.29728763092471944
0.2036111111111111,1068791,0.17459634297070242,0.99999464117294,0.29728715731014604
0.20357142857142857,1068799,0.1745950361106251,0.99999464117294,0.29728526286694273
0.20354609929078016,1068803,0.17459438268792285,0.99999464117294,0.2972843156543952
0.2034574028122415,1068807,0.17459372927011144,0.99999464117294,0.2972833684478837
0.20341880341880342,1068833,0.17458948217354817,0.99999464117294,0.2972772117526829
0.20333333333333334,1068841,0.17458817541617508,0.99999464117294,0.297275317436232
0.2033333333333333,1068935,0.17457282248219022,0.99999464117294,0.2972530610261855
0.20332792207792208,1068937,0.17457249585335713,0.99999464117294,0.2972525875217535
0.20328947368421052,1068942,0.17457167928662173,0.99999464117294,0.2972514037672733
0.20325670498084292,1068946,0.17457102603873348,0.99999464117294,0.2972504567704774
0.20322077922077922,1068948,0.1745706994166227,0.99999464117294,0.2972499832743422
0.2032142857142857,1068952,0.17457004617606778,0.99999464117294,0.2972490362865972
0.20320197044334978,1068953,0.17456988286669292,0.99999464117294,0.29724879954060374
0.20320197044334973,1068957,0.174569229632249,0.99999464117294,0.2972478525604011
0.20317460317460317,1068961,0.17456857640269383,0.99999464117294,0.29724690558623224
0.203125,1068965,0.17456792317802736,0.99999464117294,0.29724595861809705
0.20311111111111113,1068979,0.17456563693019228,0.99999464117294,0.2972426442771389
0.20303030303030303,1069063,0.17455192070065095,0.99999464117294,0.29722275978341456
0.203030303030303,1069156,0.17453673738911815,0.99999464117294,0.29720074791123174
0.20302197802197802,1069182,0.1745324930647916,0.99999464117294,0.2971945946376384
0.20285714285714285,1069189,0.17453135039735726,0.99999464117294,0.2971929380305894
0.20285256410256408,1069193,0.1745306974512553,0.99999464117294,0.2971919914062817
0.2028448275862069,1069195,0.17453037098003638,0.99999464117294,0.29719151809638933
0.20283251231527094,1069196,0.17453020774488495,0.99999464117294,0.29719128144200846
0.20281385281385278,1069198,0.1745298812754981,0.99999464117294,0.2971908081343774
0.20279220779220777,1069200,0.1745295548073326,0.99999464117294,0.297190334828254
0.2027690700104493,1069202,0.17452922834038845,0.99999464117294,0.2971898615236382
0.20274044795783927,1069206,0.17452857541016417,0.99999464117294,0.29718891491892907
0.2026984126984127,1069210,0.17452792248482524,0.99999464117294,0.29718796832025024
0.20268817204301076,1069211,0.17452775925425384,0.99999464117294,0.29718773167152274
0.20266666666666666,1069215,0.1745271063350215,0.99999464117294,0.2971867850803816
0.2026525198938992,1069237,0.17452351536656513,0.99999464117294,0.29718157893689107
0.20264957264957267,1069246,0.17452204637660557,0.99999464117294,0.29717944920349015
0.2026470588235294,1069250,0.17452139350011692,0.99999464117294,0.29717850266511026
0.2025,1069260,0.17451976133026578,0.99999464117294,0.2971761363455395
0.20246753246753246,1069262,0.17451943489995903,0.99999464117294,0.29717566308614746
0.20243243243243242,1069266,0.17451878204300894,0.99999464117294,0.2971747165718854
0.20230769230769233,1069283,0.17451600745546314,0.99999464117294,0.2971706939535358
0.20230158730158732,1069291,0.17451470179773326,0.99999464117294,0.2971688009943475
0.20221198156682027,1069293,0.17451437538635342,0.99999464117294,0.29716832775831853
0.2021774193548387,1069299,0.17451339615954004,0.99999464117294,0.2971669080592751
0.20215686274509803,1069301,0.1745130697530443,0.99999464117294,0.2971664348292751
0.2021294021294021,1069305,0.17451241694371578,0.99999464117294,0.2971654883737966
0.20208333333333334,1069306,0.17451225374214677,0.99999464117294,0.297165251760869
0.20205128205128203,1069308,0.17451192733992452,0.99999464117294,0.2971647785361441
0.20201465201465202,1069312,0.17451127453914292,0.99999464117294,0.297163832091216
0.20198511166253103,1069336,0.17450735783701288,0.99999464117294,0.29715815354824743
0.2019607843137255,1069342,0.17450637868895078,0.99999464117294,0.29715673394641506
0.20195426195426197,1069346,0.1745057259296804,0.99999464117294,0.2971557875527288
0.20194805194805193,1069348,0.17450539955187647,0.99999464117294,0.2971553143581463
0.20192307692307693,1069350,0.1745050731752934,0.99999464117294,0.2971548411650708
0.20182539682539682,1069352,0.17450474679993117,0.99999464117294,0.29715436797350236
0.2018007662835249,1069360,0.1745034413106905,0.99999464117294,0.29715247522229865
0.2017857142857143,1069364,0.17450278857339502,0.99999464117294,0.2971515288557388
0.20177177177177177,1069368,0.1745021358409827,0.99999464117294,0.29715058249520687
0.20174089068825912,1069372,0.1745014831134535,0.99999464117294,0.2971496361407029
0.20171717171717174,1069373,0.17450131993233417,0.99999464117294,0.2971493995530187
0.20170454545454547,1069375,0.1745009935710111,0.99999464117294,0.2971489263787806
0.2016969696969697,1069379,0.1745003408520272,0.99999464117294,0.2971479800348252
0.2016826923076923,1069385,0.1744993617827069,0.99999464117294,0.297146560530194
0.2016666666666667,1069389,0.17449870907593026,0.99999464117294,0.29714561420130775
0.20166666666666666,1069397,0.17449740367702546,0.99999464117294,0.297143721561618
0.20160714285714285,1069399,0.17449707733035097,0.99999464117294,0.2971432484054627
0.2015909090909091,1069403,0.174496424640664,0.99999464117294,0.29714230209767273
0.2015873015873016,1069415,0.17449446660089862,0.99999464117294,0.2971394632104667
0.20153846153846156,1069417,0.17449414026520993,0.99999464117294,0.29713899006787287
0.20151515151515154,1069419,0.17449381393074184,0.99999464117294,0.29713851692678583
0.2014705882352941,1069421,0.17449348759749433,0.99999464117294,0.29713804378720554
0.201455938697318,1069429,0.1744921822767103,0.99999464117294,0.2971361512439522
0.20144300144300145,1069431,0.1744918559495657,0.99999464117294,0.2971356781119057
0.20142857142857143,1069512,0.17447864072586375,0.99999464117294,0.29711651753017226
0.2013986013986014,1069530,0.17447570428131984,0.99999464117294,0.29711225995869883
0.2013888888888889,1069534,0.17447505175151046,0.99999464117294,0.2971113138482751
0.2012987012987013,1069538,0.17447439922658195,0.99999464117294,0.2971103677438769
0.2012820512820513,1069544,0.1744734204483406,0.99999464117294,0.2971089485985772
0.2012539184952978,1069548,0.17447276793561392,0.99999464117294,0.29710800250924246
0.2012087912087912,1069554,0.1744717891756751,0.99999464117294,0.29710658338653767
0.20118131868131867,1069558,0.17447113667514993,0.99999464117294,0.297105637312266
0.2011553663727577,1069562,0.17447048417950525,0.99999464117294,0.29710469124401956
0.20113636363636364,1069572,0.17446885296174544,0.99999464117294,0.2971023260997628
0.20113122171945702,1069592,0.17446559061773087,0.99999464117294,0.29709759592421586
0.20111111111111113,1069606,0.17446330704951168,0.99999464117294,0.2970942848909501
0.2011111111111111,1069614,0.17446200218022576,0.99999464117294,0.29709239290507566
0.20110599078341013,1069619,0.17446118664683405,0.99999464117294,0.2970912104261411
0.20103448275862068,1069623,0.17446053422561034,0.99999464117294,0.29709026444977077
0.201,1069627,0.17445988180926622,0.99999464117294,0.2970893184794246
0.20098039215686275,1069631,0.17445922939780167,0.99999464117294,0.2970883725151026
0.20093795093795094,1069643,0.17445727219268484,0.99999464117294,0.29708553465828086
0.20090909090909093,1069651,0.17445596741367045,0.99999464117294,0.2970836427838527
0.20087912087912088,1069666,0.1744535210056223,0.99999464117294,0.29708009558424353
0.2007936507936508,1069674,0.17445221628271793,0.99999464117294,0.29707820377908783
0.20078853046594983,1069678,0.1744515639285841,0.99999464117294,0.2970772578855451
0.20076923076923078,1069679,0.17445140084081298,0.99999464117294,0.29707702141310066
0.20076923076923076,1069688,0.17444993306459453,0.99999464117294,0.2970748931780408
0.20069444444444445,1069692,0.17444928072753652,0.99999464117294,0.2970739473055799
0.20068640068640067,1069694,0.17444895456083703,0.99999464117294,0.2970734743716081
0.20064102564102565,1069710,0.17444634527114825,0.99999464117294,0.29706969095404184
0.2006081081081081,1069714,0.17444569296092227,0.99999464117294,0.2970687451147079
0.20060606060606062,1069716,0.17444536680763867,0.99999464117294,0.2970682721972994
0.2005681818181818,1069720,0.1744447145047302,0.99999464117294,0.2970673263669997
0.20054347826086957,1069730,0.17444308376880147,0.99999464117294,0.2970649618176
0.2005194805194805,1069734,0.1744424314829668,0.99999464117294,0.2970640160083799
0.20050420168067226,1069738,0.1744417792020102,0.99999464117294,0.29706307020518236
0.20047619047619047,1069742,0.17444112692593167,0.99999464117294,0.2970621244080073
0.20046594982078852,1069746,0.17444047465473111,0.99999464117294,0.29706117861685477
0.20046082949308755,1069747,0.17444031158769316,0.99999464117294,0.2970609421700076
0.20041580041580043,1069749,0.17443998545453185,0.99999464117294,0.2970604692774426
0.20038461538461538,1069751,0.17443965932259003,0.99999464117294,0.2970599963863832
0.20036363636363635,1069755,0.17443900706236476,0.99999464117294,0.2970590506087811
0.20034506556245688,1069768,0.1744368872503197,0.99999464117294,0.2970559768731654
0.20025210084033612,1069772,0.17443623501082473,0.99999464117294,0.29705503112115755
0.20020242914979758,1069786,0.17443395221100294,0.99999464117294,0.2970517210365538
0.20020202020202021,1069788,0.17443362610162014,0.99999464117294,0.29705124817334666
0.20017857142857143,1069792,0.17443297388651252,0.99999464117294,0.29705030245144853
0.20011363636363638,1069794,0.1744326477807877,0.99999464117294,0.2970498295927577
0.20009575923392614,1069798,0.17443199557299602,0.99999464117294,0.29704888387989237
0.2000751879699248,1069802,0.17443134337008157,0.99999464117294,0.2970479381730486
0.2,1094287,0.17052838971860215,0.99999464117294,0.29136970633814635
0.19999999999999998,1094457,0.17050190185635433,0.99999464117294,0.29133104096981804
0.1999665551839465,1094461,0.17050127871162152,0.99999464117294,0.2913301313200148
0.19993464052287582,1094463,0.1705009671409632,0.99999464117294,0.29132967649724334
0.1998611111111111,1094467,0.1705003440030627,0.99999464117294,0.2913287668559608
0.19982078853046592,1094471,0.17049972086971696,0.99999464117294,0.29132785722035875
0.1998015873015873,1094484,0.17049769571779944,0.99999464117294,0.29132490094388225
0.19971014492753622,1094485,0.17049753993887537,0.99999464117294,0.2913246735404846
0.1996969696969697,1094486,0.17049738416023594,0.99999464117294,0.2913244461374419
0.19965034965034967,1094492,0.1704964494943773,0.99999464117294,0.2913230817266412
0.19954954954954957,1094493,0.17049629371773048,0.99999464117294,0.29132285432608357
0.19952380952380952,1094501,0.17049504751480354,0.99999464117294,0.29132103513440305
0.1995,1094508,0.17049395710218657,0.99999464117294,0.29131944336032023
0.19944444444444445,1094512,0.17049333401552472,0.99999464117294,0.2913185337829399
0.19944055944055944,1094514,0.17049302247390166,0.99999464117294,0.29131807899637974
0.19940711462450592,1094515,0.17049286670351707,0.99999464117294,0.2913178516036321
0.1993015873015873,1094519,0.17049224362482515,0.99999464117294,0.2913169420361916
0.19926108374384238,1094523,0.17049162055068737,0.99999464117294,0.2913160324744308
0.19922077922077921,1094527,0.17049099748110372,0.99999464117294,0.29131512291834977
0.1991919191919192,1094529,0.17049068594801964,0.99999464117294,0.2913146681424391
0.19916666666666666,1094547,0.17048788220149522,0.99999464117294,0.2913105752231385
0.19903846153846155,1094549,0.17048757067979597,0.99999464117294,0.2913101204614267
0.199020979020979,1094553,0.17048694763981279,0.99999464117294,0.29130921094226253
0.19893939393939394,1094559,0.17048601308837624,0.99999464117294,0.29130784667416504
0.19886363636363635,1094563,0.17048539005977728,0.99999464117294,0.29130693716919914
0.19884004884004886,1094567,0.17048476703573193,0.99999464117294,0.2913060276699123
0.1988095238095238,1094577,0.1704832094955403,0.99999464117294,0.2913037539465417
0.19875816993464052,1094581,0.17048258648743217,0.99999464117294,0.29130284446713167
0.19871794871794873,1094583,0.17048227498508564,0.99999464117294,0.2913023897295563
0.1986111111111111,1094590,0.17048118473583715,0.99999464117294,0.2913007981592229
0.19860139860139864,1094594,0.17048056174252738,0.99999464117294,0.2912998886982693
0.19857142857142857,1094608,0.17047838130179938,0.99999464117294,0.2912967056296519
0.19846743295019154,1094612,0.17047775832897866,0.99999464117294,0.29129579619425233
0.198456715698095,1094616,0.17047713536071096,0.99999464117294,0.2912948867645314
0.19842809364548494,1094620,0.1704765123969962,0.99999464117294,0.291293977340489
0.19837301587301587,1094626,0.17047557795996077,0.99999464117294,0.2912926132150723
0.19833333333333333,1094630,0.17047495500762816,0.99999464117294,0.2912917038052259
0.1982905982905983,1094644,0.17047277471031677,0.99999464117294,0.2912885209154795
0.19825396825396824,1094646,0.17047246324382495,0.99999464117294,0.29128806622262254
0.1982456140350877,1094652,0.17047152885117828,0.99999464117294,0.2912867021525685
0.1982142857142857,1094657,0.170470750198464,0.99999464117294,0.29128556543728273
0.198125,1094661,0.17047012728141406,0.99999464117294,0.29128465607144166
0.19807692307692307,1094665,0.17046950436891653,0.99999464117294,0.29128374671127855
0.19805555555555557,1094669,0.1704688814609713,0.99999464117294,0.2912828373567933
0.198015873015873,1094673,0.17046825855757838,0.99999464117294,0.29128192800798575
0.19799188640973628,1094677,0.17046763565873768,0.99999464117294,0.29128101866485595
0.1979020979020979,1094687,0.17046607843155168,0.99999464117294,0.2912787453318713
0.19789473684210526,1094691,0.1704654555486434,0.99999464117294,0.2912778360086131
0.19788461538461538,1094703,0.1704635869272305,0.99999464117294,0.2912751080729034
0.1978448275862069,1094723,0.17046047264924552,0.99999464117294,0.29127056162693327
0.19783251231527094,1094724,0.17046031693833333,0.99999464117294,0.2912703343083604
0.19777777777777777,1094746,0.17045689137023565,0.99999464117294,0.2912653333895239
0.19777777777777775,1094748,0.17045657996178115,0.99999464117294,0.29126487876905405
0.19772727272727275,1094762,0.17045440013445845,0.99999464117294,0.29126169646550176
0.19772727272727272,1094768,0.17045346593981556,0.99999464117294,0.2912603326424094
0.19770114942528735,1094774,0.17045253175541253,0.99999464117294,0.29125896883208907
0.19764957264957264,1094775,0.17045237605900757,0.99999464117294,0.29125874153161074
0.19761904761904764,1094777,0.17045206466705093,0.99999464117294,0.2912582869317184
0.1976190476190476,1094779,0.170451753276232,0.99999464117294,0.2912578323332451
0.19755555555555557,1094783,0.17045113049800736,0.99999464117294,0.29125692314055585
0.1975,1094793,0.17044957357235568,0.99999464117294,0.2912546501836662
0.19749999999999998,1094795,0.17044926219063844,0.99999464117294,0.29125419559654536
0.19747536945812805,1094799,0.17044863943061694,0.99999464117294,0.2912532864265608
0.19747474747474747,1094800,0.17044848374132263,0.99999464117294,0.2912530591349516
0.19747474747474744,1094801,0.1704483280523127,0.99999464117294,0.29125283184369705
0.19743589743589743,1094824,0.17044474728358167,0.99999464117294,0.2912476042427535
0.19743506493506496,1094828,0.17044412455655134,0.99999464117294,0.2912466951139191
0.19740259740259739,1094832,0.17044350183407134,0.99999464117294,0.29124578599076034
0.19738461538461538,1094842,0.17044194504777857,0.99999464117294,0.29124351320769437
0.19735042735042735,1094846,0.17044132234122425,0.99999464117294,0.2912426041044001
0.19732142857142856,1094856,0.17043976559474489,0.99999464117294,0.2912403313709945
0.1973015873015873,1094860,0.1704391429041156,0.99999464117294,0.291239422287564
0.19727272727272727,1094864,0.1704385202180362,0.99999464117294,0.2912385132098087
0.1971774193548387,1094873,0.17043711919099294,0.99999464117294,0.2912364678056093
0.19714285714285715,1094874,0.17043696352274326,0.99999464117294,0.2912362405402495
0.19714285714285712,1094878,0.17043634085258813,0.99999464117294,0.2912353314823572
0.1971111111111111,1094882,0.1704357181869827,0.99999464117294,0.29123442243013986
0.19709401709401708,1094884,0.1704354068558861,0.99999464117294,0.2912339679061594
0.19705128205128208,1094886,0.1704350955259269,0.99999464117294,0.2912335133835976
0.19698412698412698,1094888,0.1704347841971051,0.99999464117294,0.2912330588624545
0.19698412698412696,1094890,0.17043447286942068,0.99999464117294,0.2912326043427302
0.196979006656426,1094894,0.17043385021746396,0.99999464117294,0.29123169530753756
0.19696969696969696,1094896,0.17043353889319168,0.99999464117294,0.29123124079206936
0.19693486590038314,1094898,0.17043322757005674,0.99999464117294,0.29123078627801974
0.19692307692307692,1094916,0.17043042571302272,0.99999464117294,0.29122669571541376
0.19690058479532163,1094919,0.17042995874580677,0.99999464117294,0.29122601396615133
0.196875,1094924,0.17042918047279995,0.99999464117294,0.29122487772447353
0.19686783804430863,1094926,0.17042886916558744,0.99999464117294,0.29122442323028497
0.19682539682539682,1095014,0.17041517277404672,0.99999464117294,0.2912044268902999
0.19681063122923587,1095015,0.17041501714588383,0.99999464117294,0.2912041996749434
0.19678571428571426,1095019,0.1704143946360748,0.99999464117294,0.291203290817063
0.19672727272727272,1095025,0.1704134608798886,0.99999464117294,0.29120192754087953
0.19666666666666666,1095049,0.17040972595746856,0.99999464117294,0.29119647456378733
0.1965909090909091,1095063,0.17040754732832722,0.99999464117294,0.2911932937547935
0.19649769585253454,1095064,0.17040739171409158,0.99999464117294,0.2911930665568102
0.1964957264957265,1095066,0.17040708048647296,0.99999464117294,0.291192612161907
0.19649572649572647,1095074,0.1704058355873667,0.99999464117294,0.29119079459647557
0.1964935064935065,1095078,0.17040521314463444,0.99999464117294,0.2911898858222685
0.1964705882352941,1095082,0.1704045907064494,0.99999464117294,0.29118897705373376
0.19642857142857142,1095086,0.17040396827281146,0.99999464117294,0.29118806829087135
0.1963924963924964,1095090,0.1704033458437206,0.99999464117294,0.29118715953368113
0.19636363636363638,1095091,0.1704031902371584,0.99999464117294,0.2911869323452699
0.19636363636363635,1095095,0.17040256781375132,0.99999464117294,0.2911860235951698
0.1963235294117647,1095102,0.1704014785837301,0.99999464117294,0.2911844332961434
0.1961904761904762,1095104,0.17040116737771024,0.99999464117294,0.29118397892818354
0.19611111111111112,1095112,0.17039992256499792,0.99999464117294,0.29118216147052395
0.1961038961038961,1095116,0.17039930016546193,0.99999464117294,0.29118125275020207
0.1960869565217391,1095120,0.17039867777047263,0.99999464117294,0.291180344035552
0.19607142857142856,1095125,0.17039789978312977,0.99999464117294,0.29117920815021536
0.19604166666666664,1095127,0.17039758859018178,0.99999464117294,0.2911787537985621
0.19595281306715062,1095128,0.170397432994134,0.99999464117294,0.2911785266232672
0.19587301587301587,1095132,0.17039681061278458,0.99999464117294,0.29117761792563235
0.19583333333333336,1095134,0.1703964994238148,0.99999464117294,0.29117716357894174
0.19583333333333333,1095166,0.17039152055487478,0.99999464117294,0.2911698942247229
0.19571428571428573,1095170,0.17039089821671521,0.99999464117294,0.2911689855809665
0.19569892473118278,1095174,0.17039027588310168,0.99999464117294,0.2911680769428811
0.19569444444444445,1095178,0.17038965355403413,0.99999464117294,0.29116716831046674
0.19564102564102565,1095182,0.17038903122951254,0.99999464117294,0.29116625968372356
0.19561076604554864,1095186,0.17038840890953683,0.99999464117294,0.29116535106265123
0.1956081081081081,1095195,0.17038700870621212,0.99999464117294,0.2911633066859728
0.19555555555555557,1095199,0.17038638640101023,0.99999464117294,0.2911623980833308
0.19553140096618357,1095203,0.170385764100354,0.99999464117294,0.2911614894863595
0.1955128205128205,1095221,0.17038296380365242,0.99999464117294,0.2911574008701629
0.19549019607843135,1095227,0.1703820303918731,0.99999464117294,0.29115603802361456
0.19547619047619047,1095228,0.1703818748242375,0.99999464117294,0.2911558108837636
0.1954545454545455,1095232,0.17038125255653597,0.99999464117294,0.29115490232790364
0.19545454545454546,1095236,0.1703806302933797,0.99999464117294,0.291153993777714
0.1954515599343185,1095240,0.17038000803476863,0.99999464117294,0.29115308523319455
0.19543926661573718,1095241,0.17037985247082604,0.99999464117294,0.29115285809795066
0.1953968253968254,1095253,0.1703779857256725,0.99999464117294,0.291150132502666
0.19539473684210526,1095255,0.17037767460545716,0.99999464117294,0.29114967824174653
0.1953846153846154,1095265,0.17037611902142405,0.99999464117294,0.2911474069584117
0.19538461538461538,1095271,0.17037518568463877,0.99999464117294,0.2911460442054203
0.1953342245989305,1095275,0.17037456346579627,0.99999464117294,0.29114513571051337
0.19533333333333336,1095277,0.1703742523580793,0.99999464117294,0.291144681465186
0.19523809523809524,1095282,0.1703734745937576,0.99999464117294,0.29114354585806895
0.1952380952380952,1095289,0.1703723857356369,0.99999464117294,0.2911419560229878
0.19523297491039426,1095291,0.17037207463587303,0.99999464117294,0.2911415017875823
0.1952136752136752,1095292,0.17037191908641713,0.99999464117294,0.2911412746704111
0.1951923076923077,1095293,0.17037176353724529,0.99999464117294,0.2911410475535942
0.19512626262626265,1095297,0.17037114134339817,0.99999464117294,0.29114013908987013
0.19511363636363635,1095299,0.1703708302481788,0.99999464117294,0.29113968486013414
0.19509476031215164,1095301,0.17037051915409554,0.99999464117294,0.2911392306318155
0.19506203473945408,1095313,0.17036865261345388,0.99999464117294,0.29113650529166774
0.19503118503118502,1095317,0.17036803044232857,0.99999464117294,0.2911355968562903
0.195,1095598,0.17032433429049706,0.99999464117294,0.29107179345596573
0.19499999999999998,1095606,0.170323090600088,0.99999464117294,0.29106997739846857
0.19487179487179487,1095610,0.1703224687616944,0.99999464117294,0.2910690693782181
0.19487179487179485,1095611,0.17032231330280548,0.99999464117294,0.2910688423740407
0.1948616600790514,1095617,0.17032138055543133,0.99999464117294,0.2910674803564117
0.19485714285714287,1095621,0.17032075872952418,0.99999464117294,0.2910665723517406
0.1948251748251748,1095623,0.17032044781827327,0.99999464117294,0.2910661183515295
0.1948168498168498,1095627,0.17031982599917672,0.99999464117294,0.29106521035535604
0.19479166666666664,1095633,0.1703188932790451,0.99999464117294,0.291063848371718
0.19476190476190475,1095637,0.17031827147129935,0.99999464117294,0.29106294038970715
0.19475961538461536,1095643,0.17031733876819366,0.99999464117294,0.29106157842731256
0.19474747474747475,1095647,0.1703167169717984,0.99999464117294,0.291060670459464
0.1947126436781609,1095653,0.1703157842857182,0.99999464117294,0.2910593085183126
0.19469654528478056,1095654,0.1703156288390313,0.99999464117294,0.29105908152935983
0.1945736434108527,1095656,0.17031531794650875,0.99999464117294,0.2910586275525165
0.19455128205128208,1095664,0.17031407438776852,0.99999464117294,0.29105681165930475
0.19452380952380952,1095668,0.17031345261520825,0.99999464117294,0.2910559037211957
0.1945,1095671,0.17031298628876734,0.99999464117294,0.2910552227713314
0.19445887445887444,1095673,0.1703126754058921,0.99999464117294,0.29105476880652525
0.19444444444444445,1095705,0.1703077014342364,0.99999464117294,0.29104750556221454
0.19442195231668916,1095711,0.17030676884689486,0.99999464117294,0.29104614374426335
0.19439560439560438,1095717,0.17030583626976672,0.99999464117294,0.291044781939056
0.1943548387096774,1095721,0.1703052145573554,0.99999464117294,0.29104387407599763
0.1943243243243243,1095725,0.1703045928494832,0.99999464117294,0.29104296621860315
0.19431818181818183,1095727,0.1703042819972493,0.99999464117294,0.29104251229202976
0.19424242424242422,1095741,0.17030210606338542,0.99999464117294,0.29103933484566213
0.19415584415584414,1095747,0.17030117353732202,0.99999464117294,0.2910379731041716
0.19415458937198068,1095751,0.17030055185895335,0.99999464117294,0.2910370652835906
0.1941025641025641,1095755,0.1702999301851235,0.99999464117294,0.29103615746867306
0.19404761904761905,1095758,0.17029946393272968,0.99999464117294,0.2910354766112015
0.19401069518716577,1095762,0.1702988422668426,0.99999464117294,0.29103456880619477
0.19399999999999998,1095772,0.17029728812198158,0.99999464117294,0.29103229931845476
0.19396825396825396,1095778,0.17029635564868068,0.99999464117294,0.29103093764280025
0.19393939393939394,1095800,0.17029293666727505,0.99999464117294,0.2910259449410796
0.19392857142857142,1095802,0.17029262585759106,0.99999464117294,0.2910254910675993
0.19384615384615386,1095827,0.17028874083226642,0.99999464117294,0.29101981776854186
0.19383838383838387,1095829,0.17028843003789826,0.99999464117294,0.29101936391417277
0.19381818181818183,1095837,0.17028718687177016,0.99999464117294,0.29101754851085226
0.1937179487179487,1095839,0.17028687608307425,0.99999464117294,0.2910170946635612
0.19368131868131866,1095843,0.1702862545090857,0.99999464117294,0.29101618697322545
0.19367816091954024,1095847,0.17028563293963483,0.99999464117294,0.29101527928855203
0.19361111111111112,1095851,0.17028501137472157,0.99999464117294,0.29101437160954075
0.1935897435897436,1095853,0.17028470059396653,0.99999464117294,0.29101391777215835
0.19357142857142856,1095864,0.1702829913200908,0.99999464117294,0.29101142169185756
0.19351580319322256,1095868,0.1702823697744619,0.99999464117294,0.29101051403690986
0.19350649350649352,1095870,0.17028205900334895,0.99999464117294,0.2910100602115592
0.1935064935064935,1095872,0.17028174823337033,0.99999464117294,0.29100960638762396
0.19346153846153846,1095876,0.17028112669681605,0.99999464117294,0.2910086987439999
0.19343891402714933,1095878,0.17028081593024041,0.99999464117294,0.2910082449243111
0.19335664335664338,1095883,0.17028003901876387,0.99999464117294,0.29100711038128146
0.19333922782198643,1095885,0.17027972825615825,0.99999464117294,0.29100665656654656
0.19333333333333333,1095916,0.1702749115808146,0.99999464117294,0.29099962261914786
0.19328671328671332,1095918,0.17027460083692392,0.99999464117294,0.29099916882776644
0.19321982365460624,1095919,0.17027444546540393,0.99999464117294,0.2909989419326065
0.1932142857142857,1095923,0.17027382398215932,0.99999464117294,0.2909980343555048
0.19320197044334975,1095937,0.17027164882652926,0.99999464117294,0.2909948578802303
0.19313725490196076,1095940,0.1702711827289815,0.99999464117294,0.2909941772159794
0.193125,1095942,0.17027087199870067,0.99999464117294,0.29099372344158125
0.19311111111111112,1095948,0.17026993981466274,0.99999464117294,0.2909923621268779
0.1930769230769231,1095956,0.17026869691848942,0.99999464117294,0.2909905470604196
0.19307692307692306,1095970,0.17026652189384747,0.99999464117294,0.2909873707486017
0.19304347826086957,1095974,0.17026590046844178,0.99999464117294,0.29098646324367566
0.19301075268817205,1095976,0.17026558975743994,0.99999464117294,0.2909860094933353
0.19301075268817203,1095980,0.1702649683388383,0.99999464117294,0.29098510199690003
0.19290909090909092,1095982,0.17026465763123846,0.99999464117294,0.290984648250805
0.1928571428571429,1095987,0.17026388086720007,0.99999464117294,0.2909835138917585
0.19285714285714287,1095995,0.1702626380594802,0.99999464117294,0.29098169893568004
0.19285714285714284,1096129,0.17024182372695185,0.99999464117294,0.2909513017867263
0.19280808080808082,1096133,0.17024120248181562,0.99999464117294,0.2909503945067632
0.19277389277389276,1096135,0.1702408918609478,0.99999464117294,0.29094994086890363
0.19275362318840578,1096148,0.17023887285293593,0.99999464117294,0.29094699225729603
0.19270833333333334,1096156,0.17023763041027007,0.99999464117294,0.29094517775678147
0.19268817204301075,1096159,0.17023716449894585,0.99999464117294,0.29094449732492333
0.19264957264957266,1096168,0.17023576678027455,0.99999464117294,0.29094245604844493
0.19261363636363638,1096184,0.1702332820037512,0.99999464117294,0.2909388271832067
0.1926007326007326,1096188,0.17023266082095406,0.99999464117294,0.2909379199810414
0.19257985257985258,1096192,0.17023203964269032,0.99999464117294,0.2909370127845338
0.19256944444444446,1096194,0.17023172905525846,0.99999464117294,0.2909365591884016
0.19253456221198156,1096196,0.17023141846895992,0.99999464117294,0.2909361055936838
0.1925,1096307,0.17021418270612154,0.99999464117294,0.2909109333042329
0.19249999999999998,1096311,0.17021356166270338,0.99999464117294,0.29091002627601587
0.19248803827751193,1096315,0.17021294062381706,0.99999464117294,0.29090911925345486
0.1924825174825175,1096317,0.17021263010607335,0.99999464117294,0.29090866574429525
0.19242424242424244,1096323,0.1702116985596398,0.99999464117294,0.2909073052253005
0.19242424242424241,1096327,0.17021107753434878,0.99999464117294,0.29090639821970715
0.1923809523809524,1096331,0.17021045651358943,0.99999464117294,0.2909054912197696
0.19238095238095237,1096333,0.17021014600490908,0.99999464117294,0.29090503772192167
0.19230769230769232,1097016,0.17010417350339466,0.99999464117294,0.29075025085227446
0.19223214285714285,1097022,0.1701032431437109,0.99999464117294,0.2907488918146195
0.1922222222222222,1097040,0.17010045212572011,0.99999464117294,0.290744814777883
0.19220779220779222,1097048,0.17009921170267847,0.99999464117294,0.2907430027982575
0.1921774193548387,1097052,0.17009859149794176,0.99999464117294,0.2907420968169142
0.19215686274509805,1097056,0.17009797129772775,0.99999464117294,0.290741190841217
0.19215584415584414,1097060,0.17009735110203636,0.99999464117294,0.29074028487116604
0.19215311004784688,1097062,0.17009704100588663,0.99999464117294,0.2907398318882579
0.19214285714285712,1097066,0.1700964208169791,0.99999464117294,0.29073892592667605
0.192,1097070,0.17009580063259408,0.99999464117294,0.29073801997074034
0.1919799498746867,1097072,0.17009549054209752,0.99999464117294,0.29073756699488973
0.1919512195121951,1097076,0.17009487036449616,0.99999464117294,0.2907366610474229
0.19194805194805195,1097078,0.1700945602773914,0.99999464117294,0.2907362080758067
0.19192307692307692,1097082,0.1700939401065736,0.99999464117294,0.2907353021368087
0.19191919191919193,1097084,0.1700936300228606,0.99999464117294,0.2907348491694269
0.1919047619047619,1097088,0.17009300985882628,0.99999464117294,0.2907339432388977
0.191875,1097092,0.1700923896993142,0.99999464117294,0.29073303731401423
0.19182539682539682,1097102,0.17009083932031843,0.99999464117294,0.29073077252650525
0.19174603174603175,1097106,0.1700902191766338,0.99999464117294,0.2907298666213814
0.19172077922077924,1097110,0.17008959903747117,0.99999464117294,0.2907289607219031
0.19168067226890756,1097114,0.1700889789028305,0.99999464117294,0.29072805482807024
0.19167832167832166,1097116,0.17008866883720591,0.99999464117294,0.29072760188327085
0.19166666666666668,1097119,0.17008820374088865,0.99999464117294,0.29072692246871806
0.19166666666666665,1097157,0.17008231274102065,0.99999464117294,0.2907183168258988
0.19161490683229815,1097169,0.17008045251005086,0.99999464117294,0.29071559936032504
0.19158730158730158,1097171,0.170080142475512,0.99999464117294,0.2907151464543352
0.19157706093189963,1097173,0.17007983244210348,0.99999464117294,0.29071469354975654
0.19155555555555556,1097175,0.17007952240982524,0.99999464117294,0.290714240646589
0.19153846153846155,1097193,0.17007673217018338,0.99999464117294,0.2907101645815824
0.1915223665223665,1097197,0.17007611212936236,0.99999464117294,0.2907092588048808
0.19149560117302053,1097201,0.17007549209306225,0.99999464117294,0.2907083530338236
0.19145833333333334,1097205,0.170074872061283,0.99999464117294,0.29070744726841063
0.191455938697318,1097209,0.17007425203402451,0.99999464117294,0.29070654150864184
0.19144144144144146,1097215,0.17007332200161318,0.99999464117294,0.2907051828795714
0.19144144144144143,1097217,0.17007301199306973,0.99999464117294,0.29070473000603664
0.19142857142857142,1097230,0.1700709969650848,0.99999464117294,0.2907017863624538
0.1914285714285714,1097244,0.17006882698834536,0.99999464117294,0.29069861635141747
0.19136363636363635,1097248,0.170068207005162,0.99999464117294,0.2906977106466769
0.19133089133089132,1097252,0.17006758702649893,0.99999464117294,0.29069680494757993
0.1912162162162162,1097256,0.17006696705235605,0.99999464117294,0.29069589925412653
0.1912087912087912,1097260,0.17006634708273335,0.99999464117294,0.2906949935663168
0.19119318181818182,1097264,0.17006572711763077,0.99999464117294,0.2906940878841504
0.19112554112554114,1097270,0.17006479717845197,0.99999464117294,0.2906927293714823
0.19111111111111112,1097377,0.17004821497078942,0.99999464117294,0.29066850469436945
0.1911111111111111,1097379,0.17004790505376902,0.99999464117294,0.29066805193510525
0.19107434640522877,1097383,0.17004728522311718,0.99999464117294,0.29066714642080826
0.1910714285714286,1097393,0.1700457356662563,0.99999464117294,0.29066488265974877
0.19099099099099098,1097400,0.1700446509932568,0.99999464117294,0.2906632980479873
0.19096525096525097,1097402,0.1700443410892271,0.99999464117294,0.29066284530494313
0.19095238095238096,1097404,0.170044031186327,0.99999464117294,0.29066239256330934
0.19090909090909092,1097419,0.17004170695058132,0.99999464117294,0.2906589970460122
0.1908730158730159,1097423,0.17004108716511318,0.99999464117294,0.29065809158813144
0.19083333333333335,1097424,0.1700409322194521,0.99999464117294,0.2906578652245427
0.19082125603864733,1097428,0.17004031243963158,0.99999464117294,0.29065695977371353
0.19078853046594982,1097437,0.1700389179515544,0.99999464117294,0.29065492252997366
0.19075187969924812,1097438,0.17003876300984658,0.99999464117294,0.29065469617132095
0.19071428571428573,1097444,0.17003783336552936,0.99999464117294,0.29065333802680887
0.1907142857142857,1097448,0.17003721360829852,0.99999464117294,0.2906524326041855
0.1907051282051282,1097452,0.17003659385558548,0.99999464117294,0.29065152718720305
0.19068965517241376,1097464,0.1700347346245526,0.99999464117294,0.29064881097010137
0.19068181818181817,1097466,0.17003442475666672,0.99999464117294,0.2906483582721868
0.19066666666666665,1097475,0.17003303036515638,0.99999464117294,0.29064632114902234
0.19064935064935065,1097479,0.17003241064293714,0.99999464117294,0.2906454157701153
0.1906060606060606,1097481,0.17003210078352154,0.99999464117294,0.290644963082777
0.19057142857142859,1097493,0.170030241650744,0.99999464117294,0.29064224698835994
0.19055944055944057,1097501,0.17002900225147857,0.99999464117294,0.2906404362869507
0.19054945054945055,1097505,0.1700283825586216,0.99999464117294,0.29063953094470657
0.19047619047619047,1097519,0.17002621366919388,0.99999464117294,0.2906363622912687
0.19044665012406947,1097521,0.17002590383236402,0.99999464117294,0.29063590963213193
0.19041666666666665,1097523,0.1700255939966634,0.99999464117294,0.29063545697440524
0.1903896103896104,1097525,0.17002528416209198,0.99999464117294,0.29063500431808853
0.19038662486938351,1097529,0.17002466449633677,0.99999464117294,0.2906340990096851
0.19035087719298244,1097532,0.1700241997499845,0.99999464117294,0.29063342003208376
0.1903448275862069,1097534,0.1700238899204945,0.99999464117294,0.2906329673821119
0.19034482758620688,1097538,0.170023270264902,0.99999464117294,0.2906320620863983
0.19033189033189032,1097544,0.170022340789982,0.99999464117294,0.29063070415340236
0.19031007751937987,1097548,0.1700217211456811,0.99999464117294,0.29062979887178814
0.19027777777777777,1097556,0.17002048187062893,0.99999464117294,0.2906279883254787
0.19020979020979023,1097568,0.17001862299192397,0.99999464117294,0.2906252725483111
0.1902020202020202,1097573,0.17001784847112675,0.99999464117294,0.29062414098947115
0.19019230769230772,1097575,0.17001753866478372,0.99999464117294,0.29062368836840236
0.19017857142857142,1097579,0.17001691905548486,0.99999464117294,0.2906227831304942
0.19015873015873017,1097581,0.17001660925252898,0.99999464117294,0.29062233051365494
0.19015151515151515,1097585,0.17001598965000433,0.99999464117294,0.2906214252842057
0.1901098901098901,1097599,0.17001382107673202,0.99999464117294,0.2906182570255418
0.19,1097628,0.17000932920807413,0.99999464117294,0.29061169442376633
0.1899665551839465,1097632,0.17000870965861054,0.99999464117294,0.2906107892605743
0.18993506493506493,1097634,0.17000839988557206,0.99999464117294,0.2906103366810928
0.18993464052287581,1097642,0.17000716080470682,0.99999464117294,0.29060852637726303
0.18992628992628993,1097646,0.1700065412710473,0.99999464117294,0.29060762123380574
0.18983333333333333,1097648,0.17000623150591082,0.99999464117294,0.2906071686641915
0.1897979797979798,1097652,0.1700056119790243,0.99999464117294,0.29060626352919194
0.18977591036414565,1097656,0.1700049924566531,0.99999464117294,0.2906053583998306
0.1897727272727273,1097662,0.17000406318156228,0.99999464117294,0.2906040007163602
0.18974358974358974,1097678,0.1700015851643196,0.99999464117294,0.2906003802891256
0.18974025974025974,1097682,0.1700009656712964,0.99999464117294,0.29059947519641205
0.1896969696969697,1097692,0.16999941695849108,0.99999464117294,0.2905972124892937
0.18968253968253967,1097714,0.1699960098896434,0.99999464117294,0.2905922346576637
0.18967741935483873,1097719,0.16999523557486024,0.99999464117294,0.29059110335607674
0.18964285714285717,1097723,0.16999461612811245,0.99999464117294,0.2905901983211493
0.1896428571428571,1097728,0.16999384182602612,0.99999464117294,0.2905890670354175
0.18959276018099547,1097736,0.16999260295735952,0.99999464117294,0.29058725699656796
0.18958333333333333,1097740,0.16999198352979758,0.99999464117294,0.29058635198559896
0.18954954954954956,1097744,0.16999136410674984,0.99999464117294,0.2905854469802671
0.1894886363636364,1097748,0.16999074468821623,0.99999464117294,0.2905845419805724
0.18948051948051947,1097752,0.1699901252741967,0.99999464117294,0.2905836369865146
0.18944444444444447,1097758,0.16998919616163125,0.99999464117294,0.2905822795059975
0.18944444444444444,1097760,0.16998888645969976,0.99999464117294,0.29058182701531027
0.18942307692307694,1097764,0.1699882670592222,0.99999464117294,0.29058092203816344
0.18942028985507245,1097765,0.1699881122098081,0.99999464117294,0.2905806957947575
0.18940711462450593,1097773,0.16998687342465155,0.99999464117294,0.2905788858601926
0.1893548387096774,1097777,0.16998625403884396,0.99999464117294,0.2905779809013652
0.18928571428571428,1097791,0.1699840862240627,0.99999464117294,0.290574813589858
0.18917297979797978,1097795,0.1699834668585665,0.99999464117294,0.2905739086563952
0.18916666666666668,1097797,0.16998315717751097,0.99999464117294,0.29057345619177755
0.18916666666666665,1097808,0.169981453951875,0.99999464117294,0.2905709676615676
0.1890909090909091,1097816,0.16998021526376006,0.99999464117294,0.2905691578481872
0.18904761904761902,1097820,0.16997959592647247,0.99999464117294,0.29056825294995126
0.18900584795321637,1097822,0.16997928625952113,0.99999464117294,0.29056780050294684
0.189,1097826,0.16997866692900332,0.99999464117294,0.29056689561316507
0.18891625615763546,1097834,0.16997742828150705,0.99999464117294,0.2905650858505094
0.18888888888888888,1097881,0.16997015159202136,0.99999464117294,0.29055445395017004
0.18888888888888886,1097887,0.1699692226977822,0.99999464117294,0.2905530967422995
0.18886363636363637,1097899,0.16996736493976222,0.99999464117294,0.2905503823645959
0.1888235294117647,1097905,0.16996643607598108,0.99999464117294,0.2905490251947625
0.18873015873015875,1097913,0.16996519760673204,0.99999464117294,0.29054721565470704
0.18863636363636366,1097925,0.16996333993669877,0.99999464117294,0.2905445013868853
0.18863636363636363,1097931,0.1699624111169099,0.99999464117294,0.2905431442719918
0.18861788617886177,1097937,0.16996148230727265,0.99999464117294,0.2905417871697761
0.18861111111111112,1097941,0.1699608631064875,0.99999464117294,0.2905408824420088
0.18859577922077922,1097943,0.16996055350778683,0.99999464117294,0.2905404300802381
0.18857142857142858,1097949,0.1699596247184523,0.99999464117294,0.2905390730033778
0.18851674641148325,1097951,0.1699593151242633,0.99999464117294,0.2905386206472416
0.18850649350649348,1097955,0.1699586959392689,0.99999464117294,0.2905377159391949
0.18849206349206346,1097956,0.16995854114372524,0.99999464117294,0.29053748976306354
0.18846153846153846,1097960,0.1699579219643703,0.99999464117294,0.2905365850620598
0.18842818428184283,1097964,0.1699573027895268,0.99999464117294,0.29053568036669025
0.1884004884004884,1097966,0.16995699320379684,0.99999464117294,0.29053522802111825
0.18839285714285714,1097970,0.16995637403572048,0.99999464117294,0.29053432333420004
0.18836363636363637,1097976,0.16995544529206466,0.99999464117294,0.2905329663143866
0.18833333333333332,1097987,0.16995374262172502,0.99999464117294,0.29053047847765245
0.18831694621168305,1097995,0.16995250433745143,0.99999464117294,0.2905286691686069
0.18825396825396823,1097999,0.16995188520208124,0.99999464117294,0.29052776452253487
0.18824884792626728,1098000,0.16995173041894354,0.99999464117294,0.29052753836189715
0.18819444444444444,1098002,0.16995142085351392,0.99999464117294,0.29052708604167804
0.18818181818181817,1098008,0.16995049216399152,0.99999464117294,0.2905257290894711
0.18817733990147784,1098012,0.16994987304328185,0.99999464117294,0.2905248244617085
0.18813186813186814,1098018,0.16994894437067518,0.99999464117294,0.29052346753062763
0.18812260536398465,1098020,0.169948634815395,0.99999464117294,0.29052301522308405
0.18811188811188811,1098025,0.16994786093212813,0.99999464117294,0.2905218844603867
0.1881081081081081,1098027,0.16994755138079481,0.99999464117294,0.29052143215777243
0.1880952380952381,1098068,0.16994120582696154,0.99999464117294,0.29051216026453364
0.1880808080808081,1098072,0.1699405867739092,0.99999464117294,0.2905112557212691
0.18804347826086956,1098080,0.1699393486813347,0.99999464117294,0.29050944665163836
0.18803418803418803,1098085,0.16993857488263658,0.99999464117294,0.2905083159945605
0.18803030303030302,1098086,0.16993842012374258,0.99999464117294,0.2905080898642011
0.18794642857142857,1098088,0.1699381106068002,0.99999464117294,0.29050763760453835
0.18785714285714283,1098090,0.16993780109098525,0.99999464117294,0.2905071853462837
0.1877922077922078,1098095,0.1699370273063806,0.99999464117294,0.29050605470680774
0.18772727272727274,1098099,0.1699364082837704,0.99999464117294,0.2905051502015635
0.18766233766233767,1098101,0.16993609877415647,0.99999464117294,0.29050469795105355
0.18764957264957266,1098103,0.16993578926567,0.99999464117294,0.29050424570195166
0.1876470588235294,1098129,0.1699317657579392,0.99999464117294,0.2904983665917616
0.18763736263736264,1098133,0.1699311467736604,0.99999464117294,0.29049746213439126
0.18762820512820513,1098137,0.16993052779389092,0.99999464117294,0.29049655768265303
0.18762626262626264,1098139,0.16993021830569718,0.99999464117294,0.2904961054588958
0.1876143790849673,1098143,0.16992959933269164,0.99999464117294,0.29049520101560533
0.18752136752136753,1098147,0.16992898036419532,0.99999464117294,0.29049429657794673
0.1875,1098478,0.169877776341447,0.99999464117294,0.29041947387178757
0.18749999999999997,1098482,0.16987715775042286,0.99999464117294,0.2904185699056097
0.1874945054945055,1098486,0.16987653916390377,0.99999464117294,0.29041766594505924
0.18738636363636366,1098490,0.1698759205818897,0.99999464117294,0.29041676199013616
0.18735632183908046,1098510,0.16987282773939244,0.99999464117294,0.29041224229992885
0.18733333333333332,1098514,0.1698722091844073,0.99999464117294,0.2904113383787687
0.1873015873015873,1098642,0.16985241780306962,0.99999464117294,0.2903824158723984
0.18726790450928382,1098652,0.16985087179561864,0.99999464117294,0.2903801565442012
0.18722222222222223,1098656,0.16985025340051846,0.99999464117294,0.2903792528227664
0.18721804511278195,1098660,0.16984963500992117,0.99999464117294,0.2903783491069567
0.1871980676328502,1098664,0.16984901662382676,0.99999464117294,0.29037744539677207
0.18717948717948718,1098686,0.16984561558079378,0.99999464117294,0.29037247509130204
0.18717086834733893,1098688,0.16984530640181744,0.99999464117294,0.29037202325378747
0.18716720779220777,1098690,0.16984499722396673,0.99999464117294,0.29037157141767905
0.18714285714285714,1098694,0.16984437887164214,0.99999464117294,0.2903706677496806
0.18709401709401707,1098696,0.16984406969716828,0.99999464117294,0.29037021591779066
0.18704545454545454,1098700,0.16984345135159734,0.99999464117294,0.29036931225822915
0.187,1098714,0.16984128717755484,0.99999464117294,0.2903661494940567
0.18693528693528694,1098716,0.16984097801433673,0.99999464117294,0.29036569767622794
0.18692307692307694,1098720,0.16984035969127712,0.99999464117294,0.2903647940447886
0.18692307692307691,1098734,0.16983819559602234,0.99999464117294,0.29036163137904153
0.1869047619047619,1098740,0.16983726814350983,0.99999464117294,0.2903602759719547
0.18681541582150102,1098744,0.1698366498474622,0.99999464117294,0.29035937237426007
0.18670846394984325,1098748,0.16983603155591637,0.99999464117294,0.2903584687821895
0.18666666666666668,1098750,0.16983572241183162,0.99999464117294,0.2903580169882632
0.18666666666666665,1098780,0.16983108538560948,0.99999464117294,0.29035124024808073
0.18664335664335666,1098784,0.16983046713457786,0.99999464117294,0.2903503367066233
0.18660049627791564,1098786,0.16983015801075005,0.99999464117294,0.29034988493800346
0.18659003831417625,1098790,0.1698295397664704,0.99999464117294,0.29034898140498117
0.18653846153846154,1098825,0.16982413032102472,0.99999464117294,0.29034107573090157
0.18642857142857144,1098831,0.16982320302212078,0.99999464117294,0.2903397205157149
0.1864102564102564,1098839,0.1698219666393348,0.99999464117294,0.29033791358181243
0.18636363636363637,1098841,0.1698216575464512,0.99999464117294,0.290337461851851
0.18636363636363634,1098870,0.1698171758260759,0.99999464117294,0.2903309119253694
0.18626984126984125,1098873,0.1698167122133313,0.99999464117294,0.29033023436363514
0.18623376623376622,1098877,0.1698160940669429,0.99999464117294,0.2903293309529088
0.186231884057971,1098879,0.16981578499543626,0.99999464117294,0.29032887924965406
0.18616161616161614,1098881,0.16981547592505467,0.99999464117294,0.2903284275478048
0.18611111111111112,1098897,0.1698130034025027,0.99999464117294,0.2903248139836096
0.1861111111111111,1098902,0.16981223075397078,0.99999464117294,0.2903236847632457
0.18610859728506787,1098904,0.16981192169652673,0.99999464117294,0.2903232330775598
0.18602150537634407,1098923,0.16980898570691486,0.99999464117294,0.29031894213363973
0.186,1098929,0.16980805857339282,0.99999464117294,0.2903175871250691
0.185982905982906,1098931,0.16980774953113525,0.99999464117294,0.29031713545835636
0.18596638655462183,1098935,0.16980713144999476,0.99999464117294,0.290316232129147
0.18590909090909088,1098939,0.16980651337335376,0.99999464117294,0.290315328805559
0.18587301587301586,1098964,0.1698026504962856,0.99999464117294,0.290309683160492
0.18583333333333335,1098968,0.1698020324522643,0.99999464117294,0.29030877987765796
0.18583333333333332,1098969,0.16980187794196197,0.99999464117294,0.29030855405782774
0.18582251082251083,1098971,0.16980156892220086,0.99999464117294,0.2903081024192212
0.1857707509881423,1098973,0.1698012599035645,0.99999464117294,0.29030765078202
0.18574660633484164,1098975,0.1698009508860529,0.99999464117294,0.29030719914622394
0.18573863636363636,1098981,0.16980002384026657,0.99999464117294,0.29030584424726724
0.18573426573426574,1098985,0.16979940581536598,0.99999464117294,0.2903049409883221
0.18571428571428572,1098989,0.16979878779496427,0.99999464117294,0.29030403773499786
0.1857142857142857,1098999,0.1697972427636422,0.99999464117294,0.29030177962627773
0.18568965517241381,1099003,0.1697966247589861,0.99999464117294,0.2903008763926258
0.18557692307692308,1099008,0.1697958522594922,0.99999464117294,0.29029974735846475
0.18555555555555556,1099075,0.16978550144439641,0.99999464117294,0.2902846191479548
0.18545454545454546,1099081,0.1697845745672976,0.99999464117294,0.2902832644597566
0.18541666666666665,1099097,0.16978210294450807,0.99999464117294,0.29027965201970907
0.1853846153846154,1099101,0.16978148505005455,0.99999464117294,0.29027874892374556
0.18538461538461537,1099226,0.16976217811441868,0.99999464117294,0.29025053000620604
0.18535353535353538,1099236,0.16976063374925857,0.99999464117294,0.2902482727298179
0.1853448275862069,1099240,0.1697600160110622,0.99999464117294,0.2902473698290933
0.18534482758620688,1099244,0.16975939827736153,0.99999464117294,0.2902464669339862
0.18531328320802004,1099246,0.16975908941219708,0.99999464117294,0.2902460154885391
0.1853030303030303,1099250,0.16975847168523994,0.99999464117294,0.29024511260185804
0.18528138528138527,1099252,0.16975816282344722,0.99999464117294,0.29024466116062403
0.18525641025641026,1099254,0.1697578539627784,0.99999464117294,0.2902442097207943
0.18523391812865497,1099263,0.16975646410367673,0.99999464117294,0.29024217825893883
0.18518817204301075,1099265,0.16975615524918924,0.99999464117294,0.29024172682683286
0.1851614668856048,1099267,0.16975584639582558,0.99999464117294,0.29024127539613104
0.1851111111111111,1099271,0.16975522869246984,0.99999464117294,0.2902403725389403
0.18509803921568627,1099275,0.16975461099360942,0.99999464117294,0.2902394696873666
0.185,1099308,0.16974951514953043,0.99999464117294,0.2902320213762019
0.18491228070175436,1099310,0.1697492063203282,0.99999464117294,0.2902315699756905
0.18488063660477455,1099312,0.1697488974922497,0.99999464117294,0.2902311185765833
0.18484848484848485,1099316,0.1697482798394638,0.99999464117294,0.29023021578258124
0.18483918128654972,1099318,0.16974797101475642,0.99999464117294,0.2902297643876864
0.18482905982905984,1099322,0.16974735336871272,0.99999464117294,0.290228861602109
0.18472222222222223,1099326,0.16974673572716373,0.99999464117294,0.2902279588221479
0.18471014492753624,1099330,0.16974611809010942,0.99999464117294,0.29022705604780324
0.18467741935483872,1099332,0.16974580927326777,0.99999464117294,0.290226604662737
0.1846774193548387,1099336,0.16974519164295537,0.99999464117294,0.2902257018968166
0.18464957264957266,1099338,0.16974488282948466,0.99999464117294,0.2902252505159626
0.18461538461538463,1099348,0.16974333877898537,0.99999464117294,0.2902229936327526
0.1844642857142857,1099350,0.16974302997225632,0.99999464117294,0.2902225422603226
0.18444444444444447,1099356,0.1697421035588108,0.99999464117294,0.2902211881514568
0.18442028985507244,1099360,0.169741485955465,0.99999464117294,0.29022028541923284
0.1843939393939394,1099364,0.16974086835661345,0.99999464117294,0.2902193826926247
0.184375,1099366,0.16974055955887302,0.99999464117294,0.29021893133142657
0.18435483870967742,1099372,0.16973963317239296,0.99999464117294,0.29021757725625597
0.18431372549019606,1099392,0.16973654529048784,0.99999464117294,0.29021306376360806
0.18428571428571427,1099417,0.1697326855960932,0.99999464117294,0.2902074220952159
0.18426573426573428,1099419,0.16973237682812467,0.99999464117294,0.2902069707712202
0.18425837320574162,1099423,0.16973175929555775,0.99999464117294,0.29020606812744015
0.18421052631578946,1099427,0.16973114176748433,0.99999464117294,0.29020516548927516
0.18418803418803417,1099429,0.16973083300513267,0.99999464117294,0.2902047141722983
0.18415584415584416,1099433,0.16973021548379938,0.99999464117294,0.2902038115425558
0.18412698412698408,1099437,0.16972959796695944,0.99999464117294,0.2902029089184282
0.1841025641025641,1099441,0.16972898045461285,0.99999464117294,0.2902020062999155
0.18409090909090908,1099444,0.1697285173233016,0.99999464117294,0.2902013293397157
0.18406593406593408,1099448,0.16972789981881817,0.99999464117294,0.2902004267310288
0.1840229885057471,1099450,0.1697275910682614,0.99999464117294,0.2901999754287909
0.18398601398601397,1099454,0.16972697357051772,0.99999464117294,0.29019907282852614
0.183982683982684,1099456,0.16972666482333082,0.99999464117294,0.2901986215304993
0.18395348837209302,1099460,0.16972604733232677,0.99999464117294,0.29019771893865637
0.18392857142857144,1099464,0.1697254298458158,0.99999464117294,0.29019681635242817
0.18383838383838386,1099478,0.1697232686784092,0.99999464117294,0.2901936573448432
0.18383838383838383,1099482,0.16972265121211624,0.99999464117294,0.2901927547838798
0.18382783882783882,1099484,0.16972234248065457,0.99999464117294,0.2901923035055035
0.1838235294117647,1099486,0.16972203375031605,0.99999464117294,0.2901918522285307
0.1838095238095238,1099501,0.16971971830857815,0.99999464117294,0.29018846769597284
0.18376623376623374,1099506,0.1697189465087048,0.99999464117294,0.29018733953599757
0.18376068376068377,1099510,0.16971832907386017,0.99999464117294,0.29018643701433305
0.18376068376068375,1099512,0.1697180203581225,0.99999464117294,0.290185985755606
0.18373015873015874,1099520,0.1697167855064028,0.99999464117294,0.2901841807347324
0.18366666666666667,1099528,0.16971555067265226,0.99999464117294,0.290182375736314
0.18363636363636365,1099532,0.16971493326251533,0.99999464117294,0.2901814732455254
0.18363636363636363,1099538,0.16971400715573268,0.99999464117294,0.2901801195198679
0.18361111111111109,1099542,0.169713389756826,0.99999464117294,0.29017921704311317
0.18359751359751358,1099546,0.1697127723624114,0.99999464117294,0.2901783145719719
0.1835858585858586,1099548,0.16971246366688858,0.99999464117294,0.29017786333850637
0.18344155844155843,1099551,0.16971200062570996,0.99999464117294,0.2901771864909393
0.18333333333333335,1099667,0.16969409830430485,0.99999464117294,0.2901510174729354
0.18333333333333332,1099692,0.1696902405400785,0.99999464117294,0.2901453782165902
0.1832867132867133,1099706,0.16968808026872637,0.99999464117294,0.2901422203287844
0.18326923076923077,1099712,0.16968715445498458,0.99999464117294,0.2901408669693389
0.18324786324786324,1099716,0.16968653725143582,0.99999464117294,0.2901399647367226
0.18324175824175823,1099718,0.16968622865134517,0.99999464117294,0.2901395136225187
0.18323863636363635,1099722,0.16968561145453123,0.99999464117294,0.29013861139831926
0.1832051282051282,1099726,0.16968499426220712,0.99999464117294,0.2901377091797309
0.1831896551724138,1099728,0.16968468566772874,0.99999464117294,0.2901372580725409
0.18313131313131312,1099730,0.1696843770743728,0.99999464117294,0.2901368069667537
0.1830952380952381,1099732,0.1696840684821393,0.99999464117294,0.29013635586236924
0.18309523809523806,1099736,0.1696834513010395,0.99999464117294,0.29013545365780846
0.1830769230769231,1099740,0.16968283412442942,0.99999464117294,0.29013455145885875
0.18307692307692308,1099744,0.1696822169523089,0.99999464117294,0.2901336492655198
0.18304347826086956,1099748,0.16968159978467795,0.99999464117294,0.29013274707779185
0.18296703296703298,1099756,0.1696803654628845,0.99999464117294,0.2901309427191681
0.18293650793650792,1099760,0.1696797483087219,0.99999464117294,0.2901300405482723
0.18292234081707764,1099761,0.16967959402088273,0.99999464117294,0.29012981500642504
0.18289473684210525,1099765,0.16967897687233183,0.99999464117294,0.29012891284254255
0.18288288288288287,1099768,0.16967851401386475,0.99999464117294,0.29012823622331263
0.18285714285714286,1099860,0.1696643209135708,0.99999464117294,0.29010748809919873
0.18279220779220778,1099864,0.1696637038761156,0.99999464117294,0.2901065860741625
0.18274044795783928,1099874,0.16966216130211279,0.99999464117294,0.29010433103611244
0.18272727272727274,1099878,0.16966154428036564,0.99999464117294,0.29010342903070846
0.1826984126984127,1099880,0.16966123577117503,0.99999464117294,0.29010297803010987
0.1826470588235294,1099881,0.1696610815170005,0.99999464117294,0.29010275253033646
0.18260162601626015,1099885,0.16966046450310715,0.99999464117294,0.29010185053474835
0.18253968253968253,1099895,0.16965892198800794,0.99999464117294,0.2900995955703174
0.18253119429590017,1099896,0.1696587677380407,0.99999464117294,0.29009937007580233
0.18252747252747253,1099898,0.16965845923894762,0.99999464117294,0.290098919087824
0.1825174825174825,1099902,0.1696578422441272,0.99999464117294,0.2900980171160737
0.1825,1099978,0.16964612019513117,0.99999464117294,0.29008088071842847
0.18248792270531403,1099984,0.16964519483919765,0.99999464117294,0.29007952793115455
0.18245614035087718,1099996,0.16964334415761512,0.99999464117294,0.2900768223944586
0.18241758241758244,1099998,0.1696430357146104,0.99999464117294,0.29007637147658255
0.18238095238095237,1100003,0.1696422646120056,0.99999464117294,0.2900752441880257
0.18233766233766233,1100005,0.1696419561729265,0.99999464117294,0.2900747932750563
0.1823376623376623,1100009,0.16964133929813302,0.99999464117294,0.2900738914533229
0.18232699200441135,1100011,0.16964103086241863,0.99999464117294,0.290073440544559
0.18219696969696972,1100019,0.16963979713077684,0.99999464117294,0.2900716369235217
0.1821969696969697,1100023,0.16963918027168523,0.99999464117294,0.29007073512141396
0.1821774193548387,1100025,0.16963887184382173,0.99999464117294,0.29007028422246284
0.18214756258234518,1100031,0.16963794656696038,0.99999464117294,0.29006893153402
0.1821455938697318,1100033,0.16963763814358296,0.99999464117294,0.290068480640676
0.18214285714285716,1100043,0.1696360960435183,0.99999464117294,0.2900662261949822
0.18214285714285713,1100072,0.16963162411187632,0.99999464117294,0.2900596885006373
0.18210227272727272,1100076,0.16963100731222205,0.99999464117294,0.29005878677282065
0.18208333333333332,1100078,0.169630698914077,0.99999464117294,0.2900583359110148
0.1820689655172414,1100082,0.16963008212115097,0.99999464117294,0.2900574341916079
0.18205128205128207,1100094,0.16962823176928518,0.99999464117294,0.2900547290670257
0.18205128205128204,1100100,0.16962730660849012,0.99999464117294,0.2900533765236557
0.1820175438596491,1100104,0.1696266898402333,0.99999464117294,0.29005247483508356
0.18201149425287355,1100112,0.169625456317175,0.99999464117294,0.29005067147475755
0.182,1100116,0.16962483956237343,0.99999464117294,0.29004976980300357
0.18194444444444446,1100126,0.1696232976949913,0.99999464117294,0.29004751564814485
0.1819047619047619,1100129,0.16962283514024265,0.99999464117294,0.2900468394085194
0.18189964157706093,1100131,0.16962252677181172,0.99999464117294,0.2900463885838542
0.18185483870967742,1100133,0.169622218404502,0.99999464117294,0.29004593776059046
0.18181818181818182,1100230,0.16960726393572254,0.99999464117294,0.29002407451442996
0.18180076628352487,1100234,0.16960664731320793,0.99999464117294,0.29002317300803054
0.18172413793103448,1100238,0.16960603069517685,0.99999464117294,0.2900222715072355
0.1816969696969697,1100242,0.16960541408162932,0.99999464117294,0.2900213700120449
0.18166666666666667,1100250,0.16960418086798454,0.99999464117294,0.29001956703847664
0.18166666666666664,1100281,0.16959940233449455,0.99999464117294,0.29001258072763075
0.18164251207729468,1100283,0.16959909405125773,0.99999464117294,0.2900121300094569
0.18162337662337663,1100285,0.16959878576914164,0.99999464117294,0.290011679292684
0.18161838161838162,1100289,0.16959816920827164,0.99999464117294,0.29001077786334106
0.18157894736842103,1100293,0.16959755265188453,0.99999464117294,0.2900098764396018
0.18153846153846154,1100319,0.16959354514463532,0.99999464117294,0.29000401732188386
0.18144444444444446,1100335,0.16959107908046187,0.99999464117294,0.2900004118286513
0.18142857142857144,1100368,0.16958599304959796,0.99999464117294,0.2899929757819882
0.1813970588235294,1100372,0.1695853765817378,0.99999464117294,0.2899920744689117
0.1813888888888889,1100376,0.16958476011835955,0.99999464117294,0.2899911731614379
0.18136363636363637,1100380,0.1695841436594631,0.99999464117294,0.28999027185956666
0.18134408602150537,1100384,0.1695835272050484,0.99999464117294,0.28998937056329793
0.1813186813186813,1100385,0.16958337309214502,0.99999464117294,0.28998914524010616
0.18130081300813006,1100389,0.1695827566433325,0.99999464117294,0.2899882439508406
0.18121621621621622,1100397,0.1695815237591524,0.99999464117294,0.2899864413891166
0.1811111111111111,1100651,0.1695423890043256,0.99999464117294,0.28992922170285856
0.18111111111111108,1100657,0.1695414647796725,0.99999464117294,0.28992787032973005
0.18110599078341016,1100661,0.16954084863550176,0.99999464117294,0.28992696942130974
0.18106060606060606,1100669,0.16953961636059522,0.99999464117294,0.28992516762126563
0.1810344827586207,1100673,0.16953900022985938,0.99999464117294,0.2899242667296418
0.180982905982906,1100681,0.16953776798182216,0.99999464117294,0.2899224649631901
0.18098039215686273,1100685,0.16953715186452073,0.99999464117294,0.28992156408836217
0.18095238095238095,1100697,0.16953530353948454,0.99999464117294,0.28991886149746954
0.18090909090909088,1100703,0.16953437939207944,0.99999464117294,0.28991751022091783
0.1808891108891109,1100707,0.16953376329940664,0.99999464117294,0.28991660937688135
0.18083333333333332,1100711,0.16953314721121165,0.99999464117294,0.28991570853844306
0.18082706766917292,1100713,0.16953283916879333,0.99999464117294,0.2899152581213233
0.1808080808080808,1100739,0.16952883471922045,0.99999464117294,0.28990940282612226
0.18080808080808078,1100741,0.16952852669247354,0.99999464117294,0.28990895242859555
0.1807805098127679,1100745,0.1695279106423377,0.99999464117294,0.28990805163774036
0.18076923076923077,1100761,0.16952544648656703,0.99999464117294,0.28990444853029707
0.1807142857142857,1100765,0.16952483045881728,0.99999464117294,0.2899035477674302
0.1806060606060606,1100775,0.16952329040903,0.99999464117294,0.2899012958847523
0.18055555555555555,1100782,0.1695222123908276,0.99999464117294,0.2898997195876929
0.18052197802197803,1100786,0.16952159638658196,0.99999464117294,0.2898988188542124
0.1805,1100790,0.1695209803868131,0.99999464117294,0.2898979181263292
0.18049019607843136,1100794,0.16952036439152102,0.99999464117294,0.28989701740404317
0.18047619047619046,1100796,0.16952005639555376,0.99999464117294,0.28989656704499905
0.1804659498207885,1100798,0.16951974840070566,0.99999464117294,0.2898961166873542
0.18046153846153848,1100802,0.16951913241436697,0.99999464117294,0.28989521597626244
0.1804425837320574,1100803,0.1695189784184818,0.99999464117294,0.28989499079936404
0.1804112554112554,1100817,0.1695168225054664,0.99999464117294,0.2898918383595161
0.18035714285714285,1100819,0.16951651452236927,0.99999464117294,0.2898913880165633
0.18034482758620687,1100835,0.16951405069787934,0.99999464117294,0.28988778532331144
0.18033033033033033,1100839,0.16951343475294753,0.99999464117294,0.28988688466399004
0.18031674208144796,1100843,0.1695128188124919,0.99999464117294,0.2898859840102653
0.1803030303030303,1100879,0.16950727554981065,0.99999464117294,0.2898778783785778
0.1802639296187683,1100883,0.16950665965411402,0.99999464117294,0.28987697778081556
0.18023809523809523,1100885,0.16950635170794406,0.99999464117294,0.2898765274840329
0.18015873015873016,1100889,0.16950573581896086,0.99999464117294,0.2898756268946646
0.18011363636363636,1100893,0.16950511993445322,0.99999464117294,0.28987472631089223
0.1800417972831766,1100901,0.16950388817886441,0.99999464117294,0.2898729251601348
0.18000000000000002,1100917,0.16950142472139135,0.99999464117294,0.28986932292576845
0.18,1101007,0.16948756910719007,0.99999464117294,0.28984906202552785
0.17996621621621622,1101011,0.16948695335468947,0.99999464117294,0.2898481616068107
0.1799145299145299,1101015,0.16948633760666293,0.99999464117294,0.28984726119368787
0.1798686371100164,1101019,0.16948572186311045,0.99999464117294,0.28984636078615933
0.17986111111111108,1101023,0.16948510612403192,0.99999464117294,0.28984546038422493
0.17980392156862743,1101027,0.16948449038942734,0.99999464117294,0.2898445599878848
0.1797979797979798,1101055,0.16948018037246096,0.99999464117294,0.28983825737013486
0.17977477477477477,1101059,0.169479564673646,0.99999464117294,0.2898373570185459
0.17976190476190476,1101063,0.16947894897930454,0.99999464117294,0.28983645667255065
0.17971014492753623,1101125,0.1694694062890226,0.99999464117294,0.28982250202487625
0.1796969696969697,1101129,0.1694687906684866,0.99999464117294,0.2898216017711691
0.17967741935483872,1101131,0.16946848285989588,0.99999464117294,0.28982115164641287
0.1796774193548387,1101138,0.16946740553863368,0.99999464117294,0.2898195762207765
0.17965909090909088,1101144,0.16946648213131071,0.99999464117294,0.2898182258695774
0.1795779220779221,1101146,0.16946617433110595,0.99999464117294,0.28981777575530726
0.17956043956043957,1101150,0.16946555873405075,0.99999464117294,0.2898168755309616
0.1795093795093795,1101154,0.16946494314146796,0.99999464117294,0.2898159753122083
0.17946969696969697,1101158,0.16946432755335747,0.99999464117294,0.28981507509904747
0.17944444444444446,1101161,0.16946386586520953,0.99999464117294,0.2898143999428469
0.17942028985507244,1101163,0.1694635580745085,0.99999464117294,0.28981394984046077
0.17937499999999998,1101172,0.16946217303018965,0.99999464117294,0.28981192439702436
0.1793743890518084,1101174,0.16946186524563783,0.99999464117294,0.28981147430232757
0.17935483870967744,1101176,0.16946155746220404,0.99999464117294,0.2898110242090288
0.17922077922077922,1101216,0.16945540202830325,0.99999464117294,0.2898020226366335
0.17920122887864823,1101218,0.1694550942683465,0.99999464117294,0.2898015725726923
0.17916666666666667,1101261,0.1694484776996552,0.99999464117294,0.28979189653606074
0.17916666666666664,1101265,0.16944786223116143,0.99999464117294,0.2897909964724783
0.17912186379928316,1101277,0.16944601585250577,0.99999464117294,0.2897882963152766
0.17909090909090908,1101279,0.16944570812664184,0.99999464117294,0.2897878462939683
0.1790719696969697,1101285,0.16944478495575624,0.99999464117294,0.2897864962384298
0.17904761904761904,1101291,0.16944386179492976,0.99999464117294,0.2897851461954703
0.17903311965811966,1101292,0.16944370793577,0.99999464117294,0.28978492118953336
0.1790229885057471,1101296,0.169443092501925,0.99999464117294,0.2897840211692797
0.1788636363636364,1101300,0.1694424770725506,0.99999464117294,0.28978312115461663
0.17885714285714285,1101304,0.1694418616476468,0.99999464117294,0.2897822211455441
0.17884615384615385,1101315,0.16944016925221214,0.99999464117294,0.2897797461494204
0.1788235294117647,1101325,0.1694386307402447,0.99999464117294,0.28977749618963095
0.17881944444444445,1101329,0.1694380153432807,0.99999464117294,0.2897765962154981
0.1788076923076923,1101331,0.16943770764647503,0.99999464117294,0.289776146230528
0.17880061115355234,1101333,0.1694373999507869,0.99999464117294,0.2897756962469554
0.1787581699346405,1101337,0.16943678456276326,0.99999464117294,0.2897747962840028
0.17875000000000002,1101339,0.16943647687042773,0.99999464117294,0.2897743463046228
0.17871794871794872,1101341,0.1694361691792097,0.99999464117294,0.28977389632664025
0.17871572871572872,1101342,0.16943601533401978,0.99999464117294,0.28977367133817306
0.17866666666666667,1101412,0.16942524686493338,0.99999464117294,0.2897579230136178
0.17863636363636365,1101414,0.16942493921450064,0.99999464117294,0.2897574730866398
0.17861471861471861,1101420,0.1694240162699061,0.99999464117294,0.2897561233140894
0.17859879584017513,1101422,0.16942370862394251,0.99999464117294,0.28975567339270053
0.17857905982905983,1101424,0.16942340097909614,0.99999464117294,0.28975522347270877
0.17857142857142858,1101633,0.1693912582502521,0.99999464117294,0.28970821453439227
0.17857142857142855,1101643,0.16938972062637353,0.99999464117294,0.2897059656852585
0.1785561497326203,1101647,0.16938910558463827,0.99999464117294,0.2897050661553807
0.17847222222222223,1101651,0.16938849054736935,0.99999464117294,0.28970416663108894
0.1783730158730159,1101653,0.16938818303040976,0.99999464117294,0.2897037168710378
0.17834733893557422,1101655,0.16938787551456672,0.99999464117294,0.28970326711238314
0.17833333333333334,1101663,0.1693866454623601,0.99999464117294,0.28970146809172914
0.17833333333333332,1101687,0.1693829554129258,0.99999464117294,0.289696071163825
0.17828282828282827,1101691,0.1693823404203175,0.99999464117294,0.2896951716953906
0.17826839826839824,1101693,0.16938203292568801,0.99999464117294,0.2896947219632679
0.17825396825396822,1101697,0.16938141793977837,0.99999464117294,0.2896938225032116
0.17820512820512818,1101759,0.16937188622920257,0.99999464117294,0.2896798815865355
0.17809523809523808,1101761,0.1693715787725287,0.99999464117294,0.2896794319018853
0.17805194805194804,1101765,0.16937096386252967,0.99999464117294,0.2896785325367731
0.17804347826086958,1101775,0.16936942660706586,0.99999464117294,0.2896762841484248
0.17803030303030304,1101777,0.1693691191593217,0.99999464117294,0.2896758344749434
0.178030303030303,1101781,0.16936850426718195,0.99999464117294,0.28967493513216896
0.17792207792207793,1101783,0.16936819682278634,0.99999464117294,0.2896744854628758
0.1778730158730159,1101785,0.1693678893795069,0.99999464117294,0.2896740357949787
0.17784615384615385,1101787,0.1693675819373436,0.99999464117294,0.2896735861284777
0.17783251231527092,1101791,0.1693669670563655,0.99999464117294,0.2896726867996638
0.17779220779220778,1101807,0.16936450757709834,0.99999464117294,0.28966908954024906
0.17777777777777778,1101818,0.1693628167265374,0.99999464117294,0.28966661647622755
0.17777777777777776,1101917,0.1693476005906071,0.99999464117294,0.2896443608001397
0.1776923076923077,1101923,0.16934667848842433,0.99999464117294,0.28964301208119947
0.17769230769230768,1101927,0.16934606375921454,0.99999464117294,0.28964211294221737
0.17767857142857144,1101931,0.1693454490344677,0.99999464117294,0.2896412138088176
0.17763888888888887,1101933,0.16934514167376782,0.99999464117294,0.2896407642442111
0.17761904761904762,1101934,0.1693449879938363,0.99999464117294,0.2896405394624312
0.17755494505494507,1101938,0.1693443732768994,0.99999464117294,0.28963964033880046
0.17755255255255256,1101940,0.16934406592010454,0.99999464117294,0.28963919077907846
0.17751552795031056,1101942,0.16934375856442535,0.99999464117294,0.28963874122075195
0.17750000000000002,1101946,0.16934314385641402,0.99999464117294,0.2896378421082857
0.17748792270531402,1101950,0.16934252915286538,0.99999464117294,0.2896369430014016
0.17747611865258925,1101951,0.1693423754776755,0.99999464117294,0.2896367182255527
0.17747584541062802,1101955,0.16934176077970517,0.99999464117294,0.2896358191256462
0.17747252747252745,1101959,0.1693411460861974,0.99999464117294,0.28963492003132163
0.17745098039215687,1101961,0.16934083874111697,0.99999464117294,0.28963447048625257
0.17738636363636365,1101965,0.169340224054303,0.99999464117294,0.28963357140030094
0.1773809523809524,1101969,0.16933960937195147,0.99999464117294,0.2896326723199312
0.17738095238095236,1102037,0.16932916045468527,0.99999464117294,0.2896173888076235
0.17733333333333332,1102043,0.1693282385533051,0.99999464117294,0.2896160403398592
0.1773273273273273,1102047,0.16932762395796186,0.99999464117294,0.2896151413683259
0.1772727272727273,1102051,0.16932700936708012,0.99999464117294,0.2896142424023733
0.17727272727272728,1102055,0.16932639478065978,0.99999464117294,0.2896133434420015
0.17727272727272725,1102057,0.16932608748912262,0.99999464117294,0.2896128939639084
0.17714285714285716,1102063,0.16932516562120314,0.99999464117294,0.289611545538
0.17714285714285713,1102091,0.16932086370363245,0.99999464117294,0.2896052530497812
0.17713286713286713,1102095,0.16932024916182362,0.99999464117294,0.2896043541452142
0.17703296703296703,1102099,0.16931963462447566,0.99999464117294,0.2896034552462274
0.17702991452991454,1102101,0.1693193273574745,0.99999464117294,0.28960300579882653
0.17702020202020202,1102105,0.16931871282681776,0.99999464117294,0.2896021069082099
0.17701149425287355,1102192,0.16930534788857113,0.99999464117294,0.2895825574177529
0.17700000000000002,1102198,0.16930442624646388,0.99999464117294,0.2895812092743206
0.176971916971917,1102202,0.16930381182396692,0.99999464117294,0.28958031051900585
0.17696969696969697,1102208,0.16930289019858322,0.99999464117294,0.2895789623964941
0.17694444444444446,1102240,0.16929797503266075,0.99999464117294,0.28957177262175215
0.17692307692307693,1102326,0.16928476693827416,0.99999464117294,0.2895524518710811
0.1769230769230769,1102332,0.1692838455202244,0.99999464117294,0.2895511040079445
0.17683982683982682,1102336,0.16928323124709707,0.99999464117294,0.28955020543949156
0.17679347826086958,1102340,0.1692826169784277,0.99999464117294,0.2895493068766156
0.1767857142857143,1102342,0.16928230984576476,0.99999464117294,0.2895488575972691
0.17678571428571427,1102362,0.16927923858043004,0.99999464117294,0.28954436488048596
0.17672413793103448,1102366,0.1692786243407362,0.99999464117294,0.28954346635385975
0.1767226890756302,1102368,0.1692783172225609,0.99999464117294,0.2895430170926379
0.1766798418972332,1102372,0.16927770298955344,0.99999464117294,0.2895421185743766
0.1766666666666667,1102376,0.1692770887610035,0.99999464117294,0.28954122006169203
0.17666666666666667,1102439,0.1692674152492791,0.99999464117294,0.2895270692224566
0.17656565656565656,1102441,0.16926710817177518,0.99999464117294,0.28952662001211743
0.17654761904761904,1102443,0.16926680109538544,0.99999464117294,0.2895261708031723
0.17653846153846153,1102451,0.16926557280096802,0.99999464117294,0.2895243739813305
0.17653594771241826,1102455,0.1692649586604442,0.99999464117294,0.2895234755787731
0.1765070055392636,1102459,0.16926434452437686,0.99999464117294,0.28952257718179114
0.1764957264957265,1102463,0.16926373039276602,0.99999464117294,0.2895216787903847
0.17649572649572648,1102467,0.16926311626561158,0.99999464117294,0.28952078040455365
0.17647619047619048,1102469,0.1692628092037055,0.99999464117294,0.2895203312137289
0.17647058823529413,1102477,0.169261580967222,0.99999464117294,0.2895185344643681
0.17644444444444446,1102481,0.16926096685566464,0.99999464117294,0.28951763609805065
0.17642857142857143,1102485,0.16926035274856346,0.99999464117294,0.2895167377373083
0.1764102564102564,1102503,0.16925758932175242,0.99999464117294,0.2895126951829594
0.1764069264069264,1102505,0.16925728227989895,0.99999464117294,0.2895122460172227
0.1763768115942029,1102514,0.1692559006053438,0.99999464117294,0.28951022478865457
0.17636363636363636,1102697,0.16922781144775037,0.99999464117294,0.2894691325946925
0.17634408602150536,1102759,0.16921829701684593,0.99999464117294,0.2894552132945856
0.1762987012987013,1102763,0.1692176832193318,0.99999464117294,0.2894543153211915
0.17619047619047618,1102781,0.1692149211856207,0.99999464117294,0.2894502745098647
0.1761111111111111,1102801,0.16921185236502326,0.99999464117294,0.2894457848518197
0.17609890109890108,1102803,0.16921154548908554,0.99999464117294,0.2894453358936755
0.1760869565217391,1102808,0.16921077830411096,0.99999464117294,0.28944421350440824
0.17606837606837608,1102816,0.16920955082262137,0.99999464117294,0.2894424176996861
0.1760591133004926,1102819,0.16920909052165406,0.99999464117294,0.2894417442786602
0.17604527604527606,1102823,0.16920847679092657,0.99999464117294,0.2894408463888335
0.17604166666666665,1102865,0.1692020328870714,0.99999464117294,0.2894314188819773
0.17595238095238097,1102869,0.16920141920753962,0.99999464117294,0.2894305210562112
0.1759090909090909,1102871,0.16920111236944302,0.99999464117294,0.2894300721454169
0.17583333333333334,1102877,0.16920019186183047,0.99999464117294,0.28942872542138914
0.17579937304075233,1102878,0.16920003844486878,0.99999464117294,0.289428500968603
0.17575757575757578,1102882,0.16919942477980418,0.99999464117294,0.2894276031609396
0.17575757575757575,1102909,0.16919528265704606,0.99999464117294,0.289421543104899
0.17575000000000002,1102913,0.16919466902647806,0.99999464117294,0.28942064534040157
0.1757347915242652,1102915,0.1691943622128632,0.99999464117294,0.28942019646024153
0.1757142857142857,1102923,0.16919313496953098,0.99999464117294,0.289418400953525
0.17567226890756302,1102927,0.16919252135454113,0.99999464117294,0.2894175032085209
0.17564935064935067,1102929,0.16919221454871528,0.99999464117294,0.2894170543381074
0.17564102564102563,1102953,0.16918853296559327,0.99999464117294,0.28941166800174634
0.17563636363636365,1102955,0.16918822617423196,0.99999464117294,0.2894112191494328
0.17561853351327036,1102957,0.16918791938398323,0.99999464117294,0.2894107702985115
0.17555555555555555,1102970,0.16918592527448617,0.99999464117294,0.2894078528014591
0.17555555555555552,1102980,0.16918439137609023,0.99999464117294,0.28940560861298337
0.17554347826086958,1102982,0.16918408459974868,0.99999464117294,0.2894051597794648
0.1754945054945055,1102984,0.16918377782451965,0.99999464117294,0.2894047109473384
0.1754901960784314,1102988,0.1691831642773992,0.99999464117294,0.28940381328726206
0.17549019607843136,1103023,0.1691777959299126,0.99999464117294,0.28939595899912457
0.17545454545454547,1103046,0.16917426834420324,0.99999464117294,0.28939079784190175
0.17539682539682538,1103050,0.1691736548660532,0.99999464117294,0.28938990026813305
0.1753846153846154,1103052,0.1691733481286467,0.99999464117294,0.2893894514833367
0.17535714285714285,1103054,0.1691730413923525,0.99999464117294,0.28938900269993223
0.1753448275862069,1103057,0.1691725812899968,0.99999464117294,0.28938832952743543
0.17533333333333334,1103066,0.16917120099794572,0.99999464117294,0.28938631002873594
0.17528957528957528,1103070,0.16917058754204176,0.99999464117294,0.28938541248280575
0.1752747252747253,1103074,0.16916997409058684,0.99999464117294,0.28938451494244316
0.17523809523809522,1103088,0.16916782704553038,0.99999464117294,0.28938137359501775
0.17519032691446484,1103092,0.16916721361409565,0.99999464117294,0.2893804760797084
0.1751748251748252,1103094,0.1691669069000466,0.99999464117294,0.28938002732414153
0.17507331378299118,1103096,0.16916660018710974,0.99999464117294,0.28937957856996643
0.17507309941520469,1103100,0.16916598676457256,0.99999464117294,0.2893786810657916
0.17503030303030304,1103101,0.1691658334096334,0.99999464117294,0.2893784566906178
0.17500000000000002,1103119,0.16916307306827277,0.99999464117294,0.28937441799698693
0.175,1103320,0.16913225537468732,0.99999464117294,0.28932932690816854
0.17493243243243245,1103322,0.16913194878738935,0.99999464117294,0.28932887831122617
0.17491039426523297,1103326,0.16913133561612798,0.99999464117294,0.28932798112151475
0.17487179487179488,1103330,0.16913072244931254,0.99999464117294,0.28932708393736756
0.17482905982905983,1103336,0.16912980270742548,0.99999464117294,0.2893257381715795
0.1748076923076923,1103340,0.16912918955172476,0.99999464117294,0.2893248410013427
0.17478991596638654,1103342,0.16912888297554157,0.99999464117294,0.28932439241831076
0.17478927203065134,1103344,0.16912857640046985,0.99999464117294,0.28932394383666993
0.17477477477477477,1103379,0.16912321151662302,0.99999464117294,0.28931609388311663
0.17476190476190476,1103387,0.16912198530524647,0.99999464117294,0.2893142996678282
0.17476190476190473,1103394,0.16912091238487792,0.99999464117294,0.28931272974770583
0.17474747474747473,1103396,0.16912060583870162,0.99999464117294,0.2893122812022288
0.17467741935483871,1103402,0.1691196862068403,0.99999464117294,0.2893109355741428
0.17465686274509803,1103406,0.1691190731244891,0.99999464117294,0.28931003849570625
0.17456140350877192,1103418,0.16911723390410524,0.99999464117294,0.2893073472937755
0.17454545454545453,1103426,0.16911600777940705,0.99999464117294,0.28930555318697027
0.17450000000000002,1103430,0.1691153947237251,0.99999464117294,0.2893046561419121
0.1744755244755245,1103432,0.16911508819755092,0.99999464117294,0.28930420762146913
0.17444444444444446,1103470,0.1691092644113569,0.99999464117294,0.2892956859972808
0.17444444444444443,1103480,0.1691077319027078,0.99999464117294,0.28929344354803704
0.17440711462450595,1103485,0.16910696565879918,0.99999464117294,0.2892923223364517
0.174375,1103489,0.16910635266867183,0.99999464117294,0.2892914253734409
0.17435897435897435,1103494,0.169105586437262,0.99999464117294,0.2892903041774991
0.17432432432432432,1103496,0.16910527994664232,0.99999464117294,0.28928985570155585
0.17430555555555555,1103500,0.16910466696873583,0.99999464117294,0.28928895875384075
0.17425837320574164,1103504,0.16910405399527323,0.99999464117294,0.28928806181168765
0.17419580419580422,1103509,0.1691032877846941,0.99999464117294,0.28928694064181776
0.1741666666666667,1103511,0.16910298130240659,0.99999464117294,0.2892864921763031
0.17416666666666666,1103512,0.16910282806167945,0.99999464117294,0.28928626794406725
0.17415458937198067,1103522,0.16910129566968307,0.99999464117294,0.2892840256408269
0.17413890457368716,1103526,0.16910068272066087,0.99999464117294,0.2892831287292638
0.1741346153846154,1103530,0.16910006977608222,0.99999464117294,0.28928223182326235
0.17412186379928316,1103540,0.1690985374340758,0.99999464117294,0.28927998958259055
0.17411477411477413,1103544,0.16909792450504918,0.99999464117294,0.28927909269605445
0.1740909090909091,1103548,0.16909731158046593,0.99999464117294,0.28927819581507974
0.17408109132247063,1103550,0.16909700511984052,0.99999464117294,0.2892777473766779
0.17407894736842106,1103554,0.16909639220192216,0.99999464117294,0.2892768505040453
0.17404761904761903,1103556,0.16909608574462917,0.99999464117294,0.28927640206981436
0.17403846153846153,1103564,0.1690948599265652,0.99999464117294,0.289274608346794
0.1740229885057471,1103592,0.16909056970329614,0.99999464117294,0.28926833049139666
0.17400000000000002,1103594,0.1690902632671073,0.99999464117294,0.28926788208358073
0.174,1103598,0.16908965039806162,0.99999464117294,0.28926698527211936
0.17398373983739837,1103604,0.1690887311028231,0.99999464117294,0.28926564006535355
0.17398351648351648,1103608,0.16908811824488404,0.99999464117294,0.2892647432677939
0.17398190045248868,1103610,0.16908781181758048,0.99999464117294,0.2892642948710992
0.173963133640553,1103612,0.16908750539138756,0.99999464117294,0.28926384647579484
0.17395256916996046,1103618,0.1690865861194725,0.99999464117294,0.2892625012982222
0.17393939393939395,1103622,0.1690859732770822,0.99999464117294,0.28926160452012434
0.17389162561576355,1103624,0.16908566685755294,0.99999464117294,0.2892611561331605
0.17381944444444444,1103628,0.1690850540218262,0.99999464117294,0.28926025936340327
0.1738095238095238,1103653,0.16908122389917846,0.99999464117294,0.28925465467839456
0.17374458874458873,1103655,0.1690809174968627,0.99999464117294,0.2892542063129765
0.17370766488413547,1103660,0.16908015149593172,0.99999464117294,0.28925308540551264
0.17367816091954022,1103667,0.1690790791062884,0.99999464117294,0.289251516149658
0.17365034965034967,1103671,0.16907846631831405,0.99999464117294,0.2892506194396715
0.17363636363636364,1103677,0.16907754714468093,0.99999464117294,0.2892492743851165
0.17362637362637362,1103690,0.16907555563609347,0.99999464117294,0.2892463601431607
0.1736111111111111,1103704,0.16907341098700376,0.99999464117294,0.28924322179441875
0.1735897435897436,1103712,0.16907218549766606,0.99999464117294,0.28924142848285694
0.17353535353535354,1103716,0.1690715727596592,0.99999464117294,0.289240531835415
0.1735344827586207,1103720,0.16907096002609356,0.99999464117294,0.2892396351935322
0.17352941176470588,1103721,0.16907080684339612,0.99999464117294,0.28923941103393014
0.17352564102564103,1103723,0.1690705004788339,0.99999464117294,0.28923896271576827
0.1735064935064935,1103728,0.1690697345722859,0.99999464117294,0.289237841926444
0.17347670250896055,1103732,0.16906912185204379,0.99999464117294,0.2892369453012384
0.17346542346542349,1103741,0.16906774324773657,0.99999464117294,0.28923492791485095
0.17345238095238097,1103743,0.16906743689427703,0.99999464117294,0.28923447961058657
0.1734090909090909,1103751,0.1690662114915411,0.99999464117294,0.2892326864074261
0.1733636363636364,1103753,0.16906590514363268,0.99999464117294,0.2892322381101103
0.17333333333333334,1103790,0.169060237907573,0.99999464117294,0.28922394486042285
0.1733333333333333,1103794,0.16905962525616192,0.99999464117294,0.2892230483213758
0.17326797385620915,1103795,0.16905947209400296,0.99999464117294,0.2892228241874825
0.17326797385620912,1103799,0.16905885944814228,0.99999464117294,0.2892219276553832
0.1732174688057041,1103803,0.16905824680672185,0.99999464117294,0.2892210311288419
0.1732142857142857,1103807,0.16905763416974162,0.99999464117294,0.28922013460785867
0.1732034632034632,1103809,0.16905732785291658,0.99999464117294,0.2892196863494514
0.17320099255583127,1103815,0.16905640890910162,0.99999464117294,0.2892183415825663
0.1731111111111111,1103820,0.1690556431302205,0.99999464117294,0.28921722095304814
0.17307692307692307,1103830,0.1690541115932707,0.99999464117294,0.289214979720064
0.173030303030303,1103834,0.16905349898626063,0.99999464117294,0.28921408323659653
0.173015873015873,1103838,0.16905288638369037,0.99999464117294,0.28921318675868657
0.17301075268817204,1103846,0.16905166119186915,0.99999464117294,0.2892113938195394
0.17285714285714285,1103848,0.16905135489668868,0.99999464117294,0.2892109455882262
0.17285353535353537,1103850,0.1690510486026181,0.99999464117294,0.28921049735830223
0.1728448275862069,1103854,0.1690504360178067,0.99999464117294,0.28920960090262243
0.17277777777777778,1103856,0.16905012972706585,0.99999464117294,0.2892091526768666
0.17272727272727276,1103858,0.16904982343743488,0.99999464117294,0.2892087044525001
0.17272727272727273,1103951,0.16903558219522424,0.99999464117294,0.2891878635537004
0.17270833333333332,1103957,0.1690346634877989,0.99999464117294,0.28918651908272736
0.17268817204301073,1103967,0.1690331323309483,0.99999464117294,0.28918427832555255
0.17264957264957265,1103990,0.16902961077545992,0.99999464117294,0.28917912471582935
0.17261904761904762,1103996,0.1690286921329425,0.99999464117294,0.28917778032611086
0.17256944444444444,1104000,0.16902807971014494,0.99999464117294,0.289176884073243
0.17253968253968255,1104004,0.16902746729178517,0.99999464117294,0.2891759878259306
0.17252747252747253,1104024,0.16902440526655219,0.99999464117294,0.28917150667269986
0.17250000000000001,1104042,0.16902164953869508,0.99999464117294,0.2891674737535351
0.1725,1104072,0.16901705685861068,0.99999464117294,0.2891607524715654
0.1724630541871921,1104074,0.16901675068881253,0.99999464117294,0.28916030439721013
0.17244755244755244,1104080,0.16901583218607347,0.99999464117294,0.28915896018247633
0.17242424242424242,1104082,0.16901552602071224,0.99999464117294,0.2891585121136756
0.17232905982905986,1104090,0.1690143013703593,0.99999464117294,0.28915671985235897
0.17228084415584416,1104094,0.16901368905183797,0.99999464117294,0.2891558237300322
0.1722640195053988,1104096,0.1690133828942411,0.99999464117294,0.2891553756709516
0.17222222222222225,1104098,0.16901307673775334,0.99999464117294,0.2891549276132597
0.17222222222222222,1104146,0.16900572931478264,0.99999464117294,0.2891441746452073
0.1722222222222222,1104155,0.1690043517440939,0.99999464117294,0.28914215855273195
0.17219780219780217,1104171,0.1690019027849853,0.99999464117294,0.28913857445774993
0.17215686274509803,1104175,0.1690012905562977,0.99999464117294,0.28913767844788785
0.1720833333333333,1104182,0.1690002191667678,0.99999464117294,0.2891361104439917
0.17207792207792208,1104184,0.1689999130579686,0.99999464117294,0.28913566244600214
0.172020202020202,1104186,0.1689996069502783,0.99999464117294,0.28913521444940093
0.17200000000000001,1104190,0.1689989947382244,0.99999464117294,0.2891343184603633
0.1719512195121951,1104194,0.16899838253060603,0.99999464117294,0.28913342247687873
0.17192307692307693,1104202,0.16899715812867575,0.99999464117294,0.28913163052656865
0.1719047619047619,1104208,0.16899623983887094,0.99999464117294,0.2891302865784124
0.17189898989898988,1104210,0.16899593374448701,0.99999464117294,0.28912983859847013
0.17186480186480188,1104214,0.16899532155904562,0.99999464117294,0.28912894264275013
0.1718500797448166,1104224,0.16899379111484628,0.99999464117294,0.2891267027777433
0.17182905982905985,1104230,0.1689928728616321,0.99999464117294,0.28912535887539725
0.1718253968253968,1104231,0.1689927198203999,0.99999464117294,0.2891251348928875
0.17180076628352492,1104233,0.16899241373876708,0.99999464117294,0.2891246869289091
0.1717948717948718,1104235,0.16899210765824305,0.99999464117294,0.2891242389663189
0.17172043010752688,1104237,0.16899180157882773,0.99999464117294,0.2891237910051168
0.17166666666666666,1104266,0.16898736355189783,0.99999464117294,0.2891172957236725
0.17160083160083162,1104268,0.16898705748966736,0.99999464117294,0.28911684778398544
0.1715948275862069,1104272,0.16898644536853238,0.99999464117294,0.28911595190877537
0.1715909090909091,1104276,0.16898583325183197,0.99999464117294,0.28911505603911736
0.17159090909090907,1104277,0.16898568022334975,0.99999464117294,0.2891148320725704
0.1715151515151515,1104281,0.16898506811219247,0.99999464117294,0.2891139362098523
0.17149321266968326,1104285,0.1689844560054696,0.99999464117294,0.2891130403526861
0.17145593869731798,1104305,0.1689813955383703,0.99999464117294,0.2891085611501318
0.17142857142857143,1104347,0.16897496891828384,0.99999464117294,0.2890991552765201
0.1714285714285714,1104351,0.16897435688472234,0.99999464117294,0.28909825951095275
0.17136752136752137,1104355,0.16897374485559444,0.99999464117294,0.2890973637509363
0.17136363636363638,1104357,0.16897343884269309,0.99999464117294,0.28909691587300973
0.17136363636363636,1104365,0.1689722148021714,0.99999464117294,0.2890951243751806
0.17125391849529778,1104377,0.16897037877463947,0.99999464117294,0.2890924371700679
0.1711111111111111,1104395,0.1689676248081529,0.99999464117294,0.28908840645606554
0.17106060606060608,1104399,0.16896701282779142,0.99999464117294,0.28908751075710665
0.17104105571847505,1104403,0.16896640085186296,0.99999464117294,0.2890866150636982
0.17102564102564102,1104407,0.16896578888036748,0.99999464117294,0.28908571937583993
0.17102150537634409,1104408,0.16896563588818625,0.99999464117294,0.28908549545474266
0.17098214285714286,1104412,0.16896502392223192,0.99999464117294,0.2890845997738222
0.170979020979021,1104414,0.16896471794091708,0.99999464117294,0.2890841519354434
0.17097902097902096,1104418,0.16896410598161204,0.99999464117294,0.28908325626284836
0.17094017094017094,1104419,0.1689639529924784,0.99999464117294,0.28908303234556676
0.17090909090909093,1104421,0.16896364701504227,0.99999464117294,0.28908258451204427
0.1709090909090909,1104435,0.16896150520401834,0.99999464117294,0.28907944971623717
0.17083333333333334,1104447,0.16895966940921564,0.99999464117294,0.2890767628025142
0.1707885304659498,1104459,0.16895783365430495,0.99999464117294,0.28907407593873896
0.17076923076923078,1104463,0.16895722174486605,0.99999464117294,0.2890731803285799
0.17074372759856632,1104467,0.1689566098398594,0.99999464117294,0.28907228472397034
0.17071428571428574,1104473,0.1689556919906598,0.99999464117294,0.28907094132746125
0.1706896551724138,1104478,0.16895492712394453,0.99999464117294,0.2890698218399084
0.17065040650406504,1104480,0.16895462117919746,0.99999464117294,0.2890693740473152
0.17062500000000003,1104488,0.1689533974112892,0.99999464117294,0.28906758289081524
0.1705865102639296,1104490,0.16895309147208215,0.99999464117294,0.2890671351051586
0.17055167055167056,1104494,0.16895247959699192,0.99999464117294,0.28906623953800703
0.1705357142857143,1104498,0.16895186772633358,0.99999464117294,0.2890653439764047
0.17053140096618358,1104502,0.1689512558601071,0.99999464117294,0.2890644484203515
0.17051282051282052,1104506,0.16895064399831236,0.99999464117294,0.28906355286984725
0.17048611111111112,1104510,0.1689500321409494,0.99999464117294,0.2890626573248921
0.1704861111111111,1104526,0.1689475847558138,0.99999464117294,0.2890590752005601
0.17047619047619048,1104530,0.16894697292060876,0.99999464117294,0.2890581796833491
0.17046153846153847,1104532,0.16894666700466804,0.99999464117294,0.2890577319268243
0.17045454545454547,1104536,0.16894605517611014,0.99999464117294,0.28905683641793634
0.1704273504273504,1104540,0.16894544335198364,0.99999464117294,0.28905594091459696
0.17039682539682538,1104542,0.16894513744158213,0.99999464117294,0.28905549316500795
0.17034632034632036,1104548,0.16894421971702453,0.99999464117294,0.2890541499245638
0.17034482758620692,1104550,0.16894391381105428,0.99999464117294,0.28905370218052323
0.1703448275862069,1104552,0.16894360790619184,0.99999464117294,0.28905325443786983
0.17033492822966506,1104554,0.16894330200243718,0.99999464117294,0.2890528066966035
0.17033333333333334,1104558,0.16894269019825126,0.99999464117294,0.2890519112182322
0.17027777777777778,1104560,0.16894238429781994,0.99999464117294,0.2890514634811272
0.17023809523809524,1104564,0.16894177250028064,0.99999464117294,0.2890505680110783
0.1702020202020202,1104582,0.1689390194661872,0.99999464117294,0.2890465384645172
0.17017388741526673,1104589,0.16893794886604882,0.99999464117294,0.2890449714489733
0.17012987012987013,1104591,0.1689376429827873,0.99999464117294,0.28904452373336725
0.17006237006237007,1104593,0.16893733710063344,0.99999464117294,0.28904407601914806
0.1700430004777831,1104594,0.1689371841599719,0.99999464117294,0.28904385216255857
0.17,1104626,0.16893229020501058,0.99999464117294,0.28903668893477097
0.16999999999999998,1104986,0.16887725274347368,0.99999464117294,0.28895612708018154
0.1699770817417876,1104988,0.16887694707996828,0.99999464117294,0.2889556796397635
0.1699346405228758,1104992,0.16887633575627697,0.99999464117294,0.28895478476308456
0.16991645781119463,1104994,0.168876030096091,0.99999464117294,0.2889543373268235
0.16984126984126985,1105006,0.1688741961582109,0.99999464117294,0.2889516527383568
0.1697727272727273,1105008,0.1688738905057701,0.99999464117294,0.28895120531179547
0.1697444831591173,1105010,0.1688735848544357,0.99999464117294,0.2889507578866197
0.1697326203208556,1105011,0.16887343202918342,0.99999464117294,0.28895053417455147
0.1696969696969697,1105099,0.16885998449007736,0.99999464117294,0.28893084886897724
0.16969696969696968,1105136,0.16885433105065803,0.99999464117294,0.2889225728937004
0.16968253968253968,1105137,0.1688541782602519,0.99999464117294,0.2889223492252728
0.16968253968253966,1105143,0.16885326152362182,0.99999464117294,0.28892100722198005
0.16967741935483874,1105147,0.16885265037139854,0.99999464117294,0.28892011256004424
0.16964285714285715,1105149,0.16885234479694594,0.99999464117294,0.28891966523115414
0.16963562753036437,1105151,0.16885203922359932,0.99999464117294,0.28891921790364916
0.16959345002823262,1105153,0.1688517336513587,0.99999464117294,0.28891877057752946
0.16952380952380952,1105287,0.168831262830378,0.99999464117294,0.2888888028825872
0.16948051948051945,1105289,0.16883095733333092,0.99999464117294,0.28888835565064397
0.16944444444444445,1105492,0.16879995513309912,0.99999464117294,0.2888429688104636
0.16944444444444443,1105500,0.16879873360470377,0.99999464117294,0.28884118045859947
0.1694083694083694,1105502,0.1687984282253673,0.99999464117294,0.28884073337409355
0.1694080338266385,1105506,0.16879781747000921,0.99999464117294,0.2888398392092339
0.1694055944055944,1105507,0.16879766478186026,0.99999464117294,0.288839615668884
0.16937500000000003,1105508,0.16879751209398755,0.99999464117294,0.28883939212888
0.16936826458565588,1105512,0.16879690134525904,0.99999464117294,0.2888384979723246
0.16935483870967744,1105514,0.16879659597255214,0.99999464117294,0.2888380508961228
0.1693548387096774,1105516,0.16879629060095014,0.99999464117294,0.28883760382130513
0.16933333333333334,1105518,0.16879598523045306,0.99999464117294,0.2888371567478713
0.16932773109243696,1105522,0.16879537449277354,0.99999464117294,0.2888362626051558
0.16924242424242422,1105526,0.16879476375951358,0.99999464117294,0.2888353684679762
0.16923371647509577,1105530,0.16879415303067308,0.99999464117294,0.2888344743363325
0.16923371647509575,1105534,0.16879354230625201,0.99999464117294,0.2888335802102246
0.1692192192192192,1105544,0.16879201551453402,0.99999464117294,0.2888313449191736
0.16920405982905984,1105548,0.16879140480558058,0.99999464117294,0.2888304508124406
0.16918767507002802,1105552,0.16879079410104636,0.99999464117294,0.28882955671124316
0.16914285714285715,1105556,0.1687901834009313,0.99999464117294,0.2888286626155813
0.1691304347826087,1105558,0.16878987805253093,0.99999464117294,0.2888282155698262
0.16912280701754384,1105562,0.16878926735904454,0.99999464117294,0.2888273214824675
0.16911525974025973,1105566,0.1687886566699772,0.99999464117294,0.28882642740064424
0.16910408432147564,1105568,0.16878835132710063,0.99999464117294,0.2888259803618083
0.16909090909090913,1105570,0.16878804598532884,0.99999464117294,0.28882553332435623
0.16904761904761906,1105572,0.16878774064466176,0.99999464117294,0.288825086288288
0.169017199017199,1105576,0.16878712996664183,0.99999464117294,0.288824192220303
0.16898395721925133,1105578,0.16878682462928893,0.99999464117294,0.2888237451883862
0.16895604395604397,1105579,0.16878667196102676,0.99999464117294,0.2888235216729467
0.16891996891996894,1105583,0.1687860612907398,0.99999464117294,0.2888226276146483
0.16888888888888887,1105587,0.16878545062487169,0.99999464117294,0.28882173356188506
0.16886363636363638,1105617,0.16878087077170484,0.99999464117294,0.2888150283425874
0.16884615384615387,1105619,0.1687805654569974,0.99999464117294,0.28881458133903715
0.16882352941176473,1105621,0.16878026014339453,0.99999464117294,0.2888141343368707
0.1688235294117647,1105622,0.1687801074870073,0.99999464117294,0.2888139108363062
0.16874999999999998,1105627,0.16877934420921342,0.99999464117294,0.28881279333867294
0.1687179487179487,1105631,0.16877873359194884,0.99999464117294,0.28881189934679263
0.1686813186813187,1105639,0.16877751237067434,0.99999464117294,0.28881011137963564
0.1686666666666667,1105640,0.1687773597192576,0.99999464117294,0.2888098878852976
0.16865258924082455,1105644,0.1687767491163521,0.99999464117294,0.2888089939114043
0.16865079365079366,1105645,0.16877659646631604,0.99999464117294,0.28880877041879566
0.16862745098039217,1105649,0.16877598586893308,0.99999464117294,0.2888078764518203
0.16859903381642513,1105651,0.16877568057189837,0.99999464117294,0.288807429470408
0.16858695652173913,1105655,0.1687750699811424,0.99999464117294,0.288806535511734
0.16857142857142857,1105657,0.16877476468742114,0.99999464117294,0.2888060885344724
0.16856378915202444,1105661,0.16877415410329205,0.99999464117294,0.28880519458409976
0.16856060606060608,1105663,0.1687738488128842,0.99999464117294,0.28880474761098873
0.16853146853146855,1105667,0.1687732382353819,0.99999464117294,0.28880385366891725
0.16849802371541503,1105669,0.1687729329482874,0.99999464117294,0.28880340669995674
0.16846153846153847,1105687,0.1687701854141362,0.99999464117294,0.28879938404156946
0.1684281842818428,1105691,0.16876957486313987,0.99999464117294,0.2887984901327015
0.16841269841269838,1105693,0.1687692695892983,0.99999464117294,0.2887980431803427
0.16836363636363638,1105695,0.16876896431656108,0.99999464117294,0.2887975962293673
0.16835164835164837,1105700,0.1687682011395496,0.99999464117294,0.2887964788579812
0.16833333333333333,1105714,0.16876606428063676,0.99999464117294,0.2887933502640983
0.1682900432900433,1105718,0.16876545375945765,0.99999464117294,0.288792456392582
0.16826388888888888,1105722,0.16876484324269572,0.99999464117294,0.28879156252659927
0.16825396825396827,1105723,0.1687646906141954,0.99999464117294,0.2887913390609681
0.16825396825396824,1105743,0.168761638102163,0.99999464117294,0.28878686982096974
0.16825,1105751,0.16876041712826848,0.99999464117294,0.2887850821637022
0.1681818181818182,1105753,0.16876011188755535,0.99999464117294,0.2887846352528434
0.16818181818181818,1105759,0.1687591961720411,0.99999464117294,0.2887832945285666
0.16815584415584414,1105763,0.16875858570055247,0.99999464117294,0.28878240071929806
0.16813186813186815,1105765,0.1687582804664644,0.99999464117294,0.2887819538167387
0.1680952380952381,1105767,0.16875797523348046,0.99999464117294,0.2887815069155624
0.16809523809523808,1105771,0.16875736477082506,0.99999464117294,0.28878061311735953
0.16806060606060608,1105773,0.16875705954115355,0.99999464117294,0.2887801662203328
0.16805194805194804,1105777,0.16875644908512294,0.99999464117294,0.288779272430429
0.16801075268817203,1105781,0.1687558386335088,0.99999464117294,0.2887783786460578
0.16799999999999998,1105785,0.16875522818631108,0.99999464117294,0.2887774848672192
0.16797979797979795,1105787,0.16875492296436836,0.99999464117294,0.2887770379798746
0.16794871794871796,1105791,0.1687543125237952,0.99999464117294,0.28877614420933473
0.1678947368421053,1105793,0.1687540073051647,0.99999464117294,0.2887756973261395
0.16785714285714284,1105814,0.16875080257620179,0.99999464117294,0.28877100513609333
0.16785117056856189,1105815,0.16875064997309677,0.99999464117294,0.2887707817022755
0.16784836784836785,1105817,0.16875034476771472,0.99999464117294,0.2887703348356771
0.1678163771712159,1105821,0.16874973436026264,0.99999464117294,0.28876944110662944
0.1677996422182469,1105825,0.1687491239572265,0.99999464117294,0.28876854738311386
0.16771241830065356,1105829,0.16874851355860626,0.99999464117294,0.2887676536651303
0.16770833333333332,1105833,0.16874790316440186,0.99999464117294,0.2887667599526787
0.16770114942528735,1105835,0.16874759796895558,0.99999464117294,0.28876631309852735
0.16767676767676767,1105836,0.16874744537164643,0.99999464117294,0.28876608967197026
0.16764705882352943,1105844,0.16874622460310856,0.99999464117294,0.2887643022719606
0.1676470588235294,1105850,0.16874530903829632,0.99999464117294,0.2887629617364742
0.1676190476190476,1105870,0.16874225722734137,0.99999464117294,0.2887584933747422
0.16759906759906762,1105874,0.16874164687839663,0.99999464117294,0.2887575997189903
0.1675213675213675,1105876,0.16874134170558,0.99999464117294,0.2887571528931886
0.1675,1105884,0.16874012102535166,0.99999464117294,0.28875536560381027
0.1674825174825175,1105891,0.1687390529446392,0.99999464117294,0.28875380174375376
0.16742424242424242,1105899,0.16873783229752445,0.99999464117294,0.2887520144958596
0.16739811912225705,1105903,0.16873722198058963,0.99999464117294,0.28875112088020916
0.1673076923076923,1105906,0.16873676424578582,0.99999464117294,0.28875045067210103
0.16726190476190475,1105910,0.16873615393657712,0.99999464117294,0.2887495570661298
0.16718146718146717,1105912,0.16873584878362835,0.99999464117294,0.2887491102652184
0.16717171717171717,1105922,0.16873432303544011,0.99999464117294,0.2887468762814016
0.16715686274509803,1105930,0.16873310245675585,0.99999464117294,0.28874508911923674
0.16714285714285715,1105938,0.16873188189573013,0.99999464117294,0.28874330197919457
0.16714285714285712,1105942,0.16873127162183912,0.99999464117294,0.28874240841746934
0.16713286713286712,1105971,0.16872684726814718,0.99999464117294,0.28873593026035543
0.1671153846153846,1105975,0.1687262370306743,0.99999464117294,0.2887350367442555
0.16699699699699697,1105979,0.16872562679761552,0.99999464117294,0.2887341432336856
0.16698544698544698,1105980,0.1687254742400405,0.99999464117294,0.2887339198569072
0.16696969696969696,1106002,0.16872211804318618,0.99999464117294,0.2887290056552247
0.1669642857142857,1106004,0.16872181294100203,0.99999464117294,0.28872855891791194
0.1669047619047619,1106008,0.168721202739944,0.99999464117294,0.2887276654474337
0.16690058479532163,1106010,0.16872089764107015,0.99999464117294,0.2887272187142682
0.16688963210702343,1106021,0.16871921961698738,0.99999464117294,0.2887247617065685
0.1668253968253968,1106023,0.16871891452528565,0.99999464117294,0.28872431498238865
0.16677489177489177,1106029,0.16871799925680067,0.99999464117294,0.288722974818143
0.16670846394984326,1106033,0.16871738908332753,0.99999464117294,0.2887220813822245
0.16666666666666669,1106065,0.16871250785442085,0.99999464117294,0.28871493409392784
0.16666666666666666,1108116,0.16840023968609785,0.99999464117294,0.28825757458732515
0.16658341658341658,1108120,0.16839963180882936,0.99999464117294,0.28825668402938687
0.16654135338345863,1108126,0.1683987200011551,0.99999464117294,0.28825534820279686
0.1664285714285714,1108132,0.16839780820335484,0.99999464117294,0.28825401238858767
0.16640543364681296,1108134,0.16839750427294894,0.99999464117294,0.2882535671199358
0.16637806637806637,1108138,0.1683968964154284,0.99999464117294,0.2882526765867591
0.1663768115942029,1108156,0.16839416111089053,0.99999464117294,0.2882486692555555
0.16636363636363638,1108182,0.1683902102723199,0.99999464117294,0.2882428810849636
0.16636363636363635,1108183,0.1683900583206925,0.99999464117294,0.28824265846766
0.16634615384615387,1108195,0.16838823492255425,0.99999464117294,0.28823998708683873
0.16630244755244755,1108197,0.16838793102670374,0.99999464117294,0.28823954186151585
0.16627329192546583,1108199,0.16838762713195013,0.99999464117294,0.2882390966375684
0.16626984126984126,1108203,0.16838701934573358,0.99999464117294,0.2882382061937997
0.16623376623376623,1108204,0.168386867399865,0.99999464117294,0.28823798358371716
0.16606060606060608,1108210,0.1683859557304121,0.99999464117294,0.28823664793044274
0.16598240469208211,1108214,0.16838534795626114,0.99999464117294,0.28823575750180336
0.16596638655462184,1108215,0.16838519601340896,0.99999464117294,0.28823553489550313
0.16593406593406593,1108228,0.16838322078128326,0.99999464117294,0.28823264104488905
0.1659090909090909,1108237,0.16838185334003467,0.99999464117294,0.2882306376438879
0.16590038314176245,1108239,0.1683815494672178,0.99999464117294,0.28823019244744746
0.1658730158730159,1108252,0.16837957432064188,0.99999464117294,0.288227298704107
0.16587301587301587,1108254,0.1683792704560507,0.99999464117294,0.2882268535179811
0.1658665658665659,1108255,0.16837911852416637,0.99999464117294,0.28822663092543377
0.16584615384615387,1108261,0.16837820693861824,0.99999464117294,0.2882252953773702
0.16583333333333333,1108292,0.1683734972371902,0.99999464117294,0.2882183952428759
0.16581196581196583,1108296,0.16837288955297142,0.99999464117294,0.2882175049270062
0.16578947368421051,1108302,0.16837197803486775,0.99999464117294,0.28821616946351486
0.1657142857142857,1108319,0.16836939545383595,0.99999464117294,0.288212385717496
0.16569900687547745,1108323,0.1683687877992246,0.99999464117294,0.2882114954387531
0.16568694463431305,1108327,0.16836818014899935,0.99999464117294,0.28821060516551017
0.16567307692307692,1108337,0.16836666104262513,0.99999464117294,0.2882083795064655
0.16565040650406504,1108341,0.16836605340775088,0.99999464117294,0.2882074892524725
0.16555555555555557,1108365,0.16836240769060734,0.99999464117294,0.2882021478440091
0.16545454545454547,1108371,0.16836149628599087,0.99999464117294,0.28820081252282853
0.1654285714285714,1108372,0.1683613443861808,0.99999464117294,0.28820058997050146
0.16539589442815247,1108378,0.16836043299307638,0.99999464117294,0.28819925466375695
0.1653846153846154,1108434,0.16835192713323482,0.99999464117294,0.28818679239746664
0.16538461538461538,1108436,0.1683516233684218,0.99999464117294,0.28818634733646115
0.16533333333333333,1108468,0.16834676328049164,0.99999464117294,0.2881792265473223
0.1652941176470588,1108470,0.16834645953431307,0.99999464117294,0.2881787815096852
0.16527777777777777,1108474,0.1683458520452442,0.99999464117294,0.2881778914385344
0.16523297491039426,1108475,0.16834570017366202,0.99999464117294,0.2881776689216058
0.16520202020202018,1108479,0.16834509269007353,0.99999464117294,0.28817677885732773
0.16515151515151516,1108489,0.16834357400028327,0.99999464117294,0.28817455372068657
0.16507936507936508,1108495,0.16834266279956156,0.99999464117294,0.28817321865519574
0.16505494505494506,1108499,0.16834205533789384,0.99999464117294,0.2881723286184075
0.165,1108655,0.1683183677519156,0.99999464117294,0.2881376214714695
0.16499999999999998,1108661,0.1683174568240427,0.99999464117294,0.2881362867481581
0.16495726495726495,1108675,0.1683153313640156,0.99999464117294,0.2881331724418525
0.16493243243243244,1108676,0.16831517954749628,0.99999464117294,0.2881329499939781
0.16488413547237077,1108678,0.16831487591527927,0.99999464117294,0.2881325050992599
0.16487179487179487,1108709,0.1683101697559955,0.99999464117294,0.28812560940680926
0.1648051948051948,1108711,0.168309866141853,0.99999464117294,0.2881251645347594
0.16468253968253968,1108715,0.1683092589168542,0.99999464117294,0.2881242747947809
0.16464646464646465,1108721,0.16830834808757117,0.99999464117294,0.2881229401951165
0.16463203463203463,1108723,0.16830804448000086,0.99999464117294,0.2881224953313092
0.16459276018099547,1108724,0.16830789267662646,0.99999464117294,0.28812227289992065
0.16457013574660634,1108734,0.1683063746579432,0.99999464117294,0.2881200486049244
0.16456043956043956,1108746,0.16830455307166836,0.99999464117294,0.28811737949626126
0.16450549450549448,1108758,0.16830273152482328,0.99999464117294,0.2881147104370502
0.16448863636363636,1108764,0.1683018207661865,0.99999464117294,0.2881133759259888
0.16444444444444445,1108796,0.16829696355325957,0.99999464117294,0.2881062587424464
0.16444444444444442,1108820,0.1682933208275464,0.99999464117294,0.2881009210855408
0.1643939393939394,1108824,0.16829271372192522,0.99999464117294,0.28810003149528496
0.16438579341805148,1108828,0.1682921066206842,0.99999464117294,0.2880991419105228
0.16437908496732026,1108830,0.16829180307170621,0.99999464117294,0.28809869712020186
0.16436781609195403,1108835,0.168291044204052,0.99999464117294,0.288097585150408
0.1642857142857143,1108839,0.16829043711485617,0.99999464117294,0.2880966955807532
0.16428571428571428,1108860,0.16828724996843605,0.99999464117294,0.288092025430192
0.1642706131078224,1108864,0.16828664290661433,0.99999464117294,0.2880911358948707
0.16424651924651923,1108866,0.16828633937734586,0.99999464117294,0.28809069112927005
0.1642192192192192,1108870,0.16828573232209365,0.99999464117294,0.2880898016021885
0.16419098143236074,1108876,0.16828482174742712,0.99999464117294,0.28808846732186577
0.16414141414141414,1108880,0.16828421470312388,0.99999464117294,0.28808757780851696
0.1641304347826087,1108888,0.1682830006276558,0.99999464117294,0.2880857987982981
0.16412698412698412,1108892,0.16828239359649091,0.99999464117294,0.28808490930142805
0.16404761904761903,1108926,0.16827723400840092,0.99999464117294,0.2880773487997999
0.163986013986014,1108927,0.16827708226059965,0.99999464117294,0.28807712643811245
0.16395604395604396,1108929,0.1682767787658182,0.99999464117294,0.2880766817157673
0.163953488372093,1108933,0.16827617177953944,0.99999464117294,0.28807579227519625
0.16392857142857145,1108936,0.16827571654270398,0.99999464117294,0.28807512519837225
0.1639285714285714,1108938,0.16827541305284877,0.99999464117294,0.28807468048220597
0.1638888888888889,1108939,0.16827526130833165,0.99999464117294,0.28807445812463767
0.16384615384615386,1108942,0.1682748060764224,0.99999464117294,0.2880737910539925
0.16384057971014493,1108944,0.16827450258985124,0.99999464117294,0.28807334634194537
0.16380440348182282,1108946,0.16827419910437477,0.99999464117294,0.28807290163127125
0.16379928315412187,1108947,0.16827404736204707,0.99999464117294,0.28807267927644914
0.16377777777777777,1108951,0.16827344039547285,0.99999464117294,0.288071789860593
0.16375,1108974,0.16826995042264292,0.99999464117294,0.28806667582599943
0.16370967741935483,1108977,0.16826949521946805,0.99999464117294,0.28806600879139543
0.1636842105263158,1108981,0.16826888828573258,0.99999464117294,0.28806511941672863
0.1636781609195402,1109023,0.16826251574584117,0.99999464117294,0.28805578131427856
0.16365079365079363,1109027,0.1682619088624533,0.99999464117294,0.28805489200276313
0.16363636363636366,1109031,0.16826130198344322,0.99999464117294,0.2880540026967388
0.16363636363636364,1109065,0.16825614368860256,0.99999464117294,0.28804644381722855
0.16363122171945702,1109069,0.16825553685117878,0.99999464117294,0.2880455545633673
0.16354679802955663,1109081,0.1682537163651708,0.99999464117294,0.28804288683472656
0.1635344827586207,1109084,0.16825326124982418,0.99999464117294,0.28804221991028733
0.16352357320099256,1109092,0.16825204762093676,0.99999464117294,0.28804044146021457
0.16351068286552156,1109096,0.16825144081305857,0.99999464117294,0.2880395522434136
0.1635064935064935,1109098,0.1682511374107608,0.99999464117294,0.28803910763707197
0.1635019841269841,1109102,0.168250530609448,0.99999464117294,0.28803821842850635
0.16338888888888892,1109110,0.16824931701995294,0.99999464117294,0.28803644002784556
0.16337979094076652,1109112,0.16824901362531466,0.99999464117294,0.28803599543111164
0.16333333333333333,1109329,0.16821610180568614,0.99999464117294,0.2879877648373339
0.163275039745628,1109333,0.16821549525705987,0.99999464117294,0.28798687594574135
0.16326923076923078,1109349,0.1682130691062957,0.99999464117294,0.28798332043424285
0.163264221158958,1109353,0.16821246257953962,0.99999464117294,0.2879824315700858
0.16324786324786325,1109357,0.16821185605715744,0.99999464117294,0.28798154271141585
0.16324143692564747,1109359,0.16821155279760655,0.99999464117294,0.2879810982841384
0.1631896551724138,1109361,0.16821124953914912,0.99999464117294,0.28798065385823274
0.16311111111111112,1109365,0.16821064302551458,0.99999464117294,0.28797976501053646
0.1631048387096774,1109369,0.16821003651625382,0.99999464117294,0.287978876168327
0.1630769230769231,1109371,0.1682097332632636,0.99999464117294,0.2879784317492799
0.16305194805194806,1109375,0.16820912676056338,0.99999464117294,0.2879775429153006
0.1630434782608696,1109379,0.1682085202622368,0.99999464117294,0.28797665408680795
0.16304347826086957,1109400,0.16820533621777536,0.99999464117294,0.2879719878272356
0.16303030303030303,1109403,0.16820488136412107,0.99999464117294,0.2879713212310698
0.16301075268817203,1109410,0.16820382004849424,0.99999464117294,0.2879697658520175
0.16297619047619047,1109412,0.16820351681791795,0.99999464117294,0.2879693214610885
0.16293706293706295,1109416,0.16820291036004528,0.99999464117294,0.2879684326833454
0.16288288288288288,1109418,0.16820260713274887,0.99999464117294,0.2879679882965311
0.16285714285714284,1109445,0.16819851367125005,0.99999464117294,0.2879619892087747
0.16275757575757577,1109447,0.16819821045980565,0.99999464117294,0.287961544841847
0.16270833333333332,1109457,0.16819669441898155,0.99999464117294,0.28795932302778027
0.1626984126984127,1109465,0.1681954816059993,0.99999464117294,0.28795754560121223
0.16266968325791856,1109466,0.1681953300056063,0.99999464117294,0.2879573234244341
0.16264957264957264,1109470,0.16819472360676718,0.99999464117294,0.2879564347207498
0.1626470588235294,1109472,0.16819442040898733,0.99999464117294,0.28795599037096475
0.16262626262626265,1109475,0.16819396561436717,0.99999464117294,0.2879553238488584
0.1625,1109568,0.16817986820095748,0.99999464117294,0.2879346631938872
0.16246376811594204,1109570,0.16817956505673368,0.99999464117294,0.2879342189112915
0.1624615384615385,1109572,0.16817926191360272,0.99999464117294,0.28793377463006675
0.16245059288537547,1109586,0.16817713994228478,0.99999464117294,0.2879306646998829
0.16244444444444445,1109589,0.1681766852411118,0.99999464117294,0.2879299982950122
0.16242424242424242,1109601,0.16817486646100716,0.99999464117294,0.2879273327063769
0.16241758241758242,1109602,0.16817471489777416,0.99999464117294,0.28792711057621834
0.16230769230769232,1109606,0.168174108647574,0.99999464117294,0.28792622205901186
0.1622222222222222,1109610,0.16817350240174475,0.99999464117294,0.2879253335472891
0.16219444444444445,1109614,0.16817289616028638,0.99999464117294,0.28792444504105014
0.16215686274509802,1109630,0.16817047123816048,0.99999464117294,0.28792089107092983
0.16212121212121214,1109632,0.16817016812781174,0.99999464117294,0.28792044683083384
0.16211822660098518,1109652,0.16816713708441927,0.99999464117294,0.28791600450526905
0.1621031746031746,1109656,0.16816653088885203,0.99999464117294,0.28791511605660575
0.16209150326797384,1109658,0.1681662277927073,0.99999464117294,0.2879146718343303
0.1620779220779221,1109662,0.16816562160369555,0.99999464117294,0.28791378339389173
0.16207792207792207,1109674,0.16816380306288153,0.99999464117294,0.287911118105474
0.16201149425287356,1109676,0.16816349997656974,0.99999464117294,0.28791067389553526
0.16200000000000003,1109685,0.1681621361016865,0.99999464117294,0.28790867496777345
0.162,1109692,0.1681610753254056,0.99999464117294,0.2879071202653707
0.16196581196581197,1109696,0.1681604691735394,0.99999464117294,0.2879062318715363
0.16195426195426196,1109700,0.16815986302604308,0.99999464117294,0.28790534348318453
0.16192307692307695,1109704,0.16815925688291652,0.99999464117294,0.28790445510031537
0.1619191919191919,1109716,0.16815743847975517,0.99999464117294,0.2879017899846026
0.16190476190476188,1109726,0.1681559231738285,0.99999464117294,0.2878995690925333
0.16185483870967743,1109728,0.1681556201159203,0.99999464117294,0.2878991249182311
0.16180290297937355,1109730,0.16815531705910447,0.99999464117294,0.28789868074529945
0.16176829268292683,1109734,0.16815471094874987,0.99999464117294,0.28789779240354785
0.16166666666666668,1109752,0.16815198350622482,0.99999464117294,0.28789379493350614
0.16166666666666665,1109765,0.168150013741648,0.99999464117294,0.28789090794084726
0.16160714285714284,1109785,0.1681469834247174,0.99999464117294,0.28788646652673994
0.1615987460815047,1109787,0.16814668039903152,0.99999464117294,0.28788602239286637
0.16157894736842104,1109795,0.1681454683072099,0.99999464117294,0.2878842458710756
0.16153846153846158,1109804,0.16814410472479827,0.99999464117294,0.2878822473102686
0.16153846153846155,1109810,0.16814319568214378,0.99999464117294,0.28788091495181334
0.16153846153846152,1109818,0.16814198364056088,0.99999464117294,0.287879138493057
0.16153225806451613,1109824,0.16814107462084077,0.99999464117294,0.2878778061633776
0.16145976785362975,1109828,0.16814046861315446,0.99999464117294,0.2878769179504426
0.16145833333333331,1109832,0.16813986260983643,0.99999464117294,0.2878760297429885
0.161455938697318,1109834,0.16813955960981553,0.99999464117294,0.28787558564131677
0.16144144144144143,1109842,0.1681383476206523,0.99999464117294,0.287873809248332
0.16144049187527448,1109846,0.1681377416326229,0.99999464117294,0.28787292106006074
0.16142857142857142,1109850,0.16813713564896157,0.99999464117294,0.2878720328772702
0.1614285714285714,1109851,0.16813698415372874,0.99999464117294,0.28787181083242896
0.16137931034482758,1109853,0.1681366811640821,0.99999464117294,0.287871366743774
0.16136363636363638,1109932,0.16812471394643996,0.99999464117294,0.2878538263377914
0.16136363636363635,1109939,0.16812365364222717,0.99999464117294,0.287852272227694
0.16125,1109941,0.16812335070062281,0.99999464117294,0.2878518281993198
0.16122807017543858,1109943,0.1681230477601102,0.99999464117294,0.28785138417231565
0.16121794871794873,1109945,0.1681227448206893,0.99999464117294,0.2878509401466812
0.16120879120879122,1109949,0.1681221389451227,0.99999464117294,0.287850052099522
0.16112325174825176,1109953,0.16812153307392294,0.99999464117294,0.2878491640578422
0.16111111111111112,1109960,0.16812047280983097,0.99999464117294,0.28784760999808723
0.1611111111111111,1110357,0.16806036256807494,0.99999464117294,0.28775950006361006
0.1610714285714286,1110361,0.1680597571420466,0.99999464117294,0.28775861258056284
0.16106782106782108,1110367,0.1680588490111828,0.99999464117294,0.28775728136625606
0.16104166666666667,1110368,0.168058697656993,0.99999464117294,0.28775705949840247
0.16103896103896104,1110374,0.16805778953757922,0.99999464117294,0.2877557282984652
0.1610344827586207,1110380,0.16805688142797962,0.99999464117294,0.28775439711084455
0.161,1110384,0.1680562760270321,0.99999464117294,0.2877535096592732
0.1609090909090909,1110562,0.16802934009987736,0.99999464117294,0.2877140236052329
0.16083333333333333,1110564,0.16802903749806405,0.99999464117294,0.2877135800032687
0.16082289803220037,1110566,0.16802873489734063,0.99999464117294,0.2877131364026722
0.1608225108225108,1110568,0.16802843229770711,0.99999464117294,0.2877126928034438
0.16076923076923078,1110572,0.16802782710170974,0.99999464117294,0.28771180560909043
0.16071428571428573,1110576,0.16802722191007188,0.99999464117294,0.2877109184202087
0.1607142857142857,1110594,0.1680244986016492,0.99999464117294,0.28770692613794924
0.1606818181818182,1110596,0.1680241960172736,0.99999464117294,0.2877064825578706
0.16062500000000002,1110600,0.16802359085179183,0.99999464117294,0.28770559540181684
0.1606060606060606,1110601,0.1680234395611025,0.99999464117294,0.2877053736136582
0.16057178116001647,1110605,0.1680228344010697,0.99999464117294,0.28770448646444335
0.16055944055944057,1110613,0.1680216240940814,0.99999464117294,0.28770271218242693
0.16055194805194806,1110615,0.16802132152005872,0.99999464117294,0.2877022686153422
0.16050420168067225,1110617,0.1680210189471258,0.99999464117294,0.28770182504962516
0.1604861111111111,1110625,0.16801980866629151,0.99999464117294,0.2877000508004345
0.16035353535353536,1110631,0.1680189009671079,0.99999464117294,0.28769872012790243
0.16034482758620688,1110645,0.16801678304048548,0.99999464117294,0.28769561527319654
0.1603174603174603,1110659,0.16801466516725655,0.99999464117294,0.2876925104855053
0.1602124183006536,1110660,0.1680145138926404,0.99999464117294,0.28769228871752023
0.1601785714285714,1110662,0.16801421134422534,0.99999464117294,0.28769184518257573
0.16017094017094013,1110670,0.1680130011614611,0.99999464117294,0.28769007105647365
0.16014705882352942,1110674,0.16801239607661655,0.99999464117294,0.2876891840016281
0.16003030303030302,1110676,0.16801209353582863,0.99999464117294,0.2876887404762566
0.16000000000000003,1110698,0.16800876565907205,0.99999464117294,0.2876838617874272
0.16,1110734,0.16800332032691895,0.99999464117294,0.2876758788353418
0.15999999999999998,1110742,0.168002110301042,0.99999464117294,0.28767410490615486
0.15999517723655657,1110746,0.1680015052946398,0.99999464117294,0.2876732179497654
0.1599665551839465,1110750,0.1680009002925951,0.99999464117294,0.2876723309988453
0.15994531784005467,1110752,0.16800059779320675,0.99999464117294,0.28767188752543627
0.1599206349206349,1110756,0.16799999279769814,0.99999464117294,0.28767100058272005
0.15989898989898987,1110762,0.1679990853126052,0.99999464117294,0.28766967017890044
0.15982905982905984,1110864,0.16798365956588746,0.99999464117294,0.2876470551965669
0.15974025974025974,1110876,0.1679818449583932,0.99999464117294,0.2876443948441753
0.15972222222222224,1110877,0.1679816937428716,0.99999464117294,0.28764417315036395
0.15967741935483873,1110879,0.16798139131264522,0.99999464117294,0.2876437297637664
0.1596774193548387,1110890,0.16797972796586522,0.99999464117294,0.28764129116191317
0.1596503496503497,1110894,0.16797912312065777,0.99999464117294,0.2876404044078545
0.15964285714285714,1110902,0.16797791344331003,0.99999464117294,0.2876386309161394
0.1596153846153846,1110908,0.16797700619673275,0.99999464117294,0.2876373008117048
0.1596103896103896,1110926,0.16797428451580032,0.99999464117294,0.2876333105722084
0.1595904095904096,1110930,0.16797367970979268,0.99999464117294,0.28763242386735494
0.15956876456876457,1110932,0.16797337730842213,0.99999464117294,0.2876319805169783
0.1595394736842105,1110934,0.16797307490814037,0.99999464117294,0.28763153716796835
0.1595238095238095,1110942,0.1679718653179014,0.99999464117294,0.28762976378559596
0.1594805194805195,1110944,0.16797156292306362,0.99999464117294,0.28762932044341954
0.15944444444444444,1110946,0.16797126052931466,0.99999464117294,0.28762887710261
0.15944055944055943,1110947,0.16797110933284845,0.99999464117294,0.28762865543271765
0.15942307692307695,1110949,0.16797080694073266,0.99999464117294,0.28762821209395806
0.15942028985507245,1110953,0.16797020215976732,0.99999464117294,0.287627325420539
0.159375,1110961,0.16796899261090173,0.99999464117294,0.2876255520901008
0.15935483870967743,1110965,0.16796838784300136,0.99999464117294,0.2876246654330816
0.15916305916305915,1110969,0.16796778307945587,0.99999464117294,0.28762377878152895
0.15915750915750915,1110973,0.1679671783202652,0.99999464117294,0.2876228921354428
0.15915584415584416,1110977,0.16796657356542935,0.99999464117294,0.2876220054948231
0.1591327063740857,1110981,0.16796596881494824,0.99999464117294,0.28762111885966973
0.15909090909090912,1110985,0.16796536406882182,0.99999464117294,0.2876202322299828
0.1590909090909091,1110997,0.16796354985657028,0.99999464117294,0.2876175723737193
0.1590756302521008,1111004,0.16796249158418872,0.99999464117294,0.2876160208136176
0.15903225806451612,1111005,0.16796234040350855,0.99999464117294,0.2876157991635411
0.15897435897435896,1111009,0.1679617356835093,0.99999464117294,0.287614912566651
0.1589705882352941,1111013,0.16796113096786447,0.99999464117294,0.28761402597522695
0.15895604395604396,1111014,0.16796097978963362,0.99999464117294,0.28761380432822503
0.15892307692307694,1111024,0.16795946802229295,0.99999464117294,0.28761158787699437
0.15888888888888889,1111058,0.16795432821688877,0.99999464117294,0.28760405219833146
0.15888888888888886,1111068,0.16795281656928288,0.99999464117294,0.2876018358974043
0.15886524822695036,1111070,0.16795251424302698,0.99999464117294,0.2876013926413178
0.15882352941176472,1111072,0.1679522119178595,0.99999464117294,0.2876009493865976
0.1588235294117647,1111084,0.16795039798971095,0.99999464117294,0.28759828988696856
0.1588034188034188,1111090,0.16794949104032977,0.99999464117294,0.28759696015559866
0.1587797619047619,1111091,0.16794933988305188,0.99999464117294,0.2875967385348991
0.15877005347593584,1111095,0.1679487352566612,0.99999464117294,0.2875958520555165
0.15876111717896707,1111099,0.1679481306346239,0.99999464117294,0.2875949655815989
0.15865800865800866,1111107,0.1679469214036092,0.99999464117294,0.28759319265015815
0.15864661654135337,1111119,0.1679451075897361,0.99999464117294,0.2875905332939825
0.15858695652173913,1111129,0.16794359610810267,0.99999464117294,0.2875883172014052
0.15858585858585858,1111141,0.16794178236605437,0.99999464117294,0.2875856579353943
0.15857142857142859,1111149,0.16794057322645298,0.99999464117294,0.28758388511870864
0.15857142857142856,1111155,0.16793966638317787,0.99999464117294,0.287582555520538
0.15850649350649348,1111157,0.1679393641042625,0.99999464117294,0.28758211232387987
0.15849802371541502,1111159,0.16793906182643528,0.99999464117294,0.2875816691285878
0.15847953216374266,1111163,0.1679384572740453,0.99999464117294,0.28758078274210164
0.1584615384615385,1111167,0.1679378527260079,0.99999464117294,0.2875798963610795
0.15846153846153846,1111173,0.1679369459121127,0.99999464117294,0.2875785667997914
0.15844155844155844,1111187,0.16793483005110751,0.99999464117294,0.2875754645379278
0.15843045843045844,1111191,0.16793422552918444,0.99999464117294,0.28757457818968885
0.15833333333333333,1111284,0.16792017162129572,0.99999464117294,0.28755397213327455
0.15828947368421054,1111286,0.16791986941255446,0.99999464117294,0.2875535290247123
0.15824175824175826,1111287,0.16791971830859176,0.99999464117294,0.2875533074709433
0.15818903318903318,1111291,0.16791911389546033,0.99999464117294,0.2875524212592814
0.1581628787878788,1111295,0.16791850948667997,0.99999464117294,0.28755153505308184
0.15815384615384617,1111299,0.1679179050822506,0.99999464117294,0.2875506488523446
0.1581081081081081,1111303,0.1679173006821722,0.99999464117294,0.28754976265706966
0.15809523809523807,1111307,0.1679166962864447,0.99999464117294,0.2875488764672571
0.15803418803418803,1111308,0.16791654518819266,0.99999464117294,0.2875486549206574
0.1579575596816976,1111312,0.16791594079790373,0.99999464117294,0.28754776873767257
0.1579545454545455,1111316,0.16791533641196563,0.99999464117294,0.2875468825601499
0.15795454545454546,1111320,0.1679147320303783,0.99999464117294,0.2875459963880893
0.15794871794871795,1111322,0.16791442984121613,0.99999464117294,0.2875455533041073
0.15791527313266443,1111324,0.16791412765314165,0.99999464117294,0.2875451102214908
0.15789473684210525,1111326,0.16791382546615485,0.99999464117294,0.2875446671402398
0.15786435786435787,1111330,0.1679132210954442,0.99999464117294,0.28754378098183425
0.15785714285714286,1111338,0.16791201236707465,0.99999464117294,0.28754200868140894
0.1577922077922078,1111352,0.1679098971343013,0.99999464117294,0.2875389072082345
0.15777777777777777,1111356,0.16790929279186867,0.99999464117294,0.28753802108533055
0.15770772238514172,1111360,0.16790868845378634,0.99999464117294,0.28753713496788824
0.1576923076923077,1111373,0.16790672438506243,0.99999464117294,0.2875342551239194
0.15764478764478762,1111379,0.16790581790730255,0.99999464117294,0.28753292598462077
0.15763736263736264,1111386,0.16790476036228638,0.99999464117294,0.2875313753376364
0.1576114081996435,1111390,0.16790415605682973,0.99999464117294,0.2875304892611545
0.1575757575757576,1111392,0.16790385390573262,0.99999464117294,0.2875300462249615
0.15749128919860628,1111394,0.167903551755723,0.99999464117294,0.28752960319013376
0.157487922705314,1111398,0.16790294745896608,0.99999464117294,0.2875287171245741
0.1574747474747475,1111402,0.167902343166559,0.99999464117294,0.2875278310644756
0.15743243243243243,1111406,0.16790173887850166,0.99999464117294,0.2875269450098381
0.15734265734265737,1111410,0.167901134594794,0.99999464117294,0.2875260589606616
0.15733333333333333,1111416,0.16790022817738812,0.99999464117294,0.28752472989713596
0.1573170731707317,1111420,0.16789962390455454,0.99999464117294,0.2875238438616116
0.1572727272727273,1111428,0.16789841537193592,0.99999464117294,0.2875220718069453
0.15726790450928382,1111436,0.1678972068567151,0.99999464117294,0.28752029977412163
0.15726495726495726,1111440,0.16789660260562875,0.99999464117294,0.28751941376590084
0.15725108225108225,1111442,0.16789630048171655,0.99999464117294,0.2875189707638381
0.15719932241671372,1111446,0.1678956962371541,0.99999464117294,0.28751808476380797
0.1571521668295862,1111448,0.16789539411650387,0.99999464117294,0.2875176417658406
0.15714285714285714,1111545,0.16788074257002641,0.99999464117294,0.28749615800294726
0.15713450292397657,1111547,0.1678804405031906,0.99999464117294,0.28749571507254523
0.15705128205128205,1111549,0.16788013843744182,0.99999464117294,0.28749527214350806
0.15694444444444444,1111563,0.1678780240076361,0.99999464117294,0.2874921716784614
0.15692307692307694,1111569,0.16787711783973824,0.99999464117294,0.28749084292819854
0.15689964157706093,1111570,0.16787696681270636,0.99999464117294,0.28749062147101556
0.1568803418803419,1111571,0.1678768157859462,0.99999464117294,0.28749040001417375
0.15686813186813187,1111573,0.16787651373324108,0.99999464117294,0.28748995710151354
0.15682432432432433,1111577,0.1678759096310917,0.99999464117294,0.2874890712802875
0.1567857142857143,1111587,0.16787439939473922,0.99999464117294,0.2874868567511044
0.1567821067821068,1111589,0.16787409735072945,0.99999464117294,0.28748641384936185
0.15669856459330145,1111593,0.16787349326597054,0.99999464117294,0.2874855280499707
0.1566924066924067,1111597,0.16787288918555915,0.99999464117294,0.28748464225603815
0.15666666666666668,1111598,0.1678727381661356,0.99999464117294,0.2874844208084079
0.15666666666666665,1111604,0.16787183205530026,0.99999464117294,0.2874830921297908
0.15665584415584416,1111610,0.16787092595424655,0.99999464117294,0.28748176346345533
0.15659003831417623,1111612,0.16787062392273563,0.99999464117294,0.287481320577406
0.15657894736842104,1111618,0.1678697178347238,0.99999464117294,0.28747999192744556
0.15656565656565657,1111620,0.16786941580756012,0.99999464117294,0.2874795490468546
0.1564935064935065,1111660,0.1678633754925067,0.99999464117294,0.287470691721586
0.1564705882352941,1111664,0.1678627714849091,0.99999464117294,0.2874698060190777
0.15644444444444447,1111674,0.16786126148493175,0.99999464117294,0.28746759178668424
0.15644444444444444,1111676,0.1678609594881962,0.99999464117294,0.2874671489442988
0.15642857142857142,1111682,0.1678600535045094,0.99999464117294,0.2874658204253287
0.1564102564102564,1111694,0.16785824156647422,0.99999464117294,0.2874631634242264
0.15636363636363637,1111714,0.16785522175667483,0.99999464117294,0.28745873519820203
0.15636363636363634,1111732,0.1678525040207532,0.99999464117294,0.28745474991142533
0.1563247863247863,1111748,0.1678500883293696,0.99999464117294,0.2874512075270573
0.15625,1111786,0.16784435134099548,0.99999464117294,0.28744279471408524
0.1561842105263158,1111790,0.16784374747029565,0.99999464117294,0.2874419091834707
0.15616883116883115,1111794,0.167843143603941,0.99999464117294,0.2874410236583123
0.15615584415584416,1111798,0.16784253974193153,0.99999464117294,0.28744013813860997
0.15613636363636366,1111808,0.16784103010591755,0.99999464117294,0.2874379243632241
0.1561111111111111,1111819,0.16783936953766757,0.99999464117294,0.2874354892496845
0.15608695652173912,1111821,0.16783906761969777,0.99999464117294,0.28743504650620094
0.15606060606060607,1111964,0.16781748329981905,0.99999464117294,0.28740339388189484
0.1560344827586207,1111966,0.16781718146058422,0.99999464117294,0.2874029512372802
0.15601398601398603,1111974,0.16781597411450266,0.99999464117294,0.28740118067245657
0.1560064935064935,1111988,0.1678138613006615,0.99999464117294,0.2873980822365077
0.15598290598290598,1111992,0.1678132576493356,0.99999464117294,0.28739719698136457
0.15595238095238095,1111996,0.1678126540023525,0.99999464117294,0.28739631173167496
0.1559090909090909,1111998,0.16781235218048954,0.99999464117294,0.28739586910887516
0.15590062111801242,1112026,0.16780812678840243,0.99999464117294,0.28738967253283065
0.15584415584415584,1112030,0.16780752317833153,0.99999464117294,0.28738878732949447
0.15583333333333332,1112031,0.16780737227649228,0.99999464117294,0.28738856602951246
0.15576923076923077,1112036,0.1678066177713671,0.99999464117294,0.2873874595347147
0.15575,1112040,0.16780601417215207,0.99999464117294,0.2873865743450111
0.15571847507331377,1112061,0.1678028453475124,0.99999464117294,0.2873819271885292
0.1557142857142857,1112077,0.16780043108525758,0.99999464117294,0.2873783865987518
0.1556943056943057,1112083,0.16779952575482227,0.99999464117294,0.2873770589000771
0.15566502463054188,1112085,0.16779922398018138,0.99999464117294,0.28737661633657835
0.15557692307692308,1112091,0.1677983186627713,0.99999464117294,0.28737528865426093
0.15555555555555556,1112186,0.167783985772164,0.99999464117294,0.28735426865230357
0.15555555555555553,1112196,0.1677824771892724,0.99999464117294,0.28735205619939574
0.1555434782608696,1112200,0.16778187376371156,0.99999464117294,0.28735117122777193
0.1555064935064935,1112210,0.1677803652187986,0.99999464117294,0.2873489588225602
0.1554945054945055,1112211,0.1677802143657993,0.99999464117294,0.28734873758391277
0.15545454545454546,1112217,0.1677793092535,0.99999464117294,0.2873474101591823
0.1553846153846154,1112254,0.16777372794343737,0.99999464117294,0.28733922464434253
0.15535714285714286,1112280,0.16776980616391557,0.99999464117294,0.28733347293993017
0.15535353535353535,1112284,0.16776920282949317,0.99999464117294,0.2873325880827659
0.1552941176470588,1112286,0.16776890116390927,0.99999464117294,0.2873321456562275
0.15526695526695525,1112288,0.16776859949941023,0.99999464117294,0.2873317032310516
0.15522875816993464,1112290,0.167768297835996,0.99999464117294,0.2873312608072381
0.15516693163751988,1112294,0.16776769451242207,0.99999464117294,0.28733037596369854
0.15515873015873013,1112296,0.16776739285226236,0.99999464117294,0.28732993354397246
0.15512820512820513,1112300,0.16776678953519733,0.99999464117294,0.28732904870860754
0.15511363636363634,1112307,0.1677657337407748,0.99999464117294,0.2873275002598322
0.15506493506493504,1112315,0.16776452713484938,0.99999464117294,0.28732573062452504
0.15505050505050505,1112319,0.16776392383839528,0.99999464117294,0.2873248458150458
0.15504495504495502,1112325,0.16776301890184972,0.99999464117294,0.2873235186110446
0.155011655011655,1112329,0.16776241561624303,0.99999464117294,0.28732263381518885
0.15500000000000003,1112342,0.16776045496798647,0.99999464117294,0.287319758266292
0.155,1112348,0.16775955006886334,0.99999464117294,0.28731843110929084
0.15493589743589742,1112352,0.1677589468082046,0.99999464117294,0.2873175463447681
0.1549090909090909,1112354,0.1677586451795022,0.99999464117294,0.2873171039645501
0.15490196078431373,1112378,0.16775502571967443,0.99999464117294,0.2873117955081887
0.15487179487179487,1112382,0.16775442249155417,0.99999464117294,0.28731091078453264
0.15487012987012985,1112386,0.16775381926777216,0.99999464117294,0.28731002606632516
0.15485714285714286,1112418,0.16774899363368806,0.99999464117294,0.2873029485168118
0.1548076923076923,1112442,0.16774537459031572,0.99999464117294,0.2872976405835033
0.15478927203065132,1112446,0.16774477143160207,0.99999464117294,0.28729675594701987
0.15476190476190477,1112464,0.16774205727106675,0.99999464117294,0.28729277515026114
0.15476190476190474,1112465,0.16774190648694565,0.99999464117294,0.2872925539981202
0.15472222222222223,1112470,0.1677411525704064,0.99999464117294,0.2872914482425228
0.15467741935483872,1112474,0.16774054944205438,0.99999464117294,0.2872905636441733
0.1546176046176046,1112476,0.1677402478795048,0.99999464117294,0.28729012134704146
0.15458781362007165,1112480,0.16773964475765857,0.99999464117294,0.2872892367568633
0.15457875457875458,1112484,0.16773904164014944,0.99999464117294,0.28728835217213256
0.15454921422663356,1112486,0.16773874008302128,0.99999464117294,0.2872879098818099
0.15454545454545457,1112490,0.16773813697201773,0.99999464117294,0.28728702530525024
0.15454545454545454,1112500,0.16773662921348315,0.99999464117294,0.28728481388768295
0.15450067174205104,1112506,0.1677357245713731,0.99999464117294,0.2872834870534841
0.15450000000000003,1112521,0.16773346300878814,0.99999464117294,0.2872801700216068
0.15447204968944098,1112531,0.16773195533427832,0.99999464117294,0.2872779587095761
0.15444444444444444,1112534,0.16773150303721054,0.99999464117294,0.28727729532260526
0.1543956043956044,1112572,0.16772577415214476,0.99999464117294,0.28726889268615585
0.15436781609195402,1112573,0.1677256233972962,0.99999464117294,0.2872686715707819
0.15430087154225086,1112574,0.1677254726427186,0.99999464117294,0.2872684504557483
0.15428571428571428,1112578,0.16772486962711827,0.99999464117294,0.28726756599901787
0.15424679487179485,1112582,0.16772426661585393,0.99999464117294,0.2872666815477336
0.1542207792207792,1112588,0.16772336210708727,0.99999464117294,0.2872653548810188
0.15415584415584416,1112594,0.16772245760807628,0.99999464117294,0.2872640282265575
0.1541269841269841,1112620,0.16771853822509034,0.99999464117294,0.28725827953215294
0.15410353535353535,1112626,0.16771763377810692,0.99999464117294,0.28725695294304177
0.15409429280397022,1112629,0.16771718155827325,0.99999464117294,0.287256289653081
0.15403846153846157,1112643,0.16771507123129342,0.99999464117294,0.28725319434043156
0.15403225806451612,1112645,0.16771476976034586,0.99999464117294,0.2872527521583556
0.15402298850574714,1112656,0.16771311168950692,0.99999464117294,0.2872503201812719
0.154,1112658,0.16771281022560391,0.99999464117294,0.2872498780080445
0.15396825396825395,1112672,0.16771070000862787,0.99999464117294,0.28724678283356936
0.15395256916996047,1112676,0.16771009709924542,0.99999464117294,0.2872458985102564
0.15392857142857144,1112693,0.16770753478272982,0.99999464117294,0.2872421401969213
0.15392857142857141,1112699,0.16770663045441758,0.99999464117294,0.2872408137568719
0.15388471177944862,1112700,0.1677064797339804,0.99999464117294,0.2872405926847214
0.1538647342995169,1112704,0.16770587685494076,0.99999464117294,0.28723970839952223
0.1538513210927004,1112714,0.16770436967630498,0.99999464117294,0.28723749771034435
0.15384615384615385,1113057,0.16765268984427573,0.99999464117294,0.28716169166669875
0.15383326351068285,1113061,0.16765208735190615,0.99999464117294,0.2871608078672339
0.15381944444444445,1113065,0.16765148486386688,0.99999464117294,0.28715992407320917
0.15381944444444443,1113067,0.16765118362147113,0.99999464117294,0.28715948217823684
0.15375,1113069,0.16765088238015793,0.99999464117294,0.2871590402846245
0.15373737373737376,1113071,0.16765058113992728,0.99999464117294,0.2871585983923723
0.15361111111111111,1113089,0.1676478700265657,0.99999464117294,0.28715462142330095
0.1535897435897436,1113091,0.16764756879716033,0.99999464117294,0.28715417954464845
0.15357142857142858,1113107,0.1676451590008867,0.99999464117294,0.28715064456438527
0.15357142857142855,1113129,0.1676418456441257,0.99999464117294,0.28714578410863123
0.15353535353535352,1113131,0.1676415444363691,0.99999464117294,0.28714534225717625
0.15353084415584414,1113137,0.16764064081959362,0.99999464117294,0.28714401671097023
0.15351071692535107,1113139,0.16764033961616653,0.99999464117294,0.2871435748649545
0.15350649350649348,1113143,0.1676397372125594,0.99999464117294,0.28714269117700236
0.15349206349206349,1113145,0.16763943601237935,0.99999464117294,0.287142249335066
0.15342857142857141,1113165,0.1676364240701064,0.99999464117294,0.28713783099048834
0.15341880341880343,1113169,0.16763582169463936,0.99999464117294,0.2871369473378895
0.15340909090909094,1113173,0.16763521932350137,0.99999464117294,0.2871360636907294
0.15333333333333335,1113177,0.16763461695669243,0.99999464117294,0.2871351800490082
0.15333333333333332,1113843,0.16753438321199665,0.99999464117294,0.28698812950276475
0.15326797385620913,1113847,0.16753378156964108,0.99999464117294,0.28698724677132237
0.15324675324675324,1113851,0.16753317993160666,0.99999464117294,0.28698636404531014
0.15321428571428572,1113854,0.16753272870591657,0.99999464117294,0.2869857020043646
0.15320512820512822,1113855,0.16753257829789336,0.99999464117294,0.28698548132472823
0.15320197044334974,1113872,0.16753002140281828,0.99999464117294,0.28698172982283465
0.15318965517241379,1113892,0.1675270133908853,0.99999464117294,0.2869773164167628
0.1531839128613322,1113896,0.16752641180146083,0.99999464117294,0.2869764337518378
0.15313131313131315,1113898,0.1675261110083688,0.99999464117294,0.2869759924214113
0.153125,1113900,0.16752581021635696,0.99999464117294,0.2869755510923424
0.15307692307692308,1113914,0.16752370470251743,0.99999464117294,0.2869724618268664
0.15304597701149425,1113918,0.16752310313685567,0.99999464117294,0.2869715791918039
0.15303030303030302,1113924,0.16752220079646368,0.99999464117294,0.28697025524939024
0.15301587301587302,1113928,0.16752159924160268,0.99999464117294,0.2869693726279011
0.15301075268817202,1113930,0.16752129846579228,0.99999464117294,0.28696893131919254
0.15300751879699248,1113932,0.16752099769106193,0.99999464117294,0.2869684900118412
0.15299145299145298,1113933,0.16752084730410177,0.99999464117294,0.2869682693586746
0.15297937356760885,1113935,0.1675205465309915,0.99999464117294,0.28696782805335924
0.15296703296703296,1113950,0.16751829076709007,0.99999464117294,0.28696451830675757
0.15294117647058825,1113952,0.16751799000315992,0.99999464117294,0.28696407701297905
0.15290909090909094,1113954,0.16751768924030974,0.99999464117294,0.2869636357205577
0.1528814935064935,1113956,0.16751738847853956,0.99999464117294,0.28696319442949364
0.15286713286713285,1113960,0.16751678695823907,0.99999464117294,0.28696231185143717
0.15285714285714286,1113971,0.16751513279968688,0.99999464117294,0.2869598847897744
0.1528448275862069,1113977,0.16751423054515488,0.99999464117294,0.28695856095526245
0.1528282828282828,1113981,0.1675136290475331,0.99999464117294,0.28695767840570696
0.1527777777777778,1113987,0.16751272680919974,0.99999464117294,0.28695635459155233
0.15277777777777776,1113993,0.16751182458058533,0.99999464117294,0.2869550307896119
0.15276190476190477,1113997,0.16751122310024175,0.99999464117294,0.2869541482617705
0.1527272727272727,1114001,0.16751062162421756,0.99999464117294,0.2869532657393575
0.15268817204301074,1114013,0.16750881722206115,0.99999464117294,0.28695061820468837
0.15268065268065267,1114016,0.167508366127596,0.99999464117294,0.28694995632865455
0.15259740259740262,1114018,0.16750806539930235,0.99999464117294,0.28694951507966165
0.15259462759462758,1114019,0.16750791503556042,0.99999464117294,0.2869492944556741
0.15257985257985257,1114021,0.16750761430888647,0.99999464117294,0.28694885320871677
0.15257142857142855,1114026,0.16750686249692556,0.99999464117294,0.2869477500972603
0.1525396825396825,1114046,0.1675038553165668,0.99999464117294,0.28694333773624653
0.15253456221198156,1114055,0.1675025021206314,0.99999464117294,0.2869413522180611
0.15250000000000002,1114067,0.1675006978933942,0.99999464117294,0.2869387049032233
0.1525,1114078,0.16749904405257082,0.99999464117294,0.2869362782408667
0.1524761904761905,1114080,0.1674987433577481,0.99999464117294,0.28693583703393893
0.1523809523809524,1114084,0.16749814197134147,0.99999464117294,0.2869349546241539
0.15233766233766236,1114088,0.16749754058925329,0.99999464117294,0.2869340722197962
0.1523300229182582,1114090,0.16749723989982856,0.99999464117294,0.2869336310196525
0.15227272727272728,1114108,0.1674945337435868,0.99999464117294,0.28692966027941536
0.15223665223665223,1114112,0.1674939323874081,0.99999464117294,0.2869287779076204
0.15223214285714284,1114117,0.167493180698257,0.99999464117294,0.28692767495050836
0.15222222222222223,1114127,0.16749167734019552,0.99999464117294,0.28692546906172284
0.1521978021978022,1114131,0.16749107600452728,0.99999464117294,0.2869245867157054
0.15217741935483872,1114135,0.16749047467317696,0.99999464117294,0.28692370437511483
0.15215617715617716,1114138,0.16749002367749777,0.99999464117294,0.28692304262323315
0.15215311004784687,1114151,0.1674880693909533,0.99999464117294,0.28692017506701856
0.15214285714285714,1114153,0.16748776873553273,0.99999464117294,0.2869197339096114
0.1521428571428571,1114159,0.16748686677574745,0.99999464117294,0.2869184104455294
0.15213675213675212,1114163,0.16748626547462087,0.99999464117294,0.2869175281429245
0.15210227272727272,1114171,0.1674850628853201,0.99999464117294,0.2869157635539934
0.15208333333333332,1114173,0.1674847622406933,0.99999464117294,0.286915322410152
0.15207792207792206,1114177,0.16748416095467775,0.99999464117294,0.286914440126539
0.15202020202020203,1114181,0.16748355967297954,0.99999464117294,0.2869135578483521
0.15201465201465203,1114185,0.16748295839559857,0.99999464117294,0.2869126755755912
0.15197368421052632,1114187,0.16748265775852708,0.99999464117294,0.2869122344412456
0.15194805194805194,1114197,0.16748115458935897,0.99999464117294,0.2869100287898647
0.15193050193050195,1114199,0.1674808539587632,0.99999464117294,0.28690958766365804
0.151875,1114215,0.16747844895285022,0.99999464117294,0.2869060587028366
0.15185483870967742,1114228,0.1674764949364044,0.99999464117294,0.2869031914860905
0.15183982683982683,1114230,0.16747619432253663,0.99999464117294,0.2869027503809083
0.1518181818181818,1114234,0.16747559309803864,0.99999464117294,0.28690186817461305
0.1517733990147783,1114251,0.1674730379420795,0.99999464117294,0.2868981188583851
0.15176151761517614,1114255,0.16747243674024348,0.99999464117294,0.2868972366805728
0.1517553414327608,1114257,0.16747213614094414,0.99999464117294,0.2868967955937011
0.15174825174825177,1114281,0.16746852903352027,0.99999464117294,0.28689150265702923
0.15173076923076922,1114282,0.16746837874074966,0.99999464117294,0.2868912821222394
0.15168067226890755,1114284,0.16746807815601766,0.99999464117294,0.286890841053677
0.15166666666666667,1114301,0.16746552322936084,0.99999464117294,0.2868870920256529
0.15164251207729465,1114305,0.16746492208147679,0.99999464117294,0.2868862099156515
0.1515909090909091,1114309,0.1674643209379086,0.99999464117294,0.28688532781107484
0.15158730158730158,1114315,0.16746341923064842,0.99999464117294,0.2868840046643806
0.15157894736842104,1114327,0.16746161584525907,0.99999464117294,0.2868813584076068
0.15150501672240804,1114331,0.16746101472542718,0.99999464117294,0.28688047633286423
0.1514705882352941,1114339,0.16745981249871,0.99999464117294,0.2868787121996515
0.15142857142857144,1114371,0.16745500376445546,0.99999464117294,0.2868716558837614
0.1514285714285714,1114395,0.1674513973949991,0.99999464117294,0.2868663638746414
0.1513888888888889,1114457,0.16744208165949875,0.99999464117294,0.2868526937547317
0.1513846153846154,1114461,0.16744148067989817,0.99999464117294,0.2868518118562505
0.15136363636363637,1114465,0.16744087970461163,0.99999464117294,0.28685092996319195
0.15135975135975135,1114469,0.16744027873363906,0.99999464117294,0.28685004807555586
0.15134408602150537,1114473,0.16743967776698046,0.99999464117294,0.2868491661933423
0.15127272727272728,1114477,0.1674390768046357,0.99999464117294,0.2868482843165512
0.15126984126984125,1114483,0.16743817536920708,0.99999464117294,0.2868469615115315
0.15125391849529782,1114489,0.1674372739434844,0.99999464117294,0.28684563871871194
0.15125,1114493,0.1674366729983948,0.99999464117294,0.2868447568636101
0.15119047619047618,1114511,0.16743396879887232,0.99999464117294,0.28684078858275064
0.1511111111111111,1114562,0.1674263073745561,0.99999464117294,0.28682954571654745
0.1511059907834101,1114572,0.167424805216711,0.99999464117294,0.2868273413363255
0.15108695652173912,1114587,0.16742255203048304,0.99999464117294,0.2868240348295221
0.15107142857142858,1114591,0.1674219511910647,0.99999464117294,0.28682315310724954
0.15106060606060606,1114593,0.16742165077297275,0.99999464117294,0.28682271224814615
0.1510344827586207,1114597,0.16742104994002316,0.99999464117294,0.286821830534005
0.15098039215686274,1114601,0.16742044911138604,0.99999464117294,0.28682094882528475
0.15094905094905095,1114603,0.16742014869868466,0.99999464117294,0.2868205079729575
0.15089285714285713,1114607,0.1674195478765161,0.99999464117294,0.2868196262723685
0.1508888888888889,1114609,0.16741924746704898,0.99999464117294,0.28681918542410684
0.15085470085470085,1114611,0.16741894705865992,0.99999464117294,0.2868187445772003
0.15082101806239737,1114613,0.16741864665134895,0.99999464117294,0.286818303731649
0.15080808080808078,1114617,0.16741804583996117,0.99999464117294,0.2868174220446118
0.1508035714285714,1114621,0.1674174450328856,0.99999464117294,0.28681654036299525
0.15079365079365079,1114625,0.16741684423012224,0.99999464117294,0.28681565868679937
0.15076923076923077,1114636,0.16741519204475722,0.99999464117294,0.2868132341052101
0.15075757575757576,1114638,0.16741489165092163,0.99999464117294,0.2868127932765979
0.15071428571428572,1114640,0.16741459125816407,0.99999464117294,0.28681235244934095
0.15068965517241378,1114646,0.16741369008635926,0.99999464117294,0.28681102997570035
0.1506818181818182,1114654,0.1674124885390444,0.99999464117294,0.2868092666964839
0.15064935064935064,1114670,0.16741008549615582,0.99999464117294,0.2868057402030927
0.15064102564102563,1114673,0.16740963493329433,0.99999464117294,0.2868050789952362
0.15055555555555553,1114682,0.16740828325926138,0.99999464117294,0.28680309538995913
0.1505336617405583,1114686,0.1674076825222529,0.99999464117294,0.2868022137964211
0.1505194805194805,1114706,0.16740467890188085,0.99999464117294,0.2867978059100263
0.15047619047619049,1114710,0.16740407819074019,0.99999464117294,0.28679692434900617
0.1504112554112554,1114714,0.16740347748391068,0.99999464117294,0.2867960427934055
0.1503030303030303,1114716,0.16740317713211258,0.99999464117294,0.28679560201763743
0.15026392961876833,1114720,0.1674025764317497,0.99999464117294,0.2867947204701659
0.1502521008403361,1114736,0.16740017367340787,0.99999464117294,0.28679119433447264
0.15015873015873016,1114737,0.1674000235033017,0.99999464117294,0.2867909739538708
0.15015360983102918,1114745,0.16739882215215138,0.99999464117294,0.28678921092124887
0.1501470588235294,1114759,0.167396719829129,0.99999464117294,0.28678612566631856
0.15013824884792626,1114763,0.1673961191751072,0.99999464117294,0.2867852441771025
0.15013196480938415,1114765,0.16739581884971272,0.99999464117294,0.28678480343452645
0.15010822510822514,1114767,0.1673955185253959,0.99999464117294,0.28678436269330515
0.15009523809523811,1114779,0.16739371660212474,0.99999464117294,0.28678171827442567
0.15000000000000002,1114935,0.16737029512931248,0.99999464117294,0.28674734526634926
0.15,1115478,0.1672888214738435,0.99999464117294,0.2866277649863373
0.14999999999999997,1115482,0.16728822159389395,0.99999464117294,0.2866268844703515
0.14993894993894996,1115484,0.1672879216555325,0.99999464117294,0.2866264442143873
0.14982078853046593,1115486,0.16728762171824657,0.99999464117294,0.2866260039597756
0.1497747747747748,1115488,0.1672873217820362,0.99999464117294,0.28662556370651626
0.1496969696969697,1115493,0.1672865719462157,0.99999464117294,0.28662446307928496
0.1496825396825397,1115497,0.16728597208239915,0.99999464117294,0.2866235825835858
0.14967741935483872,1115502,0.16728522225867815,0.99999464117294,0.2866224819715692
0.14967032967032967,1115504,0.16728492233107187,0.99999464117294,0.2866220417291293
0.14965034965034968,1115519,0.16728267290830545,0.99999464117294,0.28661873995393694
0.14963924963924966,1115521,0.1672823729898406,0.99999464117294,0.28661829972299213
0.14963369963369966,1115522,0.16728222303101148,0.99999464117294,0.2866180796080268
0.14956709956709957,1115528,0.1672813232836827,0.99999464117294,0.286616758925335
0.14955555555555552,1115529,0.16728117332673556,0.99999464117294,0.2866165388127363
0.14955357142857142,1115531,0.16728087341364786,0.99999464117294,0.2866160985885532
0.14954954954954955,1115532,0.16728072345750727,0.99999464117294,0.2866158784769687
0.14951298701298704,1115533,0.16728057350163555,0.99999464117294,0.2866156583657223
0.14949494949494951,1115537,0.16727997368083714,0.99999464117294,0.28661477792411755
0.14940711462450593,1115551,0.16727787434191713,0.99999464117294,0.2866116964210976
0.149375,1115555,0.16727727454047536,0.99999464117294,0.28661081600383365
0.1493599590373784,1115557,0.1672769746413675,0.99999464117294,0.28661037579723003
0.14935483870967742,1115561,0.16727637484637775,0.99999464117294,0.28660949538807945
0.14934640522875817,1115565,0.16727577505568927,0.99999464117294,0.2866086149843377
0.14932432432432433,1115573,0.167274575487216,0.99999464117294,0.28660685419308074
0.14930555555555555,1115577,0.1672739757094311,0.99999464117294,0.28660597380556524
0.14926108374384234,1115579,0.16727367582215155,0.99999464117294,0.28660553361383584
0.1492397660818713,1115589,0.16727217640188277,0.99999464117294,0.2866033326754707
0.14923371647509578,1115595,0.16727127676262443,0.99999464117294,0.2866020121286773
0.1492207792207792,1115599,0.167270677008495,0.99999464117294,0.2866011317709089
0.1492063492063492,1115603,0.16727007725866638,0.99999464117294,0.2866002514185489
0.14916666666666667,1115616,0.16726812810142558,0.99999464117294,0.28659739031072995
0.14912280701754385,1115632,0.16726572920102686,0.99999464117294,0.28659386902567885
0.1491208791208791,1115636,0.16726512948667846,0.99999464117294,0.28659298871793615
0.1490909090909091,1115642,0.1672642299232191,0.99999464117294,0.2865916682664619
0.14903225806451612,1115646,0.16726363021962162,0.99999464117294,0.28659078797223886
0.149,1115667,0.16726048184628567,0.99999464117294,0.28658616651628877
0.14895104895104896,1115671,0.16725988216956433,0.99999464117294,0.28658528625586377
0.14892857142857144,1115673,0.16725958233281615,0.99999464117294,0.28658484612767904
0.1489285714285714,1115674,0.1672594324148452,0.99999464117294,0.28658462606409363
0.14886363636363636,1115717,0.1672529861963204,0.99999464117294,0.2865751636496266
0.1488095238095238,1115733,0.16725058773021861,0.99999464117294,0.28657164291072773
0.1487577639751553,1115734,0.1672504378283713,0.99999464117294,0.2865714228674189
0.14875,1115748,0.16724833923072235,0.99999464117294,0.2865683422965764
0.14871794871794872,1115770,0.16724504154081934,0.99999464117294,0.286563501533349
0.14868421052631578,1115775,0.1672442920839775,0.99999464117294,0.2865624013826962
0.14864024864024866,1115777,0.1672439923031215,0.99999464117294,0.2865619613248003
0.1486324786324786,1115785,0.16724279319044438,0.99999464117294,0.28656020110673197
0.14857142857142858,1115786,0.16724264330256877,0.99999464117294,0.2865599810809939
0.14857142857142855,1115790,0.16724204375375296,0.99999464117294,0.28655910098142046
0.14846921224630202,1115800,0.16724054490051982,0.99999464117294,0.2865569007561379
0.14846153846153848,1115804,0.167239945366749,0.99999464117294,0.2865560206754852
0.14841628959276018,1115821,0.16723739739617735,0.99999464117294,0.28655228039301955
0.14839701361440494,1115831,0.16723589862622565,0.99999464117294,0.2865500802724734
0.14837092731829574,1115835,0.1672352991257668,0.99999464117294,0.28654920023371466
0.14836363636363636,1115879,0.1672287049043848,0.99999464117294,0.28653952016411677
0.14835164835164835,1115881,0.16722840517940532,0.99999464117294,0.2865390801764928
0.14833333333333334,1115884,0.16722795559395062,0.99999464117294,0.28653842019759046
0.14833333333333332,1115896,0.16722615727630533,0.99999464117294,0.2865357803123829
0.14828947368421053,1115913,0.1672236097258478,0.99999464117294,0.2865320405582712
0.14827075098814232,1115918,0.1672228604610733,0.99999464117294,0.28653094064916934
0.14826839826839827,1115922,0.16722226105408802,0.99999464117294,0.28653006072796794
0.1482638888888889,1115924,0.1672219613522068,0.99999464117294,0.28652962076939376
0.14826388888888886,1115928,0.16722136195166712,0.99999464117294,0.28652874085629876
0.1482520325203252,1115930,0.1672210622530087,0.99999464117294,0.28652830090177794
0.1481818181818182,1115936,0.1672201631634789,0.99999464117294,0.2865269810463216
0.148125,1115944,0.16721896439247846,0.99999464117294,0.28652522125796126
0.1480952380952381,1115945,0.1672188145473119,0.99999464117294,0.2865250012859361
0.14807692307692308,1115987,0.16721252129281075,0.99999464117294,0.28651576276586355
0.14805194805194805,1116031,0.1672059288675673,0.99999464117294,0.28650608495523316
0.148030303030303,1116043,0.16720413102362544,0.99999464117294,0.2865034456658
0.1479623824451411,1116047,0.16720353175090297,0.99999464117294,0.2865025659134614
0.1479020979020979,1116080,0.16719858791484482,0.99999464117294,0.2864953081628141
0.14789915966386555,1116081,0.1671984381061948,0.99999464117294,0.28649508823671654
0.14783653846153846,1116083,0.16719813848970014,0.99999464117294,0.28649464838553423
0.14779411764705883,1116085,0.16719783887427928,0.99999464117294,0.28649420853570257
0.14777777777777776,1116087,0.16719753925993225,0.99999464117294,0.2864937686872215
0.1477726574500768,1116091,0.16719694003445956,0.99999464117294,0.286492888994311
0.1477124183006536,1116093,0.1671966404233339,0.99999464117294,0.2864924491498817
0.1476470588235294,1116094,0.16719649061817374,0.99999464117294,0.28649222922817347
0.1476376669925057,1116095,0.16719634081328202,0.99999464117294,0.28649200930680285
0.14761904761904762,1116117,0.16719304517357947,0.99999464117294,0.28648717112207106
0.14755555555555558,1116123,0.16719214638529983,0.99999464117294,0.2864858516455047
0.14755244755244756,1116125,0.16719184679135402,0.99999464117294,0.28648541182268356
0.14750000000000002,1116151,0.16718795216776225,0.99999464117294,0.2864796942488979
0.1475,1116157,0.1671870534342391,0.99999464117294,0.28647837484120314
0.14747474747474748,1116201,0.16718046301696557,0.99999464117294,0.2864686995561129
0.14747474747474745,1116225,0.1671768684628995,0.99999464117294,0.2864634224033318
0.14742857142857144,1116229,0.16717626938558305,0.99999464117294,0.28646254289677064
0.14738095238095236,1116233,0.1671756703125602,0.99999464117294,0.2864616633956101
0.14735353535353538,1116241,0.16717447217939496,0.99999464117294,0.2864599044094903
0.14733333333333334,1116243,0.16717417264878703,0.99999464117294,0.2864594646663356
0.14732142857142855,1116245,0.1671738731192525,0.99999464117294,0.286459024924531
0.14727272727272728,1116249,0.1671732740634034,0.99999464117294,0.28645814544497206
0.14725073313782994,1116251,0.16717297453708888,0.99999464117294,0.2864577057072178
0.14722222222222223,1116300,0.16716563647764937,0.99999464117294,0.28644693255394854
0.14714285714285713,1116306,0.16716473798402948,0.99999464117294,0.2864456134480096
0.1470940170940171,1116312,0.16716383950006808,0.99999464117294,0.2864442943542197
0.14707792207792206,1116330,0.1671611441061335,0.99999464117294,0.28644033714574296
0.14705882352941177,1116335,0.1671603954010221,0.99999464117294,0.28643923794056997
0.14698412698412697,1116337,0.16716009592085543,0.99999464117294,0.2864387982608629
0.14696969696969697,1116341,0.16715949696374136,0.99999464117294,0.2864379189054982
0.14696356275303643,1116347,0.16715859853611825,0.99999464117294,0.2864365998825746
0.1469607843137255,1116351,0.16715799958973476,0.99999464117294,0.28643572054070776
0.14692307692307693,1116517,0.1671331470994172,0.99999464117294,0.28639923261390887
0.14690749863163657,1116521,0.16713254833540972,0.99999464117294,0.28639835350145687
0.1468919968919969,1116529,0.1671313508202653,0.99999464117294,0.2863965952927436
0.14682539682539683,1116531,0.16713105144416052,0.99999464117294,0.2863961557439383
0.1467857142857143,1116546,0.1671288061575609,0.99999464117294,0.2863928591709038
0.1467181467181467,1116548,0.16712850679057237,0.99999464117294,0.2863924196335665
0.14670846394984327,1116552,0.1671279080598127,0.99999464117294,0.28639154056293936
0.14670846394984324,1116588,0.167122519676013,0.99999464117294,0.2863836291701325
0.14666666666666667,1116637,0.1671151860452412,0.99999464117294,0.28637286158780584
0.1466275659824047,1116643,0.16711428809386705,0.99999464117294,0.2863715431639799
0.14648578811369506,1116645,0.16711398877888675,0.99999464117294,0.286371103692069
0.14646464646464646,1116649,0.16711339015214272,0.99999464117294,0.2863702247522937
0.14642857142857144,1116684,0.167108152351068,0.99999464117294,0.28636253425939856
0.1464285714285714,1116688,0.167107553766137,0.99999464117294,0.2863616553722255
0.1464102564102564,1116690,0.16710725447527963,0.99999464117294,0.28636121593066205
0.1463768115942029,1116713,0.16710381270747274,0.99999464117294,0.2863561624496191
0.1463636363636364,1116717,0.1671032141536307,0.99999464117294,0.28635528360155754
0.14636363636363636,1116734,0.16710067034763873,0.99999464117294,0.28635154855747763
0.14627329192546584,1116735,0.16710052071440404,0.99999464117294,0.2863513288520367
0.1462452107279693,1116739,0.1670999221841451,0.99999464117294,0.2863504500336442
0.14622377622377622,1116755,0.16709752810598563,0.99999464117294,0.28634693481401574
0.14622222222222223,1116759,0.16709692959716466,0.99999464117294,0.2863460560225938
0.1461675579322638,1116761,0.16709663034436195,0.99999464117294,0.2863456166289055
0.14615384615384616,1116788,0.16709259053643127,0.99999464117294,0.2863396849460947
0.14613636363636365,1116805,0.16709004705387243,0.99999464117294,0.28633595030891973
0.14608695652173911,1116810,0.16708929898550334,0.99999464117294,0.28633485190476116
0.14606782106782107,1116818,0.1670881020900451,0.99999464117294,0.28633309447563576
0.14604105571847506,1116827,0.1670867556031507,0.99999464117294,0.286331117393656
0.14602339181286547,1116831,0.16708615717149686,0.99999464117294,0.28633023869931773
0.14590909090909093,1116835,0.16708555874412961,0.99999464117294,0.2863293600103725
0.1458791208791209,1116839,0.16708496032104897,0.99999464117294,0.28632848132682037
0.14587301587301588,1116843,0.16708436190225484,0.99999464117294,0.28632760264866114
0.14583333333333334,1116861,0.1670816690707259,0.99999464117294,0.2863236486636813
0.14583333333333331,1116866,0.16708092107737185,0.99999464117294,0.2863225503539004
0.14578947368421052,1116872,0.16708002349418732,0.99999464117294,0.28632123239328566
0.1457839262187088,1116874,0.16707972430193557,0.99999464117294,0.286320793075777
0.14573863636363638,1116882,0.16707852754364383,0.99999464117294,0.28631903581922374
0.14573863636363635,1116896,0.16707643325788615,0.99999464117294,0.28631596067215753
0.1457264957264957,1116900,0.1670758349001701,0.99999464117294,0.2863150820708427
0.1457142857142857,1116905,0.16707508695905202,0.99999464117294,0.2863139838267819
0.14569836293974225,1116917,0.16707329192769024,0.99999464117294,0.2863113480754109
0.14568965517241378,1116927,0.16707179609768588,0.99999464117294,0.28630915165300513
0.1456043956043956,1116929,0.16707149693489917,0.99999464117294,0.2863087123725679
0.14555555555555555,1116946,0.1670689540944683,0.99999464117294,0.28630497854327475
0.14555555555555552,1116956,0.16706745834213702,0.99999464117294,0.2863027822185945
0.14554347826086958,1116977,0.16706431734941724,0.99999464117294,0.28629817004644886
0.14545454545454548,1116991,0.1670622234198843,0.99999464117294,0.28629509534757236
0.14545454545454545,1117033,0.1670559419462093,0.99999464117294,0.28628587164717895
0.14539682539682539,1117041,0.16705474552858848,0.99999464117294,0.28628411481924965
0.1453917050691244,1117043,0.16705444642686093,0.99999464117294,0.2862836756156364
0.1453846153846154,1117055,0.16705265183898735,0.99999464117294,0.2862810404222564
0.14536752136752137,1117057,0.167052352744757,0.99999464117294,0.28628060122807625
0.14535353535353537,1117061,0.1670517545595093,0.99999464117294,0.28627972284375863
0.14533333333333334,1117091,0.16704726830670016,0.99999464117294,0.2862731351331864
0.14529914529914528,1117093,0.16704696923174706,0.99999464117294,0.28627269596326155
0.1452136752136752,1117094,0.16704681969467206,0.99999464117294,0.2862724763788043
0.1451948051948052,1117100,0.16704592247784442,0.99999464117294,0.28627115887913557
0.14518716577540106,1117107,0.1670448757370601,0.99999464117294,0.28626962181151555
0.14517704517704516,1117108,0.1670447262037332,0.99999464117294,0.2862694022317744
0.14508928571428573,1117110,0.16704442713788256,0.99999464117294,0.2862689630733027
0.14508547008547007,1117111,0.1670442776053588,0.99999464117294,0.28626874349457204
0.14500000000000002,1117162,0.16703665180161875,0.99999464117294,0.28625754542595705
0.145,1117203,0.16703052175835548,0.99999464117294,0.28624854369229896
0.14493506493506494,1117207,0.16702992372944317,0.99999464117294,0.286247665504692
0.14493506493506492,1117217,0.16702842867589734,0.99999464117294,0.2862454700592488
0.1449206349206349,1117225,0.16702723265233055,0.99999464117294,0.2862437137271414
0.1449197860962567,1117229,0.16702663464697032,0.99999464117294,0.2862428355691701
0.14491039426523294,1117233,0.16702603664589213,0.99999464117294,0.28624195741658687
0.144905273937532,1117237,0.16702543864909594,0.99999464117294,0.28624107926939163
0.14487179487179486,1117304,0.16701542283926307,0.99999464117294,0.2862263711047985
0.1448611111111111,1117306,0.16701512387832876,0.99999464117294,0.28622593207834257
0.14482517482517482,1117312,0.16701422700194754,0.99999464117294,0.28622461500705565
0.14480519480519483,1117314,0.16701392804529433,0.99999464117294,0.2862241759859869
0.14479166666666665,1117316,0.1670136290897114,0.99999464117294,0.2862237369662649
0.14478991596638655,1117318,0.16701333013519876,0.99999464117294,0.2862232979478897
0.14472853535353536,1117324,0.16701243327808227,0.99999464117294,0.2862219809008445
0.14471014492753623,1117326,0.16701213432785061,0.99999464117294,0.28622154188785626
0.14468864468864467,1117329,0.16701168590450977,0.99999464117294,0.286220883370899
0.14464285714285713,1117333,0.1670110880104678,0.99999464117294,0.28622000535300296
0.14450000000000002,1117372,0.16700525876789465,0.99999464117294,0.28621144496081224
0.1444990444990445,1117376,0.1670046609198694,0.99999464117294,0.2862105670008221
0.14447174447174446,1117385,0.16700331577746255,0.99999464117294,0.28620859161053774
0.14444444444444446,1117424,0.16699748707742093,0.99999464117294,0.28620003190105764
0.14444444444444443,1117516,0.16698373893528146,0.99999464117294,0.2861798417941852
0.1444168734491315,1117520,0.16698314124132008,0.99999464117294,0.28617896402807086
0.14437908496732027,1117524,0.16698254355163736,0.99999464117294,0.28617808626734104
0.14436507936507936,1117528,0.16698194586623333,0.99999464117294,0.2861772085119957
0.1443548387096774,1117550,0.16697865867299003,0.99999464117294,0.28617238095384145
0.14430555555555552,1117551,0.16697850925819047,0.99999464117294,0.28617216152324987
0.1442857142857143,1117563,0.16697671630145236,0.99999464117294,0.28616952838239773
0.14424242424242423,1117567,0.1669761186577628,0.99999464117294,0.28616865067954833
0.14417706476530007,1117573,0.16697522220025002,0.99999464117294,0.28616733413536927
0.14416666666666667,1117577,0.16697462456725576,0.99999464117294,0.28616645644597966
0.14415584415584415,1117701,0.16695610006611786,0.99999464117294,0.28613925074503055
0.1440723019670388,1117705,0.16695550256999833,0.99999464117294,0.2861383732278985
0.14405594405594407,1117709,0.1669549050781554,0.99999464117294,0.2861374957161487
0.14405594405594405,1117713,0.166954307590589,0.99999464117294,0.2861366182097812
0.14404761904761904,1117760,0.16694728743200687,0.99999464117294,0.2861263079131042
0.14403846153846156,1117781,0.1669441509562249,0.99999464117294,0.28612170142495835
0.14402298850574713,1117785,0.16694355354562818,0.99999464117294,0.28612082401546163
0.144,1117797,0.16694176133949187,0.99999464117294,0.2861181918192586
0.14395604395604397,1117799,0.16694146264221027,0.99999464117294,0.2861177531245999
0.14395604395604394,1117805,0.1669405665567787,0.99999464117294,0.28611643704869544
0.1439525691699605,1117807,0.16694026786377256,0.99999464117294,0.28611599835941787
0.14393939393939395,1117811,0.1669396704809668,0.99999464117294,0.2861151209848982
0.1438888888888889,1117815,0.16693907310243644,0.99999464117294,0.2861142436157596
0.14386363636363636,1117819,0.1669384757281814,0.99999464117294,0.28611336625200184
0.14375,1117872,0.16693056092289635,0.99999464117294,0.2861017416901754
0.1436868686868687,1117876,0.16692996360955956,0.99999464117294,0.2861008644030897
0.1436842105263158,1117880,0.16692936630049737,0.99999464117294,0.28609998712138407
0.14367816091954022,1117898,0.16692667846261466,0.99999464117294,0.2860960394202863
0.14366366366366368,1117900,0.16692637981930405,0.99999464117294,0.2860956007935559
0.14365079365079364,1117904,0.16692578253588858,0.99999464117294,0.2860947235441299
0.14363636363636365,1117928,0.1669221989251544,0.99999464117294,0.2860894601605475
0.1436111111111111,1118011,0.16690980679080974,0.99999464117294,0.28607125911856257
0.14359726295210165,1118017,0.16690891104518088,0.99999464117294,0.2860699434703459
0.14357142857142857,1118021,0.16690831388676958,0.99999464117294,0.2860690663782577
0.1435672514619883,1118027,0.16690741815716437,0.99999464117294,0.2860677507502099
0.14350961538461537,1118031,0.16690682100943532,0.99999464117294,0.28606687367156736
0.1435064935064935,1118153,0.1668886100560478,0.99999464117294,0.28604012535629136
0.14345238095238094,1118162,0.16688726678245192,0.99999464117294,0.2860381523180331
0.14340909090909093,1118166,0.16688666977890582,0.99999464117294,0.2860372754208774
0.14333333333333334,1118176,0.16688517728872734,0.99999464117294,0.2860350832015108
0.1433333333333333,1118178,0.16688487879389508,0.99999464117294,0.28603464476166973
0.14331797235023042,1118182,0.16688428180743387,0.99999464117294,0.28603376788602
0.14326923076923076,1118184,0.16688398331580492,0.99999464117294,0.28603332945021126
0.14325396825396824,1118191,0.16688293860351228,0.99999464117294,0.2860317949354651
0.1432142857142857,1118232,0.16687681983702846,0.99999464117294,0.28602280739401
0.14320261437908494,1118248,0.1668744321474306,0.99999464117294,0.28601930021397
0.1431818181818182,1118273,0.16687070151921757,0.99999464117294,0.28601382041734075
0.14314574314574316,1118277,0.16687010463418275,0.99999464117294,0.28601294366936547
0.14307692307692307,1118285,0.16686891087692315,0.99999464117294,0.28601119018954047
0.14304584304584306,1118289,0.16686831400469826,0.99999464117294,0.2860103134576905
0.14304347826086958,1118303,0.16686622498553613,0.99999464117294,0.28600724493854374
0.14301075268817204,1118322,0.16686338997176126,0.99999464117294,0.2860030806250144
0.14292397660818712,1118323,0.16686324076317843,0.99999464117294,0.2860028614539773
0.14290909090909093,1118331,0.1668620471041221,0.99999464117294,0.2860011080977731
0.14285714285714285,1118944,0.16677063374038378,0.99999464117294,0.2858668210841085
0.1428448275862069,1118971,0.16676660967978615,0.99999464117294,0.2858609092211195
0.1428030303030303,1118975,0.16676601353917647,0.99999464117294,0.2858600334103615
0.14277389277389277,1118979,0.16676541740282882,0.99999464117294,0.28585915760497
0.14272727272727276,1118980,0.16676526836940786,0.99999464117294,0.28585893865446066
0.14272727272727273,1119007,0.16676124456772834,0.99999464117294,0.28585302711748867
0.1427197802197802,1119011,0.1667606484654753,0.99999464117294,0.2858521513550278
0.14270833333333333,1119018,0.16675960529678702,0.99999464117294,0.2858506187836333
0.14270114942528736,1119020,0.16675930725098748,0.99999464117294,0.2858501809091104
0.14269005847953214,1119024,0.16675871116258453,0.99999464117294,0.28584930516408913
0.14265734265734267,1119026,0.16675841311998113,0.99999464117294,0.2858488672935907
0.1426470588235294,1119029,0.16675796605807355,0.99999464117294,0.28584821049035836
0.1426332288401254,1119033,0.16675736997925888,0.99999464117294,0.2858473347574103
0.1425189393939394,1119035,0.16675707194144956,0.99999464117294,0.2858468968929485
0.14250000000000002,1119342,0.16671133576690592,0.99999464117294,0.285779700601095
0.14244755244755247,1119348,0.16671044215025174,0.99999464117294,0.28577838763327396
0.1424358974358974,1119360,0.16670865494568324,0.99999464117294,0.285775761733825
0.14242424242424243,1119368,0.16670746349725918,0.99999464117294,0.2857740111610015
0.14234360410830998,1119372,0.16670686777943347,0.99999464117294,0.2857731358826322
0.14231897135122942,1119376,0.16670627206586527,0.99999464117294,0.28577226060962463
0.1423076923076923,1119380,0.16670567635655453,0.99999464117294,0.28577138534197866
0.14223856209150326,1119388,0.1667044849507052,0.99999464117294,0.28576963482277123
0.14222222222222222,1119391,0.16670403817790208,0.99999464117294,0.28576897838359755
0.1422222222222222,1119395,0.1667034424845564,0.99999464117294,0.2857681031360571
0.14221014492753623,1119401,0.16670254895252015,0.99999464117294,0.28576679027479907
0.1422077922077922,1119407,0.16670165543006252,0.99999464117294,0.2857654774256038
0.1421978021978022,1119411,0.1667010597537455,0.99999464117294,0.2857646021995086
0.1421774193548387,1119425,0.1666989749201599,0.99999464117294,0.2857615389503941
0.14215686274509803,1119429,0.16669837926299927,0.99999464117294,0.2857606637484236
0.1421455938697318,1119439,0.16669689013872127,0.99999464117294,0.28575847576695174
0.14214285714285713,1119455,0.16669450759521373,0.99999464117294,0.285754975066287
0.14211822660098522,1119457,0.16669420978206398,0.99999464117294,0.28575453748473467
0.14207792207792208,1119461,0.16669361415895687,0.99999464117294,0.28575366232565047
0.14206349206349206,1119465,0.1666930185401062,0.99999464117294,0.2857527871719268
0.14202020202020202,1119471,0.16669212511981105,0.99999464117294,0.28575147445139226
0.14200000000000002,1119495,0.1666885515343972,0.99999464117294,0.28574622368986213
0.14190476190476192,1119499,0.16668795595172484,0.99999464117294,0.2857453485817012
0.1419047619047619,1119501,0.16668765816198466,0.99999464117294,0.2857449110296308
0.14188948306595364,1119505,0.16668706258569635,0.99999464117294,0.2857440359295099
0.14188034188034188,1119512,0.16668602033743274,0.99999464117294,0.285742504517196
0.141875,1119544,0.1666812559399184,0.99999464117294,0.28573550398422237
0.14179487179487177,1119548,0.1666806604093795,0.99999464117294,0.2857346289417191
0.14177177177177175,1119552,0.16668006488309609,0.99999464117294,0.2857337539045752
0.14175824175824175,1119556,0.16667946936106814,0.99999464117294,0.28573287887279086
0.1417171717171717,1119564,0.16667827832977838,0.99999464117294,0.2857311288253002
0.1416666666666667,1119570,0.16667738506748125,0.99999464117294,0.28572981630375033
0.14166666666666666,1119614,0.16667083476984032,0.99999464117294,0.285720191514153
0.14162337662337662,1119618,0.16667023931376596,0.99999464117294,0.2857193165654336
0.14161490683229813,1119622,0.16666964386194627,0.99999464117294,0.28571844162207266
0.1415909090909091,1119630,0.1666684529710708,0.99999464117294,0.2857166917514266
0.14155844155844155,1119631,0.16666830411090797,0.99999464117294,0.28571647301910297
0.14154150197628457,1119635,0.16666770867291572,0.99999464117294,0.2857155980931572
0.14153846153846156,1119679,0.16666115913578802,0.99999464117294,0.28570597426139893
0.1415151515151515,1119680,0.1666610102886539,0.99999464117294,0.28570575554548455
0.1414715719063545,1119686,0.16666011721143248,0.99999464117294,0.285704443257031
0.14144144144144144,1119693,0.16665907530010457,0.99999464117294,0.2857029122690712
0.14142857142857143,1119707,0.16665699151653066,0.99999464117294,0.28569985034237527
0.1414285714285714,1120171,0.16658795844563018,0.99999464117294,0.285598406463526
0.1414141414141414,1120183,0.16658617386623437,0.99999464117294,0.2855957838705654
0.14136507936507936,1120185,0.16658587644005232,0.99999464117294,0.28559534677642134
0.14134502923976605,1120189,0.1665852815908744,0.99999464117294,0.2855944725921471
0.14132630654369785,1120193,0.16658468674594468,0.99999464117294,0.28559359841322435
0.1413235294117647,1120201,0.1665834970688296,0.99999464117294,0.2855918500714335
0.14126984126984127,1120203,0.1665831996522059,0.99999464117294,0.2855914129893305
0.1412539184952978,1120207,0.1665826048221445,0.99999464117294,0.28559053882913804
0.14123015873015873,1120211,0.16658200999633105,0.99999464117294,0.2855896646742969
0.1412280701754386,1120219,0.16658082035744795,0.99999464117294,0.28558791638066855
0.14121621621621622,1120239,0.1665778463345768,0.99999464117294,0.2855835457402435
0.14116666666666666,1120245,0.16657695414842288,0.99999464117294,0.2855822345742023
0.1411255411255411,1120246,0.16657680545165973,0.99999464117294,0.2855820160476993
0.1411111111111111,1120278,0.16657204729540345,0.99999464117294,0.2855750233761782
0.14107142857142857,1120306,0.16656788413165688,0.99999464117294,0.2855689050694996
0.14098039215686275,1120307,0.16656773545108616,0.99999464117294,0.28556868656339546
0.14090909090909093,1120395,0.16655465260019903,0.99999464117294,0.2855494593355945
0.1409090909090909,1120401,0.1665537606624771,0.99999464117294,0.2855481484825277
0.14087301587301587,1120405,0.16655316604263637,0.99999464117294,0.2855472745871694
0.14083333333333334,1120419,0.16655108490662868,0.99999464117294,0.285544215995538
0.14082125603864734,1120431,0.16654930111715938,0.99999464117294,0.2855415943977188
0.14078947368421052,1120451,0.1665463282196187,0.99999464117294,0.2855372251749921
0.14078341013824885,1120452,0.16654617957752765,0.99999464117294,0.2855370067173657
0.1407828282828283,1120456,0.16654558501181663,0.99999464117294,0.2855361328902028
0.14077922077922078,1120458,0.16654528773055305,0.99999464117294,0.285535695978627
0.1407563025210084,1120466,0.16654409861611152,0.99999464117294,0.28553394834569434
0.1407142857142857,1120478,0.1665423149762869,0.99999464117294,0.28553132693640665
0.14069892473118278,1120480,0.16654201770669713,0.99999464117294,0.2855308900395383
0.14068965517241377,1120496,0.16653963958818238,0.99999464117294,0.28552739491272316
0.14066666666666666,1120500,0.16653904506916556,0.99999464117294,0.285526521144389
0.14060810810810812,1120502,0.1665387478112489,0.99999464117294,0.28552608426222736
0.14058651026392963,1120504,0.16653845055439337,0.99999464117294,0.2855256473814027
0.14057142857142857,1120513,0.16653711291167528,0.99999464117294,0.285523681434236
0.14055555555555554,1120523,0.16653562666719024,0.99999464117294,0.28552149708024677
0.14047619047619048,1120617,0.16652165726559565,0.99999464117294,0.285500965786303
0.14045454545454544,1120619,0.16652136006974716,0.99999464117294,0.28550052898234196
0.14039473684210527,1120621,0.16652106287495952,0.99999464117294,0.28550009217971756
0.14038662486938347,1120625,0.16652046848856664,0.99999464117294,0.2854992185784783
0.14038461538461539,1120642,0.16651794239373502,0.99999464117294,0.2854955058328552
0.1403448275862069,1120679,0.16651244468755103,0.99999464117294,0.28548742548499295
0.14031007751937985,1120683,0.16651185036268062,0.99999464117294,0.2854865519612695
0.1402840909090909,1120687,0.16651125604205277,0.99999464117294,0.2854856784428916
0.14027777777777778,1120689,0.1665109588833298,0.99999464117294,0.2854852416857072
0.14027777777777775,1120695,0.16651006741352464,0.99999464117294,0.2854839314221722
0.14018633540372671,1120697,0.16650977025904415,0.99999464117294,0.2854834946703332
0.14017857142857143,1120701,0.16650917595326498,0.99999464117294,0.2854826211706643
0.1401268115942029,1120703,0.16650887880196627,0.99999464117294,0.28548218442283435
0.1401098901098901,1120724,0.1665057587773618,0.99999464117294,0.285477598651299
0.14010822510822513,1120728,0.1665051645002177,0.99999464117294,0.28547672518771
0.14009661835748793,1120732,0.1665045702273157,0.99999464117294,0.28547585172946593
0.14003189792663476,1120736,0.16650397595865574,0.99999464117294,0.2854749782765668
0.14,1120841,0.1664883779233629,0.99999464117294,0.28545205204944896
0.13999999999999999,1120849,0.16648718962143874,0.99999464117294,0.28545030544025535
0.13987301587301587,1120861,0.1664854072003576,0.99999464117294,0.28544768556654115
0.13986013986013987,1120863,0.1664851101338879,0.99999464117294,0.28544724892559753
0.13984126984126982,1120870,0.16648407040959254,0.99999464117294,0.2854457206928147
0.13978021978021976,1120874,0.1664834762872544,0.99999464117294,0.2854448474242858
0.13977777777777778,1120894,0.16648050573916892,0.99999464117294,0.2854404811617879
0.13977272727272727,1120899,0.16647976311871096,0.99999464117294,0.2854393896170345
0.13974358974358975,1120903,0.16647916902711474,0.99999464117294,0.2854385163872426
0.13971014492753625,1120907,0.1664785749397586,0.99999464117294,0.2854376431627935
0.13970893970893972,1120908,0.16647842641858207,0.99999464117294,0.28543742485751605
0.1396969696969697,1120914,0.16647753529708792,0.99999464117294,0.2854361150328637
0.13968253968253969,1120942,0.16647337685625127,0.99999464117294,0.2854300026767619
0.13968253968253966,1120943,0.16647322834434936,0.99999464117294,0.28542978438317124
0.1396774193548387,1120970,0.16646921862315672,0.99999464117294,0.2854238905824356
0.13964285714285715,1120976,0.16646832760023408,0.99999464117294,0.28542258088199307
0.13956521739130434,1120980,0.16646773359025138,0.99999464117294,0.28542170775504205
0.13954954954954957,1120981,0.16646758508841808,0.99999464117294,0.28542148947413903
0.13949602122015914,1120985,0.1664669910837344,0.99999464117294,0.28542061635386545
0.13944444444444443,1120989,0.16646639708328984,0.99999464117294,0.28541974323893365
0.13939393939393938,1120993,0.1664658030870844,0.99999464117294,0.2854188701293437
0.13938461538461538,1121024,0.16646119976021923,0.99999464117294,0.28541210371113584
0.139375,1121042,0.1664585269775798,0.99999464117294,0.2854081749703667
0.1393548387096774,1121054,0.16645674517017023,0.99999464117294,0.28540555586994193
0.13931623931623932,1121059,0.16645600276167447,0.99999464117294,0.28540446459228536
0.1392857142857143,1121129,0.16644560973804085,0.99999464117294,0.285389187581295
0.13928571428571426,1121131,0.16644531281357844,0.99999464117294,0.2853887511192983
0.1392727272727273,1121135,0.1664447189678317,0.99999464117294,0.2853878781993098
0.13924242424242425,1121137,0.16644442204654739,0.99999464117294,0.285387441741318
0.13919191919191917,1121145,0.16644323437200362,0.99999464117294,0.28538569592270097
0.13916666666666666,1121152,0.1664421951706816,0.99999464117294,0.28538416834893254
0.1391304347826087,1121158,0.16644130443701957,0.99999464117294,0.28538285901300386
0.13912280701754387,1121162,0.16644071061987473,0.99999464117294,0.28538198612905935
0.1390909090909091,1121176,0.16643863229323497,0.99999464117294,0.2853789310773033
0.1390873015873016,1121184,0.16643744470131575,0.99999464117294,0.2853771853628099
0.13907563025210085,1121186,0.166437147805984,0.99999464117294,0.2853767489375238
0.13906882591093117,1121190,0.1664365540184982,0.99999464117294,0.28537587609095594
0.13901808785529715,1121194,0.1664359602352492,0.99999464117294,0.2853750032497274
0.13899769585253455,1121198,0.166435366456237,0.99999464117294,0.28537413041383813
0.13899711399711398,1121202,0.1664347726814615,0.99999464117294,0.2853732575832881
0.13894993894993896,1121208,0.16643388202724205,0.99999464117294,0.2853719483474739
0.13892307692307693,1121212,0.1664332882630582,0.99999464117294,0.28537107553027175
0.13891625615763545,1121215,0.16643284294270055,0.99999464117294,0.28537042092087384
0.13890909090909093,1121217,0.16643254606378605,0.99999464117294,0.28536998451627704
0.1388888888888889,1121248,0.16642794457604385,0.99999464117294,0.2853632204157033
0.13888888888888887,1121264,0.1664255697141797,0.99999464117294,0.2853597293924788
0.13882783882783883,1121268,0.16642497600930375,0.99999464117294,0.2853588566500188
0.1388235294117647,1121275,0.16642393703596353,0.99999464117294,0.28535732936355923
0.1388111888111888,1121277,0.16642364018882042,0.99999464117294,0.28535689299900213
0.13880382775119618,1121281,0.1664230464977111,0.99999464117294,0.28535602027389173
0.13874999999999998,1121283,0.16642274965374487,0.99999464117294,0.2853555839133384
0.1387218045112782,1121287,0.1664221559689892,0.99999464117294,0.2853547111962352
0.1386666666666667,1121289,0.1664218591281998,0.99999464117294,0.2853542748396854
0.13863636363636364,1121332,0.16641547730734518,0.99999464117294,0.2853448934966436
0.13862765586903517,1121336,0.16641488367447402,0.99999464117294,0.28534402084492916
0.1385990338164251,1121351,0.1664126575889262,0.99999464117294,0.28534074844853696
0.13857142857142857,1121365,0.16641057996281317,0.99999464117294,0.2853376942796219
0.1385,1121367,0.16641028316331763,0.99999464117294,0.28533725797511417
0.13849206349206347,1121387,0.16640731522658994,0.99999464117294,0.2853328950034213
0.13846153846153847,1121470,0.1663949994204036,0.99999464117294,0.28531479009661503
0.13845598845598844,1121474,0.1663944059336195,0.99999464117294,0.28531391762901714
0.13844696969696968,1121475,0.166394257562585,0.99999464117294,0.2853136995129514
0.1384126984126984,1121479,0.1663936640810929,0.99999464117294,0.28531282705202327
0.13840245775729645,1121481,0.16639336734193447,0.99999464117294,0.28531239082356014
0.1383838383838384,1121503,0.1663901032810434,0.99999464117294,0.2853075923985044
0.13833333333333334,1121515,0.16638832293816846,0.99999464117294,0.28530497514377473
0.1382857142857143,1121519,0.16638772949900982,0.99999464117294,0.2853041027362022
0.13825396825396824,1121523,0.16638713606408428,0.99999464117294,0.285303230333965
0.13824884792626727,1121527,0.16638654263339178,0.99999464117294,0.28530235793706304
0.13813725490196077,1121535,0.16638535578470579,0.99999464117294,0.2853006131592647
0.138125,1121539,0.16638476236671218,0.99999464117294,0.2852997407783682
0.13812260536398466,1121555,0.16638238873706596,0.99999464117294,0.2852962513081321
0.1381081081081081,1121567,0.16638060855927467,0.99999464117294,0.28529363426147114
0.1380952380952381,1121603,0.16637526825445367,0.99999464117294,0.28528578340955707
0.13805555555555554,1121620,0.16637274656300707,0.99999464117294,0.2852820762130148
0.13804347826086957,1121682,0.16636355045369364,0.99999464117294,0.28526855666557105
0.13799019607843135,1121686,0.1663629571912282,0.99999464117294,0.2852676844807054
0.137987012987013,1121690,0.16636236393299397,0.99999464117294,0.28526681230117296
0.13794642857142855,1121694,0.16636177067899088,0.99999464117294,0.2852659401269737
0.13789915966386554,1121698,0.1663611774292189,0.99999464117294,0.28526506795810763
0.137824235385211,1121702,0.16636058418367802,0.99999464117294,0.2852641957945747
0.13777777777777778,1121710,0.16635939770528924,0.99999464117294,0.2852624514835078
0.13775362318840578,1121714,0.16635880447244128,0.99999464117294,0.2852615793359739
0.1376923076923077,1121718,0.16635821124382422,0.99999464117294,0.2852607071937729
0.13767676767676768,1121722,0.16635761801943796,0.99999464117294,0.2852598350569046
0.13763736263736265,1121726,0.16635702479928252,0.99999464117294,0.2852589629253692
0.1376190476190476,1121734,0.16635583837166387,0.99999464117294,0.2852572186782967
0.13761755485893418,1121736,0.1663555417674034,0.99999464117294,0.2852567826198615
0.13760683760683762,1121748,0.1663537621640511,0.99999464117294,0.2852541662972463
0.1375968992248062,1121752,0.16635316897139474,0.99999464117294,0.285253294200373
0.1375816993464052,1121760,0.16635198259877335,0.99999464117294,0.2852515500226236
0.13755555555555554,1121787,0.16634797871610207,0.99999464117294,0.28524566358018794
0.1375,1121868,0.1663359682244257,0.99999464117294,0.28522800571046014
0.13748768472906403,1121876,0.16633478209713015,0.99999464117294,0.2852262618419483
0.13745519713261647,1121894,0.16633211337256462,0.99999464117294,0.2852223382157612
0.13739495798319326,1121898,0.16633152033429063,0.99999464117294,0.2852214663134903
0.13737373737373737,1121902,0.16633092730024548,0.99999464117294,0.2852205944165502
0.13736559139784946,1121904,0.16633063078480867,0.99999464117294,0.285220158470079
0.13736263736263737,1121906,0.16633033427042906,0.99999464117294,0.2852197225249405
0.13735042735042735,1121910,0.1663297412448414,0.99999464117294,0.2852188506386615
0.1373440285204991,1121912,0.16632944473363329,0.99999464117294,0.28521841469752085
0.1373015873015873,1121916,0.1663288517143886,0.99999464117294,0.28521754281923756
0.1372727272727273,1121920,0.1663282586993725,0.99999464117294,0.28521667094628467
0.13721590909090908,1121922,0.16632796219345017,0.99999464117294,0.2852162350118071
0.13719806763285022,1121933,0.16632633142977343,0.99999464117294,0.2852138373960006
0.1371569950517319,1121936,0.16632588668159323,0.99999464117294,0.2852131835077765
0.13715277777777776,1121956,0.1663229217545073,0.99999464117294,0.2852088243295704
0.13714285714285715,1121966,0.1663214393306036,0.99999464117294,0.285206644790436
0.13714285714285712,1121980,0.16631936398153266,0.99999464117294,0.28520359349161084
0.13709401709401708,1121984,0.16631877103416803,0.99999464117294,0.28520272170393823
0.13706293706293707,1121988,0.16631817809103128,0.99999464117294,0.28520184992159536
0.137,1122065,0.1663067647596173,0.99999464117294,0.2851850691502002
0.13696969696969696,1122069,0.16630617190208447,0.99999464117294,0.28518419747577134
0.136950146627566,1122078,0.16630483798808995,0.99999464117294,0.2851822362277888
0.1369047619047619,1122085,0.1663038005142213,0.99999464117294,0.2851807108313409
0.13686868686868686,1122087,0.1663035040954935,0.99999464117294,0.28518027500678156
0.13682539682539682,1122091,0.16630291126120786,0.99999464117294,0.28517940336165915
0.13682432432432434,1122095,0.16630231843114887,0.99999464117294,0.2851785317218651
0.13682027649769585,1122097,0.16630202201770436,0.99999464117294,0.28517809590396614
0.13681318681318683,1122113,0.16629965074818667,0.99999464117294,0.285174609408728
0.1367857142857143,1122121,0.1662984651387863,0.99999464117294,0.2851728661930774
0.13676075268817203,1122125,0.16629787234042553,0.99999464117294,0.285171994593244
0.13671328671328672,1122127,0.16629757594283,0.99999464117294,0.28517155879532524
0.13667953667953667,1122131,0.1662969831508086,0.99999464117294,0.28517068720348365
0.13666666666666666,1122208,0.16628557272805042,0.99999464117294,0.28515391009889857
0.13666666666666663,1122214,0.16628468366995955,0.99999464117294,0.28515260287495164
0.13660049627791562,1122222,0.16628349827396005,0.99999464117294,0.28515085992833294
0.13658653846153845,1122232,0.16628201655272706,0.99999464117294,0.28514868127502213
0.13656633221850611,1122234,0.16628172021164928,0.99999464117294,0.285148245548355
0.13656267104542968,1122236,0.16628142387162773,0.99999464117294,0.2851478098230194
0.13653846153846155,1122330,0.16626749708196342,0.99999464117294,0.2851273322342235
0.1365079365079365,1122334,0.16626690450436324,0.99999464117294,0.2851264609127066
0.1365,1122341,0.16626586750372657,0.99999464117294,0.2851249361128661
0.13648351648351648,1122343,0.1662655712202063,0.99999464117294,0.2851245004587643
0.13646616541353382,1122347,0.16626497865633355,0.99999464117294,0.2851236291545545
0.13642857142857143,1122351,0.16626438609668454,0.99999464117294,0.28512275785567004
0.13639093639093638,1122355,0.16626379354125922,0.99999464117294,0.28512188656211057
0.1363768115942029,1122365,0.16626231217117426,0.99999464117294,0.2851197083515091
0.13636363636363638,1122388,0.16625890512015454,0.99999464117294,0.28511469859342586
0.13636363636363635,1123184,0.16614107750822663,0.99999464117294,0.2849414258141751
0.13634920634920633,1123188,0.16614048583140134,0.99999464117294,0.2849405556285101
0.13634408602150538,1123192,0.1661398941587903,0.99999464117294,0.28493968544816
0.1363408521303258,1123194,0.16613959832406514,0.99999464117294,0.2849392503599781
0.13627791563275435,1123196,0.1661393024903935,0.99999464117294,0.28493881527312487
0.13626984126984124,1123205,0.1661379712519086,0.99999464117294,0.2849368573987279
0.13624242424242425,1123207,0.16613767542403138,0.99999464117294,0.2849364223191825
0.13623376623376623,1123213,0.1661367879467207,0.99999464117294,0.2849351170885182
0.13617424242424242,1123216,0.1661363442116209,0.99999464117294,0.2849344644776703
0.1361111111111111,1123305,0.16612318114848595,0.99999464117294,0.2849151050489613
0.1360742705570292,1123313,0.1661219980539707,0.99999464117294,0.28491336500445447
0.136,1123315,0.16612170228297493,0.99999464117294,0.28491292999664863
0.135990990990991,1123317,0.1661214065130324,0.99999464117294,0.2849124949901712
0.13596638655462184,1123321,0.16612081497630687,0.99999464117294,0.2849116249812013
0.13590038314176242,1123337,0.16611844887153188,0.99999464117294,0.2849081449984541
0.13587301587301587,1123347,0.16611697009027487,0.99999464117294,0.2849059700524064
0.13586278586278588,1123348,0.16611682221359722,0.99999464117294,0.28490575255962797
0.13583333333333333,1123362,0.16611475196775394,0.99999464117294,0.2849027076955961
0.13582251082251084,1123364,0.1661144562225601,0.99999464117294,0.28490227272033297
0.13578947368421052,1123372,0.16611327325231534,0.99999464117294,0.28490053283256234
0.13575289575289576,1123376,0.16611268177351127,0.99999464117294,0.28489966289664603
0.13571428571428573,1123390,0.1661106116308673,0.99999464117294,0.28489661816277584
0.1357142857142857,1123468,0.16609907892347622,0.99999464117294,0.28487965583676056
0.13567251461988303,1123470,0.16609878323408725,0.99999464117294,0.2848792209318834
0.13565323565323567,1123474,0.16609819185846758,0.99999464117294,0.2848783511261127
0.13560606060606062,1123476,0.1660978961722369,0.99999464117294,0.28487791622521913
0.1355769230769231,1123478,0.16609760048705893,0.99999464117294,0.28487748132565344
0.13555555555555557,1123547,0.1660873999930577,0.99999464117294,0.2848624781037358
0.13555555555555554,1123553,0.1660865130527888,0.99999464117294,0.2848611735504263
0.13551587301587303,1123555,0.16608621740813756,0.99999464117294,0.2848607387019783
0.1354864433811802,1123556,0.16608606958620664,0.99999464117294,0.2848605212782522
0.13545454545454547,1123558,0.16608577394313423,0.99999464117294,0.28486008643179567
0.13545454545454544,1123562,0.16608518266014693,0.99999464117294,0.28485921674286546
0.13543233082706765,1123566,0.16608459138136966,0.99999464117294,0.28485834705924556
0.13539589442815247,1123570,0.16608400010680244,0.99999464117294,0.2848574773809361
0.13538461538461538,1123591,0.1660808959843929,0.99999464117294,0.2848529116569315
0.13535353535353536,1123733,0.1660599092489052,0.99999464117294,0.2848220425064926
0.1353448275862069,1123788,0.16605178200870627,0.99999464117294,0.2848100879428814
0.13533333333333333,1123798,0.16605030441413848,0.99999464117294,0.284807914493676
0.13529411764705884,1123808,0.16604882684586691,0.99999464117294,0.2848057410776425
0.13523297491039424,1123809,0.166048679090486,0.99999464117294,0.2848055237378636
0.1352278545826933,1123813,0.166048088071592,0.99999464117294,0.28480465438206504
0.13522727272727275,1123832,0.16604528078929948,0.99999464117294,0.28480052501449893
0.13517000241138172,1123836,0.16604468979459636,0.99999464117294,0.2847996556892168
0.13514957264957264,1123840,0.16604409880410023,0.99999464117294,0.2847987863692417
0.1351111111111111,1123856,0.16604173488418444,0.99999464117294,0.28479530914241064
0.13508359456635322,1123858,0.16604143939892763,0.99999464117294,0.28479487449502694
0.13506493506493505,1123862,0.166040848431569,0.99999464117294,0.2847940052042397
0.135,1123920,0.16603227987757135,0.99999464117294,0.2847814010841431
0.13497536945812807,1123924,0.16603168897541115,0.99999464117294,0.2847805318756047
0.13493055555555553,1123936,0.16602991629416622,0.99999464117294,0.28477792428182497
0.1349206349206349,1123938,0.1660296208509722,0.99999464117294,0.28477748968750427
0.13487179487179488,1123946,0.16602843908871068,0.99999464117294,0.28477575132348615
0.1348514211886305,1123950,0.16602784821388852,0.99999464117294,0.2847748821494356
0.1347394540942928,1123958,0.16602666647686123,0.99999464117294,0.2847731438172515
0.13472222222222222,1123965,0.166025632470762,0.99999464117294,0.28477162279399926
0.1346969696969697,1123969,0.16602504161591644,0.99999464117294,0.2847707536451502
0.1346774193548387,1124013,0.16601854249016693,0.99999464117294,0.2847611933579578
0.13464646464646463,1124020,0.1660175085852565,0.99999464117294,0.28475967246236156
0.13464285714285715,1124024,0.16601691778823227,0.99999464117294,0.2847588033864578
0.13464285714285712,1124028,0.16601632699541294,0.99999464117294,0.2847579343158589
0.13463414634146342,1124032,0.16601573620679838,0.99999464117294,0.28475706525056466
0.13461538461538464,1124038,0.1660148500317605,0.99999464117294,0.28475576166256944
0.13459595959595957,1124040,0.16601455464218356,0.99999464117294,0.2847553271358901
0.13458781362007166,1124042,0.1660142592536578,0.99999464117294,0.28475489261053677
0.1345,1124043,0.1660141115597891,0.99999464117294,0.2847546753483574
0.13444444444444445,1124057,0.16601204387321994,0.99999464117294,0.2847516337126573
0.13444444444444442,1124059,0.1660117484936289,0.99999464117294,0.284751199198576
0.13442307692307692,1124062,0.16601130542621315,0.99999464117294,0.2847505474299404
0.1343939393939394,1124074,0.16600953318019987,0.99999464117294,0.28474794038523454
0.13437908496732023,1124078,0.16600894243993744,0.99999464117294,0.28474707138094096
0.134375,1124106,0.16600480737581688,0.99999464117294,0.2847409884993981
0.13434343434343435,1124110,0.1660042166691872,0.99999464117294,0.2847401195375359
0.13428571428571429,1124138,0.16600008184048579,0.99999464117294,0.28473403695300237
0.13424242424242425,1124142,0.16599949116748597,0.99999464117294,0.2847331680335686
0.13421717171717173,1124146,0.16599890049868968,0.99999464117294,0.28473229911943815
0.13418803418803418,1124152,0.16599801450337676,0.99999464117294,0.2847309957581861
0.13416422287390029,1124153,0.16599786683841078,0.99999464117294,0.2847307785324708
0.13413461538461538,1124165,0.1659960948793104,0.99999464117294,0.2847281718497406
0.13412698412698412,1124166,0.16599594721775965,0.99999464117294,0.2847279546283341
0.1340909090909091,1124207,0.16598989332035827,0.99999464117294,0.28471904883602955
0.13406593406593406,1124227,0.16598694035990952,0.99999464117294,0.28471470474926286
0.13405483405483407,1124231,0.1659863497804277,0.99999464117294,0.28471383594781663
0.13404761904761905,1124236,0.1659856115619852,0.99999464117294,0.2847127499534651
0.134,1124241,0.16598487335010909,0.99999464117294,0.2847116639673982
0.13398268398268398,1124243,0.1659845780671972,0.99999464117294,0.28471122957529116
0.13397636845912708,1124245,0.16598428278533595,0.99999464117294,0.2847107951845096
0.13397435897435897,1124250,0.16598354458527909,0.99999464117294,0.2847097092133549
0.13392857142857142,1124261,0.16598192056826663,0.99999464117294,0.28470732010597555
0.13391984359726294,1124269,0.16598073948494532,0.99999464117294,0.2847055825985199
0.1338888888888889,1124277,0.16597955841843245,0.99999464117294,0.2847038451122715
0.13388888888888886,1124285,0.16597837736872767,0.99999464117294,0.2847021076472298
0.1338675213675214,1124292,0.16597734396402358,0.99999464117294,0.28470058738271414
0.1338235294117647,1124319,0.16597335809498906,0.99999464117294,0.28469472365738135
0.13379928315412185,1124331,0.16597158665908882,0.99999464117294,0.28469211763476404
0.13377674956622324,1124335,0.1659709961888583,0.99999464117294,0.28469124897116044
0.1336783216783217,1124337,0.16597070095531855,0.99999464117294,0.2846908146413465
0.13367816091954024,1124341,0.16597011049139007,0.99999464117294,0.28468994598569436
0.13366366366366364,1124345,0.16596952003166288,0.99999464117294,0.2846890773353431
0.13365079365079366,1124347,0.16596922480337475,0.99999464117294,0.2846886430121553
0.13363636363636364,1124361,0.16596715823476624,0.99999464117294,0.2846856027869461
0.13361742424242423,1124365,0.16596656779604488,0.99999464117294,0.28468473416309875
0.13361344537815126,1124367,0.16596627257825958,0.99999464117294,0.2846842998531627
0.1336111111111111,1124369,0.16596597736152455,0.99999464117294,0.2846838655445519
0.13357142857142856,1124396,0.16596199203839218,0.99999464117294,0.2846780025080015
0.13356643356643358,1124400,0.1659614016364283,0.99999464117294,0.28467713393053284
0.13352007469654528,1124404,0.1659608112386651,0.99999464117294,0.2846762653583644
0.13343023255813954,1124406,0.16596051604135872,0.99999464117294,0.2846758310742677
0.13342857142857142,1124414,0.1659593352626346,0.99999464117294,0.28467409395113125
0.13333333333333336,1124416,0.16595904007057885,0.99999464117294,0.28467365967365965
0.13333333333333333,1125318,0.16582601540186861,0.99999464117294,0.28447793549331285
0.1332051282051282,1125322,0.16582542596696767,0.99999464117294,0.2844770681362573
0.1331896551724138,1125330,0.1658242471097367,0.99999464117294,0.28447533343801307
0.1331439393939394,1125332,0.16582395239804787,0.99999464117294,0.2844748997667576
0.1331081081081081,1125333,0.16582380504259628,0.99999464117294,0.2844746829316257
0.13306595365418894,1125337,0.16582321562340882,0.99999464117294,0.2844738155944037
0.13306233062330622,1125341,0.16582262620841148,0.99999464117294,0.28447294826247055
0.13304347826086957,1125363,0.16581938450082329,0.99999464117294,0.28446817803137414
0.13304347826086954,1125371,0.16581820572948833,0.99999464117294,0.28446644344154903
0.13303571428571428,1125377,0.16581732166198526,0.99999464117294,0.28446514251306226
0.1330316742081448,1125388,0.16581570089604653,0.99999464117294,0.2844627575084071
0.13303140096618357,1125392,0.16581511153446976,0.99999464117294,0.28446189024390245
0.13301587301587303,1125396,0.16581452217708256,0.99999464117294,0.28446102298468606
0.13301075268817206,1125402,0.16581363814885702,0.99999464117294,0.28445972210577664
0.13296703296703297,1125427,0.16580995479937838,0.99999464117294,0.2844543019050559
0.13290598290598293,1125433,0.16580907081985333,0.99999464117294,0.28445300108761845
0.13289473684210526,1125435,0.1658087761621062,0.99999464117294,0.2844525674844498
0.13288288288288289,1125439,0.16580818684975374,0.99999464117294,0.2844517002820783
0.13278943278943278,1125441,0.16580789219514838,0.99999464117294,0.2844512666828754
0.13274044795783926,1125447,0.16580700823761582,0.99999464117294,0.28444996589319804
0.13270833333333334,1125449,0.16580671358719942,0.99999464117294,0.28444953229928277
0.1326923076923077,1125455,0.1658058296422336,0.99999464117294,0.2844482315254679
0.1326797385620915,1125469,0.16580376714063205,0.99999464117294,0.28444519643283134
0.132579185520362,1125473,0.1658031778638848,0.99999464117294,0.28444432927540303
0.13253968253968254,1125497,0.16579964229136107,0.99999464117294,0.2844391264418625
0.1325,1126290,0.16568290582354456,0.99999464117294,0.28426732312792
0.13247863247863248,1126294,0.1656823174055797,0.99999464117294,0.28426645705467735
0.13246753246753246,1126298,0.16568172899179437,0.99999464117294,0.28426559098671195
0.13243243243243244,1126302,0.16568114058218844,0.99999464117294,0.28426472492402377
0.13242424242424242,1126308,0.16568025797561592,0.99999464117294,0.28426342583988623
0.13235880398671096,1126312,0.16567966957645838,0.99999464117294,0.2842625597903909
0.13235632183908047,1126316,0.16567908118148014,0.99999464117294,0.28426169374617266
0.13233333333333333,1126320,0.16567849279068117,0.99999464117294,0.2842608277072315
0.1322222222222222,1126324,0.16567790440406135,0.99999464117294,0.28425996167356726
0.13214285714285715,1126348,0.16567437417210312,0.99999464117294,0.28425476558239576
0.1321409214092141,1126356,0.16567319746154857,0.99999464117294,0.2842530335942189
0.1321371610845295,1126362,0.16567231493960202,0.99999464117294,0.28425173461693715
0.1321212121212121,1126366,0.16567172659686105,0.99999464117294,0.28425086863867827
0.1321182266009852,1126374,0.16567054992391514,0.99999464117294,0.28424913669798973
0.13209150326797384,1126380,0.16566966743017456,0.99999464117294,0.28424783775632373
0.1320892320892321,1126384,0.1656690791062373,0.99999464117294,0.28424697180180836
0.13208180708180708,1126388,0.16566849078647855,0.99999464117294,0.2842461058525692
0.13205128205128205,1126394,0.16566760831467497,0.99999464117294,0.28424480693860327
0.13202314926452857,1126396,0.16566731415949632,0.99999464117294,0.28424437396991936
0.13201149425287356,1126402,0.1656664317002278,0.99999464117294,0.28424307507178165
0.132,1126425,0.1656630490267883,0.99999464117294,0.2842380960722236
0.13194444444444445,1126437,0.16566128420852652,0.99999464117294,0.2842354984025681
0.1319047619047619,1126444,0.1656602547485716,0.99999464117294,0.28423398311719567
0.13185483870967743,1126446,0.16565996061950594,0.99999464117294,0.2842335501814853
0.1318548387096774,1126448,0.16565966649148473,0.99999464117294,0.28423311724709377
0.13180076628352488,1126465,0.16565716644547324,0.99999464117294,0.28422943735801437
0.1317733990147783,1126466,0.16565701938629307,0.99999464117294,0.28422922089691827
0.13174603174603175,1126468,0.16565672526871603,0.99999464117294,0.28422878797571505
0.1316923076923077,1126470,0.16565643115218337,0.99999464117294,0.2842283550558306
0.13166666666666668,1126476,0.16565554880885167,0.99999464117294,0.2842270563040902
0.13166666666666665,1126494,0.16565290183525166,0.99999464117294,0.2842231601200821
0.1316624895572264,1126502,0.16565172542969298,0.99999464117294,0.2842214285170321
0.13164285714285714,1126506,0.1656511372331794,0.99999464117294,0.2842205627234193
0.1316008316008316,1126510,0.16565054904084295,0.99999464117294,0.2842196969350812
0.13158730158730159,1126514,0.16564996085268358,0.99999464117294,0.2842188311520179
0.13153846153846155,1126594,0.16563819796661441,0.99999464117294,0.28420151659836035
0.13152173913043477,1126598,0.16563760986616344,0.99999464117294,0.28420065092605423
0.13148051948051948,1126602,0.16563702176988856,0.99999464117294,0.2841997852590218
0.13144144144144143,1126606,0.16563643367778974,0.99999464117294,0.28419891959726284
0.13142857142857142,1126624,0.16563378731502257,0.99999464117294,0.2841950241846071
0.13125,1126626,0.16563349327993496,0.99999464117294,0.2841945913675704
0.13124401913875597,1126630,0.16563290521289153,0.99999464117294,0.28419372573745205
0.13123543123543124,1126638,0.16563172909133192,0.99999464117294,0.28419199449303484
0.13118131868131866,1126646,0.1656305529864749,0.99999464117294,0.2841902632697102
0.1311740890688259,1126656,0.16562908287889117,0.99999464117294,0.28418809927021527
0.13114285714285714,1126658,0.16562878886050603,0.99999464117294,0.284187666474271
0.13111111111111112,1126664,0.16562790681161377,0.99999464117294,0.28418636809434755
0.1311111111111111,1126713,0.16562070376395763,0.99999464117294,0.28417576510236264
0.13110599078341015,1126727,0.16561864586541372,0.99999464117294,0.28417273582140123
0.13104575163398693,1126728,0.16561849887461746,0.99999464117294,0.28417251944666094
0.1310449407223601,1126731,0.16561805790379425,0.99999464117294,0.28417187032441743
0.13102981029810298,1126733,0.16561776392455,0.99999464117294,0.2841714375779024
0.13099378881987578,1126737,0.16561717596919245,0.99999464117294,0.2841705720888267
0.13095238095238096,1126741,0.16561658801800946,0.99999464117294,0.2841697066050227
0.13094444444444445,1126742,0.16561644103086598,0.99999464117294,0.2841694902348955
0.13090909090909092,1126829,0.1656036541480562,0.99999464117294,0.28415066729504346
0.13087301587301586,1126839,0.16560218451793024,0.99999464117294,0.2841485038985204
0.13086913086913088,1126841,0.16560189059503513,0.99999464117294,0.28414807122316893
0.13083333333333333,1126847,0.16560100883260992,0.99999464117294,0.2841467732050203
0.13076923076923078,1126856,0.1655996862065783,0.99999464117294,0.2841448262000329
0.13075757575757577,1126858,0.1655993922925515,0.99999464117294,0.2841443935358814
0.13075396825396823,1126862,0.1655988044676278,0.99999464117294,0.28414352821153127
0.1307142857142857,1126887,0.16559513065640122,0.99999464117294,0.2841381200537497
0.13069053708439898,1126891,0.16559454286173197,0.99999464117294,0.28413725476760926
0.13068376068376067,1126893,0.16559424896596217,0.99999464117294,0.2841368221265153
0.13068181818181818,1126899,0.16559336728491195,0.99999464117294,0.2841355242111385
0.13065476190476188,1126900,0.16559322033898305,0.99999464117294,0.2841353078930619
0.13062865497076023,1126902,0.16559292644790763,0.99999464117294,0.28413487525789677
0.13060606060606061,1126912,0.1655914570081781,0.99999464117294,0.2841327121018332
0.13055555555555556,1126914,0.16559116312336167,0.99999464117294,0.2841322794745729
0.13050193050193049,1126918,0.16559057535685826,0.99999464117294,0.2841314142240047
0.13049019607843138,1126922,0.1655899875945274,0.99999464117294,0.28413054897870627
0.13046594982078852,1126950,0.16558587337503883,0.99999464117294,0.2841244924091666
0.13045454545454543,1126956,0.1655849917831752,0.99999464117294,0.28412319460642954
0.13041666666666665,1126960,0.1655844040604813,0.99999464117294,0.28412232941119153
0.1304112554112554,1126961,0.1655842571304597,0.99999464117294,0.28412211311320534
0.13038461538461538,1126978,0.1655817593599875,0.99999464117294,0.2841184360978269
0.13034482758620689,1127003,0.1655780863050054,0.99999464117294,0.28411302889515994
0.1303030303030303,1127008,0.1655773517135637,0.99999464117294,0.2841119474793243
0.13023391812865495,1127012,0.16557676404510333,0.99999464117294,0.2841110823525829
0.1302197802197802,1127016,0.16557617638081448,0.99999464117294,0.2841102172311103
0.13017857142857142,1127020,0.16557558872069705,0.99999464117294,0.28410935211490623
0.13015873015873017,1127034,0.1655735319431357,0.99999464117294,0.28410632424968146
0.13014705882352942,1127038,0.1655729443017893,0.99999464117294,0.2841054591571854
0.13007518796992482,1127040,0.1655726504826803,0.99999464117294,0.28410502661291304
0.13004179728317658,1127042,0.1655723566646141,0.99999464117294,0.2841045940699578
0.1300395256916996,1127044,0.16557206284759068,0.99999464117294,0.2841041615283195
0.13002136752136753,1127050,0.16557118140277716,0.99999464117294,0.2841028639113072
0.13,1127858,0.16545256583718873,0.99999464117294,0.2839282263672092
0.12991452991452992,1127860,0.16545227244516164,0.99999464117294,0.2839277943624341
0.1298611111111111,1127867,0.1654512455812609,0.99999464117294,0.28392628235607376
0.12984848484848485,1127871,0.16545065880761187,0.99999464117294,0.2839254183596695
0.1297727272727273,1127875,0.16545007203812478,0.99999464117294,0.2839245543685236
0.12976190476190477,1127883,0.1654488985116364,0.99999464117294,0.28392282640200656
0.12976190476190474,1127885,0.16544860513261547,0.99999464117294,0.2839223944136637
0.1296969696969697,1127887,0.165448311754635,0.99999464117294,0.28392196242663537
0.1296774193548387,1127903,0.1654459647682469,0.99999464117294,0.2839185065777312
0.12967032967032968,1127920,0.16544347116816796,0.99999464117294,0.28391483483044866
0.12964285714285714,1127924,0.16544288444966151,0.99999464117294,0.2839139709037133
0.12963286713286715,1127925,0.1654427377706851,0.99999464117294,0.2839137549228509
0.12950937950937952,1127942,0.165440244267879,0.99999464117294,0.2839100832984671
0.12944444444444442,1127946,0.16543965757225967,0.99999464117294,0.28390921940064845
0.12944055944055943,1127952,0.16543877753663278,0.99999464117294,0.28390792356377803
0.12942028985507245,1127956,0.1654381908514162,0.99999464117294,0.2839070596791028
0.1293939393939394,1127958,0.1654378975103683,0.99999464117294,0.28390662773873665
0.129375,1127986,0.16543379084492182,0.99999464117294,0.28390058071161134
0.1293743890518084,1127990,0.16543320419507265,0.99999464117294,0.2838997168716216
0.12936507936507935,1128008,0.16543056432223885,0.99999464117294,0.28389582965672105
0.12935483870967743,1128010,0.16543027100823574,0.99999464117294,0.2838953977505252
0.12932027649769584,1128014,0.16542968438334985,0.99999464117294,0.2838945339420761
0.12931372549019607,1128016,0.16542939107246707,0.99999464117294,0.28389410203982285
0.1292929292929293,1128028,0.16542763122901205,0.99999464117294,0.2838915106538996
0.12922077922077924,1128030,0.16542733792540978,0.99999464117294,0.2838910787608452
0.12916666666666668,1128038,0.16542616472140123,0.99999464117294,0.2838893512017684
0.12916666666666665,1128150,0.16540974161237423,0.99999464117294,0.283865167582171
0.1291579388353582,1128151,0.16540959499215974,0.99999464117294,0.2838649516755542
0.1291208791208791,1128155,0.16540900851390103,0.99999464117294,0.28386408805237145
0.1290909090909091,1128175,0.16540607618498904,0.99999464117294,0.2838597700152801
0.12907196969696969,1128179,0.16540548973168265,0.99999464117294,0.283858906423626
0.12905982905982905,1128181,0.16540519650658891,0.99999464117294,0.2838584746297695
0.12904761904761902,1128182,0.16540504989443192,0.99999464117294,0.28385825873333387
0.12903225806451613,1128186,0.165404463448403,0.99999464117294,0.2838573951508753
0.12902097902097903,1128213,0.16540050504647616,0.99999464117294,0.2838515661067172
0.12901785714285713,1128217,0.1653999186326744,0.99999464117294,0.28385070256498013
0.12897058823529411,1128219,0.1653996254273328,0.99999464117294,0.2838502707960819
0.12891649413388545,1128231,0.16539786621711333,0.99999464117294,0.2838476802102767
0.1288888888888889,1128239,0.1653966934310904,0.99999464117294,0.28384595317934336
0.12880952380952382,1128241,0.16539640023718336,0.99999464117294,0.2838455214248936
0.12878787878787878,1128249,0.1653952274719499,0.99999464117294,0.28384379442022967
0.1287581699346405,1128279,0.16539082975044292,0.99999464117294,0.283837318339903
0.12872503840245775,1128280,0.1653906831637537,0.99999464117294,0.28383710247564814
0.12863247863247862,1128284,0.16539009681959507,0.99999464117294,0.2838362390219121
0.1285714285714286,1128293,0.16538877756043865,0.99999464117294,0.2838342962702135
0.12857142857142856,1128527,0.16535448420817578,0.99999464117294,0.28378379405916504
0.12849802371541502,1128537,0.16535301899716182,0.99999464117294,0.283781636245433
0.1284878863826232,1128541,0.16535243292002683,0.99999464117294,0.28378077312912836
0.12846153846153846,1128545,0.16535184684704643,0.99999464117294,0.28377991001807396
0.12842809364548496,1128593,0.1653448142953217,0.99999464117294,0.2837695530949262
0.12840909090909092,1128605,0.16534305625085835,0.99999464117294,0.28376696398225987
0.1283730158730159,1128611,0.16534217724264605,0.99999464117294,0.28376566944364395
0.12833333333333333,1128631,0.16533924728277002,0.99999464117294,0.28376135440022693
0.12828947368421054,1128643,0.16533748935668763,0.99999464117294,0.2837587654371675
0.12828282828282828,1128679,0.1653322158027216,0.99999464117294,0.28375099883143373
0.12825396825396823,1128683,0.16533162987304673,0.99999464117294,0.2837501359014849
0.12821428571428573,1128685,0.16533133690976667,0.99999464117294,0.2837497044384787
0.128125,1128691,0.16533045802615595,0.99999464117294,0.283748410057333
0.1281081081081081,1128699,0.16532928619587683,0.99999464117294,0.28374668423417504
0.1280952380952381,1128703,0.16532870028696656,0.99999464117294,0.28374582133046866
0.12808080808080807,1128709,0.16532782143138755,0.99999464117294,0.2837445269847497
0.12803030303030305,1128713,0.1653272355328591,0.99999464117294,0.28374366409416407
0.1279220779220779,1128721,0.1653260637482602,0.99999464117294,0.2837419383287375
0.12789473684210526,1128727,0.16532518492071158,0.99999464117294,0.283740644018444
0.1278846153846154,1128777,0.16531786172113713,0.99999464117294,0.2837298585585209
0.12788288288288288,1128779,0.1653175688066486,0.99999464117294,0.28372942715717886
0.1278730158730159,1128793,0.1653155184342922,0.99999464117294,0.2837264073845162
0.1278409090909091,1128795,0.1653152255281074,0.99999464117294,0.28372597599366883
0.12783251231527093,1128799,0.16531463971885163,0.99999464117294,0.28372511321590954
0.12781637717121588,1128802,0.16531420036463437,0.99999464117294,0.2837244661360337
0.1278083028083028,1128806,0.16531361456264407,0.99999464117294,0.28372360336745694
0.1277922077922078,1128809,0.16531317521387587,0.99999464117294,0.28372295629446787
0.12777777777777777,1129120,0.16526764205753153,0.99999464117294,0.2836558924032931
0.1277167277167277,1129122,0.16526734932097684,0.99999464117294,0.2836554612268475
0.1276984126984127,1129126,0.16526676385097855,0.99999464117294,0.2836545988778887
0.1276923076923077,1129128,0.16526647111753495,0.99999464117294,0.28365416770537555
0.12764478764478765,1129132,0.16526588565375883,0.99999464117294,0.2836533053642817
0.12763409961685823,1129136,0.16526530019413074,0.99999464117294,0.28365244302843107
0.12759856630824373,1129138,0.1652650074658722,0.99999464117294,0.2836520118624719
0.1275985663082437,1129142,0.1652644220124661,0.99999464117294,0.28365114953448606
0.1275,1129154,0.16526266567713527,0.99999464117294,0.2836485625819867
0.127487922705314,1129158,0.16526208024032066,0.99999464117294,0.2836477002749729
0.12741228070175437,1129159,0.1652619338817651,0.99999464117294,0.2836474846990387
0.1274114774114774,1129179,0.16525900676509217,0.99999464117294,0.2836431732491657
0.12738927738927738,1129181,0.16525871405912781,0.99999464117294,0.2836427421113872
0.1273846153846154,1129249,0.16524876267324567,0.99999464117294,0.28362808420671853
0.12732919254658384,1129253,0.1652481773349285,0.99999464117294,0.28362722202421076
0.12732732732732732,1129259,0.1652472993352278,0.99999464117294,0.2836259287602775
0.1272727272727273,1129343,0.1652350083189961,0.99999464117294,0.2836078243034885
0.12727272727272726,1129349,0.16523413045922916,0.99999464117294,0.2836065312164455
0.12721804511278195,1129357,0.16523295999404972,0.99999464117294,0.2836048071187304
0.12721153846153846,1129359,0.16523266738034584,0.99999464117294,0.2836043760975769
0.12714285714285714,1129446,0.1652199396872449,0.99999464117294,0.28358562794535785
0.12713414634146342,1129450,0.16521935455310108,0.99999464117294,0.2835847660209505
0.12708333333333333,1129473,0.16521599011220278,0.99999464117294,0.28357981005728367
0.12705329153605016,1129477,0.16521540500603377,0.99999464117294,0.2835789481682414
0.1270471464019851,1129479,0.16521511245450335,0.99999464117294,0.28357851722568495
0.12703030303030302,1129483,0.16521452735455072,0.99999464117294,0.28357765534450124
0.12699300699300697,1129489,0.16521364971239205,0.99999464117294,0.28357636253254886
0.12698412698412698,1129503,0.1652116019169493,0.99999464117294,0.2835733460171672
0.12697674418604651,1129505,0.1652113093788872,0.99999464117294,0.28357291509163723
0.12696078431372548,1129507,0.1652110168418611,0.99999464117294,0.283572484167417
0.12694444444444444,1129519,0.16520926164145977,0.99999464117294,0.2835698986495984
0.12692307692307694,1129523,0.16520867658294697,0.99999464117294,0.2835690368208028
0.12692307692307692,1129619,0.16519463642166077,0.99999464117294,0.2835483545011613
0.12690058479532165,1129623,0.16519405146672828,0.99999464117294,0.2835474928033149
0.12690058479532162,1129629,0.16519317404209702,0.99999464117294,0.28354620026636546
0.12686781609195402,1129631,0.1651928815692912,0.99999464117294,0.2835457694233342
0.12678571428571428,1129639,0.16519171168842436,0.99999464117294,0.28354404606430256
0.12666666666666668,1129657,0.16518907951705694,0.99999464117294,0.28354016858307407
0.12666666666666665,1129673,0.16518673987959348,0.99999464117294,0.2835367220221214
0.12662337662337664,1129677,0.16518615498058295,0.99999464117294,0.28353586039497525
0.1266025641025641,1129681,0.16518557008571447,0.99999464117294,0.2835349987730658
0.1265974025974026,1129683,0.16518527763983348,0.99999464117294,0.28353456796407484
0.12658730158730158,1129703,0.16518235323797495,0.99999464117294,0.28353025994616776
0.1265696465696466,1129707,0.16518176837002868,0.99999464117294,0.2835293983582957
0.12656565656565655,1129717,0.16518030621828297,0.99999464117294,0.2835272444115245
0.12655677655677655,1129720,0.1651798675778069,0.99999464117294,0.2835265982338749
0.1265422077922078,1129724,0.16517928272746263,0.99999464117294,0.2835257366682569
0.1265,1129726,0.1651789903038436,0.99999464117294,0.2835253058874116
0.12649769585253456,1129728,0.1651786978812599,0.99999464117294,0.28352487510787516
0.1264957264957265,1129778,0.16517138765314957,0.99999464117294,0.28351410604488353
0.12642857142857145,1129782,0.16517080286285318,0.99999464117294,0.283513244555185
0.12639393939393942,1129784,0.16517051046925785,0.99999464117294,0.28351281381229904
0.12638888888888888,1129788,0.1651699256851728,0.99999464117294,0.2835119523304538
0.12636363636363634,1129790,0.1651696332946831,0.99999464117294,0.28351152159149434
0.12634408602150538,1129792,0.16516934090522858,0.99999464117294,0.28351109085384385
0.12628571428571428,1129804,0.16516758659024042,0.99999464117294,0.2835085064554258
0.12621848739495797,1129808,0.1651670018268591,0.99999464117294,0.28350764499975695
0.12621784345922277,1129818,0.16516553993652075,0.99999464117294,0.2835054913834883
0.1261904761904762,1129822,0.16516495518763133,0.99999464117294,0.2835046299461422
0.1261842105263158,1129826,0.16516437044288235,0.99999464117294,0.2835037685140311
0.12616883116883115,1129840,0.1651623238688664,0.99999464117294,0.28350075354286686
0.12613636363636366,1129842,0.16516203150529013,0.99999464117294,0.2835003228379354
0.12613636363636363,1129847,0.16516130060087783,0.99999464117294,0.2834992460813321
0.12611111111111112,1129870,0.16515793852390098,0.99999464117294,0.28349429310630336
0.12610859728506787,1129871,0.16515779234974612,0.99999464117294,0.2834940777634888
0.1261025641025641,1129876,0.16515706148285297,0.99999464117294,0.28349300105432346
0.1260989010989011,1129928,0.16514946085060286,0.99999464117294,0.28348180376381654
0.12608695652173912,1129946,0.16514683002550565,0.99999464117294,0.28347792798472377
0.12604588394062077,1129947,0.16514668387101342,0.99999464117294,0.2834777126667704
0.12604166666666666,1129949,0.16514639156280506,0.99999464117294,0.2834772820318452
0.1260344827586207,1129950,0.1651462454090889,0.99999464117294,0.28347706671487316
0.12598290598290596,1129954,0.1651456607968112,0.99999464117294,0.28347620545025604
0.12595238095238095,1129962,0.16514449158467276,0.99999464117294,0.28347448293672195
0.12589285714285714,1129964,0.165144199284225,0.99999464117294,0.28347405231160927
0.1258730158730159,1129978,0.1651421532100625,0.99999464117294,0.28347103797245304
0.12584415584415584,1129984,0.1651412763366561,0.99999464117294,0.28346974613243886
0.12582417582417582,1129990,0.1651403994725617,0.99999464117294,0.28346845430419915
0.12578671328671331,1129994,0.16513981490167204,0.99999464117294,0.2834675930919139
0.12572944297082228,1130016,0.16513659983575454,0.99999464117294,0.2834628565178821
0.12571428571428572,1130049,0.16513177747159635,0.99999464117294,0.28345575195362194
0.12569444444444444,1130055,0.1651309007083726,0.99999464117294,0.2834544602529273
0.12568681318681318,1130059,0.16513031620472912,0.99999464117294,0.2834535991256711
0.12567432567432568,1130061,0.16513002395445908,0.99999464117294,0.28345316856400504
0.12555555555555556,1130063,0.16512973170522352,0.99999464117294,0.2834527380036471
0.12555555555555553,1130570,0.16505567987829148,0.99999464117294,0.2833436331308297
0.12555043522785458,1130580,0.1650542199578977,0.99999464117294,0.2833414820056059
0.12554347826086956,1130608,0.16505013231818633,0.99999464117294,0.28333545902873947
0.12554112554112554,1130609,0.16504998633479834,0.99999464117294,0.28333524392715853
0.1255409631019387,1130611,0.16504969436879705,0.99999464117294,0.28333481372497665
0.12549019607843137,1130615,0.16504911043989334,0.99999464117294,0.283333953324532
0.12547892720306514,1130619,0.16504852651512136,0.99999464117294,0.28333309292931286
0.12545454545454546,1130623,0.1650479425944811,0.99999464117294,0.2833322325393192
0.1253968253968254,1130666,0.16504166570852932,0.99999464117294,0.2833229836768964
0.1253846153846154,1130680,0.16503962217426682,0.99999464117294,0.2833199725496626
0.12538461538461537,1130684,0.16503903831662958,0.99999464117294,0.28331911223935163
0.1253030303030303,1130686,0.16503874638936009,0.99999464117294,0.2833186820861554
0.12525252525252525,1130690,0.16503816253791934,0.99999464117294,0.2833178217836815
0.12524801587301587,1130703,0.1650362650492658,0.99999464117294,0.2833150258367234
0.1251984126984127,1130705,0.16503597313180715,0.99999464117294,0.28331459569593564
0.12512626262626264,1130713,0.16503480547229935,0.99999464117294,0.28331287514584524
0.12506493506493507,1130715,0.16503451356000406,0.99999464117294,0.28331244501158787
0.1250620347394541,1130739,0.16503101069300696,0.99999464117294,0.28330728350237255
0.125,1132831,0.16472624778100176,0.99999464117294,0.28285809347760676
0.12496392496392497,1132841,0.16472479368243204,0.99999464117294,0.28285594971840516
0.12495059288537551,1132843,0.1647245028657987,0.99999464117294,0.2828555209704642
0.12484934420418291,1132846,0.16472406664277403,0.99999464117294,0.2828548778509899
0.12482954545454544,1132856,0.16472261258271131,0.99999464117294,0.28285273414052975
0.12482517482517484,1132868,0.164720867744521,0.99999464117294,0.2828501617308689
0.12478927203065132,1132880,0.16471912294329497,0.99999464117294,0.28284758936799725
0.12477477477477478,1132884,0.16471854135110037,0.99999464117294,0.2828467319241041
0.12476190476190475,1132888,0.16471795976301276,0.99999464117294,0.2828458744854096
0.12475961538461539,1132909,0.16471490649293102,0.99999464117294,0.2828413730175511
0.12474747474747476,1132911,0.16471461571120768,0.99999464117294,0.2828409443137992
0.12474747474747475,1132941,0.16471025410855464,0.99999464117294,0.28283451391346587
0.1247387669801463,1132945,0.1647096725789866,0.99999464117294,0.28283365654884646
0.12471264367816091,1132949,0.1647090910535249,0.99999464117294,0.28283279918942494
0.12471014492753622,1132965,0.16470676499274028,0.99999464117294,0.2828293698037168
0.12469841269841268,1132966,0.16470661961612262,0.99999464117294,0.28282915546987136
0.12469654528478058,1132974,0.16470545661242006,0.99999464117294,0.2828274408108022
0.12463054187192119,1132979,0.16470472974344627,0.99999464117294,0.2828263691594416
0.12459150326797386,1132987,0.16470356676643244,0.99999464117294,0.28282465453415634
0.12457792207792209,1132991,0.16470298528408434,0.99999464117294,0.2828237972293098
0.12454545454545454,1133001,0.16470153159617687,0.99999464117294,0.28282165398993186
0.1245,1133015,0.16469949647621612,0.99999464117294,0.28281865350937346
0.12447552447552448,1133034,0.16469673460814063,0.99999464117294,0.2828145815304454
0.12447204968944099,1133044,0.164695281030569,0.99999464117294,0.2828124384307378
0.12444444444444445,1133048,0.1646946996067245,0.99999464117294,0.28281158119994904
0.12444444444444444,1133056,0.1646935367713511,0.99999464117294,0.28280986675396164
0.12444444444444443,1133060,0.16469295535982206,0.99999464117294,0.28280900953876276
0.1243939393939394,1133064,0.1646923739523981,0.99999464117294,0.2828081523287605
0.12430555555555556,1133072,0.16469121114986515,0.99999464117294,0.2828064379243453
0.12428571428571428,1133097,0.1646875774977782,0.99999464117294,0.28280108054451564
0.12427807486631015,1133109,0.16468583340172924,0.99999464117294,0.282798509074294
0.1242445054945055,1133113,0.16468525204458867,0.99999464117294,0.2827976519279454
0.12424242424242424,1133170,0.1646769681512924,0.99999464117294,0.2827854381570234
0.12423687423687423,1133176,0.1646760962110034,0.99999464117294,0.2827841525582974
0.1242081447963801,1133195,0.16467333512767,0.99999464117294,0.2827800815727802
0.12416666666666666,1133197,0.16467304449270515,0.99999464117294,0.2827796530548073
0.12415458937198066,1133252,0.1646650524331746,0.99999464117294,0.2827678693194733
0.12403846153846154,1133280,0.16466098404630805,0.99999464117294,0.2827618707041809
0.12402298850574713,1133281,0.16466083875049525,0.99999464117294,0.28276165647262763
0.12400099900099902,1133285,0.16466025756980812,0.99999464117294,0.28276079954966044
0.124,1133313,0.164656189419869,0.99999464117294,0.2827548012343163
0.12398373983739837,1133317,0.16465560827200157,0.99999464117294,0.28275394435289886
0.12398112398112399,1133321,0.1646550271282364,0.99999464117294,0.2827530874766749
0.12396313364055299,1133329,0.16465386485301267,0.99999464117294,0.2827513737398073
0.12395604395604395,1133339,0.1646524120320575,0.99999464117294,0.2827492315979354
0.12392857142857143,1133350,0.16465081395861825,0.99999464117294,0.28274687527936493
0.1238927738927739,1133354,0.16465023284869512,0.99999464117294,0.28274601844598557
0.12387706855791962,1133358,0.16464965174287383,0.99999464117294,0.2827451616177992
0.12381944444444443,1133360,0.16464936119150136,0.99999464117294,0.28274473320565346
0.12381507381507381,1133362,0.16464907064115436,0.99999464117294,0.2827443047948059
0.12380952380952381,1133363,0.1646489253663654,0.99999464117294,0.28274409058986905
0.1238095238095238,1133364,0.1646487800918328,0.99999464117294,0.2827438763852567
0.1237799834574028,1133368,0.164648198996266,0.99999464117294,0.2827430195700528
0.12376775271512114,1133376,0.16464703681743745,0.99999464117294,0.28274130595522373
0.12375,1133380,0.16464645573417566,0.99999464117294,0.28274044915559843
0.12371794871794872,1133389,0.1646451483118329,0.99999464117294,0.2827385213754274
0.12368421052631579,1133391,0.16464485777635432,0.99999464117294,0.2827380929834038
0.12368055555555556,1133395,0.1646442767084732,0.99999464117294,0.2827372362032511
0.12367632367632367,1133397,0.1646439861760707,0.99999464117294,0.2827368078151219
0.12366666666666666,1133411,0.16464195247796254,0.99999464117294,0.28273380913456553
0.12366071428571428,1133425,0.16463991883009463,0.99999464117294,0.28273081051761584
0.12363636363636364,1133426,0.16463977357145504,0.99999464117294,0.2827305963331248
0.12361111111111112,1133455,0.16463556118240247,0.99999464117294,0.2827243851240433
0.1236111111111111,1133508,0.16462786323519552,0.99999464117294,0.28271303430910616
0.12360248447204969,1133512,0.16462728228726295,0.99999464117294,0.2827121776808169
0.12357954545454546,1133514,0.16462699181483423,0.99999464117294,0.2827117493686189
0.12353846153846154,1133516,0.16462670134343052,0.99999464117294,0.2827113210577188
0.12353535353535353,1133521,0.16462597516940577,0.99999464117294,0.28271025028614627
0.1235064935064935,1133523,0.16462568470158964,0.99999464117294,0.2827098219797884
0.1234927234927235,1133529,0.1646248133042913,0.99999464117294,0.28270853706850124
0.1234848484848485,1133537,0.16462365145557667,0.99999464117294,0.28270682387162016
0.12348178137651822,1133538,0.16462350622564043,0.99999464117294,0.28270660972347
0.12347670250896058,1133542,0.1646229253084579,0.99999464117294,0.2827057531341135
0.12346153846153846,1133546,0.1646223443953752,0.99999464117294,0.2827048965499479
0.12344155844155845,1133550,0.16462176348639232,0.99999464117294,0.28270403997097315
0.12342857142857143,1133556,0.16462089213060493,0.99999464117294,0.2827027551122437
0.12337662337662338,1133562,0.1646200207840418,0.99999464117294,0.2827014702651931
0.12337662337662336,1133566,0.16461943989145758,0.99999464117294,0.282700613706981
0.12335907335907337,1133568,0.1646191494467028,0.99999464117294,0.2827001854298215
0.12333333333333334,1133826,0.16458169066505796,0.99999464117294,0.28264494855479333
0.12327935222672065,1133830,0.16458111004295176,0.99999464117294,0.2826440923390572
0.12324561403508771,1133832,0.16458081973343494,0.99999464117294,0.2826436642331344
0.12321428571428572,1133846,0.16457878759549358,0.99999464117294,0.2826406675279866
0.1232051282051282,1133866,0.16457588462834233,0.99999464117294,0.2826363866308613
0.12320261437908496,1133870,0.16457530404720117,0.99999464117294,0.2826355304669975
0.1231896551724138,1133874,0.1645747234701563,0.99999464117294,0.2826346743083208
0.1231111111111111,1133913,0.16456906305862973,0.99999464117294,0.28262632703304225
0.12310924369747898,1133915,0.16456877279161136,0.99999464117294,0.2826258989809341
0.1231060606060606,1133917,0.16456848252561695,0.99999464117294,0.28262547093012247
0.12307692307692308,1133971,0.16456064573079912,0.99999464117294,0.28261391404830755
0.12307570478302186,1133972,0.16456050061200805,0.99999464117294,0.28261370004089115
0.12305194805194805,1133976,0.1645599201394033,0.99999464117294,0.2826128440144663
0.12301587301587301,1133977,0.16455977502189198,0.99999464117294,0.2826126300086704
0.12295454545454546,1133981,0.16455919455440612,0.99999464117294,0.2826117739887278
0.12294372294372294,1133985,0.16455861409101533,0.99999464117294,0.2826109179739708
0.12286363636363637,1133989,0.16455803363171953,0.99999464117294,0.2826100619643994
0.1228448275862069,1133997,0.16455687272541286,0.99999464117294,0.2826083499608134
0.12284482758620689,1134001,0.16455629227840188,0.99999464117294,0.2826074939667987
0.12282828282828283,1134005,0.16455571183548573,0.99999464117294,0.2826066379779693
0.12280701754385964,1134009,0.1645551313966644,0.99999464117294,0.28260578199432534
0.12278225806451612,1134013,0.16455455096193783,0.99999464117294,0.2826049260158668
0.12277777777777778,1134017,0.16455397053130597,0.99999464117294,0.2826040700425934
0.12277526395173455,1134021,0.16455339010476877,0.99999464117294,0.2826032140745054
0.12273391812865497,1134027,0.16455251947264043,0.99999464117294,0.28260193013209556
0.12272727272727274,1134049,0.1645493272336557,0.99999464117294,0.2825972224430719
0.12272727272727273,1134053,0.16454874683987433,0.99999464117294,0.2825963665164641
0.1227016885553471,1134054,0.16454860174206873,0.99999464117294,0.2825961525356223
0.1226984126984127,1134056,0.16454831154722518,0.99999464117294,0.28259572457491083
0.12268817204301075,1134060,0.16454773116060878,0.99999464117294,0.2825948686573764
0.12264957264957266,1134064,0.1645471507780866,0.99999464117294,0.28259401274502677
0.12264957264957264,1134128,0.16453786521450842,0.99999464117294,0.2825803188525186
0.12261904761904763,1134132,0.16453728490158112,0.99999464117294,0.28257946302830234
0.12261904761904761,1134133,0.1645371398239889,0.99999464117294,0.28257924907305826
0.12253968253968255,1134141,0.16453597921246124,0.99999464117294,0.2825775374427692
0.12250204750204752,1134143,0.16453568906213767,0.99999464117294,0.2825771095384369
0.12250000000000001,1134147,0.1645351087645605,0.99999464117294,0.28257625373365997
0.1225,1134180,0.16453032146572855,0.99999464117294,0.2825691935420371
0.12248803827751195,1134192,0.16452858069885876,0.99999464117294,0.2825666262870988
0.12246376811594202,1134196,0.1645280004514211,0.99999464117294,0.2825657705458191
0.12239382239382239,1134200,0.16452742020807617,0.99999464117294,0.28256491480972257
0.12238095238095238,1134212,0.1645256795025974,0.99999464117294,0.28256234763253124
0.12228867623604467,1134214,0.16452538938859862,0.99999464117294,0.2825619197742012
0.12227272727272727,1134216,0.16452509927562298,0.99999464117294,0.28256149191716684
0.12224958949096879,1134218,0.1645248091636705,0.99999464117294,0.2825610640614282
0.12222222222222223,1134250,0.16452016751157153,0.99999464117294,0.282554218545824
0.12222222222222222,1134347,0.16450609910371342,0.99999464117294,0.2825334701030694
0.1221978021978022,1134349,0.1645058090587641,0.99999464117294,0.2825330423321879
0.12219780219780219,1134359,0.164504358849359,0.99999464117294,0.2825309034972108
0.12217741935483871,1134363,0.16450377877275615,0.99999464117294,0.28253004797228704
0.12215311004784687,1134365,0.16450348873598886,0.99999464117294,0.28252962021176814
0.12214285714285715,1134369,0.16450290866552242,0.99999464117294,0.2825287646946162
0.12214285714285714,1134373,0.16450232859914685,0.99999464117294,0.2825279091826453
0.12213438735177864,1134375,0.16450203856749313,0.99999464117294,0.28252748142860284
0.1220979020979021,1134381,0.1645011684786681,0.99999464117294,0.28252619817424673
0.12208333333333334,1134383,0.16450087845110514,0.99999464117294,0.2825257704253852
0.12201149425287355,1134397,0.16449884828679906,0.99999464117294,0.28252277621962063
0.122,1134409,0.1644971081858483,0.99999464117294,0.28252020980804937
0.12197802197802199,1134413,0.164496528160379,0.99999464117294,0.282519354347887
0.12196969696969698,1134415,0.16449623814917821,0.99999464117294,0.2825189266197485
0.12195224130708002,1134417,0.16449594813900004,0.99999464117294,0.28251849889290515
0.12194444444444445,1134419,0.16449565812984443,0.99999464117294,0.2825180711673569
0.12194357366771161,1134425,0.16449478810851312,0.99999464117294,0.28251678799848295
0.12194055944055945,1134433,0.16449362809438725,0.99999464117294,0.2825150771247827
0.12191919191919193,1134437,0.16449304809345958,0.99999464117294,0.28251422169570306
0.121875,1134444,0.164492033101678,0.99999464117294,0.28251272470727873
0.12185483870967742,1134450,0.16449116311869189,0.99999464117294,0.28251144158697045
0.12182539682539684,1134452,0.16449087312640817,0.99999464117294,0.2825110138827911
0.12182539682539682,1134501,0.16448376863484473,0.99999464117294,0.282500535534918
0.1217948717948718,1134503,0.16448347866863286,0.99999464117294,0.2825001078637601
0.12177156177156179,1134505,0.16448318870344336,0.99999464117294,0.28249968019389715
0.12171717171717171,1134507,0.16448289873927618,0.99999464117294,0.282499252525329
0.12171101256467112,1134509,0.16448260877613136,0.99999464117294,0.2824988248580557
0.12167832167832168,1134527,0.16447999915383238,0.99999464117294,0.28249497591086453
0.12166666666666667,1134567,0.16447420028962592,0.99999464117294,0.282486423070373
0.12166666666666666,1134572,0.1644734754603498,0.99999464117294,0.28248535400172575
0.12164251207729469,1134578,0.16447260567365135,0.99999464117294,0.28248407113003016
0.1215909090909091,1134582,0.16447202582096315,0.99999464117294,0.2824832158887064
0.12150501672240802,1134584,0.16447173589615224,0.99999464117294,0.2824827882699865
0.121455938697318,1134625,0.16446579266277406,0.99999464117294,0.28247402237152724
0.12142857142857144,1134627,0.16446550275993785,0.99999464117294,0.2824735947806408
0.12142857142857143,1134867,0.16443072183788937,0.99999464117294,0.28242229327077695
0.12142857142857141,1134886,0.16442796897661968,0.99999464117294,0.28241823269723515
0.1213768115942029,1134888,0.16442767920711118,0.99999464117294,0.28241780527523347
0.12136752136752138,1134937,0.1644205801731726,0.99999464117294,0.2824073338403157
0.12136752136752137,1134941,0.1644200006872604,0.99999464117294,0.28240647906358374
0.12136363636363635,1134943,0.16441971094583605,0.99999464117294,0.28240605167715815
0.12134502923976608,1134949,0.16441884172768997,0.99999464117294,0.28240476952564286
0.12134408602150537,1134956,0.16441782765146842,0.99999464117294,0.28240327369692275
0.1213235294117647,1134962,0.16441695845323456,0.99999464117294,0.2824019915706319
0.12132132132132133,1134964,0.16441666872253216,0.99999464117294,0.28240156419778867
0.12125000000000001,1134968,0.1644160892641907,0.99999464117294,0.2824007094559829
0.12123015873015874,1134984,0.16441377147166833,0.99999464117294,0.28239729054049967
0.12111111111111111,1134985,0.16441362661180545,0.99999464117294,0.2823970768610306
0.1211111111111111,1135019,0.16440870152834447,0.99999464117294,0.282389811951481
0.12109090909090908,1135023,0.16440812212615954,0.99999464117294,0.28238895728081437
0.1210858585858586,1135027,0.16440754272805846,0.99999464117294,0.2823881026153212
0.12107142857142858,1135037,0.164406094250672,0.99999464117294,0.2823859659742215
0.12104166666666666,1135051,0.16440406642520908,0.99999464117294,0.282382974731001
0.12103448275862069,1135057,0.16440319737246675,0.99999464117294,0.28238169278901987
0.12102272727272727,1135065,0.16440203864976896,0.99999464117294,0.2823799835511507
0.12094017094017094,1135069,0.16440145929454508,0.99999464117294,0.2823791289399755
0.12090909090909091,1135085,0.16439914191448218,0.99999464117294,0.28237571054700294
0.12083568605307736,1135093,0.16439798324894964,0.99999464117294,0.282374001381553
0.12083333333333333,1135095,0.16439769358511844,0.99999464117294,0.2823735740934234
0.12083333333333332,1135099,0.16439711426051826,0.99999464117294,0.2823727195210437
0.12078853046594981,1135156,0.16438885932858568,0.99999464117294,0.28236054242663594
0.12077922077922079,1135162,0.1643879904366073,0.99999464117294,0.2823592606883194
0.12077922077922078,1135163,0.16438784562217057,0.99999464117294,0.28235904706639803
0.12076923076923077,1135167,0.1643872663669751,0.99999464117294,0.2823581925819448
0.1207282913165266,1135168,0.16438712155381405,0.99999464117294,0.28235797896163944
0.12071428571428572,1135180,0.16438538381578252,0.99999464117294,0.28235541554318844
0.1206896551724138,1135233,0.164377709245591,0.99999464117294,0.2823440943350978
0.1206818181818182,1135235,0.16437741965319955,0.99999464117294,0.28234366713747394
0.1206105006105006,1135236,0.16437727485738649,0.99999464117294,0.28234345353914686
0.1206043956043956,1135240,0.16437669567668511,0.99999464117294,0.28234259914907006
0.1205808080808081,1135260,0.16437379983439918,0.99999464117294,0.28233832727624847
0.12056277056277057,1135264,0.16437322067818586,0.99999464117294,0.28233747291719613
0.12053140096618357,1135271,0.16437220716463294,0.99999464117294,0.28233597780129654
0.12051948051948053,1135275,0.1643716280196428,0.99999464117294,0.28233512345646317
0.1204945054945055,1135279,0.16437104887873377,0.99999464117294,0.2823342691168005
0.12049019607843137,1135283,0.16437046974190575,0.99999464117294,0.28233341478230806
0.1204861111111111,1135309,0.1643667054519959,0.99999464117294,0.2823278617341331
0.12046153846153845,1135311,0.16436641589837497,0.99999464117294,0.2823274345856289
0.12042857142857141,1135315,0.16436583679419367,0.99999464117294,0.2823265802924981
0.12040598290598292,1135317,0.16436554724363328,0.99999464117294,0.2823261531478715
0.12037962037962038,1135321,0.16436496814557292,0.99999464117294,0.28232529886249563
0.1203448275862069,1135328,0.16436395473378618,0.99999464117294,0.282323803875528
0.1202922077922078,1135334,0.16436308610505806,0.99999464117294,0.28232252247072864
0.12025210084033613,1135338,0.16436250702433988,0.99999464117294,0.2823216682073246
0.12023809523809524,1135340,0.16436221748551094,0.99999464117294,0.2823212410775613
0.12023809523809523,1135346,0.16436134887514467,0.99999464117294,0.28231995969602575
0.12022058823529412,1135350,0.16436076980666756,0.99999464117294,0.28231910544813077
0.1202020202020202,1135382,0.16435613740573657,0.99999464117294,0.2823122716510715
0.1201923076923077,1135388,0.16435526885963211,0.99999464117294,0.2823109903509542
0.1201863354037267,1135392,0.16435468983399565,0.99999464117294,0.2823101361573373
0.12014705882352941,1135396,0.164354110812439,0.99999464117294,0.28230928196888966
0.12012406947890818,1135400,0.16435353179496212,0.99999464117294,0.28230842778561094
0.12006993006993008,1135403,0.16435309753453178,0.99999464117294,0.2823077871515441
0.12004419191919193,1135407,0.1643525185241944,0.99999464117294,0.2823069329773112
0.12004048582995952,1135411,0.16435193951793667,0.99999464117294,0.2823060788082471
0.12000000000000001,1135443,0.16434730761473715,0.99999464117294,0.2822992456418096
0.12,1136342,0.16421728669713873,0.99999464117294,0.2821074114667977
0.11998792270531401,1136356,0.1642152635265709,0.99999464117294,0.2821044261219504
0.11994134897360703,1136360,0.16421468548699356,0.99999464117294,0.28210357317788487
0.11993464052287581,1136374,0.1642126623805191,0.99999464117294,0.2821005879142725
0.11987179487179488,1136376,0.16421237336937775,0.99999464117294,0.2821001614531997
0.11984126984126985,1136380,0.16421179535014696,0.99999464117294,0.28209930853492243
0.11984126984126983,1136382,0.1642115063420575,0.99999464117294,0.2820988820777179
0.11977477477477477,1136388,0.1642106393238929,0.99999464117294,0.28209760271384043
0.11976190476190476,1136392,0.16421006131686952,0.99999464117294,0.28209674981103555
0.11969696969696969,1136479,0.1641974906707471,0.99999464117294,0.28207820045091514
0.11968253968253967,1136488,0.16419619036892602,0.99999464117294,0.2820762816908221
0.11967741935483871,1136494,0.16419532351248664,0.99999464117294,0.28207500253192874
0.11964285714285715,1136495,0.1641951790373033,0.99999464117294,0.2820747893399078
0.11964285714285713,1136564,0.16418521086362053,0.99999464117294,0.28206007986867926
0.11957264957264957,1136574,0.16418376630118234,0.99999464117294,0.2820579481885334
0.11955555555555555,1136576,0.16418347739174502,0.99999464117294,0.2820575218563707
0.11953667953667954,1136580,0.16418289957592075,0.99999464117294,0.2820566691959117
0.11948051948051948,1136590,0.1641814550541532,0.99999464117294,0.28205453756731796
0.11944444444444445,1136610,0.16417856608687237,0.99999464117294,0.2820502744067871
0.11944444444444444,1136631,0.16417553278064737,0.99999464117294,0.28204579822692644
0.11940711462450591,1136633,0.1641752439001859,0.99999464117294,0.28204537193149243
0.119375,1136643,0.1641737995131277,0.99999464117294,0.2820432404736516
0.11935483870967742,1136694,0.16416643353444288,0.99999464117294,0.2820323705397559
0.1193548387096774,1136695,0.1641662891100955,0.99999464117294,0.2820321574121724
0.11935064935064935,1136697,0.1641660002621631,0.99999464117294,0.2820317311579719
0.11933333333333332,1136701,0.1641654225693476,0.99999464117294,0.2820308786534362
0.11933066933066934,1136709,0.16416426719591382,0.99999464117294,0.282029173659826
0.11923976608187134,1136713,0.16416368951529542,0.99999464117294,0.2820283211707515
0.11921921921921921,1136717,0.16416311183874263,0.99999464117294,0.28202746868683054
0.11917582417582417,1136721,0.1641625341662554,0.99999464117294,0.28202661620806313
0.11916666666666667,1136725,0.1641619564978337,0.99999464117294,0.2820257637344493
0.11915584415584417,1136727,0.1641616676651474,0.99999464117294,0.2820253374995749
0.11914285714285715,1136737,0.16416022351696127,0.99999464117294,0.28202320634452843
0.11914285714285713,1136739,0.16415993469037307,0.99999464117294,0.28202278011738413
0.11912087912087913,1136743,0.16415935704024567,0.99999464117294,0.2820219276669606
0.1190909090909091,1136747,0.16415877939418358,0.99999464117294,0.28202107522169034
0.11909090909090908,1136748,0.16415863498330324,0.99999464117294,0.282020862111178
0.11904761904761905,1136750,0.16415834616230482,0.99999464117294,0.2820204358911194
0.11904761904761904,1136752,0.1641580573423227,0.99999464117294,0.2820200096723492
0.11903409090909091,1136756,0.1641574797054073,0.99999464117294,0.28201915723867355
0.11903225806451614,1136758,0.16415719088847405,0.99999464117294,0.2820187310237681
0.11900584795321636,1136767,0.16415589122485083,0.99999464117294,0.28201681307263626
0.11894444444444445,1136779,0.16415415837203184,0.99999464117294,0.28201425584504
0.11892857142857144,1136783,0.16415358076255537,0.99999464117294,0.28201340344614706
0.11890331890331891,1136795,0.16415184795851495,0.99999464117294,0.28201084628038475
0.11888888888888889,1136799,0.16415127036529764,0.99999464117294,0.28200999390210263
0.11886363636363638,1136803,0.16415069277614502,0.99999464117294,0.2820091415289732
0.11886363636363635,1136809,0.1641498264000373,0.99999464117294,0.28200786297894015
0.1188235294117647,1136812,0.16414939321541291,0.99999464117294,0.28200722370827097
0.11880636604774536,1136821,0.1641480936752576,0.99999464117294,0.2820053059136531
0.1188034188034188,1136830,0.1641467941556785,0.99999464117294,0.282003388145119
0.1187878787878788,1136832,0.1641465053763441,0.99999464117294,0.28200296197787583
0.11878638602776534,1136836,0.1641459278207235,0.99999464117294,0.2820021096472537
0.11876876876876877,1136838,0.1641456390444373,0.99999464117294,0.2820016834838747
0.11875000000000001,1136864,0.1641418850451769,0.99999464117294,0.281996143477157
0.11875,1136872,0.16414073000302584,0.99999464117294,0.28199443890349685
0.11874236874236874,1136873,0.16414058562389994,0.99999464117294,0.28199422583323824
0.11871621621621622,1136875,0.16414029686641013,0.99999464117294,0.28199379969368704
0.11868131868131868,1136880,0.1641395749771304,0.99999464117294,0.28199273435044364
0.11863247863247864,1136884,0.1641389974702784,0.99999464117294,0.2819918820816446
0.11862745098039215,1136888,0.1641384199674902,0.99999464117294,0.28199102981799723
0.11861111111111111,1136898,0.1641369762282984,0.99999464117294,0.2819888991814166
0.11857142857142858,1136908,0.16413553251450425,0.99999464117294,0.2819867685770327
0.11850649350649352,1136914,0.16413466629841836,0.99999464117294,0.2819854902298564
0.1185064935064935,1136918,0.16413408882610708,0.99999464117294,0.2819846380048447
0.11848290598290599,1136924,0.16413322262525903,0.99999464117294,0.2819833596769855
0.11846153846153848,1136928,0.1641326451631062,0.99999464117294,0.28198250746485176
0.11844444444444444,1136934,0.16413177897749562,0.99999464117294,0.2819812291563094
0.11840659340659342,1136938,0.16413120152550095,0.99999464117294,0.2819803769570533
0.11836363636363635,1136942,0.16413062407756948,0.99999464117294,0.2819795247629482
0.11833333333333333,1136947,0.16412990227336893,0.99999464117294,0.28197845952756023
0.11828947368421053,1136951,0.1641293248345795,0.99999464117294,0.2819776073450447
0.11825396825396826,1136952,0.164129180475517,0.99999464117294,0.2819773943002206
0.11825396825396825,1136958,0.16412831432647468,0.99999464117294,0.28197611603803663
0.11821847507331379,1136962,0.16412773689885854,0.99999464117294,0.28197526386968574
0.1181818181818182,1136991,0.16412355067014603,0.99999464117294,0.28196908580317753
0.11818181818181818,1136997,0.1641226845805222,0.99999464117294,0.28196780761632056
0.11813895781637716,1137005,0.16412152980857603,0.99999464117294,0.28196610338520395
0.11813703537841469,1137010,0.1641208080843616,0.99999464117294,0.2819650382512175
0.11812865497076022,1137014,0.1641202307095603,0.99999464117294,0.2819641861498222
0.11810810810810811,1137016,0.16411994202368305,0.99999464117294,0.2819637601010559
0.11805555555555557,1137032,0.16411763257322573,0.99999464117294,0.2819603517572754
0.11800614844093106,1137036,0.16411705522076697,0.99999464117294,0.2819594996842051
0.118,1137042,0.16411618919969534,0.99999464117294,0.28195822158425565
0.11794871794871795,1137052,0.16411474585155297,0.99999464117294,0.28195609144342204
0.117921146953405,1137056,0.1641141685194045,0.99999464117294,0.28195523939610057
0.1179020979020979,1137058,0.16411387985485348,0.99999464117294,0.2819548133743709
0.11785714285714285,1137073,0.1641117149030889,0.99999464117294,0.2819516182524339
0.11783653846153845,1137075,0.16411142624716926,0.99999464117294,0.28195119224164694
0.1177922077922078,1137079,0.16411084893837632,0.99999464117294,0.2819503402239351
0.11777777777777779,1137083,0.16411027163364503,0.99999464117294,0.2819494882113726
0.11774891774891774,1137085,0.16410998298280252,0.99999464117294,0.2819490622070223
0.1177142857142857,1137089,0.16410940568416368,0.99999464117294,0.2819482102021837
0.1176923076923077,1137091,0.16410911703636735,0.99999464117294,0.28194778420169536
0.11768231768231768,1137095,0.16410853974382086,0.99999464117294,0.2819469322045806
0.11765873015873017,1137115,0.16410565334201027,0.99999464117294,0.28194267229624326
0.11764705882352941,1137183,0.16409584033528465,0.99999464117294,0.2819281895707102
0.11763347763347765,1137185,0.1640955517352058,0.99999464117294,0.2819277636307187
0.11761904761904762,1137186,0.16409540743554704,0.99999464117294,0.2819275506612056
0.11761904761904761,1137192,0.16409454164292397,0.99999464117294,0.28192627285088384
0.11758241758241758,1137196,0.16409396445291752,0.99999464117294,0.281925420983771
0.11755555555555555,1137197,0.16409382015605037,0.99999464117294,0.2819252080177972
0.11752136752136753,1137201,0.16409324297111944,0.99999464117294,0.28192435615711936
0.11750000000000002,1137203,0.16409295438017663,0.99999464117294,0.2819239302287109
0.11749450549450549,1137205,0.1640926657902489,0.99999464117294,0.2819235043015894
0.11748768472906404,1137211,0.16409180002655618,0.99999464117294,0.2819222265279468
0.11747474747474747,1137229,0.16408920279029113,0.99999464117294,0.28191839327651363
0.11746962714704651,1137235,0.16408833706314,0.99999464117294,0.28191711554920035
0.11746031746031746,1137240,0.1640876156308255,0.99999464117294,0.28191605078528653
0.11746031746031745,1137242,0.16408732705967596,0.99999464117294,0.2819156248819731
0.11742424242424243,1137246,0.1640867499204218,0.99999464117294,0.2819147730792066
0.11742424242424242,1137248,0.16408646135231716,0.99999464117294,0.2819143471797537
0.11737967914438503,1137250,0.16408617278522752,0.99999464117294,0.2819139212815876
0.11736842105263157,1137251,0.1640860285020633,0.99999464117294,0.2819137083329871
0.1173202614379085,1137255,0.16408545137194386,0.99999464117294,0.2819128565418023
0.11730769230769231,1137259,0.1640848742458842,0.99999464117294,0.2819120047557647
0.11728927203065134,1137266,0.16408386428504854,0.99999464117294,0.2819105141425846
0.11727272727272728,1137270,0.16408328717015308,0.99999464117294,0.28190966237070186
0.11725274725274724,1137274,0.16408271005931727,0.99999464117294,0.2819088106039662
0.1171672077922078,1137278,0.16408213295254107,0.99999464117294,0.2819079588423777
0.11716073781291172,1137282,0.1640815558498244,0.99999464117294,0.28190710708593614
0.1171455938697318,1137286,0.16408097875116726,0.99999464117294,0.2819062553346416
0.11714285714285715,1137304,0.16407838185744533,0.99999464117294,0.28190242251750874
0.11714285714285713,1137308,0.1640778047811147,0.99999464117294,0.28190157079452166
0.11707792207792207,1137312,0.1640772277088433,0.99999464117294,0.28190071907668135
0.11704545454545454,1137314,0.1640769391742298,0.99999464117294,0.2819002932196912
0.11703349282296652,1137318,0.16407636210804719,0.99999464117294,0.2818994415095708
0.11703296703296703,1137320,0.16407607357647805,0.99999464117294,0.28189901565644054
0.11699604743083004,1137338,0.16407347683802,0.99999464117294,0.2818951830361661
0.11698412698412698,1137342,0.16407289979619147,0.99999464117294,0.2818943313569244
0.11696969696969697,1137349,0.16407188998275815,0.99999464117294,0.28189284093063444
0.11694444444444445,1137355,0.16407102443828003,0.99999464117294,0.2818915634349298
0.11692307692307694,1137363,0.1640698703931814,0.99999464117294,0.28188986012533507
0.11691919191919192,1137367,0.1640692933767201,0.99999464117294,0.2818890084782568
0.11682027649769584,1137371,0.16406871636431736,0.99999464117294,0.28188815683632445
0.11681818181818182,1137373,0.16406842785963796,0.99999464117294,0.28188773101728803
0.1167857142857143,1137377,0.16406785085332304,0.99999464117294,0.2818868793830746
0.11676923076923078,1137379,0.1640675623516875,0.99999464117294,0.28188645356789754
0.11676190476190475,1137384,0.16406684110203765,0.99999464117294,0.28188538903558324
0.11674876847290641,1137388,0.1640662641068835,0.99999464117294,0.2818845374155209
0.11670846394984324,1137393,0.16406554286864786,0.99999464117294,0.28188347289767907
0.11666666666666667,1137545,0.1640436202523856,0.99999464117294,0.2818511153922545
0.11662337662337663,1137549,0.16404304342054715,0.99999464117294,0.28185026397927126
0.11662186379928316,1137569,0.16404015932220375,0.99999464117294,0.28184600699151247
0.11660561660561661,1137571,0.1640398709179471,0.99999464117294,0.2818455812998092
0.11651785714285715,1137576,0.16403914991174215,0.99999464117294,0.2818445170761767
0.11651785714285713,1137580,0.16403857311134162,0.99999464117294,0.28184366570305724
0.11651069518716578,1137584,0.1640379963149974,0.99999464117294,0.28184281433508135
0.11644444444444443,1137585,0.16403785211654515,0.99999464117294,0.28184260149389095
0.11642857142857142,1137587,0.16403756372040115,0.99999464117294,0.2818421758124747
0.11637681159420289,1137593,0.16403669853805358,0.99999464117294,0.2818408987759411
0.11636363636363635,1137603,0.16403525658775514,0.99999464117294,0.2818387704074351
0.11634615384615385,1137607,0.1640346798147339,0.99999464117294,0.2818379190690333
0.11631944444444445,1137619,0.16403294952000627,0.99999464117294,0.28183536508468715
0.11626984126984127,1137623,0.1640323727632089,0.99999464117294,0.2818345137668579
0.11626373626373626,1137625,0.16403208438633118,0.99999464117294,0.2818340881098719
0.11624521072796935,1137637,0.16403035414635775,0.99999464117294,0.2818315341949563
0.11623376623376623,1137647,0.16402891230759628,0.99999464117294,0.2818294059678838
0.11621621621621622,1137655,0.16402775885483736,0.99999464117294,0.2818277034093681
0.11621621621621621,1137656,0.16402761467438312,0.99999464117294,0.281827490591
0.11616161616161615,1137666,0.16402617288378135,0.99999464117294,0.2818253624249966
0.11615384615384615,1137670,0.16402559617463763,0.99999464117294,0.2818245111675947
0.11613636363636365,1137674,0.16402501946954928,0.99999464117294,0.28182365991533526
0.11608695652173914,1137678,0.16402444276851622,0.99999464117294,0.2818228086682182
0.1160591133004926,1137682,0.16402386607153843,0.99999464117294,0.28182195742624344
0.11604105571847506,1137686,0.1640232893786159,0.99999464117294,0.28182110618941114
0.11603535353535355,1137690,0.16402271268974852,0.99999464117294,0.28182025495772095
0.11597222222222223,1137693,0.16402228017575918,0.99999464117294,0.28181961653732795
0.11596638655462185,1137695,0.16402199183436686,0.99999464117294,0.2818191909253396
0.11596638655462184,1137696,0.16402184766405084,0.99999464117294,0.2818189781198275
0.1159090909090909,1137712,0.16401954097346252,0.99999464117294,0.2818155732753413
0.11587301587301588,1138085,0.1639657846294433,0.99999464117294,0.2817362211470884
0.11587301587301586,1138097,0.1639640557878634,0.99999464117294,0.2817336690055522
0.1158393330807124,1138103,0.16396319138074497,0.99999464117294,0.28173239295212316
0.11583333333333333,1138116,0.16396131852992138,0.99999464117294,0.2817296282093477
0.11578947368421053,1138160,0.1639549799676671,0.99999464117294,0.2817202710210392
0.11576797385620916,1138170,0.16395353945368443,0.99999464117294,0.28171814447401755
0.11576576576576576,1138174,0.1639529632551789,0.99999464117294,0.281717293864198
0.11573863636363635,1138175,0.16395281920618535,0.99999464117294,0.28171708121254574
0.1157142857142857,1138187,0.1639510906380059,0.99999464117294,0.28171452941775904
0.1157051282051282,1138189,0.16395080254685293,0.99999464117294,0.28171410412312226
0.11555555555555556,1138196,0.16394979423579067,0.99999464117294,0.28171261560200606
0.11555555555555555,1138208,0.1639480657313953,0.99999464117294,0.2817100638881173
0.11554347826086957,1138214,0.16394720149286512,0.99999464117294,0.28170878804850763
0.11553571428571427,1138218,0.16394662533890697,0.99999464117294,0.2817079374951881
0.11551587301587302,1138222,0.16394604918899827,0.99999464117294,0.2817070869470045
0.11549450549450549,1138228,0.163945184971728,0.99999464117294,0.2817058111343593
0.11547619047619047,1138247,0.16394244834381289,0.99999464117294,0.2817017711372187
0.11545454545454546,1138251,0.16394187222326184,0.99999464117294,0.28170092062627045
0.11545454545454545,1138476,0.16390947196076158,0.99999464117294,0.28165308765331104
0.11539589442815248,1138480,0.16390889607195558,0.99999464117294,0.28165223743630613
0.11539170506912441,1138484,0.1639083201871963,0.99999464117294,0.2816513872244342
0.11538461538461539,1139542,0.16375614062491772,0.99999464117294,0.28142668627229195
0.115359477124183,1139544,0.16375585321848038,0.99999464117294,0.28142626184630426
0.11533333333333333,1139554,0.16375441620142617,0.99999464117294,0.28142413973556774
0.11527777777777778,1139558,0.16375384140166627,0.99999464117294,0.2814232909002342
0.11523341523341524,1139562,0.16375326660594158,0.99999464117294,0.28142244207002115
0.11523297491039426,1139566,0.1637526918142521,0.99999464117294,0.28142159324492866
0.11518716577540106,1139570,0.16375211702659775,0.99999464117294,0.2814207444249565
0.11517857142857142,1139572,0.16375182963428375,0.99999464117294,0.28142032001689066
0.1151719248493442,1139574,0.16375154224297853,0.99999464117294,0.2814198956101048
0.11512820512820514,1139575,0.16375139854770418,0.99999464117294,0.28141968340719187
0.1150892857142857,1139579,0.16375082376912878,0.99999464117294,0.28141883459874056
0.11505494505494504,1139583,0.16375024899458837,0.99999464117294,0.28141798579540955
0.11505255255255256,1139591,0.16374909945761243,0.99999464117294,0.28141628820410813
0.115,1139664,0.16373861067823497,0.99999464117294,0.28140079862954204
0.11499999999999999,1139668,0.1637380359894285,0.99999464117294,0.281399949935006
0.11497584541062802,1139670,0.16373774864653803,0.99999464117294,0.28139952558965764
0.11493506493506492,1139672,0.16373746130465608,0.99999464117294,0.28139910124558914
0.11493055555555555,1139676,0.16373688662391767,0.99999464117294,0.28139825256129153
0.11491228070175438,1139677,0.16373674295436338,0.99999464117294,0.281398040391017
0.11491039426523297,1139681,0.16373616827866747,0.99999464117294,0.28139719171311833
0.1149090909090909,1139690,0.16373487527310057,0.99999464117294,0.28139528220656296
0.11489898989898989,1139691,0.16373473160707594,0.99999464117294,0.2813950700407675
0.11487179487179487,1139693,0.16373444427578304,0.99999464117294,0.2813946457101367
0.11486950549450549,1139695,0.1637341569454986,0.99999464117294,0.28139422138078557
0.11483918128654971,1139699,0.16373358228795498,0.99999464117294,0.28139337272592246
0.11469780219780219,1139703,0.16373300763444512,0.99999464117294,0.2813925240761782
0.11469696969696969,1139717,0.16373099637892566,0.99999464117294,0.28138955384238407
0.11468531468531469,1139721,0.16373042174356706,0.99999464117294,0.2813887052156743
0.11463414634146342,1139725,0.16372984711224198,0.99999464117294,0.28138785659408305
0.1146031746031746,1139729,0.16372927248495037,0.99999464117294,0.28138700797761057
0.1145974025974026,1139731,0.1637289851728171,0.99999464117294,0.2813865836712937
0.11458541458541459,1139737,0.16372812324246735,0.99999464117294,0.281385310760021
0.11453781512605041,1139743,0.16372726132119259,0.99999464117294,0.2813840378602647
0.1145,1139747,0.163726686712051,0.99999464117294,0.28138318926682526
0.11444444444444445,1139757,0.16372525020684234,0.99999464117294,0.2813810678056191
0.11444444444444443,1139924,0.16370126429481263,0.99999464117294,0.2813456441307107
0.11443965517241379,1139926,0.16370097708096842,0.99999464117294,0.2813452199491306
0.11443932411674346,1139930,0.16370040265630345,0.99999464117294,0.28134437158980746
0.11439393939393941,1140064,0.16368116175933983,0.99999464117294,0.2813159545087256
0.11436781609195404,1140068,0.16368058747372963,0.99999464117294,0.28131510632588513
0.11436781609195401,1140088,0.16367771610612514,0.99999464117294,0.2813108654884013
0.11436090225563908,1140090,0.1636774289749055,0.99999464117294,0.28131044141168526
0.11430555555555556,1140091,0.16367728540967344,0.99999464117294,0.28131022937380673
0.1142857142857143,1140135,0.1636709687887838,0.99999464117294,0.2813009000235916
0.11428571428571428,1140374,0.16363666656728407,0.99999464117294,0.28125023549678896
0.11422413793103448,1140375,0.16363652307355037,0.99999464117294,0.28125002354966117
0.11414141414141415,1140387,0.1636348011683753,0.99999464117294,0.2812474802090437
0.11413690476190474,1140390,0.16363437069774375,0.99999464117294,0.28124684438107667
0.11411764705882352,1140394,0.1636337967404248,0.99999464117294,0.28124599661492594
0.1141025641025641,1140405,0.16363221837855849,0.99999464117294,0.2812436652843642
0.11403846153846155,1140407,0.16363193140694507,0.99999464117294,0.2812432414102327
0.11402597402597403,1140415,0.16363078353055685,0.99999464117294,0.28124154592648354
0.11398601398601399,1140431,0.16362848782609382,0.99999464117294,0.2812381550203122
0.11395348837209303,1140434,0.16362805738867833,0.99999464117294,0.281237519234508
0.1138888888888889,1140440,0.16362719652064114,0.99999464117294,0.28123624767152355
0.11388888888888889,1140445,0.16362647913752965,0.99999464117294,0.28123518804448655
0.11388888888888887,1140451,0.1636256182860991,0.99999464117294,0.28123391650258206
0.11386363636363638,1140452,0.1636254748117413,0.99999464117294,0.2812337045800491
0.1138095238095238,1140454,0.16362518786378055,0.99999464117294,0.28123328073594145
0.11379928315412186,1140458,0.16362461397087838,0.99999464117294,0.28123243305155887
0.11375,1140466,0.16362346619715099,0.99999464117294,0.28123073769812384
0.11373737373737375,1140470,0.16362289231632574,0.99999464117294,0.2812298900290714
0.11370851370851372,1140472,0.16362260537742268,0.99999464117294,0.2812294661964614
0.11367816091954022,1140486,0.16362059683327984,0.99999464117294,0.28122649940396083
0.11363636363636365,1140558,0.1636102679565616,0.99999464117294,0.2812112426026586
0.11363636363636363,1140563,0.16360955072188033,0.99999464117294,0.2812101831640384
0.11361111111111112,1140565,0.1636092638297686,0.99999464117294,0.28120975939082554
0.11354166666666667,1140569,0.1636086900485635,0.99999464117294,0.28120891184823127
0.1134090909090909,1140572,0.16360825971530074,0.99999464117294,0.28120827619463823
0.11333333333333333,1140611,0.16360266558888176,0.99999464117294,0.2812000129594287
0.11330891330891331,1140615,0.16360209185395597,0.99999464117294,0.2811991654755832
0.1132867132867133,1140689,0.16359147848361824,0.99999464117294,0.28118348794580267
0.1132456140350877,1140691,0.16359119165488287,0.99999464117294,0.2811830642530432
0.11321428571428573,1140707,0.16358889706120852,0.99999464117294,0.28117967475693406
0.11321428571428571,1140711,0.16358832342284768,0.99999464117294,0.28117882739567507
0.11320261437908496,1140725,0.1635863157202656,0.99999464117294,0.28117586167148706
0.11319444444444444,1140729,0.16358574210000798,0.99999464117294,0.28117501433321
0.11313131313131314,1140735,0.16358488167716428,0.99999464117294,0.28117374333537
0.11310483870967741,1140739,0.1635843080669636,0.99999464117294,0.2811728960098603
0.1130952380952381,1140747,0.16358316085863037,0.99999464117294,0.2811712013741614
0.11309523809523808,1140755,0.1635820136663876,0.99999464117294,0.28116950675888963
0.11304347826086956,1140842,0.16356953898962345,0.99999464117294,0.28115107913669063
0.11304347826086955,1140846,0.16356896548701577,0.99999464117294,0.2811502319477737
0.11301075268817204,1140848,0.16356867873722003,0.99999464117294,0.28114980835522985
0.11298701298701298,1140852,0.16356810524064472,0.99999464117294,0.28114896117397137
0.1128825475599669,1140856,0.1635675317480909,0.99999464117294,0.28114811399781836
0.11285714285714285,1140860,0.16356695825955858,0.99999464117294,0.281147266826771
0.11285266457680251,1140864,0.16356638477504767,0.99999464117294,0.28114641966082904
0.1128448275862069,1140872,0.16356523781809001,0.99999464117294,0.2811447253442613
0.11282051282051282,1140880,0.1635640908772176,0.99999464117294,0.28114303104811494
0.11270833333333333,1140888,0.16356294395243004,0.99999464117294,0.2811413367723895
0.1126984126984127,1140896,0.16356179704372703,0.99999464117294,0.2811396425170847
0.11269841269841269,1140926,0.16355749627933802,0.99999464117294,0.2811332892415561
0.1126470588235294,1140928,0.16355720956975375,0.99999464117294,0.2811328657000639
0.11260162601626016,1140932,0.16355663615360075,0.99999464117294,0.2811320186209078
0.11250000000000002,1140945,0.16355477257887102,0.99999464117294,0.28112926564890445
0.1125,1141407,0.16348857156123978,0.99999464117294,0.2810314642530393
0.11249999999999999,1141411,0.1634879986262617,0.99999464117294,0.2810306177848359
0.1124505928853755,1141415,0.16348742569529925,0.99999464117294,0.2810297713217316
0.1124274099883856,1141417,0.16348713923132388,0.99999464117294,0.2810293480920916
0.11241174284652546,1141419,0.16348685276835237,0.99999464117294,0.2810289248637264
0.11238095238095237,1141423,0.16348627984542102,0.99999464117294,0.2810280784108202
0.11236559139784946,1141443,0.1634834152909957,0.99999464117294,0.28102384622277304
0.11235632183908047,1141445,0.16348312884107424,0.99999464117294,0.2810234230109792
0.11233766233766233,1141458,0.16348126694105258,0.99999464117294,0.2810206721653894
0.1123076923076923,1141470,0.16347954830175124,0.99999464117294,0.2810181329711056
0.11222222222222222,1141474,0.16347897543001416,0.99999464117294,0.28101728658320796
0.11221719457013575,1141478,0.16347840256229204,0.99999464117294,0.28101644020040867
0.11221198156682027,1141482,0.16347782969858482,0.99999464117294,0.28101559382270774
0.11219780219780219,1141484,0.1634775432682368,0.99999464117294,0.2810151706357692
0.11217741935483871,1141488,0.16347697041055184,0.99999464117294,0.28101432426571576
0.11209150326797385,1141492,0.1634763975568817,0.99999464117294,0.2810134779007605
0.11207792207792208,1141494,0.16347611113155217,0.99999464117294,0.28101305472019467
0.112,1141624,0.1634574956377932,0.99999464117294,0.28098555071704345
0.11199999999999999,1141625,0.1634573524581189,0.99999464117294,0.28098533916865487
0.1119724025974026,1141627,0.16345706609952287,0.99999464117294,0.2809849160728335
0.11196581196581197,1141631,0.1634564933853408,0.99999464117294,0.2809840698850132
0.1119047619047619,1141689,0.16344818948067294,0.99999464117294,0.28097180073432376
0.11188034188034188,1141693,0.16344761682869213,0.99999464117294,0.28097095462549526
0.111875,1141695,0.16344733050420646,0.99999464117294,0.280970531572992
0.11182539682539683,1141699,0.1634467578582446,0.99999464117294,0.28096968547180734
0.11177177177177178,1141707,0.16344561257835855,0.99999464117294,0.2809679932847253
0.11173160173160174,1141711,0.16344503994443427,0.99999464117294,0.280967147198828
0.11166666666666666,1142031,0.16339924222722502,0.99999464117294,0.28089947683306
0.1115987460815047,1142035,0.1633986699181724,0.99999464117294,0.28089863115976227
0.11153846153846154,1142158,0.1633810733716351,0.99999464117294,0.2808726291912948
0.11148448043184886,1142160,0.16338078728024094,0.99999464117294,0.28087220643483285
0.11145833333333333,1142182,0.16337764034103147,0.99999464117294,0.2808675561977438
0.11143695014662758,1142186,0.16337706818329065,0.99999464117294,0.2808667107166348
0.11142857142857143,1142358,0.16335246919091914,0.99999464117294,0.28083035984366794
0.1114209320091673,1142360,0.16335218319969186,0.99999464117294,0.28082993721444005
0.1113970588235294,1142367,0.16335118223828243,0.99999464117294,0.28082845802215994
0.11138888888888887,1142371,0.16335061026584183,0.99999464117294,0.2808276127764246
0.11137931034482758,1142379,0.16334946633297706,0.99999464117294,0.28082592230021813
0.11136363636363637,1142400,0.16334646358543417,0.99999464117294,0.2808214848970059
0.11136363636363636,1142404,0.16334589164603766,0.99999464117294,0.28082063969324583
0.11134502923976608,1142408,0.16334531971064628,0.99999464117294,0.2808197944945734
0.11127403062886934,1142412,0.16334474777926003,0.99999464117294,0.28081894930098866
0.11124031007751937,1142414,0.1633444618150688,0.99999464117294,0.2808185267061042
0.11120879120879121,1142418,0.16334388988969012,0.99999464117294,0.2808176815201509
0.11116883116883118,1142420,0.16334360392850264,0.99999464117294,0.280817258929082
0.11111111111111112,1142507,0.16333116558585636,0.99999464117294,0.2807988774485278
0.1111111111111111,1143785,0.1631486686746198,0.99999464117294,0.28052913687910264
0.11107142857142856,1143789,0.16314809811949582,0.99999464117294,0.2805282934342155
0.11102150537634409,1143793,0.16314752756836245,0.99999464117294,0.2805274499944002
0.11099999999999999,1143795,0.16314724229429226,0.99999464117294,0.2805270282763945
0.11094017094017095,1143799,0.16314667174914474,0.99999464117294,0.28052618484418684
0.11093073593073594,1143801,0.16314638647806742,0.99999464117294,0.28052576312998484
0.11091628959276018,1143809,0.16314524540373437,0.99999464117294,0.28052407628585624
0.11090909090909092,1143836,0.16314139439570008,0.99999464117294,0.28051838333669055
0.1109090909090909,1143841,0.1631406812660151,0.99999464117294,0.28051732911220195
0.11089285714285714,1143849,0.1631395402714869,0.99999464117294,0.2805156423695016
0.11086363636363637,1143855,0.16313868453606445,0.99999464117294,0.2805143773257881
0.11083333333333334,1143859,0.16313811405077025,0.99999464117294,0.28051353396965123
0.11083333333333333,1143860,0.1631379714300701,0.99999464117294,0.28051332313140936
0.11078947368421052,1143864,0.16313740094976326,0.99999464117294,0.28051247978161137
0.11076923076923076,1143868,0.16313683047344624,0.99999464117294,0.2805116364368842
0.11071428571428572,1143954,0.16312456619759186,0.99999464117294,0.28049350575170495
0.11071428571428571,1143955,0.1631244236005787,0.99999464117294,0.28049329494356895
0.1106896551724138,1143957,0.16312413840730028,0.99999464117294,0.2804928733282478
0.11068376068376068,1143959,0.16312385321501907,0.99999464117294,0.280492451714194
0.11066919191919193,1143961,0.16312356802373507,0.99999464117294,0.2804920301014077
0.11066066066066066,1143965,0.1631229976441587,0.99999464117294,0.2804911868796376
0.11060810810810812,1143967,0.1631227124558663,0.99999464117294,0.28049076527065364
0.1106060606060606,1143995,0.1631187199244752,0.99999464117294,0.2804848628779583
0.11057142857142856,1143997,0.16311843475114007,0.99999464117294,0.28048444128798555
0.11055900621118012,1143998,0.16311829216484644,0.99999464117294,0.2804842304934744
0.11055555555555556,1144010,0.16311658114876618,0.99999464117294,0.280481700984054
0.11054054054054054,1144014,0.16311601081804944,0.99999464117294,0.2804808578243859
0.1105,1144022,0.16311487016858067,0.99999464117294,0.2804791715202573
0.11045454545454546,1144030,0.16311372953506464,0.99999464117294,0.2804774852364054
0.11041666666666668,1144031,0.1631135869569968,0.99999464117294,0.2804772744523496
0.11041666666666666,1144035,0.16311301664721797,0.99999464117294,0.28047643131929456
0.11040209790209791,1144049,0.1631110205943976,0.99999464117294,0.2804734803935199
0.11039473684210527,1144051,0.16311073544798266,0.99999464117294,0.28047305883776386
0.11036363636363636,1144055,0.1631101651581436,0.99999464117294,0.2804722157300534
0.11034798534798534,1144059,0.16310959487229243,0.99999464117294,0.2804713726274117
0.1103448275862069,1144127,0.16309990062292035,0.99999464117294,0.28045704065798227
0.11031746031746031,1144135,0.16309876019875277,0.99999464117294,0.2804553546402273
0.1103174603174603,1144139,0.1630981899926495,0.99999464117294,0.2804545116389517
0.11026392961876832,1144145,0.16309733469097012,0.99999464117294,0.28045324714654035
0.11025641025641025,1144161,0.1630950539303472,0.99999464117294,0.2804498752225217
0.11022727272727273,1144165,0.16309448375015842,0.99999464117294,0.28044903225418616
0.11014423076923076,1144169,0.1630939135739563,0.99999464117294,0.280448189290918
0.11013824884792625,1144170,0.1630937710305287,0.99999464117294,0.28044797855089276
0.11009740259740261,1144172,0.16309348594442094,0.99999464117294,0.2804475570717925
0.11000000000000001,1144178,0.16309263069207763,0.99999464117294,0.28044629264209275
0.11,1144409,0.16305971029588198,0.99999464117294,0.28039762076667685
0.10999999999999999,1144414,0.16305899788013778,0.99999464117294,0.280396567449674
0.10997474747474749,1144422,0.1630578580278953,0.99999464117294,0.28039488215892955
0.10996621621621622,1144424,0.16305757306732468,0.99999464117294,0.28039446083940883
0.10989010989010989,1144426,0.16305728810775008,0.99999464117294,0.2803940395211542
0.10984848484848486,1144431,0.163056575713171,0.99999464117294,0.2803929862310571
0.10984126984126985,1144435,0.16305600580198962,0.99999464117294,0.28039214360467696
0.10982905982905983,1144439,0.16305543589479213,0.99999464117294,0.28039130098336124
0.10982142857142857,1144443,0.16305486599157842,0.99999464117294,0.28039045836710985
0.1098191214470284,1144447,0.16305429609234853,0.99999464117294,0.2803896157559229
0.10980392156862745,1144459,0.16305258641856107,0.99999464117294,0.28038708795274764
0.10979166666666666,1144463,0.16305201653526588,0.99999464117294,0.28038624536181767
0.10974025974025975,1144467,0.16305144665595425,0.99999464117294,0.2803854027759518
0.10967741935483871,1144526,0.1630430413987974,0.99999464117294,0.2803729752226297
0.1096774193548387,1144527,0.16304289894428003,0.99999464117294,0.28037276459562704
0.10965909090909091,1144543,0.1630406197058564,0.99999464117294,0.2803693946066224
0.10957854406130269,1144545,0.16304033480553407,0.99999464117294,0.28036897336369293
0.1095779220779221,1144551,0.16303948011054117,0.99999464117294,0.2803677096424995
0.10952380952380952,1144555,0.16303891031885756,0.99999464117294,0.2803668671680328
0.10950904392764858,1144563,0.1630377707474381,0.99999464117294,0.28036518223428847
0.10945454545454547,1144571,0.16303663119194878,0.99999464117294,0.2803634973207961
0.10944444444444446,1144573,0.1630363463055655,0.99999464117294,0.28036307609558736
0.10944444444444444,1144575,0.1630360614201778,0.99999464117294,0.2803626548716442
0.10944055944055944,1144577,0.16303577653578571,0.99999464117294,0.2803622336489669
0.10942028985507246,1144587,0.1630343521287591,0.99999464117294,0.2803601275545657
0.109375,1144628,0.1630285123201599,0.99999464117294,0.28035149289832906
0.10931372549019608,1144632,0.16302794260513423,0.99999464117294,0.28035065052131847
0.10925382860866731,1144633,0.16302780017699997,0.99999464117294,0.2803504399278568
0.1091919191919192,1144637,0.16302723046695153,0.99999464117294,0.2803495975571739
0.10915435139573071,1144641,0.16302666076088485,0.99999464117294,0.28034875519155317
0.10913875598086126,1144645,0.1630260910587999,0.99999464117294,0.2803479128309946
0.10913043478260868,1144649,0.1630255213606966,0.99999464117294,0.28034707047549795
0.1090909090909091,1144696,0.1630188277062207,0.99999464117294,0.2803371731775763
0.10909090909090909,1144757,0.16301014101682715,0.99999464117294,0.28032432879037683
0.10906593406593407,1144761,0.16300957143019373,0.99999464117294,0.280323486576599
0.10905870445344129,1144767,0.16300871705770695,0.99999464117294,0.2803222232654211
0.10904761904761905,1144783,0.1630064387748595,0.99999464117294,0.2803188544912802
0.10903225806451614,1144787,0.16300586921409835,0.99999464117294,0.2803180123103962
0.10892857142857143,1144795,0.16300473010451652,0.99999464117294,0.2803163279638096
0.1088888888888889,1144801,0.16300387578277797,0.99999464117294,0.28031506471715306
0.10887681159420289,1144802,0.1630037333966922,0.99999464117294,0.2803148541771505
0.10886363636363637,1144814,0.1630020247830652,0.99999464117294,0.2803123277217892
0.10882352941176471,1144835,0.1629990347954072,0.99999464117294,0.2803079065344893
0.1088235294117647,1144836,0.16299889241777862,0.99999464117294,0.2803076960052394
0.10875000000000001,1144840,0.16299832290975158,0.99999464117294,0.2803068538914024
0.10873015873015873,1144844,0.1629977534057042,0.99999464117294,0.28030601178262526
0.10872727272727273,1144846,0.16299746865517284,0.99999464117294,0.2803055907301341
0.10871848739495799,1144854,0.16299632966299632,0.99999464117294,0.28030390653281884
0.10864787386526516,1144860,0.16299547542931014,0.99999464117294,0.28030264339811395
0.10863636363636364,1144864,0.1629949059451603,0.99999464117294,0.2803018013146353
0.10859903381642512,1144866,0.16299462120457767,0.99999464117294,0.2803013802747932
0.10858585858585859,1144882,0.16299234331573034,0.99999464117294,0.28029801200159216
0.10857142857142858,1144883,0.1629922009497914,0.99999464117294,0.28029780148720496
0.10857142857142857,1144902,0.1629894960442029,0.99999464117294,0.2802938017739258
0.10855614973262032,1144906,0.16298892660183456,0.99999464117294,0.28029295974357005
0.10854700854700855,1144911,0.1629882148044695,0.99999464117294,0.2802919072127397
0.10854105571847508,1144915,0.16298764537105376,0.99999464117294,0.28029106519376684
0.10853146853146854,1144919,0.16298707594161682,0.99999464117294,0.28029022317985286
0.10849802371541503,1144920,0.16298693358487928,0.99999464117294,0.28029001267716486
0.10846153846153847,1144922,0.16298664887215025,0.99999464117294,0.28028959167273737
0.10846153846153846,1145073,0.16296515593328983,0.99999464117294,0.280257809490411
0.10845410628019322,1145077,0.16296458666098437,0.99999464117294,0.2802569676762898
0.10844155844155845,1145087,0.16296316349762072,0.99999464117294,0.2802548631631117
0.10833333333333334,1145159,0.16295291745513069,0.99999464117294,0.28023971160120353
0.10833333333333332,1145204,0.16294651433281757,0.99999464117294,0.2802302427069286
0.10824884792626727,1145206,0.16294622976128312,0.99999464117294,0.2802298218820346
0.1082437275985663,1145220,0.16294423778837255,0.99999464117294,0.2802268761431656
0.10823863636363637,1145221,0.16294409550645683,0.99999464117294,0.2802266657356162
0.10821428571428571,1145225,0.1629435263812788,0.99999464117294,0.2802258241085782
0.10818181818181818,1145227,0.16294324182018063,0.99999464117294,0.28022540329695494
0.10812324929971989,1145229,0.16294295726007638,0.99999464117294,0.2802249824865956
0.10810810810810811,1145231,0.16294267270096602,0.99999464117294,0.2802245616775001
0.1081043956043956,1145235,0.16294210358572694,0.99999464117294,0.28022372006310053
0.10808080808080808,1145249,0.16294011171369718,0.99999464117294,0.28022077445251253
0.10805555555555556,1145253,0.16293954261634766,0.99999464117294,0.2802199328608616
0.10805194805194805,1145263,0.1629381198903658,0.99999464117294,0.2802178289038503
0.10804597701149425,1145267,0.16293755080692973,0.99999464117294,0.28021698732989203
0.10804347826086956,1145271,0.16293698172746887,0.99999464117294,0.2802161457609888
0.10803571428571429,1145277,0.16293612811573097,0.99999464117294,0.2802148834171118
0.10795454545454547,1145279,0.16293584358047253,0.99999464117294,0.28021446263834693
0.10794642857142855,1145283,0.162935274512937,0.99999464117294,0.2802136210846083
0.10789473684210527,1145298,0.16293314054508085,0.99999464117294,0.280210465303107
0.10788288288288289,1145302,0.16293257149642626,0.99999464117294,0.280209623773378
0.10783333333333332,1145306,0.16293200245174652,0.99999464117294,0.2802087822487037
0.10782013685239492,1145310,0.16293143341104155,0.99999464117294,0.2802079407290839
0.10781637717121588,1145318,0.1629302953415558,0.99999464117294,0.2802062577050076
0.1077922077922078,1145419,0.1629159285815933,0.99999464117294,0.28018501126478673
0.10779220779220779,1145421,0.16291564411687928,0.99999464117294,0.2801845905757307
0.10772946859903382,1145425,0.1629150751904315,0.99999464117294,0.2801837492014087
0.10770866560340245,1145429,0.16291450626795725,0.99999464117294,0.28018290783213984
0.1076923076923077,1145468,0.16290895948206321,0.99999464117294,0.28017470474657596
0.10766233766233765,1145474,0.1629081061639112,0.99999464117294,0.28017344277604533
0.10765765765765765,1145482,0.1629069684202807,0.99999464117294,0.2801717601663551
0.10764705882352943,1145486,0.16290639955442493,0.99999464117294,0.2801709188690888
0.1076388888888889,1145490,0.16290583069254205,0.99999464117294,0.28017007757687495
0.10763888888888888,1145492,0.16290554626309045,0.99999464117294,0.2801696569326627
0.10757575757575757,1145504,0.16290383970723804,0.99999464117294,0.280167133093914
0.10755555555555556,1145506,0.1629035552847388,0.99999464117294,0.28016671245854335
0.10750000000000001,1145510,0.16290298644271983,0.99999464117294,0.28016587119159114
0.10749999999999998,1145520,0.16290156435505274,0.99999464117294,0.2801637680463139
0.107487922705314,1145529,0.1629002844973807,0.99999464117294,0.2801618752425614
0.10743506493506494,1145537,0.1628991468629996,0.99999464117294,0.28016019277180787
0.10742857142857143,1145544,0.16289815144595057,0.99999464117294,0.28015872062647507
0.10740576496674059,1145548,0.16289758264167017,0.99999464117294,0.2801578794075168
0.10739495798319326,1145550,0.1628972982410196,0.99999464117294,0.28015745879993215
0.10738636363636364,1145564,0.16289530746427086,0.99999464117294,0.2801545145822011
0.10734265734265735,1145568,0.16289473867985138,0.99999464117294,0.2801536733885012
0.10733333333333334,1145602,0.16288990417265334,0.99999464117294,0.28014652344600327
0.10731707317073172,1145604,0.16288961979881356,0.99999464117294,0.2801461028725158
0.10727272727272728,1145608,0.16288905105411275,0.99999464117294,0.2801452617293292
0.10722222222222222,1145609,0.1628889088685581,0.99999464117294,0.2801450514443218
0.10720720720720721,1145613,0.16288834012882186,0.99999464117294,0.280144210307449
0.10714285714285715,1145759,0.1628675838461666,0.99999464117294,0.28011351226801623
0.10714285714285714,1145915,0.16284541174519926,0.99999464117294,0.2800807190570069
0.10712530712530713,1145919,0.16284484330916932,0.99999464117294,0.2800798783064058
0.1070940170940171,1145927,0.16284370644901464,0.99999464117294,0.2800781968203462
0.10707070707070707,1145937,0.16284228539614307,0.99999464117294,0.28007609499116354
0.10705329153605016,1145939,0.16284200118854494,0.99999464117294,0.28007567462911254
0.10701754385964912,1145945,0.16284114857170284,0.99999464117294,0.2800744135505305
0.10694444444444445,1146277,0.16279398435107745,0.99999464117294,0.28000465156408844
0.10694444444444444,1146288,0.16279242214870956,0.99999464117294,0.2800023407677718
0.10692307692307693,1146298,0.16279100199075633,0.99999464117294,0.2800002400769447
0.10691919191919193,1146302,0.1627904339345129,0.99999464117294,0.2799993998094395
0.10688311688311689,1146304,0.16279014990787785,0.99999464117294,0.2799989796775782
0.10679347826086956,1146309,0.16278943984562627,0.99999464117294,0.2799979293534406
0.10672268907563025,1146313,0.16278887180028492,0.99999464117294,0.2799970890998041
0.10669856459330143,1146327,0.16278688367280889,0.99999464117294,0.2799941482517902
0.10669330669330669,1146329,0.16278659965856224,0.99999464117294,0.27999372813568835
0.10666666666666666,1146330,0.16278645765181057,0.99999464117294,0.2799935180781101
0.10664335664335664,1146334,0.1627858896272814,0.99999464117294,0.2799926778509493
0.10664251207729468,1146336,0.16278560561650338,0.99999464117294,0.27999225773925984
0.10656565656565657,1146340,0.16278503759792035,0.99999464117294,0.27999141751966317
0.10655594405594407,1146344,0.16278446958330134,0.99999464117294,0.2799905773051093
0.10654761904761904,1146346,0.16278418557747834,0.99999464117294,0.27999015719972326
0.10653594771241831,1146350,0.16278361756880533,0.99999464117294,0.2799893169927335
0.10653594771241828,1146355,0.16278290756353833,0.99999464117294,0.2799882667410873
0.10644444444444445,1146361,0.16278205556539346,0.99999464117294,0.27998700644951235
0.10644444444444444,1146369,0.16278091958174026,0.99999464117294,0.27998532607839444
0.1064102564102564,1146423,0.16277325210677035,0.99999464117294,0.27997398410089486
0.10640394088669951,1146427,0.16277268417439575,0.99999464117294,0.27997314399096795
0.10636363636363637,1146435,0.1627715483215359,0.99999464117294,0.2799714637862395
0.10636363636363635,1146608,0.16274698938085205,0.99999464117294,0.2799351342918177
0.10631270903010033,1146616,0.1627458538865671,0.99999464117294,0.27993345454327256
0.10626984126984128,1146629,0.16274400874214764,0.99999464117294,0.2799307249948809
0.10625,1146641,0.16274230556904906,0.99999464117294,0.27992820545899527
0.10622222222222222,1146642,0.16274216363956667,0.99999464117294,0.27992799549971875
0.10620490620490622,1146644,0.16274187978134452,0.99999464117294,0.2799275755821105
0.10617816091954022,1146645,0.16274173785260476,0.99999464117294,0.2799273656237788
0.10614420062695926,1146653,0.16274060243159874,0.99999464117294,0.27992568596846373
0.10610599078341013,1146654,0.16274046050508698,0.99999464117294,0.2799254760129667
0.10608695652173915,1146658,0.16273989280151535,0.99999464117294,0.27992463619412783
0.10607142857142857,1146667,0.16273861548296062,0.99999464117294,0.27992274662016464
0.10606060606060608,1146671,0.16273804779226125,0.99999464117294,0.27992190681770285
0.10604395604395604,1146673,0.16273776394839679,0.99999464117294,0.2799214869183615
0.10603174603174603,1146674,0.16273762202683587,0.99999464117294,0.2799212769691633
0.10603174603174602,1146678,0.16273705434306754,0.99999464117294,0.2799204371755197
0.10600000000000001,1146682,0.16273648666325974,0.99999464117294,0.279919597386915
0.10599999999999998,1146686,0.1627359189874124,0.99999464117294,0.2799187576033493
0.10598290598290598,1146704,0.16273336449510947,0.99999464117294,0.27991497863965825
0.10595533498759305,1146714,0.16273194536737146,0.99999464117294,0.27991287925947367
0.10595238095238096,1146716,0.16273166154479402,0.99999464117294,0.2799124593872157
0.10594922319060249,1146717,0.16273151963387653,0.99999464117294,0.27991224945155907
0.10590909090909091,1146746,0.16272740432493332,0.99999464117294,0.2799061614544975
0.10590038314176245,1146750,0.16272683671244823,0.99999464117294,0.2799053217515476
0.10585858585858586,1146754,0.1627262691039229,0.99999464117294,0.27990448205363583
0.10584415584415584,1146760,0.16272541769855942,0.99999464117294,0.2799032225162146
0.10583333333333333,1146772,0.16272371491456017,0.99999464117294,0.2799007034753783
0.10579937304075235,1146780,0.16272257974502521,0.99999464117294,0.2798990241400103
0.10578947368421053,1146784,0.16272201216619694,0.99999464117294,0.2798981844798829
0.10576923076923077,1146785,0.16272187027210855,0.99999464117294,0.2798979745656382
0.10575,1146795,0.16272045134483495,0.99999464117294,0.27989587544050826
0.10571847507331378,1146799,0.16271988378085436,0.99999464117294,0.2798950357992721
0.10571428571428573,1146801,0.1627196000003488,0.99999464117294,0.27989461598054316
0.1057142857142857,1146887,0.16270739837490528,0.99999464117294,0.27987656496649777
0.10560439560439559,1146891,0.1627068309019776,0.99999464117294,0.27987572544111394
0.10555555555555557,1146895,0.16270626343300826,0.99999464117294,0.2798748859207666
0.10555555555555556,1147041,0.16268555352424194,0.99999464117294,0.27984424687455245
0.10555555555555554,1147068,0.16268172418723215,0.99999464117294,0.2798385814845585
0.10551075268817203,1147072,0.16268115689337723,0.99999464117294,0.2798377421870314
0.1054945054945055,1147121,0.16267420786473266,0.99999464117294,0.27982746120088864
0.10545454545454547,1147129,0.162673073385818,0.99999464117294,0.27982578274427417
0.1053846153846154,1147131,0.16267278976856175,0.99999464117294,0.2798253631332667
0.10535714285714284,1147140,0.16267151350314696,0.99999464117294,0.27982347489930626
0.10530303030303031,1147148,0.16267037906181242,0.99999464117294,0.2798217964905125
0.1053030303030303,1147150,0.16267009545395109,0.99999464117294,0.27982137689146
0.10528846153846154,1147160,0.16266867742947802,0.99999464117294,0.2798192789150737
0.10526923076923077,1147164,0.162668110226611,0.99999464117294,0.2798184397333277
0.10523297491039427,1147172,0.16266697583274348,0.99999464117294,0.27981676138493605
0.1051948051948052,1147188,0.16266470709247308,0.99999464117294,0.27981340474855226
0.10518925518925519,1147189,0.16266456529830742,0.99999464117294,0.2798131949614522
0.10515873015873016,1147209,0.1626617294669062,0.99999464117294,0.2798089992855092
0.10512820512820513,1147248,0.1626561998800608,0.99999464117294,0.27980081807931295
0.1051051051051051,1147252,0.16265563276420525,0.99999464117294,0.27979997900829173
0.10506912442396313,1147256,0.16265506565230428,0.99999464117294,0.27979913994230293
0.10500000000000001,1147263,0.1626540732159932,0.99999464117294,0.27979767158893176
0.10495614035087719,1147264,0.16265393144036594,0.99999464117294,0.2797974618254225
0.10493055555555555,1147278,0.1626519466075354,0.99999464117294,0.2797945251693173
0.10492424242424242,1147280,0.16265166306394255,0.99999464117294,0.2797941056520487
0.10487012987012988,1147284,0.16265109597972255,0.99999464117294,0.2797932666212857
0.10486111111111111,1147294,0.16264967828647234,0.99999464117294,0.2797911690663932
0.10482954545454545,1147296,0.16264939475078793,0.99999464117294,0.27979074955918865
0.10481663929939791,1147297,0.16264925298331645,0.99999464117294,0.27979053980605817
0.10480938416422288,1147301,0.16264868591590176,0.99999464117294,0.279789700796681
0.10480769230769231,1147304,0.1626482606179356,0.99999464117294,0.27978907154295035
0.10478927203065133,1147310,0.16264741002867578,0.99999464117294,0.27978781304398026
0.10476190476190476,1147316,0.1626465594483124,0.99999464117294,0.27978655455633156
0.10476190476190475,1147476,0.16262388058660923,0.99999464117294,0.27975299906152834
0.10474358974358974,1147482,0.1626230302523264,0.99999464117294,0.2797517408870466
0.10471014492753623,1147486,0.1626224633677448,0.99999464117294,0.2797509021103461
0.10470779220779221,1147488,0.16262217992693606,0.99999464117294,0.279750482723882
0.10467836257309941,1147495,0.16262118789188623,0.99999464117294,0.2797490148811598
0.1046583850931677,1147499,0.16262062102014904,0.99999464117294,0.27974817612080594
0.10461538461538461,1147529,0.16261636960808834,0.99999464117294,0.2797418855784676
0.10454545454545455,1147560,0.16261197671581443,0.99999464117294,0.279735385648584
0.10446428571428572,1147566,0.1626111265060136,0.99999464117294,0.27973412763252764
0.10444444444444444,1147577,0.16260956781113597,0.99999464117294,0.27973182129914514
0.10441919191919193,1147582,0.16260885932334246,0.99999464117294,0.2797307729783614
0.10436046511627907,1147586,0.16260829253755274,0.99999464117294,0.2797299343273917
0.10428571428571429,1147588,0.16260800914613954,0.99999464117294,0.27972951500379256
0.10428571428571427,1147600,0.16260630881840363,0.99999464117294,0.2797269990885979
0.10427350427350428,1147602,0.1626060254339048,0.99999464117294,0.2797265797737988
0.10425101214574899,1147606,0.16260545866787032,0.99999464117294,0.2797257411479718
0.1041958041958042,1147609,0.16260503359593728,0.99999464117294,0.2797251121819014
0.10416666666666667,1147617,0.16260390008164746,0.99999464117294,0.27972343495287527
0.10416666666666666,1147625,0.16260276658316086,0.99999464117294,0.27972175774396224
0.10412698412698412,1147633,0.16260163310047723,0.99999464117294,0.27972008055516207
0.10412186379928315,1147644,0.16260007458758988,0.99999464117294,0.27971777445340157
0.10412087912087911,1147645,0.16259993290608157,0.99999464117294,0.2797175648096725
0.10411490683229813,1147657,0.1625982327472407,0.99999464117294,0.2797150491094348
0.10409482758620689,1147674,0.1625958242497434,0.99999464117294,0.2797114852782246
0.10409090909090908,1147680,0.1625949742088387,0.99999464117294,0.27971022747712637
0.10405183052241876,1147681,0.16259483253621868,0.99999464117294,0.2797100178447098
0.10402298850574712,1147730,0.1625878908802593,0.99999464117294,0.27969974624120725
0.10401785714285713,1147733,0.16258746590017017,0.99999464117294,0.279699117392031
0.10401069518716577,1147739,0.16258661594665685,0.99999464117294,0.27969785970216143
0.10400000000000001,1147743,0.16258604931591827,0.99999464117294,0.2796970212485321
0.10395256916996047,1147770,0.16258222466173536,0.99999464117294,0.27969136181801557
0.10388888888888889,1147783,0.1625803832257491,0.99999464117294,0.27968863698870866
0.10388888888888888,1147793,0.16257896676491318,0.99999464117294,0.2796865410022924
0.10387423935091278,1147797,0.1625784001874896,0.99999464117294,0.2796857026165219
0.10386100386100386,1147801,0.16257783361401498,0.99999464117294,0.2796848642357778
0.10384615384615384,1147802,0.16257769197126334,0.99999464117294,0.2796846546413771
0.10381944444444444,1147808,0.16257684211993645,0.99999464117294,0.27968339708156975
0.10378787878787879,1147809,0.16257670047891243,0.99999464117294,0.279683187489368
0.10376175548589342,1147810,0.16257655883813524,0.99999464117294,0.27968297789748037
0.10375,1147826,0.1625742926192646,0.99999464117294,0.27967962447
0.10366366366366367,1147828,0.16257400934634805,0.99999464117294,0.2796792052972192
0.10363636363636364,1147834,0.1625731595335214,0.99999464117294,0.2796779477864155
0.10359563807839671,1147836,0.16257287626455347,0.99999464117294,0.27967752861866063
0.1035897435897436,1147849,0.16257103504032325,0.99999464117294,0.27967480405887934
0.10357142857142856,1147867,0.16256848572177787,0.99999464117294,0.27967103167912477
0.10353535353535354,1147873,0.16256763596669666,0.99999464117294,0.2796697742418213
0.10346153846153847,1147879,0.16256678622049886,0.99999464117294,0.2796685168158251
0.10345765345765347,1147883,0.16256621972796878,0.99999464117294,0.27966767853810925
0.10345029239766082,1147887,0.1625656532393868,0.99999464117294,0.2796668402654187
0.1034274193548387,1147897,0.16256423703520437,0.99999464117294,0.27966474460567775
0.10340909090909091,1147936,0.16255871407465225,0.99999464117294,0.27965657183277587
0.10339366515837105,1147940,0.1625581476383783,0.99999464117294,0.2796557336266661
0.10333333333333335,1147943,0.1625577228137634,0.99999464117294,0.2796551049753812
0.10333333333333333,1148143,0.16252940618024062,0.99999464117294,0.27961320126375633
0.10326797385620914,1148155,0.16252770749593914,0.99999464117294,0.279610687440392
0.10320512820512821,1148169,0.16252572574246474,0.99999464117294,0.27960775470359467
0.1032051282051282,1148173,0.16252515953606295,0.99999464117294,0.27960691679009514
0.10317460317460317,1148185,0.1625234609405279,0.99999464117294,0.27960440307972845
0.103125,1148193,0.16252232856322935,0.99999464117294,0.27960272729792685
0.10309523809523809,1148194,0.16252218701717655,0.99999464117294,0.279602517826614
0.1030769230769231,1148198,0.1625216208354308,0.99999464117294,0.27960167994450125
0.10307142857142856,1148207,0.16252034694092615,0.99999464117294,0.2795997947281084
0.10305555555555557,1148211,0.16251978077200097,0.99999464117294,0.2795989568623161
0.10304347826086957,1148217,0.16251893152600946,0.99999464117294,0.2795977000730433
0.10303030303030304,1148227,0.16251751613574666,0.99999464117294,0.2795956054493626
0.10303030303030303,1148237,0.16251610077013717,0.99999464117294,0.2795935108570658
0.103015873015873,1148241,0.16251553463079615,0.99999464117294,0.27959267302893437
0.10301003344481606,1148261,0.1625127039932559,0.99999464117294,0.279588483963595
0.10292397660818713,1148262,0.16251256246396728,0.99999464117294,0.27958827451362306
0.10290909090909091,1148321,0.1625042126722406,0.99999464117294,0.2795759175207071
0.10287262872628727,1148329,0.16250308056314872,0.99999464117294,0.2795742420803379
0.10285819657016412,1148330,0.16250293905062133,0.99999464117294,0.27957403265170366
0.1028409090909091,1148332,0.16250265602630598,0.99999464117294,0.2795736137953766
0.10282935455349249,1148336,0.16250208998063284,0.99999464117294,0.2795727760864875
0.10277777777777777,1148354,0.16249954282390272,0.99999464117294,0.27956900645861077
0.10272727272727274,1148364,0.16249812777133382,0.99999464117294,0.2795669122648265
0.1026984126984127,1148366,0.1624978447637774,0.99999464117294,0.2795664934298346
0.10268817204301074,1148396,0.16249359976872088,0.99999464117294,0.2795602110555474
0.10266666666666666,1148400,0.16249303378613725,0.99999464117294,0.27955937342697573
0.1026525198938992,1148404,0.16249246780749632,0.99999464117294,0.27955853580342355
0.10263347763347765,1148406,0.16249218481965438,0.99999464117294,0.27955811699352967
0.1026098901098901,1148414,0.16249105287814325,0.99999464117294,0.27955644176650274
0.1025974025974026,1148430,0.16248878904243183,0.99999464117294,0.27955309137268
0.10257985257985258,1148432,0.1624885060674032,0.99999464117294,0.27955267257909877
0.10255255255255255,1148442,0.16248709120704397,0.99999464117294,0.27955057863001387
0.10252525252525253,1148446,0.16248652526979937,0.99999464117294,0.27954974105916314
0.10252525252525252,1148454,0.16248539340713689,0.99999464117294,0.27954806593251846
0.10250000000000001,1148644,0.16245851630270128,0.99999464117294,0.2795082875741808
0.1025,1148648,0.16245795056448972,0.99999464117294,0.2795074502567298
0.10247619047619047,1148652,0.16245738483021838,0.99999464117294,0.27950661294429546
0.10246305418719212,1148662,0.16245597051177804,0.99999464117294,0.2795045196851573
0.10244755244755245,1148700,0.1624505963262819,0.99999464117294,0.2794965655863666
0.10239898989898989,1148705,0.16244988922308165,0.99999464117294,0.27949551902812303
0.10238095238095239,1148708,0.16244946496411622,0.99999464117294,0.2794948910969388
0.10238095238095238,1148728,0.1624466366276438,0.99999464117294,0.27949070496114836
0.10232142857142856,1148729,0.16244649521340543,0.99999464117294,0.27949049565765044
0.10226401950539882,1148733,0.16244592955891404,0.99999464117294,0.27948965844679374
0.10222222222222224,1148745,0.1624442326190756,0.99999464117294,0.2794871468443176
0.1021978021978022,1148800,0.16243645543175486,0.99999464117294,0.2794756359105232
0.10218253968253968,1148804,0.1624358898471802,0.99999464117294,0.2794747987886884
0.10214285714285713,1148828,0.16243249642244095,0.99999464117294,0.27946977616299096
0.10213675213675213,1148832,0.1624319308654355,0.99999464117294,0.2794689390762595
0.10209790209790211,1148834,0.16243164808840965,0.99999464117294,0.2794685205347743
0.10208333333333335,1148838,0.16243108253731162,0.99999464117294,0.27946768345556466
0.10208333333333333,1148903,0.16242189288390751,0.99999464117294,0.2794540816211922
0.10202020202020202,1148944,0.1624160968680806,0.99999464117294,0.2794455026835346
0.10201149425287356,1148949,0.1624153900651813,0.99999464117294,0.27944445650765937
0.10200000000000001,1148959,0.16241397647783776,0.99999464117294,0.27944236417940843
0.10195121951219513,1148963,0.16241341104979012,0.99999464117294,0.2794415272568811
0.10193236714975845,1148976,0.1624115734358246,0.99999464117294,0.27943880729328896
0.10193236714975844,1148986,0.16241015991491628,0.99999464117294,0.27943671504963336
0.10192307692307692,1148999,0.16240832237451905,0.99999464117294,0.2794339951797198
0.10191919191919192,1149007,0.16240719160109557,0.99999464117294,0.27943232143993596
0.10190058479532163,1149009,0.16240690891020002,0.99999464117294,0.2794319030081229
0.10185810810810811,1149011,0.1624066262202886,0.99999464117294,0.2794314845775629
0.10175953079178887,1149013,0.16240634353136127,0.99999464117294,0.27943106614825614
0.10166666666666667,1149024,0.16240478875985184,0.99999464117294,0.2794287648094685
0.10165598290598292,1149026,0.16240450607732115,0.99999464117294,0.27942834638830705
0.1016548463356974,1149030,0.16240394071521197,0.99999464117294,0.27942750954974327
0.10162337662337663,1149066,0.16239885263335613,0.99999464117294,0.27941997822822034
0.10159661127403063,1149070,0.1623982873106077,0.99999464117294,0.27941914143977814
0.10158730158730159,1149072,0.16239800465070944,0.99999464117294,0.2794187230474365
0.10157894736842105,1149082,0.16239659136597737,0.99999464117294,0.27941663110452275
0.10153846153846155,1149090,0.1623954607559025,0.99999464117294,0.27941495757274476
0.10151515151515153,1149092,0.16239517810584356,0.99999464117294,0.2794145391929325
0.1015151515151515,1149125,0.16239051452191886,0.99999464117294,0.2794076361069166
0.10150501672240803,1149127,0.16239023188907753,0.99999464117294,0.2794072177490295
0.10145833333333333,1149131,0.16238966662634635,0.99999464117294,0.279406381037014
0.10144230769230769,1149133,0.16238938399645647,0.99999464117294,0.2794059626828854
0.10142857142857144,1149141,0.16238825348673488,0.99999464117294,0.279404289278899
0.10142857142857142,1149147,0.16238740561477338,0.99999464117294,0.2794030342390633
0.10141625615763547,1149148,0.16238726430364062,0.99999464117294,0.2794028250668535
0.10138888888888889,1149158,0.1623858512058394,0.99999464117294,0.279400733361981
0.10138888888888888,1149172,0.1623838729102345,0.99999464117294,0.27939780502777406
0.10136363636363636,1149178,0.16238302508401659,0.99999464117294,0.2793965500461901
0.10133689839572192,1149179,0.16238288378050764,0.99999464117294,0.2793963408836888
0.1012987012987013,1149183,0.16238231856893115,0.99999464117294,0.2793955042368155
0.10128205128205128,1149187,0.16238175336128932,0.99999464117294,0.2793946675949528
0.1012539184952978,1149232,0.162375395046431,0.99999464117294,0.27938525571924777
0.10124999999999999,1149236,0.1623748298869858,0.99999464117294,0.2793844191387617
0.10124740124740125,1149239,0.16237440601998365,0.99999464117294,0.2793837917066849
0.10120967741935483,1149245,0.1623735582926182,0.99999464117294,0.27938253685098585
0.10111111111111112,1149246,0.16237341700558452,0.99999464117294,0.27938232770946525
0.10107142857142856,1149250,0.16237285185990863,0.99999464117294,0.27938149114651406
0.10106707317073171,1149254,0.16237228671816675,0.99999464117294,0.27938065458857275
0.10104166666666667,1149259,0.1623715802965215,0.99999464117294,0.2793796088981912
0.10103448275862068,1149276,0.16236917850890473,0.99999464117294,0.2793760536094451
0.10101010101010102,1149282,0.16236833083612204,0.99999464117294,0.2793747988232564
0.10101010101010101,1149290,0.16236720061951293,0.99999464117294,0.2793731257925381
0.10098039215686275,1149338,0.16236041965026823,0.99999464117294,0.27936308802900717
0.10096153846153846,1149346,0.16235928954379272,0.99999464117294,0.2793614151385452
0.10092307692307692,1149368,0.16235618183210251,0.99999464117294,0.2793568147930801
0.1009090909090909,1149428,0.1623477068594118,0.99999464117294,0.2793442691663997
0.10088888888888889,1149448,0.1623448820651304,0.99999464117294,0.2793400875412408
0.10088888888888888,1149468,0.16234205736914817,0.99999464117294,0.2793359060412731
0.10085227272727273,1149472,0.16234149244174717,0.99999464117294,0.279335069756302
0.10084670231729055,1149473,0.16234135121051124,0.99999464117294,0.2793348606858416
0.10082101806239738,1149475,0.16234106874877663,0.99999464117294,0.2793344425458598
0.10076923076923076,1149583,0.16232581727461176,0.99999464117294,0.27931186484566956
0.10075757575757577,1149586,0.16232539366345797,0.99999464117294,0.27931123773943
0.10075757575757575,1149588,0.16232511125725044,0.99999464117294,0.2793108196701682
0.10074272133095663,1149596,0.16232398164224648,0.99999464117294,0.27930914740563567
0.10071428571428573,1149600,0.16232341684064022,0.99999464117294,0.2793083112808784
0.10071428571428571,1149608,0.16232228724921888,0.99999464117294,0.27930663904638175
0.10070512820512821,1149609,0.1623221460513966,0.99999464117294,0.27930643001847755
0.10068965517241381,1149613,0.16232158126256402,0.99999464117294,0.27930559390998944
0.10064935064935066,1149616,0.16232115767351882,0.99999464117294,0.2793049668319085
0.10060728744939271,1149618,0.16232087528205022,0.99999464117294,0.2793045487814187
0.10058651026392962,1149645,0.1623170630933897,0.99999464117294,0.2792989052222895
0.10055304172951232,1149646,0.16231692190465588,0.99999464117294,0.2792986962059608
0.10047619047619047,1149682,0.1623118392738166,0.99999464117294,0.2792911718264748
0.10046153846153846,1149688,0.16231099219962286,0.99999464117294,0.27928991780264256
0.10046082949308754,1149698,0.16230958042894741,0.99999464117294,0.2792878277879467
0.10045454545454546,1149700,0.16230929807775943,0.99999464117294,0.2792874097887613
0.10044642857142856,1149708,0.16230816868283077,0.99999464117294,0.27928573780453125
0.10042735042735043,1149710,0.16230788633655444,0.99999464117294,0.2792853198116017
0.10042735042735042,1149718,0.16230675696127225,0.99999464117294,0.2792836478523953
0.10034482758620691,1149728,0.1623053452642712,0.99999464117294,0.27928155793153814
0.1002840909090909,1149755,0.16230153380502801,0.99999464117294,0.27927591530145623
0.10025252525252526,1149757,0.16230125148183486,0.99999464117294,0.2792754973379279
0.10023809523809524,1149765,0.16230012219888412,0.99999464117294,0.2792738254963248
0.10020242914979757,1149767,0.1622998398806019,0.99999464117294,0.27927340753905155
0.10000000000000002,1149771,0.16229927524698395,0.99999464117294,0.27927257162825814
0.1,1152481,0.161917636820043,0.99999464117294,0.2787073898747581
0.09999999999999999,1152604,0.16190035779851536,0.99999464117294,0.2786817919791639
0.09996114996114996,1152608,0.16189979594103113,0.99999464117294,0.27868095960621736
0.09989495798319327,1152616,0.16189867223776175,0.99999464117294,0.27867929487524123
0.09982517482517483,1152618,0.1618983913143817,0.99999464117294,0.27867887869560476
0.09974025974025974,1152622,0.1618978294705463,0.99999464117294,0.27867804634006105
0.09973262032085561,1152642,0.16189502030986203,0.99999464117294,0.2786738846369236
0.09967741935483872,1152650,0.16189389667288423,0.99999464117294,0.27867221999047237
0.09960317460317461,1152672,0.1618908067516171,0.99999464117294,0.27866764231527386
0.0996031746031746,1152682,0.1618894022809413,0.99999464117294,0.2786655616035362
0.09957264957264958,1152688,0.16188855961023277,0.99999464117294,0.278664313191408
0.09955357142857142,1152700,0.16188687429513315,0.99999464117294,0.27866181640070836
0.09954954954954955,1152721,0.1618839250781412,0.99999464117294,0.27865744712464224
0.09948051948051947,1152731,0.16188252072686515,0.99999464117294,0.27865536656514894
0.09940711462450592,1152745,0.16188055467601248,0.99999464117294,0.27865245383405274
0.09935483870967743,1152749,0.16187999295596872,0.99999464117294,0.2786516216363524
0.09935064935064936,1152753,0.16187943123982326,0.99999464117294,0.2786507894436227
0.09931372549019607,1152757,0.16187886952757607,0.99999464117294,0.2786499572558638
0.09926829268292682,1152759,0.1618785886729143,0.99999464117294,0.2786495411638483
0.09924242424242424,1152762,0.1618781673927489,0.99999464117294,0.2786489170281551
0.0992337164750958,1152773,0.16187662271756886,0.99999464117294,0.2786466285545338
0.09923371647509577,1152786,0.1618747972303619,0.99999464117294,0.2786439240432613
0.09919786096256686,1152788,0.16187451638983058,0.99999464117294,0.2786435079692638
0.09917582417582418,1152794,0.1618736738740833,0.99999464117294,0.27864225975472634
0.09915458937198067,1152798,0.16187311220179076,0.99999464117294,0.27864142761791416
0.09914949914949917,1152802,0.16187255053339603,0.99999464117294,0.27864059548607223
0.09914529914529915,1152810,0.16187142720829972,0.99999464117294,0.2786389312372986
0.09912280701754386,1152814,0.1618708655515981,0.99999464117294,0.2786380991203669
0.09912280701754385,1152853,0.16186538960301097,0.99999464117294,0.27862998624073415
0.0990990990990991,1152857,0.1618648279882067,0.99999464117294,0.2786291541772275
0.0990909090909091,1152859,0.161864547182266,0.99999464117294,0.2786287381473377
0.09904761904761905,1152863,0.1618639855733075,0.99999464117294,0.27862790609128535
0.09903846153846155,1152865,0.16186370477028966,0.99999464117294,0.2786274900651226
0.09903225806451613,1152880,0.1618615987787107,0.99999464117294,0.2786243699085023
0.09901719901719902,1152882,0.16186131798397407,0.99999464117294,0.27862395389289957
0.09898989898989899,1152884,0.16186103719021167,0.99999464117294,0.278623537878539
0.09895104895104895,1152885,0.1618608967936958,0.99999464117294,0.27862332987182464
0.09888888888888889,1152890,0.16186019481476985,0.99999464117294,0.2786222898429113
0.09888888888888887,1152900,0.16185879087518432,0.99999464117294,0.2786202098083774
0.09887429643527204,1152903,0.16185836969805786,0.99999464117294,0.27861958580407326
0.09886363636363638,1153157,0.16182271798202674,0.99999464117294,0.27856676357420895
0.09886363636363636,1153178,0.16181977110211954,0.99999464117294,0.27856239727837134
0.09882478632478632,1153182,0.16181920980382974,0.99999464117294,0.27856156561849243
0.09881422924901187,1153198,0.16181696464960918,0.99999464117294,0.2785582390286355
0.0988095238095238,1153237,0.16181149234719316,0.99999464117294,0.2785501307987118
0.09880636604774537,1153239,0.16181121172627702,0.99999464117294,0.27854971500477294
0.09880382775119617,1153243,0.16181065048736476,0.99999464117294,0.2785488834206191
0.09876373626373626,1153247,0.16181008925234577,0.99999464117294,0.2785480518414306
0.09875000000000002,1153257,0.1618086861818311,0.99999464117294,0.27854597291518174
0.09871995820271683,1153259,0.16180840557064805,0.99999464117294,0.2785455571336558
0.09871794871794871,1153269,0.16180700252933183,0.99999464117294,0.27854347824464487
0.09870129870129869,1153285,0.16180475771383482,0.99999464117294,0.2785401520867711
0.09864864864864865,1153287,0.1618044771162772,0.99999464117294,0.27853973632262224
0.09857142857142856,1153333,0.16179802364104728,0.99999464117294,0.27853017408975467
0.0985663082437276,1153348,0.16179591935825094,0.99999464117294,0.2785270561122903
0.09856630824372759,1153356,0.16179479709647324,0.99999464117294,0.27852539321951936
0.0985,1153360,0.16179423597142262,0.99999464117294,0.2785245617805798
0.09849802371541502,1153368,0.16179311373299762,0.99999464117294,0.2785228989175925
0.09846153846153846,1153370,0.16179283317582388,0.99999464117294,0.2785224832049481
0.0984126984126984,1153374,0.16179227206439542,0.99999464117294,0.2785216517833822
0.09840909090909092,1153378,0.1617917109568589,0.99999464117294,0.27852082036678
0.09837092731829573,1153380,0.1617914304045501,0.99999464117294,0.2785204046603402
0.09836363636363638,1153384,0.16179086930285144,0.99999464117294,0.2785195732511836
0.09836363636363636,1153401,0.16178848466405005,0.99999464117294,0.278516039817643
0.09835858585858587,1153405,0.16178792358278316,0.99999464117294,0.278515208434545
0.09833333333333334,1153411,0.1617870819681796,0.99999464117294,0.2785139613692044
0.09833333333333333,1153468,0.16177908706613447,0.99999464117294,0.2785021148054289
0.09832478632478632,1153474,0.16177824554346262,0.99999464117294,0.2785008678573401
0.09826388888888889,1153487,0.16177642227437328,0.99999464117294,0.2784981661747861
0.09826388888888887,1153491,0.16177586127676766,0.99999464117294,0.27849733489839185
0.09824561403508772,1153495,0.16177530028305281,0.99999464117294,0.27849650362696005
0.09822616407982263,1153499,0.1617747392932287,0.99999464117294,0.27849567236049066
0.09821428571428571,1153503,0.16177417830729526,0.99999464117294,0.2784948410989836
0.0981818181818182,1153507,0.16177361732525247,0.99999464117294,0.2784940098424389
0.09816849816849817,1153509,0.16177333683569006,0.99999464117294,0.27849359421602743
0.09812499999999999,1153517,0.1617722148871668,0.99999464117294,0.278491931722787
0.09797979797979799,1153529,0.16177053199356062,0.99999464117294,0.2784894380201427
0.09797979797979797,1153537,0.16176941008394183,0.99999464117294,0.27848777557652343
0.09796747967479674,1153541,0.1617688491349679,0.99999464117294,0.27848694436215676
0.09795454545454546,1153545,0.16176828818988423,0.99999464117294,0.278486113152752
0.09791666666666667,1153549,0.1617677272486908,0.99999464117294,0.27848528194830907
0.09790697674418604,1153551,0.16176744677955288,0.99999464117294,0.2784848663479483
0.0979020979020979,1153561,0.16176604444845136,0.99999464117294,0.278482788364751
0.09789915966386555,1153569,0.16176492260107544,0.99999464117294,0.27848112600052083
0.09786324786324786,1153573,0.16176436168322247,0.99999464117294,0.27848029482584813
0.09785330948121646,1153577,0.16176380076925945,0.99999464117294,0.278479463656137
0.09783653846153846,1153579,0.16176352031373664,0.99999464117294,0.278479048073142
0.09779411764705882,1153589,0.16176211805070956,0.99999464117294,0.2784769701767725
0.09771241830065358,1153597,0.16176099625779194,0.99999464117294,0.2784753078820031
0.09770114942528735,1153601,0.16176043536716767,0.99999464117294,0.27847447674206033
0.09764705882352942,1153608,0.1617594538179347,0.99999464117294,0.27847302225909853
0.09761904761904763,1153612,0.16175889293800688,0.99999464117294,0.27847219113279914
0.09761904761904762,1153616,0.16175833206196863,0.99999464117294,0.2784713600114608
0.0976190476190476,1153699,0.16174669476180528,0.99999464117294,0.27845411536312203
0.09761273209549072,1153705,0.16174585357608748,0.99999464117294,0.27845286884481457
0.09751552795031056,1153725,0.1617430496868838,0.99999464117294,0.2784487138643904
0.09747474747474748,1153729,0.16174248892070842,0.99999464117294,0.27844788288318534
0.09746031746031744,1153731,0.16174220853907886,0.99999464117294,0.27844746739444276
0.09745614035087719,1153735,0.161741647778736,0.99999464117294,0.27844663642067735
0.09745454545454546,1153739,0.16174108702228146,0.99999464117294,0.2784458054518718
0.09743589743589744,1153747,0.16173996552103712,0.99999464117294,0.2784441435291397
0.0974308300395257,1153751,0.1617394047762472,0.99999464117294,0.2784433125752131
0.09738514173998045,1153753,0.16173912440531032,0.99999464117294,0.2784428971001096
0.09738372093023256,1153757,0.1617385636663526,0.99999464117294,0.2784420661536224
0.09728682170542635,1153761,0.161738002931283,0.99999464117294,0.2784412352120946
0.09727272727272726,1153794,0.16173337701530777,0.99999464117294,0.27843438013372107
0.09725274725274725,1153798,0.16173281631620093,0.99999464117294,0.2784335492380666
0.09722222222222222,1153800,0.16173253596810538,0.99999464117294,0.2784331337920991
0.09719169719169721,1153804,0.16173197527483005,0.99999464117294,0.2784323029038833
0.09714285714285716,1153816,0.16173029321832944,0.99999464117294,0.2784298102689895
0.09714285714285714,1153820,0.16172973254060424,0.99999464117294,0.2784289794006093
0.09711538461538462,1153824,0.1617291718667665,0.99999464117294,0.278428148537188
0.09707792207792208,1153833,0.16172791036484482,0.99999464117294,0.2784262791126204
0.09703907203907204,1153837,0.16172734970364097,0.99999464117294,0.27842544826531485
0.09703296703296704,1153839,0.1617270693744968,0.99999464117294,0.27842503284352155
0.096993006993007,1153850,0.16172552758157474,0.99999464117294,0.27842274804581724
0.09696969696969698,1153851,0.1617253874200395,0.99999464117294,0.27842254033879443
0.09696969696969697,1153927,0.16171473585417448,0.99999464117294,0.2784067555117919
0.09693486590038314,1153932,0.16171403514245206,0.99999464117294,0.27840571709907946
0.09692307692307693,1153942,0.16171263373722422,0.99999464117294,0.278403640296893
0.096875,1153944,0.16171235345909332,0.99999464117294,0.2784032249401739
0.09682539682539683,1153952,0.16171123235628518,0.99999464117294,0.2784015635256908
0.09682539682539681,1153956,0.16171067181071028,0.99999464117294,0.2784007328258852
0.09678571428571428,1153960,0.16171011126902146,0.99999464117294,0.278399902131037
0.09678362573099415,1153962,0.1617098309996343,0.99999464117294,0.2783994867854719
0.09678362573099414,1153966,0.1617092704637745,0.99999464117294,0.27839865609805947
0.09675324675324676,1153968,0.16170899019730184,0.99999464117294,0.2783982407562123
0.09672727272727275,1153978,0.1617075888795107,0.99999464117294,0.27839616406556533
0.09670846394984327,1153982,0.1617070283591945,0.99999464117294,0.2783953333979815
0.09670846394984325,1153990,0.1617059073302195,0.99999464117294,0.27839367207768473
0.09666961391099321,1153991,0.16170576720269048,0.99999464117294,0.2783934644140418
0.09666666666666666,1154018,0.1617019838512051,0.99999464117294,0.27838785761278684
0.09658119658119657,1154020,0.16170170360998942,0.99999464117294,0.2783874423031594
0.09656565656565658,1154025,0.16170100301119994,0.99999464117294,0.2783864040345121
0.09650793650793651,1154027,0.161700722773384,0.99999464117294,0.2783859887292216
0.09647058823529411,1154044,0.16169834079116568,0.99999464117294,0.27838245868428196
0.096455938697318,1154049,0.16169764022151573,0.99999464117294,0.2783814204528079
0.09642857142857142,1154082,0.16169301661407076,0.99999464117294,0.2783745683192983
0.09641025641025641,1154086,0.16169245619477232,0.99999464117294,0.27837373778058233
0.0963768115942029,1154096,0.16169105516352192,0.99999464117294,0.27837166145547415
0.09637681159420289,1154220,0.16167368439292337,0.99999464117294,0.2783459175971863
0.09636363636363637,1154224,0.16167312410762555,0.99999464117294,0.2783450872294217
0.09636363636363636,1154234,0.16167172341137065,0.99999464117294,0.2783430113316856
0.09632505175983437,1154235,0.16167158334308004,0.99999464117294,0.27834280374361503
0.09632478632478632,1154239,0.16167102307234463,0.99999464117294,0.278341973394429
0.09626068376068377,1154240,0.16167088300526752,0.99999464117294,0.2783417658079066
0.09620596205962059,1154244,0.1616703227393861,0.99999464117294,0.2783409354649133
0.09616883116883118,1154246,0.1616700426079016,0.99999464117294,0.2783405202952745
0.09615384615384616,1154258,0.1616683618393808,0.99999464117294,0.2783380293034502
0.0961111111111111,1154260,0.16166808171469166,0.99999464117294,0.2783376141424808
0.09608695652173913,1154304,0.1616619192171213,0.99999464117294,0.2783284809144821
0.0960591133004926,1154317,0.16166009856911057,0.99999464117294,0.2783257825754609
0.09604105571847507,1154319,0.1616598184730564,0.99999464117294,0.2783253674510246
0.09602150537634409,1154323,0.16165925828385988,0.99999464117294,0.27832453720586664
0.09600220567962503,1154327,0.16165869809854574,0.99999464117294,0.278323706965662
0.096,1154329,0.16165841800734454,0.99999464117294,0.27832329184741716
0.09595238095238096,1154335,0.16165757773956435,0.99999464117294,0.2783220465001123
0.09594946116685248,1154336,0.16165743769578356,0.99999464117294,0.27832183894331153
0.0959349593495935,1154340,0.16165687752308677,0.99999464117294,0.2783210087192046
0.09585253456221197,1154342,0.16165659743819422,0.99999464117294,0.27832059360900857
0.09583333333333334,1154344,0.16165631735427222,0.99999464117294,0.27832017850005075
0.09583333333333333,1154547,0.16162789388392157,0.99999464117294,0.2782780513810857
0.09580419580419582,1154553,0.16162705393342705,0.99999464117294,0.2782768064386006
0.09579937304075237,1154557,0.16162649397128076,0.99999464117294,0.27827597648313224
0.09578947368421054,1154568,0.1616249540953846,0.99999464117294,0.27827369413112074
0.09575289575289575,1154573,0.1616242541614952,0.99999464117294,0.2782726567107646
0.09571428571428571,1154592,0.16162159446800256,0.99999464117294,0.2782687145839547
0.0956989247311828,1154596,0.16162103454368454,0.99999464117294,0.2782678846767531
0.09568965517241379,1154600,0.16162047462324614,0.99999464117294,0.27826705477450175
0.09567307692307693,1154618,0.16161795502928242,0.99999464117294,0.27826332027562845
0.0956043956043956,1154638,0.16161515557256906,0.99999464117294,0.27825917094999725
0.09555555555555556,1154910,0.16157709258730119,0.99999464117294,0.27820275240436587
0.09553191489361701,1154912,0.16157681277880911,0.99999464117294,0.2782023376468483
0.09545454545454546,1155016,0.16156226407253232,0.99999464117294,0.278180771959953
0.09542857142857142,1155048,0.16155778807460816,0.99999464117294,0.2781741370366175
0.09541569541569542,1155052,0.1615572285923058,0.99999464117294,0.2781733076934544
0.09533333333333334,1155057,0.1615565292448771,0.99999464117294,0.27817227102145464
0.09533333333333333,1155199,0.1615366703052894,0.99999464117294,0.27814283276208873
0.0953030303030303,1155204,0.161535971135834,0.99999464117294,0.27814179631721875
0.09526570048309178,1155205,0.1615358313026692,0.99999464117294,0.2781415890291717
0.09523809523809523,1155223,0.16153331434710008,0.99999464117294,0.2781378578971569
0.09518716577540107,1155229,0.16153247537934037,0.99999464117294,0.27813661420873026
0.09513196480938417,1155237,0.16153135676921707,0.99999464117294,0.2781349559747959
0.0951127819548872,1155249,0.16152967888308062,0.99999464117294,0.27813246866096764
0.095,1155263,0.16152772139331045,0.99999464117294,0.27812956685106094
0.09499999999999999,1155320,0.16151975210331337,0.99999464117294,0.27811775296439156
0.09494949494949495,1155328,0.1615186336693995,0.99999464117294,0.27811609495534806
0.09493506493506493,1155332,0.16151807445825095,0.99999464117294,0.27811526595823954
0.09493464052287581,1155334,0.16151779485412876,0.99999464117294,0.2781148514615386
0.09493243243243243,1155336,0.1615175152509746,0.99999464117294,0.27811443696607313
0.09490598290598291,1155338,0.1615172356487885,0.99999464117294,0.27811402247184314
0.09487179487179488,1155340,0.1615169560475704,0.99999464117294,0.27811360797884865
0.09487179487179487,1155480,0.1614973863675702,0.99999464117294,0.2780845965391241
0.09482954545454546,1155490,0.16149598871474438,0.99999464117294,0.2780825245250347
0.09482517482517484,1155492,0.16149570918708223,0.99999464117294,0.2780821101259221
0.09476190476190476,1155494,0.16149542966038768,0.99999464117294,0.27808169572804453
0.09472222222222222,1155495,0.16149528989740328,0.99999464117294,0.2780814885295689
0.09471014492753622,1155499,0.16149473084788477,0.99999464117294,0.27808065973875407
0.0946969696969697,1155500,0.16149459108610992,0.99999464117294,0.2780804525418223
0.09468599033816424,1155508,0.16149347300061964,0.99999464117294,0.27807879497748333
0.09465811965811965,1155512,0.16149291396368018,0.99999464117294,0.27807796620272407
0.09464285714285714,1155538,0.16148928031791251,0.99999464117294,0.2780725792872012
0.09463414634146343,1155542,0.16148872130999997,0.99999464117294,0.27807175054949146
0.0946078431372549,1155544,0.161488441807495,0.99999464117294,0.278071336182489
0.09457013574660633,1155550,0.16148760330578513,0.99999464117294,0.27807009308889113
0.09454545454545456,1155558,0.1614864853170503,0.99999464117294,0.2780684356480495
0.0945054945054945,1155584,0.16148285196056714,0.99999464117294,0.2780630491017679
0.09447174447174447,1155588,0.16148229299715816,0.99999464117294,0.27806222042086254
0.09444444444444444,1156143,0.1614047743228995,0.99999464117294,0.2779472888122965
0.09432432432432432,1156153,0.16140337827259887,0.99999464117294,0.2779452188438598
0.0942857142857143,1156165,0.16140170304411566,0.99999464117294,0.27794273492243293
0.09427807486631017,1156173,0.16140058624444611,0.99999464117294,0.27794107899947945
0.09426523297491038,1156174,0.1614004466455741,0.99999464117294,0.27794087201049755
0.09425837320574162,1156178,0.1613998882525009,0.99999464117294,0.27794004405765327
0.09425101214574899,1156182,0.16139932986329142,0.99999464117294,0.2779392161097417
0.09422222222222222,1156185,0.16139891107391982,0.99999464117294,0.277938595152045
0.09416666666666666,1156193,0.1613977943128872,0.99999464117294,0.2779369392784188
0.09415584415584416,1156197,0.16139723593816624,0.99999464117294,0.2779361113490045
0.09411764705882353,1156201,0.1613966775673088,0.99999464117294,0.2779352834245227
0.09407894736842104,1156207,0.16139584001826662,0.99999464117294,0.27793404154704854
0.09406593406593407,1156216,0.1613945837110021,0.99999464117294,0.2779321787516458
0.09404761904761906,1156218,0.16139430453426604,0.99999464117294,0.2779317648005028
0.09404761904761905,1156379,0.16137183397484733,0.99999464117294,0.2778984457779561
0.09401709401709403,1156380,0.1613716944257078,0.99999464117294,0.2778982388524692
0.09400584795321637,1156384,0.1613711362315632,0.99999464117294,0.2778974111536033
0.094,1156425,0.16136541496422163,0.99999464117294,0.2778889275244912
0.09393939393939393,1156427,0.16136513588838725,0.99999464117294,0.27788851370217454
0.09392857142857142,1156429,0.16136485681351817,0.99999464117294,0.2778880998810904
0.09381818181818181,1156431,0.16136457773961438,0.99999464117294,0.27788768606123876
0.0937878787878788,1156439,0.16136346145365213,0.99999464117294,0.2778860307941569
0.09376068376068376,1156443,0.16136290331646264,0.99999464117294,0.27788520316801074
0.09375,1156728,0.16132314597727382,0.99999464117294,0.2778262474913201
0.09368421052631579,1156734,0.16132230919122287,0.99999464117294,0.2778250065880468
0.09367816091954023,1156877,0.1613023683589526,0.99999464117294,0.2777954350067176
0.09366666666666666,1156891,0.16130041637457634,0.99999464117294,0.2777925402251881
0.09365079365079365,1156928,0.16129525778613707,0.99999464117294,0.27778489002155504
0.09363636363636366,1156944,0.1612930271473814,0.99999464117294,0.27778158195589003
0.09358974358974359,1156949,0.16129233008542296,0.99999464117294,0.27778054820152775
0.09356265356265357,1156951,0.16129205126232657,0.99999464117294,0.2777801347019372
0.0935344827586207,1156967,0.16128982071225886,0.99999464117294,0.2777768267495302
0.09350649350649351,1156971,0.16128926308438155,0.99999464117294,0.2777759997737387
0.09345454545454546,1156972,0.16128912367801468,0.99999464117294,0.27777579303056016
0.09341692789968653,1156978,0.16128828724487415,0.99999464117294,0.27777455257795186
0.09339080459770115,1156982,0.16128772962760007,0.99999464117294,0.27777372561570124
0.09337979094076654,1156984,0.16128745082040893,0.99999464117294,0.2777733121364224
0.09334928229665072,1156988,0.16128689320891834,0.99999464117294,0.27777248518155756
0.09333333333333334,1156996,0.16128577799750388,0.99999464117294,0.27777083128659935
0.09333333333333332,1157066,0.16127602055543935,0.99999464117294,0.2777563605457871
0.09330153051083284,1157070,0.16127546302298046,0.99999464117294,0.2777555336918518
0.09326923076923077,1157127,0.1612675186042673,0.99999464117294,0.27774375155815695
0.0932051282051282,1157137,0.16126612492729903,0.99999464117294,0.27774168462022186
0.09318181818181817,1157139,0.16126584619479595,0.99999464117294,0.27774127123632647
0.09314685314685316,1157143,0.1612652887326804,0.99999464117294,0.27774044447222734
0.09314285714285714,1157147,0.1612647312744189,0.99999464117294,0.27773961771305034
0.09313929313929314,1157151,0.1612641738200114,0.99999464117294,0.27773879095879545
0.09311740890688258,1157153,0.16126389509425287,0.99999464117294,0.2777383775835137
0.0930930930930931,1157157,0.1612633376456263,0.99999464117294,0.2777375508366418
0.09307692307692307,1157207,0.16125636986295452,0.99999464117294,0.277727216916019
0.09305555555555556,1157211,0.1612558124663523,0.99999464117294,0.27772639023558976
0.09304347826086957,1157238,0.1612520501400749,0.99999464117294,0.27772081027141504
0.09303030303030303,1157240,0.16125177145622344,0.99999464117294,0.277720396949655
0.09301075268817204,1157335,0.16123853508275476,0.99999464117294,0.27770076558306417
0.09292929292929293,1157337,0.1612382564456161,0.99999464117294,0.27770035232096546
0.09285714285714286,1157346,0.16123700259040943,0.99999464117294,0.27769849265674273
0.09285714285714285,1157378,0.1612325445964931,0.99999464117294,0.2776918807189956
0.09283819628647215,1157382,0.16123198736458663,0.99999464117294,0.27769105424891555
0.09276923076923077,1157384,0.16123170875007775,0.99999464117294,0.27769064101572033
0.09272727272727274,1157388,0.16123115152394876,0.99999464117294,0.27768981455301955
0.09271255060728745,1157396,0.1612300370832455,0.99999464117294,0.2776881616423761
0.09270833333333334,1157400,0.16122947986867117,0.99999464117294,0.2776873351944334
0.09270833333333332,1157454,0.16122195784886484,0.99999464117294,0.27767617862866445
0.0926984126984127,1157456,0.16122167926901756,0.99999464117294,0.27767576543974093
0.09259740259740261,1157458,0.16122140069013302,0.99999464117294,0.2776753522520471
0.09258340226082162,1157460,0.16122112211221123,0.99999464117294,0.277674939065583
0.09257294429708224,1157464,0.16122056495925574,0.99999464117294,0.2776741126963437
0.09256704980842911,1157465,0.16122042567161857,0.99999464117294,0.2776739061048023
0.09251336898395722,1157467,0.16122014709706628,0.99999464117294,0.27767349292264193
0.09250000000000001,1157505,0.16121485436348007,0.99999464117294,0.2776656426952198
0.0925,1157530,0.1612113724914257,0.99999464117294,0.27766047831398266
0.09247223364870424,1157534,0.16121081540585416,0.99999464117294,0.2776596520308122
0.09243697478991597,1157540,0.16120997978471585,0.99999464117294,0.27765841261527746
0.09243128964059197,1157542,0.16120970124626147,0.99999464117294,0.27765799947922476
0.09242424242424244,1157544,0.1612094227087696,0.99999464117294,0.27765758634440146
0.09242424242424242,1157633,0.1611970287647294,0.99999464117294,0.277639203089327
0.09238095238095238,1157647,0.16119507932901825,0.99999464117294,0.2776363115629103
0.09230769230769231,1157671,0.16119173754892366,0.99999464117294,0.27763135480060314
0.0922222222222222,1157714,0.1611857505394251,0.99999464117294,0.2776224743774185
0.09215686274509804,1157716,0.1611854720846909,0.99999464117294,0.27762206134830586
0.09215686274509803,1157792,0.16117489151764738,0.99999464117294,0.2776063671526332
0.09211822660098522,1157827,0.16117001935522318,0.99999464117294,0.277599140159249
0.09208333333333334,1157831,0.16116946255541612,0.99999464117294,0.27759831424110726
0.09208211143695015,1157839,0.16116834896734347,0.99999464117294,0.2775966624195673
0.09201324990798675,1157842,0.16116793137578356,0.99999464117294,0.2775960429915579
0.09201149425287355,1157846,0.1611673745904032,0.99999464117294,0.2775952170918455
0.09200000000000001,1157864,0.16116486910379804,0.99999464117294,0.2775915006039546
0.09192307692307693,1157871,0.16116389476893367,0.99999464117294,0.2775900553299828
0.09191919191919193,1158022,0.16114287984166104,0.99999464117294,0.27755888236912757
0.0919047619047619,1158067,0.16113661817494151,0.99999464117294,0.27754959376801086
0.09188311688311687,1158069,0.16113633988993747,0.99999464117294,0.2775491809557239
0.09188034188034189,1158073,0.16113578332281298,0.99999464117294,0.2775483553348341
0.09175824175824177,1158077,0.16113522675953326,0.99999464117294,0.2775475297188561
0.09166666666666667,1158313,0.16110239632983486,0.99999464117294,0.2774988270686531
0.09166666666666666,1158351,0.16109711132463303,0.99999464117294,0.2774909867140931
0.09161363636363637,1158353,0.16109683317606982,0.99999464117294,0.27749057407612565
0.09155555555555556,1158361,0.16109572059142185,0.99999464117294,0.27748892353652765
0.09153846153846155,1158373,0.16109405174326405,0.99999464117294,0.2774864477639461
0.09153225806451612,1158385,0.16109238292968228,0.99999464117294,0.2774839720355422
0.09151515151515152,1158387,0.1610921047974468,0.99999464117294,0.2774835594184365
0.09148351648351649,1158391,0.16109154853585705,0.99999464117294,0.2774827341879064
0.09147727272727274,1158395,0.16109099227810894,0.99999464117294,0.27748190896228486
0.09144144144144145,1158401,0.16109015789868966,0.99999464117294,0.27748067113305563
0.09144144144144144,1158424,0.16108695952431926,0.99999464117294,0.2774759262233166
0.09142857142857143,1158462,0.16108167553186897,0.99999464117294,0.27746808716274984
0.09142857142857141,1158542,0.16107055247026003,0.99999464117294,0.2774515853250567
0.09131944444444445,1158546,0.1610699963575033,0.99999464117294,0.27745076028469606
0.0912280701754386,1158550,0.1610694402485866,0.99999464117294,0.27744993524924216
0.09122807017543859,1158559,0.16106818901756406,0.99999464117294,0.27744807893741075
0.09120879120879122,1158576,0.16106582563422683,0.99999464117294,0.27744457263838995
0.09119318181818181,1158580,0.16106526955410935,0.99999464117294,0.27744374763973517
0.09111111111111113,1158608,0.16106137710079682,0.99999464117294,0.2774379727865265
0.09107378129117259,1158614,0.16106054302813533,0.99999464117294,0.2774367353492583
0.09107142857142857,1158774,0.16103830427676147,0.99999464117294,0.2774037410936076
0.09104166666666666,1158779,0.1610376094147374,0.99999464117294,0.2774027101495704
0.09102564102564102,1158785,0.16103677558822388,0.99999464117294,0.2774014730268405
0.09101409101409103,1158789,0.16103621970867862,0.99999464117294,0.277400648284484
0.09099378881987577,1158793,0.16103566383297102,0.99999464117294,0.2773998235470317
0.09099099099099099,1158797,0.16103510796110104,0.99999464117294,0.2773989988144833
0.09093023255813953,1158805,0.1610339962288737,0.99999464117294,0.2773973493640986
0.09090909090909091,1160031,0.16086380450177626,0.99999464117294,0.2771448027273828
0.09084967320261438,1160035,0.16086324981573832,0.99999464117294,0.277143979510531
0.09083333333333332,1160043,0.1608621404551383,0.99999464117294,0.2771423330914988
0.09078787878787879,1160047,0.16086158578057613,0.99999464117294,0.27714150988931835
0.09078341013824884,1160082,0.16085673254132035,0.99999464117294,0.27713430707883774
0.09075757575757576,1160086,0.16085617790405193,0.99999464117294,0.2771334839243362
0.09071428571428573,1160108,0.16085312746744268,0.99999464117294,0.27712895666198367
0.09069444444444445,1160110,0.16085285016076062,0.99999464117294,0.2771285451000135
0.09069055944055945,1160114,0.1608522955502649,0.99999464117294,0.27712772197974045
0.09068965517241379,1160191,0.16084162004359626,0.99999464117294,0.27711187786744723
0.09066666666666667,1160195,0.16084106551053917,0.99999464117294,0.27711105484618015
0.09065040650406503,1160201,0.16084023371812298,0.99999464117294,0.27710982032344594
0.090625,1160215,0.16083829290260857,0.99999464117294,0.2771069398131752
0.09055944055944057,1160233,0.16083579763719874,0.99999464117294,0.2771032363879627
0.09054054054054055,1160237,0.16083524314428863,0.99999464117294,0.2771024134180251
0.09053030303030303,1160239,0.1608349658992673,0.99999464117294,0.2771020019348894
0.09050387596899225,1160241,0.1608346886552018,0.99999464117294,0.2771015904529758
0.09050355774493704,1160243,0.16083441141209212,0.99999464117294,0.2771011789722842
0.09047619047619047,1160301,0.16082637177766804,0.99999464117294,0.277089246563799
0.09044665012406948,1160306,0.16082567874336598,0.99999464117294,0.2770882179560091
0.09037433155080216,1160310,0.16082512432022478,0.99999464117294,0.2770873950752755
0.09035087719298246,1160314,0.16082456990090613,0.99999464117294,0.27708657219942945
0.0903448275862069,1160326,0.16082290666588528,0.99999464117294,0.2770841036012158
0.09023297491039425,1160328,0.1608226294633931,0.99999464117294,0.2770836921724566
0.09017857142857143,1160353,0.16081916451286807,0.99999464117294,0.2770785494160558
0.09017094017094017,1160365,0.16081750138964895,0.99999464117294,0.27707608096079134
0.09015151515151515,1160369,0.16081694702288668,0.99999464117294,0.2770752581521436
0.09000000000000001,1160549,0.16079200447374475,0.99999464117294,0.27703823682020723
0.09,1160604,0.16078438468245845,0.99999464117294,0.27702692671977386
0.08996655518394649,1160614,0.16078299934345097,0.99999464117294,0.27702487043709206
0.08989898989898991,1160616,0.16078272227851417,0.99999464117294,0.2770244591842188
0.0898989898989899,1160645,0.1607787049442336,0.99999464117294,0.27701849615476826
0.08977272727272727,1160659,0.1607767656133283,0.99999464117294,0.27701561754277365
0.08974358974358974,1160663,0.16077621152737703,0.99999464117294,0.2770147950931921
0.08967741935483872,1160682,0.16077357967126224,0.99999464117294,0.27701088852437117
0.08966346153846154,1160686,0.1607730256072702,0.99999464117294,0.2770100661028699
0.08961038961038961,1160734,0.16076637713722525,0.99999464117294,0.2770001974257464
0.08956876456876457,1160736,0.16076610012957296,0.99999464117294,0.2769997862461257
0.08947368421052632,1160738,0.16076582312287527,0.99999464117294,0.2769993750677257
0.08944543828264759,1160742,0.16076526911234365,0.99999464117294,0.2769985527145879
0.08942307692307692,1160756,0.1607633301055519,0.99999464117294,0.27699567451705703
0.0893939393939394,1160760,0.16076277611220235,0.99999464117294,0.2769948521858913
0.08937500000000001,1160772,0.1607611141550623,0.99999464117294,0.27699238522168945
0.0893548387096774,1160798,0.16075751336580524,0.99999464117294,0.27698704028332954
0.08934065934065935,1160799,0.16075737487713204,0.99999464117294,0.2769868347128967
0.08928571428571427,1160819,0.16075460515377504,0.99999464117294,0.27698272336831603
0.08926725448464579,1160821,0.16075432818668856,0.99999464117294,0.27698231224057074
0.08916666666666667,1160836,0.16075225096396045,0.99999464117294,0.2769792288213833
0.08914141414141415,1160837,0.16075211248435395,0.99999464117294,0.276979023262545
0.0891304347826087,1160847,0.16075072770141113,0.99999464117294,0.27697696769094327
0.08911088911088913,1160849,0.16075045074768554,0.99999464117294,0.2769765565802842
0.08909090909090911,1160857,0.16074934294232623,0.99999464117294,0.27697491214985176
0.08907563025210083,1160896,0.16074394260984617,0.99999464117294,0.27696689583110695
0.08897058823529412,1160909,0.16074214257965094,0.99999464117294,0.276964223827974
0.08892307692307692,1160926,0.1607397887548388,0.99999464117294,0.2769607297478208
0.08891625615763546,1160930,0.16073923492372494,0.99999464117294,0.27695990762412637
0.08888888888888889,1161339,0.16068262583104503,0.99999464117294,0.2768758712323259
0.08888888888888888,1161567,0.16065108598987402,0.99999464117294,0.2768290466742077
0.08882352941176472,1161572,0.16065039446543133,0.99999464117294,0.27682801999732976
0.08875,1161629,0.16064251150754674,0.99999464117294,0.2768163164191459
0.08874458874458875,1161631,0.16064223492658167,0.99999464117294,0.2768159057852502
0.08874458874458874,1161632,0.1606420966364563,0.99999464117294,0.27681570046875925
0.08870967741935484,1161636,0.16064154347833573,0.99999464117294,0.2768148792058411
0.0886178861788618,1161640,0.16064099032402465,0.99999464117294,0.27681405794779596
0.08858695652173913,1161656,0.16063877774487456,0.99999464117294,0.2768107729643453
0.08857142857142858,1161664,0.16063767147815547,0.99999464117294,0.2768091305018572
0.08857142857142856,1161679,0.16063559726912513,0.99999464117294,0.2768060509372263
0.08854166666666666,1161681,0.16063532071196826,0.99999464117294,0.27680564033378596
0.08851674641148326,1161688,0.1606343527694183,0.99999464117294,0.2768042032313379
0.08846153846153848,1161690,0.16063407621654657,0.99999464117294,0.27680379263337923
0.08846153846153847,1161845,0.1606126462652075,0.99999464117294,0.27677197499653305
0.08837513061650992,1161852,0.1606116785958969,0.99999464117294,0.276770538243626
0.08833333333333335,1161854,0.16061140212109268,0.99999464117294,0.27677012774553533
0.08833333333333333,1161858,0.1606108491743397,0.99999464117294,0.2767693067530067
0.08831168831168831,1161864,0.160610019761349,0.99999464117294,0.27676807527334646
0.08828571428571427,1161868,0.16060946682411428,0.99999464117294,0.2767672542929944
0.08826923076923077,1161869,0.16060932859040047,0.99999464117294,0.27676704904866745
0.08823529411764708,1161870,0.1606091903569246,0.99999464117294,0.27676684380464495
0.08822377622377622,1161874,0.16060863742540069,0.99999464117294,0.2767660228315988
0.08821428571428572,1161878,0.16060808449768393,0.99999464117294,0.2767652018634231
0.08818181818181817,1161919,0.1606024172080842,0.99999464117294,0.27675678722042646
0.08817733990147783,1161927,0.16060131144211298,0.99999464117294,0.2767551453985251
0.08809523809523809,1161964,0.16059619747255507,0.99999464117294,0.2767475522256135
0.08804347826086957,1161965,0.16059605926168172,0.99999464117294,0.2767473470105067
0.08803418803418804,1162006,0.16059039282069112,0.99999464117294,0.27673893345316003
0.08800904977375566,1162008,0.16059011641916407,0.99999464117294,0.2767385230488145
0.08800000000000001,1162012,0.16058956361896434,0.99999464117294,0.2767377022437751
0.08796747967479675,1162016,0.16058901082257043,0.99999464117294,0.27673688144360475
0.0879120879120879,1162018,0.16058873442580063,0.99999464117294,0.2767364710453454
0.0878686530860444,1162020,0.16058845802998228,0.99999464117294,0.2767360606483033
0.08782051282051281,1162024,0.16058790524119984,0.99999464117294,0.27673523985787074
0.08772727272727274,1162034,0.16058652328589354,0.99999464117294,0.27673318790309065
0.08769841269841269,1162042,0.16058541773877363,0.99999464117294,0.276731546361176
0.08766233766233766,1162046,0.16058486497092198,0.99999464117294,0.2767307255975217
0.08764705882352941,1162077,0.1605805811490977,0.99999464117294,0.2767243648442742
0.08764478764478764,1162089,0.16057892295684753,0.99999464117294,0.27672190269571295
0.08763736263736265,1162139,0.16057201419107353,0.99999464117294,0.27671164421496397
0.08761904761904762,1162141,0.16057173785280787,0.99999464117294,0.27671123389155433
0.0875,1162203,0.1605631718383105,0.99999464117294,0.2766985144694104
0.08735632183908046,1162217,0.16056123770345812,0.99999464117294,0.2766956425036606
0.0873015873015873,1162221,0.1605606851020589,0.99999464117294,0.2766948219529681
0.08726790450928382,1162230,0.16055944176281803,0.99999464117294,0.27669297573170387
0.08721804511278194,1162246,0.16055723142949083,0.99999464117294,0.27668969362140006
0.08714285714285713,1162289,0.16055129146021344,0.99999464117294,0.2766808733357699
0.08713450292397659,1162295,0.1605504626622329,0.99999464117294,0.27667964264294764
0.08712121212121213,1162297,0.16055018639814092,0.99999464117294,0.2766792324144398
0.08701298701298701,1162309,0.16054852883355458,0.99999464117294,0.276676771068939
0.08701149425287356,1162310,0.16054839070471733,0.99999464117294,0.2766765659587907
0.08696969696969697,1162312,0.16054811444775585,0.99999464117294,0.27667615573940635
0.08692307692307692,1162337,0.16054466131595227,0.99999464117294,0.27667102809973715
0.0869047619047619,1162338,0.1605445231937698,0.99999464117294,0.2766708229981037
0.08685383244206774,1162342,0.16054397070741658,0.99999464117294,0.2766700025946106
0.08683385579937304,1162346,0.16054341822486592,0.99999464117294,0.276669182195983
0.08682517482517484,1162350,0.16054286574611779,0.99999464117294,0.2766683618022207
0.08682432432432433,1162354,0.16054231327117213,0.99999464117294,0.2766675414133237
0.08681318681318681,1162360,0.1605414845658832,0.99999464117294,0.2766663108391007
0.08667953667953668,1162363,0.160541070216447,0.99999464117294,0.2766656955560942
0.08666666666666667,1162371,0.1605399652950736,0.99999464117294,0.27666405481478956
0.08666666666666666,1162435,0.16053112647158765,0.99999464117294,0.2766509295848983
0.08660049627791563,1162443,0.16053002168708488,0.99999464117294,0.276649289018725
0.08653846153846154,1162447,0.16052946930053585,0.99999464117294,0.2766484687429349
0.0865,1162493,0.16052311712844722,0.99999464117294,0.27663903592095773
0.08642857142857142,1162524,0.16051883660036265,0.99999464117294,0.27663267938200264
0.08637681159420289,1162530,0.16051800813742442,0.99999464117294,0.27663144911788123
0.08636363636363638,1162544,0.1605160750904912,0.99999464117294,0.27662857854415224
0.08636363636363636,1162831,0.16047645788596968,0.99999464117294,0.2765697449088102
0.08632478632478632,1162901,0.16046679811953038,0.99999464117294,0.2765553990377241
0.08629807692307692,1162907,0.16046597019366124,0.99999464117294,0.2765541694608804
0.08621621621621621,1162939,0.1604615547333093,0.99999464117294,0.27654761190236427
0.08618421052631578,1162945,0.16046072686154547,0.99999464117294,0.27654638239476326
0.08617511520737327,1162963,0.16045824329750819,0.99999464117294,0.276542693937555
0.08611111111111112,1162967,0.1604576914048292,0.99999464117294,0.27654187429375915
0.08611111111111111,1163037,0.16044803389745985,0.99999464117294,0.27652753131378993
0.08606271777003484,1163040,0.1604476200302655,0.99999464117294,0.27652691664789636
0.08602756892230576,1163041,0.16044748207500853,0.99999464117294,0.27652671175987237
0.08602150537634408,1163053,0.1604458266304287,0.99999464117294,0.27652425312726675
0.08601398601398602,1163063,0.16044444711937358,0.99999464117294,0.27652220430015906
0.086,1163073,0.1604430676320403,0.99999464117294,0.2765201555034116
0.08593628593628595,1163077,0.16044251584374894,0.99999464117294,0.2765193359932132
0.08586278586278587,1163078,0.16044237789726915,0.99999464117294,0.2765191311164226
0.08583333333333333,1163080,0.16044210200502115,0.99999464117294,0.2765187213637522
0.08582375478927204,1163082,0.16044182611372199,0.99999464117294,0.2765183116122961
0.08578947368421051,1163180,0.16042830860227997,0.99999464117294,0.2764982352784289
0.0857707509881423,1163199,0.16042568812387217,0.99999464117294,0.27649434326537053
0.08574660633484163,1163204,0.16042499853851946,0.99999464117294,0.27649331906961855
0.08571428571428572,1163272,0.16041562076625243,0.99999464117294,0.2764793907606602
0.0857142857142857,1163276,0.16041506916673257,0.99999464117294,0.27647857149206895
0.08557692307692308,1163312,0.1604101049417525,0.99999464117294,0.2764711982932322
0.08555555555555555,1163321,0.16040886393351447,0.99999464117294,0.2764693550549695
0.08553946053946056,1163325,0.1604083123804612,0.99999464117294,0.27646853584585307
0.08549450549450549,1163334,0.16040707139995908,0.99999464117294,0.2764666926430913
0.08547937569676699,1163338,0.16040651985923265,0.99999464117294,0.2764658734497528
0.08545454545454546,1163531,0.1603799125248919,0.99999464117294,0.27642635313845465
0.08541666666666667,1163539,0.16037880982072797,0.99999464117294,0.27642471523471146
0.08538461538461538,1163552,0.16037701795880202,0.99999464117294,0.2764220536825265
0.08535353535353535,1163556,0.16037646662472627,0.99999464117294,0.27642123475370395
0.08529411764705883,1163562,0.16037563963072016,0.99999464117294,0.27642000636956826
0.08526785714285715,1163574,0.16037398566829442,0.99999464117294,0.2764175496340493
0.08526069518716578,1163576,0.16037371001120684,0.99999464117294,0.2764171401823752
0.08525641025641026,1163589,0.16037191826323555,0.99999464117294,0.27641447877606007
0.08522727272727273,1163600,0.16037040220006876,0.99999464117294,0.2764122268568991
0.08522267206477732,1163604,0.16036985091147848,0.99999464117294,0.2764114079863014
0.08517000241138173,1163606,0.16036957526860465,0.99999464117294,0.276410998552822
0.08506493506493507,1163669,0.16036089300307904,0.99999464117294,0.27639810201906717
0.085,1163671,0.16036061739099797,0.99999464117294,0.27639769262500563
0.08499999999999999,1163769,0.16034711355947787,0.99999464117294,0.2763776338015235
0.08487179487179487,1163771,0.16034683799476013,0.99999464117294,0.27637722446809376
0.08484848484848484,1163776,0.16034614908710954,0.99999464117294,0.2763762011398239
0.08481781376518219,1163783,0.16034518462634356,0.99999464117294,0.27637476849297715
0.08472727272727273,1163797,0.16034325573961783,0.99999464117294,0.2763719032438417
0.08472222222222223,1163844,0.16033678053072406,0.99999464117294,0.27636228462766543
0.0846341463414634,1163849,0.16033609170949153,0.99999464117294,0.2763612614100264
0.08461538461538462,1163875,0.16033250993448608,0.99999464117294,0.27635594080043957
0.08458781362007167,1163891,0.1603303058447913,0.99999464117294,0.27635266668098235
0.08458498023715415,1163895,0.1603297548318362,0.99999464117294,0.27635184816323993
0.08452380952380951,1163899,0.16032920382266846,0.99999464117294,0.2763510296503461
0.08447204968944098,1163980,0.16031804670183336,0.99999464117294,0.27633445580739646
0.08445121951219511,1163982,0.16031777123701227,0.99999464117294,0.2763340466018555
0.08444444444444445,1163997,0.16031570528102734,0.99999464117294,0.2763309775989279
0.08441558441558442,1164008,0.16031419028047916,0.99999464117294,0.27632872704010614
0.08428571428571428,1164013,0.16031350165333205,0.99999464117294,0.2763277040709422
0.08428571428571427,1164097,0.16030193360175313,0.99999464117294,0.27631051932139145
0.08426573426573428,1164113,0.1602997303526376,0.99999464117294,0.2763072462780989
0.08423076923076923,1164114,0.1602995926515788,0.99999464117294,0.2763070417154677
0.08420017482517483,1164118,0.1602990418497094,0.99999464117294,0.27630622346797207
0.08412698412698412,1164128,0.16029766486159597,0.99999464117294,0.27630417787043504
0.08409090909090909,1164130,0.16029738946681213,0.99999464117294,0.2763037687545623
0.08404761904761905,1164140,0.16029601250708678,0.99999464117294,0.2763017231933714
0.08395348837209302,1164144,0.16029546172982037,0.99999464117294,0.2763009049773756
0.08392857142857142,1164254,0.16028031683807828,0.99999464117294,0.27627840593635766
0.08391812865497075,1164256,0.1602800415028997,0.99999464117294,0.2762779968968008
0.08383838383838385,1164282,0.16027646223165865,0.99999464117294,0.27627267949277884
0.08376068376068377,1164292,0.16027508563143952,0.99999464117294,0.27627063439188687
0.08368055555555555,1164300,0.16027398436828996,0.99999464117294,0.2762689983329731
0.08367816091954022,1164308,0.16027288312027402,0.99999464117294,0.2762673622934364
0.08363636363636363,1164460,0.1602519622829466,0.99999464117294,0.2762362812234469
0.08361638361638361,1164464,0.1602514118083513,0.99999464117294,0.276235463394993
0.08361344537815125,1164468,0.16025086133753783,0.99999464117294,0.2762346455713816
0.08357487922705314,1164478,0.1602494851770493,0.99999464117294,0.27623260103353897
0.08344155844155846,1164516,0.16024425598274306,0.99999464117294,0.2762248320657467
0.08342857142857142,1164622,0.1602296710864126,0.99999464117294,0.27620316304404136
0.08333333333333334,1164711,0.16021742732746577,0.99999464117294,0.2761849718682265
0.08333333333333333,1168244,0.15973289826440368,0.99999464117294,0.27546477401221686
0.08322981366459627,1168260,0.15973071062948316,0.99999464117294,0.27546152097473703
0.08318965517241379,1168291,0.15972647225734,0.99999464117294,0.2754552184332559
0.08318903318903319,1168295,0.15972592538699557,0.99999464117294,0.2754544052231045
0.08307210031347964,1168317,0.15972291766703728,0.99999464117294,0.27544993265309886
0.08304347826086955,1168478,0.15970091007276133,0.99999464117294,0.27541720599283
0.08301075268817204,1168483,0.1597002267041968,0.99999464117294,0.2754161897614256
0.08296703296703296,1168568,0.15968861033333104,0.99999464117294,0.27539891497488145
0.08290598290598292,1168585,0.159686287261945,0.99999464117294,0.2753954602776136
0.08288288288288288,1168586,0.15968615061279187,0.99999464117294,0.2753952570628264
0.08285714285714285,1168590,0.15968560401851806,0.99999464117294,0.2753944442066768
0.08282828282828282,1168604,0.15968369096802681,0.99999464117294,0.2753915992479406
0.08277526395173454,1168605,0.15968355432331713,0.99999464117294,0.27539139603885143
0.08272727272727273,1168625,0.15968082147823295,0.99999464117294,0.27538733192004616
0.08270833333333333,1168629,0.15968027492044096,0.99999464117294,0.2753865191106795
0.08257575757575757,1168637,0.15967918181608146,0.99999464117294,0.2753848935063401
0.08253968253968254,1168737,0.1596655192742251,0.99999464117294,0.27536457507129186
0.08251748251748253,1168741,0.15966497282118108,0.99999464117294,0.27536376239625365
0.0825,1168774,0.15966046472628584,0.99999464117294,0.2753570580102141
0.08249999999999999,1168964,0.15963451397990014,0.99999464117294,0.2753184633497889
0.08245614035087719,1168978,0.15963260215333394,0.99999464117294,0.27531561996066645
0.08243243243243244,1168991,0.15963082692681124,0.99999464117294,0.2753129797233548
0.08242424242424243,1168995,0.1596302807112092,0.99999464117294,0.27531216735283115
0.08242274966412896,1168999,0.15962973449934517,0.99999464117294,0.2753113549871017
0.08240469208211144,1169015,0.15962754968926832,0.99999464117294,0.2753081055721244
0.08236111111111112,1169019,0.15962700349609374,0.99999464117294,0.275307293230365
0.08232517482517485,1169021,0.1596267304009081,0.99999464117294,0.275306887061283
0.08222811671087533,1169023,0.15962645730665692,0.99999464117294,0.2753064808933995
0.08222222222222222,1169036,0.15962468221680085,0.99999464117294,0.27530384083136866
0.0822072072072072,1169040,0.15962413604324915,0.99999464117294,0.27530302851477667
0.08215686274509804,1169042,0.1596238629578749,0.99999464117294,0.2753026223582783
0.08214285714285714,1169201,0.1596021556601474,0.99999464117294,0.27527033675097307
0.08210227272727273,1169203,0.1596018826499761,0.99999464117294,0.2752699306909296
0.0820999367488931,1169205,0.1596016096407388,0.99999464117294,0.27526952463208426
0.08205128205128205,1169206,0.15960147313647038,0.99999464117294,0.27526932160311074
0.08202614379084967,1169217,0.15959997160492878,0.99999464117294,0.2752670883041691
0.08199999999999999,1169388,0.15957663324747645,0.99999464117294,0.27523237531674133
0.08194444444444444,1169396,0.15957554156162668,0.99999464117294,0.2752307515317064
0.0819047619047619,1169401,0.15957485926555562,0.99999464117294,0.27522973667578904
0.08185483870967741,1169452,0.1595679001788872,0.99999464117294,0.27521938557290976
0.08181818181818183,1169467,0.1595658535042032,0.99999464117294,0.27521634127905903
0.08181818181818182,1169508,0.15956025952793823,0.99999464117294,0.275208020552814
0.08177339901477831,1169599,0.15954784503064726,0.99999464117294,0.27518955439693205
0.08173076923076923,1169603,0.15954729938278203,0.99999464117294,0.27518874275463034
0.08166666666666667,1169735,0.15952929509675268,0.99999464117294,0.2751619612443165
0.08164251207729468,1169764,0.15952534015408237,0.99999464117294,0.27515607812605986
0.08157894736842106,1169776,0.15952370368344024,0.99999464117294,0.2751536438058839
0.08155080213903744,1169780,0.1595231582006873,0.99999464117294,0.27515283237539695
0.08154761904761905,1169784,0.15952261272166485,0.99999464117294,0.27515202094969593
0.08153846153846155,1169796,0.15952097630698003,0.99999464117294,0.27514958670130735
0.08153846153846153,1169998,0.15949343503151286,0.99999464117294,0.2751086166506709
0.08152680652680652,1169999,0.15949329871222112,0.99999464117294,0.2751084138589879
0.08146718146718146,1170001,0.15949302607433669,0.99999464117294,0.2751080082765189
0.08144144144144144,1170005,0.1594924808013641,0.99999464117294,0.27510719711516846
0.08142857142857142,1170086,0.15948143982579058,0.99999464117294,0.27509077212694977
0.08133333333333334,1170088,0.15948116722844777,0.99999464117294,0.27509036659649616
0.08129870129870131,1170105,0.1594788501886583,0.99999464117294,0.2750869196359142
0.08126984126984127,1170121,0.1594766695068288,0.99999464117294,0.27508367551662866
0.08125,1170160,0.159471354344705,0.99999464117294,0.2750757682964221
0.08114285714285714,1170172,0.15946971898148307,0.99999464117294,0.27507333539704304
0.0811111111111111,1170376,0.15944192293758586,0.99999464117294,0.2750319826910266
0.08110599078341013,1170438,0.15943347704021912,0.99999464117294,0.2750194171752468
0.08103448275862069,1170458,0.15943075274806956,0.99999464117294,0.2750153640279839
0.08102564102564103,1170462,0.1594302079008118,0.99999464117294,0.2750145534128674
0.08095238095238094,1170474,0.15942857338138225,0.99999464117294,0.2750121215961895
0.08093306288032456,1170478,0.15942802854902013,0.99999464117294,0.27501131100018716
0.08089330024813896,1170483,0.15942734751380414,0.99999464117294,0.275010297761904
0.08083538083538085,1170487,0.15942680268982057,0.99999464117294,0.2750094871766531
0.08082706766917293,1170491,0.15942625786956072,0.99999464117294,0.2750086765961805
0.08080357142857142,1170562,0.15941658792955862,0.99999464117294,0.27499428958789246
0.08079710144927535,1170566,0.15941604317911165,0.99999464117294,0.274993479097006
0.08076923076923077,1170607,0.15941045970167614,0.99999464117294,0.27498517184086524
0.08074866310160428,1170609,0.15941018734692797,0.99999464117294,0.2749847666216972
0.08074534161490683,1170611,0.15940991499311044,0.99999464117294,0.27498436140372334
0.08071428571428571,1170767,0.15938867426225714,0.99999464117294,0.2749527580808546
0.08068181818181819,1170811,0.15938268431027725,0.99999464117294,0.2749438456364615
0.08058292282430213,1170813,0.1593824120504299,0.99999464117294,0.2749434405390811
0.08055555555555555,1170852,0.15937710316931603,0.99999464117294,0.27493554137875154
0.08051948051948052,1170904,0.15937002521128973,0.99999464117294,0.2749250098709993
0.08044444444444444,1170908,0.15936948077901936,0.99999464117294,0.27492419978843713
0.0803448275862069,1171072,0.1593471622581703,0.99999464117294,0.27489099051322846
0.08034188034188035,1171073,0.15934702618880292,0.99999464117294,0.2748907880422573
0.0803030303030303,1171101,0.15934321634086215,0.99999464117294,0.27488511897615764
0.08028846153846154,1171105,0.1593426720917424,0.99999464117294,0.27488430912865974
0.08025210084033613,1171135,0.15933859034184786,0.99999464117294,0.27487823542452433
0.08022727272727273,1171139,0.15933804612432853,0.99999464117294,0.2748774256175856
0.08021978021978021,1171163,0.15933478089727904,0.99999464117294,0.27487256687615214
0.08015873015873015,1171171,0.15933369251800122,0.99999464117294,0.2748709473338445
0.0801470588235294,1171201,0.1593296112281325,0.99999464117294,0.2748648742201591
0.08006912442396313,1171203,0.15932933914957526,0.99999464117294,0.2748644693554552
0.08000000000000002,1171806,0.15924734981729058,0.99999464117294,0.2747424570123689
0.08,1171843,0.1592423217103315,0.99999464117294,0.27473497387833645
0.07999999999999999,1172056,0.15921338229572649,0.99999464117294,0.2746919032225774
0.07976190476190476,1172081,0.1592099863405345,0.99999464117294,0.2746868488668121
0.07972027972027973,1172083,0.15920971467037745,0.99999464117294,0.27468644452638613
0.07971014492753623,1172103,0.1592069980197986,0.99999464117294,0.2746824011875962
0.0796774193548387,1172209,0.15919260131938928,0.99999464117294,0.2746609734791366
0.07964285714285714,1172233,0.15918934205059915,0.99999464117294,0.27465612238665155
0.07955555555555555,1172255,0.15918635450477925,0.99999464117294,0.2746516757024071
0.07953667953667953,1172265,0.159184996566476,0.99999464117294,0.27464965452989354
0.07948717948717948,1172267,0.1591847249815955,0.99999464117294,0.27464925029896053
0.07941176470588235,1172271,0.15918418181461455,0.99999464117294,0.2746484418406642
0.07939244663382594,1172275,0.15918363865134033,0.99999464117294,0.27464763338712744
0.07937499999999999,1172405,0.15916598786255604,0.99999464117294,0.2746213612378984
0.07937438905180841,1172406,0.15916585210242867,0.99999464117294,0.2746211591639232
0.07936507936507936,1172414,0.15916476602974716,0.99999464117294,0.27461954258282795
0.07932900432900433,1172415,0.15916463027170413,0.99999464117294,0.27461934051152925
0.07932330827067668,1172429,0.15916272968341794,0.99999464117294,0.2746165115445716
0.07923976608187133,1172434,0.1591620509128872,0.99999464117294,0.2746155012133547
0.07922077922077922,1172436,0.15916177940629594,0.99999464117294,0.27461509708294946
0.07916666666666666,1172485,0.15915512778415075,0.99999464117294,0.2746051962595643
0.07909090909090909,1172577,0.15914264052595267,0.99999464117294,0.27458660888694325
0.07903225806451614,1172599,0.15913965473277736,0.99999464117294,0.2745821644532437
0.07894736842105263,1172603,0.15913911187332797,0.99999464117294,0.2745813563898467
0.0788235294117647,1172682,0.15912839115804625,0.99999464117294,0.2745653981122498
0.0788095238095238,1172683,0.15912825546204729,0.99999464117294,0.27456519612062463
0.0787878787878788,1172723,0.15912282781185327,0.99999464117294,0.2745571166993175
0.07872474747474749,1172727,0.15912228506719808,0.99999464117294,0.2745563087833389
0.07871621621621622,1172735,0.15912119958899495,0.99999464117294,0.2745546929656459
0.07870967741935483,1172746,0.15911970708064663,0.99999464117294,0.2745524712473719
0.07868131868131868,1172758,0.15911807892165306,0.99999464117294,0.27455004759571744
0.07866666666666666,1172782,0.15911482270362268,0.99999464117294,0.27454520042077696
0.07863247863247863,1172815,0.1591103456214322,0.99999464117294,0.27453853583468874
0.07857142857142857,1173029,0.15908131853517687,0.99999464117294,0.27449532485509
0.07846153846153847,1173067,0.15907616530002122,0.99999464117294,0.27448765329950175
0.07840531561461794,1173073,0.1590753516618318,0.99999464117294,0.2744864420404492
0.07833333333333334,1173075,0.15907508045095156,0.99999464117294,0.2744860382898072
0.07833333333333332,1173120,0.1590689784506274,0.99999464117294,0.27447695421437235
0.0783279220779221,1173124,0.15906843607325397,0.99999464117294,0.2744761467700988
0.07828947368421052,1173176,0.1590613855039653,0.99999464117294,0.2744656504268325
0.0782520325203252,1173180,0.1590608431783699,0.99999464117294,0.27446484304906354
0.0782395566922421,1173181,0.1590607075975489,0.99999464117294,0.2744646412053635
0.0782051282051282,1173197,0.1590585383358464,0.99999464117294,0.2744614117465372
0.078125,1173203,0.1590577248779623,0.99999464117294,0.27446020071907057
0.0781081081081081,1173243,0.15905230203802623,0.99999464117294,0.27445212747573083
0.07803030303030303,1173334,0.1590399664545645,0.99999464117294,0.2744337626163469
0.07792207792207792,1173336,0.15903969536432871,0.99999464117294,0.2744333590206655
0.07789473684210525,1173357,0.15903684897264855,0.99999464117294,0.2744291213376815
0.07788697788697789,1173358,0.15903671343272896,0.99999464117294,0.27442891954651805
0.07783251231527094,1173367,0.15903549358384889,0.99999464117294,0.27442710343940147
0.07777777777777778,1173443,0.15902519338391383,0.99999464117294,0.27441176838221504
0.07774294670846396,1173448,0.15902451578595728,0.99999464117294,0.2744107595569594
0.07769230769230769,1173455,0.15902356715851906,0.99999464117294,0.27440934721406285
0.07766666666666666,1173465,0.15902221199609703,0.99999464117294,0.2744073296065726
0.0775974025974026,1173469,0.15902166993759528,0.99999464117294,0.2744065225718838
0.07750000000000001,1173474,0.15902099236966477,0.99999464117294,0.27440551378519823
0.0775,1173530,0.15901340400330627,0.99999464117294,0.27439421588103563
0.07749999999999999,1173542,0.15901177801902275,0.99999464117294,0.2743917950226078
0.07738095238095238,1173567,0.15900839065856487,0.99999464117294,0.2743867517047439
0.07732793522267206,1173575,0.1590073067336983,0.99999464117294,0.27438513788218205
0.07731707317073169,1173583,0.1590062228236094,0.99999464117294,0.27438352407860367
0.07729105571847508,1173585,0.15900595184839617,0.99999464117294,0.2743831206306752
0.07727272727272727,1173641,0.15899836491738104,0.99999464117294,0.2743718245703544
0.07714285714285714,1173666,0.1589949781283602,0.99999464117294,0.27436678198657033
0.07703349282296651,1173670,0.15899443625550624,0.99999464117294,0.2743659751903655
0.07701149425287357,1173690,0.15899172694663838,0.99999464117294,0.2743619412805135
0.07698412698412697,1173730,0.15898630860589744,0.99999464117294,0.2743538738166544
0.0769767441860465,1173734,0.1589857667921352,0.99999464117294,0.27435306709636254
0.0769607843137255,1173735,0.15898563133927165,0.99999464117294,0.27435286541703086
0.07692307692307693,1174458,0.15888775928981708,0.99999464117294,0.2742071288240247
0.07678571428571429,1174528,0.1588782898321709,0.99999464117294,0.2741930270009757
0.07666666666666667,1174530,0.15887801929282352,0.99999464117294,0.27419262411305834
0.07666666666666666,1174558,0.15887423183870017,0.99999464117294,0.2741869838065306
0.07658730158730159,1174562,0.15887369078856628,0.99999464117294,0.2741861780673979
0.07657142857142857,1174566,0.15887314974211753,0.99999464117294,0.2741853723330008
0.07653846153846154,1174571,0.15887247343923866,0.99999464117294,0.27418436517166367
0.07649769585253456,1174587,0.15887030930871873,0.99999464117294,0.27418114230510693
0.07648902821316614,1174588,0.15887017405251885,0.99999464117294,0.2741809408784628
0.07647058823529412,1174604,0.15886800998464162,0.99999464117294,0.2741777180924058
0.07636363636363637,1174608,0.1588674689768842,0.99999464117294,0.27417691240772957
0.07634408602150537,1174612,0.15886692797281146,0.99999464117294,0.2741761067277883
0.07624521072796935,1174630,0.1588644935000809,0.99999464117294,0.2741724812266481
0.07622377622377623,1174638,0.15886341153614986,0.99999464117294,0.2741708699235847
0.07619047619047618,1174642,0.15886287055971096,0.99999464117294,0.2741700642791552
0.07613636363636364,1174715,0.15885299838684278,0.99999464117294,0.27415536209995717
0.07608695652173914,1174739,0.15884975300896625,0.99999464117294,0.274150528851204
0.07604166666666666,1174748,0.15884853602644994,0.99999464117294,0.2741487164268568
0.07602339181286549,1174752,0.15884799515131703,0.99999464117294,0.2741479109126168
0.07589285714285714,1174766,0.15884610211735783,0.99999464117294,0.2741450916500535
0.07582417582417583,1174768,0.15884583168761832,0.99999464117294,0.2741446889029922
0.07582417582417582,1174772,0.15884529083090165,0.99999464117294,0.27414388341241974
0.07576923076923077,1174776,0.15884474997786813,0.99999464117294,0.2741430779265806
0.07576923076923076,1174780,0.15884420912851768,0.99999464117294,0.27414227244547473
0.07575757575757576,1174795,0.15884218097625544,0.99999464117294,0.2741392519334834
0.07571428571428572,1174803,0.15884109931622578,0.99999464117294,0.2741376410209701
0.07555555555555556,1174849,0.15883488005692648,0.99999464117294,0.2741283786414114
0.07554347826086956,1174965,0.15881919886975357,0.99999464117294,0.27410502411549
0.07549407114624507,1174969,0.1588186581943864,0.99999464117294,0.274104218857986
0.07549019607843137,1174980,0.15881717135610818,0.99999464117294,0.2741020044242458
0.07545454545454545,1174986,0.15881636036514477,0.99999464117294,0.2741007965663773
0.07539682539682539,1174990,0.1588158197091039,0.99999464117294,0.2740999913337123
0.07532467532467532,1175006,0.15881365712175086,0.99999464117294,0.27409677045036257
0.07523809523809524,1175030,0.15881041335114848,0.99999464117294,0.2740919392672649
0.07517482517482518,1175046,0.15880825091102815,0.99999464117294,0.2740887185731471
0.07500000000000001,1175057,0.15880676426760573,0.99999464117294,0.2740865043898462
0.075,1175259,0.15877946903618692,0.99999464117294,0.27404585029228257
0.07491039426523297,1175293,0.15877487571184376,0.99999464117294,0.2740390087091499
0.07482517482517484,1175345,0.1587678511415797,0.99999464117294,0.27402854577213753
0.07482517482517483,1175349,0.1587673108157662,0.99999464117294,0.27402774096392174
0.07478991596638655,1175375,0.15876379878762098,0.99999464117294,0.2740225098257467
0.07477477477477477,1175384,0.15876258312177127,0.99999464117294,0.27402069909368043
0.07471264367816091,1175388,0.15876204283181383,0.99999464117294,0.27401989433155455
0.07461538461538463,1175394,0.15876123240377268,0.99999464117294,0.27401868719722877
0.0745819397993311,1175398,0.15876069212300856,0.99999464117294,0.2740178824469202
0.07457264957264957,1175402,0.15876015184592165,0.99999464117294,0.2740170777013385
0.0745,1175529,0.158742999960018,0.99999464117294,0.27399152948638794
0.07448680351906159,1175531,0.15874272988121962,0.99999464117294,0.2739911271903968
0.07444444444444445,1175539,0.15874164957521614,0.99999464117294,0.27398951801824617
0.07435897435897436,1175541,0.15874137950101272,0.99999464117294,0.27398911572816187
0.07432432432432433,1175549,0.1587402992133888,0.99999464117294,0.27398750657963805
0.07430555555555556,1175585,0.15873543810103055,0.99999464117294,0.2739802656451766
0.07428571428571429,1175591,0.15873462794458276,0.99999464117294,0.27397905885997564
0.07427536231884058,1175593,0.15873435789427123,0.99999464117294,0.2739786566006045
0.07403846153846154,1175732,0.15871559164843688,0.99999464117294,0.27395070246781267
0.07402597402597402,1175737,0.15871491668629975,0.99999464117294,0.2739496970297539
0.07400000000000001,1175790,0.15870776244057186,0.99999464117294,0.27393903984004675
0.07398373983739837,1175798,0.1587066826104484,0.99999464117294,0.27393743127966264
0.07386363636363637,1175808,0.15870533284345745,0.99999464117294,0.27393542060574744
0.07380952380952381,1175838,0.15870128368023487,0.99999464117294,0.27392938876109585
0.0738095238095238,1175842,0.1587007438074163,0.99999464117294,0.2739285845352123
0.07373737373737374,1175865,0.15869763960998926,0.99999464117294,0.27392396032802124
0.07371273712737128,1175866,0.15869750464763843,0.99999464117294,0.27392375927907614
0.0736842105263158,1175875,0.15869628999681087,0.99999464117294,0.27392194985185137
0.07364341085271317,1175879,0.15869575015796694,0.99999464117294,0.27392114566964676
0.07361111111111111,1175979,0.1586822553804107,0.99999464117294,0.2739010426490198
0.07357954545454545,1175980,0.15868212044422525,0.99999464117294,0.2739008416337147
0.07353846153846154,1175990,0.15868077109499232,0.99999464117294,0.2738988314968905
0.07347670250896057,1175994,0.15868023136172463,0.99999464117294,0.273898027450422
0.0733615221987315,1175998,0.15867969163212864,0.99999464117294,0.27389722340867434
0.07335907335907335,1176007,0.15867847725396192,0.99999464117294,0.2738954143320013
0.07333333333333333,1176093,0.15866687413325306,0.99999464117294,0.27387812880448464
0.07324561403508771,1176095,0.15866660431342705,0.99999464117294,0.273877726841432
0.07321428571428572,1176199,0.1586525749469265,0.99999464117294,0.2738568263884762
0.07320261437908496,1176220,0.15864974239513016,0.99999464117294,0.273852606491795
0.07310924369747898,1176224,0.15864920287292217,0.99999464117294,0.27385180271669585
0.07307692307692308,1176286,0.15864084074791335,0.99999464117294,0.27383934480597905
0.073015873015873,1176290,0.15864030128624743,0.99999464117294,0.27383854110872563
0.07293233082706767,1176302,0.1586386829232629,0.99999464117294,0.2738361300452708
0.07284482758620689,1176455,0.15861805168918489,0.99999464117294,0.2738053927074537
0.07272727272727274,1176972,0.1585483766818582,0.99999464117294,0.27370157966529285
0.07272727272727272,1176988,0.15854622137184066,0.99999464117294,0.27369836813836357
0.07269841269841269,1177010,0.1585432579162454,0.99999464117294,0.2736939524118925
0.07264957264957266,1177032,0.1585402945714305,0.99999464117294,0.27368953682790176
0.07261904761904761,1177036,0.1585397557933657,0.99999464117294,0.2736887340097562
0.07256944444444444,1177038,0.15853948640570653,0.99999464117294,0.2736883326024496
0.07250000000000001,1177042,0.15853894763313459,0.99999464117294,0.27368752979136873
0.0725,1177172,0.15852143951775952,0.99999464117294,0.2736614409948819
0.07245989304812835,1177174,0.158521170192342,0.99999464117294,0.27366103966763017
0.07243589743589743,1177179,0.158520496882802,0.99999464117294,0.2736600363546507
0.07236363636363637,1177193,0.15851861164651845,0.99999464117294,0.273657227117446
0.07225274725274726,1177211,0.15851618783718466,0.99999464117294,0.2736536153257873
0.07222222222222223,1177212,0.1585160531832839,0.99999464117294,0.27365341467349064
0.07222222222222222,1177286,0.15850608942941646,0.99999464117294,0.2736385672200332
0.0721774193548387,1177386,0.1584926268870192,0.99999464117294,0.2736185056532507
0.07214285714285715,1177426,0.15848724251035734,0.99999464117294,0.2736104818501592
0.07207792207792207,1177445,0.1584846850595994,0.99999464117294,0.2736066707085429
0.072,1177447,0.1584844158590578,0.99999464117294,0.2736062695419173
0.07188328912466843,1177469,0.15848145471345743,0.99999464117294,0.27360185678667703
0.071875,1177549,0.1584706878439878,0.99999464117294,0.2735858116037963
0.07179487179487179,1177561,0.1584690729397458,0.99999464117294,0.27358340498867806
0.07177177177177177,1177577,0.15846691978528793,0.99999464117294,0.27358019623438173
0.07171717171717172,1177591,0.15846503582313384,0.99999464117294,0.2735773886361154
0.07167832167832167,1177593,0.15846476668934004,0.99999464117294,0.2735769875553529
0.07166666666666666,1177613,0.1584620754016812,0.99999464117294,0.273572976812408
0.0715909090909091,1177671,0.158454271184397,0.99999464117294,0.2735613463228563
0.07154150197628459,1177683,0.15845265661472568,0.99999464117294,0.27355894013813764
0.07153846153846154,1177693,0.15845131116513386,0.99999464117294,0.2735569350165396
0.07142857142857142,1180158,0.1581203533764123,0.99999464117294,0.27306356757484457
0.07134502923976607,1180177,0.15811780775256593,0.99999464117294,0.27305977165391776
0.0713235294117647,1180221,0.1581119129383395,0.99999464117294,0.2730509815053675
0.07121588089330025,1180228,0.15811097516751,0.99999464117294,0.2730495831248226
0.07116883116883117,1180232,0.15811043930345897,0.99999464117294,0.2730487840566562
0.07107142857142856,1180259,0.15810682231611875,0.99999464117294,0.27304339046886056
0.0710344827586207,1180263,0.15810628648021668,0.99999464117294,0.2730425914369388
0.07097902097902098,1180269,0.15810548273317354,0.99999464117294,0.27304139289782475
0.07094017094017094,1180279,0.15810414317292776,0.99999464117294,0.273039395356017
0.07093023255813954,1180283,0.15810360735518517,0.99999464117294,0.27303859634747757
0.07091503267973856,1180293,0.1581022678267176,0.99999464117294,0.27303659884658804
0.07091346153846154,1180295,0.15810199992374788,0.99999464117294,0.27303619934991724
0.07083333333333333,1180339,0.15809610628810875,0.99999464117294,0.2730274107189233
0.07077922077922078,1180393,0.1580888737903393,0.99999464117294,0.27301662544504357
0.0706896551724138,1180439,0.1580827132956468,0.99999464117294,0.2730074386615823
0.07062937062937064,1180447,0.15808164195427665,0.99999464117294,0.27300584102322145
0.07060810810810811,1180476,0.15807775846353506,0.99999464117294,0.2730000497409084
0.07058823529411766,1180494,0.15807534811697477,0.99999464117294,0.27299645527546595
0.07055555555555555,1180549,0.1580679836245679,0.99999464117294,0.27298547277306123
0.07053140096618357,1180558,0.1580667785911408,0.99999464117294,0.2729836757204319
0.07045454545454545,1180565,0.1580658413556221,0.99999464117294,0.27298227802918873
0.07039473684210526,1180577,0.15806423469201925,0.99999464117294,0.2729798820203557
0.07036199095022624,1180581,0.15806369914474314,0.99999464117294,0.2729790833600914
0.07023809523809524,1180588,0.15806276194574229,0.99999464117294,0.27297768571587394
0.07019230769230769,1180598,0.15806142310930563,0.99999464117294,0.272975689106104
0.07018633540372671,1180646,0.15805499701011141,0.99999464117294,0.2729661057857574
0.07015873015873016,1180648,0.15805472926731762,0.99999464117294,0.2729657064953454
0.07,1180720,0.15804509113083542,0.99999464117294,0.2729513328184605
0.06999999999999999,1185862,0.15735979397265448,0.99999464117294,0.27192871246730344
0.06989966555183946,1185868,0.15735899779739398,0.99999464117294,0.2719275236871173
0.06984126984126984,1185932,0.15735050576255638,0.99999464117294,0.2719148440118321
0.06981707317073171,1185940,0.15734944432264703,0.99999464117294,0.27191325913556397
0.0698051948051948,1185944,0.15734891360806244,0.99999464117294,0.271912466704358
0.06979166666666667,1185946,0.15734864825211267,0.99999464117294,0.2719120704904871
0.06977886977886978,1185950,0.1573481175428981,0.99999464117294,0.27191127806620924
0.0696969696969697,1185954,0.1573475868372635,0.99999464117294,0.27191048564655
0.06964656964656965,1185958,0.15734705613520883,0.99999464117294,0.27190969323150943
0.06964285714285715,1186035,0.15733684081835697,0.99999464117294,0.27189444014212
0.06953781512605042,1186039,0.15733631018878805,0.99999464117294,0.2718936478205977
0.06947674418604652,1186043,0.15733577956279832,0.99999464117294,0.27189285550369324
0.06945454545454546,1186061,0.15733339179013558,0.99999464117294,0.27188929013476665
0.06944444444444445,1186078,0.15733113673805602,0.99999464117294,0.271885922927749
0.06935483870967742,1186115,0.1573262289069778,0.99999464117294,0.27187859458900304
0.06923076923076923,1186143,0.15732251507617548,0.99999464117294,0.27187304908173443
0.0691919191919192,1186205,0.15731429221761836,0.99999464117294,0.2718607705492299
0.06914285714285714,1186258,0.15730726368125653,0.99999464117294,0.2718502752635727
0.06904761904761905,1186278,0.15730461156659736,0.99999464117294,0.2718463149890085
0.06903225806451613,1186287,0.1573034181441759,0.99999464117294,0.27184453290309896
0.06893939393939394,1186301,0.1573015617452906,0.99999464117294,0.27184176081590256
0.06876876876876878,1186309,0.15730050096560003,0.99999464117294,0.27184017679145933
0.06875,1186344,0.15729586022266728,0.99999464117294,0.2718332469015668
0.06868131868131869,1186416,0.15728631441248264,0.99999464117294,0.2718189922390286
0.06859903381642511,1186516,0.15727305826470103,0.99999464117294,0.2717991965765656
0.06857142857142857,1186518,0.1572727931645369,0.99999464117294,0.27179880069272594
0.06853146853146853,1186543,0.15726947948789044,0.99999464117294,0.27179385224203306
0.06850649350649352,1186549,0.157268684226273,0.99999464117294,0.27179266464067836
0.06844444444444445,1186563,0.15726682864710934,0.99999464117294,0.2717898936112108
0.06833333333333333,1186564,0.15726669610741603,0.99999464117294,0.27178969568269673
0.06825396825396825,1186617,0.15725967182334316,0.99999464117294,0.27177920588395926
0.06818181818181818,1186660,0.15725397333692887,0.99999464117294,0.27177069588747427
0.06813725490196078,1186672,0.1572523831353567,0.99999464117294,0.27176832109984855
0.068125,1186680,0.15725132301884248,0.99999464117294,0.27176673793115497
0.06805555555555555,1186789,0.1572368803553117,0.99999464117294,0.27174516909531626
0.06794871794871796,1186792,0.15723648288832415,0.99999464117294,0.27174457550604336
0.0679144385026738,1186794,0.15723621791144882,0.99999464117294,0.2717441797813022
0.06785714285714285,1186864,0.15722694428342254,0.99999464117294,0.2717303301414226
0.06775362318840579,1186876,0.1572253546284532,0.99999464117294,0.27172795605918965
0.06767676767676767,1186880,0.15722482475060665,0.99999464117294,0.27172716470766406
0.06764705882352942,1186920,0.15721952616857077,0.99999464117294,0.2717192514459116
0.06761363636363638,1186930,0.15721820157886313,0.99999464117294,0.2717172732024888
0.06755555555555555,1187046,0.15720283796921097,0.99999464117294,0.2716943276836816
0.06752136752136753,1187050,0.1572023082431237,0.99999464117294,0.271693536528015
0.06748768472906404,1187108,0.15719462761602146,0.99999464117294,0.27168206528860406
0.06739811912225706,1187116,0.15719356827807898,0.99999464117294,0.27168048312470333
0.06738095238095237,1187127,0.15719211171172082,0.99999464117294,0.2716783076794287
0.06728110599078341,1187131,0.15719158205791947,0.99999464117294,0.2716775166170576
0.06727272727272728,1187145,0.15718972829772268,0.99999464117294,0.2716747479350363
0.06714285714285714,1187249,0.1571759588763604,0.99999464117294,0.27165418234940025
0.06709401709401709,1187351,0.15716245659455375,0.99999464117294,0.27163401527993186
0.06703296703296703,1187353,0.15716219186711955,0.99999464117294,0.2716336198771289
0.06694444444444445,1187355,0.15716192714057717,0.99999464117294,0.27163322447547716
0.06688311688311688,1187359,0.15716139769016785,0.99999464117294,0.27163243367562684
0.06682027649769585,1187433,0.15715160350099752,0.99999464117294,0.2716178047088842
0.06671826625386997,1187434,0.15715147115544947,0.99999464117294,0.271617607030935
0.06666666666666667,1188439,0.15701857646879647,0.99999464117294,0.2714190860385136
0.06658653846153846,1188443,0.15701804798379054,0.99999464117294,0.2714182964850031
0.06651785714285714,1188495,0.15701117800243164,0.99999464117294,0.2714080327073681
0.06647058823529413,1188509,0.15700932849477792,0.99999464117294,0.27140526951524857
0.06636363636363637,1188529,0.1570066864165704,0.99999464117294,0.271401322195534
0.06626984126984127,1188659,0.1569895150753917,0.99999464117294,0.27137566741585456
0.06623376623376623,1188685,0.15698608125786057,0.99999464117294,0.2713705370419248
0.06621621621621622,1188696,0.1569846285341248,0.99999464117294,0.2713683665575029
0.06614420062695925,1188708,0.1569830437752585,0.99999464117294,0.27136599879591305
0.06608695652173914,1188715,0.15698211934736248,0.99999464117294,0.27136461762073344
0.06607142857142857,1188716,0.15698198728712326,0.99999464117294,0.2713644203111412
0.0660633484162896,1188720,0.15698145904838817,0.99999464117294,0.2713636310756416
0.06599099099099098,1188726,0.15698066669695118,0.99999464117294,0.2713624472309999
0.06596638655462185,1188747,0.15697789352991007,0.99999464117294,0.27135830385609533
0.06590038314176244,1188839,0.15696574557194035,0.99999464117294,0.27134015341921575
0.06587301587301587,1188847,0.15696468931662358,0.99999464117294,0.271338575235104
0.06578947368421052,1188928,0.1569539955321096,0.99999464117294,0.2713225971548545
0.06571428571428573,1188930,0.15695373150648062,0.99999464117294,0.27132220265815993
0.06566666666666666,1188952,0.1569508272831872,0.99999464117294,0.2713178632702318
0.06555555555555555,1189013,0.15694277522617497,0.99999464117294,0.27130583205694003
0.06547619047619048,1189038,0.15693947544149137,0.99999464117294,0.27130090154007647
0.06547619047619047,1189046,0.1569384195396982,0.99999464117294,0.2712993238125284
0.06545454545454546,1189058,0.15693683571364894,0.99999464117294,0.2712969572556129
0.0653958944281525,1189068,0.1569355158830277,0.99999464117294,0.27129498515638856
0.06538461538461539,1189079,0.15693406409498445,0.99999464117294,0.27129281588035653
0.06535087719298245,1189085,0.15693327222191852,0.99999464117294,0.27129163265350625
0.06525096525096524,1189100,0.15693129257421579,0.99999464117294,0.27128867463153516
0.06523297491039426,1189196,0.15691862401151702,0.99999464117294,0.2712697448183026
0.06519607843137254,1189197,0.15691849205808625,0.99999464117294,0.27126954764665046
0.06513409961685823,1189218,0.15691572108730276,0.99999464117294,0.2712654071081663
0.06512820512820514,1189222,0.15691519329443956,0.99999464117294,0.2712646184485002
0.06505494505494505,1189226,0.15691466550512687,0.99999464117294,0.27126382979341984
0.06503759398496241,1189248,0.15691176272737056,0.99999464117294,0.2712594922724471
0.065,1189379,0.15689448022875804,0.99999464117294,0.2712336671785417
0.06493506493506493,1189389,0.1568931611104525,0.99999464117294,0.2712316959993372
0.06493212669683258,1189391,0.1568928972894532,0.99999464117294,0.27123130176693444
0.06493055555555555,1189451,0.1568849830720223,0.99999464117294,0.27121947532772944
0.06491228070175438,1189455,0.1568844554859158,0.99999464117294,0.2712186869351185
0.06483516483516483,1189457,0.15688419169419324,0.99999464117294,0.27121829274053183
0.06480938416422287,1189468,0.15688274085557577,0.99999464117294,0.27121612469078743
0.06474358974358974,1189494,0.15687931170733102,0.99999464117294,0.271211000347358
0.06464646464646465,1189554,0.15687139886041324,0.99999464117294,0.27119917567844487
0.06464285714285714,1189559,0.15687073949253463,0.99999464117294,0.27119819033591125
0.06463414634146342,1189565,0.15686994825839698,0.99999464117294,0.2711970079343222
0.06457142857142857,1189569,0.15686942077340615,0.99999464117294,0.2711962196723241
0.06445993031358885,1189575,0.1568686295525713,0.99999464117294,0.2711950372879188
0.06444444444444444,1189591,0.15686651966936535,0.99999464117294,0.2711918843132425
0.06437908496732025,1189637,0.15686045407128393,0.99999464117294,0.2711828199194184
0.06432432432432433,1189638,0.1568603222156656,0.99999464117294,0.27118262287410827
0.06428571428571428,1189747,0.1568459512820793,0.99999464117294,0.2711611466518449
0.06420454545454546,1189753,0.15684516029797782,0.99999464117294,0.27115996457324787
0.06417582417582418,1189757,0.15684463297967569,0.99999464117294,0.27115917652657545
0.06416666666666666,1189759,0.15684436932185425,0.99999464117294,0.27115878250495684
0.06412698412698412,1189773,0.15684252374192387,0.99999464117294,0.2711560243856897
0.0641025641025641,1189775,0.1568422600911937,0.99999464117294,0.27115563037323187
0.064,1189790,0.15684028273897074,0.99999464117294,0.2711526753162966
0.06396103896103895,1189794,0.15683975545346504,0.99999464117294,0.2711518873119917
0.06388888888888888,1189835,0.1568343509814386,0.99999464117294,0.27114381053192904
0.06379928315412187,1189856,0.15683158298147,0.99999464117294,0.27113967383091747
0.06368421052631579,1189860,0.15683105575445852,0.99999464117294,0.27113888590217866
0.06366366366366366,1189871,0.15682960589845454,0.99999464117294,0.2711367191217592
0.06363636363636364,1190009,0.15681141907330112,0.99999464117294,0.27110953881871286
0.06363636363636363,1190016,0.15681049666559105,0.99999464117294,0.27110816025290857
0.0635258358662614,1190020,0.15680996958034318,0.99999464117294,0.2711073725073149
0.06345029239766081,1190027,0.1568090471896856,0.99999464117294,0.2711059939635415
0.06333333333333332,1190031,0.1568085201141819,0.99999464117294,0.27110520623053685
0.06324786324786325,1190039,0.1568074659738042,0.99999464117294,0.2711036307782605
0.06319444444444444,1190055,0.15680535773556684,0.99999464117294,0.271100479928639
0.06310160427807487,1190063,0.1568043036377066,0.99999464117294,0.27109890453129326
0.0630952380952381,1190078,0.15680232724241605,0.99999464117294,0.27109595071061954
0.06307692307692309,1190104,0.1567989016085989,0.99999464117294,0.2710908309072631
0.06305555555555556,1190110,0.15679811109897404,0.99999464117294,0.27108964944164304
0.06304347826086956,1190254,0.15677914125892456,0.99999464117294,0.2710612973558716
0.06298701298701298,1190260,0.15677835094853226,0.99999464117294,0.27106011614766273
0.06291208791208791,1190270,0.15677703378225108,0.99999464117294,0.2710581474901916
0.06287262872628727,1190278,0.15677598006516125,0.99999464117294,0.27105657258480365
0.06283422459893048,1190286,0.15677492636223564,0.99999464117294,0.27105499769771674
0.06274509803921569,1190288,0.15677466293871736,0.99999464117294,0.2710546039788045
0.06262626262626263,1190292,0.15677413609433652,0.99999464117294,0.27105381654441135
0.0625,1193987,0.15628897132045827,0.99999464117294,0.2703283729116793
0.062461538461538464,1193995,0.15628792415378623,0.99999464117294,0.2703268064751416
0.062450592885375494,1194007,0.15628635343008876,0.99999464117294,0.27032445685437284
0.06235632183908046,1194028,0.15628360473958736,0.99999464117294,0.2703203451163087
0.06222222222222223,1194046,0.15628124879611002,0.99999464117294,0.2703168208689505
0.06218487394957983,1194048,0.15628098702899715,0.99999464117294,0.2703164292915831
0.06212121212121212,1194062,0.15627915468376014,0.99999464117294,0.2703136882817762
0.06209150326797386,1194074,0.15627758413632656,0.99999464117294,0.2703113388890418
0.06207792207792208,1194078,0.1562770606275302,0.99999464117294,0.2703105557672056
0.062,1194225,0.15625782411187172,0.99999464117294,0.27028177918691104
0.0619047619047619,1194230,0.15625716989189686,0.99999464117294,0.2702808004994069
0.061801242236024845,1194234,0.15625664651986126,0.99999464117294,0.2702800175545066
0.06166666666666666,1194264,0.15625272134134496,0.99999464117294,0.2702741456123377
0.061587301587301586,1194268,0.15625219799910908,0.99999464117294,0.27027336270599245
0.06153846153846154,1194760,0.15618785362750678,0.99999464117294,0.2701770998025146
0.06145833333333333,1194768,0.1561868078154085,0.99999464117294,0.27017553511860637
0.06142857142857143,1194784,0.1561847162332271,0.99999464117294,0.27017240580515883
0.06136363636363637,1194807,0.1561817096819821,0.99999464117294,0.27016790754407616
0.061244019138755976,1194819,0.1561801410925002,0.99999464117294,0.2701655606847122
0.061111111111111116,1195040,0.15615125853527914,0.99999464117294,0.27012234664690277
0.061021505376344085,1195047,0.1561503438776885,0.99999464117294,0.2701209781023483
0.061003861003861,1195048,0.1561502132131931,0.99999464117294,0.27012078259711536
0.06083916083916084,1195050,0.15614995188485836,0.99999464117294,0.2701203915874985
0.06076923076923077,1195051,0.15614982122101903,0.99999464117294,0.2701201960831146
0.060714285714285714,1195259,0.15612264789472408,0.99999464117294,0.2700795373216091
0.06071428571428571,1195263,0.15612212542344236,0.99999464117294,0.2700787555423046
0.0606896551724138,1195285,0.15611925189389977,0.99999464117294,0.2700744558370293
0.06068376068376068,1195287,0.15611899066918655,0.99999464117294,0.2700740649615202
0.06060606060606061,1195313,0.1561155948274636,0.99999464117294,0.27006898368285887
0.060454545454545455,1195321,0.15611454998280797,0.99999464117294,0.270067420250968
0.06041666666666666,1195334,0.1561128521400713,0.99999464117294,0.27006487971275206
0.06036363636363637,1195372,0.15610788942688972,0.99999464117294,0.27005745379817364
0.0603448275862069,1195493,0.15609208920503925,0.99999464117294,0.27003381084305705
0.06023391812865497,1195517,0.15608895565684136,0.99999464117294,0.27002912182327937
0.06015037593984962,1195518,0.1560888250950634,0.99999464117294,0.27002892645098925
0.06008869179600887,1195520,0.15608856397216275,0.99999464117294,0.2700285357072572
0.06000000000000001,1195544,0.1560854305654999,0.99999464117294,0.27002384687067704
0.060000000000000005,1195714,0.15606323920268558,0.99999464117294,0.2699906389394077
0.06,1195721,0.15606232557594957,0.99999464117294,0.2699892717290891
0.059890109890109886,1195728,0.1560614119599106,0.99999464117294,0.26998790453261723
0.059848484848484845,1195746,0.15605906271064257,0.99999464117294,0.26998438894812765
0.05982905982905983,1195750,0.1560585406648547,0.99999464117294,0.26998360771956326
0.0598014888337469,1195751,0.15605841015395347,0.99999464117294,0.26998341241312857
0.05974025974025974,1195772,0.15605566947545185,0.99999464117294,0.2699793110432732
0.05967741935483871,1195856,0.15604470772400691,0.99999464117294,0.2699629068098699
0.059444444444444446,1195882,0.15604131511302954,0.99999464117294,0.269957829713054
0.05944055944055945,1195940,0.156033747512417,0.99999464117294,0.2699465045698232
0.05942028985507246,1195948,0.15603270376303988,0.99999464117294,0.26994494255567225
0.0593984962406015,1195952,0.1560321818935877,0.99999464117294,0.26994416155537554
0.059375000000000004,1196042,0.1560204407537528,0.99999464117294,0.26992659024337323
0.05935483870967742,1196062,0.1560178318515261,0.99999464117294,0.26992268581801876
0.05934065934065934,1196067,0.15601717963960213,0.99999464117294,0.26992170972932905
0.059313725490196076,1196092,0.1560139186617752,0.99999464117294,0.26991682939176975
0.059151193633952256,1196100,0.15601287517766074,0.99999464117294,0.2699152677210228
0.0590909090909091,1196165,0.15600439738664817,0.99999464117294,0.26990257981606525
0.05909090909090909,1196175,0.15600309319288566,0.99999464117294,0.26990062793655983
0.05904761904761904,1196177,0.1560028323567499,0.99999464117294,0.2699002375640465
0.05886363636363637,1196181,0.15600231068709502,0.99999464117294,0.2698994568224075
0.058823529411764705,1196271,0.15599057404216937,0.99999464117294,0.26988189132961016
0.058809523809523805,1196285,0.15598874850056635,0.99999464117294,0.2698791591251095
0.05879120879120879,1196289,0.1559882269250992,0.99999464117294,0.26987837850541285
0.05875000000000001,1196313,0.15598509754554202,0.99999464117294,0.26987369488206486
0.05873015873015873,1196354,0.15597975181259058,0.99999464117294,0.269865694068239
0.05858585858585859,1196379,0.15597649239914776,0.99999464117294,0.26986081575604115
0.05857142857142857,1196421,0.15597101689121137,0.99999464117294,0.2698526205885777
0.05849802371541502,1196440,0.15596854000200594,0.99999464117294,0.26984891341442957
0.05846153846153847,1196444,0.15596801856167108,0.99999464117294,0.2698481329696931
0.058333333333333334,1196504,0.15596019737501923,0.99999464117294,0.26983642684034265
0.05824561403508771,1196506,0.15595993668230665,0.99999464117294,0.2698360366535224
0.05818181818181819,1196524,0.155957590487111,0.99999464117294,0.269832525022919
0.05810810810810811,1196540,0.15595550503953065,0.99999464117294,0.269829403650224
0.05808080808080808,1196581,0.15595016133466935,0.99999464117294,0.2698214054623048
0.05804195804195804,1196590,0.1559489883752998,0.99999464117294,0.26981964982598294
0.05795454545454545,1196617,0.15594546960305594,0.99999464117294,0.2698143830540946
0.05791666666666667,1196621,0.1559449483169692,0.99999464117294,0.26981360280907934
0.05789473684210526,1196645,0.15594182067363338,0.99999464117294,0.26980892143375074
0.05788288288288288,1196647,0.15594156004235168,0.99999464117294,0.26980853132647276
0.057839721254355395,1196649,0.15594129941194118,0.99999464117294,0.2698081412203227
0.05781637717121588,1196650,0.15594116909706263,0.99999464117294,0.26980794616767084
0.0577922077922078,1196670,0.15593856284522883,0.99999464117294,0.26980404517385514
0.05777777777777778,1196674,0.15593804160531607,0.99999464117294,0.2698032649886285
0.057701149425287354,1196678,0.15593752036888786,0.99999464117294,0.2698024848079139
0.057692307692307696,1196700,0.15593465363081807,0.99999464117294,0.26979819389463516
0.05765765765765766,1196704,0.1559341324170388,0.99999464117294,0.26979741374324806
0.05764705882352942,1196721,0.15593191729734834,0.99999464117294,0.269794098150187
0.0575,1196723,0.1559316566991693,0.99999464117294,0.2697937080857727
0.05748792270531401,1196763,0.155926444918501,0.99999464117294,0.2697859070343386
0.05745614035087719,1196796,0.15592214546171612,0.99999464117294,0.2697794715065159
0.05745454545454545,1196829,0.1559178462420279,0.99999464117294,0.2697730362857145
0.05733333333333333,1196835,0.15591706459119262,0.99999464117294,0.2697718662785529
0.05731707317073171,1196857,0.15591419860518008,0.99999464117294,0.2697675763391196
0.057211538461538466,1196858,0.15591406833559202,0.99999464117294,0.26976738134511435
0.05714285714285715,1196872,0.15591224458421618,0.99999464117294,0.26976465145864054
0.05714285714285714,1198437,0.15570864384193744,0.99999464117294,0.26945983704500576
0.057142857142857134,1198446,0.15570747451282743,0.99999464117294,0.26945808611072203
0.05705329153605016,1198465,0.15570500598682482,0.99999464117294,0.2694543897686259
0.05705128205128205,1198471,0.1557042264685587,0.99999464117294,0.2694532225237694
0.056993006993006995,1198508,0.15569941961171724,0.99999464117294,0.2694460247372783
0.056976744186046514,1198510,0.15569915979007268,0.99999464117294,0.2694456356786931
0.05694444444444444,1198589,0.15568889752867748,0.99999464117294,0.26943026876321563
0.05681818181818182,1198597,0.15568785838776503,0.99999464117294,0.26942871271761215
0.056696428571428564,1198605,0.15568681926072392,0.99999464117294,0.26942715668998196
0.05666666666666667,1198629,0.15568370196282585,0.99999464117294,0.2694224887149275
0.056666666666666664,1198661,0.15567954575981033,0.99999464117294,0.2694162649997943
0.05664451827242525,1198662,0.15567941588204182,0.99999464117294,0.2694160705133295
0.056643356643356645,1198664,0.1556791561271549,0.99999464117294,0.26941568154124246
0.05656565656565657,1198683,0.15567668849896094,0.99999464117294,0.26941198636243213
0.05644444444444445,1198757,0.15566707848212774,0.99999464117294,0.2693975955795043
0.05641025641025641,1198779,0.1556642216788916,0.99999464117294,0.2693933175351003
0.056403940886699505,1198783,0.1556637022713869,0.99999464117294,0.26939253972344274
0.056363636363636366,1198803,0.15566110528585597,0.99999464117294,0.2693886507325263
0.05630081300813008,1198809,0.15566032620709389,0.99999464117294,0.26938748405714674
0.056249999999999994,1198818,0.15565915760357285,0.99999464117294,0.26938573406302463
0.056216216216216225,1198825,0.1556582487018539,0.99999464117294,0.26938437297220436
0.05616883116883117,1198852,0.15565474303750587,0.99999464117294,0.26937912317930507
0.055982905982905985,1198906,0.15564773218250638,0.99999464117294,0.2693686242073339
0.05595238095238095,1198939,0.15564344808201253,0.99999464117294,0.2693622085717771
0.05584415584415584,1198945,0.1556426691799874,0.99999464117294,0.2693610421254185
0.05579937304075235,1198957,0.15564111139932457,0.99999464117294,0.2693587092630082
0.05578947368421053,1198979,0.15563825554909635,0.99999464117294,0.26935443245353774
0.055769230769230765,1198995,0.1556361786329384,0.99999464117294,0.2693513221319527
0.05571847507331379,1199027,0.15563202496691067,0.99999464117294,0.2693451017042728
0.05555555555555555,1201687,0.15528752495450146,0.99999464117294,0.2688290312937812
0.05545454545454546,1201718,0.15528351909516208,0.99999464117294,0.2688230285970298
0.05538461538461539,1201721,0.15528313144232314,0.99999464117294,0.26882244770511887
0.0553030303030303,1201754,0.1552788673888333,0.99999464117294,0.26881605805978553
0.05526315789473684,1201756,0.15527860896887555,0.99999464117294,0.2688156708183157
0.05523809523809524,1201760,0.1552780921315404,0.99999464117294,0.2688148963387229
0.05515873015873016,1201830,0.15526904803507985,0.99999464117294,0.26880134366820846
0.05513196480938416,1201861,0.1552650431289475,0.99999464117294,0.2687953422078562
0.055113636363636365,1201879,0.15526271779438697,0.99999464117294,0.2687918576119186
0.0550935550935551,1201881,0.15526245942817965,0.99999464117294,0.2687914704401691
0.055069124423963126,1201882,0.15526233024539846,0.99999464117294,0.26879127685471266
0.05500000000000001,1201907,0.15525910074573157,0.99999464117294,0.26878643730892354
0.05482954545454546,1201919,0.15525755063361174,0.99999464117294,0.2687841143888452
0.05478927203065134,1201968,0.15525122133035155,0.99999464117294,0.26877462954854464
0.05476923076923077,1201970,0.15525096300240437,0.99999464117294,0.2687742424264247
0.05476190476190476,1201978,0.15524992969921247,0.99999464117294,0.2687726939490964
0.05471014492753623,1202033,0.15524282611209508,0.99999464117294,0.2687620486504431
0.05467775467775468,1202037,0.15524230951293513,0.99999464117294,0.2687612744797987
0.05454545454545455,1202077,0.15523714371042788,0.99999464117294,0.26875353301864713
0.05454545454545454,1202083,0.15523636886970368,0.99999464117294,0.2687523718379395
0.05444444444444445,1202119,0.15523171998778823,0.99999464117294,0.26874540496440263
0.054411764705882354,1202123,0.15523120346254085,0.99999464117294,0.2687446308896395
0.05432692307692308,1202127,0.1552306869407309,0.99999464117294,0.2687438568193356
0.05428571428571429,1202169,0.15522526366925116,0.99999464117294,0.26873572935035644
0.054285714285714284,1202170,0.15522513454835837,0.99999464117294,0.2687355358451819
0.05427807486631016,1202176,0.1552243598275128,0.99999464117294,0.2687343748199864
0.054251012145748984,1202180,0.15522384335124523,0.99999464117294,0.2687336008087627
0.05416666666666666,1202235,0.15521674215107695,0.99999464117294,0.2687229586065524
0.05412186379928315,1202273,0.15521183624684243,0.99999464117294,0.26871560630464375
0.054025974025974026,1202284,0.15521041617454778,0.99999464117294,0.2687134780818091
0.054022988505747126,1202303,0.1552079633836063,0.99999464117294,0.26870980213994994
0.05401069518716578,1202319,0.15520589793557285,0.99999464117294,0.2687067066879685
0.05384615384615385,1202325,0.1552051234067328,0.99999464117294,0.26870554591186185
0.05381944444444445,1202350,0.15520189628643905,0.99999464117294,0.2687007094526976
0.053801169590643266,1202351,0.15520176720441867,0.99999464117294,0.2687005159979524
0.05378787878787879,1202364,0.15520008915769268,0.99999464117294,0.26869800111161346
0.05366666666666667,1202406,0.15519466802394533,0.99999464117294,0.26868987641593245
0.05363636363636364,1202460,0.15518769855130315,0.99999464117294,0.26867943110056525
0.05357142857142857,1202479,0.15518524647831689,0.99999464117294,0.2686757560901513
0.053562653562653564,1202483,0.15518473026229893,0.99999464117294,0.26867498241655874
0.05353535353535353,1202531,0.15517853593795086,0.99999464117294,0.2686656986809815
0.05350649350649351,1202541,0.1551772455159533,0.99999464117294,0.2686637646501563
0.05346153846153846,1202553,0.15517569703788522,0.99999464117294,0.26866144384992097
0.053349282296650716,1202556,0.15517530992319692,0.99999464117294,0.268660863656127
0.05333333333333333,1202576,0.1551727292079669,0.99999464117294,0.2686569957615406
0.053267973856209155,1202607,0.15516872926899644,0.99999464117294,0.26865100074502507
0.0532051282051282,1202668,0.1551608590234379,0.99999464117294,0.26863920488081566
0.053043478260869574,1202718,0.15515440859785917,0.99999464117294,0.268629536912143
0.05303030303030304,1202745,0.15515092559104382,0.99999464117294,0.2686243164983989
0.053015873015873016,1202751,0.15515015161076565,0.99999464117294,0.2686231564340102
0.05299145299145299,1202763,0.15514860367337538,0.99999464117294,0.26862083633529127
0.052954545454545456,1202765,0.1551483456868133,0.99999464117294,0.26862044965606785
0.052941176470588235,1202769,0.15514782971626306,0.99999464117294,0.2686196763009608
0.05277777777777778,1202783,0.15514602384636297,0.99999464117294,0.2686169695931527
0.05277777777777777,1202827,0.15514034852892394,0.99999464117294,0.26860846315228853
0.0527536231884058,1202828,0.15514021954926224,0.99999464117294,0.26860826983034847
0.05274725274725275,1202838,0.15513892976444044,0.99999464117294,0.2686063366262525
0.05268817204301075,1202856,0.15513660820580352,0.99999464117294,0.2686028569290028
0.05263157894736842,1202861,0.15513596334073512,0.99999464117294,0.2686018903624334
0.052579852579852586,1202873,0.15513441568644404,0.99999464117294,0.2685995706310486
0.052571428571428575,1202881,0.1551333839340716,0.99999464117294,0.2685980241657185
0.052552552552552555,1202901,0.15513080461318096,0.99999464117294,0.2685941580803003
0.052500000000000005,1202980,0.15512061713411696,0.99999464117294,0.26857888813087044
0.05248226950354609,1202982,0.1551203592406204,0.99999464117294,0.26857850157240626
0.052380952380952375,1203060,0.1551103020630725,0.99999464117294,0.2685634266601807
0.052339181286549706,1203071,0.15510888384808544,0.99999464117294,0.26856130084717406
0.05219780219780219,1203077,0.15510811028720523,0.99999464117294,0.26856014132699135
0.052180232558139535,1203079,0.1551078524352931,0.99999464117294,0.2685597548224888
0.05217391304347826,1203087,0.15510682103621767,0.99999464117294,0.2685582088156034
0.052153110047846896,1203108,0.15510411367890498,0.99999464117294,0.26855415063221555
0.0520979020979021,1203126,0.15510179316214595,0.99999464117294,0.26855067228692686
0.05208333333333333,1203138,0.15510024618954765,0.99999464117294,0.26854835344012506
0.05201149425287356,1203177,0.15509521874171464,0.99999464117294,0.26854081746457187
0.052000000000000005,1203276,0.15508245822238623,0.99999464117294,0.26852168957984984
0.051944444444444446,1203282,0.15508168492506327,0.99999464117294,0.26852053040168644
0.051748251748251754,1203290,0.15508065387396222,0.99999464117294,0.26851898484637
0.05172413793103448,1203292,0.1550803961133291,0.99999464117294,0.26851859846032095
0.051666666666666666,1203332,0.15507524108059953,0.99999464117294,0.26851087097284776
0.051648351648351645,1203342,0.15507395237596627,0.99999464117294,0.26850893917047375
0.051587301587301584,1203346,0.1550734369001102,0.99999464117294,0.2685081664573072
0.05153846153846155,1203419,0.15506403006766553,0.99999464117294,0.26849406522319347
0.051515151515151514,1203431,0.15506248384826385,0.99999464117294,0.26849174735385123
0.05150501672240803,1203448,0.15506029342356295,0.99999464117294,0.26848846377412133
0.051458885941644564,1203457,0.1550591338120099,0.99999464117294,0.26848672544089663
0.05142857142857143,1203459,0.15505887612290906,0.99999464117294,0.26848633914768133
0.05136363636363637,1203504,0.1550530783445672,0.99999464117294,0.2684776478442024
0.05134408602150537,1203536,0.15504895574374178,0.99999464117294,0.2684714677040652
0.05111111111111112,1203602,0.1550404535718618,0.99999464117294,0.2684587220635732
0.05108695652173913,1203603,0.1550403247582467,0.99999464117294,0.26845852895711514
0.05107142857142857,1203605,0.15504006713165863,0.99999464117294,0.26845814274503255
0.051041666666666666,1203653,0.15503388435039003,0.99999464117294,0.2684488739884094
0.050980392156862744,1203661,0.15503285393478727,0.99999464117294,0.268447329257863
0.05096153846153846,1203687,0.15502950517867187,0.99999464117294,0.268442309006362
0.050793650793650794,1203688,0.15502937638324882,0.99999464117294,0.2684421159235156
0.050769230769230775,1203702,0.15502757326979602,0.99999464117294,0.26843941279283035
0.05075757575757575,1203731,0.15502383838249575,0.99999464117294,0.2684338136238716
0.05071428571428572,1203812,0.15501340740913033,0.99999464117294,0.26841817580299476
0.05071428571428571,1203820,0.1550123772657042,0.99999464117294,0.2684166314257193
0.050666666666666665,1203822,0.15501211973198695,0.99999464117294,0.26841624533417713
0.05064935064935065,1203850,0.1550085143497944,0.99999464117294,0.2684108401692104
0.050490196078431374,1203895,0.15500272033690646,0.99999464117294,0.26840215375299437
0.05047619047619047,1203899,0.15500220533450065,0.99999464117294,0.26840138165431743
0.05046153846153846,1203912,0.1550005316003163,0.99999464117294,0.2683988723642953
0.050344827586206904,1203994,0.15498997503309817,0.99999464117294,0.2683830456162151
0.05031712473572939,1203998,0.15498946011538225,0.99999464117294,0.2683822736274689
0.050238095238095234,1204029,0.15498546961908724,0.99999464117294,0.2683762908652653
0.050124069478908184,1204043,0.15498366752682421,0.99999464117294,0.2683735890600877
0.05000000000000001,1204107,0.154975429924417,0.99999464117294,0.2683612386434316
0.05,1208689,0.15438793601993564,0.99999464117294,0.26747997021422676
0.049999999999999996,1208726,0.15438321009062433,0.99999464117294,0.26747287746159704
0.04977477477477477,1208728,0.15438295464322827,0.99999464117294,0.26747249408027896
0.04974358974358975,1208732,0.1543824437509721,0.99999464117294,0.2674717273209397
0.049677419354838714,1208796,0.1543742699347119,0.99999464117294,0.26745945976935714
0.04957264957264958,1208818,0.15437146038526892,0.99999464117294,0.2674552430583922
0.049561403508771924,1208840,0.1543686509380894,0.99999464117294,0.2674510264803848
0.04954954954954955,1208850,0.15436737395044878,0.99999464117294,0.26744910989796894
0.049519230769230774,1208858,0.15436635237554783,0.99999464117294,0.2674475766518138
0.049407114624505935,1208922,0.15435818026307735,0.99999464117294,0.26743531131541426
0.04937500000000001,1208989,0.15434962600983135,0.99999464117294,0.2674224722466443
0.04935897435897436,1208991,0.15434937067356166,0.99999464117294,0.2674220890098087
0.049350649350649346,1209011,0.1543468173573276,0.99999464117294,0.2674182567018649
0.04926108374384236,1209021,0.15434554073088888,0.99999464117294,0.2674163405890821
0.049175824175824175,1209046,0.15434234925718293,0.99999464117294,0.26741155042725484
0.049166666666666664,1209062,0.15434030678327496,0.99999464117294,0.26740848481374535
0.04912280701754386,1209078,0.15433826436342404,0.99999464117294,0.2674054192705236
0.0490909090909091,1209105,0.15433481790249812,0.99999464117294,0.26740024632571313
0.049,1209106,0.15433469025875315,0.99999464117294,0.26740005473900813
0.04898373983739837,1209108,0.15433443497189664,0.99999464117294,0.26739967156642186
0.048863636363636366,1209193,0.1543235860611168,0.99999464117294,0.26738338774653403
0.04882352941176471,1209219,0.15432026787538072,0.99999464117294,0.26737840720948947
0.0488095238095238,1209229,0.15431899168809216,0.99999464117294,0.26737649166772337
0.04880636604774536,1209237,0.15431797075345857,0.99999464117294,0.26737495925407184
0.04875776397515528,1209253,0.15431592892471632,0.99999464117294,0.26737189447946463
0.04871794871794872,1209255,0.1543156736999227,0.99999464117294,0.2673715113875789
0.04857142857142858,1209289,0.15431133500759536,0.99999464117294,0.2673649989934787
0.048484848484848485,1209295,0.15431056938133375,0.99999464117294,0.267363849780393
0.048461538461538466,1209300,0.15430993136525262,0.99999464117294,0.2673628921103683
0.04841628959276018,1209304,0.15430942095618636,0.99999464117294,0.2673621259792881
0.04839285714285714,1209306,0.15430916575291945,0.99999464117294,0.2673617429153945
0.04838709677419355,1209314,0.154308144948293,0.99999464117294,0.26736021067079685
0.04836363636363637,1209395,0.1542978100620558,0.99999464117294,0.2673446976833144
0.04833333333333334,1209409,0.15429602392573563,0.99999464117294,0.26734201660868023
0.04833333333333333,1209425,0.15429398267771874,0.99999464117294,0.26733895258922963
0.04821428571428571,1209433,0.1542929620739636,0.99999464117294,0.2673374206058418
0.04813895781637717,1209446,0.1542913036216582,0.99999464117294,0.2673349311702843
0.048108108108108116,1209455,0.15429015548325486,0.99999464117294,0.26733320774205754
0.048095238095238094,1209459,0.15428964520500488,0.99999464117294,0.2673324417810893
0.04807692307692308,1209460,0.15428951763596976,0.99999464117294,0.26733225029153307
0.048,1209491,0.15428556310051086,0.99999464117294,0.2673263142513532
0.04792626728110599,1209500,0.1542844150475403,0.99999464117294,0.2673245909342257
0.04791208791208791,1209504,0.15428390480725984,0.99999464117294,0.2673238250226343
0.04790209790209791,1209586,0.15427344562519738,0.99999464117294,0.26730812480214067
0.04789473684210527,1209594,0.15427242529311488,0.99999464117294,0.2673065931720482
0.047836538461538465,1209614,0.15426987452195493,0.99999464117294,0.2673027641736056
0.04771428571428571,1209629,0.15426796149893893,0.99999464117294,0.26729989249676095
0.0476923076923077,1209631,0.15426770643278817,0.99999464117294,0.2672995096111769
0.047619047619047616,1209652,0.15426502828912778,0.99999464117294,0.26729548937876896
0.04755244755244756,1209656,0.15426451817706852,0.99999464117294,0.267294723633926
0.04750000000000001,1209658,0.15426426312230399,0.99999464117294,0.26729434076314973
0.047474747474747475,1209715,0.15425699441604016,0.99999464117294,0.26728342940709277
0.047435897435897434,1209716,0.15425686690099163,0.99999464117294,0.26728323798774495
0.047368421052631574,1209720,0.15425635684290578,0.99999464117294,0.2672824723130955
0.04732142857142857,1209726,0.1542555917621015,0.99999464117294,0.26728132380934644
0.047285067873303166,1209732,0.15425482668888646,0.99999464117294,0.2672801753154676
0.04725274725274725,1209748,0.15425278653074856,0.99999464117294,0.26727711271337684
0.04707792207792208,1209817,0.1542439889669264,0.99999464117294,0.2672639060457955
0.047058823529411764,1209821,0.15424347899399993,0.99999464117294,0.26726314048190064
0.04703947368421052,1209825,0.15424296902444568,0.99999464117294,0.2672623749223915
0.047032967032967034,1209831,0.15424220407643713,0.99999464117294,0.26726122659135126
0.04698544698544699,1209835,0.15424169411531324,0.99999464117294,0.2672604610428066
0.04696969696969697,1209856,0.1542390168747355,0.99999464117294,0.267256441984899
0.046875,1209867,0.15423761454771476,0.99999464117294,0.2672543368123311
0.046825396825396826,1209879,0.15423608476550135,0.99999464117294,0.2672520402982627
0.046794871794871795,1209881,0.1542358298047494,0.99999464117294,0.26725165754975516
0.046708463949843265,1209935,0.15422894618305943,0.99999464117294,0.26724132375444226
0.04656964656964657,1209936,0.15422881871437827,0.99999464117294,0.26724113239539893
0.04642857142857142,1209949,0.15422716164069725,0.99999464117294,0.26723864475277415
0.0463768115942029,1209996,0.15422117097907762,0.99999464117294,0.2672296513542851
0.04636363636363637,1210029,0.15421696504794513,0.99999464117294,0.2672233372021506
0.046218487394957986,1210032,0.15421658270194508,0.99999464117294,0.267222763203116
0.046153846153846156,1210040,0.15421556312188026,0.99999464117294,0.26722123255107944
0.04607843137254902,1210041,0.1542154356753201,0.99999464117294,0.26722104122080775
0.04605911330049261,1210049,0.15421441611042197,0.99999464117294,0.26721951058849813
0.046041055718475075,1210100,0.1542079167010991,0.99999464117294,0.2672097532197138
0.046021505376344085,1210102,0.15420766183346526,0.99999464117294,0.2672093705923205
0.04583333333333333,1210147,0.1542019275344235,0.99999464117294,0.267200761765664
0.04577861163227017,1210151,0.15420141783959193,0.99999464117294,0.26719999656347304
0.04576923076923077,1210166,0.15419950651398237,0.99999464117294,0.2671971270942901
0.04573863636363637,1210210,0.1541939002321911,0.99999464117294,0.2671887103402161
0.045714285714285714,1210223,0.15419224390876723,0.99999464117294,0.2671862236734437
0.04571428571428571,1210231,0.1541912246505006,0.99999464117294,0.26718469343997414
0.045454545454545456,1211049,0.154087076575762,0.99999464117294,0.2670283195376262
0.04539170506912442,1211061,0.15408554977825228,0.99999464117294,0.26702602690622745
0.04533333333333334,1211129,0.15407689849718734,0.99999464117294,0.26701303607187904
0.04523809523809524,1211131,0.15407664406245072,0.99999464117294,0.26701265400765095
0.04518716577540108,1211141,0.15407537190137235,0.99999464117294,0.2670107437029109
0.045089285714285714,1211149,0.15407435418763504,0.99999464117294,0.26700921547879924
0.045054945054945054,1211161,0.15407282764223748,0.99999464117294,0.26700692317543173
0.045,1211179,0.15407053788085823,0.99999464117294,0.26700348479417824
0.04493506493506494,1211183,0.1540700290542387,0.99999464117294,0.26700272072148123
0.04487179487179487,1211254,0.15406099794097688,0.99999464117294,0.26698915915877247
0.044805194805194806,1211258,0.15406048917736767,0.99999464117294,0.26698839516806333
0.044787644787644784,1211262,0.15405998041711869,0.99999464117294,0.2669876311817265
0.0446969696969697,1211276,0.1540581997827085,0.99999464117294,0.266984957263979
0.04468085106382978,1211278,0.15405794540972428,0.99999464117294,0.2669845752801015
0.04447174447174448,1211283,0.15405730948093882,0.99999464117294,0.26698362032518985
0.044444444444444446,1212917,0.15384976878055134,0.99999464117294,0.26667190653971884
0.04444444444444444,1212981,0.1538416512707124,0.99999464117294,0.26665971224409446
0.044405594405594405,1212989,0.15384063664221193,0.99999464117294,0.26665818803555597
0.044360902255639094,1212991,0.15384038298717798,0.99999464117294,0.26665780698614383
0.04435483870967742,1212995,0.15383987567961946,0.99999464117294,0.26665704489058684
0.04411764705882353,1213000,0.15383924154987633,0.99999464117294,0.26665609227726617
0.04410256410256411,1213004,0.15383873424984584,0.99999464117294,0.2666553301915102
0.04405594405594406,1213006,0.15383848060108524,0.99999464117294,0.2666549491502657
0.044047619047619044,1213060,0.15383163240070566,0.99999464117294,0.26664466144828625
0.04390243902439024,1213062,0.15383137877536351,0.99999464117294,0.2666442804375317
0.04386363636363637,1213068,0.1538306179043549,0.99999464117294,0.266643137411801
0.04382239382239382,1213076,0.15382960342138496,0.99999464117294,0.26664161339273723
0.04381270903010034,1213109,0.15382541882056766,0.99999464117294,0.2666353269982432
0.04375,1213112,0.15382503841360073,0.99999464117294,0.2666347555225331
0.043680709534368076,1213115,0.15382465800851527,0.99999464117294,0.2666341840492726
0.04367816091954023,1213169,0.15381781103869288,0.99999464117294,0.2666238979494591
0.04360902255639097,1213173,0.15381730387999074,0.99999464117294,0.2666231360477103
0.043571428571428567,1213178,0.15381666993631601,0.99999464117294,0.2666221836766477
0.04350649350649351,1213186,0.1538156556373054,0.99999464117294,0.2666206598970991
0.043333333333333335,1213231,0.15380995045461252,0.99999464117294,0.26661208896165917
0.04326923076923077,1213245,0.1538081755952013,0.99999464117294,0.26660942256079745
0.04325,1213250,0.15380754172676694,0.99999464117294,0.26660847028770057
0.04301075268817204,1213290,0.1538024709673697,0.99999464117294,0.2666008523478139
0.04288537549407115,1213292,0.15380221743817646,0.99999464117294,0.2666004714622473
0.04285714285714286,1213303,0.15380082304255407,0.99999464117294,0.26659837661108454
0.04285714285714285,1213338,0.15379638649741456,0.99999464117294,0.2665917113945824
0.04276923076923077,1213360,0.15379359794290234,0.99999464117294,0.2665875220005029
0.042708333333333334,1213394,0.15378928855755014,0.99999464117294,0.2665810477413604
0.04264705882352941,1213398,0.15378878158691542,0.99999464117294,0.26658028608448825
0.04242424242424242,1213410,0.15378726069506596,0.99999464117294,0.26657800113998537
0.04230769230769231,1213426,0.1537852328860598,0.99999464117294,0.26657495460824526
0.04220779220779221,1213439,0.15378358533061817,0.99999464117294,0.2665724793524789
0.04215686274509804,1213448,0.15378244473599198,0.99999464117294,0.2665707657407989
0.04214285714285714,1213449,0.15378231800430014,0.99999464117294,0.2665705753408611
0.04191176470588235,1213453,0.15378181107962155,0.99999464117294,0.26656981374382976
0.0419047619047619,1213465,0.15378029032563775,0.99999464117294,0.2665675289788461
0.041880341880341884,1213503,0.15377547480311132,0.99999464117294,0.2665602941481068
0.04166666666666667,1213505,0.15377522136291158,0.99999464117294,0.26655991337842017
0.041666666666666664,1215157,0.15356616470135134,0.99999464117294,0.2662457687272831
0.04161490683229813,1215167,0.15356490095600028,0.99999464117294,0.26624386937989336
0.04148351648351648,1215199,0.15356085711064607,0.99999464117294,0.26623779165034844
0.04144144144144144,1215207,0.15355984618258453,0.99999464117294,0.26623627226131835
0.041379310344827586,1215227,0.15355731892066257,0.99999464117294,0.2662324738646132
0.04122807017543859,1215239,0.1535558026034385,0.99999464117294,0.2662301948786137
0.04111405835543767,1215262,0.15355289641246087,0.99999464117294,0.26622582693117053
0.04107142857142857,1215272,0.1535516328854775,0.99999464117294,0.2662239278682912
0.04097222222222222,1215276,0.15355112748050648,0.99999464117294,0.2662231682507254
0.04095238095238095,1215280,0.1535506220788625,0.99999464117294,0.26622240863749463
0.0409090909090909,1215294,0.15354885319930814,0.99999464117294,0.2662197500253227
0.04083333333333333,1215302,0.15354784242928918,0.99999464117294,0.26621823084220814
0.04078947368421053,1215308,0.1535470843605078,0.99999464117294,0.2662170914662505
0.04076923076923077,1215328,0.15354455751862872,0.99999464117294,0.266213293616827
0.04065040650406504,1215330,0.1535443048390149,0.99999464117294,0.26621291383784446
0.04057142857142857,1215345,0.15354240976841968,0.99999464117294,0.26621006553001425
0.04054054054054054,1215351,0.1535416517532795,0.99999464117294,0.26620892622394804
0.04044665012406948,1215376,0.15353849343742185,0.99999464117294,0.2662041792203049
0.040303030303030306,1215383,0.1535376091322653,0.99999464117294,0.2662028500896226
0.04014423076923077,1215401,0.15353533525149313,0.99999464117294,0.2661994323859547
0.040109890109890106,1215429,0.15353179823749474,0.99999464117294,0.26619411613245586
0.04000000000000001,1217302,0.15329556675336112,0.99999464117294,0.2658389782820836
0.04,1217315,0.15329392967309202,0.99999464117294,0.2658365166750598
0.039860139860139865,1217316,0.1532938037452888,0.99999464117294,0.26583632732256157
0.03982142857142857,1217320,0.15329330003614497,0.99999464117294,0.2658355699152663
0.03971014492753623,1217326,0.15329254447863597,0.99999464117294,0.26583443381241567
0.03968253968253968,1217333,0.1532916630042889,0.99999464117294,0.2658331083713632
0.03959276018099547,1217346,0.1532900260073964,0.99999464117294,0.26583064687304564
0.03958333333333333,1217348,0.15328977416482387,0.99999464117294,0.26583026818504285
0.039473684210526314,1217362,0.15328801128998606,0.99999464117294,0.2658276173992322
0.03934065934065934,1217376,0.15328624845569488,0.99999464117294,0.26582496666628685
0.039285714285714285,1217409,0.15328209336385717,0.99999464117294,0.2658187187192178
0.03913043478260869,1217434,0.1532789457169752,0.99999464117294,0.2658139856215127
0.0391025641025641,1217438,0.15327844210547067,0.99999464117294,0.2658132283415216
0.03891625615763547,1217465,0.1532750428143725,0.99999464117294,0.26580811681443917
0.03888888888888889,1217466,0.1532749169175977,0.99999464117294,0.2658079275023966
0.03887733887733888,1217474,0.1532739097508448,0.99999464117294,0.265806413015764
0.03875,1217478,0.15327340617243188,0.99999464117294,0.2658056557789195
0.038709677419354833,1217508,0.15326962943980654,0.99999464117294,0.2657999766401066
0.03866666666666667,1217513,0.15326900000246405,0.99999464117294,0.26579903014056483
0.03866396761133603,1217521,0.15326799291346926,0.99999464117294,0.2657975157553188
0.038636363636363635,1217530,0.1532668599541695,0.99999464117294,0.2657958120925436
0.03857142857142857,1217550,0.15326434232680383,0.99999464117294,0.2657920262534558
0.03852941176470588,1217551,0.1532642164476067,0.99999464117294,0.2657918369643324
0.038461538461538464,1218056,0.1532006738606435,0.99999464117294,0.2656962803916097
0.03846153846153846,1218063,0.1531997934425395,0.99999464117294,0.26569495632785184
0.03826923076923077,1218067,0.1531992903510234,0.99999464117294,0.26569419972591524
0.03824884792626728,1218091,0.15319627187131338,0.99999464117294,0.265689660204784
0.03820512820512821,1218093,0.15319602033670665,0.99999464117294,0.2656892819183585
0.03804347826086957,1218099,0.15319526573784234,0.99999464117294,0.26568814706554467
0.03794642857142857,1218110,0.1531938823258983,0.99999464117294,0.26568606652723176
0.03777777777777778,1218124,0.15319212165592336,0.99999464117294,0.26568341861650474
0.037719298245614034,1218125,0.15319199589533095,0.99999464117294,0.265683229482044
0.03766233766233766,1218137,0.1531904867843272,0.99999464117294,0.2656809598895173
0.0375,1218227,0.15317916939946333,0.99999464117294,0.2656639391814697
0.037394957983193276,1218237,0.15317791201547812,0.99999464117294,0.2656620481263058
0.03738095238095238,1218241,0.15317740906766394,0.99999464117294,0.26566129171177827
0.03726884779516358,1218242,0.15317728333122646,0.99999464117294,0.2656611026088194
0.037142857142857144,1218252,0.15317602597820484,0.99999464117294,0.2656592115940378
0.03701149425287356,1218260,0.15317502011064962,0.99999464117294,0.2656576988015956
0.037000000000000005,1218268,0.15317401425630486,0.99999464117294,0.2656561860263824
0.036904761904761905,1218276,0.1531730084151703,0.99999464117294,0.2656546732683979
0.036679536679536676,1218280,0.15317250549955674,0.99999464117294,0.2656539168958664
0.03666666666666667,1218281,0.15317237977116938,0.99999464117294,0.2656537278034065
0.03653846153846154,1218282,0.1531722540429884,0.99999464117294,0.26565353871121583
0.0365079365079365,1218286,0.15317175113232853,0.99999464117294,0.2656527823451449
0.03636363636363637,1220483,0.15289602558986892,0.99999464117294,0.26523799811099635
0.03636363636363636,1220506,0.1528931443188317,0.99999464117294,0.265233662659884
0.03626373626373626,1220508,0.1528928937786561,0.99999464117294,0.2652332856708331
0.03611111111111111,1220511,0.15289251796993228,0.99999464117294,0.2652327201892662
0.036041666666666666,1220515,0.15289201689450765,0.99999464117294,0.2652319662175943
0.036,1220568,0.15288537795518153,0.99999464117294,0.2652219764976094
0.03571428571428571,1220836,0.15285181629637395,0.99999464117294,0.2651714739627296
0.0353448275862069,1220840,0.152851315487697,0.99999464117294,0.2651707203392239
0.03529411764705882,1220863,0.15284843590148936,0.99999464117294,0.265166387087194
0.035265700483091786,1220864,0.1528483107045502,0.99999464117294,0.2651661986881444
0.035,1220865,0.15284818550781618,0.99999464117294,0.26516601028936254
0.03488372093023256,1220872,0.15284730913642053,0.99999464117294,0.2651646915053855
0.034722222222222224,1220873,0.15284718394132724,0.99999464117294,0.26516450310874534
0.03461538461538462,1220938,0.15283904670016005,0.99999464117294,0.2651522579013404
0.03428571428571428,1220952,0.15283729417700287,0.99999464117294,0.2651496206200802
0.03424369747899159,1220953,0.15283716899831526,0.99999464117294,0.2651494322448547
0.03422222222222222,1220954,0.15283704381983268,0.99999464117294,0.265149243869897
0.03409090909090909,1220956,0.15283679346348272,0.99999464117294,0.26514886712078456
0.033529411764705884,1220957,0.1528366682856153,0.99999464117294,0.2651486787466298
0.03333333333333333,1222519,0.15264139044055758,0.99999464117294,0.26485476468763997
0.03310810810810811,1222527,0.1526403915823536,0.99999464117294,0.2648532610431222
0.03293650793650794,1222528,0.1526402667259973,0.99999464117294,0.26485307308875794
0.032567049808429116,1222530,0.1526400170138974,0.99999464117294,0.2648526971808297
0.032432432432432434,1222546,0.1526380193465113,0.99999464117294,0.2648496899558175
0.03222222222222222,1222549,0.1526376447896976,0.99999464117294,0.26484912610873024
0.03214285714285714,1222622,0.1526285311404506,0.99999464117294,0.2648354065695451
0.03157894736842105,1222682,0.1526210412846513,0.99999464117294,0.26482413130015825
0.03125,1222721,0.15261617327256177,0.99999464117294,0.2648168028898859
0.03103448275862069,1222799,0.15260643817994618,0.99999464117294,0.26480214728605717
0.03076923076923077,1223354,0.15253720509353794,0.99999464117294,0.2646979138444866
0.030769230769230767,1223370,0.15253521011631804,0.99999464117294,0.2646949101333496
0.03,1223526,0.15251576182279739,0.99999464117294,0.2646656275219234
0.029411764705882353,1223540,0.15251401670562467,0.99999464117294,0.264662999912066
0.029268292682926828,1223542,0.1525137674064315,0.99999464117294,0.26466262454348827
0.029032258064516127,1223624,0.1525035468411865,0.99999464117294,0.26464723534851
0.02857142857142857,1224130,0.15244050876949344,0.99999464117294,0.2645523123358129
0.028571428571428567,1224249,0.15242569117883698,0.99999464117294,0.26452999843357616
0.028124999999999997,1224315,0.15241747426111743,0.99999464117294,0.26451762427857506
0.027906976744186046,1224321,0.1524167273125267,0.99999464117294,0.26451649941279826
0.02727272727272727,1224590,0.15238324663765015,0.99999464117294,0.2644660777580467
0.02666666666666667,1224727,0.15236620079413615,0.99999464117294,0.2644404057151562
0.026470588235294117,1224819,0.15235475609049173,0.99999464117294,0.2644231688921921
0.02608695652173913,1225051,0.15232590316648043,0.99999464117294,0.26437971209760996
0.025714285714285714,1225131,0.1523159564160894,0.99999464117294,0.2643647303077977
0.02553191489361702,1225133,0.15231570776397338,0.99999464117294,0.26436435578480755
0.025,1225259,0.1523000443171607,0.99999464117294,0.2643407629755494
0.024999999999999998,1225486,0.1522718333787575,0.99999464117294,0.26429826909540016
0.024324324324324326,1225523,0.1522672361106238,0.99999464117294,0.26429134407501853
0.024,1225820,0.15223034376988465,0.99999464117294,0.26423576989411146
0.023684210526315787,1225854,0.15222612154465376,0.99999464117294,0.26422940935756145
0.023529411764705882,1225856,0.15222587318575753,0.99999464117294,0.2642290352178887
0.023076923076923078,1226128,0.152192103923897,0.99999464117294,0.2641781620911479
0.0225,1226173,0.15218651854183707,0.99999464117294,0.2641697474697069
0.022222222222222223,1226247,0.1521773345826738,0.99999464117294,0.26415591125770166
0.02222222222222222,1226495,0.15214656398925394,0.99999464117294,0.2641095518161097
0.02195121951219512,1226534,0.15214172619756158,0.99999464117294,0.2641022629006851
0.021428571428571425,1226827,0.15210539057259093,0.99999464117294,0.2640475154499499
0.021052631578947368,1226833,0.15210464667970294,0.99999464117294,0.2640463945789035
0.020930232558139535,1226850,0.1521025390227004,0.99999464117294,0.2640432188292825
0.020689655172413793,1227128,0.1520680809173941,0.99999464117294,0.2639912968192081
0.02045454545454545,1227130,0.15206783307392044,0.99999464117294,0.26399092335354923
0.02,1227441,0.15202930324145927,0.99999464117294,0.26393286229826546
0.019354838709677417,1227646,0.15200391643845212,0.99999464117294,0.2638946045052728
0.019148936170212762,1227650,0.15200342117052906,0.99999464117294,0.2638938581220682
0.01875,1227904,0.15197197826540185,0.99999464117294,0.26384647143325757
0.01836734693877551,1227908,0.15197148320558218,0.99999464117294,0.26384572532230105
0.01818181818181818,1228125,0.151944631043257,0.99999464117294,0.2638052551258789
0.01764705882352941,1228404,0.1519101207745986,0.99999464117294,0.2637532402552063
0.01714285714285714,1228535,0.15189392243607222,0.99999464117294,0.26372882457815217
0.016666666666666666,1228839,0.15185634570517376,0.99999464117294,0.263672182709773
0.016216216216216217,1228922,0.15184608949957767,0.99999464117294,0.2636567222171201
0.015789473684210523,1229197,0.151812117992478,0.99999464117294,0.263605510645887
0.015384615384615384,1229238,0.15180705445161963,0.99999464117294,0.26359787717025723
0.015,1229672,0.1517534757236076,0.99999464117294,0.263517101138193
0.014634146341463414,1229691,0.15175113097517995,0.99999464117294,0.263513565991362
0.014285714285714284,1230136,0.1516962352130171,0.99999464117294,0.26343079624829896
0.013953488372093023,1230150,0.15169450879973986,0.99999464117294,0.26342819310002136
0.013636363636363636,1230843,0.151609100429543,0.99999464117294,0.2632994015313404
0.013333333333333334,1230851,0.1516081150358573,0.99999464117294,0.263297915495263
0.013043478260869565,1231668,0.15150754911226078,0.99999464117294,0.26314624233929085
0.012499999999999999,1232679,0.1513832879443878,0.99999464117294,0.2629587955078853
0.012,1233622,0.15126756818539228,0.99999464117294,0.26278419692585003
0.011538461538461539,1234549,0.15115398416749762,0.99999464117294,0.2626127866238565
0.01111111111111111,1235469,0.1510414263733044,0.99999464117294,0.2624428916296375
0.010714285714285713,1236384,0.15092964645288195,0.99999464117294,0.26227413787287635
0.010344827586206896,1237168,0.150834001526066,0.99999464117294,0.26212971703414023
0.01,1237937,0.1507403042319601,0.99999464117294,0.26198821378054044
0.009677419354838708,1238609,0.15065852096989446,0.99999464117294,0.2618646844655937
0.009375,1239185,0.15058849162957913,0.99999464117294,0.2617588948746417
0.00909090909090909,1239613,0.15053649808448283,0.99999464117294,0.26168034266779133
0.008823529411764706,1239897,0.15050201750629286,0.99999464117294,0.26162824525676387
0.00857142857142857,1240166,0.15046937264850027,0.99999464117294,0.2615789185953767
0.008333333333333333,1240356,0.15044632347487336,0.99999464117294,0.2615440894094035
0.008108108108108109,1240486,0.15043055705586358,0.99999464117294,0.2615202642572949
0.007894736842105262,1240563,0.1504212200428354,0.99999464117294,0.26150615448323994
0.007692307692307692,1240643,0.15041152047768777,0.99999464117294,0.2614914965902984
0.0075,1240725,0.15040157972153378,0.99999464117294,0.2614764739552718
0.007317073170731707,1240765,0.15039673104898993,0.99999464117294,0.26146914646697117
0.007142857142857142,1240796,0.15039297354279027,0.99999464117294,0.26146346794600545
0.0069767441860465115,1240815,0.15039067064792092,0.99999464117294,0.2614599876840992
0.006818181818181818,1240824,0.15038957982759843,0.99999464117294,0.26145833917132305
0.006666666666666667,1240826,0.15038933742523125,0.99999464117294,0.26145797283797356
0.0,1266001,0.14739877772608395,0.99999464117294,0.25692667469360303
