threshold,predicted,precision,recall,f1
inf,0,1.0,0.0,0.0
1.0000000000000002,83243,1.0,0.8747320415283091,0.9331808729478104
0.9807692307692308,83244,1.0,0.8747425497036695,0.9331868526075063
0.9772727272727273,83245,1.0,0.8747530578790299,0.9331928322001692
0.9750000000000001,83246,1.0,0.8747635660543903,0.9331988117258002
0.9722222222222223,83250,1.0,0.8748055987558321,0.9332227291580257
0.9714285714285715,83257,1.0,0.8748791559833551,0.9332645820839476
0.9687500000000001,83259,1.0,0.8749001723340759,0.9332765394595988
0.9666666666666668,83284,1.0,0.8751628767180867,0.9334259840401686
0.9642857142857144,83290,1.0,0.8752259257702493,0.9334618445089491
0.9600000000000002,83314,1.0,0.8754781219788996,0.9336052622732214
0.9583333333333335,83332,1.0,0.8756672691353873,0.9337128002868411
0.9555555555555557,83333,1.0,0.8756777773107478,0.9337187739849969
0.953846153846154,83334,1.0,0.8756882854861082,0.9337247476162197
0.9500000000000002,83400,1.0,0.8763818250598966,0.9341188593445486
0.9454545454545455,83401,1.0,0.876392333235257,0.9341248284938257
0.9444444444444446,83404,1.0,0.8764238577613384,0.9341427355405224
0.9428571428571431,83418,1.0,0.8765709722163844,0.9342262938034068
0.9423076923076925,83420,1.0,0.8765919885671052,0.9342382296286341
0.9375000000000001,83446,1.0,0.8768652011264764,0.9343933710318572
0.9333333333333333,83504,1.0,0.8774746752973813,0.9347392929903507
0.9318181818181819,83505,1.0,0.8774851834727418,0.9347452551925628
0.9300000000000002,83652,1.0,0.8790298852507251,0.9356209735146743
0.9285714285714286,83675,1.0,0.879271573284015,0.9357578604219436
0.9200000000000002,83731,1.0,0.8798600311041991,0.9360910031023785
0.9166666666666667,83779,1.0,0.8803644235214997,0.9363763880118249
0.9142857142857144,83780,1.0,0.8803749316968602,0.9363823319027181
0.9000000000000001,84036,1.0,0.8830650245891304,0.9379017857142857
0.8900000000000001,84037,1.0,0.8830755327644908,0.9379077125685683
0.8750000000000001,84084,1.0,0.883569417006431,0.9381862001249666
0.8700000000000001,84094,0.9999286512711966,0.8836114497078728,0.9381784913365094
0.8666666666666667,84112,0.9999286665398516,0.8838005968643605,0.9382851023003638
0.8611111111111112,84114,0.9999286682359655,0.8838216132150813,0.9382969466415287
0.8517857142857144,84115,0.9999286690839921,0.8838321213904418,0.9383028687130115
0.8333333333333334,84129,0.9999286809542488,0.8839792358454878,0.9383857707774425
0.8200000000000002,84131,0.9999286826496773,0.8840002521962087,0.93839761287264
0.8166666666666668,84132,0.9999286834973613,0.8840107603715691,0.9384035338211673
0.8,84175,0.9995010395010395,0.8840843175990921,0.9382565978398453
0.7500000000000001,84197,0.9995011698754113,0.8843154974570215,0.9383868287977878
0.7414285714285715,84198,0.9994892990332311,0.8843154974570215,0.938381596993789
0.7333333333333334,84201,0.9994536881984775,0.8843154974570215,0.938365901931815
0.7310344827586207,84202,0.9994536946865871,0.884326005632382,0.9383718207464068
0.730344827586207,84204,0.9994299558215761,0.884326005632382,0.9383613576557691
0.7300000000000001,84206,0.999406218084222,0.884326005632382,0.9383508947984612
0.7260869565217392,84210,0.9994062462890393,0.8843680383338237,0.9383745693355782
0.7240000000000001,84213,0.9994062674408939,0.884399562859905,0.9383923245455102
0.7222222222222223,84216,0.9994062885912416,0.8844310873859863,0.9384100791615566
0.7214285714285715,84220,0.9994063167893612,0.8844731200874281,0.9384337510591803
0.7206896551724139,84223,0.9994063379361932,0.8845046446135093,0.9384515042896084
0.7181818181818183,84225,0.9994063520332442,0.8845256609642301,0.9384633394466774
0.7176470588235295,84228,0.9994063731775656,0.8845571854903115,0.9384810916874777
0.7166666666666667,84230,0.9994063872729432,0.8845782018410323,0.9384929261848223
0.7157894736842106,84234,0.9994064154616901,0.8846202345424741,0.9385165943878973
0.7142857142857143,84241,0.9994064647855557,0.8846937917699971,0.9385580112037011
0.7136363636363637,84243,0.9994064788765832,0.8847148081207179,0.9385698439860206
0.7125,84249,0.9994065211456515,0.8847778571728805,0.9386053407501129
0.7120000000000001,84256,0.9994065704519559,0.8848514144004035,0.938646750640954
0.7115384615384616,84259,0.9994065915807213,0.8848829389264848,0.9386644967479086
0.7107142857142857,84266,0.9994066408753234,0.8849564961540078,0.9387059020230731
0.710344827586207,84269,0.9994066619990744,0.8849880206800891,0.9387236461520456
0.7100000000000001,84280,0.999406739439962,0.8851036106090538,0.9387887028822363
0.71,84285,0.9994067746336833,0.885156151485856,0.9388182714866062
0.7096774193548387,84286,0.9994067816719265,0.8851666596612164,0.938824185009752
0.7093750000000001,84291,0.9994068168606376,0.8852192005380186,0.9388537516369005
0.7088235294117647,84293,0.9994068309349531,0.8852402168887394,0.9388655778264431
0.7085714285714286,84296,0.9994068520451741,0.8852717414148207,0.9388833166165161
0.7055555555555556,84298,0.9994068661178201,0.8852927577655416,0.9388951421470841
0.7035714285714286,84299,0.9994068731538926,0.885303265940902,0.938901054813527
0.7017241379310345,84302,0.9994068942611088,0.8853347904669833,0.9389187924175053
0.7000000000000001,84403,0.9993602123147282,0.8863540834769451,0.9394710609410415
0.6983870967741935,84410,0.9993602653714015,0.8864276407044681,0.9395124015726108
0.6980000000000001,84417,0.9993603184192758,0.8865011979319911,0.9395537389812953
0.6973684210526316,84421,0.999360348728397,0.8865432306334328,0.9395773589108222
0.696875,84424,0.9993603714583531,0.8865747551595141,0.9395950731674723
0.6961538461538461,84425,0.9993603790346461,0.8865852633348745,0.9396009777881719
0.6954545454545454,84428,0.9993604017624484,0.8866167878609558,0.9396186912557353
0.6950000000000001,84434,0.9993604472132079,0.8866798369131184,0.9396541164155502
0.6928571428571428,84444,0.9993605229501208,0.8867849186667227,0.9397131530889493
0.6913793103448276,84450,0.9993605683836589,0.8868479677188853,0.9397485719375995
0.6909090909090909,84459,0.9993606365218627,0.8869425412971291,0.9398016957739265
0.6900000000000001,84466,0.9993606895082044,0.8870160985246521,0.9398430106329677
0.6891304347826087,84468,0.9993607046455463,0.8870371148753731,0.9398548142869868
0.6887096774193548,84477,0.9993607727547144,0.8871316884536169,0.9399079274775803
0.6875,84486,0.9993608408493715,0.8872262620318608,0.9399610353465071
0.6865853658536586,84487,0.999360848414549,0.8872367702072212,0.939966935892369
0.6863636363636364,84501,0.999360954308233,0.8873838846622673,0.9400495366376311
0.686,84511,0.9993610299250985,0.8874889664158715,0.940108529288994
0.6857142857142857,84514,0.9993610526066687,0.8875204909419528,0.9401262258039382
0.6852941176470588,84516,0.999361067726821,0.8875415072926737,0.9401380231522706
0.6846153846153846,84528,0.9993611584327087,0.8876676053969988,0.9402088017274003
0.6842857142857143,84533,0.999361196219228,0.887720146273801,0.9402382900104064
0.6833333333333333,84559,0.9993613926370937,0.8879933588331722,0.9403916026329407
0.6824324324324325,84566,0.9993614454981907,0.8880669160606952,0.9404328715295165
0.6821428571428572,84586,0.9993615964816873,0.8882770795679038,0.9405507649513214
0.6815789473684211,84594,0.9993616568550961,0.8883611449707872,0.940597914974577
0.6810344827586207,84617,0.9993618303650567,0.8886028330040772,0.9407334479171882
0.6807692307692308,84622,0.9993618680721326,0.8886553738808793,0.9407629070116694
0.68,84689,0.9993623729173801,0.8893594216300281,0.9411575008479146
0.6792682926829269,84692,0.9993623955037075,0.8893909461561095,0.941175162352104
0.6790322580645162,84707,0.9993625084113473,0.8895485687865159,0.9412634610359646
0.6785714285714286,84733,0.9993627040232259,0.8898217813458871,0.9414164772064014
0.678125,84756,0.9993628769644627,0.890063469379177,0.9415518008003557
0.6779069767441861,84760,0.9993629070316187,0.8901055020806187,0.9415753318067628
0.6772727272727274,84762,0.9993393265850263,0.8901055020806187,0.9415648655558395
0.6772727272727272,84822,0.9993397939213883,0.8907359926022446,0.9419177047103664
0.6764705882352942,84834,0.9993398873093335,0.8908620907065697,0.9419882443138258
0.6760869565217391,84882,0.9993402605970642,0.8913664831238703,0.9422703086988882
0.6757142857142857,84897,0.999340377162915,0.8915241057542769,0.9423584229788794
0.675,84988,0.9993410834470748,0.892480349712076,0.9428926684133399
0.6743243243243243,85003,0.9993411997223628,0.8926379723424824,0.9429806790366716
0.674,85050,0.9993415637860082,0.8931318565844227,0.9432563507829581
0.6736842105263159,85052,0.9993180642430514,0.8931318565844227,0.9432458827185156
0.6736842105263158,85061,0.9993181363962332,0.8932264301626666,0.9432986544597031
0.6730769230769231,85130,0.9993186890637848,0.8939514942625363,0.943703062775245
0.6727272727272728,85131,0.9993069504645781,0.8939514942625363,0.943697828558751
0.6725,85136,0.9993069911670739,0.8940040351393385,0.9437271214642263
0.6722222222222223,85204,0.999307544246749,0.8947185910638477,0.9441253437416836
0.6719512195121952,85210,0.9993075930055157,0.8947816401160102,0.9441604665860933
0.6714285714285715,85297,0.9992848517532856,0.8956748350216468,0.9446473199195393
0.6709302325581395,85299,0.9992848685213191,0.8956958513723677,0.944659015975574
0.6706896551724139,85378,0.9992855302302701,0.8965259972258417,0.945120802915665
0.67,85494,0.9990876552740543,0.8975663065865244,0.9456099370080484
0.6693548387096775,85573,0.999088497540112,0.8983964524399983,0.9460708100720937
0.6687500000000001,85653,0.9990893488844523,0.8992371064688327,0.9465371065773682
0.6681818181818182,85694,0.9990897845823512,0.8996679416586104,0.9467759236528105
0.6676470588235295,85745,0.9990903259665287,0.9002038586019924,0.9470728377250441
0.6671428571428571,85787,0.9990907713289893,0.9006452019671304,0.9473172295262253
0.6666666666666667,85867,0.9990799725156346,0.9014753478206045,0.9477713761731417
0.6662162162162162,85877,0.9990800796488001,0.9015804295742087,0.9478294971857203
0.6657894736842106,85931,0.9990806577370216,0.902147871043672,0.9481432397360502
0.6653846153846154,85941,0.9990807647106736,0.9022529527972762,0.9482013196764308
0.665,86040,0.9990818224081822,0.9032932621579589,0.948775965210481
0.6646341463414634,86045,0.9990818757626824,0.9033458030347611,0.9488049710555215
0.6642857142857144,86046,0.9990702647421147,0.9033458030347611,0.9487997351139562
0.6642857142857143,86178,0.9990716888300959,0.9047328821823378,0.9495649105006011
0.663953488372093,86182,0.9990717319161774,0.9047749148837796,0.9495880802443948
0.6636363636363637,86368,0.9990737310114858,0.9067294355008196,0.9506643456801005
0.6633333333333333,86369,0.9990737417360396,0.90673994367618,0.9506701260927765
0.6630434782608696,86533,0.9990754972091572,0.9084632844352907,0.9516172528990572
0.6625,86722,0.9990659809506238,0.9104388214030515,0.9526956445245923
0.662,86890,0.9990447692484751,0.912183178512883,0.9536401287530073
0.6615789473684212,86892,0.999021774156424,0.912183178512883,0.9536296524146416
0.6615384615384616,86893,0.9990102770073539,0.912183178512883,0.9536244143317751
0.6615384615384615,87135,0.9990130257646181,0.9147261569501072,0.9550134668868179
0.6611111111111112,87136,0.9990015607785531,0.9147261569501072,0.9550082281952825
0.6611111111111111,87404,0.9990046222140863,0.9175423479467025,0.9565422198851934
0.6610344827586208,87406,0.9989817632656797,0.9175423479467025,0.9565317412499315
0.6607142857142857,87618,0.9989842269853226,0.9197700811231138,0.9577420096070729
0.6603448275862069,87823,0.9989865980437926,0.921924257072002,0.9589096493193505
0.66,88016,0.9989774586438829,0.9239418267412046,0.9599956327109946
0.6596774193548387,88176,0.9989793140990746,0.9256231347988735,0.9609032398821861
0.659375,88317,0.9989809436461836,0.9271047875246942,0.9617017565851506
0.6590909090909091,88443,0.9989823954411315,0.9284288176201084,0.9624142870369866
0.6588235294117647,88537,0.9989834758349616,0.9294165861039889,0.962945220766354
0.6585714285714286,88603,0.9989842330395133,0.9301101256777773,0.9633176794527853
0.6583333333333333,88639,0.9989846455849005,0.9304884199907528,0.9635207259946791
0.6581081081081082,88676,0.9989850692408317,0.9308772224790888,0.9637293298520453
0.6578947368421053,88692,0.9989852523339197,0.9310453532848556,0.9638195109215908
0.6576923076923077,88709,0.9989854467979574,0.931223992265983,0.9639153111114737
0.6575,88731,0.9989856983466883,0.9314551721239124,0.9640392615351151
0.6573170731707317,88751,0.9989859269191333,0.931665335631121,0.9641519180056004
0.6571428571428573,88759,0.9988958866143152,0.931665335631121,0.9641099808071855
0.6569767441860466,88766,0.9988959736836176,0.931738892858644,0.9641494046648181
0.6563829787234042,88768,0.9988959985580389,0.9317599092093649,0.9641606680729835
0.65,95142,0.9987807697967249,0.9985498718002606,0.9986653074522085
0.6499999999999999,95145,0.9987492774186768,0.9985498718002606,0.9986495646553764
0.6456250000000001,95146,0.9987387804006475,0.9985498718002606,0.998644317166728
0.6444444444444444,95149,0.9987072906704222,0.9985498718002606,0.9986285750316584
0.6415384615384616,95151,0.9986862986200881,0.9985498718002606,0.998618080550666
0.6407142857142858,95153,0.9986653074522085,0.9985498718002606,0.998607586290242
0.64,95157,0.9986233277635908,0.9985498718002606,0.9985865984310717
0.6378947368421054,95158,0.9986128333928834,0.9985498718002606,0.9985813516041235
0.6363636363636364,95161,0.9985813516041235,0.9985498718002606,0.9985656114540916
0.6342857142857142,95162,0.9985708581156344,0.9985498718002606,0.9985603648476823
0.6333333333333333,95182,0.9983610346494085,0.9985498718002606,0.9984554442961764
0.6329411764705883,95184,0.9983400571524625,0.9985498718002606,0.9984449534536742
0.6311059907834101,95185,0.9983400745915848,0.9985603799756211,0.998450215131154
0.6307692307692307,95209,0.9980884160110914,0.9985603799756211,0.9983243422123936
0.6303448275862069,95211,0.998067450189579,0.9985603799756211,0.9983138542350625
0.6300000000000001,95215,0.9980255211888883,0.9985603799756211,0.99829287894148
0.63,95217,0.9980045580095991,0.9985603799756211,0.9982823916252147
0.6285714285714286,95238,0.9977844977844977,0.9985603799756211,0.9981722881062173
0.6282051282051282,95239,0.9977845210470501,0.9985708881509815,0.9981775497234813
0.6277777777777778,95240,0.9977845443091138,0.9985813963263419,0.9981828112854773
0.6269230769230769,95242,0.9977635916927406,0.9985813963263419,0.9981723265023161
0.6266666666666666,95256,0.9976169480137734,0.9985813963263419,0.9980989391870603
0.625,95268,0.997491287735651,0.9985813963263419,0.9980360443622921
0.6236842105263158,95269,0.9974913140685847,0.9985919045017023,0.9980413058661052
0.6235294117647059,95270,0.9974808439172878,0.9985919045017023,0.9980360649883948
0.6214285714285714,95272,0.9974599042740784,0.9985919045017023,0.9980255833980971
0.6200000000000001,95273,0.9974599309353122,0.9986024126770627,0.9980308448463272
0.6198717948717949,95274,0.9974599575959863,0.9986129208524231,0.998036106239301
0.6171428571428572,95275,0.9974599842561007,0.9986234290277837,0.9980413675770193
0.6166666666666667,95277,0.9974600375746507,0.9986444453785045,0.9980518900866936
0.6166666666666666,95278,0.9974600642330863,0.9986549535538649,0.998057151258651
0.6160000000000001,95280,0.997439126784215,0.9986549535538649,0.9980466698872109
0.6152941176470589,95282,0.9974181902143112,0.9986549535538649,0.9980361887359147
0.6146153846153847,95284,0.9973972545233197,0.9986549535538649,0.9980257078047552
0.6133333333333334,95286,0.9973763197111852,0.9986549535538649,0.9980152270937255
0.6130434782608697,95287,0.9973763472456894,0.9986654617292253,0.9980204882095658
0.6115384615384616,95288,0.9973763747796155,0.9986759699045857,0.9980257492701572
0.6100000000000001,95290,0.997365935565117,0.9986864780799461,0.9980257700022052
0.6095238095238095,95291,0.9973659632074383,0.9986969862553067,0.9980310309521934
0.60875,95293,0.9973450305898649,0.9986969862553067,0.99802055057047
0.6085714285714287,95295,0.9973240988509365,0.9986969862553067,0.9980100704088545
0.608125,95296,0.9973136333109469,0.9986969862553067,0.998004830410585
0.6078947368421054,95297,0.997313661500362,0.9987074944306671,0.9980100913047815
0.6072727272727273,95300,0.9972822665267576,0.9987074944306671,0.9979943716397849
0.6071428571428571,95301,0.9972718019747957,0.9987074944306671,0.997989131861497
0.6055555555555555,95302,0.997261337642442,0.9987074944306671,0.9979838921382295
0.6050000000000001,95304,0.9972404096365315,0.9987074944306671,0.9979734128567528
0.6043243243243244,95306,0.9972194825089711,0.9987074944306671,0.9979629337953484
0.6040000000000001,95312,0.9971567063958369,0.9987074944306671,0.9979314979314979
0.6033333333333333,95313,0.9971567362269576,0.9987180026060275,0.9979367587687752
0.6030769230769232,95314,0.9971462744192878,0.9987180026060275,0.9979315196505634
0.6025,95315,0.9971463043592299,0.9987285107813879,0.9979367804324886
0.602232142857143,95316,0.9971463342985438,0.9987390189567483,0.9979420411591768
0.6014285714285715,95320,0.9971044901384809,0.9987390189567483,0.9979210852355053
0.6006896551724139,95323,0.9970731093230385,0.9987390189567483,0.9979053688703167
0.6000000000000001,95325,0.9970731707317073,0.9987600353074693,0.997915890156387
0.6,96201,0.9879938877974241,0.9987600353074693,0.993347790870849
0.5993548387096775,96204,0.9879630784582761,0.9987600353074693,0.9933322185527361
0.5987500000000001,96205,0.9879528091055558,0.9987600353074693,0.9933270278885296
0.5981818181818183,96206,0.9879529343284202,0.9987705434828297,0.9933322882374458
0.5976470588235295,96208,0.9879323964743056,0.9987705434828297,0.9933219070710448
0.5971428571428572,96213,0.9878914491804642,0.9987810516581901,0.9933064056809334
0.5969696969696969,96214,0.9878915750306608,0.9987915598335505,0.9933116659177126
0.5966666666666668,96216,0.9878710401596408,0.9987915598335505,0.9933012854007733
0.5964705882352942,96218,0.9878505061423019,0.9987915598335505,0.9932909051007932
0.5957894736842106,96224,0.987788909211839,0.9987915598335505,0.9932597655025392
0.5954545454545455,96228,0.9877478488589599,0.9987915598335505,0.9932390068550409
0.5953333333333333,96229,0.9877479761818163,0.9988020680089109,0.9932442670317096
0.5950000000000001,96231,0.9877274474961291,0.9988020680089109,0.9932338880326027
0.5944444444444446,96232,0.987727575027018,0.9988125761842713,0.9932391481535663
0.5944444444444444,96238,0.9876659947214198,0.9988125761842713,0.9932080124554602
0.5936363636363637,96242,0.9876353359240249,0.9988230843596317,0.9931977054010845
0.5930434782608697,96256,0.9875020777925532,0.9988335925349923,0.9931355135304566
0.592857142857143,96257,0.9875022076316528,0.9988441007103527,0.993140773478354
0.5925,96265,0.9874201423154833,0.9988441007103527,0.9930992691807405
0.5921568627450979,96266,0.9874202729935803,0.9988546088857131,0.9931045290706786
0.5920000000000001,96282,0.9872561849566898,0.9988546088857131,0.9930215308755471
0.5915384615384616,96289,0.9871947989905389,0.9988651170610735,0.9929956699555504
0.5911111111111111,96297,0.987123171022981,0.9988756252364339,0.9929646246494065
0.5907142857142857,96310,0.9870003114941335,0.9988861334117943,0.9929076532584057
0.590344827586207,96319,0.986908086670335,0.9988861334117943,0.992860985048281
0.5900000000000001,96326,0.9868467495795528,0.9988966415871549,0.9928351349939945
0.59,96330,0.9868057718260147,0.9988966415871549,0.9928143962735125
0.5896774193548387,96334,0.98676479747545,0.9988966415871549,0.992793658419409
0.5893750000000001,96340,0.9867033423292506,0.9988966415871549,0.9927625532625952
0.5893548387096775,96341,0.9866931005490912,0.9988966415871549,0.9927573692592883
0.5890909090909091,96344,0.9866623764842647,0.9988966415871549,0.9927418175742005
0.5888235294117647,96346,0.986641894837357,0.9988966415871549,0.9927314500548273
0.5883333333333334,96348,0.9866214140407689,0.9988966415871549,0.9927210827519947
0.5881818181818183,96350,0.9866009340944474,0.9988966415871549,0.9927107156656956
0.5878947368421054,96352,0.9865804549983395,0.9988966415871549,0.9927003487959232
0.5876923076923077,96354,0.9865599767523923,0.9988966415871549,0.9926899821426707
0.5876470588235295,96355,0.9865497379482123,0.9988966415871549,0.9926847988972374
0.5875,96359,0.9865502962878403,0.9989386742885965,0.9927058368968741
0.5871428571428572,96360,0.9865400581154006,0.9989386742885965,0.9927006537039744
0.5863636363636363,96362,0.9865195824080032,0.9989386742885965,0.9926902874805509
0.5857142857142856,96367,0.9864683968578455,0.9989386742885965,0.9926643728691438
0.5850000000000001,96370,0.9864376880772024,0.9989386742885965,0.9926488247517412
0.5838095238095238,96371,0.9864378288074214,0.9989491824639569,0.9926540841099538
0.5833333333333333,96380,0.9864079684581863,0.9990122315161195,0.9926700914672346
0.5825,96382,0.9863874997406155,0.9990122315161195,0.9926597266452968
0.5820000000000001,96383,0.9863772657003829,0.9990122315161195,0.9926545443154944
0.5811111111111111,96384,0.98636703187251,0.9990122315161195,0.9926493620398019
0.5807692307692307,96387,0.9863363316629836,0.9990122315161195,0.9926338155373765
0.580344827586207,96388,0.9863260986844835,0.9990122315161195,0.9926286334781157
0.5800000000000001,96660,0.9836954272708462,0.9991593459711655,0.9913670864959545
0.5793750000000001,96662,0.9836750739690882,0.9991593459711655,0.9913567503883728
0.5790909090909091,96664,0.9836547215095589,0.9991593459711655,0.9913464144963197
0.5785714285714285,96665,0.9836548906015621,0.999169854146526,0.9913516725833946
0.5773291925465838,96667,0.9836345391912442,0.999169854146526,0.9913413369059225
0.5771428571428572,96669,0.9836141886230333,0.999169854146526,0.9913310014439642
0.5769230769230769,96671,0.983593838896877,0.999169854146526,0.9913206661975136
0.5760416666666667,96672,0.9835940086064218,0.9991803623218865,0.991325924226944
0.5745454545454546,96678,0.9835329651006434,0.9991803623218865,0.9912949197777337
0.5700000000000001,96711,0.9832283814664309,0.9992118868479677,0.9911557003257327
0.5680000000000001,96712,0.9832182149061129,0.9992118868479677,0.9911505347203402
0.566875,96714,0.9831978824161962,0.9992118868479677,0.9911402036710826
0.5666666666666667,96718,0.983198577307223,0.9992539195494095,0.9911612345087084
0.5654545454545454,96720,0.9831782464846981,0.9992539195494095,0.9911509036709679
0.5650000000000001,96722,0.9831579165029672,0.9992539195494095,0.9911405730485809
0.5644444444444444,96724,0.9831375873619784,0.9992539195494095,0.9911302426415409
0.5642857142857143,96726,0.9831172590616793,0.9992539195494095,0.9911199124498411
0.5631578947368422,96728,0.983096931602018,0.9992539195494095,0.9911095824734747
0.5628571428571428,96733,0.9830461166303123,0.9992539195494095,0.9910837584745983
0.5613793103448276,96734,0.9830359542663386,0.9992539195494095,0.9910785938363089
0.5609090909090909,96736,0.9830156301687066,0.9992539195494095,0.991068264721209
0.5605405405405406,96738,0.9829953069114515,0.9992539195494095,0.9910579358214088
0.56,96739,0.9829851455979491,0.9992539195494095,0.9910527714522441
0.5596774193548387,96740,0.9829853214802563,0.9992644277247699,0.9910580290145072
0.5591304347826087,96744,0.9829446787397668,0.9992644277247699,0.9910373720741188
0.5590909090909091,96747,0.9829245351277042,0.9992749359001303,0.9910323014313926
0.5587096774193548,96750,0.9828940568475453,0.9992749359001303,0.991016809612639
0.5584615384615385,96752,0.9828737390441541,0.9992749359001303,0.9910064820025427
0.5575,96759,0.9828026333467688,0.9992749359001303,0.9909703370622593
0.5571428571428572,96760,0.982792476229847,0.9992749359001303,0.9909651737145954
0.5567567567567568,96761,0.9827823193228676,0.9992749359001303,0.9909600104207372
0.5563636363636364,96764,0.9827518498615188,0.9992749359001303,0.9909445208619899
0.556,96766,0.9827315379368786,0.9992749359001303,0.9909341947585056
0.5557894736842106,96767,0.9827213822894169,0.9992749359001303,0.9909290317874653
0.5557142857142857,96770,0.9826909166063863,0.9992749359001303,0.9909135431971406
0.5555555555555555,96772,0.9826706072004299,0.9992749359001303,0.9909032177392464
0.5552941176470588,96774,0.9826502986339306,0.9992749359001303,0.9908928924965352
0.5546153846153846,96782,0.9825690727614639,0.9992749359001303,0.9908515936773884
0.5545454545454546,96783,0.9825589204715705,0.9992749359001303,0.9908464315670472
0.5542857142857143,96787,0.9825183134098587,0.9992749359001303,0.9908257836635391
0.5538461538461539,96788,0.9825081621688639,0.9992749359001303,0.9908206218221222
0.5535714285714286,96790,0.9824878603161483,0.9992749359001303,0.9908102983006345
0.553448275862069,96792,0.9824675593024217,0.9992749359001303,0.9907999749942694
0.5533333333333333,96794,0.9824472591276319,0.9992749359001303,0.9907896519030204
0.5528571428571428,96796,0.9824269597917269,0.9992749359001303,0.9907793290268806
0.5525,96797,0.9824168104383401,0.9992749359001303,0.9907741676694746
0.5521428571428572,96804,0.9823457708359159,0.9992749359001303,0.9907380396732789
0.5517241379310346,96805,0.9823356231599607,0.9992749359001303,0.9907328787460475
0.5515789473684211,96809,0.9822950345525726,0.9992749359001303,0.9907122355747943
0.5510344827586207,96811,0.982274741506647,0.9992749359001303,0.9907019143117594
0.5507692307692308,96813,0.9822544492991644,0.9992749359001303,0.9906915932637763
0.55,96841,0.9820633822451235,0.9993695094783742,0.990640868727377
0.5499999999999999,96914,0.981323647770188,0.9993695094783742,0.9902643717656369
0.5490322580645162,96922,0.9812426487278431,0.9993695094783742,0.9902231292233687
0.5485714285714286,96931,0.9811515407867452,0.9993695094783742,0.9901767354694292
0.548125,96932,0.9811414187265299,0.9993695094783742,0.9901715808762285
0.5479069767441861,96933,0.9811312968751612,0.9993695094783742,0.9901664263366945
0.5472727272727272,96951,0.9809491392559128,0.9993695094783742,0.9900736538011087
0.546875,96953,0.980928903695605,0.9993695094783742,0.9900633468147014
0.5464705882352942,96959,0.9808682020235358,0.9993695094783742,0.9900324271430281
0.5464285714285715,96960,0.9808580858085808,0.9993695094783742,0.9900272740521746
0.5460869565217391,96965,0.9808075078636621,0.9993695094783742,0.9900015094025368
0.546,96968,0.980777163600363,0.9993695094783742,0.9899860512564279
0.5457142857142857,96973,0.9807265940003919,0.9993695094783742,0.9899602887522966
0.5454545454545455,96975,0.9807063676205208,0.9993695094783742,0.9899499841260754
0.545,96994,0.9805245685300121,0.9993800176537346,0.9898625089769877
0.5444444444444445,96995,0.980514459508222,0.9993800176537346,0.9898573577089806
0.5442857142857143,96997,0.9804942420899615,0.9993800176537346,0.9898470553338087
0.544,97018,0.9802820095240059,0.9993800176537346,0.9897388933406875
0.5430769230769231,97040,0.9800597691673537,0.9993800176537346,0.9896256061268236
0.5428571428571429,97041,0.9800496697272287,0.9993800176537346,0.9896204573242111
0.5425,97047,0.9799890774573145,0.9993800176537346,0.9895895656336006
0.5423076923076924,97050,0.9799587841318907,0.9993800176537346,0.9895741205115133
0.5423076923076923,97051,0.9799486867729338,0.9993800176537346,0.9895689722446219
0.5422222222222223,97060,0.9798578199052133,0.9993800176537346,0.9895226402530382
0.5416666666666667,97061,0.979847724626781,0.9993800176537346,0.9895174925217844
0.5414285714285715,97077,0.9796862284578222,0.9993800176537346,0.9894351361052013
0.5413043478260869,97078,0.9796761367148067,0.9993800176537346,0.9894299892843395
0.5406896551724139,97098,0.9794743455066016,0.9993800176537346,0.9893270641104327
0.54,97123,0.9792222233662469,0.9993800176537346,0.9891984377519021
0.5394736842105263,97124,0.9792121411803467,0.9993800176537346,0.9891932933932435
0.5393548387096775,97134,0.9791113307389792,0.9993800176537346,0.9891418527493786
0.5391304347826087,97140,0.9790508544368952,0.9993800176537346,0.989110990931026
0.5388888888888889,97142,0.9790306973296823,0.9993800176537346,0.989100704086196
0.5387500000000001,97160,0.9788493207081104,0.9993800176537346,0.9890081321103971
0.5387096774193548,97162,0.9788291718984788,0.9993800176537346,0.988997847404927
0.5386363636363637,97164,0.9788296076736239,0.9994010340044555,0.9890083607171082
0.5383333333333333,97165,0.9788195337827407,0.9994010340044555,0.9890032184433964
0.538235294117647,97168,0.9787893133541907,0.9994010340044555,0.9889877919430984
0.5381818181818182,97180,0.9786684502984153,0.9994010340044555,0.9889260907540656
0.5378048780487805,97181,0.9786583797244317,0.9994010340044555,0.9889209493358289
0.5376470588235295,97200,0.9784670781893005,0.9994010340044555,0.9888232725457985
0.5375,97214,0.9783261670129817,0.9994010340044555,0.9887513125201427
0.5371428571428571,97220,0.9782657889323184,0.9994010340044555,0.9887204757152361
0.537,97221,0.9782660124870142,0.9994115421798159,0.9887257322556332
0.5368421052631579,97222,0.978255950299315,0.9994115421798159,0.9887205929745407
0.5366666666666667,97250,0.977974293059126,0.9994115421798159,0.9885767147920629
0.5365853658536586,97252,0.9779541808908814,0.9994115421798159,0.9885664393813403
0.5363636363636364,97254,0.9779340695498385,0.9994115421798159,0.9885561641842239
0.5362162162162163,97260,0.9778737404894098,0.9994115421798159,0.9885253398744439
0.536,97263,0.9778435787503984,0.9994115421798159,0.9885099284403955
0.5357894736842106,97284,0.9776324986637063,0.9994115421798159,0.98840206185567
0.5357142857142857,97292,0.977552111170497,0.9994115421798159,0.9883609760152969
0.5352941176470588,97296,0.9775119223811873,0.9994115421798159,0.9883404343759742
0.535,97319,0.9772809009545926,0.9994115421798159,0.9882223365180302
0.5348837209302326,97321,0.9772608172953422,0.9994115421798159,0.988212068472868
0.5346153846153846,97328,0.9771905309879994,0.9994115421798159,0.9881761319950959
0.534375,97331,0.9771604113797249,0.9994115421798159,0.9881607314475701
0.5342857142857144,97333,0.9771403326723722,0.9994115421798159,0.9881504646825665
0.5342857142857143,97376,0.9767088399605652,0.9994115421798159,0.9879297808247638
0.5336363636363637,97433,0.9761374482978047,0.9994115421798159,0.9876373982980003
0.5335714285714286,97434,0.9761274298499497,0.9994115421798159,0.9876322703247178
0.5333333333333333,97455,0.9759170899389462,0.9994115421798159,0.9875245951853141
0.5330434782608696,97514,0.975326619767418,0.9994115421798159,0.9872222049222018
0.5327586206896552,97516,0.9753066163501374,0.9994115421798159,0.9872119576499896
0.5325,97583,0.9746369757027351,0.9994115421798159,0.9868687969203153
0.5324324324324324,97591,0.974557080058612,0.9994115421798159,0.9868278384477704
0.5321428571428571,97605,0.9744172941959941,0.9994115421798159,0.9867561693010806
0.532,97680,0.9736691236691236,0.9994115421798159,0.9863724046379456
0.531578947368421,97691,0.9735594885915796,0.9994115421798159,0.9863161442534547
0.5315384615384615,97773,0.9727429863050127,0.9994115421798159,0.9858969508181427
0.5311111111111111,97838,0.9720967313313845,0.9994115421798159,0.9855649164257365
0.5310810810810811,97840,0.9720768601798855,0.9994115421798159,0.9855547035294604
0.5310344827586208,97841,0.9720669249087805,0.9994115421798159,0.9855495971606952
0.5307142857142857,97901,0.9714711800696622,0.9994115421798159,0.985243311837982
0.5304761904761904,97902,0.9714612571755429,0.9994115421798159,0.9852382086954721
0.5303448275862069,97980,0.9706878954888752,0.9994115421798159,0.9848403263886012
0.53,98070,0.9697970837157133,0.9994115421798159,0.9843816305619094
0.5296774193548387,98114,0.9693621705363149,0.9994115421798159,0.9841575347427022
0.5294117647058824,98116,0.9693424110236862,0.9994115421798159,0.9841473509933775
0.529375,98166,0.9688486848807123,0.9994115421798159,0.9838928257383749
0.5290909090909091,98192,0.9685921459996741,0.9994115421798159,0.9837605246281471
0.5290322580645161,98196,0.9685526905372928,0.9994115421798159,0.9837401737691354
0.5289473684210526,98197,0.9685428271739462,0.9994115421798159,0.9837350861859424
0.5288235294117647,98221,0.9683061667056942,0.9994115421798159,0.9836129999741448
0.5285714285714286,98264,0.9678824391435317,0.9994115421798159,0.9833943379448683
0.5283333333333333,98289,0.9676362563460814,0.9994115421798159,0.9832672535447886
0.5282608695652173,98291,0.9676165671322908,0.9994115421798159,0.9832570882117289
0.5281250000000001,98300,0.9675279755849441,0.9994115421798159,0.9832113468138776
0.5281081081081082,98311,0.9674197190548361,0.9994115421798159,0.9831554464401085
0.5279069767441861,98313,0.9674000386520603,0.9994115421798159,0.9831452834187009
0.5278947368421053,98321,0.9673213250475483,0.9994115421798159,0.9831046334341164
0.5276923076923077,98327,0.9672622982497178,0.9994115421798159,0.9830741481515937
0.5275,98329,0.9672426242512382,0.9994115421798159,0.9830639868108925
0.5272727272727273,98371,0.9668296550812739,0.9994115421798159,0.9828506471697626
0.5271428571428571,98377,0.9667706882706324,0.9994115421798159,0.9828201776367798
0.526984126984127,98378,0.9667710260424078,0.9994220503551763,0.9828254332392968
0.5269767441860466,98380,0.9667513722301281,0.9994220503551763,0.9828152771462819
0.5264705882352941,98394,0.9666138179157265,0.9994220503551763,0.9827441903718781
0.5263829787234042,98396,0.9665941704947355,0.9994220503551763,0.9827340359578424
0.5260869565217392,98422,0.9663388266850907,0.9994220503551763,0.9826020476687363
0.5257142857142857,98427,0.9662897375720076,0.9994220503551763,0.9825766693699604
0.5254545454545455,98429,0.9662701033232076,0.9994220503551763,0.9825665184175046
0.5252136752136752,98432,0.9662406534460338,0.9994220503551763,0.982551292382074
0.525,98499,0.9655935593254754,0.9994325585305368,0.9822216943866408
0.5244444444444444,98500,0.9655837563451777,0.9994325585305368,0.9822166226040979
0.5243243243243244,98514,0.9654465355177945,0.9994325585305368,0.9821456231476988
0.524,98539,0.9652015953074418,0.9994325585305368,0.9820188639308632
0.5236842105263159,98546,0.9651330343189982,0.9994325585305368,0.9819833772133602
0.5230769230769231,98585,0.9647512299031292,0.9994325585305368,0.9817857124423868
0.5227272727272727,98592,0.9646827328789354,0.9994325585305368,0.9817502425731331
0.5225000000000001,98597,0.9646338123878009,0.9994325585305368,0.9817249085213227
0.5222222222222223,98634,0.9642719549039885,0.9994325585305368,0.9815374771669471
0.522,98637,0.9642426270060931,0.9994325585305368,0.9815222831667536
0.5219512195121951,98641,0.9642035259172149,0.9994325585305368,0.9815020252315473
0.5214285714285715,98670,0.9639201378331813,0.9994325585305368,0.9813551802057431
0.5206896551724138,98713,0.9635002481942602,0.9994325585305368,0.98113752533823
0.5205882352941177,98716,0.9634709672190932,0.9994325585305368,0.9811223437177636
0.52,100669,0.944779425642452,0.9994325585305368,0.9713378235537422
0.5194652406417113,100671,0.9447606559982518,0.9994325585305368,0.9713279035923099
0.5193548387096775,100703,0.9444604430851117,0.9994325585305368,0.9711692117610419
0.5192307692307693,100712,0.9443760425768528,0.9994325585305368,0.9711245890257102
0.51875,100754,0.9439823729082716,0.9994325585305368,0.9709164038015904
0.5181818181818182,100792,0.9436264782919279,0.9994325585305368,0.9707281226397764
0.5176470588235295,100832,0.9432521421770866,0.9994325585305368,0.9705300108165474
0.5172727272727273,100834,0.9432334331673841,0.9994325585305368,0.9705201073480341
0.5171428571428571,100860,0.9429902835613722,0.9994325585305368,0.9703913806472677
0.5168202764976958,100861,0.942980934156909,0.9994325585305368,0.9703864303022575
0.5166666666666667,100915,0.9424763414754992,0.9994325585305368,0.9701191866543586
0.5166666666666666,100920,0.9424296472453428,0.9994325585305368,0.9700944493176394
0.5165277777777778,100921,0.9424203089545288,0.9994325585305368,0.970089502001683
0.5162162162162163,100941,0.9422335819934418,0.9994325585305368,0.9699905662782694
0.5160869565217392,100942,0.9422242475877236,0.9994325585305368,0.9699856200218249
0.5157894736842106,101024,0.9414594551789673,0.9994325585305368,0.9695801985850308
0.5157142857142857,101026,0.9414408172153703,0.9994325585305368,0.9695703144910547
0.515625,101029,0.9414128616535846,0.9994325585305368,0.9695554887279363
0.5153846153846154,101040,0.9413103721298496,0.9994325585305368,0.9695011314754032
0.5152173913043478,101046,0.9412544781584625,0.9994325585305368,0.9694714846338107
0.5150769230769231,101047,0.9412451631419043,0.9994325585305368,0.969466543669825
0.515,101107,0.9406865993452481,0.9994325585305368,0.9691701779682175
0.5148648648648648,101111,0.9406493853289949,0.9994325585305368,0.9691504266972361
0.5146341463414634,101113,0.9406307794249997,0.9994325585305368,0.9691405513636341
0.5142857142857143,101188,0.9399335889631182,0.9994325585305368,0.968770371577575
0.5142857142857142,101193,0.9398871463441147,0.9994325585305368,0.9687457029797767
0.5139534883720931,101197,0.9398499955532279,0.9994325585305368,0.9687259690060654
0.5136363636363637,101308,0.9388202313736329,0.9994325585305368,0.9681786717700233
0.5133333333333333,101313,0.9387738987099385,0.9994325585305368,0.9681540332965183
0.5131578947368421,101318,0.9387275706192384,0.9994325585305368,0.9681293960769943
0.5130434782608696,101425,0.9377372442691644,0.9994325585305368,0.9676024599545243
0.5125000000000001,101541,0.9366659772899617,0.9994325585305368,0.9670318497242064
0.5125,101547,0.9366106334997587,0.9994325585305368,0.9670023537067068
0.5120689655172413,101558,0.9365091868685874,0.9994325585305368,0.9669482823476785
0.512,101711,0.9351004316150662,0.9994325585305368,0.9661968253968254
0.5117647058823529,101714,0.935072851328234,0.9994325585305368,0.9661821026219283
0.5116483516483517,101715,0.9350636582608268,0.9994325585305368,0.9661771951300037
0.5115384615384616,101886,0.9334942975482402,0.9994325585305368,0.9653387465110379
0.5115384615384615,101890,0.933457650407302,0.9994325585305368,0.9653191510956388
0.5111111111111112,102054,0.9319575910792326,0.9994325585305368,0.9645164234501922
0.5111111111111111,102055,0.9319582578021655,0.9994430667058972,0.9645216738752351
0.5107142857142858,102224,0.9304175144780091,0.9994430667058972,0.9636958680365574
0.5103448275862069,102346,0.929308424364411,0.9994430667058972,0.9631006025011393
0.51,102501,0.9279031424083668,0.9994430667058972,0.9623453823388055
0.5096774193548388,102611,0.9269084211244408,0.9994430667058972,0.9618101377828341
0.509375,102693,0.9261682880040509,0.9994430667058972,0.9614115244848553
0.5090909090909091,102759,0.9255734290913691,0.9994430667058972,0.9610909293007888
0.5088235294117648,102831,0.9249253629742004,0.9994430667058972,0.9607414328644662
0.5088235294117647,102832,0.9249163684456201,0.9994430667058972,0.9607365805369805
0.5086956521739131,102834,0.9248983799132583,0.9994430667058972,0.9607268760290508
0.5085714285714286,102886,0.9244309235464495,0.9994430667058972,0.960474627619288
0.5083333333333334,102919,0.9241345135494904,0.9994430667058972,0.9603146155904344
0.5083333333333333,102923,0.9240985979810149,0.9994430667058972,0.9602952238157981
0.5081081081081081,102949,0.9238652148151026,0.9994430667058972,0.9601691963677295
0.5080645161290323,102958,0.9237844557975097,0.9994430667058972,0.9601255791885807
0.5078947368421053,102973,0.9236498888058035,0.9994430667058972,0.9600528926954582
0.5076923076923077,103012,0.9233001980351804,0.9994430667058972,0.9598639593088971
0.5076470588235295,103014,0.9232822723125013,0.9994430667058972,0.9598542724217622
0.5075000000000001,103019,0.9232374610508741,0.9994430667058972,0.9598300560592987
0.5073170731707317,103023,0.9232016151733108,0.9994430667058972,0.959810683849092
0.5071428571428571,103039,0.923058259493978,0.9994430667058972,0.9597332028274043
0.5069767441860465,103041,0.9230403431643714,0.9994430667058972,0.9597235185792489
0.5067567567567568,103042,0.9230313852603793,0.9994430667058972,0.9597186765284602
0.5066666666666667,103044,0.9230134699739917,0.9994430667058972,0.9597089925734582
0.5065217391304349,103045,0.9230045125915862,0.9994430667058972,0.9597041506692431
0.50625,103064,0.9228343553520143,0.9994430667058972,0.9596121637710112
0.5055555555555555,103093,0.9225747625929985,0.9994430667058972,0.9594717967083131
0.5052631578947369,103099,0.9225210719793596,0.9994430667058972,0.9594427603738469
0.5045454545454545,103152,0.922047076159454,0.9994430667058972,0.9591863490590774
0.5035714285714286,103191,0.9216985977459274,0.9994430667058972,0.958997756547604
0.5033333333333333,103195,0.9216628712631426,0.9994430667058972,0.9589784179190256
0.5029411764705882,103221,0.9214307166177426,0.9994430667058972,0.9588527358419235
0.5026881720430108,103223,0.9214128634122241,0.9994430667058972,0.9588430693543429
0.5021739130434782,103262,0.9210648641320137,0.9994430667058972,0.9586546117948254
0.5018181818181818,103264,0.9210470251007128,0.9994430667058972,0.9586449493015099
0.5017241379310345,103299,0.9207349538717703,0.9994430667058972,0.9584758871930787
0.5015384615384616,103301,0.9207171276173512,0.9994430667058972,0.9584662283022195
0.5014285714285714,103324,0.9205121752932522,0.9994430667058972,0.958355165047761
0.501219512195122,103327,0.9204854491081711,0.9994430667058972,0.9583406804338735
0.5008035714285715,103328,0.9204765407246825,0.9994430667058972,0.9583358523265421
0.5,107167,0.8875026827288252,0.9994430667058972,0.9401525223519877
0.4988372093023256,107168,0.8874944013138251,0.9994430667058972,0.940147875768539
0.49864864864864866,107180,0.8873950363873857,0.9994430667058972,0.9400921203495038
0.49838709677419357,107220,0.8870639806006342,0.9994430667058972,0.9399063167048778
0.498,107286,0.8865182782469287,0.9994430667058972,0.9395999012101754
0.4977777777777778,107288,0.8865017522928939,0.9994430667058972,0.9395906190109261
0.49772727272727274,107293,0.8864604401032686,0.9994430667058972,0.9395674143151386
0.49736842105263157,107350,0.8859897531439217,0.9994430667058972,0.9393029617705443
0.496875,107382,0.88572572684435,0.9994430667058972,0.9391545624203884
0.4966666666666667,107383,0.8857174785580585,0.9994430667058972,0.9391499256962581
0.4962857142857143,107385,0.885700982446338,0.9994430667058972,0.9391406523853488
0.49615384615384617,107484,0.8848851922146552,0.9994430667058972,0.9386818522758674
0.4954545454545455,107537,0.8844490733421985,0.9994430667058972,0.9384364161992294
0.495,107603,0.8839065825302268,0.9994430667058972,0.9381309581933944
0.49444444444444446,107726,0.8828973506859996,0.9994430667058972,0.9375622258366603
0.49411764705882355,107772,0.8825205062539435,0.9994430667058972,0.9373497063113494
0.49390243902439024,107782,0.8824386261156779,0.9994430667058972,0.9373035191627329
0.49375,107783,0.8824304389374947,0.9994430667058972,0.9372989006982119
0.4928571428571429,108098,0.8798590168180724,0.9994430667058972,0.9358463460951876
0.4925,108100,0.8798427382053654,0.9994430667058972,0.93583713790932
0.49230769230769234,108102,0.879826460195001,0.9994430667058972,0.9358279299046569
0.492,108104,0.8798101827869459,0.9994430667058972,0.9358187220811933
0.49186046511627907,108113,0.8797369419033789,0.9994430667058972,0.9357772891178048
0.4916666666666667,108166,0.8793058817003495,0.9994430667058972,0.9355333693994985
0.49142857142857144,108167,0.8792977525492988,0.9994430667058972,0.9355287683629157
0.4913793103448276,108309,0.8781449371705029,0.9994430667058972,0.9348758803379319
0.4909090909090909,108447,0.8770274880817358,0.9994430667058972,0.9342422560667155
0.4906896551724138,108448,0.8770194010032458,0.9994430667058972,0.9342376677209594
0.4905405405405405,108510,0.8765182932448622,0.9994430667058972,0.9339532782780325
0.4903174603174603,108512,0.8765021380123857,0.9994430667058972,0.9339441073076848
0.49,108644,0.8754372077611281,0.9994430667058972,0.9333392212278223
0.48947368421052634,108714,0.8748735213495962,0.9994430667058972,0.9330187661248392
0.48944444444444446,108717,0.8748493795818502,0.9994430667058972,0.9330050372521227
0.48935483870967744,108720,0.8748252391464312,0.9994430667058972,0.9329913087834258
0.4891304347826087,108946,0.8730104822572651,0.9994430667058972,0.9319582578021656
0.48870967741935484,109071,0.8720099751537989,0.9994430667058972,0.9313878620216908
0.48846153846153845,109125,0.8715784650630012,0.9994430667058972,0.9311416669522098
0.4876470588235294,109127,0.8715624914090921,0.9994430667058972,0.9311325511158103
0.4875,109717,0.8668756892733123,0.9994430667058972,0.9284511496917723
0.4866666666666667,109718,0.8668677883300826,0.9994430667058972,0.9284466180533185
0.4865853658536585,109736,0.8667255959757965,0.9994430667058972,0.9283650561249391
0.4863636363636364,109900,0.8654322111010009,0.9994430667058972,0.9276225958725082
0.48636363636363633,109901,0.865424336448258,0.9994430667058972,0.9276180723185331
0.486,110278,0.8624657683309455,0.9994430667058972,0.9259158302586619
0.4857142857142857,110299,0.8623106283828502,0.9994535748812576,0.9258309281963176
0.4852941176470588,110568,0.8602127197742566,0.9994535748812576,0.92462037991173
0.4848837209302326,110593,0.86001826517049,0.9994535748812576,0.924508036178599
0.4846153846153846,111061,0.8563942337994436,0.9994535748812576,0.9224099890895866
0.4842857142857143,111273,0.8547626108759537,0.9994535748812576,0.9214627222833115
0.4840909090909091,111286,0.854662760814478,0.9994535748812576,0.9214046984742069
0.48333333333333334,112168,0.8479423721560516,0.9994535748812576,0.9174849999035365
0.4833333333333333,112172,0.8479121349356346,0.9994535748812576,0.9174672994559555
0.4826086956521739,112173,0.8479045759674788,0.9994535748812576,0.9174628744507735
0.48243243243243245,112353,0.8465461536407572,0.9994535748812576,0.9166670682401924
0.4823232323232324,112355,0.8465310845089226,0.9994535748812576,0.9166582337039018
0.48214285714285715,112922,0.8422805122119693,0.9994535748812576,0.9141604913353132
0.48157894736842105,113345,0.8391371476465658,0.9994535748812576,0.9123059436283326
0.48125,113349,0.839107535134849,0.9994535748812576,0.9122884424472335
0.4810344827586207,113876,0.8352242790403597,0.9994535748812576,0.9099885189437429
0.4807692307692308,114022,0.834154812229219,0.9994535748812576,0.9093533984109836
0.48,115214,0.8255246758206468,0.9994535748812576,0.9042010096112713
0.47941176470588237,115216,0.8255103457853076,0.9994535748812576,0.9041924137275407
0.4792682926829268,115309,0.824844548127206,0.9994535748812576,0.9037928855482651
0.47923371647509583,115311,0.8248302416942009,0.9994535748812576,0.9037842974224968
0.4790909090909091,115314,0.8248087829751808,0.9994535748812576,0.9037714155398664
0.47903225806451616,115885,0.8207447038011823,0.9994535748812576,0.9013262322967653
0.4785714285714286,116686,0.815110638808426,0.9994535748812576,0.8979183384470145
0.47857142857142854,116688,0.8150966680378445,0.9994535748812576,0.8979098616014954
0.47833333333333333,116689,0.8150896828321436,0.9994535748812576,0.8979056232387551
0.478125,117305,0.8108094284131111,0.9994535748812576,0.8953023735227257
0.4779545454545455,117307,0.8107956046953719,0.9994535748812576,0.8952939459973361
0.47790697674418603,117350,0.8104985087345548,0.9994535748812576,0.8951127925689601
0.4777777777777778,117353,0.8104777892341909,0.9994535748812576,0.8951001566933469
0.47777777777777775,117354,0.810470882969477,0.9994535748812576,0.8950959448140863
0.4772727272727273,118985,0.7993612640248771,0.9994535748812576,0.888278721824524
0.47692307692307695,118986,0.7993629502630561,0.999464083056618,0.8882839131449918
0.4766666666666667,119004,0.799242042284293,0.999464083056618,0.8882092562847858
0.47647058823529415,119562,0.79551195195798,0.999464083056618,0.8859011018693591
0.4762452107279693,119564,0.7954986450771135,0.999464083056618,0.8858928504899222
0.47608695652173916,120923,0.7865583883959214,0.999464083056618,0.8803213520480176
0.4757142857142857,121423,0.7833194699521507,0.999464083056618,0.878289093989944
0.4755555555555555,121427,0.7832936661533267,0.999464083056618,0.8782728737574507
0.475531914893617,121437,0.7832291640933159,0.999464083056618,0.8782323257972032
0.47500000000000003,123566,0.7697343929559911,0.999464083056618,0.8696840854020939
0.475,123567,0.7697281636682933,0.999464083056618,0.8696801093580699
0.47476923076923083,123569,0.7697157053953662,0.999464083056618,0.8696721573790878
0.47432432432432436,123959,0.7672940246371784,0.999464083056618,0.8681242954870098
0.47400000000000003,125802,0.75605316290679,0.999464083056618,0.8608835748486192
0.474,125805,0.7560351337387227,0.999464083056618,0.8608718870067747
0.4736842105263158,126110,0.7542066449924669,0.999464083056618,0.8596852770772887
0.47307692307692306,128463,0.7403921751788453,0.999464083056618,0.8506396812549468
0.4727272727272727,128464,0.7403864117573795,0.999464083056618,0.850635877439319
0.47250000000000003,128642,0.7393619502184356,0.999464083056618,0.8499593397853498
0.4722222222222222,130679,0.7278369133525662,0.999464083056618,0.8422930974172324
0.4721988795518207,130680,0.7278313437404347,0.999464083056618,0.8422893678822551
0.47200000000000003,130681,0.7278257742135429,0.999464083056618,0.8422856383803051
0.47195121951219515,130801,0.727158049250388,0.999464083056618,0.8418383377956762
0.4714285714285714,133154,0.7143082445889721,0.999464083056618,0.8331625189428778
0.47093023255813954,133210,0.7140079573605586,0.999464083056618,0.8329582176605043
0.4706896551724138,135278,0.7030928901964842,0.999464083056618,0.8254832018468855
0.47045454545454546,135315,0.7029006392491594,0.999464083056618,0.8253506827086199
0.47000000000000003,137666,0.690896808216989,0.999464083056618,0.8170167074689687
0.47,137668,0.6908867710724351,0.999464083056618,0.8170096893897745
0.46967741935483875,137669,0.6908817526095199,0.999464083056618,0.8170061803953906
0.46956521739130436,137684,0.6908064844135847,0.999464083056618,0.8169535490964063
0.4694545454545455,137685,0.6908087300722664,0.9994745912319785,0.8169586298416569
0.4693548387096774,139426,0.6821826632048542,0.9994745912319785,0.8108956050982565
0.46914893617021275,139443,0.6820994958513514,0.9994745912319785,0.8108368463004089
0.4688888888888889,139446,0.6820848213645425,0.9994745912319785,0.8108264779847406
0.46875,141432,0.6725069291249505,0.9994745912319785,0.8040203553737173
0.4683673469387755,141434,0.6724974192909767,0.9994745912319785,0.8040135588635576
0.4681818181818182,142957,0.6653329322803361,0.9994745912319785,0.7988711621402564
0.468,142959,0.6653236242559055,0.9994745912319785,0.7988644524048496
0.4676470588235294,144830,0.6567285783332183,0.9994745912319785,0.7926364825787311
0.46714285714285714,146036,0.6513051576323646,0.9994745912319785,0.7886733001658375
0.4671428571428571,146038,0.651296237965461,0.9994745912319785,0.788666760640459
0.4666666666666667,147950,0.6428793511321392,0.9994745912319785,0.7824641937527249
0.46637681159420286,147952,0.6428706607548395,0.9994745912319785,0.7824577567909969
0.46621621621621623,148687,0.6396927774452373,0.9994745912319785,0.7800993229472095
0.4658730158730159,148688,0.6396884751963844,0.9994745912319785,0.7800961238784181
0.46578947368421053,151103,0.6294646697947758,0.9994745912319785,0.7724461661529965
0.4654545454545455,151105,0.6294563383077992,0.9994745912319785,0.7724398929625735
0.4653846153846154,151529,0.6276950286743792,0.9994745912319785,0.7711122731492179
0.465359477124183,151531,0.6276867439665811,0.9994745912319785,0.7711060216056262
0.465,154732,0.6147015484838301,0.9994745912319785,0.7612286711271888
0.46463414634146344,154890,0.6140745044870554,0.9994745912319785,0.7607476785014436
0.46432432432432436,154892,0.6140665754202929,0.9994745912319785,0.7607415938829704
0.4642857142857143,158952,0.5983819014545272,0.9994745912319785,0.7485872593618663
0.46428571428571425,158956,0.5983668436548479,0.9994745912319785,0.7485754761529986
0.46395348837209305,159021,0.5981222605819357,0.9994745912319785,0.7483840509864862
0.46373626373626375,159023,0.5981147381196431,0.9994745912319785,0.7483781625338825
0.4636363636363636,164180,0.5793275673041783,0.9994745912319785,0.7334968227527917
0.4636134453781513,164181,0.5793240387133712,0.9994745912319785,0.7334939944861093
0.4633333333333333,164211,0.5792182009731383,0.9994745912319785,0.733409156626506
0.46304347826086956,170296,0.5585216329215014,0.9994745912319785,0.7165976041588186
0.46285714285714286,170297,0.5585183532299454,0.9994745912319785,0.7165949047129334
0.4628525641025641,170298,0.5585150735769063,0.9994745912319785,0.7165922052873857
0.46276595744680854,170307,0.5584855584327126,0.9994745912319785,0.716567911372617
0.4625,176860,0.537792604319801,0.9994745912319785,0.6993059435932123
0.46224489795918366,176865,0.5377774008424504,0.9994745912319785,0.6992930900749552
0.462,183950,0.5170644196792606,0.9994745912319785,0.6815423088773763
0.46199999999999997,183952,0.5170587979472906,0.9994745912319785,0.6815374252998752
0.46176470588235297,183954,0.5170531763375626,0.9994745912319785,0.6815325417923602
0.46153846153846156,191184,0.4974997907774709,0.9994745912319785,0.6643245281964603
0.46111111111111114,198128,0.4800633933618671,0.9994745912319785,0.6485959385186094
0.4610606060606061,198130,0.4800585474183617,0.9994745912319785,0.6485915156805118
0.46071428571428574,204876,0.46425154727737755,0.9994745912319785,0.6340087988268232
0.46034482758620693,211262,0.4502182124565705,0.9994745912319785,0.620795885466638
0.4603448275862069,211264,0.4502139503180854,0.9994745912319785,0.620791833644445
0.46,216888,0.4385397071299473,0.9994745912319785,0.609603527617192
0.45999999999999996,216890,0.4385356632394301,0.9994745912319785,0.6095996205784896
0.45967741935483875,221805,0.4288181059940037,0.9994745912319785,0.6001470175316829
0.45937500000000003,226159,0.4205625245955279,0.9994745912319785,0.5920148884455827
0.459375,226161,0.4205588054527527,0.9994745912319785,0.5920112036100521
0.4590909090909091,229536,0.4143750871323017,0.9994745912319785,0.5858577148136741
0.4589285714285714,229538,0.4143714766182506,0.9994745912319785,0.5858541062266325
0.45882352941176474,232404,0.40926145849469026,0.9994745912319785,0.5807282762663019
0.4585714285714286,234567,0.4054875579258804,0.9994745912319785,0.5769187610506746
0.4585714285714285,234569,0.4054841006271076,0.9994745912319785,0.5769152617420761
0.45833333333333337,236248,0.40260235007280487,0.9994745912319785,0.5739924927280847
0.4583333333333333,236250,0.4025989417989418,0.9994745912319785,0.5739890288279916
0.4582222222222222,236251,0.40259723768365,0.9994745912319785,0.5739872968936228
0.4581081081081081,237414,0.40062506844583723,0.9994745912319785,0.5719801069222858
0.4578947368421053,238246,0.39922601009041075,0.9994745912319785,0.5705527728622417
0.45779220779220775,238248,0.399222658742151,0.9994745912319785,0.5705493503533167
0.45777777777777784,238250,0.3992193074501574,0.9994745912319785,0.5705459278854518
0.45769230769230773,238252,0.3992159562144284,0.9994745912319785,0.5705425054586463
0.4576923076923077,238822,0.398263141586621,0.9994745912319785,0.5695687843203009
0.4575,239192,0.3976470784976086,0.9994745912319785,0.5689384966921485
0.4573563218390805,239193,0.39764541604478393,0.9994745912319785,0.568936795102241
0.4573170731707317,239455,0.39721033179511805,0.9994745912319785,0.5684913289442619
0.4572072072072072,239456,0.3972086729921155,0.9994745912319785,0.5684896300280916
0.45714285714285713,239595,0.3969782341033828,0.9994745912319785,0.568253579440732
0.4569767441860465,239693,0.39681592704000535,0.9994745912319785,0.5680872730747752
0.45681818181818185,239780,0.3966719492868463,0.9994745912319785,0.5679397152956912
0.45666666666666667,239817,0.3966107490294683,0.9994745912319785,0.5678769840677531
0.4565217391304348,239838,0.3965760221482834,0.9994745912319785,0.567841386021576
0.4563829787234043,239859,0.3965413013478752,0.9994745912319785,0.5678057924381311
0.4563492063492064,239860,0.3965396481280747,0.9994745912319785,0.5678040976168871
0.45625,239868,0.3965264228659096,0.9994745912319785,0.5677905394111608
0.4560416666666667,239870,0.3965231166882061,0.9994745912319785,0.5677871499608995
0.456,239872,0.396519810565635,0.9994745912319785,0.567783760551105
0.45588235294117646,239874,0.39651650449819487,0.9994745912319785,0.5677803711817764
0.45581818181818184,239879,0.3965082395707836,0.9994745912319785,0.5677718979354888
0.45571428571428574,239880,0.3965065866266467,0.9994745912319785,0.5677702033165793
0.45555555555555555,239881,0.3965049336962911,0.9994745912319785,0.5677685087077855
0.455,239882,0.3965032807797167,0.9994745912319785,0.5677668141091075
0.4549274255156608,239884,0.39649997498791084,0.9994745912319785,0.5677634249420979
0.45416666666666666,239885,0.396498322112679,0.9994745912319785,0.5677617303737662
0.45357142857142857,239887,0.39649501640355667,0.9994745912319785,0.5677583412674487
0.4534920634920635,239888,0.39649336356966586,0.9994745912319785,0.5677566467294629
0.4533333333333333,239905,0.39646526750171945,0.9994745912319785,0.5677278411312296
0.45307210031347966,239906,0.39646361491584203,0.9994745912319785,0.5677261467753006
0.452991452991453,239907,0.39646196234374154,0.9994745912319785,0.5677244524294851
0.45277777777777783,239909,0.3964586572408705,0.9994745912319785,0.5677210637681939
0.45272727272727276,239911,0.39645535219310496,0.9994745912319785,0.567717675147355
0.452463768115942,239912,0.3964536996898863,0.9994745912319785,0.5677159808521052
0.4521978021978022,239913,0.39645204720044347,0.9994745912319785,0.5677142865669682
0.4521428571428571,239914,0.3964503947247764,0.9994745912319785,0.567712592291944
0.4521021021021021,239915,0.3964487422628848,0.9994745912319785,0.5677108980270325
0.4519396551724138,239917,0.3964454373804274,0.9994745912319785,0.5677075095275471
0.45177777777777783,239918,0.39644378495986127,0.9994745912319785,0.567705815292973
0.4517241379310345,239919,0.39644213255307,0.9994745912319785,0.5677041210685113
0.45153846153846156,239921,0.3964388277808112,0.9994745912319785,0.5677007326499247
0.4514285714285714,239924,0.39643387072572983,0.9994745912319785,0.5676956500978848
0.450952380952381,239926,0.39643056609121147,0.9994745912319785,0.5676922617804172
0.4509090909090909,239927,0.39642891379461254,0.9994745912319785,0.5676905676368509
0.45089285714285715,239928,0.39642726151178687,0.9994745912319785,0.5676888735033961
0.4508547008547009,239929,0.3964256092427343,0.9994745912319785,0.5676871793800526
0.4507936507936508,239930,0.3964239569874547,0.9994745912319785,0.5676854852668206
0.4507692307692308,239931,0.3964223047459478,0.9994745912319785,0.5676837911636998
0.45046153846153847,239932,0.3964248203657703,0.9994850994073389,0.5676880655095853
0.4503030303030303,239935,0.39641986371308896,0.9994850994073389,0.5676829832377894
0.45,428843,0.2218014518133676,0.9995166239334202,0.3630409517430111
0.44999999999999996,428888,0.22177817985114995,0.9995166239334202,0.3630097776556525
0.4494949494949495,428890,0.22177714565506307,0.9995166239334202,0.36300839226491927
0.4494444444444445,428892,0.22177611146862147,0.9995166239334202,0.3630070068847604
0.449375,428893,0.22177559437901762,0.9995166239334202,0.3630063141986463
0.44935064935064933,428894,0.221777408870257,0.9995271321087806,0.3630094378866462
0.4492424242424242,428895,0.2217768917800394,0.9995271321087806,0.3630087451985368
0.4492063492063492,428897,0.22177585760683802,0.9995271321087806,0.3630073598302488
0.4490990990990991,428899,0.2217748234432815,0.9995271321087806,0.3630059744725348
0.4490322580645162,428901,0.2217737892893698,0.9995271321087806,0.3630045891253947
0.4489473684210526,428906,0.22177120394678554,0.9995271321087806,0.3630011258038048
0.4485714285714286,428907,0.22177068688550197,0.9995271321087806,0.36300043314741703
0.4484457478005865,428909,0.22176965277016802,0.9995271321087806,0.36299904784257153
0.4483333333333333,428910,0.2217691357161176,0.9995271321087806,0.3629983551941138
0.44777777777777783,428913,0.2217675845684323,0.9995271321087806,0.3629962772646004
0.447742946708464,428915,0.22176655048203023,0.9995271321087806,0.36299489199147456
0.4476190476190476,428920,0.221763965308216,0.9995271321087806,0.3629914288549164
0.4474876847290641,428923,0.22176241423285764,0.9995271321087806,0.3629893510046996
0.4473291925465838,428924,0.2217618972125598,0.9995271321087806,0.3629886583932469
0.44727272727272727,428925,0.22176138019467273,0.9995271321087806,0.36298796578443737
0.4471428571428572,428931,0.22175827813797558,0.9995271321087806,0.36298381018708437
0.44666666666666666,428934,0.22175672714217107,0.9995271321087806,0.36298173242408865
0.44642857142857145,428935,0.22175621014839078,0.9995271321087806,0.3629810398417093
0.44637681159420284,428938,0.2217546591815134,0.9995271321087806,0.3629789621104289
0.4461538461538462,428939,0.22175414219737538,0.9995271321087806,0.3629782695386212
0.4460869565217392,428941,0.22175310823633088,0.9995271321087806,0.3629768844029345
0.446,428943,0.2217520742849283,0.9995271321087806,0.3629754992778192
0.445959595959596,428945,0.22175104034316753,0.9995271321087806,0.3629741141632752
0.44583333333333336,428947,0.22175000641104844,0.9995271321087806,0.3629727290593023
0.4458333333333333,428949,0.2217489724885709,0.9995271321087806,0.3629713439659005
0.44572649572649575,428950,0.22174845553094766,0.9995271321087806,0.36297065142316365
0.4454545454545455,428952,0.2217497528861038,0.999537640284141,0.36297308229475916
0.4454248366013072,428953,0.22174923593027673,0.999537640284141,0.3629723897526697
0.4453968253968254,428955,0.22174820202585352,0.999537640284141,0.3629710046764189
0.44532967032967036,428956,0.22174768507725734,0.999537640284141,0.3629703121422575
0.44529914529914527,428957,0.22174716813107143,0.999537640284141,0.36296961961073876
0.44522058823529415,428959,0.22174613424593026,0.999537640284141,0.3629682345556291
0.44500000000000006,428962,0.22174458343629505,0.999537640284141,0.3629661569927842
0.445,428963,0.22174406650457032,0.999537640284141,0.36296546447712097
0.4444444444444444,428964,0.22174354957525574,0.999537640284141,0.36296477196410043
0.4443333333333333,428967,0.22174199880177264,0.999537640284141,0.3629626944408936
0.44431818181818183,428972,0.22173941422750204,0.999537640284141,0.36295923195506513
0.4442857142857143,428974,0.22173838041466382,0.999537640284141,0.3629578469792306
0.443963133640553,428975,0.22173786351185967,0.999537640284141,0.362957154495277
0.44381818181818183,428977,0.22173682971348113,0.999537640284141,0.36295576953529685
0.44365079365079363,428979,0.22173579592474224,0.999537640284141,0.3629543845858859
0.44356725146198833,428980,0.2217352790339876,0.999537640284141,0.3629536921151439
0.4435540069686411,428981,0.2217347621456428,0.999537640284141,0.3629529996470442
0.4433566433566434,428984,0.22173321149506742,0.999537640284141,0.36295092225859865
0.4433333333333333,428986,0.22173217774006612,0.999537640284141,0.3629495373461795
0.44294871794871793,428988,0.2217311439947038,0.999537640284141,0.36294815244432915
0.4428571428571429,428991,0.22172959339473322,0.999537640284141,0.36294607511136967
0.4427777777777778,428993,0.22172855967346786,0.999537640284141,0.3629446902359407
0.44275362318840583,428994,0.22172804281644964,0.999537640284141,0.36294399780218944
0.44272727272727275,428996,0.22172700910964205,0.999537640284141,0.36294261294261293
0.4427083333333333,428998,0.2217259754124728,0.999537640284141,0.36294122809360463
0.4425133689839572,428999,0.22172545856750248,0.999537640284141,0.3629405356730635
0.4425,429002,0.22172390804704872,0.999537640284141,0.3629384584272921
0.4420634920634921,429006,0.2217218407201764,0.999537640284141,0.36293568880325083
0.4416666666666667,429009,0.22172029025032108,0.999537640284141,0.36293361161295984
0.44166666666666665,429011,0.22171925661579772,0.999537640284141,0.36293222683264176
0.4415873015873016,429013,0.2217182229909117,0.999537640284141,0.362930842062891
0.44155844155844154,429015,0.22171718937566284,0.999537640284141,0.36292945730370735
0.44153846153846155,429021,0.22171408858773814,0.999537640284141,0.3629253030895581
0.44149560117302056,429024,0.2217125382262997,0.999537640284141,0.36292322601814614
0.44142857142857145,429025,0.22171202144397179,0.999537640284141,0.3629225336662921
0.4414141414141414,429026,0.22171150466405298,0.999537640284141,0.36292184131707966
0.4413636363636364,429027,0.22171098788654328,0.999537640284141,0.36292114897050887
0.4411111111111111,429030,0.2217094375684684,0.999537640284141,0.3629190719466457
0.4409090909090909,429031,0.22170892080059482,0.999537640284141,0.36291837961064105
0.44068965517241376,429033,0.22170788727207463,0.999537640284141,0.3629169949465563
0.4403726708074534,429035,0.2217068537531903,0.999537640284141,0.3629156102930376
0.4403636363636364,429036,0.22170633699736153,0.999537640284141,0.36291491797024034
0.4402777777777778,429040,0.22170426999813536,0.999537640284141,0.3629121487054658
0.4402020202020202,429041,0.221703753254351,0.999537640284141,0.3629114563958757
0.44000000000000006,429042,0.2217032365129754,0.999537640284141,0.3629107640889268
0.44,429046,0.22170116957156108,0.999537640284141,0.36290799488754505
0.43991228070175437,429047,0.2217006528422294,0.999537640284141,0.3629073025938029
0.4396103896103896,429048,0.22170013611530645,0.999537640284141,0.36290661030270194
0.4394396551724138,429050,0.22169910266868664,0.999537640284141,0.36290522572842393
0.4393548387096774,429051,0.22169858594898975,0.999537640284141,0.36290453344524665
0.43931623931623937,429058,0.221694968978553,0.999537640284141,0.3628996875369595
0.4390909090909091,429060,0.22169393558010533,0.999537640284141,0.36289830301550474
0.43907563025210083,429061,0.2216934188844943,0.999537640284141,0.36289761075873916
0.43888888888888894,429066,0.22169083544256596,0.999537640284141,0.3628941495145261
0.4388888888888889,429068,0.22168980208265357,0.999537640284141,0.3628927650353279
0.4388111888111888,429070,0.22168876873237467,0.999537640284141,0.3628913805666935
0.4385714285714286,429072,0.22168773539172912,0.999537640284141,0.36288999610862277
0.43849206349206354,429074,0.2216867020607168,0.999537640284141,0.36288861166111575
0.43846153846153846,429076,0.22168566873933757,0.999537640284141,0.36288722722417216
0.4383116883116884,429078,0.22168463542759126,0.999537640284141,0.36288584279779185
0.4382857142857143,429080,0.22168360212547777,0.999537640284141,0.36288445838197475
0.43812260536398473,429083,0.22168205219036877,0.999537640284141,0.362882381778055
0.4381048387096774,429084,0.2216815355501487,0.999537640284141,0.3628816895820298
0.4380952380952381,429086,0.22168050227693284,0.999537640284141,0.36288030519790176
0.43801169590643274,429087,0.221679985643937,0.999537640284141,0.36287961300979876
0.43792114695340506,429089,0.22167895238516952,0.999537640284141,0.3628782286415147
0.4377777777777778,429095,0.2216758526666589,0.999537640284141,0.3628740756000374
0.437487922705314,429097,0.22167481944641887,0.999537640284141,0.36287269127400285
0.43745519713261655,429099,0.22167378623581038,0.999537640284141,0.36287130695853037
0.43736263736263736,429100,0.22167326963411793,0.999537640284141,0.36287061480475485
0.43735632183908046,429102,0.22167223643795647,0.999537640284141,0.36286923050512526
0.43715277777777783,429105,0.22167068666177275,0.999537640284141,0.36286715407548414
0.43714285714285717,429110,0.22166810374962131,0.999537640284141,0.36286369341222335
0.43694444444444447,429112,0.2216670706016145,0.999537640284141,0.3628623091654014
0.4369318181818182,429114,0.2216660374632382,0.999537640284141,0.3628609249291407
0.4368686868686869,429118,0.22166397121537665,0.999537640284141,0.3628581564883021
0.4367521367521368,429120,0.22166293810589113,0.999537640284141,0.3628567722837241
0.43675213675213675,429121,0.22166242155475963,0.999537640284141,0.36285608018539534
0.4366666666666667,429123,0.221661388459719,0.999537640284141,0.3628546959966583
0.43660130718954254,429124,0.22166087191580988,0.999537640284141,0.36285400390625
0.43650793650793646,429126,0.2216598388352139,0.999537640284141,0.36285261973335364
0.43647058823529417,429128,0.22165880576424749,0.999537640284141,0.36285123557101767
0.43644444444444447,429132,0.2216567396512029,0.999537640284141,0.36284846727802617
0.43642857142857144,429133,0.22165622312896002,0.999537640284141,0.3628477752113783
0.43636363636363634,429135,0.2216551900916961,0.999537640284141,0.3628463910860024
0.4363492063492064,429136,0.22165467357667498,0.999537640284141,0.3628456990272745
0.4362369337979094,429138,0.22165364055385448,0.999537640284141,0.3628443149177383
0.43623376623376625,429139,0.221653124046055,0.999537640284141,0.36284362286693
0.43611111111111117,429141,0.2216520910376776,0.999537640284141,0.36284223877323313
0.4360869565217392,429144,0.221650541543165,0.999537640284141,0.3628401626524867
0.4357894736842105,429145,0.22165002504980835,0.999537640284141,0.3628394706175176
0.4356725146198831,429146,0.22164950855885876,0.999537640284141,0.3628387785851882
0.4356060606060606,429147,0.22164899207031624,0.999537640284141,0.36283808655549854
0.43555555555555553,429148,0.22164847558418074,0.999537640284141,0.3628373945284487
0.43550724637681154,429149,0.2216479591004523,0.999537640284141,0.36283670250403866
0.43529411764705883,429150,0.22164744261913083,0.999537640284141,0.3628360104822682
0.43506493506493504,429151,0.2216469261402164,0.999537640284141,0.3628353184631376
0.43500000000000005,429154,0.2216453767179148,0.999537640284141,0.3628332424215838
0.435,429156,0.22164434378174835,0.999537640284141,0.36283185840707965
0.4346153846153846,429161,0.2216417614834526,0.999537640284141,0.36282839841701237
0.434472049689441,429163,0.22164072858098205,0.999537640284141,0.3628270144394624
0.4342857142857143,429172,0.2216360806389979,0.999537640284141,0.3628207866711422
0.434047619047619,429174,0.22163504778947465,0.999537640284141,0.36281940275166014
0.43393939393939396,429175,0.22163453136832295,0.999537640284141,0.36281871079587824
0.43392857142857144,429178,0.22163298211930715,0.999537640284141,0.3628166349443684
0.4338095238095238,429179,0.2216324657077816,0.999537640284141,0.3628159429991437
0.4337606837606838,429180,0.22163194929866256,0.999537640284141,0.36281525105655826
0.43375,429181,0.22163143289195,0.999537640284141,0.3628145591166121
0.43364055299539167,429184,0.2216298836862511,0.999537640284141,0.36281248331260924
0.4336363636363636,429185,0.22162936728916435,0.999537640284141,0.36281179138321995
0.43342857142857144,429187,0.22162833450221,0.999537640284141,0.3628104075323591
0.43333333333333335,429195,0.22162420345064598,0.999537640284141,0.3628048722344806
0.4333333333333333,429213,0.2216149091476726,0.999537640284141,0.3627924184317772
0.43307692307692314,429217,0.22161284385287627,0.999537640284141,0.36278965103617405
0.4330434782608696,429221,0.2216107785965738,0.999537640284141,0.36278688368279033
0.43304347826086953,429223,0.2216097459828574,0.999537640284141,0.3627855000219304
0.43303571428571425,429225,0.22160871337876406,0.999537640284141,0.3627841163716249
0.43268817204301074,429227,0.22160768078429363,0.999537640284141,0.3627827327318738
0.43256704980842914,429229,0.22160664819944598,0.999537640284141,0.3627813491026768
0.43253968253968256,429230,0.22160613191063067,0.999537640284141,0.3627806572920361
0.43250000000000005,429233,0.22160458305861852,0.999537640284141,0.36277858187594514
0.4325,429234,0.22160406677942568,0.999537640284141,0.3627778900758584
0.4324561403508772,429236,0.22160303422825672,0.999537640284141,0.3627765064836003
0.4323863636363636,429238,0.22160200168670993,0.999537640284141,0.3627751229018959
0.43233333333333335,429239,0.22160148541954483,0.999537640284141,0.3627744311150013
0.43214285714285716,429241,0.22160045289243105,0.999537640284141,0.3627730475491271
0.43205128205128207,429242,0.22159993663248237,0.999537640284141,0.36277235577014755
0.432,429244,0.22159890411980132,0.999537640284141,0.3627709722201034
0.43193277310924366,429246,0.2215978716167419,0.999537640284141,0.36276958868061254
0.43189964157706096,429249,0.22159632288019307,0.999537640284141,0.3627675133911631
0.4318181818181818,429288,0.22157619127485512,0.999537640284141,0.36274053678887674
0.43177339901477835,429290,0.22157515898343777,0.999537640284141,0.3627391534815256
0.4316666666666667,429291,0.22157464284133607,0.999537640284141,0.36273846183180636
0.43157894736842106,429292,0.22157645611844617,0.9995481484595015,0.362741583660021
0.43153846153846154,429293,0.22157593997572753,0.9995481484595015,0.3627408920083057
0.43145888594164455,429295,0.22157490769750404,0.9995481484595015,0.3627395087127879
0.43142857142857144,429296,0.22157439156199918,0.9995481484595015,0.36273881706898525
0.4314285714285714,429297,0.22157387542889886,0.9995481484595015,0.36273812542782014
0.43141025641025643,429301,0.22157181092054293,0.9995481484595015,0.36273535888953506
0.4313636363636364,429302,0.2215712947994652,0.9995481484595015,0.3627346672615575
0.43125,429304,0.22157026256452303,0.9995481484595015,0.3627332840135146
0.4311111111111111,429307,0.221568714230143,0.9995481484595015,0.362731209161231
0.43110599078341016,429309,0.22156768201924487,0.9995481484595015,0.36272982593956216
0.4310344827586207,429310,0.22156716591740233,0.9995481484595015,0.3627291343326838
0.430952380952381,429314,0.2215651015340753,0.9995481484595015,0.36272636793154334
0.4307692307692308,429317,0.22156355327182478,0.9995481484595015,0.36272429315837945
0.43064935064935067,429320,0.22156200503121215,0.9995481484595015,0.36272221840895047
0.4305555555555556,429321,0.2215614889558163,0.9995481484595015,0.36272152683108194
0.4305555555555555,429325,0.22155942467827403,0.9995481484595015,0.36271876054597907
0.4305194805194805,429326,0.22155890861489871,0.9995481484595015,0.3627180689812961
0.43034482758620696,429328,0.22155787649536018,0.9995481484595015,0.36271668585984157
0.4303448275862069,429330,0.22155684438543777,0.9995481484595015,0.36271530274893515
0.4303030303030303,429332,0.22155581228513133,0.9995481484595015,0.3627139196485769
0.43028846153846156,429336,0.22155374811336576,0.9995481484595015,0.3627111534795043
0.43025210084033616,429340,0.22155168398006242,0.9995481484595015,0.3627083873526227
0.43000000000000005,429350,0.22154652381506929,0.9995481484595015,0.36270147221999793
0.43,429385,0.22152846513036087,0.9995481484595015,0.36267727133213484
0.4299547511312217,429387,0.2215274332944407,0.9995481484595015,0.36267588852180244
0.4297619047619048,429388,0.22152691738008515,0.9995481484595015,0.36267519712059054
0.42976190476190473,429392,0.221524853746693,0.9995481484595015,0.3626724315421042
0.42971014492753623,429393,0.22152433784435238,0.9995481484595015,0.3626717401540729
0.429375,429394,0.2215238219444147,0.9995481484595015,0.3626710487686776
0.4291666666666667,429396,0.22152279015174803,0.9995481484595015,0.36266966600579537
0.42909482758620693,429400,0.22152072659524918,0.9995481484595015,0.362666900511663
0.42909090909090913,429402,0.2215196948314167,0.9995481484595015,0.3626655177804127
0.4290909090909091,429406,0.221517631332585,0.9995481484595015,0.3626627523495434
0.42903225806451617,429408,0.22151659959758552,0.9995481484595015,0.3626613696499241
0.4288461538461539,429410,0.22151556787219673,0.9995481484595015,0.3626599869608482
0.42875,429413,0.22151402030213338,0.9995481484595015,0.36265791294700306
0.42872727272727273,429415,0.22151298860077082,0.9995481484595015,0.36265653028428513
0.4285714285714286,429419,0.22151092522687632,0.9995481484595015,0.3626537649904782
0.42857142857142855,429423,0.22150886189142174,0.9995481484595015,0.3626509997388422
0.4283333333333334,429424,0.2215083460635642,0.9995481484595015,0.3626503084325223
0.42790209790209793,429425,0.2215078302381091,0.9995481484595015,0.36264961712883803
0.42789473684210527,429426,0.2215073144150564,0.9995481484595015,0.36264892582778935
0.4277777777777778,429554,0.22144130889247918,0.9995481484595015,0.3625604610476485
0.4274747474747475,429556,0.22144027786831053,0.9995481484595015,0.36255907912791585
0.4273809523809524,429557,0.22143976235982651,0.9995481484595015,0.362558388172
0.4273291925465838,429563,0.22143666935932563,0.9995481484595015,0.36255424249180995
0.4273214285714285,429564,0.22143615386764254,0.9995481484595015,0.3625535515543291
0.4272727272727273,429566,0.22143745082245803,0.9995586566348619,0.362555981171269
0.42727272727272725,429571,0.22143487339694717,0.9995586566348619,0.3625525265133829
0.42714285714285716,429573,0.22143384244354278,0.9995586566348619,0.36255114466866256
0.4270114942528736,429576,0.22143229603143566,0.9995586566348619,0.3625490719213325
0.42697368421052634,429578,0.22143126510203037,0.9995586566348619,0.36254769010294585
0.42692307692307696,429580,0.2214302341822245,0.9995586566348619,0.3625463082950925
0.42678571428571427,429581,0.2214297187259213,0.9995586566348619,0.36254561739511576
0.4264705882352941,429583,0.2214286878205143,0.9995586566348619,0.362544235603062
0.4263768115942029,429585,0.2214276569247064,0.9995586566348619,0.36254285382154133
0.4263440860215054,429586,0.22142714148040207,0.9995586566348619,0.36254216293473085
0.42628571428571427,429590,0.22142507972718173,0.9995586566348619,0.3625393994138205
0.426218487394958,429591,0.22142456429487584,0.9995586566348619,0.3625387085401759
0.42608695652173917,429594,0.22142301801235587,0.9995586566348619,0.36253663593504054
0.42606837606837605,429596,0.2214219871693405,0.9995586566348619,0.36253525421144905
0.4260416666666667,429597,0.22142147175143215,0.9995586566348619,0.3625345633536029
0.42598039215686273,429598,0.22142095633592335,0.9995586566348619,0.3625338724983897
0.42588888888888893,429599,0.22142044092281407,0.9995586566348619,0.3625331816458096
0.4257575757575758,429602,0.22141889469788315,0.9995586566348619,0.36253110910386727
0.4257142857142857,429606,0.2214168330982342,0.9995586566348619,0.3625283457514721
0.4254901960784314,429608,0.22141580231280608,0.9995586566348619,0.36252696409107193
0.42547619047619045,429609,0.22141528692369108,0.9995586566348619,0.3625262732648212
0.42523809523809525,429610,0.2214147715369754,0.9995586566348619,0.36252558244120325
0.42505494505494507,429612,0.22141374077074197,0.9995586566348619,0.3625242008018659
0.42500000000000004,429620,0.2214096178017783,0.9995586566348619,0.36251867434982776
0.425,429628,0.22140549498636028,0.9995586566348619,0.3625131480662815
0.4248717948717949,429630,0.2214044643064963,0.9995586566348619,0.36251176652172096
0.42478927203065137,429631,0.22140394897016277,0.9995586566348619,0.3625110757533894
0.4246305418719212,429632,0.22140343363622822,0.9995586566348619,0.3625103849876905
0.42454954954954954,429633,0.2214029183046926,0.9995586566348619,0.362509694224624
0.42444444444444446,429653,0.22139261217773412,0.9995586566348619,0.36249587951609796
0.4242857142857143,429661,0.22138848999560118,0.9995586566348619,0.3624903539274996
0.42428571428571427,429663,0.22138745947405292,0.9995586566348619,0.36248897255667106
0.42412280701754385,429665,0.22138642896209837,0.9995586566348619,0.36248759119637064
0.42404761904761906,429668,0.2213848832121545,0.9995586566348619,0.36248551917566
0.42400000000000004,429671,0.22138333748379574,0.9995586566348619,0.36248344717863706
0.423963133640553,429673,0.22138230701021475,0.9995586566348619,0.3624820658604481
0.4238738738738739,429674,0.22138179177702164,0.9995586566348619,0.36248137520530144
0.42368421052631583,429675,0.2213812765462268,0.9995586566348619,0.3624806845527867
0.4236607142857143,429677,0.22138024609183177,0.9995586566348619,0.36247930325565264
0.42363636363636364,429681,0.22137818521181993,0.9995586566348619,0.36247654069296653
0.42337662337662335,429684,0.22137663957699147,0.9995586566348619,0.36247446879858547
0.42333333333333334,429690,0.2213735483720822,0.9995586566348619,0.3624703250808797
0.423109243697479,429691,0.221373033179657,0.9995586566348619,0.3624696344704728
0.42307692307692313,429693,0.2213720028020005,0.9995586566348619,0.362468253257554
0.4230769230769231,429695,0.2213709724339357,0.9995586566348619,0.3624668720551614
0.4230434782608696,429697,0.22136994207546248,0.9995586566348619,0.3624654908632952
0.42301075268817206,429698,0.22136942689982267,0.9995586566348619,0.3624648002713094
0.4227272727272728,429701,0.22136788138729024,0.9995586566348619,0.362462728511141
0.42270833333333335,429702,0.2213673662212417,0.9995586566348619,0.3624620379296811
0.4226190476190476,429705,0.2213658207374827,0.9995586566348619,0.36245996620109017
0.42250000000000004,429712,0.22136221469263134,0.9995586566348619,0.3624551322598099
0.4223938223938224,429714,0.22136118441568112,0.9995586566348619,0.3624537511574118
0.42230769230769233,429716,0.22136015414832122,0.9995586566348619,0.3624523700655388
0.42228682170542636,429717,0.22135963901823758,0.9995586566348619,0.3624516795235491
0.4222222222222223,429719,0.2213586087652629,0.9995586566348619,0.36245029844746357
0.4222222222222222,429738,0.2213488218402841,0.9995586566348619,0.3624371787495571
0.42212543554006976,429739,0.22134830676294215,0.9995586566348619,0.36243648826545094
0.42200000000000004,429749,0.22134315612136388,0.9995586566348619,0.3624295835690867
0.42196969696969694,429754,0.2213405808904629,0.9995586566348619,0.3624261313195585
0.42195121951219516,429756,0.221339550814881,0.9995586566348619,0.362424750438162
0.4219512195121951,429757,0.22133903578068537,0.9995586566348619,0.36242406000140975
0.42193236714975846,429758,0.22133852074888657,0.9995586566348619,0.3624233695672881
0.4215384615384616,429764,0.22133543060842695,0.9995586566348619,0.36241922701780055
0.42149321266968326,429766,0.22133440058078116,0.9995586566348619,0.3624178461890156
0.4214835164835165,429768,0.2213333705627222,0.9995586566348619,0.3624164653707528
0.42142857142857143,429802,0.2213158617223745,0.9995586566348619,0.36239299307002737
0.42137681159420287,429809,0.22131225730498896,0.9995586566348619,0.3623881609149423
0.42111111111111116,429812,0.22131071259062102,0.9995586566348619,0.36238609003078237
0.420989010989011,429814,0.2213096827930221,0.9995586566348619,0.3623847094544914
0.4209090909090909,429816,0.2213086530050068,0.9995586566348619,0.3623833288887196
0.4208333333333334,429817,0.22130813811459296,0.9995586566348619,0.3623826386097782
0.42083333333333334,429819,0.22130710834095282,0.9995586566348619,0.36238125805978477
0.4208333333333333,429821,0.22130607857689596,0.9995586566348619,0.3623798775203101
0.42071428571428576,429827,0.22130298934222373,0.9995586566348619,0.3623757359649975
0.4206896551724138,429829,0.22130195961649865,0.9995586566348619,0.3623743554675967
0.4204761904761905,429831,0.22130092990035619,0.9995586566348619,0.3623729749807141
0.4204545454545455,429835,0.22129887049681854,0.9995586566348619,0.36237021403850295
0.4204466501240695,429837,0.2212978408094231,0.9995586566348619,0.3623688335831741
0.42042735042735047,429839,0.22129681113160973,0.9995586566348619,0.362367453138363
0.42034482758620695,429848,0.22129217770002418,0.9995586566348619,0.36236124126686625
0.42033333333333334,429849,0.22129166288626936,0.9995586566348619,0.36236055107206866
0.42010989010989014,429851,0.22129063326594564,0.9995586566348619,0.3623591706903613
0.42000000000000004,429893,0.2212690134521846,0.9995586566348619,0.36233018510371257
0.42,429927,0.22125151479204608,0.9995586566348619,0.36230672397736774
0.41999999999999993,429936,0.22124688325704292,0.9995586566348619,0.36230051418777376
0.4199507389162561,429937,0.2212463686540121,0.9995586566348619,0.3622998242242921
0.41993243243243245,429939,0.221245339455132,0.9995586566348619,0.3622984443052125
0.4198717948717949,429943,0.22124328108609745,0.9995586566348619,0.3622956844985879
0.41967741935483877,429947,0.22124122275536287,0.9995586566348619,0.3622929247340086
0.4196356275303644,429948,0.22124070817866345,0.9995586566348619,0.36229223479943323
0.41958041958041964,429950,0.22123967903244562,0.9995586566348619,0.36229085493816576
0.41944444444444445,429956,0.22123659165123874,0.9995586566348619,0.3622867154174284
0.41935483870967744,429957,0.22123840291005845,0.9995691648102224,0.36228983415250965
0.4193333333333333,429959,0.22123737379610614,0.9995691648102224,0.36228845432403456
0.4190909090909091,429961,0.22123634469172784,0.9995691648102224,0.36228707450606995
0.41904761904761906,429966,0.2212337719726676,0.9995691648102224,0.36228362500714106
0.4188888888888889,429967,0.22123325743603578,0.9995691648102224,0.3622829351152379
0.4188636363636364,429968,0.22123274290179734,0.9995691648102224,0.36228224522596225
0.41875,429991,0.22122090927484528,0.9995691648102224,0.3622663784977769
0.41874999999999996,429992,0.22122039479804276,0.9995691648102224,0.3622656886715566
0.41867816091954024,429993,0.22121988032363318,0.9995691648102224,0.3622649988479636
0.4185714285714286,429994,0.22121936585161653,0.9995691648102224,0.3622643090269976
0.4184803001876173,429996,0.221218336914762,0.9995691648102224,0.36226292939294696
0.41846153846153844,429997,0.22121782244992408,0.9995691648102224,0.3622622395798622
0.41833333333333333,430000,0.22121627906976743,0.9995691648102224,0.3622601701563702
0.41826388888888894,430002,0.22121525016162716,0.9995691648102224,0.3622587905538439
0.4182488479262673,430004,0.221214221263058,0.9995691648102224,0.36225741096182557
0.4181818181818182,430005,0.22121370681736258,0.9995691648102224,0.36225672116975677
0.41810810810810817,430007,0.22121267793314991,0.9995691648102224,0.36225534159350004
0.41801075268817206,430010,0.22121113462477618,0.9995691648102224,0.3622532722488166
0.4179487179487179,430012,0.2212101057644903,0.9995691648102224,0.36225189269882857
0.4178571428571429,430014,0.2212090769137749,0.9995691648102224,0.36225051315934786
0.4178053830227743,430015,0.2212085624920061,0.9995691648102224,0.3622498233935477
0.41771241830065364,430016,0.22120804807262986,0.9995691648102224,0.36224913363037436
0.41770833333333335,430020,0.22120599041905029,0.9995691648102224,0.3622463746039484
0.4176767676767677,430023,0.22120444720398677,0.9995691648102224,0.36224430536170926
0.4176470588235294,430031,0.22120265748283263,0.9995796729855828,0.36224259560734584
0.4175,430032,0.2212021430963277,0.9995796729855828,0.362241905878948
0.4174603174603175,430033,0.2212016287122151,0.9995796729855828,0.3622412161531768
0.4174242424242424,430039,0.2211985424577771,0.9995796729855828,0.3622370778537061
0.4173076923076923,430041,0.22119751372543547,0.9995796729855828,0.3622356984415609
0.4172222222222222,430042,0.22119699936285292,0.9995796729855828,0.362235008739428
0.41715686274509806,430043,0.22119648500266254,0.9995796729855828,0.36223431903992137
0.41714285714285715,430045,0.22119545628945808,0.9995796729855828,0.36223293964878744
0.4168896321070234,430046,0.221194941936444,0.9995796729855828,0.36223224995716
0.4166666666666667,430098,0.2211681988756051,0.9995796729855828,0.3621963896112797
0.41666666666666663,430100,0.22116717042548245,0.9995796729855828,0.36219501050900116
0.41644144144144146,430101,0.22116665620400788,0.9995796729855828,0.3621943209618002
0.4163636363636364,430131,0.2211512306715861,0.9995796729855828,0.36217363576656925
0.41634615384615387,430136,0.22114865995871075,0.9995796729855828,0.36217018846373505
0.4162280701754386,430137,0.22114814582330747,0.9995796729855828,0.36216949901104317
0.4161442006269593,430140,0.22114660343144094,0.9995796729855828,0.36216743066871754
0.41611111111111115,430142,0.22114557518214914,0.9995796729855828,0.36216605178695843
0.4160714285714286,430144,0.22114454694241928,0.9995796729855828,0.362164672915699
0.416025641025641,430145,0.22114403282614004,0.9995796729855828,0.3621639834840066
0.415934065934066,430146,0.22114351871225119,0.9995796729855828,0.36216329405493897
0.41584615384615387,430147,0.22114300460075276,0.9995796729855828,0.36216260462849625
0.41578947368421054,430151,0.2211432729436872,0.9995901811609432,0.3621636541884393
0.41547619047619044,430153,0.22114224473617528,0.9995901811609432,0.3621622753499316
0.41538461538461546,430154,0.22114173063600479,0.9995901811609432,0.3621615859346149
0.4153846153846154,430157,0.22114018834983507,0.9995901811609432,0.3621595177044131
0.41534482758620694,430158,0.22113967425922568,0.9995901811609432,0.3621588282995953
0.4152941176470588,430160,0.2211386460851776,0.9995901811609432,0.36215744949783374
0.4150793650793651,430162,0.22113761792069034,0.9995901811609432,0.36215607070657074
0.41500000000000004,430169,0.22113401942027436,0.9995901811609432,0.36215124501982554
0.41497584541062804,430172,0.22113247724166146,0.9995901811609432,0.3621491769077314
0.414957264957265,430173,0.22113196318690387,0.9995901811609432,0.36214848754228235
0.41494949494949496,430174,0.22113144913453625,0.9995901811609432,0.36214779817945775
0.41491228070175434,430177,0.22112990699177315,0.9995901811609432,0.36214573010673073
0.41488372093023257,430179,0.22112887890854738,0.9995901811609432,0.3621443514047013
0.4147727272727273,430181,0.22112785083488112,0.9995901811609432,0.3621429727131694
0.41467741935483876,430183,0.2211268227707743,0.9995901811609432,0.362141594032135
0.41464285714285715,430184,0.22112630874230563,0.9995901811609432,0.36214090469555427
0.41444444444444445,430186,0.22112528069253765,0.9995901811609432,0.36213952603026556
0.414367816091954,430187,0.22112476667123832,0.9995901811609432,0.3621388367015576
0.4142857142857143,430192,0.22112219660058766,0.9995901811609432,0.3621353900973816
0.41428571428571426,430283,0.2210754317507315,0.9995901811609432,0.36207267336191856
0.41415584415584417,430285,0.22107440417397772,0.9995901811609432,0.3620712952160914
0.41411764705882353,430287,0.2210733766067764,0.9995901811609432,0.36206991708075537
0.4138888888888889,430288,0.2210728628267579,0.9995901811609432,0.3620692280170215
0.41384615384615386,430291,0.2210713215010307,0.9995901811609432,0.3620671608415564
0.4136363636363637,430293,0.22107029396248604,0.9995901811609432,0.3620657827376931
0.41363636363636364,430302,0.2210703180556911,0.999611197511664,0.3620671936909334
0.41358695652173916,430304,0.22106929054807764,0.999611197511664,0.36206581561579393
0.4135864135864136,430307,0.22106774930456627,0.999611197511664,0.3620637485227539
0.4135467980295567,430308,0.2210672355615048,0.999611197511664,0.3620630594969856
0.41333333333333333,430333,0.2210543927609549,0.999611197511664,0.36204583470505064
0.41328165374677006,430335,0.22105336540137335,0.999611197511664,0.36204445679249625
0.4132692307692308,430336,0.2210528517251636,0.999611197511664,0.3620437678401522
0.4132142857142857,430338,0.22105182437990603,0.999611197511664,0.3620423899433304
0.4131016042780749,430340,0.2210507970441976,0.999611197511664,0.36204101205699674
0.41304347826086957,430346,0.2210523625176021,0.999632213862385,0.362044490114365
0.4130434782608695,430347,0.22105184885685272,0.999632213862385,0.3620438011763788
0.4127536231884058,430348,0.22105133519849052,0.999632213862385,0.36204311224101443
0.4127272727272728,430349,0.22105082154251549,0.999632213862385,0.3620424233082721
0.41250000000000003,430375,0.22104443799012488,0.9996637383884662,0.36203592882735625
0.4125,430377,0.2210434107770629,0.9996637383884662,0.3620345510626193
0.41243243243243244,430379,0.22104238357354797,0.9996637383884662,0.3620331733083687
0.41236559139784945,430382,0.221040842786176,0.9996637383884662,0.36203110669665456
0.4123076923076923,430386,0.22103878843642683,0.9996637383884662,0.3620283512510703
0.41228571428571426,430388,0.221037761275872,0.9996637383884662,0.36202697354400704
0.4121794871794872,430390,0.2210367341248635,0.9996637383884662,0.3620255958474296
0.41212121212121217,430393,0.2210351934162498,0.9996637383884662,0.3620235293222238
0.41200000000000003,430406,0.22103084064813222,0.9996742465638266,0.3620183800445231
0.412,430407,0.22103032710899218,0.9996742465638266,0.36201769123486643
0.411954261954262,430408,0.22102981357223844,0.9996742465638266,0.362017002427831
0.4119047619047619,430409,0.22102930003787097,0.9996742465638266,0.36201631362341674
0.41175824175824177,430410,0.22102878650588972,0.9996742465638266,0.3620156248216236
0.4117496229260935,430411,0.22102827297629474,0.9996742465638266,0.3620149360224516
0.4116666666666667,430413,0.22102724592426343,0.9996742465638266,0.3620135584319709
0.41157894736842104,430414,0.22102673240182708,0.9996742465638266,0.36201286964066226
0.4115384615384616,430428,0.22102186660719098,0.999684754739187,0.36200703207050333
0.4115384615384615,430429,0.22102135311514792,0.999684754739187,0.36200634331126935
0.4114583333333333,430431,0.2210203261382196,0.999684754739187,0.362004965800664
0.411244019138756,430433,0.22101929917083496,0.999684754739187,0.3620035883005421
0.41111111111111115,430440,0.2210157048601431,0.999684754739187,0.36199876713267026
0.4111111111111111,430443,0.22101416447706201,0.999684754739187,0.36199670095717906
0.4110389610389611,430444,0.22101365102080642,0.999684754739187,0.3619960122372567
0.4110344827586207,430449,0.22101108377531367,0.999684754739187,0.3619925686769543
0.4107692307692308,430467,0.22100184218534755,0.999684754739187,0.36198017240231267
0.41071428571428575,430476,0.2209972216801866,0.999684754739187,0.36197397458336505
0.4107142857142857,430479,0.2209956815547332,0.999684754739187,0.36197190869087953
0.4106060606060606,430484,0.22099311472667973,0.999684754739187,0.3619684655891395
0.41057692307692306,430485,0.2209926013682242,0.999684754739187,0.36196777697665167
0.41034482758620694,430499,0.2209900603718011,0.999705771089908,0.36196574611490634
0.41028846153846155,430500,0.22098954703832752,0.999705771089908,0.36196505752724173
0.41000000000000003,430614,0.220933364916143,0.9997162792652684,0.36189037958986486
0.41,430615,0.2209328518514218,0.9997162792652684,0.36188969129615295
0.40980392156862744,430617,0.2209318257291282,0.9997162792652684,0.3618883147165835
0.4097402597402598,430619,0.22093079961636622,0.9997162792652684,0.36188693814748674
0.4097402597402597,430621,0.22092977351313567,0.9997162792652684,0.36188556158886237
0.4097222222222222,430622,0.22092926046509467,0.9997162792652684,0.36188487331347735
0.4096825396825397,430624,0.2209282343761611,0.9997162792652684,0.36188349677056153
0.40967741935483876,430629,0.22092566919552561,0.9997162792652684,0.3618800554590875
0.40942028985507245,430633,0.22092361709390596,0.9997162792652684,0.3618773024570319
0.40937500000000004,430635,0.22092259105739198,0.9997162792652684,0.36187592597171164
0.4091473743647656,430637,0.22092156503040844,0.9997162792652684,0.3618745494968629
0.4091304347826087,430639,0.22092053901295516,0.9997162792652684,0.3618731730324855
0.4090909090909091,430651,0.22091670517425943,0.9997267874406288,0.3618687180852581
0.40909090909090906,430653,0.22091567921273045,0.9997267874406288,0.3618673416797099
0.4090733590733591,430654,0.22091516623553945,0.9997267874406288,0.3618666534808622
0.4088888888888889,430676,0.2209038813400329,0.9997267874406288,0.3618515137684467
0.40882352941176475,430682,0.2209008038413493,0.9997267874406288,0.3618473849758294
0.4088235294117647,430686,0.2208987522231974,0.9997267874406288,0.3618446324997623
0.4087096774193548,430687,0.22089823932461394,0.9997267874406288,0.3618439443872884
0.4086178861788618,430688,0.2208977264284122,0.9997267874406288,0.36184325627743164
0.4086038961038961,430690,0.220896700643154,0.9997267874406288,0.36184188006556955
0.4085714285714286,430704,0.2208918421932464,0.9997372956159892,0.3618360501114348
0.4085167464114833,430708,0.2208897907631156,0.9997372956159892,0.3618332978367359
0.40849802371541505,430710,0.22088876506233893,0.9997372956159892,0.36183192171508766
0.4083333333333334,430713,0.22088722652903442,0.9997372956159892,0.36182985755224134
0.4083333333333333,430833,0.22082570276650118,0.9997372956159892,0.36174731034587654
0.4081896551724138,430834,0.22082519021247163,0.9997372956159892,0.36174662261073237
0.40810810810810816,430838,0.22082314002014677,0.9997372956159892,0.36174387169630534
0.4079545454545455,430840,0.22082211493826015,0.9997372956159892,0.36174249625478133
0.4078947368421053,430842,0.22082108986589052,0.9997372956159892,0.36174112082371684
0.40772727272727277,430843,0.22082057733327454,0.9997372956159892,0.36174043311210685
0.4076923076923077,430844,0.22082006480303776,0.9997372956159892,0.3617397454031117
0.4075757575757576,430846,0.22081903974970174,0.9997372956159892,0.3617383699929659
0.40750000000000003,430851,0.22081647715799663,0.9997372956159892,0.3617349315133599
0.4075,430852,0.22081596464679287,0.9997372956159892,0.36173424382528285
0.4074545454545455,430858,0.2208128896295299,0.9997372956159892,0.361730117751729
0.4073333333333333,430866,0.22080878973973347,0.9997372956159892,0.3617246164667415
0.4072727272727273,430877,0.22080315263984848,0.9997372956159892,0.36171705247309616
0.4071428571428572,430879,0.22080212774351965,0.9997372956159892,0.3617156772355112
0.40714285714285714,430881,0.2208011028567052,0.9997372956159892,0.3617143020083833
0.4070175438596491,430882,0.22080059041686587,0.9997372956159892,0.3617136143987408
0.40699300699300706,430887,0.22079802825334716,0.9997372956159892,0.3617101763897417
0.40681818181818186,430889,0.2207970034045891,0.9997372956159892,0.3617088012044414
0.4066666666666667,430895,0.220793928915397,0.9997372956159892,0.3617046757112795
0.40656565656565663,430897,0.22079290410469324,0.9997372956159892,0.36170330056780486
0.4064935064935065,430898,0.22079239170290882,0.9997372956159892,0.3617026129999886
0.40647058823529414,430902,0.22079034211955387,0.9997372956159892,0.36169986275486343
0.4064102564102564,430905,0.2207888049570091,0.9997372956159892,0.3616978000984662
0.40636363636363637,430910,0.22078624306699776,0.9997372956159892,0.36169436239008207
0.4062857142857143,430911,0.22078573069612983,0.9997372956159892,0.3616936748562467
0.40616883116883123,430913,0.2207847059615282,0.9997372956159892,0.36169229979641765
0.40608695652173915,430923,0.2207795824312,0.9997372956159892,0.3616854246540972
0.40602150537634407,430924,0.22077907009124578,0.9997372956159892,0.3616847371542403
0.40599999999999997,430927,0.22077753308565023,0.9997372956159892,0.3616826746703517
0.40594405594405597,430928,0.22077702075520736,0.9997372956159892,0.3616819871809493
0.40590062111801245,430929,0.2207765084271423,0.9997372956159892,0.3616812996941605
0.4057993730407524,430931,0.22077548377814546,0.9997372956159892,0.3616799247284236
0.4057971014492754,430933,0.22077445913865962,0.9997372956159892,0.36167854977314073
0.40571428571428575,430936,0.22077292219726363,0.9997372956159892,0.36167648735981756
0.4057142857142857,430939,0.2207713852772666,0.9997372956159892,0.36167442497001534
0.40555555555555556,430944,0.22076882379149032,0.9997372956159892,0.3616709877059463
0.4055555555555555,430949,0.22076626236515226,0.9997372956159892,0.36166755050721044
0.40550724637681157,430951,0.22076523781125929,0.9997372956159892,0.36166617564600895
0.4054545454545455,430952,0.22076472553787893,0.9997372956159892,0.36166548821932804
0.4053571428571429,430953,0.22076421326687598,0.9997372956159892,0.36166480079526037
0.4053511705685619,430954,0.2207637009982504,0.9997372956159892,0.36166411337380583
0.4052941176470588,430955,0.22076318873200218,0.9997372956159892,0.36166342595496453
0.40522727272727277,430956,0.22076267646813133,0.9997372956159892,0.36166273853873643
0.4051587301587302,430957,0.22076216420663777,0.9997372956159892,0.3616620511251214
0.40513196480938424,430958,0.22076165194752156,0.9997372956159892,0.36166136371411955
0.405,430970,0.2207555050235515,0.9997372956159892,0.36165311498591607
0.4048571428571429,430975,0.22075294390625907,0.9997372956159892,0.3616496781268828
0.4048295454545455,430978,0.22075140726440792,0.9997372956159892,0.3616476160428173
0.40480769230769237,430980,0.22075038284839205,0.9997372956159892,0.36164624133317114
0.40476190476190477,430981,0.2207498706439495,0.9997372956159892,0.3616455539822672
0.4047619047619047,430982,0.2207493584418839,0.9997372956159892,0.36164486663397616
0.40472727272727277,430984,0.22074833404488334,0.9997372956159892,0.36164349194523215
0.4046153846153846,430985,0.22074782184994837,0.9997372956159892,0.3616428046047792
0.4045454545454546,430987,0.220746797467209,0.9997372956159892,0.36164142993171167
0.40439560439560446,430988,0.22074628527940454,0.9997372956159892,0.36164074259909684
0.4043243243243243,430993,0.22074372437603396,0.9997372956159892,0.36163730597521276
0.40428571428571425,430994,0.22074321220249005,0.9997372956159892,0.36163661865827373
0.4042657342657343,430995,0.22074270003132287,0.9997372956159892,0.3616359313439474
0.4041666666666667,430997,0.22074167569611852,0.9997372956159892,0.36163455672313227
0.40404040404040403,430999,0.22074065137042082,0.9997372956159892,0.36163318211276735
0.40402597402597407,431001,0.22073962705422956,0.9997372956159892,0.3616318075128524
0.4040229885057471,431005,0.220737578450366,0.9997372956159892,0.3616290583443723
0.404,431015,0.22073245710706124,0.9997372956159892,0.361622185606039
0.40396825396825403,431020,0.2207298965245232,0.9997372956159892,0.36161874933483346
0.40384615384615385,431063,0.22070787796679373,0.9997372956159892,0.36158920009805656
0.4038383838383839,431065,0.22070685395474002,0.9997372956159892,0.3615878258324798
0.40382352941176475,431066,0.22070634195227645,0.9997372956159892,0.3615871387036087
0.40371621621621623,431068,0.22070531795447587,0.9997372956159892,0.36158576445370105
0.4036842105263158,431070,0.2207042939661772,0.9997372956159892,0.3615843902142393
0.4036134453781513,431071,0.22070378197559104,0.9997372956159892,0.3615837030984256
0.40357142857142864,431074,0.22070224601808505,0.9997372956159892,0.3615816417666531
0.4035714285714286,431075,0.22070173403700052,0.9997372956159892,0.36158095466128515
0.40341614906832296,431077,0.22070071008195752,0.9997372956159892,0.3615795804583831
0.4033333333333333,431085,0.22069661435679738,0.9997372956159892,0.361574083751228
0.4032019704433498,431090,0.22069405460576677,0.9997372956159892,0.3615706483941214
0.4030769230769231,431102,0.22068791144555117,0.9997372956159892,0.36156240380339977
0.4030721003134797,431105,0.220686375708934,0.9997372956159892,0.3615603427144673
0.40303030303030307,431107,0.22068535189639696,0.9997372956159892,0.36155896866823367
0.4028828828828829,431110,0.22068381619540256,0.9997372956159892,0.36155690761846493
0.4028571428571429,431113,0.22068228051578123,0.9997372956159892,0.36155484659219383
0.4026881720430107,431117,0.22068023297619904,0.9997372956159892,0.361552098593717
0.4026525198938993,431118,0.2206797210972402,0.9997372956159892,0.3615514116006248
0.4025974025974026,431120,0.22067869734644646,0.9997372956159892,0.3615500376222724
0.4025714285714286,431121,0.22067818547461154,0.9997372956159892,0.3615493506370123
0.40253456221198164,431124,0.2206766498733543,0.9997372956159892,0.36154728969689603
0.4024561403508772,431128,0.22067460243825499,0.9997372956159892,0.36154454181328993
0.40243243243243243,431130,0.22067357873495233,0.9997372956159892,0.3615431678871505
0.4024046920821115,431133,0.2206720431978067,0.9997372956159892,0.36154110701752046
0.40230769230769237,431135,0.22067101951824836,0.9997372956159892,0.36153973311748644
0.4022222222222222,431140,0.22066846036090365,0.9997372956159892,0.36153629841308443
0.4021739130434782,431142,0.2206674367145859,0.9997372956159892,0.3615349245495966
0.40214285714285714,431144,0.2206664130777652,0.9997372956159892,0.3615335506965503
0.4020833333333333,431150,0.22066334222428388,0.9997372956159892,0.36152942920005926
0.40205128205128204,431151,0.22066283042367987,0.9997372956159892,0.36152874229311344
0.401948051948052,431155,0.2206607832450047,0.9997372956159892,0.3615259946914324
0.40178571428571425,431157,0.22065975966991141,0.9997372956159892,0.361524620906253
0.40157894736842104,431159,0.2206587361043142,0.9997372956159892,0.36152324713151435
0.4015151515151515,431160,0.22065822432507654,0.9997372956159892,0.3615225602480602
0.4014285714285714,431164,0.22065617723186537,0.9997372956159892,0.3615198127403444
0.40139860139860145,431166,0.2206551536995032,0.9997372956159892,0.3615184390021469
0.4010344827586207,431167,0.22065464193688292,0.9997372956159892,0.36151775213696324
0.4009803921568627,431175,0.22065054792137764,0.9997372956159892,0.36151225730945263
0.40079365079365076,431176,0.22065003618012136,0.9997372956159892,0.3615115704677585
0.40076923076923077,431178,0.22064901270472984,0.9997372956159892,0.3615101967921997
0.4006896551724138,431186,0.22064491889810894,0.9997372956159892,0.3615047021943574
0.40064935064935064,431188,0.22064389547018934,0.9997372956159892,0.3615033285709943
0.40062200956937805,431189,0.22064338375978979,0.9997372956159892,0.36150264176322733
0.40054347826086956,431193,0.22064133694192622,0.9997372956159892,0.36149989455825604
0.40051378446115293,431194,0.22064082524339393,0.9997372956159892,0.3614992077635374
0.40047619047619043,431195,0.220640313547235,0.9997372956159892,0.3614985209714282
0.4002197802197802,431198,0.22063877847299848,0.9997372956159892,0.36149646061075835
0.4,431529,0.22052747324050065,1.0,0.36136421027049914
0.39999999999999997,431547,0.22051827495035303,1.0,0.36135186088765947
0.3997101449275362,431553,0.2205152090241523,1.0,0.36134774461428054
0.3996031746031746,431555,0.22051418706769704,1.0,0.36134637254399404
0.3995798319327731,431556,0.22051367609302153,1.0,0.36134568651275817
0.3995495495495495,431559,0.22051214318320322,1.0,0.36134362843468004
0.3995,431562,0.22051061029469693,1.0,0.3613415703800458
0.39942424242424246,431564,0.22050958838086587,1.0,0.36134019835664705
0.39939935064935067,431565,0.22050907742750223,1.0,0.3613395123488549
0.3993548387096774,431571,0.22050601175704576,1.0,0.3613353963568018
0.39916666666666667,431573,0.22050498988583622,1.0,0.36133402438028844
0.3991228070175438,431575,0.22050396802409777,1.0,0.36133265241419377
0.39903846153846156,431578,0.22050243524924812,1.0,0.3613305944845864
0.3988888888888889,431580,0.22050141341118681,1.0,0.36132922254453775
0.39875,431588,0.22049732615364653,1.0,0.36132373488852443
0.3987179487179487,431590,0.22049630436293705,1.0,0.3613223630005657
0.3986813186813187,431592,0.22049528258169754,1.0,0.36132099112302474
0.39861111111111114,431595,0.22049374992759416,1.0,0.361318933326246
0.3985714285714286,431601,0.22049068468330704,1.0,0.3613148178030052
0.3983333333333334,431603,0.22048966295414998,1.0,0.361313445982759
0.3983333333333333,431608,0.22048710867268448,1.0,0.3613100164777171
0.3982051282051282,431612,0.22048506529012168,1.0,0.36130727292055825
0.3981905594405594,431614,0.22048404361304313,1.0,0.3613059011576034
0.3981818181818182,431617,0.2204825111151785,1.0,0.36130384353270145
0.3980769230769231,431619,0.22048148946177068,1.0,0.3613024717957869
0.397979797979798,431620,0.2204809786386173,1.0,0.3613017859312356
0.39784482758620693,431626,0.22047791374940343,1.0,0.3612976707986104
0.3976470588235294,431631,0.22047535974014842,1.0,0.3612942415930296
0.39761904761904765,431632,0.22047484894539793,1.0,0.3612935557597248
0.3976190476190476,431644,0.22046871959299794,1.0,0.36128532596315927
0.3975,431652,0.22046463354739465,1.0,0.3612798396404057
0.39746031746031746,431654,0.2204636120596589,1.0,0.3612784680857526
0.3973809523809524,431656,0.2204625905813889,1.0,0.36127709654151324
0.39732919254658383,431658,0.2204615691125845,1.0,0.3612757250076876
0.3972727272727273,431662,0.22045952620337209,1.0,0.361272981971277
0.3972222222222222,431663,0.2204590154819848,1.0,0.3612722962186828
0.39717741935483875,431665,0.22045799404630906,1.0,0.3612709247213043
0.39714285714285713,431674,0.22045339770289615,1.0,0.36126475311196227
0.3969696969696969,431688,0.22044624821630437,1.0,0.36125515324986907
0.39687500000000003,431693,0.22044369494061752,1.0,0.3612517248513354
0.396875,431695,0.22044267364690348,1.0,0.3612503535101422
0.3967441860465116,431696,0.22044216300359512,1.0,0.36124966784344986
0.39666666666666667,431705,0.22043756732027658,1.0,0.361243496960345
0.3964976958525346,431706,0.22043705670062497,1.0,0.36124281131968033
0.39637681159420285,431728,0.22042582366675315,1.0,0.36122772788351315
0.3963440860215054,431730,0.22042480253862368,1.0,0.36122635672450243
0.3961038961038961,431732,0.22042378141995497,1.0,0.3612249855759011
0.39610389610389607,431737,0.22042122866467317,1.0,0.36122155774993786
0.39608695652173914,431740,0.22041969703988512,1.0,0.36121950108558676
0.39608636977058026,431741,0.22041918650301917,1.0,0.36121881553600743
0.3960416666666667,431742,0.22041867596851825,1.0,0.3612181299890303
0.39589285714285716,431743,0.2204181654363823,1.0,0.3612174444446553
0.3958333333333333,431749,0.22041510229323055,1.0,0.36121333123304983
0.39582417582417584,431750,0.2204145917776491,1.0,0.3612126457068896
0.3957894736842105,431763,0.22040795529028656,1.0,0.36120373410358547
0.3957142857142857,431766,0.22040642384995576,1.0,0.3612016776421916
0.3956081081081081,431768,0.22040540290155824,1.0,0.36120030668093794
0.3954545454545455,431888,0.2203441633015967,1.0,0.36111806804641666
0.39545454545454545,431890,0.22034314292991272,1.0,0.3611166977197782
0.3954545454545454,431895,0.22034059204204726,1.0,0.3611132719486813
0.3953333333333333,431914,0.22033089920678653,1.0,0.36110025461127193
0.39529411764705885,431915,0.22033038908118496,1.0,0.3610995695142474
0.3952380952380953,431917,0.22032936883706825,1.0,0.361098199327997
0.395,431929,0.2203232475707813,1.0,0.36108997842885415
0.39487179487179486,431950,0.22031253617316818,1.0,0.3610755927560262
0.3947715053763441,431952,0.22031151609438085,1.0,0.36107422275172824
0.39463414634146343,431954,0.22031049602503971,1.0,0.3610728527578265
0.39461538461538465,431957,0.22030896593873928,1.0,0.36107079778646645
0.3945054945054945,431958,0.22030845591469542,1.0,0.3610701128012111
0.3944444444444445,431965,0.22030488581250796,1.0,0.3610653179771935
0.39444444444444443,431977,0.22029876590651817,1.0,0.36105709857514406
0.3943609022556391,431978,0.22029825592970012,1.0,0.36105641364186497
0.3942857142857143,431990,0.22029213639204612,1.0,0.3610481946452081
0.39428571428571424,431992,0.22029111650215744,1.0,0.36104682484881134
0.39404761904761904,432004,0.22028499736113555,1.0,0.36103860628869733
0.394,432013,0.2202804082284561,1.0,0.36103244261415046
0.393939393939394,432014,0.22027989833662798,1.0,0.361031757774414
0.3938888888888889,432016,0.22027887856005332,1.0,0.3610303881027353
0.39381818181818184,432018,0.22027785879292067,1.0,0.3610290184414491
0.3936842105263158,432019,0.22027734891289502,1.0,0.36102833361470305
0.3936781609195402,432027,0.2202732699576647,1.0,0.3610228550942638
0.3936363636363636,432046,0.22026358304439805,1.0,0.3610098442745775
0.39357142857142857,432049,0.22026205360966,1.0,0.36100779002035227
0.39353846153846156,432052,0.22026052419616157,1.0,0.3610057357895057
0.3933766233766234,432054,0.22025950459896218,1.0,0.3610043663152624
0.3933566433566434,432056,0.22025848501120227,1.0,0.36100299685140935
0.39333333333333337,432058,0.2202574654328817,1.0,0.3610016273979462
0.3933333333333333,432081,0.22024574096060692,1.0,0.3609858794298666
0.3930769230769231,432092,0.22024013404552734,1.0,0.36097834827863506
0.39307692307692305,432096,0.22023809523809523,1.0,0.36097560975609755
0.39304347826086955,432120,0.220225863186152,1.0,0.36095917949340395
0.39301075268817204,432128,0.22022178613744076,1.0,0.3609537030715429
0.39292929292929296,432129,0.220221276516966,1.0,0.36095301853049444
0.3928571428571429,432170,0.2202003841081056,1.0,0.360924954582864
0.39285714285714285,432174,0.22019834603655009,1.0,0.36092221687039433
0.39275362318840584,432177,0.22019681750764156,1.0,0.36092016361329765
0.3927536231884058,432179,0.2201957985001585,1.0,0.3609187947882118
0.39272727272727276,432205,0.2201825522610798,1.0,0.3609010010068851
0.3927083333333333,432218,0.2201759297391594,1.0,0.3608921047741485
0.3926495726495727,432221,0.22017440152144388,1.0,0.36089005185964707
0.39261904761904765,432222,0.220173892120253,1.0,0.3608893675600035
0.39253246753246757,432225,0.22017236393082307,1.0,0.36088731467664287
0.39252747252747255,432227,0.22017134514965517,1.0,0.36088594610071084
0.3925,432245,0.22016217654339554,1.0,0.36087362938440565
0.3924317617866005,432247,0.22016115785650334,1.0,0.3608722609122677
0.3924242424242424,432255,0.22015708320320182,1.0,0.36086678712750203
0.39236363636363636,432259,0.22015504593310956,1.0,0.3608640502973894
0.39230769230769236,432266,0.22015148080117336,1.0,0.3608592609445804
0.3922527472527473,432267,0.22015097150603677,1.0,0.36085857676169963
0.3922222222222222,432271,0.2201489343490542,1.0,0.3608558400561207
0.39215686274509803,432282,0.22014333236174535,1.0,0.3608483143298082
0.3921428571428572,432285,0.22014180459650462,1.0,0.3608462619134741
0.392,432314,0.22012703729233843,1.0,0.36082642309252705
0.39188328912466847,432317,0.22012550975325976,1.0,0.3608243709252087
0.3916666666666667,432318,0.22012500057827802,1.0,0.36082368687462324
0.39166666666666666,432322,0.22012296390190644,1.0,0.36082095069821757
0.3916666666666666,432323,0.22012245473870232,1.0,0.36082026666060013
0.3916149068322981,432324,0.22012194557785364,1.0,0.36081958262557634
0.39155844155844155,432327,0.2201204181094403,1.0,0.360817530536066
0.39153846153846156,432362,0.22010259921084646,1.0,0.36079359121635707
0.39144144144144144,432364,0.22010158107520514,1.0,0.36079222335117755
0.39142857142857146,432369,0.22009903577731058,1.0,0.3607888037336053
0.3914285714285714,432377,0.2200949634231238,1.0,0.3607833324803191
0.39111111111111113,432401,0.2200827472646918,1.0,0.36076691971605396
0.39107142857142857,432404,0.22008122034023736,1.0,0.36076486822551784
0.39102564102564097,432406,0.22008020240237183,1.0,0.36076350057812234
0.3909150326797386,432407,0.22007969343697026,1.0,0.3607628167583131
0.3909090909090909,432410,0.22007816655489004,1.0,0.3607607653144393
0.39083333333333337,432412,0.2200771486452735,1.0,0.3607593976981516
0.3907792207792208,432415,0.22007562179850376,1.0,0.3607573462931618
0.39071428571428574,432454,0.22005577471823592,1.0,0.36073068015117
0.3906896551724138,432460,0.2200527216389955,1.0,0.3607265780176792
0.3906666666666667,432461,0.22005221280069184,1.0,0.36072589433783464
0.3904761904761904,432462,0.2200517039647414,1.0,0.36072521066058155
0.39045454545454544,432463,0.22005119513114416,1.0,0.36072452698591995
0.3903896103896104,432465,0.22005017747100922,1.0,0.3607231596443713
0.3903726708074534,432467,0.22004915982028686,1.0,0.3607217923131885
0.3903448275862069,432487,0.22003898383072787,1.0,0.36070811957145915
0.3903100775193798,432488,0.2200384750559553,1.0,0.3607074359615808
0.3901863354037267,432492,0.2200364399803927,1.0,0.36070470154797823
0.39015873015873015,432493,0.22003593121738388,1.0,0.36070401795105533
0.39,432525,0.22001965204323448,1.0,0.36068214421752204
0.3898717948717949,432527,0.22001863467482954,1.0,0.36068077719726127
0.3897435897435898,432529,0.22001761731583316,1.0,0.3606794101873627
0.3896969696969697,432531,0.2200165999662452,1.0,0.3606780431878263
0.3896825396825397,432533,0.22001558262606552,1.0,0.3606766761986519
0.38967741935483874,432553,0.22000540974169638,1.0,0.3606630068767919
0.3896428571428572,432555,0.22000439250499937,1.0,0.36066164000159173
0.389375,432570,0.21999676352960215,1.0,0.36065138876782626
0.3893548387096774,432575,0.2199942206553777,1.0,0.3606479718194031
0.3892857142857143,432582,0.21999066073021994,1.0,0.36064318820038427
0.3891428571428572,432585,0.21998913508327844,1.0,0.3606411381167942
0.3890909090909091,432603,0.2199799816459895,1.0,0.3606288381046939
0.38909090909090904,432605,0.2199789646444216,1.0,0.3606274714884732
0.3888888888888889,432617,0.21997286283248232,1.0,0.3606192720086551
0.3888663967611336,432618,0.2199723543634338,1.0,0.3606185887355007
0.38882352941176473,432641,0.21996066022406568,1.0,0.360602874167543
0.38875000000000004,432643,0.21995964340114135,1.0,0.36060150774809735
0.38875,432652,0.21995506781431728,1.0,0.36059535898873846
0.3886813186813187,432657,0.21995252590389153,1.0,0.36059194310192283
0.38867816091954027,432660,0.21995100078583646,1.0,0.36058989360089727
0.38857142857142857,432668,0.21994693390775374,1.0,0.36058442837872656
0.3884615384615384,432670,0.21994591721173182,1.0,0.36058306209906904
0.3884444444444445,432677,0.2199423588496731,1.0,0.36057828020180316
0.3882857142857143,432681,0.21994032555161885,1.0,0.36057554774602396
0.38826923076923076,432682,0.21993981723297942,1.0,0.3605748646385499
0.3882539682539683,432687,0.21993727567502605,1.0,0.36057144914000355
0.3881818181818182,432693,0.21993422588301637,1.0,0.3605673506271585
0.38810810810810814,432701,0.21993015962523776,1.0,0.36056188608829914
0.3880952380952381,432705,0.21992812655273222,1.0,0.3605591538809818
0.3879699248120301,432706,0.219927618290479,1.0,0.3605584708356224
0.3879425837320574,432707,0.21992711003057497,1.0,0.36055778779285086
0.3878571428571429,432713,0.21992406052048355,1.0,0.3605536895905675
0.38769230769230767,432715,0.21992304403591278,1.0,0.3605523235438424
0.3876470588235294,432723,0.2199189781915914,1.0,0.36054685946045273
0.38752136752136757,432725,0.2199179617540008,1.0,0.3605454934654823
0.3875,432808,0.21987578787822776,1.0,0.36048881380073183
0.38749999999999996,432810,0.21987477183983734,1.0,0.36048744824555756
0.3874876847290641,432815,0.21987223178494275,1.0,0.3604840344028834
0.3873981191222571,432816,0.21987172378100625,1.0,0.3604833516421077
0.3873626373626374,432817,0.21987121577941718,1.0,0.3604826688839182
0.3873626373626373,432819,0.21987019978328123,1.0,0.36048130337529805
0.3873563218390805,432820,0.21986969178873433,1.0,0.3604806206248674
0.3873563218390804,432821,0.21986918379653483,1.0,0.36047993787702304
0.3872727272727273,432822,0.21986867580668265,1.0,0.3604792551317649
0.3871428571428572,432827,0.21986613589263146,1.0,0.36047584144426703
0.3871428571428571,432829,0.21986511994344188,1.0,0.3604744759873711
0.3868888888888889,432830,0.2198646119723679,1.0,0.3604737932628022
0.3868202764976959,432832,0.21986359603726158,1.0,0.3604724278214229
0.38681818181818184,432834,0.21986258011154391,1.0,0.36047106239038784
0.38675213675213677,432836,0.21986156419521483,1.0,0.360469696969697
0.3866666666666667,432837,0.21986105624057092,1.0,0.3604690142632305
0.38666666666666666,432892,0.21983312234922336,1.0,0.3604314693896102
0.3865178571428572,432894,0.21983210670510564,1.0,0.36043010426884925
0.38650793650793647,432899,0.21982956763586886,1.0,0.360426691512187
0.38646616541353385,432900,0.21982905982905984,1.0,0.36042600896860993
0.38645114942528735,432901,0.21982855202459683,1.0,0.3604253264276178
0.38636363636363635,432908,0.2198249974590444,1.0,0.36042054871305423
0.38625541125541124,432910,0.21982398189000024,1.0,0.36041918367501524
0.38623376623376626,432911,0.219823474108997,1.0,0.3604185011598731
0.3860869565217392,432916,0.2198209352391688,1.0,0.3604150886229359
0.3860215053763441,432917,0.21982042747224065,1.0,0.36041440612330305
0.38599999999999995,432919,0.21981941194542165,1.0,0.3604130411317918
0.38587301587301587,432920,0.21981890418553082,1.0,0.3604123586399134
0.3857894736842105,432933,0.21981230352040615,1.0,0.3604034864807033
0.38571428571428573,432934,0.2198117957933542,1.0,0.3604028040250105
0.3857142857142857,432938,0.21980976490860124,1.0,0.36040007422808473
0.38549019607843144,432940,0.2198087494802975,1.0,0.360398709345129
0.38539589442815253,432942,0.21980773406137544,1.0,0.3603973444725112
0.3853846153846154,432943,0.21980722635543248,1.0,0.36039666204007903
0.3852941176470588,432944,0.21980671865183488,1.0,0.36039597961023123
0.3852482269503546,432945,0.21980621095058264,1.0,0.36039529718296787
0.38522727272727275,432947,0.21980519555511413,1.0,0.3603939323361945
0.3851778656126482,432949,0.21980418016902684,1.0,0.36039256749975856
0.38513409961685824,432952,0.21980265710748537,1.0,0.36039052026448737
0.3851136363636364,432953,0.21980214942499532,1.0,0.3603898378578989
0.38500000000000006,432955,0.21980113406705085,1.0,0.3603884730524749
0.385,432963,0.21979707272907847,1.0,0.3603830139341484
0.38497536945812805,432964,0.21979656507238476,1.0,0.3603823315559864
0.38493506493506496,432966,0.21979554976603244,1.0,0.3603809668074148
0.38488372093023254,432968,0.21979453446906008,1.0,0.3603796020691797
0.3848484848484849,432970,0.21979351918146753,1.0,0.3603782373412808
0.38480519480519476,432971,0.21979301154118866,1.0,0.3603775549812075
0.38461904761904764,432972,0.21979250390325472,1.0,0.36037687262371815
0.3846153846153846,432975,0.21979098100352215,1.0,0.3603748255667542
0.3844444444444445,432978,0.21978945812489317,1.0,0.36037277853304606
0.38441558441558443,432979,0.21978895050337313,1.0,0.36037209619364446
0.3843243243243244,432981,0.2197879352673674,1.0,0.36037073152259325
0.3843137254901961,432982,0.21978742765288165,1.0,0.3603700491909434
0.3842857142857143,433002,0.21977727585553877,1.0,0.36035640310054035
0.38428571428571423,433004,0.21977626072738357,1.0,0.36035503854834067
0.38418803418803416,433005,0.21977575316682255,1.0,0.3603543562761162
0.3840909090909091,433008,0.21977423049920555,1.0,0.36035230947494373
0.3840434419381788,433009,0.21977372294802186,1.0,0.3603516272130533
0.38400000000000006,433014,0.2197711852272675,1.0,0.3603482159423528
0.383974358974359,433017,0.21976966262294553,1.0,0.3603461692109334
0.38383838383838387,433021,0.21976763251666778,1.0,0.3603434402718744
0.3838095238095238,433022,0.21976712499595863,1.0,0.360342758043568
0.38368421052631585,433023,0.21976661747759357,1.0,0.36034207581784483
0.3836405529953917,433031,0.21976255741505804,1.0,0.36033661810505585
0.38363636363636366,433035,0.21976052744004526,1.0,0.3603338893106575
0.3836363636363636,433045,0.219755452666582,1.0,0.3603270675054761
0.38344155844155847,433046,0.21975494520212632,1.0,0.36032638533916433
0.38333333333333336,433053,0.2197513930165592,1.0,0.3603216102473037
0.3833333333333333,433498,0.21952581096106558,1.0,0.36001831037600585
0.3832167832167832,433500,0.21952479815455594,1.0,0.36001694838309395
0.38319444444444445,433503,0.219523278962314,1.0,0.36001490541304826
0.3830909090909091,433505,0.21952226617916748,1.0,0.360013543445899
0.3830769230769231,433508,0.2195207470219696,1.0,0.3600115005144967
0.38304347826086954,433522,0.21951365789971444,1.0,0.3600019671411765
0.38303571428571426,433527,0.21951112618129898,1.0,0.35999856248735085
0.38262626262626265,433531,0.21950910084861291,1.0,0.35999583881065644
0.38250000000000006,433532,0.21950859452128102,1.0,0.35999515789792247
0.3825,433554,0.21949745591091305,1.0,0.3599801784694298
0.38246753246753246,433557,0.21949593709708295,1.0,0.3599781359166743
0.3824561403508772,433560,0.2194944183042716,1.0,0.359976093387098
0.38245059288537553,433564,0.21949239327988487,1.0,0.3599733700503851
0.38222222222222224,433566,0.21949138078170335,1.0,0.3599720083974807
0.3821678321678321,433568,0.21949036829286295,1.0,0.3599706467548777
0.3821428571428572,433570,0.21948935581336346,1.0,0.3599692851225758
0.3821428571428571,433572,0.21948834334320483,1.0,0.35996792350057494
0.38209150326797386,433573,0.21948783711162825,1.0,0.3599672426934374
0.38207792207792207,433575,0.21948682465548058,1.0,0.3599658810868878
0.3820689655172414,433577,0.21948581220867344,1.0,0.3599645194906391
0.382,433592,0.21947821915533497,1.0,0.3599543078470977
0.3819327731092437,433594,0.2194772067879168,1.0,0.3599529463384006
0.38181818181818183,433611,0.21946860204192237,1.0,0.3599413739303106
0.3818037135278515,433612,0.21946809590140495,1.0,0.3599406932235956
0.3816666666666667,433615,0.21946657749385975,1.0,0.35993865111889844
0.3815873015873016,433616,0.21946607136268034,1.0,0.35993797042248193
0.381578947368421,433617,0.2194655652338354,1.0,0.35993728972864003
0.38153846153846155,433659,0.2194443099301525,1.0,0.35990870291193844
0.38142857142857145,433663,0.21944228583024145,1.0,0.35990598059478807
0.3814285714285714,433665,0.2194412737942882,1.0,0.3599046194516564
0.3813636363636364,433666,0.2194407677798121,1.0,0.3599039388839514
0.38131313131313127,433670,0.21943874374524408,1.0,0.35990121663886965
0.38114285714285717,433672,0.21943773174196166,1.0,0.3598998555317717
0.3811111111111111,433692,0.21942761222249893,1.0,0.35988624502700167
0.3810344827586207,433694,0.21942660032188593,1.0,0.3598848840331431
0.380952380952381,433695,0.21942609437507926,1.0,0.359884203540074
0.38095238095238093,433703,0.2194220468846192,1.0,0.3598787596881636
0.3807936507936508,433704,0.2194215409588106,1.0,0.3598780792182548
0.38076923076923075,433707,0.21942002319538306,1.0,0.35987603782396843
0.3807142857142857,433726,0.21941041118125268,1.0,0.3598631095312825
0.3806896551724138,433728,0.21940939943927992,1.0,0.35986174871240256
0.3806493506493506,433730,0.21940838770663776,1.0,0.35986038790381436
0.3806060606060606,433731,0.21940788184381563,1.0,0.35985970750337964
0.3803636363636364,433735,0.219405858415853,1.0,0.3598569859273699
0.3803448275862069,433753,0.21939675345184934,1.0,0.35984473934473654
0.3803030303030303,433759,0.2193937186317748,1.0,0.3598406573357559
0.380233918128655,433763,0.21939169546503506,1.0,0.35983793604788566
0.3800751879699248,433771,0.21938764924349485,1.0,0.3598324935956214
0.38000000000000006,433773,0.21938663771142972,1.0,0.35983113300827885
0.38,434529,0.21900494558475958,1.0,0.3593175669680362
0.37978056426332285,434531,0.21900393757867678,1.0,0.359316210271949
0.37971014492753624,434539,0.2189999056471341,1.0,0.35931078359004953
0.37967741935483873,434544,0.218997385765308,1.0,0.35930739199710027
0.37967032967032965,434547,0.21899587386404692,1.0,0.3593053570720638
0.3794202898550725,434549,0.21899486594147036,1.0,0.359304000468178
0.379375,434564,0.21898730681786802,1.0,0.3592938262655551
0.37935483870967746,434568,0.21898529113970655,1.0,0.3592911132421677
0.3792857142857143,434575,0.2189817637922108,1.0,0.3592863655498274
0.3791705069124424,434577,0.21898075599951217,1.0,0.35928500908934746
0.3791666666666667,434581,0.21897874044194293,1.0,0.35928229619911467
0.3790909090909091,434595,0.21897168628263095,1.0,0.35927280140592227
0.3790785907859079,434597,0.21897067858268696,1.0,0.3592714450478612
0.3790322580645161,434598,0.21897017473619299,1.0,0.3592707668726711
0.3788235294117647,434608,0.21896513639877774,1.0,0.3592639852615842
0.37875000000000003,434614,0.21896211350761827,1.0,0.3592599164178203
0.37873015873015875,434618,0.2189600982932138,1.0,0.3592572039065125
0.3786666666666667,434625,0.21895657175726202,1.0,0.3592524571102836
0.3785858585858586,434626,0.21895606797568484,1.0,0.3592517790067763
0.37857142857142856,434685,0.21892634896534272,1.0,0.3592117754303584
0.3784280936454849,434687,0.218925341682636,1.0,0.3592104195330385
0.37842741935483876,434688,0.21892483804475854,1.0,0.35920974158821706
0.37833333333333335,434694,0.21892181626615503,1.0,0.3592056739730267
0.3783076923076923,434696,0.21892080902515781,1.0,0.359204318121768
0.37820512820512825,434701,0.2189182909632138,1.0,0.35920092853840124
0.378125,434706,0.2189157729591954,1.0,0.3591975390190047
0.37810810810810813,434708,0.21891476577380678,1.0,0.3591961832291572
0.3780808080808081,434711,0.21891325501310066,1.0,0.35919414956357637
0.3779904306220096,434712,0.21891275143083236,1.0,0.35919347168016663
0.3779220779220779,434721,0.21890821929467405,1.0,0.3591873708446172
0.3778947368421053,434724,0.21890670862432257,1.0,0.3591853372788212
0.37784090909090906,434725,0.21890620507217207,1.0,0.3591846594286728
0.3777922077922078,434728,0.21890469442962035,1.0,0.35918262589357836
0.3777777777777778,434733,0.21890217673836584,1.0,0.3591792367195889
0.37769230769230766,434734,0.21890167320706455,1.0,0.3591785588924661
0.37762237762237766,434736,0.21890066615141143,1.0,0.35917720324589547
0.377487922705314,434741,0.2188981485528165,1.0,0.35917381417423877
0.37738095238095243,434744,0.2188966380214563,1.0,0.3591717807619436
0.3773291925465838,434758,0.21888958915074594,1.0,0.35916229180898324
0.3773170731707317,434760,0.21888858220627472,1.0,0.3591609362852031
0.37727272727272726,434777,0.21888002355230382,1.0,0.35914941474616985
0.37714285714285717,434854,0.21884126626407943,1.0,0.35909723820700423
0.3771428571428571,434857,0.21883975651765983,1.0,0.3590952056616625
0.37705329153605016,434861,0.21883774355483707,1.0,0.3590924956369983
0.3770114942528736,434864,0.21883623385702197,1.0,0.35909046314534326
0.37694444444444447,434867,0.21883472418003666,1.0,0.3590884306766963
0.3767857142857143,434878,0.21882918887596062,1.0,0.3590809784884971
0.3766666666666667,434881,0.21882767929617528,1.0,0.35907894612721564
0.37649769585253456,434882,0.21882717610754182,1.0,0.35907826867856757
0.3764705882352941,434887,0.2188246601990862,1.0,0.3590748814736695
0.37644444444444447,434895,0.21882063486588718,1.0,0.35906946207874973
0.3763888888888889,434898,0.21881912540411774,1.0,0.35906742984782913
0.3763636363636364,434900,0.21881811910784088,1.0,0.35906607503999516
0.37634408602150543,434901,0.21881761596317323,1.0,0.3590653976399121
0.3762857142857143,434904,0.21881610654305317,1.0,0.35906336545499823
0.37623543123543124,434905,0.21881560340764075,1.0,0.3590626880651387
0.37621621621621626,434908,0.21881409401528598,1.0,0.3590606559108951
0.37615679339817276,434909,0.21881359088912852,1.0,0.3590599785312589
0.3760869565217391,434918,0.2188090628578261,1.0,0.3590538822295419
0.375982905982906,434927,0.21880453501392189,1.0,0.35904778613483346
0.37583333333333335,434929,0.2188035288518356,1.0,0.35904643147523174
0.3758241758241758,434942,0.21879698902382386,1.0,0.35903762643697673
0.37578947368421056,434946,0.21879497684770063,1.0,0.359034917281319
0.3757692307692308,434948,0.21879397077351775,1.0,0.35903356271882164
0.3757575757575758,434954,0.2187909526064825,1.0,0.35902949909265486
0.3757184750733138,434961,0.21878743151684862,1.0,0.35902475831171893
0.37571428571428567,434967,0.21878441353022182,1.0,0.35902069488484917
0.3755555555555556,434977,0.21877938373753095,1.0,0.3590139227111278
0.37555555555555553,434982,0.21877686892790965,1.0,0.3590105367200733
0.3754901960784314,434984,0.218775863020249,1.0,0.35900918234153484
0.3754742547425474,434986,0.21877485712183842,1.0,0.3590078279732151
0.3753968253968254,434996,0.2187698277685312,1.0,0.3590010562848951
0.3753071253071253,434997,0.2187693248459185,1.0,0.3590003791301133
0.37526315789473685,434999,0.2187683190076299,1.0,0.3589990248282132
0.37523809523809526,435001,0.21876731317859038,1.0,0.3589976705365311
0.3751587301587302,435009,0.21876328995492048,1.0,0.3589922534719799
0.37511363636363637,435016,0.2187597697555952,1.0,0.3589875136746011
0.37500000000000006,435024,0.21875574680937143,1.0,0.3589820969165654
0.375,435048,0.21874367885842483,1.0,0.3589658476232149
0.3749912922326716,435050,0.2187426732559476,1.0,0.35896449358183674
0.3748803827751196,435054,0.21874066207873047,1.0,0.3589617855297255
0.3747892720306514,435060,0.21873764538224613,1.0,0.35895772352816924
0.3747692307692308,435061,0.21873714260758836,1.0,0.35895704653684757
0.37476190476190474,435062,0.2187366398352419,1.0,0.3589563695480795
0.3746969696969697,435063,0.21873613706520664,1.0,0.35895569256186505
0.3746305418719212,435072,0.21873161223889379,1.0,0.3589495998008434
0.37454545454545457,435076,0.21872960126506633,1.0,0.358946891973446
0.37453580901856764,435078,0.2187285957920189,1.0,0.3589455380750676
0.3744642857142857,435079,0.2187280930589617,1.0,0.35894486112970847
0.37444444444444447,435080,0.2187275903282155,1.0,0.35894418418690266
0.3743609022556391,435082,0.218726584873656,1.0,0.35894283030895097
0.37428571428571433,435087,0.2187240712776985,1.0,0.3589394456587541
0.3742857142857143,435098,0.21871854156994516,1.0,0.35893199965300177
0.37416666666666665,435100,0.21871753619857504,1.0,0.3589306458669643
0.37415458937198065,435101,0.21871703351635596,1.0,0.35892996897777524
0.3741218637992832,435107,0.21871401747156446,1.0,0.35892590769625343
0.3740909090909091,435110,0.21871250948036128,1.0,0.35892387708995727
0.3740106951871658,435112,0.21871150416444501,1.0,0.358922523365191
0.374,435122,0.21870647772348906,1.0,0.35891575489452865
0.373963133640553,435129,0.21870295935228404,1.0,0.35891101711695234
0.3738194444444445,435133,0.21870094890527725,1.0,0.358908309871638
0.3737250554323725,435135,0.2186999436956347,1.0,0.3589069562642962
0.3736842105263158,435136,0.21869944109427858,1.0,0.3589062794644541
0.3736607142857143,435141,0.21869692812214891,1.0,0.358902895503531
0.37363636363636366,435143,0.2186959229494672,1.0,0.35890154193702895
0.37353535353535355,435148,0.2186934100581871,1.0,0.35889815806544073
0.3735064935064935,435150,0.21869240491784442,1.0,0.3588968045346719
0.3735042735042735,435152,0.21869139978674118,1.0,0.3588954510141123
0.37337662337662336,435154,0.21869039466487727,1.0,0.3588940975037619
0.37333333333333335,435158,0.21868838444886685,1.0,0.35889139051368796
0.3732679738562092,435164,0.2186853691941429,1.0,0.35888733010514245
0.3731111111111111,435166,0.2186843641277122,1.0,0.3588859766560444
0.373109243697479,435172,0.21868134898385005,1.0,0.35888191636999944
0.3730769230769231,435218,0.21865823564282727,1.0,0.358850790562274
0.3730434782608696,435231,0.2186517044971521,1.0,0.3588419951168469
0.37303030303030305,435232,0.21865120211749137,1.0,0.3588413185619801
0.373015873015873,435233,0.21865069974013918,1.0,0.3588406420096644
0.37289575289575294,435234,0.21865019736509556,1.0,0.3588399654598999
0.37285714285714283,435240,0.2186471831633122,1.0,0.35883590621488526
0.3727777777777778,435241,0.2186466808044279,1.0,0.3588352296829781
0.37272727272727274,435255,0.21863964802242364,1.0,0.35882575850412596
0.3727272727272727,435256,0.21863914569816384,1.0,0.3588250820104823
0.37259615384615385,435258,0.21863814105656876,1.0,0.35882372903084714
0.37250000000000005,435261,0.21863663411148712,1.0,0.358821699580525
0.37249084249084247,435263,0.21863562949297322,1.0,0.3588203466263972
0.37222222222222223,435264,0.21863512718717837,1.0,0.3588196701531593
0.3722222222222222,435272,0.21863110882390782,1.0,0.35881425845907894
0.3721531100478469,435281,0.2186265883417838,1.0,0.3588081704983552
0.3721343873517786,435288,0.21862307254047894,1.0,0.3588034355606162
0.3720833333333333,435290,0.21862206804658962,1.0,0.3588020827442153
0.37200000000000005,435302,0.2186160412770904,1.0,0.3587939660600303
0.372,435303,0.21861553906129752,1.0,0.35879328968625757
0.37197802197802193,435305,0.21861453463663408,1.0,0.3587919369463625
0.371969696969697,435307,0.2186135302212002,1.0,0.3587905842166678
0.37185690653432596,435309,0.2186125258149958,1.0,0.3587892314971733
0.37182539682539684,435313,0.21861051703027476,1.0,0.35878652608878425
0.3717948717948718,435315,0.21860951265175793,1.0,0.3587851733998895
0.37175026123301985,435316,0.21860901046596035,1.0,0.35878449705926707
0.37174825174825177,435318,0.2186080061012869,1.0,0.3587831443856719
0.37164835164835164,435320,0.21860700174584213,1.0,0.35878179172227626
0.371602787456446,435322,0.21860599739962602,1.0,0.3587804390690801
0.3715909090909091,435325,0.21860449089760522,1.0,0.3587784101084094
0.3715384615384616,435329,0.21860248226054318,1.0,0.35877570486321214
0.3715151515151515,435330,0.21860198010704524,1.0,0.35877502855828713
0.37145888594164456,435332,0.2186009758069703,1.0,0.3587736759560864
0.37142857142857144,435338,0.2185979629621122,1.0,0.35876961821067593
0.3714285714285714,435342,0.21859595444501104,1.0,0.3587669130980611
0.3713636363636364,435345,0.2185944480814067,1.0,0.35876488429037023
0.3712121212121212,435346,0.2185939459648188,1.0,0.35876420802623893
0.37111111111111117,435349,0.21859243962889544,1.0,0.3587621792491419
0.3710909090909091,435352,0.21859093331373233,1.0,0.35876015049498977
0.37098039215686274,435354,0.21858992911515687,1.0,0.35875879800496874
0.3709722222222222,435355,0.21858942701932904,1.0,0.3587581217637823
0.3708791208791209,435357,0.21858842283459323,1.0,0.3587567692890574
0.37080128205128204,435359,0.21858741865908365,1.0,0.3587554168245297
0.37072727272727274,435361,0.21858641449280022,1.0,0.3587540643701993
0.3707142857142858,435367,0.21858340204930554,1.0,0.35875000706839
0.37068965517241376,435380,0.21857687537323717,1.0,0.35874121656262253
0.3706493506493507,435388,0.21857285915091826,1.0,0.35873580723472914
0.3706293706293706,435389,0.2185723571335059,1.0,0.35873513108021254
0.37047619047619046,435390,0.2185718551183996,1.0,0.35873445492824485
0.3703496503496504,435392,0.2185708510951051,1.0,0.3587331026319559
0.37034482758620696,435399,0.21856733708621287,1.0,0.35872836967523175
0.3702020202020202,435402,0.21856583111699074,1.0,0.3587263413034382
0.37012987012987014,435403,0.21856532913186175,1.0,0.3587256651846044
0.3701240694789082,435407,0.218563321214404,1.0,0.35872296073475557
0.3701109936575053,435408,0.21856281924080403,1.0,0.35872228462866496
0.37000000000000005,435414,0.21855980744762457,1.0,0.35871822804564085
0.37,435946,0.21829309134617592,1.0,0.3583589087006458
0.3698051948051948,435947,0.21829259061307912,1.0,0.3583582339661578
0.36968253968253967,435949,0.21829158915377717,1.0,0.3583568845048041
0.3696774193548388,435950,0.21829108842757197,1.0,0.3583562097779385
0.3696581196581197,435951,0.21829058770366394,1.0,0.35835553505361356
0.3695804195804196,435953,0.21828958626273934,1.0,0.3583541856125863
0.36954954954954955,435954,0.2182890855457227,1.0,0.3583535108958838
0.369491035280509,435956,0.21828808411858078,1.0,0.3583521614701009
0.36944444444444446,435959,0.21828658199509587,1.0,0.35835013735048193
0.369435736677116,435961,0.21828558059092443,1.0,0.3583487879501059
0.36940711462450593,435972,0.21828007303221308,1.0,0.3583413664296903
0.36937500000000006,435977,0.21827756968830925,1.0,0.3583379931129399
0.3693548387096774,435984,0.21827406510330655,1.0,0.3583332705761859
0.3691919191919192,435985,0.2182735644574928,1.0,0.3583325959382396
0.36910256410256415,435987,0.21827256317275515,1.0,0.3583312466699677
0.36909090909090914,435991,0.21827056063083872,1.0,0.358328548163907
0.3690909090909091,435994,0.21826905874851488,1.0,0.3583265243110336
0.36904761904761907,435996,0.21826805750511472,1.0,0.35832517508848555
0.36888888888888893,435998,0.21826705627090032,1.0,0.358323825876098
0.3688636363636364,436003,0.2182645532255512,1.0,0.35832045288958086
0.36882352941176477,436004,0.21826405262337042,1.0,0.3583197782998976
0.3687683284457478,436006,0.2182630514258978,1.0,0.35831842912815104
0.36875,436008,0.2182620502376103,1.0,0.3583170799665645
0.36874999999999997,436022,0.21825504217677089,1.0,0.3583076361199279
0.3686813186813187,436024,0.2182540410619599,1.0,0.3583062870396168
0.36864864864864866,436026,0.21825303995633288,1.0,0.3583049379694648
0.3685714285714286,436027,0.21825253940696332,1.0,0.3583042634381983
0.3684659090909091,436028,0.21825203885988972,1.0,0.35830358890947156
0.36844444444444446,436030,0.21825103777263033,1.0,0.358302239859637
0.3684162895927602,436032,0.21825003669455453,1.0,0.35830089081996097
0.36839464882943146,436035,0.21824853509465983,1.0,0.3582988672794941
0.3683636363636364,436052,0.21824002641886747,1.0,0.3582874009818981
0.3683333333333334,436056,0.2182380244739208,1.0,0.3582847031361771
0.3682692307692308,436058,0.21823702351522045,1.0,0.3582833542285523
0.3682539682539683,436059,0.21823652303931348,1.0,0.3582826797785487
0.3681818181818182,436061,0.21823552209438588,1.0,0.3582813308861593
0.36818181818181817,436064,0.21823402069421002,1.0,0.35827930756661924
0.3681081081081081,436066,0.2182330197722363,1.0,0.3582779586996216
0.3679144385026738,436068,0.21823201885944393,1.0,0.35827660984278054
0.3679120879120879,436072,0.21823001706140271,1.0,0.35827391215956755
0.36790209790209794,436081,0.2182255131500799,1.0,0.3582678425208708
0.3678571428571429,436082,0.2182250127269642,1.0,0.3582671681292659
0.3677083333333334,436084,0.21822401188761797,1.0,0.35826581935367285
0.3676923076923077,436086,0.21822301105745198,1.0,0.35826447058823535
0.36764705882352944,436089,0.21822150982941554,1.0,0.3582624474591202
0.3676470588235294,436099,0.21821650588513158,1.0,0.3582557038604232
0.3675213675213675,436102,0.21821500474659597,1.0,0.3582536808303185
0.3675155279503106,436103,0.21821450437167367,1.0,0.35825300649202757
0.3675,436106,0.21821300326067516,1.0,0.35825098349238615
0.36748768472906407,436110,0.21821100181146957,1.0,0.3582482861950707
0.3674747474747475,436112,0.2182100011006347,1.0,0.35824693756164405
0.3674603174603175,436115,0.2182085000515919,1.0,0.35824491463054253
0.36742424242424243,436118,0.21820699902320015,1.0,0.3582428917222869
0.36739811912225706,436120,0.21820599834907822,1.0,0.358241543129475
0.3673214285714286,436122,0.21820499768413426,1.0,0.3582401945468166
0.36730769230769234,436123,0.21820449735510394,1.0,0.3582395202592949
0.3672222222222222,436124,0.21820399702836807,1.0,0.3582388459743115
0.36719901719901715,436125,0.21820349670392664,1.0,0.3582381716918664
0.3671717171717172,436127,0.2182024960619269,1.0,0.35823682313459104
0.3671428571428571,436132,0.21819999449707886,1.0,0.35823345178582183
0.3670779220779221,436136,0.21819799328649778,1.0,0.3582307547524939
0.3670138888888889,436138,0.2181969926949727,1.0,0.3582294062510587
0.36696969696969695,436141,0.21819549182489148,1.0,0.3582273835179417
0.366875,436142,0.21819499153945274,1.0,0.3582267092786454
0.36678321678321674,436143,0.21819449125630813,1.0,0.35822603504188727
0.3667521367521368,436145,0.21819349069690125,1.0,0.358224686575985
0.3667084639498433,436155,0.2181884880375096,1.0,0.35821794439875104
0.3666666666666667,436298,0.21811697509500388,1.0,0.3581215590202122
0.36666666666666664,436329,0.21810147847152034,1.0,0.3581006711283121
0.3665587044534413,436331,0.2181004787649743,1.0,0.3580993236060546
0.36647058823529416,436332,0.21809997891513802,1.0,0.35809864984872886
0.3663768115942029,436336,0.2180979795387041,1.0,0.3580959548447789
0.3663636363636364,436342,0.21809498054278526,1.0,0.3580919124149116
0.36630769230769233,436344,0.21809398089580698,1.0,0.3580905649585707
0.36623376623376624,436345,0.21809348107575427,1.0,0.358089891234203
0.3662202380952381,436347,0.21809248144252166,1.0,0.358088543793073
0.3662162162162162,436351,0.21809048220354715,1.0,0.358085848941234
0.3661616161616162,436355,0.21808848300122607,1.0,0.3580831541299559
0.36615384615384616,436361,0.21808548426646746,1.0,0.35807911198908804
0.36608695652173917,436362,0.21808498448535849,1.0,0.3580784383078156
0.3660410557184751,436367,0.2180824856141734,1.0,0.35807506993947674
0.3660215053763441,436370,0.2180809863189495,1.0,0.3580730489488913
0.3659090909090909,436372,0.218079986800253,1.0,0.3580717016345083
0.36587301587301585,436376,0.21807798779034593,1.0,0.358069007036159
0.36583333333333334,436377,0.21807748804359534,1.0,0.35806833339290856
0.36581196581196584,436378,0.21807698829913516,1.0,0.3580676597521927
0.3657894736842105,436388,0.2180719909805036,1.0,0.358060923484438
0.3657657657657658,436391,0.21807049182957486,1.0,0.3580589026535354
0.3657386363636364,436400,0.2180659945004583,1.0,0.3580528402976876
0.3657142857142857,436402,0.2180649951191791,1.0,0.3580514931353773
0.36560606060606066,436404,0.21806399574706006,1.0,0.3580501459832044
0.3654466501240695,436406,0.21806299638410104,1.0,0.35804879884116864
0.3653846153846154,436410,0.21806099768566256,1.0,0.3580461045875081
0.36535947712418304,436415,0.21805849936413735,1.0,0.35804273682745186
0.36533333333333334,436424,0.21805400252965007,1.0,0.3580366750189997
0.3651871657754011,436426,0.21805300325828433,1.0,0.35803532797832915
0.3651340996168582,436428,0.21805200399607724,1.0,0.3580339809477946
0.36505494505494507,436431,0.2180505051199388,1.0,0.35803196042099716
0.3650537634408602,436433,0.21804950588062771,1.0,0.3580306134158018
0.365,436445,0.21804351063707914,1.0,0.3580225315974711
0.36497584541062805,436449,0.2180415122958238,1.0,0.35801983773910717
0.3649753694581281,436450,0.21804101271623325,1.0,0.35801916428085034
0.36494949494949497,436452,0.21804001356391997,1.0,0.3580178173719376
0.3648717948717949,436454,0.2180390144207637,1.0,0.35801647047315927
0.36469696969696974,436455,0.2180385148526194,1.0,0.3580157970275705
0.36462450592885376,436457,0.21803751572319838,1.0,0.3580144501439935
0.3646153846153846,436459,0.21803651660293408,1.0,0.35801310327055075
0.3646031746031746,436463,0.21803451838987498,1.0,0.3580104095540671
0.36456582633053225,436467,0.2180325202134411,1.0,0.3580077158781184
0.3645299145299145,436468,0.21803202067505523,1.0,0.35800704246546483
0.3645238095238095,436470,0.21803102160515042,1.0,0.3580056956477577
0.36444444444444446,436615,0.21795861342372572,1.0,0.35790807835585836
0.3644055944055944,436616,0.21795811422394049,1.0,0.35790740531798865
0.3643609022556391,436619,0.2179566166383048,1.0,0.35790538621956697
0.3642857142857143,436622,0.21795511907324872,1.0,0.35790336714392634
0.36428571428571427,436905,0.21781394124580858,1.0,0.3577130033886582
0.3641909814323608,436906,0.21781344270850023,1.0,0.3577123310842559
0.36411764705882355,436907,0.217812944173474,1.0,0.35771165878238054
0.36404761904761906,436910,0.21781144858208784,1.0,0.3577096418919173
0.36390243902439023,436912,0.21781045153257406,1.0,0.3577082973109105
0.36388888888888893,436924,0.21780446942717727,1.0,0.35770023003713675
0.3638127090301003,436928,0.21780247546506518,1.0,0.35769754102673973
0.3637362637362637,436930,0.21780147849769987,1.0,0.3576961965367022
0.3637254901960784,436932,0.21780048153946152,1.0,0.3576948520567717
0.3636807095343681,436936,0.21779848765036527,1.0,0.3576921631272317
0.36367816091954025,436940,0.21779649379777544,1.0,0.35768947423811887
0.3636405529953917,436942,0.2177954968851701,1.0,0.35768812980872233
0.36363636363636365,436943,0.2177949984322898,1.0,0.357687457597814
0.3636363636363636,436964,0.21778453144881502,1.0,0.3576733417523604
0.3633333333333334,436965,0.21778403304612498,1.0,0.3576726695970338
0.36333333333333334,436981,0.21777605891331658,1.0,0.35766191545537396
0.36328205128205127,436983,0.2177750621877739,1.0,0.3576605712331367
0.3632211538461539,436984,0.21777456382842392,1.0,0.3576598991258071
0.36319444444444443,436985,0.21777406547135486,1.0,0.3576592270210035
0.36309523809523814,436986,0.21777356711656667,1.0,0.35765855491872595
0.3630434782608695,437027,0.21775313653389836,1.0,0.35763100090005284
0.36301075268817207,437033,0.2177501470140699,1.0,0.357626968960742
0.3629973474801061,437038,0.2177476558102499,1.0,0.3576236090807626
0.36294871794871797,437039,0.21774715757632615,1.0,0.3576229371123425
0.3628571428571429,437054,0.21773968434106541,1.0,0.3576128578890605
0.3627692307692308,437064,0.2177347024692036,1.0,0.3576061387225024
0.36272727272727273,437066,0.2177337061221875,1.0,0.3576047949194897
0.36256704980842913,437068,0.21773270978428985,1.0,0.3576034511265764
0.36250000000000004,437070,0.21773171345551057,1.0,0.35760210734376235
0.3625,437109,0.21771228686666255,1.0,0.35757590559731567
0.3624675324675325,437111,0.21771129072478157,1.0,0.35757456202151144
0.3624242424242424,437114,0.21770979652905192,1.0,0.3575725466767366
0.3624195624195624,437116,0.21770880040995982,1.0,0.3575712031261742
0.36230769230769233,437118,0.21770780429998307,1.0,0.3575698595857083
0.3621794871794872,437119,0.2177073062484129,1.0,0.3575691878192615
0.36215686274509806,437125,0.21770431798684586,1.0,0.35756515727358634
0.36209150326797385,437130,0.21770182783153752,1.0,0.3575617985549339
0.362,437154,0.21768987587898087,1.0,0.3575456775837
0.361965811965812,437158,0.2176878840144753,1.0,0.35754299089648744
0.3619047619047619,437159,0.21768738605404442,1.0,0.3575423192309932
0.3618803418803419,437160,0.21768688809589165,1.0,0.3575416475680225
0.3616666666666667,437164,0.21768489628606197,1.0,0.35753896094137444
0.3616625310173697,437166,0.2176839003948157,1.0,0.35753761764319125
0.36161490683229813,437168,0.21768290451268163,1.0,0.3575362743551017
0.36157894736842106,437171,0.21768141070656563,1.0,0.3575342594418928
0.36156314699792963,437172,0.21768091277574958,1.0,0.3575335878092032
0.3615384615384616,437175,0.2176794189969692,1.0,0.35753157292627447
0.36153846153846153,437212,0.21766099741086703,1.0,0.35750672457060423
0.3614414414414414,437214,0.2176600017382792,1.0,0.3575053815146381
0.3613793103448276,437222,0.2176560191390186,1.0,0.3575000093916819
0.3613636363636364,437224,0.21765502351197555,1.0,0.35749866638616945
0.3611965811965812,437226,0.21765402789404106,1.0,0.35749732339074736
0.3611140583554377,437228,0.21765303228521504,1.0,0.3574959804054156
0.3611111111111111,437290,0.21762217292872008,1.0,0.357454352864285
0.3610714285714286,437291,0.2176216752688713,1.0,0.35745368153177265
0.3610344827586207,437293,0.21762067995600204,1.0,0.3574523388743128
0.3609090909090909,437296,0.21761918700376862,1.0,0.35745032490703527
0.36084010840108405,437297,0.2176186893575762,1.0,0.3574496535896526
0.3607834101382489,437298,0.2176181917136598,1.0,0.35744898227479144
0.3607692307692308,437301,0.21761669879556644,1.0,0.3574469683453373
0.3607142857142857,437329,0.21760276588106436,1.0,0.3574281727647124
0.36071428571428565,437331,0.21760177074115486,1.0,0.35742683029887606
0.3605714285714286,437334,0.21760027804835663,1.0,0.3574248166190296
0.3604895104895105,437336,0.21759928293120165,1.0,0.35742347417840376
0.36040209790209793,437337,0.21759878537603725,1.0,0.35742280296187234
0.3603636363636364,437338,0.21759828782314822,1.0,0.35742213174786197
0.36034482758620695,437339,0.2175977902725346,1.0,0.3574214605363726
0.3603448275862069,437381,0.21757689520120901,1.0,0.35739327193007164
0.3603174603174603,437391,0.2175719207756904,1.0,0.3573865610124776
0.36028846153846156,437393,0.21757092591788163,1.0,0.3573852188592019
0.3601442307692308,437398,0.2175684388131633,1.0,0.3573818635201159
0.36010989010989014,437399,0.21756794139904298,1.0,0.3573811924598592
0.36003861003861004,437400,0.21756744398719707,1.0,0.35738052140212256
0.36003031451307316,437401,0.21756694657762557,1.0,0.357379850346906
0.36000000000000004,437641,0.21744763401966452,1.0,0.3572188699430373
0.36,437675,0.2174307419889187,1.0,0.35719607611304727
0.3599547511312217,437678,0.2174292516416178,1.0,0.3571940650324111
0.35986013986013987,437684,0.21742627100830736,1.0,0.3571900429390745
0.3597101449275362,437686,0.2174252774820305,1.0,0.35718870226142446
0.3596774193548387,437706,0.21741534271862847,1.0,0.35717529603843334
0.3595927601809955,437709,0.2174138525824235,1.0,0.3571732851917812
0.3595785440613027,437711,0.21741285916963476,1.0,0.35717194463992497
0.3594982078853047,437712,0.21741236246664472,1.0,0.35717127436777035
0.35947368421052633,437715,0.21741087237129184,1.0,0.35716926356640066
0.3594202898550725,437717,0.21740987898573735,1.0,0.3571679230447323
0.35937500000000006,437719,0.21740888560926075,1.0,0.3571665825331264
0.359375,437739,0.2173989523437482,1.0,0.3571531779704749
0.35935483870967744,437740,0.21739845570429936,1.0,0.35715250776875385
0.3592857142857143,437743,0.21739696579956733,1.0,0.3571504971786822
0.3592397660818714,437745,0.21739597254109128,1.0,0.35714915679787734
0.3591304347826087,437757,0.21739001318082862,1.0,0.35714111472432125
0.35910256410256414,437758,0.21738951658222122,1.0,0.35714044456787297
0.35909090909090907,437846,0.21734582478771075,1.0,0.35708148064764267
0.35905882352941176,437848,0.21734483199649193,1.0,0.35708014078482286
0.358974358974359,437849,0.21734433560428368,1.0,0.3570794708571836
0.3589162561576355,437853,0.21734235005812452,1.0,0.3570767911717637
0.3588888888888889,437855,0.2173413572986491,1.0,0.35707545134413593
0.3588235294117647,437866,0.21733589728364386,1.0,0.3570680824719059
0.3587445887445887,437868,0.21733490458311638,1.0,0.35706674270963096
0.35873015873015873,437871,0.21733341554932845,1.0,0.3570647330850694
0.35870967741935483,437879,0.21732944489231043,1.0,0.35705937419682837
0.3586190476190476,437881,0.21732845225072564,1.0,0.3570580344999015
0.35858585858585856,437883,0.2173274596182085,1.0,0.35705669481302776
0.3585714285714286,437892,0.21732299288409015,1.0,0.35705066634650023
0.35857142857142854,437903,0.21731753379173013,1.0,0.357043298497187
0.35846153846153844,437905,0.21731654125894886,1.0,0.3570419589208902
0.3583333333333334,437915,0.21731157873103227,1.0,0.3570352611901801
0.35833333333333334,437924,0.2173071126496835,1.0,0.3570292334473858
0.3582488479262673,437927,0.2173056239966935,1.0,0.3570272242450163
0.3582437275985663,437934,0.21730215055236635,1.0,0.3570225361940957
0.35820512820512823,437936,0.21730115816009646,1.0,0.3570211967735884
0.3581081081081081,437939,0.21729966958868702,1.0,0.3570191876616714
0.35809523809523813,437942,0.21729818103767165,1.0,0.3570171785723664
0.35808080808080806,437943,0.21729768485853182,1.0,0.3570165088809564
0.3580459770114942,437946,0.21729619633470793,1.0,0.35701449982180034
0.35804195804195804,437948,0.21729520399682153,1.0,0.3570131604615916
0.3579464285714286,437949,0.21729470783127716,1.0,0.35701249078525565
0.35789473684210527,437952,0.2172932193482391,1.0,0.35701048177132183
0.3577922077922078,437953,0.21729272319175802,1.0,0.3570098121050351
0.3577777777777778,437956,0.21729123473590956,1.0,0.3570078031212485
0.35769230769230764,437957,0.21729073858849157,1.0,0.3570071334650108
0.3576388888888889,437959,0.21728974630045278,1.0,0.35700579416007183
0.3575757575757576,437961,0.2172887540214768,1.0,0.35700445486518173
0.3575,437980,0.21727932782318826,1.0,0.35699173206488305
0.35745454545454547,437982,0.21727833563936416,1.0,0.3569903928754975
0.35745007680491553,437988,0.2172753591422596,1.0,0.35698637536762495
0.3573809523809524,437989,0.21727486306733731,1.0,0.35698570579177086
0.35734265734265735,437991,0.2172738709242884,1.0,0.3569843666475978
0.3573170731707317,437993,0.2172728787903003,1.0,0.35698302751347166
0.3573076923076923,437995,0.2172718866653729,1.0,0.35698168838939226
0.3572916666666667,437996,0.2172713906063069,1.0,0.3569810188311201
0.3572727272727273,438004,0.21726742221532225,1.0,0.35697566245536116
0.35714285714285715,438024,0.21725750187204354,1.0,0.35696227221917975
0.3570707070707071,438030,0.21725452594571149,1.0,0.35695825534420866
0.35705329153605014,438033,0.21725303801311774,1.0,0.3569562469406242
0.35694444444444445,438037,0.2172510541346964,1.0,0.356953569104334
0.35694183864915574,438040,0.21724956624965758,1.0,0.3569515607534827
0.3568452380952381,438043,0.21724807838499874,1.0,0.3569495524252307
0.3566666666666667,438047,0.2172460945971551,1.0,0.3569468746893819
0.35666666666666663,438049,0.21724510271681935,1.0,0.3569455358365231
0.3565934065934066,438052,0.21724361491329797,1.0,0.35694352757606673
0.3565656565656566,438054,0.21724262305560502,1.0,0.3569421887483168
0.3565359477124183,438056,0.21724163120696896,1.0,0.35694084993061026
0.35651515151515156,438057,0.21724113528604724,1.0,0.3569401805255232
0.35647058823529415,438062,0.21723865571540102,1.0,0.35693683353774946
0.3564661654135339,438064,0.21723766390299135,1.0,0.35693549476021513
0.35644444444444445,438066,0.21723667209963796,1.0,0.3569341559927236
0.35642857142857143,438069,0.21723518441158812,1.0,0.35693214786031624
0.3563636363636364,438256,0.2171424920594356,1.0,0.35680701885943533
0.3561688311688312,438258,0.21714150112490815,1.0,0.35680568105552457
0.35611111111111116,438260,0.21714051019942499,1.0,0.3568043432616455
0.35608695652173916,438265,0.21713803292528494,1.0,0.3568009988208365
0.35603174603174603,438270,0.2171355557076688,1.0,0.35679765444272393
0.356,438281,0.21713010602786798,1.0,0.35679029703155907
0.355982905982906,438287,0.21712713359054683,1.0,0.3567862840260867
0.35595238095238096,438289,0.21712614279619155,1.0,0.3567849463776565
0.35579710144927534,438295,0.21712317046737928,1.0,0.3567809334925458
0.3557575757575758,438297,0.21712217970919262,1.0,0.3567795958842352
0.3557422969187675,438299,0.2171211889600478,1.0,0.3567782582859542
0.35571428571428576,438301,0.21712019821994474,1.0,0.3567769206977028
0.3557142857142857,438305,0.21711821676686327,1.0,0.3567742455512879
0.3555555555555556,438306,0.21711772140924376,1.0,0.35677357677095245
0.35555555555555557,438311,0.21711524465505086,1.0,0.3567702329068841
0.35545454545454547,438313,0.21711425396919554,1.0,0.35676889537880735
0.35535714285714287,438314,0.21711375862965818,1.0,0.35676822661852975
0.35535117056856186,438320,0.2171107866398978,1.0,0.3567642141095141
0.3552941176470588,438328,0.21710682411344928,1.0,0.3567588642378892
0.35523809523809524,438330,0.2171058335044373,1.0,0.35675752679505296
0.3551587301587302,438332,0.2171048429044651,1.0,0.3567561893622445
0.3551051051051051,438333,0.2171043476078689,1.0,0.35675552064960064
0.35500000000000004,438349,0.21709642316966618,1.0,0.35674482158822746
0.355,438350,0.21709592791148624,1.0,0.3567441529181989
0.3548076923076923,438354,0.21709394690136283,1.0,0.3567414782631514
0.35478927203065136,438356,0.21709295640985865,1.0,0.35674014095066725
0.3547619047619047,438357,0.2170924611674959,1.0,0.3567394722981851
0.3546783625730994,438367,0.21708750886814016,1.0,0.35673278591122165
0.3546153846153846,438375,0.21708354719133163,1.0,0.3567274369821138
0.35454545454545455,438377,0.21708255679472235,1.0,0.35672609977490016
0.35446428571428573,438379,0.21708156640714998,1.0,0.3567247625777117
0.3544202898550725,438381,0.21708057602861439,1.0,0.3567234253905482
0.3543956043956044,438383,0.21707958565911542,1.0,0.3567220882134095
0.35437500000000005,438385,0.217078595298653,1.0,0.3567207510462957
0.35432432432432437,438391,0.21707562427148366,1.0,0.3567167396051016
0.3543076923076923,438393,0.21707463394716614,1.0,0.3567154024780858
0.3543055555555556,438394,0.21707413878839582,1.0,0.35671473391833686
0.3542857142857143,438404,0.21706918732493316,1.0,0.3567080484586782
0.3542735042735043,438408,0.21706720680279556,1.0,0.3567053743449807
0.35400000000000004,438416,0.21706324586693918,1.0,0.35670002623786495
0.353968253968254,438418,0.2170622556555616,1.0,0.3566986892361437
0.3539285714285714,438420,0.21706126545321838,1.0,0.3566973522444451
0.3538888888888889,438422,0.2170602752599094,1.0,0.3566960152627693
0.35387931034482756,438424,0.21705928507563454,1.0,0.356694678291116
0.35384615384615387,438440,0.21705136392664903,1.0,0.3566839828786891
0.3537878787878788,438442,0.21705037382367565,1.0,0.3566826459972339
0.3535714285714286,438443,0.2170498787755763,1.0,0.3566819775602644
0.35352437417654814,438444,0.21704938372973515,1.0,0.3566813091258002
0.35341880341880344,438453,0.21704492841878148,1.0,0.356675293328361
0.3533333333333334,438455,0.21704393837451963,1.0,0.3566739565120432
0.35333333333333333,438632,0.21695635521348192,1.0,0.35655568794071146
0.35326797385620917,438633,0.21695586059416413,1.0,0.3565550199795053
0.3531746031746032,438636,0.21695437674974238,1.0,0.35655301611090295
0.35307692307692307,438644,0.21695041993051312,1.0,0.3565476725714114
0.35304347826086957,438646,0.21694943074825715,1.0,0.35654633671156405
0.353030303030303,438651,0.21694695783208062,1.0,0.3565429971057389
0.35302197802197804,438659,0.2169430012834571,1.0,0.3565376538665438
0.353015873015873,438661,0.2169420121688502,1.0,0.3565363180817684
0.3529545454545455,438663,0.21694102306326268,1.0,0.3565349823070021
0.3529177718832891,438665,0.2169400339666944,1.0,0.3565336465422448
0.35285714285714287,438666,0.21693953942179242,1.0,0.3565329786636195
0.3527777777777778,438669,0.21693805580061504,1.0,0.35653097504275677
0.35266666666666663,438671,0.21693706673110372,1.0,0.3565296393080259
0.35259740259740263,438672,0.2169365721997301,1.0,0.35652897144441364
0.3525345622119816,438674,0.21693558314374684,1.0,0.3565276357246955
0.3525252525252525,438706,0.2169197594744544,1.0,0.35650626557026993
0.35250000000000004,438710,0.21691778167810172,1.0,0.35650359448109475
0.35243243243243244,438718,0.2169138261935913,1.0,0.35649825242282
0.35225108225108226,438720,0.21691283734500363,1.0,0.3564969169332664
0.3522222222222222,438731,0.21690739883892407,1.0,0.3564895719195722
0.3521978021978022,438732,0.21690690444280336,1.0,0.3564889042060626
0.3521531100478469,438734,0.21690591565732312,1.0,0.3564875687865472
0.35214285714285715,438752,0.21689701699365474,1.0,0.3564755504611212
0.3520779220779221,438754,0.2168960282983175,1.0,0.35647421514165095
0.35200000000000004,438756,0.2168950396119939,1.0,0.35647287983218456
0.35198511166253105,438759,0.2168935565994088,1.0,0.3564708768867421
0.351969696969697,438761,0.2168925679356187,1.0,0.356469541602285
0.35193236714975845,438770,0.21688811906009983,1.0,0.35646353294601957
0.3517595307917889,438773,0.21688663614215095,1.0,0.3564615301056117
0.35168269230769234,438775,0.21688564754145062,1.0,0.3564601948911767
0.35157894736842105,438784,0.21688119894982497,1.0,0.3564541865500011
0.3514285714285714,438798,0.21687427928112707,1.0,0.35644484064409077
0.3514102564102564,438799,0.21687378503597318,1.0,0.356444173098136
0.3513888888888889,438813,0.21686686584034656,1.0,0.3564348277172987
0.3513636363636364,438814,0.21686637162898176,1.0,0.35643416020884755
0.35129870129870133,438815,0.21686587741986943,1.0,0.35643349270289654
0.35128205128205126,438827,0.21685994708620937,1.0,0.35642548282648956
0.3512605042016807,438829,0.21685895872879868,1.0,0.3564241478820883
0.3511965811965812,438830,0.21685846455347174,1.0,0.35642348041363764
0.35113871635610766,438831,0.216857970380397,1.0,0.35642281294768674
0.35113122171945704,438832,0.21685747620957452,1.0,0.35642214548423584
0.35111111111111115,438837,0.21685500538924476,1.0,0.356418808204479
0.35108695652173916,438839,0.21685401707687785,1.0,0.35641747331007506
0.3510606060606061,438840,0.21685352292407256,1.0,0.3564168058666228
0.3510344827586207,438851,0.21684808739184827,1.0,0.3564094641536286
0.35095238095238096,438852,0.21684759326606692,1.0,0.35640879674017256
0.3509523809523809,438854,0.2168466050212599,1.0,0.3564074619207592
0.3509090909090909,438855,0.2168461109022342,1.0,0.3564067945148019
0.3508888888888889,438875,0.21683622899458843,1.0,0.35639344692054326
0.3508791208791209,438876,0.21683573492284836,1.0,0.3563927795670736
0.35085227272727276,438879,0.21683425272113727,1.0,0.3563907775216602
0.3508333333333334,438880,0.2168337586584032,1.0,0.35639011017818756
0.35079365079365077,438882,0.2168327705396895,1.0,0.3563887754987398
0.3507692307692308,438936,0.21680609473818507,1.0,0.35635274293203517
0.3507575757575757,438938,0.2168051068715855,1.0,0.35635140853245256
0.35071428571428576,438942,0.21680313116539315,1.0,0.356348739763268
0.35048611111111116,438943,0.21680263724447138,1.0,0.3563480725772177
0.3504761904761905,438945,0.2168016494093793,1.0,0.356346738212612
0.35042735042735046,438961,0.21679374705269944,1.0,0.35633606365551135
0.35034482758620694,438963,0.2167927592986197,1.0,0.35633472938084015
0.3503030303030303,438965,0.2167917715535407,1.0,0.356333395116161
0.35028846153846155,438967,0.21679078381746236,1.0,0.35633206086147406
0.35000000000000003,439016,0.2167665870947756,1.0,0.3562993747425961
0.35,440019,0.2162724791429461,1.0,0.35563162507030305
0.3498917748917749,440020,0.2162719876369256,1.0,0.3556309605668331
0.34987179487179493,440025,0.21626953014033293,1.0,0.3556276380867319
0.3498076923076923,440026,0.21626903864771627,1.0,0.3556269735981614
0.3497619047619048,440027,0.21626854715733354,1.0,0.355626309112074
0.3496640141467728,440029,0.21626756418326973,1.0,0.3556249801473487
0.34960317460317464,440045,0.21625970071242714,1.0,0.35561434878710935
0.3493939393939394,440046,0.216259209264486,1.0,0.3556136843481998
0.34937500000000005,440050,0.21625724349505737,1.0,0.3556110266173904
0.3493650793650794,440052,0.21625626062374448,1.0,0.35560969776688295
0.34935483870967743,440058,0.21625331206340984,1.0,0.3556057112749476
0.3492682926829268,440060,0.21625232922783258,1.0,0.35560438246416454
0.3492337164750958,440074,0.21624544962892606,1.0,0.3555950810667404
0.34920634920634924,440077,0.2162439754861081,1.0,0.35559308797345496
0.34912280701754383,440078,0.21624348410963512,1.0,0.35559242361399146
0.3490909090909091,440081,0.21624200999361481,1.0,0.35559043055049555
0.34903225806451615,440099,0.2162331657195313,1.0,0.3555784726386842
0.3488888888888889,440120,0.21622284831409616,1.0,0.35556452275801254
0.3488636363636364,440125,0.21622039193410963,1.0,0.35556120151917936
0.34882352941176475,440126,0.21621990066480962,1.0,0.3555605372788582
0.34880952380952385,440127,0.216219409397742,1.0,0.35555987304101877
0.3488095238095238,440129,0.21621842687030393,1.0,0.35555854457278535
0.34875,440141,0.2162125318931888,1.0,0.35555057397184786
0.3487179487179487,440145,0.21621056697224778,1.0,0.35554791718428047
0.3487060041407868,440146,0.21621007574759285,1.0,0.3555472529935925
0.3486781609195403,440150,0.21620811087129388,1.0,0.35554459625565554
0.34864864864864864,440151,0.21620761965779925,1.0,0.35554393207737495
0.3485714285714286,440213,0.21617716877965895,1.0,0.3555027578696881
0.34856630824372764,440230,0.2161688208436499,1.0,0.3554914698334311
0.34844155844155844,440231,0.21616832980866862,1.0,0.35549080585362214
0.34844006568144503,440232,0.21616783877591816,1.0,0.35549014187629346
0.34826388888888893,440240,0.21616391059422133,1.0,0.3554848301469545
0.3482456140350877,440243,0.2161624375628914,1.0,0.3554828382893761
0.34821428571428575,440244,0.21616194655690935,1.0,0.35548217434181034
0.3481818181818182,440251,0.21615850957749103,1.0,0.35547752677829353
0.348125,440283,0.21614279906332973,1.0,0.3554562823211261
0.3480952380952381,440285,0.21614181723202017,1.0,0.35545495462686455
0.3480645161290323,440287,0.21614083540963053,1.0,0.3554536269425213
0.34805194805194806,440291,0.21613887179161054,1.0,0.3554509716035894
0.3480107526881721,440293,0.21613788999597994,1.0,0.3554496439490006
0.348,440295,0.21613690820926879,1.0,0.35544831630432955
0.347979797979798,440304,0.21613249027944328,1.0,0.35544234202604075
0.3479020979020979,440305,0.21613199940950023,1.0,0.35544167822973877
0.34771428571428575,440307,0.21613101767630313,1.0,0.35544035064457274
0.34771241830065364,440316,0.21612659998728187,1.0,0.355434376634048
0.3477022977022977,440318,0.21612561830313545,1.0,0.35543304910342455
0.3476470588235294,440326,0.2161216916557278,1.0,0.3554277390800949
0.34761904761904766,440327,0.2161212008348341,1.0,0.35542707533833434
0.3476190476190476,440329,0.21612021919973473,1.0,0.3554257478622503
0.34747023809523814,440330,0.21611972838552904,1.0,0.3554250841279268
0.34746031746031747,440334,0.216117765150999,1.0,0.3554224292154219
0.3472727272727273,440373,0.21609862548339703,1.0,0.35539654589692216
0.34727272727272723,440374,0.216098134767266,1.0,0.3553958822716595
0.3472527472527473,440378,0.21609617192502806,1.0,0.35539322779539234
0.34722222222222227,440383,0.21609371842237327,1.0,0.3553899097558198
0.3471861471861472,440385,0.2160927370369109,1.0,0.3553885825573384
0.3471428571428572,440386,0.2160922463475224,1.0,0.35538791896181493
0.34714285714285714,440391,0.21608979293400638,1.0,0.3553846010213703
0.3471395881006865,440392,0.21608930225798834,1.0,0.3553839374407158
0.34710941232680365,440394,0.21608832091263733,1.0,0.355382610286841
0.3470770421989934,440396,0.2160873395761996,1.0,0.35538128314287853
0.34705159705159705,440399,0.2160858675882552,1.0,0.35537929244552
0.34699699699699704,440403,0.21608390496885807,1.0,0.35537663821706716
0.34690476190476194,440405,0.21608292367252868,1.0,0.3553753111177084
0.34682539682539687,440409,0.2160809611066077,1.0,0.35537265694872594
0.3467857142857143,440410,0.21608047047069776,1.0,0.355371993412675
0.3467836257309942,440416,0.21607752670202718,1.0,0.3553680122484036
0.3467777777777778,440418,0.21607654546362773,1.0,0.3553666852134687
0.34675324675324676,440420,0.21607556423414015,1.0,0.3553653581884448
0.3467272727272728,440422,0.21607458301356428,1.0,0.3553640311733317
0.3467084639498433,440423,0.21607409240661818,1.0,0.35536336766949156
0.3466666666666667,440454,0.21605888469624523,1.0,0.35534280027930354
0.3466666666666666,440457,0.21605741309594353,1.0,0.35534081001305023
0.34661904761904766,440459,0.2160564320402126,1.0,0.35533948318126746
0.3466183574879227,440461,0.21605545099339102,1.0,0.35533815635939325
0.34659977703455963,440462,0.2160549604733212,1.0,0.3553374929521718
0.34647058823529414,440473,0.21604956489955116,1.0,0.3553301956362238
0.3464285714285714,440474,0.21604907440620785,1.0,0.355329532258727
0.3463888888888889,440475,0.21604858391509166,1.0,0.3553288688837071
0.3463768115942029,440476,0.21604809342620257,1.0,0.35532820551116423
0.3463636363636364,440478,0.21604711245510558,1.0,0.35532687877350916
0.3463450292397661,440479,0.21604662197289767,1.0,0.35532621540839704
0.34621621621621623,440482,0.21604515053963613,1.0,0.3553242253279218
0.3461538461538462,440484,0.2160441695952634,1.0,0.3553228986199893
0.34615384615384615,440485,0.21604367912641748,1.0,0.3553222352697382
0.34608695652173915,440541,0.21601621642480495,1.0,0.35528509160825456
0.34580419580419586,440543,0.21601523574316242,1.0,0.35528376519253996
0.34578947368421054,440554,0.2160098421532888,1.0,0.3552764700831407
0.3457386363636364,440556,0.21600886152952178,1.0,0.3552751437318002
0.3457264957264957,440558,0.21600788091465822,1.0,0.3552738173903629
0.34571428571428575,440559,0.2160073906105652,1.0,0.3552731542233579
0.3457142857142857,440587,0.2159936629995892,1.0,0.355254586552335
0.3456989247311828,440591,0.2159917020547401,1.0,0.35525193418633516
0.3456959706959707,440593,0.21599072159566765,1.0,0.35525060801818736
0.34569444444444447,440595,0.21598974114549643,1.0,0.35524928185994076
0.3456896551724138,440596,0.21598925092374874,1.0,0.3552486187845304
0.345625,440597,0.21598876070422632,1.0,0.3552479557115953
0.34554347826086956,440600,0.21598729005901043,1.0,0.3552459665076414
0.34545454545454546,440611,0.21598189786455627,1.0,0.35523867295039896
0.345320197044335,440613,0.21598091749449064,1.0,0.3552373468812584
0.34505494505494505,440615,0.215979937133325,1.0,0.355236020822018
0.34500000000000003,440707,0.21593485013852742,1.0,0.35517503279707247
0.34497536945812807,440708,0.21593436016591486,1.0,0.3551743699988057
0.34494949494949495,440712,0.21593240029770008,1.0,0.3551717188304757
0.34491039426523296,440714,0.2159314203769338,1.0,0.35517039326115274
0.34487179487179487,440716,0.2159304404650614,1.0,0.35516906770172424
0.34480519480519484,440717,0.2159299505124604,1.0,0.3551684049257205
0.34479166666666666,440719,0.2159289706139286,1.0,0.35516707938113357
0.3446969696969697,440720,0.21592848066799783,1.0,0.3551664166125505
0.34464285714285714,440721,0.21592799072429042,1.0,0.35516575384644095
0.3445299145299145,440723,0.2159270108435457,1.0,0.3551644283216424
0.3444444444444445,440725,0.21592603097169435,1.0,0.35516310280673796
0.34444444444444444,440778,0.21590006760772998,1.0,0.35512798026652137
0.3444281524926686,440779,0.21589957779295293,1.0,0.3551273176438539
0.3443589743589744,440780,0.2158990879803984,1.0,0.3551266550236592
0.3443548387096774,440781,0.21589859817006632,1.0,0.3551259924059372
0.3443434343434344,440783,0.21589761855606954,1.0,0.35512466717791125
0.34433356117566644,440784,0.2158971287524048,1.0,0.3551240045676073
0.34432432432432436,440794,0.2158922308379878,1.0,0.355117378600562
0.3442857142857143,440821,0.21587900757904002,1.0,0.3550994897245259
0.34428571428571425,440823,0.21587802814281468,1.0,0.3550981646942929
0.34415584415584416,440830,0.21587460018601276,1.0,0.3550935271663489
0.34404761904761905,440834,0.21587264140243267,1.0,0.35509087720476573
0.34400000000000003,440887,0.21584669087543973,1.0,0.35505576894735763
0.34396313364055303,440888,0.2158462013028252,1.0,0.35505510659413636
0.34393939393939393,440895,0.21584277435670624,1.0,0.35505047019078123
0.34382284382284384,440896,0.21584228480185805,1.0,0.3550498078573294
0.34375,440897,0.21584179524923056,1.0,0.3550491455263487
0.3436842105263158,440904,0.21583836844301707,1.0,0.35504450927867354
0.3436781609195403,440905,0.2158378789081548,1.0,0.3550438469674613
0.34367816091954023,440906,0.21583738937551314,1.0,0.3550431846587199
0.34363636363636363,440925,0.21582808867721268,1.0,0.3550306012621039
0.3435294117647059,440926,0.21582759918897956,1.0,0.3550299390027794
0.34350649350649354,440928,0.2158266202191741,1.0,0.3550286144915425
0.34341692789968653,440930,0.2158256412582496,1.0,0.3550272899901883
0.3433333333333334,440932,0.21582466230620595,1.0,0.3550259654987167
0.3433333333333333,440934,0.215823683363043,1.0,0.3550246410171275
0.3431818181818182,440937,0.21582221496494963,1.0,0.35502265431327307
0.3431372549019608,440940,0.2158207465868372,1.0,0.3550206676316536
0.34310924369747897,440942,0.2158197676791959,1.0,0.35501934318959305
0.34307692307692306,441013,0.21578502221022963,1.0,0.3549723318978621
0.34304347826086956,441039,0.21577230131575664,1.0,0.35495511960955084
0.34294117647058825,441041,0.21577132284753572,1.0,0.354953795656512
0.342936507936508,441043,0.2157703443881889,1.0,0.3549524717133495
0.34285714285714286,441081,0.21575175534652366,1.0,0.354927318669638
0.34276923076923077,441083,0.21575077706463408,1.0,0.3549259949239809
0.3427536231884058,441096,0.21574441844859168,1.0,0.3549173908178868
0.34272727272727277,441100,0.2157424620267513,1.0,0.3549147434845524
0.34265734265734266,441101,0.21574197292683536,1.0,0.3549140816573896
0.3425,441130,0.21572778999387934,1.0,0.3548948897433124
0.34244444444444444,441131,0.21572730096048567,1.0,0.354894227990192
0.34243697478991597,441132,0.21572681192930915,1.0,0.3548935662395393
0.3424342105263158,441134,0.21572583387360755,1.0,0.3548922427456377
0.3423076923076923,441233,0.21567743119848243,1.0,0.35482674213315885
0.3422222222222222,441290,0.215649572843255,1.0,0.3547890406260369
0.3421455938697318,441291,0.21564908416441758,1.0,0.3547883792675993
0.34209401709401716,441292,0.21564859548779494,1.0,0.35478771791162744
0.34208211143695016,441299,0.21564517481344847,1.0,0.3547830884888613
0.342,441320,0.21563491344149371,1.0,0.354769200945415
0.34195121951219515,441330,0.2156300274171255,1.0,0.35476258821161094
0.3418803418803419,441331,0.21562953882686692,1.0,0.35476192695178893
0.3418181818181818,441333,0.21562856165299218,1.0,0.35476060443954016
0.34175824175824177,441334,0.21562807306937604,1.0,0.35475994318711346
0.3417171717171717,441336,0.21562709590878604,1.0,0.35475862068965514
0.34166666666666673,441337,0.2156266073318122,1.0,0.35475795944462357
0.3416666666666667,441343,0.21562367591646406,1.0,0.3547539920261991
0.34153846153846157,441373,0.21560902003520832,1.0,0.3547341562650852
0.3414835164835165,441378,0.2156065775820272,1.0,0.3547308505205557
0.34147727272727274,441384,0.2156036467112537,1.0,0.35472688370844735
0.34147435897435896,441385,0.2156031582405383,1.0,0.3547262225817214
0.34144144144144145,441387,0.21560218130574757,1.0,0.3547249003356624
0.3414285714285714,441438,0.21557727245955263,1.0,0.3546911863914037
0.3413793103448276,441440,0.2155762957593331,1.0,0.354689864406527
0.34137931034482755,441441,0.21557580741254212,1.0,0.3546892034177841
0.34121621621621623,441446,0.2155733657117745,1.0,0.35468589851102295
0.3411140583554377,441448,0.21557238904695455,1.0,0.3546845765655632
0.34111111111111114,441467,0.21556311117252253,1.0,0.3546720185751476
0.34109890109890106,441469,0.2155621346006175,1.0,0.3546706967331491
0.34093023255813953,441473,0.21556018148335232,1.0,0.3546680530787106
0.34090909090909094,441476,0.21555871666862977,1.0,0.3546660703637448
0.3409090909090909,441478,0.21555774013654133,1.0,0.35466474856608315
0.3408333333333334,441480,0.21555676361330073,1.0,0.3546634267782739
0.3408333333333333,441482,0.21555578709890777,1.0,0.3546621050003168
0.3408067542213884,441483,0.21555529884502914,1.0,0.3546614441150328
0.34078947368421053,441484,0.2155548105933624,1.0,0.3546607832322118
0.34071428571428575,441526,0.2155343060204835,1.0,0.3546330283776482
0.3406896551724138,441583,0.21550648462463456,1.0,0.35459536802255065
0.3406666666666667,441587,0.21550453251567642,1.0,0.35459272549096327
0.3405714285714286,441589,0.2155035564744593,1.0,0.354591404239939
0.3404761904761905,441594,0.21550111641009614,1.0,0.3545881011554555
0.3404248366013072,441596,0.21550014039982246,1.0,0.3545867799388926
0.3404040404040404,441598,0.21549916439838948,1.0,0.3545854587321755
0.34037433155080216,441605,0.21549574846299294,1.0,0.35458083458620004
0.34035087719298246,441606,0.2154952604810623,1.0,0.35458017400376324
0.34034482758620693,441647,0.2154752551245678,1.0,0.35455309224289366
0.3403409090909091,441649,0.21547427934853244,1.0,0.35455177128720805
0.3402777777777778,441650,0.21547379146382883,1.0,0.3545511108130563
0.3401098901098901,441655,0.215471352073451,1.0,0.3545478084792081
0.34,441799,0.21540112132440317,1.0,0.3544527276553506
0.33999999999999997,441803,0.2153991711237814,1.0,0.3544500872493095
0.3398989898989899,441804,0.21539868357914368,1.0,0.35444942715394584
0.3398717948717949,441807,0.21539722095847283,1.0,0.3544474468826063
0.3398701298701299,441809,0.21539624588906064,1.0,0.3544461267140061
0.3398409090909091,441810,0.21539575835766506,1.0,0.35444546663339377
0.3397759103641457,441811,0.21539527082847643,1.0,0.35444480655523997
0.33974358974358976,441817,0.21539234569969015,1.0,0.3544408461379453
0.3396825396825397,441819,0.21539137067441644,1.0,0.3544395260185146
0.33967741935483875,441834,0.21538405826622667,1.0,0.3544296254362213
0.33966346153846155,441837,0.21538259584416877,1.0,0.3544276453861352
0.3395804195804196,441839,0.215381620907163,1.0,0.35442632536503516
0.3395752895752896,441840,0.21538113344196994,1.0,0.3544256653581724
0.3394736842105263,441843,0.21537967105962977,1.0,0.35442368535233243
0.3394454382826476,441845,0.21537869614910207,1.0,0.3544223653607296
0.3393939393939394,441846,0.21537820869714788,1.0,0.3544217053686151
0.33937500000000004,441862,0.21537040976594501,1.0,0.35441114582906597
0.3393548387096774,441922,0.2153411688035445,1.0,0.35437155315908436
0.3393406593406594,441923,0.2153406815214415,1.0,0.35437089335619737
0.3392857142857143,441930,0.2153372706084674,1.0,0.3543662748047828
0.33916666666666667,441934,0.21533532156385343,1.0,0.35436363568659723
0.33913043478260874,441935,0.21533483430821274,1.0,0.35436297591319293
0.3391304347826087,441937,0.21533385980354666,1.0,0.35436165637375466
0.3390909090909091,441955,0.2153250896584494,1.0,0.3543497809610161
0.3390476190476191,441956,0.21532460244911258,1.0,0.35434912123920165
0.3389198606271777,441959,0.2153231408343308,1.0,0.35434714208849744
0.3388888888888889,442467,0.215075926566275,1.0,0.35401232443813696
0.33888888888888885,442468,0.2150754404838316,1.0,0.3540116659722636
0.33882352941176475,442483,0.21506814951082867,1.0,0.3540017892780951
0.3388111888111888,442484,0.21506766346353767,1.0,0.35400113085141205
0.33875,442550,0.21503558919896057,1.0,0.35395768010503725
0.33870967741935487,442551,0.21503510329882883,1.0,0.3539570218424258
0.3387096774193548,442553,0.21503413150515305,1.0,0.353955705324548
0.3386781609195402,442555,0.21503315972026077,1.0,0.3539543888164636
0.33866666666666667,442557,0.21503218794415183,1.0,0.3539530723181724
0.33866366366366374,442558,0.2150317020593911,1.0,0.3539524140726993
0.3386363636363636,442561,0.21503024441828358,1.0,0.3539504393509693
0.3386178861788618,442563,0.21502927266852404,1.0,0.3539491228820572
0.3385714285714286,442575,0.2150234423544032,1.0,0.3539412242742297
0.33851674641148327,442581,0.21502052731590376,1.0,0.3539372751025114
0.3384615384615385,442583,0.21501955565396774,1.0,0.35393595873152245
0.3383870967741936,442584,0.21501906982629287,1.0,0.3539353005496999
0.3383333333333334,442634,0.2149947812413868,1.0,0.3539023945793774
0.3382857142857143,442642,0.21499089557701256,1.0,0.3538971301919279
0.3382488479262673,442644,0.21498992418286478,1.0,0.3538958141195371
0.3382051282051282,442646,0.21498895279749505,1.0,0.35389449805693457
0.3381818181818182,442704,0.21496078643969785,1.0,0.35385633649891796
0.33817733990147786,442709,0.21495835865094226,1.0,0.3538530470947603
0.3380952380952381,442758,0.21493456922291634,1.0,0.35382081417008415
0.33809523809523806,442765,0.21493117116303231,1.0,0.3538162099459222
0.33804347826086956,442770,0.21492874404318268,1.0,0.3538129212877416
0.33803418803418805,442772,0.21492777321059145,1.0,0.3538116058415871
0.337987012987013,442773,0.21492728779758477,1.0,0.3538109481221779
0.3379464285714286,442774,0.21492680238677067,1.0,0.35381029040521395
0.3378947368421053,442777,0.21492534616748385,1.0,0.3538083172689942
0.33779220779220787,442778,0.21492486076544,1.0,0.35380765956181154
0.3377622377622378,442780,0.2149238899679299,1.0,0.3538063441547819
0.33772727272727276,442787,0.2149204922457073,1.0,0.3538017403072027
0.3376923076923077,442792,0.21491806536703464,1.0,0.35379845191800074
0.3376470588235294,442853,0.2148884618598045,1.0,0.3537583384911629
0.3376254180602007,442855,0.21488749139108737,1.0,0.35375702345084464
0.3376175548589342,442856,0.2148870061600159,1.0,0.3537563659343519
0.3375,442867,0.21488166876285658,1.0,0.3537491334142457
0.33749999999999997,442873,0.21487875756706776,1.0,0.35374518852792647
0.3373684210526316,442874,0.2148782723754386,1.0,0.3537445310554273
0.3373614190687362,442876,0.2148773019987536,1.0,0.3537432161177608
0.33735632183908043,442888,0.21487147992268926,1.0,0.3537353266970479
0.3373015873015873,442892,0.21486953930077762,1.0,0.3537326969683453
0.3371794871794872,442893,0.2148690541507768,1.0,0.353732039542279
0.3371428571428572,442897,0.21486711357268168,1.0,0.35372940986245055
0.33714285714285713,442934,0.21484916488686803,1.0,0.35370508717742866
0.33703933747412007,442935,0.2148486798288688,1.0,0.353704429853986
0.33701298701298704,442937,0.21484770971944092,1.0,0.35370311521443
0.3370114942528736,442940,0.2148462545717253,1.0,0.3537011432734192
0.337,442943,0.21484479944372076,1.0,0.35369917135439605
0.3369767441860465,442944,0.21484431440543275,1.0,0.35369851405294106
0.336938061938062,442945,0.2148438293693348,1.0,0.353697856753929
0.33690476190476193,442947,0.21484285930370903,1.0,0.353696542163234
0.33687500000000004,442948,0.21484237427418118,1.0,0.3536958848715509
0.33666666666666667,443026,0.21480454871723104,1.0,0.3536446236459243
0.3365934065934066,443028,0.21480357900629304,1.0,0.3536433094509023
0.33653846153846156,443038,0.21479873058292967,1.0,0.3536367386223016
0.3363636363636364,443042,0.21479679127486784,1.0,0.3536341103592305
0.33636363636363636,443100,0.2147686752426089,1.0,0.3535960049343817
0.3363636363636363,443101,0.2147681905479789,1.0,0.35359534801631165
0.33627450980392154,443102,0.21476770585553664,1.0,0.3535946911006826
0.3362637362637363,443103,0.2147672211652821,1.0,0.3535940341874943
0.33625541125541125,443104,0.21476673647721528,1.0,0.3535933772767469
0.3362162162162162,443130,0.21475413535531335,1.0,0.35357629845400473
0.3361751152073733,443133,0.21475268147486196,1.0,0.3535743279267765
0.33611111111111114,443135,0.21475171223216402,1.0,0.3535730142541599
0.33602564102564103,443137,0.214750742998215,1.0,0.3535717005913049
0.33602150537634407,443141,0.21474880455656326,1.0,0.3535690732948793
0.33599999999999997,443147,0.2147458969596996,1.0,0.3535651324234504
0.33598585322723257,443148,0.2147454123678771,1.0,0.35356447562008647
0.33582375478927207,443150,0.2147444431907932,1.0,0.3535631620206794
0.3357894736842105,443230,0.2147056832795614,1.0,0.35351062604709566
0.3357707509881423,443242,0.21469987049963676,1.0,0.3535027469976189
0.33571428571428574,443275,0.21468388697760984,1.0,0.35348108142240814
0.3357142857142857,443280,0.21468146543945135,1.0,0.35347779899116716
0.33567307692307696,443281,0.21468098113837497,1.0,0.3534771425122343
0.3356643356643357,443283,0.2146800125427774,1.0,0.3534758295616839
0.3356625258799172,443288,0.21467759109202145,1.0,0.35347254722797944
0.33564102564102566,443289,0.2146771068084252,1.0,0.3534718907685536
0.33558292282430213,443291,0.21467613824778756,1.0,0.3534705778570168
0.3355555555555556,443293,0.21467516969588962,1.0,0.35346926495523323
0.33553846153846156,443296,0.21467371688442938,1.0,0.3534672956208446
0.3354761904761905,443305,0.2146693585680288,1.0,0.3534613877493412
0.33541666666666664,443309,0.21466742159532065,1.0,0.35345876209206406
0.3353846153846154,443330,0.2146572530620531,1.0,0.3534449780313244
0.33535353535353535,443332,0.21465628468055542,1.0,0.3534436653197053
0.33534482758620693,443337,0.21465386376503653,1.0,0.35344038358331736
0.33533333333333337,443339,0.21465289541411878,1.0,0.353439070905826
0.3353281853281853,443340,0.2146524112419362,1.0,0.3534384145707367
0.3353184449958644,443341,0.21465192707193786,1.0,0.3534377582380851
0.3352941176470588,443346,0.21464950625470852,1.0,0.3534344766113907
0.3352678571428572,443352,0.21464660134610875,1.0,0.353430538739796
0.33522727272727276,443366,0.21463982353179992,1.0,0.3534213507139807
0.3351268115942029,443368,0.2146388553075549,1.0,0.3534200381778613
0.33511904761904765,443374,0.21463595068723018,1.0,0.3534161006279965
0.33504983388704324,443377,0.2146344984065479,1.0,0.353414131885966
0.335,443477,0.21458610029381456,1.0,0.3533485197005055
0.3348809523809524,443478,0.21458561642291163,1.0,0.3533478637016794
0.33484848484848484,443490,0.21457981014228056,1.0,0.35333999190575033
0.33472727272727276,443508,0.21457110131046114,1.0,0.3533281848694567
0.33467741935483875,443513,0.21456868231596368,1.0,0.3533249052771884
0.33463414634146343,443517,0.21456674715963536,1.0,0.35332228164720864
0.33461904761904765,443518,0.2145662633760073,1.0,0.3533216257458018
0.33461538461538465,443527,0.21456190942152337,1.0,0.3533157227427226
0.3346153846153846,443529,0.21456094190007868,1.0,0.3533144109910468
0.33444444444444443,443532,0.21455949063427215,1.0,0.353312443381796
0.33441558441558444,443536,0.2145575556437358,1.0,0.3533098199368851
0.33437500000000003,443539,0.21455610442373726,1.0,0.35330785237876905
0.3343434343434344,443541,0.21455513695464457,1.0,0.3533065406855329
0.33431372549019606,443548,0.21455175088152803,1.0,0.3533019498359049
0.3342857142857143,443698,0.21447921784637297,1.0,0.3532036031488581
0.33428571428571424,443702,0.21447728430342888,1.0,0.35320098132003136
0.3342657342657343,443713,0.21447196724008538,1.0,0.35319377149145353
0.3341758241758242,443714,0.21447148388376297,1.0,0.3531931160670876
0.33416666666666667,443715,0.21447100052961923,1.0,0.3531924606451541
0.3341491841491841,443716,0.21447051717765417,1.0,0.3531918052256532
0.3341269841269841,443717,0.21447003382786775,1.0,0.3531911498085848
0.3341228070175439,443719,0.21446906713483083,1.0,0.35318983898174555
0.3340909090909091,443724,0.21446665044036384,1.0,0.3531865619572156
0.33409090909090905,443725,0.2144661671080061,1.0,0.3531859065596069
0.3340518084066471,443726,0.21446568377782685,1.0,0.35318525116443056
0.3340476190476191,443728,0.2144647171240039,1.0,0.35318394038137507
0.333974358974359,443730,0.21446375047889482,1.0,0.3531826296080491
0.33395348837209304,443733,0.2144623005275695,1.0,0.3531806634663025
0.3339181286549708,443735,0.21446133390424466,1.0,0.3531793527172995
0.33384615384615385,443736,0.2144608505958498,1.0,0.35317869734644647
0.3338383838383839,443751,0.21445360123132118,1.0,0.35316886707551287
0.3338095238095238,443757,0.21445070162273497,1.0,0.35316493512036085
0.33373626373626375,443758,0.21445021836226053,1.0,0.3531642798030142
0.33373015873015877,443760,0.2144492518478457,1.0,0.35316296917561657
0.3336928289102202,443762,0.21444828534214286,1.0,0.35316165855794673
0.3336405529953917,443764,0.21444731884515192,1.0,0.35316034795000445
0.3336363636363636,443890,0.2143864470927482,1.0,0.35307779925573324
0.33357487922705314,443892,0.21438548115307327,1.0,0.3530764892701315
0.3335714285714286,443895,0.21438403225988129,1.0,0.35307452430995495
0.33355629877369003,443896,0.214383549299836,1.0,0.3530738693280896
0.3334415584415585,443903,0.21438016864044623,1.0,0.3530692845230741
0.3334065934065934,443906,0.2143787198190608,1.0,0.353067319643089
0.33333333333333337,443934,0.2143651984303973,1.0,0.3530489818177771
0.3333333333333333,443993,0.21433671251573785,1.0,0.3530103476352899
0.3332298136645963,443998,0.21433429880314775,1.0,0.3530070739406709
0.33319444444444446,444003,0.2143318851449202,1.0,0.35300380030676953
0.3331541218637993,444008,0.2143294715410533,1.0,0.35300052673358406
0.33307210031347967,444016,0.21432560988793198,1.0,0.35299528914277234
0.3330721003134796,444017,0.21432512719107602,1.0,0.35299463445484913
0.33304347826086955,444171,0.21425081781566108,1.0,0.35289384148998304
0.333030303030303,444177,0.2142479236880793,1.0,0.35288991565632877
0.33296387520525456,444181,0.2142459943131291,1.0,0.35288729848241845
0.3328571428571429,444185,0.21424406497292794,1.0,0.352884681347328
0.33285714285714285,444188,0.21424261799058056,1.0,0.35288271852148506
0.33272727272727276,444200,0.21423683025664114,1.0,0.3528748674364622
0.3325396825396825,444202,0.2142358656647201,1.0,0.35287355895625605
0.3325,444381,0.21414956985109623,1.0,0.35275648926410214
0.33246753246753247,444383,0.2141486060447857,1.0,0.3527551816616532
0.33245614035087717,444390,0.2141452327910169,1.0,0.3527506051294217
0.3324324324324324,444391,0.21414475090629648,1.0,0.3527499513487967
0.3324175824175824,444392,0.2141442690237448,1.0,0.35274929757059514
0.3324046920821115,444397,0.21414185964351695,1.0,0.3527460287159376
0.3323440285204991,444398,0.21414137777397738,1.0,0.3527453749522761
0.3323391812865497,444400,0.21414041404140413,1.0,0.3527440674322231
0.33233333333333337,444401,0.21413993217837043,1.0,0.35274341367583145
0.3322281167108753,444408,0.21413655919785424,1.0,0.3527388374489411
0.33222222222222225,444412,0.21413463182812345,1.0,0.3527362225154566
0.3321428571428572,444417,0.21413222266474954,1.0,0.35273295390312115
0.33214285714285713,444420,0.2141307771927456,1.0,0.3527309927647966
0.3321022727272728,444423,0.21412933174025647,1.0,0.3527290316482792
0.33205128205128204,444425,0.21412836811610508,1.0,0.3527277242493824
0.332,444606,0.21404119602524482,1.0,0.35260944476351036
0.33194444444444443,444609,0.21403975178190274,1.0,0.35260748499832334
0.3319047619047619,444611,0.2140387889638358,1.0,0.35260617850030107
0.33181818181818185,444624,0.21403253085753354,1.0,0.3525976864991441
0.3318007662835249,444626,0.21403156810442933,1.0,0.35259638007373234
0.3316666666666667,444627,0.2140310867311252,1.0,0.35259572686465684
0.33166666666666667,444634,0.21402771717862332,1.0,0.3525911544688939
0.3316239316239316,444636,0.21402675446882394,1.0,0.35258984809188587
0.33157894736842103,444642,0.21402386639138904,1.0,0.35258592901894387
0.3315508021390375,444643,0.2140233850527277,1.0,0.3525852758485903
0.33153846153846156,444883,0.2139079263536705,1.0,0.3524285849194607
0.3313793103448276,444884,0.21390744553636454,1.0,0.35242793233194086
0.33136363636363636,444886,0.21390648390823716,1.0,0.35242662716415146
0.331344537815126,444887,0.21390600309741575,1.0,0.35242597458388186
0.3313008130081301,444888,0.2139055222887558,1.0,0.35242532200602905
0.3312987012987013,444890,0.21390456067792038,1.0,0.35242401685757346
0.3311428571428572,444896,0.21390167589728837,1.0,0.3524201014702071
0.33111111111111113,445122,0.21379307246103316,1.0,0.35227268520746424
0.3310606060606061,445123,0.21379259215991983,1.0,0.35227203319717115
0.33106060606060606,445125,0.21379163156416736,1.0,0.35227072918382574
0.33103448275862074,445127,0.213790670977047,1.0,0.3522694251801344
0.3310344827586207,445130,0.21378923011255138,1.0,0.35226746919269875
0.330989010989011,445131,0.2137887498287021,1.0,0.3522668172017139
0.33095238095238094,445142,0.21378346684878083,1.0,0.35225964546016514
0.33090909090909093,445147,0.2137810655805835,1.0,0.35225638567417655
0.33083333333333337,445149,0.2137801050884086,1.0,0.3522550817766739
0.33082706766917297,445151,0.2137791446048644,1.0,0.3522537778888241
0.33080808080808083,445152,0.2137786643663288,1.0,0.352253125948519
0.3307936507936508,445154,0.21377770389573048,1.0,0.3522518220751483
0.3307692307692308,445156,0.21377674343376254,1.0,0.3522505182114303
0.33076923076923076,445181,0.21376473838730764,1.0,0.35223422072934885
0.3307453416149068,445183,0.21376377804183896,1.0,0.3522329169959304
0.33071428571428574,445340,0.2136884178380563,1.0,0.35213060402883234
0.33062200956937804,445342,0.2136874581782091,1.0,0.35212930106233786
0.3305555555555556,445344,0.21368649852698138,1.0,0.35212799810548595
0.3305128205128205,445346,0.21368553888437306,1.0,0.35212669515827644
0.33044444444444443,445353,0.21368218020311977,1.0,0.35212213491897576
0.3303846153846154,445354,0.21368170040013112,1.0,0.35212148346586053
0.3303448275862069,445560,0.2135829069036718,1.0,0.35198733549833183
0.33033333333333337,445562,0.21358194819127305,1.0,0.35198603359187464
0.33032677000418936,445563,0.2135814688383012,1.0,0.3519853826422576
0.33030303030303027,445579,0.21357379948336883,1.0,0.35197496777581955
0.33028846153846153,445582,0.21357236154063675,1.0,0.35197301505697687
0.33021978021978027,445602,0.21356277575055768,1.0,0.351959997485049
0.3301902398676592,445603,0.21356229648364128,1.0,0.3519593466317287
0.33015873015873015,445605,0.2135613379562617,1.0,0.3519580449323093
0.33,446479,0.21314328333471452,1.0,0.35139012227611177
0.32999999999999996,446495,0.2131356454159621,1.0,0.3513797426055877
0.3299632352941177,446497,0.21313469071460728,1.0,0.3513784451898882
0.3298611111111111,446498,0.21313421336713714,1.0,0.3513777964856312
0.32973856209150326,446500,0.2131332586786114,1.0,0.3513764990843032
0.3297101449275362,446520,0.2131237122637284,1.0,0.3513635255979501
0.32967741935483874,446702,0.2130368791722446,1.0,0.3512455108827644
0.3296451914098973,446704,0.21303592535549268,1.0,0.3512442144581337
0.3296428571428572,446706,0.21303497154728165,1.0,0.35124291804307306
0.3295,446708,0.2130340177476114,1.0,0.3512416216375823
0.32947368421052636,446710,0.21303306395648183,1.0,0.3512403252416613
0.3294202898550725,446711,0.21303258706411976,1.0,0.35123967704728953
0.32937500000000003,446868,0.21295774143594975,1.0,0.3511379401954128
0.32936507936507936,446872,0.21295583522798475,1.0,0.3511353489436126
0.32932027649769585,446874,0.2129548821367992,1.0,0.3511340533320542
0.32922077922077925,446876,0.21295392905414479,1.0,0.3511327577300568
0.32918552036199095,446877,0.21295345251601672,1.0,0.35113210993264343
0.32916666666666666,446896,0.21294439869678852,1.0,0.3511198022359149
0.32915632754342433,446897,0.2129439222013126,1.0,0.3511191544863032
0.3291304347826087,446899,0.21294296921675815,1.0,0.35111785899424974
0.3290909090909091,446983,0.21290295156639066,1.0,0.3510634569590904
0.32905982905982906,446986,0.21290152264276732,1.0,0.35106151434104954
0.32903225806451614,446998,0.2128958071400767,1.0,0.35105374408387163
0.329020979020979,447000,0.21289485458612975,1.0,0.35105244907444977
0.32897435897435895,447001,0.21289437831235278,1.0,0.35105180157332183
0.3288888888888889,447002,0.21289390204070674,1.0,0.3510511540745823
0.32882352941176474,447096,0.21284914201871633,1.0,0.35099029985615754
0.3287301587301587,447098,0.2128481898823077,1.0,0.350989005314774
0.32870967741935486,447100,0.21284723775441736,1.0,0.3509877107829397
0.32868131868131867,447103,0.21284580957855348,1.0,0.3509857690030926
0.32866666666666666,447132,0.21283200486657183,1.0,0.35096699957218935
0.3285858585858586,447134,0.21283105288347565,1.0,0.35096570520267456
0.32857142857142857,447219,0.21279060147265658,1.0,0.35091070332219115
0.3284818629646216,447221,0.21278964985991267,1.0,0.35090940936788445
0.3284280936454849,447225,0.21278774665995864,1.0,0.3509068214878989
0.32833333333333337,447293,0.21275539746877326,1.0,0.3508628333674374
0.3283333333333333,447302,0.21275111669520816,1.0,0.3508570122367116
0.3282828282828283,447304,0.21275016543558742,1.0,0.35085571867833676
0.32821428571428574,447307,0.2127487385621061,1.0,0.3508537783586588
0.3282051282051282,447346,0.2127301909483934,1.0,0.3508285561556469
0.32813765182186233,447348,0.21272923987589082,1.0,0.35082726280709
0.32812500000000006,447350,0.21272828881189226,1.0,0.35082596946806904
0.328125,447355,0.2127259111891004,1.0,0.3508227361622358
0.3281081081081081,447382,0.21271307294437417,1.0,0.35080527734053885
0.3280730897009967,447384,0.21271212202492712,1.0,0.3508039841636132
0.328021978021978,447386,0.2127111711139821,1.0,0.3508026909962215
0.3279584639498433,447387,0.2127106956616978,1.0,0.35080204441610097
0.3278947368421053,447418,0.21269595769504132,1.0,0.3507820016145025
0.3278846153846154,447420,0.21269500692861293,1.0,0.3507807086091739
0.32784090909090907,447421,0.21269453154858622,1.0,0.3507800621100841
0.32783251231527094,447429,0.21269072858487045,1.0,0.3507748902031541
0.3277777777777778,447475,0.21266886418235656,1.0,0.35074515469769035
0.32774294670846393,447476,0.21266838891918224,1.0,0.3507445083296476
0.32769230769230767,447496,0.21265888410175735,1.0,0.3507315814690598
0.32764423076923077,447497,0.21265840888318804,1.0,0.35073093515104276
0.3276098901098901,447498,0.21265793366674265,1.0,0.3507302888354077
0.3275974025974026,447500,0.21265698324022347,1.0,0.3507289962112836
0.3275,447518,0.21264842978382992,1.0,0.35071736302291207
0.32745098039215687,447520,0.21264747944225956,1.0,0.3507160704940629
0.3273846153846154,447525,0.2126451036254958,1.0,0.3507128392136196
0.3273809523809524,447555,0.2126308498396845,1.0,0.35069345278127356
0.32732793522267206,447560,0.2126284743944946,1.0,0.3506902219175861
0.32732732732732733,447564,0.21262657407655666,1.0,0.3506876372694978
0.3273170731707317,447568,0.2126246737925857,1.0,0.35068505265950783
0.32727272727272727,447599,0.21260994774340425,1.0,0.3506650232237643
0.3272222222222222,447600,0.212609472743521,1.0,0.35066437715102694
0.3271969696969697,447604,0.2126075727652121,1.0,0.3506617928838841
0.3271428571428572,447613,0.21260329793817428,1.0,0.35065597842207763
0.3271428571428571,447618,0.21260092310854345,1.0,0.3506527482488365
0.32701149425287357,447643,0.2125890497561673,1.0,0.3506365982752617
0.3269767441860465,447646,0.21258762504300274,1.0,0.3506346603784013
0.3269230769230769,447648,0.21258667524483524,1.0,0.35063336845906135
0.32690417690417695,447649,0.2125862003489341,1.0,0.35063272250296146
0.3268768768768769,447651,0.212585250563497,1.0,0.35063143059790164
0.32681818181818184,447655,0.21258335101808312,1.0,0.35062884681634215
0.3267857142857143,447656,0.2125828761370338,1.0,0.3506282008769021
0.32674185463659144,447657,0.2125824012581061,1.0,0.35062755493984205
0.32666666666666666,447694,0.2125648322291565,1.0,0.3506036569415943
0.3265873015873016,447699,0.21256245825878547,1.0,0.3506004277322271
0.32653846153846156,447700,0.21256198347107438,1.0,0.35059978189749186
0.3265217391304348,447702,0.21256103390201517,1.0,0.3505984902351593
0.3264976958525346,447717,0.21255391240448765,1.0,0.3505888030710229
0.3264957264957265,447720,0.21255248816224426,1.0,0.3505868657024337
0.3264705882352941,447722,0.21255153867801896,1.0,0.35058557413526964
0.32638297872340427,447723,0.21255106393908735,1.0,0.3505849283552563
0.32636363636363636,447726,0.2125496397350165,1.0,0.3505829910294903
0.3263440860215054,447747,0.212539670840899,1.0,0.35056943034862065
0.3262857142857143,447748,0.21253919615498004,1.0,0.35056878462807967
0.3261904761904762,447751,0.21253777210994504,1.0,0.350566847480729
0.32617260787992497,447752,0.2125372974325073,1.0,0.3505662017697029
0.3260869565217392,447754,0.21253634808399255,1.0,0.35056491035478654
0.32608695652173914,447768,0.21252970288184952,1.0,0.3505558707167748
0.3260416666666667,447794,0.21251736289454526,1.0,0.3505390840543836
0.3260233918128655,447803,0.2125130916943388,1.0,0.3505332736611986
0.326,447807,0.2125111934382446,1.0,0.3505306913260561
0.32589285714285715,447816,0.21250692248602104,1.0,0.3505248812110943
0.32582417582417583,447820,0.21250502434013666,1.0,0.3505222989996022
0.32575757575757575,447831,0.21249980461379403,1.0,0.3505151981141631
0.32575396825396824,447832,0.21249933010593258,1.0,0.35051455259338926
0.3257142857142857,447837,0.21249695759841192,1.0,0.3505113250251841
0.32564102564102565,447845,0.21249316169656912,1.0,0.3505061610396881
0.32555555555555554,447847,0.21249221274229815,1.0,0.3505048700670889
0.3255244755244755,447848,0.21249173826834106,1.0,0.35050422458435543
0.32549407114624507,447851,0.21249031485918307,1.0,0.35050228815041945
0.3254919499105546,447853,0.21248936593033874,1.0,0.350500997206349
0.3254901960784314,447863,0.21248462141324467,1.0,0.3504945426286354
0.32547892720306515,447869,0.2124817748046862,1.0,0.35049066999611445
0.3254545454545455,447871,0.21248082595211568,1.0,0.3504893791376247
0.32541125541125543,447873,0.21247987710801947,1.0,0.35048808828864336
0.32539977264115194,447875,0.21247892827239742,1.0,0.35048679744917033
0.3253968253968254,447880,0.2124765562204162,1.0,0.3504835703920861
0.32532467532467535,447886,0.21247370982794728,1.0,0.3504796980020256
0.3253071253071253,447888,0.2124727610474047,1.0,0.3504784072243542
0.32529411764705884,447890,0.21247181227533546,1.0,0.35047711645619034
0.3252380952380952,447896,0.2124689660099666,1.0,0.35047324420874304
0.3252136752136752,447902,0.21246611982085367,1.0,0.35046937204685985
0.32517482517482516,447909,0.2124627993632635,1.0,0.3504648546328026
0.3251136363636364,447911,0.21246185068015744,1.0,0.3504635639644616
0.3250733137829912,447913,0.2124609020055234,1.0,0.350462273305627
0.32500000000000007,447919,0.2124580560324523,1.0,0.35045840138616013
0.325,448026,0.21240731564685977,1.0,0.3503893665200022
0.32491039426523294,448027,0.21240684155196005,1.0,0.3503887214626163
0.3248803827751196,448029,0.21240589336850962,1.0,0.3503874313549696
0.3248251748251748,448031,0.21240494519352454,1.0,0.35038614125682305
0.32480769230769235,448032,0.2124044711092065,1.0,0.35038549621131226
0.32478991596638657,448040,0.21240067851084724,1.0,0.3503803359327251
0.3247747747747748,448043,0.21239925632137988,1.0,0.350378400867441
0.3246568627450981,448045,0.21239830820564898,1.0,0.3503771108357925
0.32461538461538464,448050,0.21239593795335343,1.0,0.35037388579823053
0.3245819397993311,448060,0.21239119760746328,1.0,0.350367435901212
0.32446153846153847,448062,0.21239024956367644,1.0,0.35036614595030424
0.3244444444444444,448081,0.212381243569801,1.0,0.3503538918903994
0.3243589743589743,448084,0.21237982164058525,1.0,0.3503519571171914
0.32432432432432434,448087,0.2123783997304095,1.0,0.35035002236535234
0.3242857142857143,448092,0.21237602992242666,1.0,0.3503467978264391
0.3242424242424242,448094,0.2123750820140417,1.0,0.35034550802749337
0.3242063492063492,448095,0.21237460806302236,1.0,0.3503448631315818
0.3241758241758242,448096,0.2123741341141184,1.0,0.3503442182380444
0.32415458937198066,448098,0.21237318622265666,1.0,0.350342928458092
0.32412698412698415,448100,0.21237223833965632,1.0,0.35034163868763624
0.32403846153846155,448104,0.2123703425990395,1.0,0.3503390591752137
0.32402597402597405,448106,0.2123693947414228,1.0,0.3503377694332468
0.324,448129,0.21235849498693457,1.0,0.35032293808313375
0.323963133640553,448130,0.21235802110994578,1.0,0.35032229327031034
0.32395604395604394,448132,0.21235707336231288,1.0,0.3503210036517847
0.3239393939393939,448134,0.21235612562313952,1.0,0.35031971404275375
0.32386363636363635,448135,0.2123556517567251,1.0,0.35031906924179873
0.32384615384615384,448136,0.2123551778924255,1.0,0.35031842444321737
0.3238095238095238,448144,0.21235138705416115,1.0,0.35031326614001634
0.3236842105263158,448153,0.2123471225228884,1.0,0.3503074632304898
0.32362637362637364,448157,0.2123452272306357,1.0,0.3503048842212983
0.3236111111111111,448161,0.21234333197221533,1.0,0.35030230525008055
0.32358168147641836,448162,0.21234285816289644,1.0,0.3503016605132094
0.32357142857142857,448164,0.212341910550602,1.0,0.35030037104658696
0.32353846153846155,448174,0.2123371726159929,1.0,0.3502939238558687
0.3234927234927235,448175,0.21233669883416076,1.0,0.3502932791498493
0.3234767025089606,448177,0.2123357512768393,1.0,0.35029198974493
0.32341269841269843,448178,0.21233527750134992,1.0,0.35029134504603
0.3233653846153846,448179,0.21233480372797475,1.0,0.350290700349503
0.3233590733590734,448181,0.2123338561875671,1.0,0.35028941096356825
0.32333333333333336,448189,0.21233006611050248,1.0,0.35028425351475007
0.32323232323232326,448191,0.2123291186123773,1.0,0.3502829641762752
0.32318965517241377,448193,0.2123281711227083,1.0,0.35028167484729195
0.3231111111111111,448194,0.21232769738104482,1.0,0.35028103018635964
0.3230769230769231,448220,0.2123153808397662,1.0,0.3502642698349602
0.32307692307692304,448239,0.21230638119396125,1.0,0.35025202290013124
0.32305194805194803,448241,0.21230543390720616,1.0,0.3502507337989161
0.3230459770114943,448243,0.21230448662890442,1.0,0.35024944470719005
0.3230432402846196,448245,0.21230353935905588,1.0,0.3502481556249528
0.323030303030303,448246,0.21230306572730154,1.0,0.3502475110873926
0.32301587301587303,448254,0.212299276749343,1.0,0.35024235487230826
0.3229323308270677,448259,0.21229690870679674,1.0,0.3502391323149738
0.32292929292929295,448260,0.21229643510462679,1.0,0.350238487810623
0.32285714285714284,448264,0.21229454071707743,1.0,0.3502359098169399
0.32280701754385965,448266,0.21229359353598087,1.0,0.3502346208343301
0.3227777777777778,448272,0.21229075204340223,1.0,0.3502307539434266
0.32272727272727275,448578,0.21214593671557677,1.0,0.35003365566757766
0.3227272727272727,448579,0.21214546378675775,1.0,0.3500330119192339
0.3226666666666666,448581,0.21214451793544534,1.0,0.35003172442964997
0.32264957264957267,448591,0.2121397888053929,1.0,0.35002528712379655
0.32261904761904764,448672,0.21210149062121103,1.0,0.34997315367132736
0.32256944444444446,448677,0.21209912698890293,1.0,0.3499699360658722
0.32252747252747255,448681,0.21209723612098574,1.0,0.3499673620241061
0.3225,448690,0.2120929817914373,1.0,0.34996157056857174
0.322463768115942,448692,0.21209203640804827,1.0,0.3499602836044835
0.3223809523809524,448694,0.21209109103308713,1.0,0.3499589966498608
0.32236363636363635,448695,0.21209061834876697,1.0,0.3499583531760989
0.3223076923076923,448697,0.21208967298644743,1.0,0.3499570662356742
0.3222527472527473,448704,0.2120863642846955,1.0,0.34995256201872516
0.32222222222222224,448712,0.21208258303767227,1.0,0.3499474144841839
0.3222222222222222,448737,0.21207076750969944,1.0,0.349931329414728
0.32217741935483873,448741,0.21206887714739683,1.0,0.3499287559408353
0.32214854111405833,448742,0.2120684045620869,1.0,0.3499281125782764
0.32214604236343364,448744,0.21206745939778582,1.0,0.34992682586025575
0.3221428571428572,448775,0.2120528104283884,1.0,0.34990688294091804
0.32208333333333333,448777,0.21205186540308438,1.0,0.3499055963790191
0.32204301075268815,448778,0.21205139289359104,1.0,0.34990495310161746
0.32200000000000006,448782,0.2120495028766751,1.0,0.3499023800156633
0.32195121951219513,448784,0.21204855788085136,1.0,0.3499010934868774
0.32192460317460314,448786,0.21204761289345034,1.0,0.3498998069675522
0.32188328912466846,448797,0.2120424156132951,1.0,0.3498927312803675
0.32182539682539685,448800,0.2120409982174688,1.0,0.34989080159716457
0.3217770034843206,448805,0.21203863593320038,1.0,0.34988758550579163
0.32171717171717173,448817,0.21203296666570118,1.0,0.3498798671277122
0.32166666666666666,448821,0.21203107697723592,1.0,0.34987729441069143
0.3216577540106952,448823,0.21203013214563424,1.0,0.34987600806636926
0.3215789473684211,448832,0.2120258805076287,1.0,0.34987021963396786
0.3215415019762846,448833,0.21202540811393103,1.0,0.3498695764866351
0.32145593869731803,448836,0.21202399094546784,1.0,0.34986764705882356
0.32142857142857145,448866,0.2120098203027184,1.0,0.3498483539510689
0.3214285714285714,448906,0.2119909290586448,1.0,0.34982263311706213
0.3213675213675214,448908,0.21198998458481472,1.0,0.34982134717463864
0.3212158808933003,448911,0.211988567889849,1.0,0.34981941827873
0.3211111111111111,448920,0.2119843179185601,1.0,0.34981363171863167
0.3210963455149502,448921,0.21198384571004697,1.0,0.34981298877932676
0.32103448275862073,448923,0.21198290129933195,1.0,0.349811702907807
0.320970695970696,448924,0.21198242909713003,1.0,0.3498110599755922
0.3209150326797386,448926,0.21198148469903727,1.0,0.3498097741182525
0.32091346153846156,448927,0.21198101250314638,1.0,0.3498091311931276
0.3209090909090909,448929,0.2119800681176756,1.0,0.3498078453499677
0.3208333333333333,448935,0.21197723501175003,1.0,0.3498039878772061
0.3207936507936508,448937,0.2119762906599367,1.0,0.349802702071858
0.3207792207792208,448968,0.21196165428271058,1.0,0.3497827732976557
0.3207692307692308,448972,0.2119597658651319,1.0,0.34978020200832144
0.32076923076923075,448973,0.21195929376599484,1.0,0.3497795591918947
0.32071428571428573,448975,0.21195834957402973,1.0,0.3497782735661292
0.3206896551724138,448976,0.21195787748120168,1.0,0.3497776307567906
0.32068965517241377,449011,0.2119413555569908,1.0,0.3497551339183167
0.32066666666666666,449013,0.21194041152483337,1.0,0.3497538484720964
0.32064935064935063,449015,0.21193946750108572,1.0,0.3497525630353248
0.32064102564102565,449016,0.21193899549236553,1.0,0.3497519203204822
0.32062937062937064,449018,0.21193805148123238,1.0,0.34975063489788344
0.3205882352941177,449032,0.2119314436387607,1.0,0.34974163720424256
0.3205314009661836,449043,0.21192625205158527,1.0,0.3497345679125774
0.3205128205128205,449049,0.211923420383967,1.0,0.34973071205575756
0.32048611111111114,449051,0.21192247651157664,1.0,0.3497294267890448
0.3204545454545455,449053,0.21192153264759395,1.0,0.3497281415317787
0.32045454545454544,449055,0.2119205887920188,1.0,0.3497268562839592
0.32036199095022627,449060,0.21191822918986328,1.0,0.3497236432057388
0.32032738095238095,449062,0.2119172853637137,1.0,0.3497223579909817
0.3203174603174603,449064,0.21191634154597117,1.0,0.3497210727856707
0.32028571428571423,449066,0.2119153977366356,1.0,0.3497197875898058
0.32023809523809527,449067,0.21191492583512037,1.0,0.34971914499541557
0.3202020202020202,449068,0.21191445393570685,1.0,0.34971850240338676
0.3201863354037267,449099,0.2118998260962505,1.0,0.3496985832217145
0.32015873015873014,449107,0.21189605149774998,1.0,0.34969344315607487
0.3201098901098901,449109,0.21189510786913646,1.0,0.3496921581632747
0.32008281573498965,449111,0.21189416424892732,1.0,0.3496908731799182
0.32000000000000006,449126,0.21188708736523826,1.0,0.3496812361057524
0.32,455016,0.20914429382703026,1.0,0.3459376931186157
0.31997635933806146,455018,0.2091433745478201,1.0,0.3459364355794991
0.31994824016563145,455020,0.20914245527669115,1.0,0.3459351780495253
0.31993464052287585,455024,0.20914061675867646,1.0,0.3459326630170051
0.3198717948717949,455025,0.2091401571342234,1.0,0.34593203426458907
0.31984126984126987,455026,0.20913969751179054,1.0,0.34593140551445867
0.3198135198135198,455028,0.2091387782729854,1.0,0.3459301480210545
0.3198051948051948,455030,0.20913785904226095,1.0,0.3459288905367925
0.31974358974358974,455031,0.20913739942992896,1.0,0.3459282617980898
0.3196969696969697,455044,0.20913142465344012,1.0,0.34592008840293126
0.3196428571428572,455065,0.20912177381253227,1.0,0.3459068860419934
0.31963688485427616,455066,0.20912131427089697,1.0,0.3459062573832761
0.3194805194805195,455067,0.20912085473128134,1.0,0.34590562872684383
0.3194444444444445,455084,0.2091130428668114,1.0,0.34589494191709924
0.319435736677116,455085,0.20911258336354746,1.0,0.3458943133017961
0.31942857142857145,455086,0.20911212386230296,1.0,0.34589368468877785
0.31935483870967746,455088,0.2091112048658721,1.0,0.34589242746959575
0.3193548387096774,455118,0.20909742088864866,1.0,0.34587357027851173
0.3193333333333333,455120,0.2090965020214449,1.0,0.3458723132055448
0.3192424242424242,455122,0.2090955831623169,1.0,0.34587105614171537
0.3191428571428572,455163,0.20907674832971923,1.0,0.3458452883467466
0.319047619047619,455164,0.20907628898594793,1.0,0.3458446599119071
0.31903846153846155,455165,0.20907582964419497,1.0,0.34584403147935144
0.3190322580645162,455179,0.20906939907157404,1.0,0.34583523366336993
0.3188888888888889,455181,0.20906848045063392,1.0,0.34583397686905487
0.31881977671451356,455183,0.20906756183776634,1.0,0.34583272008387433
0.3187687687687688,455184,0.20906710253435973,1.0,0.3458320916947095
0.31875000000000003,455187,0.2090657246362484,1.0,0.3458302065409166
0.31875,455221,0.20905010972692384,1.0,0.34580884290087843
0.3186813186813187,455254,0.2090349563101038,1.0,0.3457881101272124
0.31862745098039214,455263,0.20903082394132622,1.0,0.34578245616584946
0.3185990338164251,455264,0.2090303647993252,1.0,0.34578182795933343
0.3185714285714286,455272,0.2090266917359293,1.0,0.3457768023893786
0.31857142857142856,455273,0.20902623261208111,1.0,0.3457761742034057
0.3185714285714285,455275,0.20902531437043545,1.0,0.3457749178383072
0.3185314685314686,455276,0.20902485525263795,1.0,0.3457742896591817
0.3185064935064935,455277,0.20902439613685733,1.0,0.3457736614823387
0.3184545454545455,455279,0.20902347791134668,1.0,0.34577240513549995
0.31845238095238093,455282,0.20902210058820686,1.0,0.3457705206323599
0.3184444444444445,455307,0.20901062360121853,1.0,0.3457548172383286
0.31833333333333336,455325,0.20900236095096908,1.0,0.3457435116777992
0.3182894736842105,455326,0.20900190193399892,1.0,0.3457428836127813
0.31826923076923075,455328,0.20900098390610725,1.0,0.3457416274895911
0.3182539682539683,455355,0.2089885913188611,1.0,0.34572467071981167
0.31818181818181823,455356,0.20898813236237143,1.0,0.3457240427232435
0.3181818181818182,455375,0.208979412572056,1.0,0.34571211122191164
0.31812500000000005,455379,0.20897757691944513,1.0,0.3457095994318337
0.3180459770114943,455381,0.20897665910523275,1.0,0.3457083435504818
0.31801587301587303,455383,0.2089757412990823,1.0,0.34570708767825453
0.31794871794871793,455387,0.20897390571096672,1.0,0.34570457596117343
0.3179425837320574,455393,0.20897115238925498,1.0,0.3457008084539839
0.317911877394636,455394,0.20897069350935674,1.0,0.34570018054410256
0.3178571428571429,455439,0.20895004599957404,1.0,0.3456719269600783
0.3177018633540373,455442,0.2089486696439942,1.0,0.34567004355201364
0.31764705882352945,455443,0.20894821086283025,1.0,0.34566941575388616
0.3176470588235294,455465,0.20893811818690788,1.0,0.34565560477199714
0.3176190476190476,455473,0.20893444836466707,1.0,0.34565058287038464
0.3175213675213675,455498,0.20892298100101428,1.0,0.34563489036832035
0.3175,455500,0.20892206366630076,1.0,0.34563363502970956
0.3174876847290641,455518,0.2089138080163682,1.0,0.3456223373925424
0.3174747474747475,455520,0.20891289076220584,1.0,0.3456210821451141
0.3174696271470466,455521,0.20891243213814512,1.0,0.3456204545248191
0.31742424242424244,455525,0.20891059766203832,1.0,0.3456179440664332
0.31739811912225707,455526,0.20891013904804556,1.0,0.34561731645753513
0.31737967914438503,455528,0.2089092218261007,1.0,0.34561606124657707
0.31731601731601733,455529,0.20890876321814858,1.0,0.345615433644517
0.3172727272727273,455537,0.2089050944270169,1.0,0.3456104129100909
0.31714285714285717,455568,0.20889087907842518,1.0,0.3455909589419173
0.3171428571428571,455584,0.208883542881225,1.0,0.34558091904101335
0.31713286713286715,455585,0.2088830843860092,1.0,0.3455802915665757
0.317032967032967,455587,0.20888216740161594,1.0,0.3455790366245363
0.31696969696969696,455591,0.20888033345698226,1.0,0.3455765267678006
0.31695238095238093,455593,0.2088794164967416,1.0,0.345575271853104
0.3168202764976959,455609,0.20887208110463137,1.0,0.34556523286362983
0.31676923076923075,455614,0.2088697889002533,1.0,0.34556209579903335
0.31676829268292683,455615,0.20886933046541487,1.0,0.3455614683929489
0.3166666666666667,455616,0.20886887203258886,1.0,0.3455608409891427
0.31666666666666665,456360,0.20852835480760804,1.0,0.3450946830962932
0.31660839160839166,456361,0.20852789787032636,1.0,0.34509405738633786
0.3165934065934066,456362,0.2085274409350472,1.0,0.3450934316786516
0.3165178571428572,456402,0.20850916516579682,1.0,0.3450684052316495
0.31647058823529417,456405,0.2085077946122413,1.0,0.3450665283944529
0.3164414414414415,456406,0.20850733776506006,1.0,0.345065902786591
0.3163970588235294,456407,0.20850688091988073,1.0,0.3450652771809976
0.3163956639566396,456410,0.20850551039635415,1.0,0.3450634003778278
0.3163690476190476,456411,0.2085050535591824,1.0,0.34506277478130803
0.3163636363636364,456424,0.2084991148581144,1.0,0.345054642232971
0.31634408602150543,456425,0.20849865804896753,1.0,0.3450540166682077
0.31630769230769235,456427,0.20849774443667882,1.0,0.3450527655454857
0.3162698412698413,456429,0.2084968308323967,1.0,0.3450515144318365
0.31624521072796935,456431,0.20849591723612113,1.0,0.34505026332726
0.31623376623376626,456457,0.2084840412130825,1.0,0.3450339997933363
0.3162162162162162,456473,0.20847673356364999,1.0,0.3450239922267723
0.3161271367521368,456475,0.2084758201434909,1.0,0.34502274132177024
0.3160869565217392,456500,0.20846440306681271,1.0,0.3450071057745294
0.3160633484162896,456502,0.20846348975469986,1.0,0.34500585499196973
0.3160416666666667,456504,0.2084625764505897,1.0,0.3450046042184792
0.3160227272727273,456506,0.20846166315448209,1.0,0.3450033534540577
0.31602150537634405,456507,0.2084612065094292,1.0,0.3450027280752478
0.3159663865546219,456523,0.20845390046065587,1.0,0.34499272232262135
0.3159090909090909,456526,0.20845253063352362,1.0,0.3449908463086154
0.31587301587301586,456560,0.2084370071841598,1.0,0.34496958624239654
0.3158646616541353,456561,0.20843655064712055,1.0,0.34496896098599844
0.31578947368421056,456562,0.20843609411208117,1.0,0.3449683357318669
0.3157894736842105,456592,0.2084223989907839,1.0,0.34494957916180347
0.3157342657342658,456593,0.2084219425177346,1.0,0.3449489539779287
0.3157342657342657,456595,0.20842102957763445,1.0,0.3449477036169777
0.3157142857142857,456621,0.20840916208409163,1.0,0.34493144974944956
0.31566666666666665,456622,0.20840870566902164,1.0,0.3449308246312882
0.3156408808582722,456624,0.20840779284487893,1.0,0.344929574401763
0.31556776556776556,456625,0.2084073364358062,1.0,0.3449289492903991
0.3154761904761905,456628,0.2084059672205822,1.0,0.3449270739699017
0.31547619047619047,456633,0.20840368523518887,1.0,0.34492394848105373
0.3153958944281525,456637,0.20840185968285532,1.0,0.34492144813075726
0.3153846153846154,456669,0.20838725641547817,1.0,0.3449014466333111
0.315374677002584,456671,0.2083863437792196,1.0,0.34490019661674226
0.3153333333333333,456673,0.20838543115095484,1.0,0.34489894660923426
0.31529914529914527,456675,0.20838451853068374,1.0,0.3448976966107868
0.3152509652509653,456680,0.20838223701497766,1.0,0.3448945716543081
0.31523297491039426,456681,0.20838178071783148,1.0,0.34489394666980766
0.31521739130434784,456682,0.20838132442268362,1.0,0.3448933216875723
0.31517460317460316,456684,0.20838041183838277,1.0,0.3448920717298966
0.3151515151515152,456686,0.20837949926207502,1.0,0.3448908217812811
0.31513409961685823,456701,0.20837265519453646,1.0,0.3448814474554465
0.315054945054945,456703,0.20837174268616585,1.0,0.34488019758383814
0.31503759398496245,456713,0.20836718026419218,1.0,0.34487394836168206
0.31500000000000006,456726,0.20836124941430967,1.0,0.3448658247114461
0.315,456753,0.2083489325740608,1.0,0.3448489537376091
0.31497584541062806,456754,0.2083484764227571,1.0,0.34484832891842626
0.31497536945812804,456755,0.20834802027345076,1.0,0.34484770410150767
0.31493506493506496,456761,0.2083452834195564,1.0,0.3448439552475427
0.31491228070175437,456770,0.20834117827352935,1.0,0.34483833211942005
0.3148989898989899,456772,0.20834026604082562,1.0,0.3448370825602969
0.3148692810457516,456776,0.2083384415993835,1.0,0.3448345834692177
0.3148484848484849,456777,0.2083379854940157,1.0,0.34483395870210765
0.3148351648351648,456784,0.2083347928123577,1.0,0.34482958539572567
0.31470588235294117,456785,0.20833433672296595,1.0,0.3448289606467264
0.3146969696969697,456794,0.20833023200830134,1.0,0.344823338007602
0.3146464646464646,456796,0.20832931987145245,1.0,0.3448220885571418
0.31464285714285717,456797,0.20832886380602325,1.0,0.3448214638353072
0.3146341463414634,456802,0.20832658350882877,1.0,0.34481834026008845
0.31461538461538463,456804,0.20832567140392816,1.0,0.34481709084584616
0.3145933014354067,456805,0.2083252153544729,1.0,0.3448164661421203
0.3144886363636364,456812,0.2083220230641927,1.0,0.3448120932794179
0.3144599303135889,456814,0.20832111099922507,1.0,0.3448108439104457
0.31444444444444447,456833,0.20831244678033328,1.0,0.34479897535675014
0.31439393939393945,456834,0.20831199078877666,1.0,0.344798350718662
0.3143809523809524,456835,0.20831153479921635,1.0,0.3447977260828371
0.314367816091954,456837,0.2083106228260846,1.0,0.3447964768179768
0.3143333333333333,456838,0.2083101668425131,1.0,0.3447958521889413
0.31432432432432433,456843,0.2083078869545993,1.0,0.34479272907771097
0.31431372549019604,456845,0.20830697501340717,1.0,0.3447914798490604
0.31428571428571433,456847,0.20830606308019972,1.0,0.3447902306294621
0.3142857142857143,456918,0.20827369462354295,1.0,0.3447458891976192
0.31416666666666665,456919,0.20827323880162568,1.0,0.34474526475185796
0.31411960132890365,456921,0.20827232716377667,1.0,0.3447440158671219
0.3141025641025641,456927,0.20826959229811326,1.0,0.34474026926720414
0.31403020667726544,456928,0.20826913649415224,1.0,0.3447396448418017
0.31400000000000006,456947,0.20826047659794242,1.0,0.3447277811889276
0.313961038961039,456950,0.20825910931174088,1.0,0.34472590805522046
0.3138989898989899,456952,0.20825819779758048,1.0,0.3447246593107246
0.3138888888888889,456954,0.20825728629139914,1.0,0.34472341057527556
0.3138461538461539,456955,0.20825683054130056,1.0,0.34472278621094365
0.31381270903010033,456957,0.2082559190470876,1.0,0.3447215374890649
0.31379928315412187,456977,0.20824680454377353,1.0,0.3447090507678292
0.31375000000000003,456978,0.20824634883955026,1.0,0.34470842645551325
0.31368421052631584,456979,0.20824589313732142,1.0,0.3447078021454587
0.31367816091954026,456981,0.20824498173884692,1.0,0.34470655353213375
0.3136507936507936,456983,0.20824407034834994,1.0,0.34470530492785434
0.31363636363636366,457007,0.2082331342845952,1.0,0.34469032238201575
0.3136363636363636,457075,0.2082021550073839,1.0,0.34464787890750204
0.3135258358662614,457076,0.20820169949855166,1.0,0.34464725481674635
0.31333333333333335,457088,0.20819623354802577,1.0,0.3446397659039714
0.3133333333333333,457090,0.2081953225841738,1.0,0.34463851778348376
0.31321428571428567,457091,0.20819486710523724,1.0,0.3446378937266299
0.31319444444444444,457114,0.20818439163972224,1.0,0.34462354104273574
0.31313131313131315,457116,0.2081834807794958,1.0,0.34462229303976244
0.3131313131313131,457118,0.2081825699272398,1.0,0.3446210450458281
0.3130952380952381,457120,0.20818165908295413,1.0,0.3446197970609324
0.31307692307692314,457148,0.2081689080997839,1.0,0.34460232622141107
0.31305555555555553,457150,0.20816799737504102,1.0,0.3446010783720855
0.3130434782608696,457154,0.20816617594946124,1.0,0.3445985827005457
0.31304347826086953,457209,0.20814113457959052,1.0,0.34456427088217567
0.3130357142857143,457210,0.20814067933772226,1.0,0.3445636470941789
0.31303571428571425,457211,0.2081402240978454,1.0,0.34456302330844085
0.3129120879120879,457214,0.20813885839016302,1.0,0.3445611519647777
0.3128571428571429,457216,0.20813794792833146,1.0,0.3445599044136283
0.31285714285714283,457222,0.20813521659062775,1.0,0.3445561618143834
0.3128520225294419,457224,0.20813430616065648,1.0,0.3445549142993693
0.3128448275862069,457225,0.20813385094865766,1.0,0.34455429054524983
0.3128342245989305,457227,0.20813294053063358,1.0,0.34455304304378603
0.31275000000000003,457229,0.20813203012057416,1.0,0.3445517955513556
0.3126984126984127,457234,0.20812975413027027,1.0,0.34454867685980034
0.31262626262626264,457267,0.20811473384259088,1.0,0.34452809491140074
0.31250000000000006,457280,0.20810881735479356,1.0,0.344519987546249
0.3125,457381,0.20806286225269524,1.0,0.34445701255101396
0.31246153846153846,457383,0.20806195245560066,1.0,0.34445576575386344
0.3124505928853755,457391,0.20805831334678646,1.0,0.3444507786555185
0.31242424242424244,457393,0.2080574035894734,1.0,0.344449531903496
0.3123809523809524,457394,0.20805694871380034,1.0,0.3444489085308691
0.3123655913978495,457399,0.2080546743652697,1.0,0.34444579170157974
0.3123481781376518,457406,0.20805149036086104,1.0,0.34444142823533674
0.31233766233766236,457407,0.20805103551104379,1.0,0.34444080489204104
0.3123376623376623,457409,0.2080501258173757,1.0,0.3444395582122181
0.3123076923076923,457410,0.20804967097352484,1.0,0.3444389348756908
0.31222222222222223,457443,0.20803466224207168,1.0,0.3444183660358989
0.31219806763285024,457444,0.20803420746583187,1.0,0.34441774277607273
0.31212121212121213,457453,0.208030114569147,1.0,0.34441213353914196
0.31209508881922676,457454,0.20802965981278992,1.0,0.34441151030187217
0.31209150326797386,457472,0.2080214745383324,1.0,0.3444002924167083
0.31207792207792207,457476,0.20801965567592617,1.0,0.3443977996525767
0.3120689655172414,457478,0.2080187462566506,1.0,0.34439655328404284
0.31200000000000006,457480,0.20801783684532657,1.0,0.3443953069245301
0.312,457593,0.207966468018523,1.0,0.34432490226265794
0.3119512195121952,457594,0.20796601354038732,1.0,0.34432427934104975
0.3119047619047619,457607,0.20796010550537908,1.0,0.34431618156524135
0.3118393234672304,457608,0.2079596510550515,1.0,0.34431555867518615
0.31182692307692306,457609,0.20795919660671008,1.0,0.3443149357873847
0.3118181818181818,457610,0.2079587421603549,1.0,0.34431431290183695
0.31180555555555556,457611,0.20795828771598585,1.0,0.34431369001854284
0.31179347826086956,457612,0.20795783327360295,1.0,0.3443130671375023
0.31176470588235294,457613,0.20795737883320622,1.0,0.3443124442587155
0.3116707616707617,457614,0.2079569243947956,1.0,0.34431182138218236
0.31166666666666665,457620,0.20795419780603994,1.0,0.34430808417030884
0.3115987460815047,457621,0.20795374338153189,1.0,0.3443074613095507
0.3115873015873016,457633,0.20794829044234137,1.0,0.34429998715622556
0.31155844155844153,457638,0.20794601846874605,1.0,0.3442968730214435
0.3115384615384616,457639,0.20794556407998444,1.0,0.34429625020124704
0.31153846153846154,458022,0.20777167908965072,1.0,0.34405787565122764
0.31145833333333334,458027,0.2077694109735889,1.0,0.3440547658946006
0.31143049932523614,458029,0.2077685037410295,1.0,0.3440535220076899
0.31142857142857144,458049,0.20775943185117748,1.0,0.3440410836332479
0.31139386928860613,458051,0.2077585247057642,1.0,0.3440398398452681
0.3113636363636364,458065,0.2077521749096744,1.0,0.3440311335812114
0.3112820512820513,458066,0.20775172136766318,1.0,0.3440305117220686
0.3111888111888112,458069,0.20775036075351094,1.0,0.34402864615812867
0.31111111111111117,458075,0.20774763957867162,1.0,0.34402491509094624
0.3111111111111111,458255,0.20766603746822185,1.0,0.3439130206949888
0.311003861003861,458256,0.2076655843022241,1.0,0.34391239926276607
0.3109722222222222,458258,0.2076646779761619,1.0,0.343911156405058
0.3109523809523809,458259,0.20766422481609745,1.0,0.34391053497957264
0.3109090909090909,458264,0.20766195904544105,1.0,0.34390742788583156
0.3109022556390978,458265,0.20766150589724286,1.0,0.3439068064738205
0.3107692307692308,458273,0.20765788078285213,1.0,0.34390183525857504
0.3107142857142858,458279,0.20765516203011702,1.0,0.34389810694145556
0.3107142857142857,458378,0.20761031288587148,1.0,0.3438366013780345
0.3106896551724138,458405,0.2075980846631254,1.0,0.34381983095151647
0.3106879606879607,458410,0.20759582033550752,1.0,0.34381672549650094
0.3106691919191919,458411,0.20759536747591134,1.0,0.34381610441222954
0.31066066066066067,458419,0.2075917446702689,1.0,0.3438111358188384
0.3106493506493507,458420,0.20759129182845426,1.0,0.3438105147547617
0.3106060606060606,458432,0.20758585788077621,1.0,0.3438030621608538
0.3104545454545455,458434,0.20758495225048754,1.0,0.3438018200932807
0.3103636363636364,458448,0.2075786130597145,1.0,0.343793125871549
0.31034482758620696,458454,0.20757589638218885,1.0,0.3437893999111301
0.3103448275862069,458574,0.20752157776062316,1.0,0.3437148976591818
0.31030303030303025,458575,0.20752112522488142,1.0,0.34371427694274737
0.31029411764705883,458577,0.20752022015931892,1.0,0.3437130355166043
0.31028846153846157,458578,0.20751976762949814,1.0,0.3437124148068956
0.3102639296187683,458581,0.20751841005187743,1.0,0.3437105526912207
0.31025641025641026,458582,0.20751795752995103,1.0,0.3437099319904794
0.310233918128655,458593,0.20751297991901316,1.0,0.34370310443028257
0.3101503759398496,458596,0.2075116224302,1.0,0.34370124241548683
0.3100478468899522,458597,0.20751116993787574,1.0,0.34370062174837157
0.31000000000000005,458638,0.2074926194515064,1.0,0.34367517632655714
0.31,458726,0.20745281497015647,1.0,0.34362057448229794
0.30999999999999994,458727,0.20745236273426243,1.0,0.3436199541064939
0.3099846390168971,458728,0.20745191050034006,1.0,0.34361933373292985
0.30995475113122173,458729,0.2074514582683894,1.0,0.343618713361606
0.30994318181818187,458731,0.20745055381040306,1.0,0.3436174726256782
0.30982905982905984,458732,0.20745010158436733,1.0,0.3436168522610743
0.30980392156862746,458746,0.20744377062688285,1.0,0.34360816739181455
0.3098014888337469,458747,0.20744331843042024,1.0,0.34360754706080937
0.30977272727272726,458748,0.20744286623592909,1.0,0.34360692673204407
0.30972222222222223,458750,0.20744196185286104,1.0,0.3436056860812328
0.3096774193548388,458752,0.20744105747767858,1.0,0.3436044454393807
0.3096774193548387,458819,0.20741076546524884,1.0,0.3435628891139259
0.3096590909090909,458821,0.20740986136205622,1.0,0.3435616487811041
0.30944444444444447,458846,0.20739856073715365,1.0,0.3435461453764373
0.3094405594405595,458865,0.20738997308576596,1.0,0.3435343637246425
0.3094202898550725,458873,0.20738635744530623,1.0,0.34352940327090065
0.3093939393939394,458878,0.20738409773403824,1.0,0.3435263030600568
0.30937500000000007,458881,0.20738274193091455,1.0,0.3435244429604094
0.309375,458959,0.20734749727099808,1.0,0.3434760874390704
0.30935483870967745,458987,0.20733484826367632,1.0,0.34345873236717067
0.30934065934065935,458991,0.2073330413886111,1.0,0.34345625321435336
0.3092857142857143,458992,0.20733258967476556,1.0,0.34345563343174124
0.30916666666666665,458995,0.20733123454503863,1.0,0.34345377409732586
0.3091304347826087,458996,0.20733078283906614,1.0,0.343453154323661
0.30910256410256415,458997,0.20733033113506188,1.0,0.343452534552233
0.3091025641025641,458999,0.207329427732958,1.0,0.3434512950160873
0.30909482758620693,459000,0.2073289760348584,1.0,0.34345067525136963
0.30909090909090914,459003,0.2073276209523685,1.0,0.34344881597063703
0.3090909090909091,459072,0.20729645894325943,1.0,0.3434060580691258
0.3090785907859079,459080,0.2072928465626906,1.0,0.34340110131999624
0.3090659340659341,459082,0.20729194348722016,1.0,0.3433998621550719
0.309047619047619,459087,0.20728968583296847,1.0,0.3433967642818867
0.3090322580645162,459089,0.20728878278503732,1.0,0.3433955251482626
0.308974358974359,459091,0.2072878797449743,1.0,0.34339428602358124
0.30897435897435893,459092,0.2072874282278933,1.0,0.34339366646459396
0.30892857142857144,459096,0.2072856221792392,1.0,0.34339118825100134
0.3088942307692308,459100,0.20728381616205618,1.0,0.34338871007317806
0.3088888888888889,459102,0.20728291316526612,1.0,0.34338747099767986
0.3088636363636364,459104,0.20728201017634348,1.0,0.34338623193112355
0.3088235294117648,459105,0.20728155868483245,1.0,0.3433856124011987
0.3088235294117647,459146,0.20726304922617206,1.0,0.3433602135988887
0.3088111888111888,459147,0.20726259781725678,1.0,0.34335959416284356
0.30875,459185,0.20724544573537898,1.0,0.3433360572491337
0.30873015873015874,459241,0.20722017415692415,1.0,0.343301377152082
0.3085858585858586,459263,0.20721024772298224,1.0,0.34328775474498896
0.3085714285714286,459265,0.20720934536705388,1.0,0.34328651639795177
0.30857142857142855,459293,0.20719671320921504,1.0,0.3432691804774762
0.30853658536585366,459294,0.20719626208920647,1.0,0.34326856136984224
0.308498023715415,459296,0.20719535985508256,1.0,0.343267323161274
0.30846153846153845,459297,0.2071949087409672,1.0,0.3432667040603397
0.30838383838383837,459299,0.2071940065186295,1.0,0.3432654658651704
0.3083636363636364,459300,0.20719355541040715,1.0,0.34326484677093555
0.3083333333333334,459302,0.20719265319985544,1.0,0.3432636085891651
0.30833333333333335,459350,0.20717100250353762,1.0,0.3432338949061701
0.3083333333333333,459352,0.20717010048938506,1.0,0.3432326569476805
0.30824372759856633,459353,0.20716964948525426,1.0,0.3432320379717845
0.3081818181818182,459372,0.20716108077984727,1.0,0.3432202778539175
0.3081081081081082,459373,0.20716062981498695,1.0,0.34321965892266887
0.3081081081081081,459377,0.20715882597517943,1.0,0.34321718321999634
0.30810810810810807,459387,0.20715431651309243,1.0,0.34321099411956696
0.30808080808080807,459442,0.2071295179805068,1.0,0.34317695805671056
0.30806451612903224,459443,0.2071290671530527,1.0,0.3431763392816895
0.308051948051948,459444,0.20712861632756113,1.0,0.34317572050889994
0.30804195804195805,459452,0.20712500979427667,1.0,0.3431707704069122
0.307987012987013,459453,0.20712455898644694,1.0,0.3431701516542046
0.3079545454545455,459454,0.20712410818057955,1.0,0.34316953290372837
0.3078947368421053,459469,0.2071173463280439,1.0,0.343160251914329
0.3078409090909091,459470,0.2071168955535726,1.0,0.3431596331995514
0.30783972125435544,459472,0.20711599401051642,1.0,0.34315839577668955
0.3077922077922078,459490,0.20710788047618012,1.0,0.3431472593725097
0.30770114942528737,459492,0.20710697901160413,1.0,0.34314602203888533
0.3076923076923077,459498,0.20710427466496045,1.0,0.3431423100915512
0.30769230769230765,459505,0.2071011196831373,1.0,0.3431379795878262
0.3076576576576576,459507,0.2071002182774147,1.0,0.3431367423211237
0.30764705882352944,459527,0.20709120465173972,1.0,0.3431243701448194
0.3076388888888889,459530,0.20708985267555982,1.0,0.3431225143953243
0.30757575757575756,459531,0.20708940202075596,1.0,0.34312189581662
0.3075396825396825,459532,0.20708895136791344,1.0,0.34312127724014596
0.3075,459536,0.20708714877615683,1.0,0.3431188029565531
0.307487922705314,459621,0.20704885111863905,1.0,0.3430662328649837
0.3074747474747475,459622,0.2070484006422669,1.0,0.34306561448919043
0.30736559139784947,459624,0.2070474996954032,1.0,0.3430643777442915
0.30736263736263736,459625,0.2070470492249116,1.0,0.34306375937518585
0.3073563218390804,459627,0.2070461482898089,1.0,0.3430625226436622
0.30733333333333335,459639,0.2070407428438405,1.0,0.3430551024417676
0.3073170731707317,459644,0.2070384906579875,1.0,0.3430520107857133
0.30727272727272725,459646,0.2070375897973658,1.0,0.3430507741388944
0.3072398190045249,459648,0.20703668894458369,1.0,0.3430495375009914
0.30722222222222223,459650,0.20703578809964104,1.0,0.343048300872004
0.30714285714285716,460576,0.20661953727506427,1.0,0.34247669773635153
0.3070940170940171,460578,0.2066186400566245,1.0,0.3424754652338675
0.30705329153605015,460595,0.20661101401448126,1.0,0.3424649893209107
0.30701298701298707,460597,0.20661011687006212,1.0,0.3424637569026974
0.30701149425287355,460599,0.20660921973343407,1.0,0.3424625244933542
0.3069940476190476,460601,0.20660832260459705,1.0,0.342461292092881
0.3069767441860465,460603,0.2066074254835509,1.0,0.3424600597012777
0.30694444444444446,460687,0.20656975343345915,1.0,0.34240830726219795
0.3069318181818182,460691,0.2065679598689794,1.0,0.342405843250488
0.3069059829059829,460693,0.20656706309841913,1.0,0.3424046112579315
0.30689964157706096,460694,0.2065666147160588,1.0,0.3424039952649777
0.3068561872909699,460700,0.20656392446277405,1.0,0.34240029935379884
0.3067084639498433,460701,0.2065634760940393,1.0,0.34239968337635934
0.3066985645933014,460704,0.2065621309995138,1.0,0.34239783545733876
0.3066964285714286,460705,0.2065616826385648,1.0,0.34239721948876445
0.3066666666666667,460731,0.20655002593704352,1.0,0.34238120508369385
0.30661764705882355,460733,0.20654912932218877,1.0,0.3423799732684292
0.3065934065934066,460738,0.2065468878191076,1.0,0.34237689376904556
0.30657894736842106,460741,0.2065455429406109,1.0,0.3423750460960056
0.3065656565656566,460742,0.20654509465167056,1.0,0.34237443020942393
0.3065079365079365,460744,0.20654419807962773,1.0,0.34237319844290787
0.30648351648351646,460747,0.20654285323615781,1.0,0.34237135080975195
0.30645833333333333,460748,0.20654240495889292,1.0,0.34237073493646475
0.30644444444444446,460833,0.2065043085022123,1.0,0.34231839380428314
0.30643939393939396,460835,0.2065034122842232,1.0,0.3423171624409396
0.30641025641025643,460854,0.2064948986012924,1.0,0.34230546493099145
0.3063636363636364,460876,0.20648504152960884,1.0,0.3422919214445004
0.30634408602150537,460877,0.20648459350325574,1.0,0.3422913058569422
0.30625,460879,0.20648369745638226,1.0,0.34229007468846834
0.30621621621621625,460889,0.20647921733866506,1.0,0.3422839189789462
0.305982905982906,460972,0.20644203986359258,1.0,0.3422328351338521
0.305952380952381,460977,0.20643980068419898,1.0,0.3422297582807238
0.3059090909090909,460978,0.20643935285414922,1.0,0.34222914291673706
0.30585858585858583,460980,0.20643845719987852,1.0,0.3422279121954026
0.30584415584415586,460985,0.20643621809820276,1.0,0.34222483543079285
0.30583333333333335,460989,0.20643442685183377,1.0,0.3422223740589371
0.3058241758241758,460990,0.20643397904509858,1.0,0.3422217587215052
0.3058181818181819,460992,0.20643308343745662,1.0,0.34222052805328
0.3057993730407524,460994,0.20643218783758574,1.0,0.34221929739390605
0.30578947368421056,461021,0.20642009799987418,1.0,0.34220268435862167
0.3057692307692308,461025,0.20641830703324116,1.0,0.3422002233053872
0.3057386363636364,461026,0.2064178592964388,1.0,0.3421996080476096
0.3057184750733138,461059,0.20640308507154181,1.0,0.3421793057820335
0.30571428571428566,461063,0.2064012944001145,1.0,0.34217684506505436
0.3056989247311828,461065,0.20640039907605218,1.0,0.3421756147198366
0.3056060606060606,461066,0.2063999514169338,1.0,0.3421749995505456
0.3056043956043956,461068,0.20639905610452255,1.0,0.34217376921859943
0.3055555555555556,461147,0.20636369747607597,1.0,0.34212517818270716
0.3055555555555555,461167,0.2063547478462249,1.0,0.34211287884370994
0.3055125725338491,461168,0.2063543003851091,1.0,0.34211226389997335
0.3054945054945055,461171,0.206352958013405,1.0,0.34211041908202794
0.30549019607843136,461173,0.20635206310863818,1.0,0.34210918921445094
0.30541666666666667,461175,0.20635116821163332,1.0,0.3421079593557166
0.3053846153846154,461177,0.2063502733223903,1.0,0.34210672950582466
0.30535117056856187,461179,0.20634937844090906,1.0,0.3421054996647751
0.30523809523809525,461181,0.20634848356718946,1.0,0.342104269832568
0.3052380952380952,461182,0.20634803613324024,1.0,0.3421036549197802
0.3051948051948052,461185,0.20634669384303478,1.0,0.34210181019467995
0.30518716577540106,461187,0.20634579899259953,1.0,0.34210058038899904
0.3051587301587302,461252,0.20631672057790534,1.0,0.34206061651713826
0.3051515151515152,461254,0.2063158259874169,1.0,0.34205938700760935
0.30512820512820515,461258,0.20631403682971353,1.0,0.3420569280150677
0.30511363636363636,461279,0.20630464426084863,1.0,0.3420440188842343
0.30509355509355507,461281,0.20630374977508287,1.0,0.3420427894940201
0.3050747863247863,461283,0.2063028552970736,1.0,0.34204156011264325
0.30500000000000005,461333,0.20628049586741032,1.0,0.3420108284501085
0.305,461339,0.20627781306154477,1.0,0.3420071410217016
0.30497536945812803,461343,0.20627602456306912,1.0,0.3420046827802705
0.3049662162162162,461345,0.2062751303254614,1.0,0.34200345367280677
0.30496267018006146,461347,0.206274236095607,1.0,0.34200222457417734
0.3049498746867168,461348,0.20627378898358723,1.0,0.3420016100281755
0.30493506493506495,461350,0.20627289476536254,1.0,0.3420003809427975
0.3048611111111111,461352,0.20627200055489084,1.0,0.3419991518662536
0.30478927203065137,461425,0.20623936717776453,1.0,0.34195429661743226
0.3047692307692308,461437,0.20623400377516324,1.0,0.34194692427789386
0.3047619047619048,461441,0.20623221603628633,1.0,0.34194446690202207
0.30476190476190473,461460,0.20622372469986563,1.0,0.34193279484894645
0.3047319347319347,461461,0.2062232778067919,1.0,0.34193218055243657
0.3046583850931677,461465,0.2062214902538654,1.0,0.3419297233884688
0.30463414634146346,461466,0.20622104337047584,1.0,0.3419291091029948
0.30454545454545456,461475,0.2062170215071239,1.0,0.3419235806330494
0.3045454545454545,461483,0.20621344664917235,1.0,0.341918666587622
0.3044717444717445,461484,0.20621299980064314,1.0,0.3419180523418749
0.3044534412955466,461485,0.2062125529540505,1.0,0.34191743809833486
0.30444444444444446,461539,0.20618842611350285,1.0,0.34188427222414824
0.30442028985507247,461540,0.20618797937340208,1.0,0.3418836581019716
0.3042857142857143,461561,0.20617859827845073,1.0,0.3418707620458934
0.30428571428571427,461570,0.20617457807049852,1.0,0.3418652354625369
0.30423645320197046,461572,0.20617368471224423,1.0,0.3418640073571675
0.3042222222222222,461574,0.2061727913617318,1.0,0.3418627792606217
0.3041958041958042,461576,0.20617189801896113,1.0,0.3418615511728994
0.30417582417582417,461578,0.20617100468393207,1.0,0.34186032309400044
0.3041218637992832,461629,0.20614822725608659,1.0,0.34182901006298566
0.30405594405594405,461630,0.20614778069016312,1.0,0.34182839613932625
0.3040229885057471,461639,0.20614376168391318,1.0,0.3418228709256236
0.3040106951871658,461645,0.2061410824334716,1.0,0.34181918754905183
0.30395256916996044,461646,0.20614063589850232,1.0,0.3418185736606742
0.3039191919191919,461648,0.2061397428343673,1.0,0.34181734589053403
0.3038793103448276,461649,0.20613929630520156,1.0,0.34181673200877133
0.3038461538461539,461660,0.20613438461205216,1.0,0.34180997945490854
0.3038194444444445,461703,0.20611518660264283,1.0,0.3417835856676729
0.3037878787878788,461704,0.20611474017985548,1.0,0.3417829719071665
0.30376068376068377,461705,0.20611429375900195,1.0,0.34178235814886443
0.30375,461708,0.20611295450804404,1.0,0.34178051688718414
0.3036568694463431,461710,0.20611206168374088,1.0,0.3417792893904187
0.30363636363636365,461769,0.20608572684610704,1.0,0.34174308220198835
0.3035714285714286,461777,0.20608215653876222,1.0,0.3417381733433164
0.30357142857142855,461783,0.2060794788894351,1.0,0.3417344917918581
0.30353535353535355,461799,0.20607233883139633,1.0,0.34172467470909196
0.3035353535353535,461801,0.2060714463589295,1.0,0.3417234476134048
0.3035064935064935,461809,0.2060678765463644,1.0,0.34171853931878204
0.3034090909090909,461811,0.2060669841125482,1.0,0.3417173122671574
0.30333333333333334,461852,0.20604869092263323,1.0,0.3416921596507102
0.3032679738562092,461886,0.20603352342352874,1.0,0.34167130419172426
0.30324675324675326,461887,0.20603307735441787,1.0,0.3416706908344119
0.30320512820512824,461889,0.20603218522199057,1.0,0.3416694641263937
0.3032051282051282,461890,0.20603173915867415,1.0,0.3416688507756878
0.30317460317460315,461895,0.20602950887106378,1.0,0.3416657840551899
0.30316558441558444,461897,0.20602861676953954,1.0,0.3416645573824052
0.30313328912466847,461898,0.20602817072167448,1.0,0.3416639440493159
0.3030555555555556,461899,0.2060277246757408,1.0,0.34166333071842864
0.3030434782608696,461964,0.20599873583222936,1.0,0.34162346893353057
0.30303571428571424,461965,0.20599828991373806,1.0,0.34162285574795065
0.30303030303030304,461983,0.20599026371100235,1.0,0.3416118187839116
0.303030303030303,461985,0.20598937194930572,1.0,0.34161059249859554
0.303015873015873,462011,0.2059777797498328,1.0,0.34159465159061336
0.30299145299145297,462020,0.20597376736937795,1.0,0.34158913393062257
0.3029523809523809,462022,0.20597287575050538,1.0,0.34158790780816456
0.3029411764705882,462030,0.20596930935220656,1.0,0.34158300340635395
0.30293650793650795,462031,0.20596886356110305,1.0,0.3415823903660299
0.3029090909090909,462032,0.20596841777192923,1.0,0.3415817773279062
0.3027777777777778,462045,0.2059626226882663,1.0,0.34157380803253357
0.30277777777777776,462046,0.20596217692610694,1.0,0.34157319502521494
0.30268817204301074,462056,0.2059577194106342,1.0,0.3415670650730412
0.3026442307692308,462058,0.20595682793069267,1.0,0.3415658391090086
0.30263736263736263,462060,0.2059559364584686,1.0,0.34156461315377656
0.3026190476190476,462062,0.20595504499396186,1.0,0.34156338720734497
0.30259740259740264,462073,0.20595014207711768,1.0,0.3415566446592742
0.3025798525798526,462083,0.2059456850825501,1.0,0.34155051530111424
0.3025714285714286,462090,0.2059425653011318,1.0,0.34154622488129294
0.30256704980842913,462092,0.20594167395237312,1.0,0.34154499906685615
0.30255255255255253,462101,0.20593766297843977,1.0,0.34153948301077586
0.3025128205128205,462103,0.20593677167211638,1.0,0.34153825724473186
0.30250000000000005,462158,0.20591226377126437,1.0,0.34150455212605996
0.3025,462170,0.20590691736806802,1.0,0.34149719916602966
0.30246753246753244,462171,0.20590647184700037,1.0,0.34149658643365305
0.3024475524475525,462172,0.20590602632786062,1.0,0.34149597370347506
0.30244755244755245,462181,0.2059020167423585,1.0,0.34149045923081756
0.3023863636363636,462186,0.20589978926233163,1.0,0.34148739571185077
0.3023809523809524,462194,0.2058962253945313,1.0,0.34148249419583104
0.30238095238095236,462196,0.20589533444685804,1.0,0.3414812688388115
0.30233918128654974,462202,0.20589266165010103,1.0,0.3414775928205165
0.30233333333333334,462207,0.20589043437247814,1.0,0.34147452953239404
0.3022727272727273,462208,0.20588998892273608,1.0,0.3414739168813647
0.3022222222222222,462212,0.2058882071430426,1.0,0.3414714662992307
0.30219780219780223,462217,0.20588597996179284,1.0,0.3414684031210249
0.3021978021978022,462220,0.2058846436761715,1.0,0.3414665652404805
0.30217391304347824,462223,0.20588330740789618,1.0,0.34146472737972006
0.3021531100478469,462232,0.20587929870714272,1.0,0.3414592139161386
0.30214285714285716,462234,0.2058784079059524,1.0,0.3414579887261885
0.3021367521367521,462238,0.2058766263266975,1.0,0.3414555383726646
0.3020833333333333,462253,0.2058699456790978,1.0,0.34144634986015854
0.30201465201465205,462254,0.205869500318007,1.0,0.3414457373102412
0.30200000000000005,462334,0.20583387767285122,1.0,0.34139674043673696
0.30194444444444446,462338,0.20583209686419893,1.0,0.34139429096218493
0.30193277310924366,462340,0.20583120647142794,1.0,0.3413930662380898
0.30193236714975846,462342,0.20583031608636032,1.0,0.3413918415227818
0.3019305019305019,462344,0.2058294257089959,1.0,0.34139061681626093
0.3018181818181818,462347,0.20582809015739262,1.0,0.3413887797729552
0.30179347826086955,462349,0.20582719979928582,1.0,0.3413875550884015
0.30176151761517617,462353,0.20582541910618077,1.0,0.3413851057456544
0.30174825174825176,462357,0.20582363844388643,1.0,0.34138265643805343
0.3017241379310345,462363,0.20582096750821324,1.0,0.3413789825425495
0.30170588235294116,462364,0.2058205223590072,1.0,0.34137837023432005
0.3016666666666667,462365,0.20582007721172665,1.0,0.3413777579282871
0.3016483516483517,462371,0.205817406368479,1.0,0.34137408413821557
0.3016233766233766,462376,0.20581518071872243,1.0,0.34137102270689096
0.30161490683229814,462377,0.2058147355945473,1.0,0.3413704104272152
0.30158730158730157,462381,0.2058129551171004,1.0,0.3413679613304756
0.3015770609318997,462383,0.20581206488992893,1.0,0.3413667367952837
0.3015384615384616,462460,0.20577779699865933,1.0,0.3413195988694891
0.3015151515151515,462474,0.20577156769894092,1.0,0.3413110297361371
0.30147058823529416,462476,0.20577067782976846,1.0,0.3413098056093537
0.30145888594164455,462482,0.20576800826842992,1.0,0.3413061332816877
0.3014285714285715,462483,0.20576756334827442,1.0,0.3413055212347596
0.30142857142857143,462488,0.20576533877635744,1.0,0.34130246103304573
0.3014102564102564,462489,0.20576489386774605,1.0,0.34130184899928806
0.3013636363636364,462516,0.20575288206245837,1.0,0.3412853249175154
0.30128205128205127,462519,0.20575154750399444,1.0,0.34128348900719585
0.3012626262626263,462520,0.20575110265502033,1.0,0.3412828770414787
0.3012539184952978,462523,0.20574976811963946,1.0,0.3412810411574952
0.30125,462529,0.20574709910081312,1.0,0.3412773694487828
0.30124740124740124,462531,0.20574620944325894,1.0,0.3412761455634352
0.3012443438914027,462532,0.20574576461736702,1.0,0.3412755336240532
0.30111111111111116,462612,0.20571018477687567,1.0,0.34122658558274294
0.3010606060606061,462614,0.20570929543852975,1.0,0.34122536206160875
0.3010215053763441,462616,0.2057084061078735,1.0,0.3412241385492488
0.300990990990991,462617,0.20570796144542894,1.0,0.34122352679635914
0.30098039215686273,462629,0.20570262564603603,1.0,0.34121618593277436
0.30095238095238097,462633,0.20570084710775063,1.0,0.34121373904843516
0.3009523809523809,462635,0.20569995785014103,1.0,0.3412125156194256
0.30092307692307696,462637,0.20569906860022005,1.0,0.34121129219918933
0.3009090909090909,462640,0.20569773473975445,1.0,0.34120945708528444
0.30089285714285713,462643,0.20569640089658764,1.0,0.3412076219911188
0.3008210180623974,462645,0.20569551167742006,1.0,0.3412063986059745
0.3008169934640523,462646,0.2056950670707193,1.0,0.34120578691669207
0.3007936507936508,462657,0.2056901765238611,1.0,0.341199058479333
0.3007692307692308,462672,0.20568350797108967,1.0,0.34118988376512094
0.30071428571428577,462750,0.2056488384656942,1.0,0.3411421832038629
0.3006666666666667,462753,0.20564750525658396,1.0,0.34114034883324934
0.30064935064935067,462801,0.2056261762615033,1.0,0.341111001586121
0.30058651026392963,462804,0.20562484334621137,1.0,0.3411091675508273
0.3005555555555555,462806,0.20562395474561695,1.0,0.3411079448715881
0.30047619047619045,462812,0.20562128898991383,1.0,0.34110427688646106
0.30042735042735047,462815,0.2056199561379817,1.0,0.3411024429234792
0.3004158004158004,462817,0.2056190675796265,1.0,0.3411012202924472
0.3004154447702835,462818,0.20561862330332875,1.0,0.341100608980218
0.30034482758620695,462905,0.2055799786133224,1.0,0.34104743320270436
0.30028846153846156,462913,0.2055764258078732,1.0,0.3410425443084019
0.3001240694789082,462924,0.20557154090088223,1.0,0.34103582230759305
0.30005070993914806,462925,0.20557109682994004,1.0,0.34103521122975006
0.30000594177064765,462927,0.20557020869381135,1.0,0.3410339890806338
0.30000000000000004,463126,0.20548187750201888,1.0,0.34091242902434216
0.3,465731,0.20433254389336333,1.0,0.3393291079435545
0.29988344988344984,465732,0.20433210515919026,1.0,0.3393285029666819
0.29986111111111113,465736,0.20433035024133844,1.0,0.33932608308076306
0.29977477477477477,465738,0.20432947279371663,1.0,0.3393248731507465
0.29976190476190473,465740,0.2043285953536308,1.0,0.33932366322935836
0.2997435897435897,465742,0.20432771792108076,1.0,0.3393224533165985
0.29970588235294116,465743,0.2043272792076317,1.0,0.33932184836345425
0.29967741935483877,465787,0.20430797768078543,1.0,0.3392952325604197
0.29960317460317465,465788,0.20430753905210094,1.0,0.33929462770433116
0.29957706766917297,465789,0.20430710042529987,1.0,0.3392940228503992
0.2995535714285715,465791,0.20430622317734778,1.0,0.33929281314900483
0.29954954954954954,465793,0.20430534593692906,1.0,0.3392916034562364
0.29951923076923076,465799,0.20430271426087218,1.0,0.3392879744296861
0.29946428571428574,465800,0.20430227565478745,1.0,0.3392873695994752
0.29945799457994576,465801,0.20430183705058597,1.0,0.33928676477142067
0.29945054945054944,465802,0.20430139844826772,1.0,0.3392861599455225
0.2994071146245059,465850,0.20428034775142212,1.0,0.33925713083808956
0.29937500000000006,465919,0.20425009497358984,1.0,0.33921541019777823
0.299375,465921,0.20424921821510514,1.0,0.3392142010568808
0.2993243243243243,465924,0.20424790309149132,1.0,0.33921238736169723
0.2992929292929293,465925,0.20424746472071686,1.0,0.33921178280094605
0.29928571428571427,465926,0.2042470263518241,1.0,0.3392111782423497
0.29926108374384236,465932,0.20424439617798304,1.0,0.3392075509360252
0.29924242424242425,465934,0.20424351946842256,1.0,0.33920634185115617
0.29923371647509583,465939,0.2042413277274493,1.0,0.33920331917669305
0.2992063492063492,465940,0.20424088938489934,1.0,0.33920271464826485
0.29916666666666664,465942,0.20424001270544404,1.0,0.3392015055978728
0.2991663508904888,465944,0.20423913603351476,1.0,0.33920029655609973
0.29912280701754385,465956,0.20423387615998076,1.0,0.33919304248645565
0.2990948275862069,465958,0.20423299954073115,1.0,0.33919183350501314
0.29909090909090913,466014,0.20420845725664893,1.0,0.3391579855233099
0.29903225806451617,466016,0.20420758085559293,1.0,0.3391567767917602
0.2990259740259741,466018,0.2042067044620594,1.0,0.33915556806882613
0.2990229885057471,466021,0.2042053898858635,1.0,0.3391537550005791
0.29900000000000004,466022,0.20420495169755934,1.0,0.3391531506488045
0.29895104895104896,466032,0.20420056991794555,1.0,0.33914710724951713
0.2988888888888889,466037,0.20419837909865526,1.0,0.3391440856306386
0.29888888888888887,466043,0.20419575017755873,1.0,0.33914045975905505
0.2988742964352721,466045,0.20419487388556898,1.0,0.3391392511524227
0.2988636363636364,466098,0.20417165488802783,1.0,0.33910722621520784
0.29886363636363633,466100,0.20417077880283202,1.0,0.3391060178454346
0.29882352941176477,466134,0.20415588650473898,1.0,0.3390854768768105
0.29880636604774535,466136,0.20415501055485952,1.0,0.33908426866203456
0.2988038277511962,466138,0.20415413461249673,1.0,0.3390830604558687
0.29875,466152,0.2041480032264154,1.0,0.3390746032537822
0.2987225193107546,466153,0.20414756528435943,1.0,0.3390739991840618
0.2987179487179487,466154,0.2041471273441824,1.0,0.33907339511649365
0.2986713286713287,466156,0.20414625146946516,1.0,0.33907218698781444
0.29864864864864865,466162,0.2041436238904072,1.0,0.3390685626534314
0.2985714285714286,466193,0.20413004914273702,1.0,0.33904983816003004
0.29857142857142854,466196,0.2041287355532866,1.0,0.3390480262220322
0.29856630824372765,466197,0.20412829769389335,1.0,0.33904742224700324
0.2985,466199,0.20412742198074213,1.0,0.3390462143034009
0.298498023715415,466201,0.20412654627510451,1.0,0.33904500636840557
0.2984755244755245,466202,0.2041261084251033,1.0,0.33904440240413564
0.29842741935483874,466204,0.2041252327307359,1.0,0.339043194482051
0.2984162895927602,466206,0.20412435704388188,1.0,0.3390419865685733
0.29838709677419356,466213,0.20412129219905922,1.0,0.3390377589391799
0.2983636363636364,466268,0.20409721447751078,1.0,0.33900454551931486
0.2983333333333334,466283,0.20409064881198757,1.0,0.33899548844325467
0.29833333333333334,466304,0.20408145758989843,1.0,0.3389828093497759
0.29826388888888894,466307,0.20408014462575086,1.0,0.3389809981281313
0.2982034632034632,466308,0.2040797069747892,1.0,0.33898039439188415
0.29810810810810817,466323,0.20407314243560792,1.0,0.3389713386062366
0.2980952380952381,466326,0.2040718295784494,1.0,0.3389695275071684
0.29807692307692313,466328,0.20407095434972808,1.0,0.3389683201185413
0.29805194805194807,466330,0.20407007912851413,1.0,0.33896711273851543
0.298,466347,0.20406264005129227,1.0,0.33895685035555845
0.29797979797979796,466349,0.2040617649013936,1.0,0.33895564305724
0.29796747967479675,466351,0.20406088975900127,1.0,0.3389544357675218
0.297926267281106,466356,0.20405870193586015,1.0,0.33895141758085195
0.29792207792207787,466363,0.20405563906227553,1.0,0.3389471922098136
0.2979059829059829,466364,0.20405520151641207,1.0,0.33894658859397925
0.29790209790209793,466430,0.20402632763758763,1.0,0.33890675470179527
0.2978947368421053,466435,0.20402414055549004,1.0,0.33890373736420465
0.29786324786324786,466436,0.20402370314469723,1.0,0.3389031339031339
0.29778225806451614,466438,0.20402282832873822,1.0,0.3389019269874395
0.2977777777777778,466440,0.20402195352028127,1.0,0.33890072008034133
0.2977142857142857,466442,0.20402107871932632,1.0,0.3388995131818392
0.2976923076923077,466450,0.20401757959052416,1.0,0.33889468567379016
0.29768817204301073,466453,0.20401626744816734,1.0,0.33889287539372914
0.2976190476190476,466489,0.20400052305627786,1.0,0.3388711535414215
0.2975155279503106,466492,0.2039992111333099,1.0,0.3388693435127551
0.29750000000000004,466499,0.20399615004533772,1.0,0.33886512018772824
0.2974747474747475,466570,0.20396510705789056,1.0,0.33882228955341853
0.2974603174603175,466572,0.2039642327443567,1.0,0.3388210832134668
0.29743589743589743,466579,0.2039611727060155,1.0,0.33881686109128195
0.29738095238095236,466581,0.2039602984262111,1.0,0.33881565478998477
0.29736842105263156,466587,0.20395767563176856,1.0,0.33881203593763076
0.29735632183908045,466593,0.20395505290477997,1.0,0.338808417162581
0.2973291925465838,466600,0.20395199314187742,1.0,0.338804195356057
0.29732142857142857,466610,0.2039476222112685,1.0,0.3387981643863902
0.29731707317073175,466611,0.20394718512851176,1.0,0.33879756130123273
0.29728682170542636,466612,0.20394674804762844,1.0,0.3387969582182222
0.2972768222768223,466614,0.20394587389148203,1.0,0.3387957520586423
0.29727272727272724,466628,0.2039397550082721,1.0,0.338787309182046
0.29725274725274725,466630,0.20393888091207166,1.0,0.33878610309116863
0.2972222222222222,466643,0.20393319946940167,1.0,0.33877826370977937
0.2971916971916972,466645,0.20393232542939493,1.0,0.3387770576833052
0.29714285714285715,466646,0.2039318884122011,1.0,0.33877645467328815
0.2971153846153846,466648,0.20393101438343247,1.0,0.33877524865969394
0.2970833333333333,466650,0.2039301403621558,1.0,0.3387740426546864
0.2970779220779221,466703,0.20390698152786677,1.0,0.3387420866503995
0.2970551378446115,466705,0.20390610771258075,1.0,0.3387408808814866
0.296993006993007,466706,0.20390567080774621,1.0,0.3387402780002492
0.296985446985447,466707,0.20390523390478393,1.0,0.33873967512115766
0.2969767441860465,466708,0.20390479700369396,1.0,0.3387390722442122
0.296969696969697,466710,0.20390392320713077,1.0,0.3387378664967591
0.29696969696969694,466740,0.20389081715730384,1.0,0.33871978131495767
0.296875,466744,0.2038890698112884,1.0,0.3387173701032909
0.296870882740448,466747,0.2038877593214311,1.0,0.3387155617170691
0.29678571428571426,466748,0.20388732249522226,1.0,0.3387149589259528
0.29675324675324677,466753,0.20388513839225458,1.0,0.33871194500255375
0.2967084639498433,466817,0.2038571860065079,1.0,0.3386733715196777
0.296680216802168,466819,0.20385631261795256,1.0,0.3386721662399041
0.2966666666666667,466827,0.2038528191385674,1.0,0.33866734520659586
0.29666666666666663,466863,0.20383709996294416,1.0,0.33864565225514076
0.296656976744186,466864,0.20383666335378184,1.0,0.3386450497128257
0.296606334841629,466865,0.20383622674648988,1.0,0.3386444471726548
0.2965587044534413,466871,0.20383360714201568,1.0,0.33864083197665623
0.2965151515151515,466873,0.20383273395548682,1.0,0.3386396269284762
0.2964705882352941,466874,0.20383229736502784,1.0,0.3386390244076023
0.296455938697318,466875,0.20383186077643908,1.0,0.33863842188887244
0.29644230769230767,466876,0.2038314241897206,1.0,0.3386378193722867
0.29642857142857143,466877,0.20383098760487237,1.0,0.3386372168578449
0.29637681159420287,466914,0.20381483528015865,1.0,0.338614925330648
0.2963636363636364,466975,0.2037882113603512,1.0,0.3385781808413933
0.29634408602150536,466977,0.20378733856271294,1.0,0.33857697623905747
0.29628571428571426,466979,0.2037864657725508,1.0,0.3385757716452931
0.2962626262626263,466982,0.2037851566013251,1.0,0.3385739647707179
0.296218487394958,466984,0.20378428382985284,1.0,0.3385727601983819
0.2961904761904762,466986,0.20378341106585637,1.0,0.3385715556346171
0.29615384615384616,467005,0.2037751201807261,1.0,0.3385601127063214
0.2960670731707317,467007,0.20377424749521955,1.0,0.33855890823254847
0.29604166666666665,467009,0.20377337481718769,1.0,0.3385577037673456
0.2960410557184751,467055,0.20375330528524477,1.0,0.338530003432826
0.29595238095238097,467056,0.20375286903497652,1.0,0.3385294013019814
0.29583333333333334,467099,0.2037341120404882,1.0,0.3385035117018192
0.2958241758241758,467106,0.20373105890311835,1.0,0.3384992974905295
0.2958041958041958,467109,0.2037297504436866,1.0,0.33849749143209795
0.29578947368421055,467111,0.20372887814673601,1.0,0.3384962874038504
0.2957692307692308,467128,0.2037214639242349,1.0,0.33848605350956446
0.2957386363636364,467166,0.20370489290744617,1.0,0.33846317998328385
0.2957142857142857,467170,0.20370314874670892,1.0,0.3384607724235063
0.2956730769230769,467171,0.2037027127111914,1.0,0.3384601705389136
0.2956410256410256,467176,0.2037005325616042,1.0,0.3384571611480599
0.2956060606060606,467179,0.20369922449425168,1.0,0.33845535553923495
0.2955860805860806,467181,0.20369835245868304,1.0,0.3384541518107212
0.29555555555555557,467190,0.20369442839101864,1.0,0.33844873513836476
0.29547619047619045,467192,0.20369355639651363,1.0,0.33844753145694184
0.2954545454545455,467193,0.2036931204020608,1.0,0.338446929619441
0.29545454545454547,467263,0.20366260542777836,1.0,0.33840480631264147
0.2954285714285715,467265,0.20366173370571303,1.0,0.33840360294366045
0.29541666666666666,467266,0.20366129784747874,1.0,0.3384030012623793
0.2953968253968254,467273,0.2036582468920738,1.0,0.33839878955331887
0.29533333333333334,467339,0.20362948523448718,1.0,0.33835908430710593
0.2952657004830918,467340,0.20362904951427227,1.0,0.33835848278412245
0.29525252525252527,467342,0.20362817807943648,1.0,0.33835727974457164
0.29523809523809524,467344,0.2036273066520593,1.0,0.33835607671357565
0.2951871657754011,467367,0.2036172857732788,1.0,0.3383422424719704
0.29505494505494506,467383,0.20361031530885804,1.0,0.3383326193189191
0.29500000000000004,467386,0.20360900839990928,1.0,0.3383308150386632
0.295,467403,0.2036016028994251,1.0,0.3383205911473655
0.29493506493506494,467425,0.2035920201101781,1.0,0.33830736114641413
0.2949346405228758,467427,0.20359114899224906,1.0,0.338306158470363
0.2948717948717949,467467,0.20357372819899586,1.0,0.3382821067449181
0.29484848484848486,467470,0.20357242175968512,1.0,0.3382803030033735
0.2947876447876448,467476,0.2035698089313676,1.0,0.3382766955779895
0.29469696969696973,467490,0.20356371259278272,1.0,0.3382682785512944
0.2946969696969697,467491,0.2035632771539987,1.0,0.3382676773511299
0.2946859903381642,467492,0.2035628417170775,1.0,0.33826707615310236
0.29464285714285715,467494,0.20356197084882371,1.0,0.33826587376345846
0.29463054187192117,467495,0.20356153541749109,1.0,0.3382652725718419
0.2945084485407066,467497,0.2035606645604143,1.0,0.33826407019501975
0.2944717444717445,467506,0.20355674579577587,1.0,0.3382586596050971
0.29444444444444445,469664,0.2026214485249029,1.0,0.336966297704788
0.2944444444444444,469665,0.20262101710793864,1.0,0.33696570112370294
0.29443289443289444,469667,0.20262015427952146,1.0,0.3369645079678701
0.2944281524926686,469668,0.2026197228680685,1.0,0.3369639113931222
0.29440559440559444,469670,0.20261886005067387,1.0,0.33696271824996366
0.2944055944055944,469702,0.20260505597165862,1.0,0.3369436291084965
0.2943609022556391,469705,0.20260376193568302,1.0,0.3369418396123703
0.29435483870967744,469706,0.20260333059403116,1.0,0.33694124311788554
0.29431818181818187,469709,0.20260203658009535,1.0,0.336939453647103
0.2943137254901961,469710,0.20260160524578996,1.0,0.33693885716106603
0.2942857142857143,469711,0.20260117391332116,1.0,0.33693826067714094
0.29428571428571426,469726,0.20259470414667274,1.0,0.3369293136716883
0.2942780748663102,469728,0.2025938415423394,1.0,0.3369281207735284
0.29425837320574166,469730,0.20259297894535158,1.0,0.3369269278838154
0.2942190669371197,469731,0.20259254764961224,1.0,0.3369263314421264
0.29411764705882354,469738,0.2025895286308538,1.0,0.3369221564094303
0.29407894736842105,469739,0.2025890973498049,1.0,0.3369215599846346
0.29405594405594404,469742,0.20258780351767566,1.0,0.33691977072291673
0.29404761904761906,469788,0.20256796682759032,1.0,0.3368923377561279
0.2939958592132505,469790,0.20256710445092488,1.0,0.33689114511977963
0.293963133640553,469792,0.20256624208160207,1.0,0.3368899524918755
0.29393939393939394,469803,0.20256149918157185,1.0,0.33688339318933674
0.2939285714285715,469804,0.2025610680198551,1.0,0.3368827969017715
0.2939024390243902,469805,0.20256063685997383,1.0,0.3368822006163171
0.2938636363636364,469808,0.20255934339134285,1.0,0.33688041177261885
0.29384164222873904,469810,0.20255848108809946,1.0,0.3368792192207075
0.2938127090301003,469856,0.20253865013961725,1.0,0.33685179285689
0.2938095238095238,469863,0.20253563272698638,1.0,0.3368476196712723
0.29379870129870134,469866,0.2025343395776668,1.0,0.33684583119480377
0.29375,469867,0.2025339085315632,1.0,0.33684523504020136
0.2937433155080214,469869,0.20253304644486017,1.0,0.3368440427373268
0.29367816091954024,469923,0.2025097728776842,1.0,0.33681185374995354
0.2936666666666667,469924,0.20250934193614287,1.0,0.33681125771561243
0.2936607142857143,469927,0.2025080491225233,1.0,0.3368094696252462
0.2936507936507936,469928,0.20250761818831822,1.0,0.3368088735993431
0.29363636363636364,469931,0.20250632539670718,1.0,0.3368070855342907
0.2935714285714286,469943,0.2025011543953203,1.0,0.33679993346392806
0.2935606060606061,469944,0.20250072349045845,1.0,0.3367993374717754
0.2935344827586207,469946,0.2024998616862363,1.0,0.33679814549379766
0.2935314685314686,469948,0.20249899988934947,1.0,0.33679695352425715
0.2935064935064935,469951,0.20249770720777271,1.0,0.3367951655857657
0.29345238095238096,469953,0.20249684542922378,1.0,0.3367939736373176
0.2934169278996865,469954,0.20249641454269993,1.0,0.33679337766625733
0.29337662337662335,469957,0.20249512189413074,1.0,0.3367915897657316
0.2933566433566434,469959,0.20249426013758648,1.0,0.33679039784259357
0.29333333333333333,470006,0.20247401097007273,1.0,0.3367623900773219
0.2932692307692308,470046,0.20245678082570642,1.0,0.33673855735036534
0.2931818181818182,470049,0.20245548868309474,1.0,0.3367367700318287
0.293109243697479,470054,0.2024533351487276,1.0,0.3367337912097633
0.2930769230769231,470057,0.20245204305009817,1.0,0.33673200394182096
0.29307692307692307,470059,0.20245118166017456,1.0,0.3367308124403996
0.2930606060606061,470060,0.20245075096796153,1.0,0.3367302166928509
0.2930476190476191,470061,0.202450320277581,1.0,0.3367296209474104
0.29304347826086957,470065,0.20244859753438355,1.0,0.33672723798672755
0.29303030303030303,470067,0.20244773617377948,1.0,0.3367260465190338
0.29301075268817206,470113,0.20242792690268085,1.0,0.33669864508904485
0.29285714285714287,470180,0.20239908120294356,1.0,0.3366587422878814
0.2928571428571428,470183,0.20239778979673873,1.0,0.3366569558165163
0.29278846153846155,470184,0.2023973593316659,1.0,0.3366563603302744
0.2927777777777778,470185,0.20239692886842414,1.0,0.3366557648461393
0.2927692307692308,470229,0.202377990298344,1.0,0.3366295656295709
0.2927272727272728,470230,0.20237755991748718,1.0,0.3366289702402218
0.29270833333333335,470264,0.20236292805743156,1.0,0.33660872825541005
0.2926767676767677,470266,0.20236206742566973,1.0,0.3366075376262314
0.2926190476190476,470276,0.20235776437666392,1.0,0.336601584606678
0.2925990675990676,470277,0.20235733408182838,1.0,0.3366009893163036
0.29259615384615384,470278,0.2023569037888228,1.0,0.3366003940280347
0.29250000000000004,470280,0.20235604320830144,1.0,0.3365992034578137
0.2925,470284,0.20235432206921775,1.0,0.33659682234263805
0.2924908424908425,470289,0.2023521706865353,1.0,0.33659384599604214
0.2924812030075188,470290,0.2023517404154883,1.0,0.3365932507330393
0.2924603174603175,470292,0.20235087987888375,1.0,0.3365920602133499
0.2924561403508772,470296,0.20234915882763196,1.0,0.336589679199236
0.2924242424242424,470318,0.202339693569032,1.0,0.33657658422372416
0.292358803986711,470320,0.20233883313488688,1.0,0.33657539382192947
0.2923076923076923,470358,0.20232248627641072,1.0,0.3365527777876015
0.2922222222222222,470383,0.20231173320464388,1.0,0.3365379004751153
0.2922077922077922,470392,0.20230786237861187,1.0,0.33653254496460117
0.2921717171717172,470393,0.20230743229597378,1.0,0.336531949918399
0.29215686274509806,470436,0.20228894047224277,1.0,0.33650636492220654
0.29214285714285715,470438,0.20228808046968993,1.0,0.33650517501706145
0.29211822660098524,470439,0.20228765047115566,1.0,0.3365045800676446
0.2920634920634921,470442,0.20228636048652118,1.0,0.3365027952320166
0.2920114942528736,470444,0.20228550050590505,1.0,0.33650160535211665
0.29200000000000004,470450,0.20228292060792857,1.0,0.33649803576290543
0.29196969696969693,470460,0.20227862092420185,1.0,0.33649208661584373
0.29192307692307695,470461,0.2022781909658824,1.0,0.3364914917127072
0.2919191919191919,470481,0.20226959218331877,1.0,0.3364795940917006
0.2919047619047619,470494,0.2022640033666742,1.0,0.3364718610892094
0.2918803418803419,470526,0.20225024759524446,1.0,0.3364528275203733
0.2918181818181818,470528,0.20224938792165398,1.0,0.33645163799381994
0.29178571428571426,470532,0.20224766859639726,1.0,0.33644925896594635
0.2917748917748918,470534,0.20224680894473088,1.0,0.33644806946462597
0.2917241379310345,470536,0.20224594930037235,1.0,0.33644687997171646
0.2916666666666667,470575,0.20222918769590395,1.0,0.33642368654096677
0.2916577540106952,470576,0.20222875794770664,1.0,0.336423091879662
0.2916149068322981,470595,0.2022205930789745,1.0,0.33641179371428476
0.2915631469979296,470597,0.20221973365746063,1.0,0.33641060447786253
0.2915384615384616,470598,0.20221930394944304,1.0,0.33641000986280445
0.2914835164835165,470634,0.20220383567698041,1.0,0.3363886051205554
0.29147727272727275,470635,0.20220340603652512,1.0,0.3363880105832636
0.291455938697318,470638,0.2022021171261139,1.0,0.33638622698399795
0.29144144144144146,470649,0.20219739126185332,1.0,0.3363796872818405
0.2914285714285715,470655,0.20219481361081895,1.0,0.33637612027874636
0.2914285714285714,470661,0.20219223602550457,1.0,0.3363725533513012
0.291405433646813,470662,0.20219180643434143,1.0,0.3363719588707482
0.29137931034482756,470675,0.20218622191533436,1.0,0.3363642308147724
0.29137681159420287,470685,0.20218192634139606,1.0,0.33635828639796134
0.29129720853858787,470688,0.20218063770480657,1.0,0.3363565031138884
0.2912280701754386,470694,0.20217806048090692,1.0,0.3363529366024692
0.29120879120879123,470698,0.20217634236814264,1.0,0.33635055897020827
0.2912087912087912,470700,0.20217548332271085,1.0,0.3363493701666832
0.2911931818181819,470701,0.2021750538027325,1.0,0.3363487757680719
0.2911140583554377,470735,0.2021604512092791,1.0,0.33632856746521905
0.29111111111111115,470751,0.20215358013047238,1.0,0.33631905851585486
0.2911111111111111,470753,0.20215272127846237,1.0,0.33631786993499047
0.2910714285714286,470769,0.20214585072509023,1.0,0.3363083615905063
0.291025641025641,470773,0.20214413315971816,1.0,0.33630598458839056
0.29095238095238096,470785,0.20213898063872043,1.0,0.3362988537836448
0.29090909090909095,470788,0.20213769254951272,1.0,0.33629707112970714
0.2909090909090909,470910,0.20208532415960587,1.0,0.33622459254443765
0.29083333333333333,470920,0.20208103287182536,1.0,0.3362186530620897
0.29078947368421054,470922,0.2020801746361393,1.0,0.33621746519080137
0.2907834101382489,470926,0.20207845818663653,1.0,0.3362150894734052
0.2907692307692308,470946,0.20206987637648477,1.0,0.3362032113900125
0.2907380254154448,470948,0.20206901823555892,1.0,0.33620202362783336
0.29071428571428576,470950,0.20206816010192163,1.0,0.33620083587404653
0.2906298003072197,470952,0.20206730197557288,1.0,0.33619964812865205
0.2905714285714286,470968,0.2020604372271577,1.0,0.33619014646760825
0.29054054054054057,470983,0.20205400194911494,1.0,0.3361812391481364
0.2904761904761905,470991,0.20205056996842827,1.0,0.33617648877074296
0.2904545454545455,470992,0.20205014097903998,1.0,0.3361758949830082
0.2904466501240695,471018,0.20203898789430552,1.0,0.3361604572381319
0.2903846153846154,471019,0.2020385589540974,1.0,0.33615986350702864
0.2903726708074534,471021,0.2020377010791451,1.0,0.336158676051114
0.29035087719298247,471023,0.202036843211478,1.0,0.3361574886035885
0.29034482758620694,471025,0.20203598535109601,1.0,0.33615630116445216
0.29033333333333333,471038,0.20203040943618136,1.0,0.33614858301454253
0.290327380952381,471040,0.2020295516304348,1.0,0.3361473956383212
0.2903076923076923,471042,0.20202869383197253,1.0,0.3361462082704881
0.2903030303030303,471054,0.20202354719416457,1.0,0.3361390842396392
0.2902777777777778,471055,0.20202311831951683,1.0,0.33613849058403195
0.2902564102564103,471057,0.20202226057568404,1.0,0.3361373032791083
0.29017094017094014,471061,0.202020545109869,1.0,0.33613492869442363
0.29015151515151516,471063,0.20201968738788656,1.0,0.33613374141466235
0.2901442307692308,471083,0.20201111056862592,1.0,0.3361218690783351
0.29010989010989013,471103,0.2020025344775983,1.0,0.3361099975806465
0.29000000000000004,473098,0.2011507129601055,1.0,0.3349300146763288
0.29,473125,0.20113923381770146,1.0,0.33491410180383574
0.2899665551839465,473129,0.2011375333154383,1.0,0.3349117444698421
0.28994949494949496,473130,0.20113710819436517,1.0,0.33491115514152886
0.2898989898989899,473141,0.20113243198116418,1.0,0.3349046726669658
0.2898717948717949,473156,0.20112605567719738,1.0,0.33489583333333334
0.2898701298701299,473158,0.20112520553388086,1.0,0.33489465479077
0.28986013986013986,473168,0.2011209549251006,1.0,0.3348887622023747
0.2897759103641457,473169,0.20112052987410417,1.0,0.33488817295494017
0.2897727272727273,473171,0.20111967977750117,1.0,0.3348869944662919
0.28971291866028714,473172,0.20111925473189454,1.0,0.3348864052250781
0.2897101449275362,473180,0.2011158544317173,1.0,0.33488169137001533
0.28970588235294115,473186,0.20111330428203708,1.0,0.33487815606580457
0.2896825396825397,473204,0.2011056542210125,1.0,0.334867550601019
0.28967741935483876,473207,0.2011043792674242,1.0,0.3348657830888628
0.28961038961038965,473210,0.20110310433000148,1.0,0.334864015595365
0.2895927601809955,473217,0.20110012953887962,1.0,0.33485989151643
0.2895752895752896,473219,0.20109927961472385,1.0,0.33485871322682065
0.2895238095238095,473220,0.20109885465534,1.0,0.3348581240851255
0.2894761904761905,473221,0.2010984296977522,1.0,0.33485753494550347
0.2894736842105263,473225,0.2010967298853611,1.0,0.33485517840774537
0.28944444444444445,473234,0.20109290541254432,1.0,0.3348498763190581
0.28942307692307695,473238,0.20109120569354108,1.0,0.33484751988909256
0.28934065934065933,473241,0.20108993092314487,1.0,0.3348457525883833
0.2892857142857143,473271,0.20107718410804803,1.0,0.33482808060728136
0.2892672544846458,473272,0.20107675924204263,1.0,0.3348274915733697
0.28923395445134575,473274,0.20107590951541812,1.0,0.3348263135117638
0.2891758241758242,473276,0.20107505979597529,1.0,0.3348251354584477
0.2891666666666667,473286,0.20107081130648277,1.0,0.33481924531621077
0.2891414141414142,473288,0.20106996163012797,1.0,0.33481806731263153
0.2891304347826087,473335,0.2010499963028299,1.0,0.3347903866145763
0.28910256410256413,473346,0.20104532413921317,1.0,0.33478390881426884
0.28907563025210087,473347,0.201044899407834,1.0,0.334783319935762
0.28897435897435897,473348,0.2010444746782494,1.0,0.3347827310593268
0.28892307692307695,473351,0.20104320050026303,1.0,0.334780964442451
0.2889162561576355,473374,0.20103343233891172,1.0,0.33476742099912404
0.2888888888888889,473427,0.20101092671098184,1.0,0.33473621636642154
0.28888888888888886,473434,0.20100795464626536,1.0,0.334732095434736
0.2888773388773389,473440,0.20100540723217303,1.0,0.3347285632883342
0.28880341880341875,473441,0.20100498266943506,1.0,0.33472797460451453
0.28875,473509,0.20097611661024395,1.0,0.3346879489618814
0.2887445887445888,473511,0.2009752677340125,1.0,0.3346867718820064
0.2887096774193548,473527,0.20096847698230513,1.0,0.3346773555410583
0.28867816091954024,473534,0.20096550617273523,1.0,0.3346732360585056
0.2886666666666667,473549,0.200959140447979,1.0,0.33466440893737265
0.28866396761133606,473553,0.20095744298948587,1.0,0.33466205511704417
0.28863636363636364,473555,0.2009565942709928,1.0,0.33466087821929635
0.2885714285714286,473585,0.20094386435381187,1.0,0.33464322574633093
0.2885531135531135,473586,0.20094344005101503,1.0,0.3346426373626374
0.2884615384615385,473598,0.20093834855721518,1.0,0.33463557691969575
0.28846153846153844,473606,0.20093495437135508,1.0,0.33463087012324844
0.2883333333333334,473608,0.20093410584280672,1.0,0.334629693444825
0.28833333333333333,473629,0.20092519672570724,1.0,0.33461733882097705
0.2882692307692308,473631,0.20092434827956784,1.0,0.334616162237713
0.2882488479262673,473656,0.20091374330737918,1.0,0.33460145564501953
0.28822377622377626,473658,0.20091289495796547,1.0,0.3346002791734497
0.2882051282051282,473670,0.20090780501192815,1.0,0.3345932205177609
0.2881818181818182,473672,0.20090695671266193,1.0,0.33459204410410026
0.28813186813186814,473673,0.20090653256571517,1.0,0.3345914559003722
0.2880952380952381,473674,0.20090610842055928,1.0,0.3345908676987121
0.28804347826086957,473679,0.20090398772164272,1.0,0.3345879267214328
0.28803418803418807,473682,0.20090271532378262,1.0,0.3345861621598816
0.2880116959064327,473684,0.20090186706749646,1.0,0.33458498579585405
0.28801075268817206,473691,0.20089889822690318,1.0,0.33458086858689823
0.2879699248120301,473692,0.20089847411398123,1.0,0.3345802804224619
0.2879464285714286,473709,0.2008912644682706,1.0,0.3345702819434215
0.2878947368421053,473711,0.20089041630867766,1.0,0.33456910569105697
0.2878686530860444,473714,0.20088914408271658,1.0,0.33456734132801763
0.2878365384615385,473716,0.20088829594102794,1.0,0.33456616509632964
0.2878151260504202,473717,0.20088787187286924,1.0,0.3345655769835871
0.2877777777777778,473728,0.20088320724128614,1.0,0.3345591078798788
0.28770833333333334,473736,0.2008798149180134,1.0,0.33455440323431185
0.2876984126984127,473738,0.20087896685509712,1.0,0.3345532270935943
0.2876623376623377,473754,0.20087218260953998,1.0,0.33454381826554974
0.2876470588235294,473756,0.2008713346110656,1.0,0.3345426421992547
0.2876447876447877,473760,0.2008696386355961,1.0,0.3345402900914709
0.28763736263736267,473762,0.20086879065860072,1.0,0.3345391140499819
0.2876254180602007,473764,0.20086794268876487,1.0,0.33453793801676135
0.28750000000000003,473773,0.20086412691309974,1.0,0.3345326459695889
0.2875,473859,0.20082767236667448,1.0,0.3344820859613759
0.2874242424242424,473863,0.20082597712841052,1.0,0.33447973470503156
0.2874053030303031,473866,0.20082470571849426,1.0,0.33447797128446655
0.2873809523809524,473876,0.2008204678017034,1.0,0.33447209335020384
0.28730158730158734,473877,0.2008200440198617,1.0,0.3344715055681401
0.2872727272727273,473878,0.20081962023980857,1.0,0.3344709177881422
0.28726790450928386,473880,0.20081877268506795,1.0,0.33446974223434395
0.2872527472527473,473882,0.20081792513748148,1.0,0.334468566688809
0.287232905982906,473884,0.20081707759704906,1.0,0.3344673911515373
0.2872222222222222,473886,0.2008162300637706,1.0,0.33446621562252876
0.287218045112782,473891,0.20081411126187246,1.0,0.33446327683615823
0.28717948717948716,473893,0.20081326375363215,1.0,0.33446210133607
0.2871657754010695,473895,0.2008124162525454,1.0,0.33446092584424464
0.28715686274509805,473898,0.20081114501432798,1.0,0.33445916262199904
0.28714285714285714,473903,0.2008090263197321,1.0,0.3344562239595689
0.2870114942528736,473910,0.2008060602224051,1.0,0.33445210991892094
0.28700000000000003,473919,0.2008022467974485,1.0,0.33444682058680364
0.28690476190476194,473926,0.20079928090039373,1.0,0.33444270677748683
0.2869047619047619,473927,0.20079885720796664,1.0,0.33444211909870303
0.2868818681318681,473929,0.20079800982847643,1.0,0.33444094374733124
0.2868778280542987,473931,0.20079716245613813,1.0,0.33443976840422074
0.28683385579937304,473932,0.20079673877265092,1.0,0.33443918073576334
0.2867907361455748,473936,0.20079504405658147,1.0,0.3344368300825865
0.2866795366795367,473937,0.2007946203820339,1.0,0.33443624242445547
0.2866666666666667,473945,0.20079123105001634,1.0,0.33443154123375307
0.2866666666666666,473952,0.20078826547836068,1.0,0.3344274278003079
0.2866004962779157,473954,0.20078741818826298,1.0,0.33442625255219477
0.28659003831417623,473956,0.2007865709053161,1.0,0.3344250773123419
0.2865853658536585,473960,0.20078487636087433,1.0,0.3344227268574159
0.28656860380998317,473962,0.20078402909937929,1.0,0.3344215516423429
0.2865384615384616,473970,0.20078064012490243,1.0,0.334416850864647
0.2865079365079365,473974,0.20077894568056476,1.0,0.33441450052535593
0.28650000000000003,473977,0.20077767486608,1.0,0.33441273779256814
0.28646616541353387,473979,0.2007768276653607,1.0,0.3344115626477001
0.28644144144144146,473980,0.20077640406768218,1.0,0.33441097507836326
0.2864285714285715,473981,0.20077598047179107,1.0,0.3344103875110912
0.2863970588235294,473983,0.200775133285371,1.0,0.33440921238274124
0.2863636363636364,475694,0.20005297523197685,1.0,0.33340690679643625
0.2863636363636363,475695,0.2000525546831478,1.0,0.3334063227522033
0.2863440860215054,475700,0.20005045196552448,1.0,0.333403402561731
0.2863247863247863,475703,0.2000491903561676,1.0,0.3334016504720014
0.28629807692307696,475706,0.2000479287627232,1.0,0.3333998984006867
0.28626373626373625,475707,0.2000475082351111,1.0,0.33339931438100723
0.28616584564860426,475708,0.20004708770926702,1.0,0.3333987303633739
0.28611111111111115,475709,0.20004666718519096,1.0,0.33339814634778664
0.2861111111111111,475716,0.20004372356616132,1.0,0.3333940582959641
0.28607378129117256,475717,0.2000433030562288,1.0,0.3333934742967449
0.28606060606060607,475719,0.20004246204166745,1.0,0.33339230630444416
0.2860416666666667,475720,0.20004204153703858,1.0,0.3333917223113627
0.2860294117647059,475721,0.2000416210341776,1.0,0.33339113832032724
0.286025641025641,475723,0.20004078003375914,1.0,0.3333899703443939
0.28601398601398603,475725,0.200039939040412,1.0,0.33338880237664414
0.286002886002886,475728,0.20003867756364982,1.0,0.3333870504403635
0.28600000000000003,475729,0.2000382570749313,1.0,0.333386466465695
0.286,475786,0.2000142921397435,1.0,0.33335318329100627
0.285936285936286,475788,0.20001345136909715,1.0,0.33335201558099453
0.2858885017421603,475789,0.20001303098642464,1.0,0.33335143172905646
0.28586789554531494,475791,0.20001219022638092,1.0,0.33335026403131596
0.2858585858585858,475793,0.20001134947340546,1.0,0.333349096341756
0.28578947368421054,475794,0.2000109290995683,1.0,0.3333485125000438
0.2857707509881423,475798,0.20000924762188996,1.0,0.33334617715364595
0.28575757575757577,475800,0.2000084068936528,1.0,0.3333450094927176
0.28571428571428575,475816,0.20000168132219176,1.0,0.33333566849977225
0.2857142857142857,475833,0.1999945358980987,1.0,0.33332574426835865
0.28557692307692306,475836,0.19999327499390546,1.0,0.333323992994746
0.2855555555555556,475837,0.19999285469604086,1.0,0.33332340924096454
0.28555555555555556,475843,0.19999033294595067,1.0,0.3333199067612131
0.2855311355311355,475844,0.19998991266045174,1.0,0.33331932302174405
0.2855294117647059,475845,0.1999894923767193,1.0,0.3333187392843195
0.2854901960784314,475848,0.19998823153612078,1.0,0.3333169880843135
0.2854761904761905,475850,0.19998739098455395,1.0,0.3333158206278655
0.28547619047619044,475852,0.19998655044005278,1.0,0.33331465317959563
0.2854545454545455,475854,0.1999857099026172,1.0,0.3333134857395038
0.28545454545454546,475863,0.19998192757159097,1.0,0.33330823236029117
0.28539682539682537,475865,0.1999810870730144,1.0,0.3333070649651769
0.28534482758620694,475871,0.19997856561967423,1.0,0.3333035628288984
0.2852941176470588,475909,0.19996259789161372,1.0,0.3332813843414064
0.28526570048309174,475911,0.19996175755550932,1.0,0.3332802171343519
0.2852272727272728,475914,0.1999604970645957,1.0,0.3332784663390991
0.2851700024113818,475915,0.19996007690448925,1.0,0.3332778827447691
0.2850649350649351,475917,0.1999592365895734,1.0,0.3332767155622407
0.285064935064935,475918,0.19995881643476396,1.0,0.33327613197404227
0.2850420168067227,475920,0.19995797613044208,1.0,0.33327496480377666
0.28500000000000003,475926,0.1999554552598513,1.0,0.33327146334203017
0.2849662162162162,475927,0.1999550351209324,1.0,0.3332708797722254
0.28493506493506493,475929,0.19995419484839125,1.0,0.3332697126387471
0.2849282296650718,475931,0.19995335458291222,1.0,0.3332685455134435
0.28488372093023256,475932,0.199952934452821,1.0,0.33326796195385716
0.2848717948717949,475933,0.19995251432449526,1.0,0.33326737839631443
0.2848251748251749,475934,0.199952094197935,1.0,0.3332667948408154
0.28477477477477475,475936,0.19995125395011093,1.0,0.33326562773594814
0.28476190476190477,475938,0.19995041370934868,1.0,0.33326446063925536
0.2847402597402598,475940,0.19994957347564818,1.0,0.3332632935507368
0.2847272727272728,475941,0.19994915336144606,1.0,0.3332627100095429
0.28467741935483876,475942,0.19994873324900933,1.0,0.33326212647039255
0.2846583850931677,475944,0.19994789302943203,1.0,0.33326095939822237
0.2846153846153846,476006,0.1999218497245833,1.0,0.3332247842148572
0.2845878136200717,476008,0.19992100973092888,1.0,0.33322361740421447
0.28456140350877196,476009,0.19992058973674867,1.0,0.33322303400195735
0.28452380952380957,476011,0.19991974975368215,1.0,0.33322186720357155
0.2845238095238095,476013,0.19991890977767413,1.0,0.33322070041335694
0.284472049689441,476017,0.1999172298468332,1.0,0.33321836685744094
0.2844202898550725,476020,0.19991596991723037,1.0,0.33321661671195274
0.28437500000000004,476024,0.19991429003579653,1.0,0.3332142832132328
0.28431372549019607,476025,0.19991387006984926,1.0,0.33321369984365945
0.28428571428571425,476175,0.19985089515409252,1.0,0.3331262175345986
0.2842657342657343,476178,0.1998496360604648,1.0,0.33312446835695614
0.28426573426573426,476179,0.1998492163661144,1.0,0.33312388530182396
0.28422688422688425,476181,0.19984837698270197,1.0,0.33312271919768266
0.28422619047619047,476185,0.19984669823702972,1.0,0.3331203870138917
0.2842222222222222,476186,0.1998462785550184,1.0,0.3331198039730463
0.2842084639498433,476188,0.1998454391962838,1.0,0.33311863789747825
0.2842001748251749,476191,0.19984418017140182,1.0,0.3331168887994329
0.2841269841269841,476198,0.19984124250836838,1.0,0.3331128076420903
0.2840909090909091,476204,0.19983872458022192,1.0,0.33310930958681617
0.283982683982684,476206,0.1998378852849397,1.0,0.33310814358471746
0.283974358974359,476208,0.19983704599670732,1.0,0.33310697759078145
0.2839285714285715,476214,0.1998345281743082,1.0,0.33310347965794973
0.2839160839160839,476216,0.1998336889142742,1.0,0.3331023136966642
0.2838647342995169,476219,0.19983243003744075,1.0,0.3331005647700404
0.28384615384615386,476222,0.19983117117646812,1.0,0.3330988158617817
0.2838383838383839,476223,0.19983075155966848,1.0,0.33309823289644325
0.28383838383838383,476224,0.1998303319446311,1.0,0.3330976499331453
0.28382352941176475,476226,0.1998294927198431,1.0,0.33309648401267083
0.2838095238095238,476228,0.19982865350210405,1.0,0.3330953181003584
0.28379487179487184,476230,0.1998278142914138,1.0,0.33309415219620786
0.28376068376068375,476234,0.19982613589117953,1.0,0.33309182041239205
0.28375,476236,0.19982529670163532,1.0,0.3330906545327266
0.2837301587301587,476237,0.1998248771095064,1.0,0.3330900715959545
0.2837142857142857,476238,0.1998244575191396,1.0,0.33308948866122273
0.28365800865800866,476240,0.19982361834369225,1.0,0.33308832279788025
0.2836487042369396,476241,0.1998231987586117,1.0,0.3330877398692696
0.2836405529953917,476243,0.19982235959373681,1.0,0.3330865740181692
0.28361638361638364,476244,0.19982194001394243,1.0,0.33308599109567943
0.2835714285714286,476246,0.19982110085963978,1.0,0.33308482525682087
0.28349802371541505,476247,0.19982068128513145,1.0,0.3330842423404519
0.2834415584415585,476250,0.19981942257217847,1.0,0.3330824936035869
0.2834285714285715,476256,0.19981690519384532,1.0,0.33307899618494274
0.28339660339660344,476258,0.19981606608182959,1.0,0.3330778303950495
0.28337513061650993,476259,0.19981564652846456,1.0,0.33307724750316314
0.2833333333333334,476260,0.19981522697686138,1.0,0.3330766646133169
0.2833333333333333,477799,0.19917161819091292,1.0,0.33218200826231364
0.28332142857142856,477800,0.19917120133947258,1.0,0.33218142850161614
0.2832298136645963,477802,0.19917036764182652,1.0,0.3321802689862923
0.2831896551724138,477809,0.19916744975502765,1.0,0.3321762107464052
0.28315018315018314,477811,0.19916661608878825,1.0,0.33217505126750735
0.283117816091954,477812,0.1991661992582857,1.0,0.3321744715310938
0.2830721003134797,477813,0.19916578242952787,1.0,0.33217389179670387
0.28304347826086956,477814,0.1991653656025148,1.0,0.3321733120643376
0.2830357142857143,477816,0.19916453195372277,1.0,0.3321721526056756
0.282967032967033,477825,0.19916078062052006,1.0,0.33216693514186135
0.28293650793650793,477826,0.1991603638144429,1.0,0.33216635543377715
0.28290598290598296,477828,0.19915953020752236,1.0,0.33216519602367917
0.2829059829059829,477833,0.19915744622075077,1.0,0.33216229753384396
0.2828828828828829,477835,0.1991566126382538,1.0,0.33216113815207354
0.28285714285714286,477837,0.1991557790627348,1.0,0.3321599787783966
0.2828342245989305,477838,0.19915536227759198,1.0,0.3321593990945931
0.2828282828282828,477842,0.1991536951544653,1.0,0.3321570803796121
0.28274044795783926,477844,0.19915286160336845,1.0,0.3321559210342613
0.2827404479578392,477846,0.19915202805924923,1.0,0.3321547616970036
0.2826190476190476,477847,0.19915161128980616,1.0,0.3321541820314095
0.2826086956521739,477853,0.19914911070977895,1.0,0.3321507040803327
0.2825874125874126,477856,0.19914786044331348,1.0,0.3321489651321071
0.2825670498084291,477858,0.1991470269410578,1.0,0.33214780584340564
0.28254928315412187,477862,0.19914535995747726,1.0,0.33214548729028
0.2825396825396826,477872,0.19914119262061808,1.0,0.3321396910490789
0.28250000000000003,477879,0.19913827558859043,1.0,0.33213563380060485
0.2824561403508772,477880,0.19913785887670546,1.0,0.33213505420177164
0.2824545454545455,477883,0.19913660875151448,1.0,0.33213331541740904
0.28243243243243243,477920,0.19912119183126883,1.0,0.3321118719070852
0.2824107142857143,477921,0.19912077519087884,1.0,0.3321112923911811
0.28235294117647064,477923,0.19911994191532945,1.0,0.33211013336544015
0.2823333333333333,477924,0.19911952528017007,1.0,0.3321095538556033
0.2823076923076923,477925,0.1991191086467542,1.0,0.33210897434778885
0.282272990167727,477926,0.19911869201508184,1.0,0.3321083948419969
0.28222811671087533,477927,0.19911827538515298,1.0,0.33210781533822725
0.28222222222222226,477928,0.19911785875696758,1.0,0.33210723583648005
0.2821969696969697,477930,0.19911702550582722,1.0,0.3321060768390526
0.2821739130434783,477932,0.19911619226166066,1.0,0.3321049178497145
0.2821428571428572,477943,0.19911160954339743,1.0,0.3320985435529491
0.28214285714285714,478043,0.1990699581418408,1.0,0.3320406066220406
0.2821022727272728,478044,0.19906954171582533,1.0,0.33204002735481714
0.28205128205128205,478045,0.19906912529155205,1.0,0.3320394480896148
0.28200000000000003,478047,0.19906829244823207,1.0,0.3320382895652735
0.28199300699300706,478050,0.19906704319631838,1.0,0.3320365517939199
0.28197115384615384,478051,0.1990666267824981,1.0,0.33203597254084416
0.2819642857142857,478053,0.19906579396008392,1.0,0.3320348140407559
0.28194444444444444,478055,0.19906496114463818,1.0,0.33203365554875186
0.28191489361702127,478057,0.19906412833616074,1.0,0.3320324970648319
0.28189964157706093,478058,0.19906371193453515,1.0,0.3320319178259034
0.2818548387096774,478060,0.19906287913651005,1.0,0.33203075935410936
0.28181818181818186,478069,0.1990591316316264,1.0,0.33202554633107306
0.2817733990147784,478080,0.1990545515394913,1.0,0.33201917508076845
0.2817482517482518,478082,0.1990537188181107,1.0,0.3320180166978924
0.2817182817182817,478084,0.19905288610369726,1.0,0.33201685832309924
0.2816924066924067,478087,0.1990516370451403,1.0,0.33201512077606493
0.2816666666666667,478107,0.19904331038867867,1.0,0.3320035375939128
0.2816625310173697,478109,0.19904247776134731,1.0,0.3320023793201494
0.2816425120772947,478112,0.1990412288334114,1.0,0.3320006419246576
0.2815972222222222,478114,0.19904039622349481,1.0,0.3319994836710985
0.28157894736842104,478195,0.19900668137475297,1.0,0.33195258119258614
0.28156565656565663,478197,0.19900584905384183,1.0,0.331951423274342
0.28153846153846157,478199,0.1990050167398928,1.0,0.33195026536417593
0.2815384615384615,478200,0.19900460058552907,1.0,0.33194968641212214
0.2814285714285715,478212,0.19899960686892007,1.0,0.33194273914499384
0.28141025641025647,478216,0.19899794235240978,1.0,0.3319404234539049
0.28136363636363637,478217,0.19899752622763306,1.0,0.331939844536181
0.2812698412698412,478219,0.19899669398330053,1.0,0.33193868670679105
0.281265664160401,478225,0.19899419729206963,1.0,0.3319352132670839
0.28125,478234,0.19899045237268784,1.0,0.33193000324382016
0.28123543123543127,478236,0.19898962018752248,1.0,0.3319288454830833
0.28116883116883123,478239,0.1989883719228252,1.0,0.33192710885712146
0.2811688311688312,478240,0.19898795583807294,1.0,0.33192652998583894
0.28111111111111114,478242,0.1989871236737886,1.0,0.3319253722493312
0.2811111111111111,478243,0.1989867075942565,1.0,0.3319247933841059
0.2811059907834102,478250,0.19898379508625197,1.0,0.3319207413840611
0.28106060606060607,478281,0.19897089786129912,1.0,0.33190279800155204
0.28104575163398693,478282,0.1989704818496201,1.0,0.33190221921506124
0.2810344827586207,478363,0.19893679067988118,1.0,0.3318553442122167
0.2809803921568627,478365,0.19893595894348456,1.0,0.3318541869722368
0.28095238095238095,478409,0.19891766250216864,1.0,0.33182872973448885
0.2809523809523809,478411,0.19891683092571033,1.0,0.3318275726801203
0.28084150326797386,478413,0.1989159993562048,1.0,0.33182641563382076
0.280827067669173,478415,0.19891516779365195,1.0,0.33182525859559014
0.2808035714285715,478421,0.19891267314770883,1.0,0.33182178752931124
0.28076923076923077,479254,0.19856693945173123,1.0,0.33134059169454994
0.28075,479256,0.19856611080508121,1.0,0.33133943804185095
0.2807486631016043,479258,0.19856528216534727,1.0,0.3313382843971854
0.28071428571428575,479264,0.19856279628764106,1.0,0.33133482351138877
0.2807023411371238,479266,0.19856196767557055,1.0,0.33133366989885626
0.28061224489795916,479268,0.19856113907041573,1.0,0.33133251629435684
0.28055555555555556,479274,0.1985586532964442,1.0,0.3313290555290562
0.28051948051948056,479281,0.19855575330547215,1.0,0.33132501806091097
0.2804895104895105,479283,0.1985549247521819,1.0,0.3313238645166569
0.2804761904761905,479285,0.19855409620580658,1.0,0.3313227109804352
0.2804545454545455,479287,0.19855326766634604,1.0,0.33132155745224573
0.2804276315789474,479288,0.19855285339920883,1.0,0.33132098069116306
0.28041125541125544,479289,0.19855243913380027,1.0,0.33132040393208845
0.28040293040293035,479292,0.19855119634794655,1.0,0.3313186736669127
0.2803763440860215,479293,0.1985507820894526,1.0,0.33131809691587016
0.2803663003663004,479295,0.1985499535776505,1.0,0.3313169434198089
0.28034482758620693,479300,0.19854788232839557,1.0,0.331314059714795
0.2803030303030303,479303,0.19854663959958524,1.0,0.3313123295158817
0.28028846153846154,479308,0.1985445684194714,1.0,0.3313094458911836
0.2802521008403362,479312,0.19854291150649264,1.0,0.331307139027566
0.2802197802197802,479315,0.19854166883990695,1.0,0.33130540890093463
0.28021662245800183,479317,0.19854084040415843,1.0,0.3313042554932191
0.2801762820512821,479318,0.19854042618887668,1.0,0.331303678792373
0.28015873015873016,479321,0.19853918355340158,1.0,0.3313019487018808
0.2801470588235294,479323,0.1985383551383931,1.0,0.33130079531825785
0.28013196480938424,479324,0.19853794093348132,1.0,0.33130021862945785
0.2800751879699248,479326,0.1985371125288426,1.0,0.3312990652578809
0.2800699300699301,479330,0.19853545574030418,1.0,0.33129675853881846
0.28001443001443,479331,0.19853504154749016,1.0,0.3312961818640719
0.28,479620,0.19841541220132605,1.0,0.33112960694800136
0.279915514592934,479622,0.1984145848188782,1.0,0.33112845476403385
0.27987987987987983,479624,0.19841375744333062,1.0,0.33112730258808465
0.2798611111111111,479628,0.19841210271293586,1.0,0.3311249982602403
0.2798511904761905,479630,0.19841127535808853,1.0,0.33112384610834494
0.27984084880636606,479632,0.1984104480101411,1.0,0.33112269396446736
0.2798295454545455,479633,0.19841003433875484,1.0,0.33112211789553525
0.27976190476190477,479637,0.19840837967045913,1.0,0.331119813639851
0.2797101449275362,479639,0.19840755234666071,1.0,0.3311186615240352
0.27967741935483875,479641,0.19840672502976184,1.0,0.3311175094162368
0.27964285714285714,479645,0.19840507041666233,1.0,0.331115205224692
0.27955555555555556,479647,0.1984042431204615,1.0,0.33111405314094544
0.2795366795366796,479650,0.1984030021890962,1.0,0.33111232503035765
0.2795238095238095,479652,0.1984021749101432,1.0,0.3311111729666537
0.2794296788482835,479655,0.19840093400464917,1.0,0.33110944488612937
0.27937438905180845,479657,0.1984001067429434,1.0,0.3311082928424675
0.27936507936507937,479659,0.19839927948813638,1.0,0.3311071408068223
0.27928571428571425,479660,0.19839886586331984,1.0,0.3311065647920059
0.27926829268292686,479678,0.19839142091152814,1.0,0.33109619686800895
0.27926108374384234,479680,0.19839059372915277,1.0,0.33109504491653385
0.2791666666666667,479689,0.19838687149382203,1.0,0.3310898612340894
0.2791304347826087,479691,0.19838604434938326,1.0,0.3310887093266998
0.27912087912087913,479692,0.19838563077975033,1.0,0.3310881333760107
0.2791125541125541,479701,0.1983819087306468,1.0,0.33108294990997883
0.2790909090909091,479702,0.1983814951782565,1.0,0.3310823739793274
0.27903225806451615,479785,0.19834717633940202,1.0,0.331034578719156
0.27902298850574714,479787,0.19834634952593547,1.0,0.33103342719640455
0.27897435897435896,479790,0.19834510931866026,1.0,0.33103169992729853
0.27886363636363637,479792,0.1983442825224264,1.0,0.3310305484245751
0.27882352941176475,479794,0.19834345573308546,1.0,0.3310293969298627
0.2787878787878788,479798,0.19834180217508202,1.0,0.3310270939644707
0.2787301587301587,479800,0.19834097540641935,1.0,0.3310259424937909
0.27871621621621623,479802,0.19834014864464924,1.0,0.3310247910311218
0.2787096774193549,479804,0.19833932188977166,1.0,0.3310236395764634
0.2786713286713287,479805,0.1983389085149175,1.0,0.33102306385213814
0.27863247863247864,479814,0.1983351882187681,1.0,0.3310178824233275
0.2786057692307693,479815,0.1983347748611444,1.0,0.331017306719028
0.27860317460317463,479817,0.19833394815106592,1.0,0.3310161553164365
0.2785714285714286,480434,0.1980792366901593,1.0,0.33066132960851147
0.27851966873706,480436,0.19807841210900098,1.0,0.3306601806810285
0.2784615384615385,480445,0.1980747015787447,1.0,0.330655010606158
0.2784274193548387,480450,0.1980726402331148,1.0,0.33065213841219987
0.2783333333333333,480680,0.19797786469168677,1.0,0.3305200714082286
0.27828947368421053,480686,0.19797539350012275,1.0,0.33051662759399153
0.27828877005347596,480688,0.1979745697833106,1.0,0.3305154796718601
0.2782051282051282,480693,0.19797251052126824,1.0,0.3305126099014165
0.278125,480756,0.19794656748953732,1.0,0.3304764550632032
0.27810810810810815,480757,0.19794615575020227,1.0,0.33047588124065624
0.2780971659919028,480758,0.19794574401258014,1.0,0.330475307420102
0.2780849974398361,480759,0.19794533227667085,1.0,0.3304747336015405
0.2780769230769231,480760,0.19794492054247442,1.0,0.33047415978497163
0.27803030303030307,480772,0.197939979865716,1.0,0.3304672741415713
0.2779761904761905,480775,0.19793874473506318,1.0,0.3304655527755544
0.277926267281106,480777,0.1979379213231914,1.0,0.3304644052081724
0.2779220779220779,480779,0.1979370979181703,1.0,0.3304632576487604
0.2779069767441861,480781,0.19793627451999976,1.0,0.33046211009731835
0.2778846153846154,480785,0.19793462774421,1.0,0.33045981501834365
0.27783251231527095,480786,0.197934216054544,1.0,0.330459241253581
0.2777777777777778,480804,0.1979268059333949,1.0,0.330448913828546
0.27777777777777773,480807,0.19792557096714483,1.0,0.33044719265379685
0.277742946708464,480808,0.19792515931515284,1.0,0.3304466189328648
0.2776923076923077,480809,0.19792474766487317,1.0,0.330446045213925
0.2776881720430108,480810,0.19792433601630582,1.0,0.3304454714969773
0.2776881720430107,480812,0.19792351272430805,1.0,0.3304443240690585
0.27750686813186815,480814,0.19792268943915942,1.0,0.3304431766491081
0.2775,480827,0.19791733825263555,1.0,0.3304357186136589
0.2774761904761905,480834,0.19791445696435775,1.0,0.3304317028878572
0.2773809523809524,480835,0.19791404535859494,1.0,0.33043112922071044
0.2773076923076923,480836,0.19791363375454418,1.0,0.33043055555555556
0.2772727272727273,481108,0.19780174098123499,1.0,0.33027459255351643
0.2771428571428572,481110,0.1978009187088192,1.0,0.3302734463119974
0.27714285714285714,481112,0.19780009644323981,1.0,0.3302723000784346
0.27708333333333335,481116,0.19779845193259007,1.0,0.33027000763517733
0.2770779220779221,481118,0.1977976296875195,1.0,0.3302688614254827
0.2770648558758315,481120,0.197796807449285,1.0,0.3302677152237438
0.2770334928229665,481123,0.19779557410475077,1.0,0.3302659959360527
0.27698412698412694,481129,0.19779310746182416,1.0,0.33026255741437077
0.2769607843137255,481130,0.19779269636065097,1.0,0.3302619843343849
0.2769318181818182,481132,0.19779187416343125,1.0,0.33026083818037955
0.27692307692307694,481200,0.19776392352452202,1.0,0.33022187367705125
0.27685810810810807,481201,0.1977635125446539,1.0,0.33022130073824746
0.2767857142857143,481212,0.19775899187883927,1.0,0.330214998542618
0.27666666666666667,481428,0.19767026429704962,1.0,0.3300912950578572
0.2765873015873016,481430,0.19766944311737947,1.0,0.33009015008827697
0.27653846153846157,481432,0.19766862194453214,1.0,0.3300890051266398
0.2764976958525346,481435,0.19766739019805374,1.0,0.33008728769907686
0.2764890282131662,481437,0.19766656904226307,1.0,0.3300861427572967
0.27647058823529413,481527,0.19762962409169163,1.0,0.33003462859659677
0.27639705882352944,481528,0.19762921366981775,1.0,0.330034056307353
0.27636363636363637,481530,0.19762839283118394,1.0,0.3300329117348195
0.27635467980295564,481532,0.19762757199936867,1.0,0.3300317671702248
0.27635368663594473,481534,0.1976267511743719,1.0,0.33003062261356897
0.2763440860215054,481536,0.19762593035619352,1.0,0.3300294780648517
0.2762820512820513,481537,0.19762551994966118,1.0,0.33002890579347005
0.27625,481541,0.19762387834057743,1.0,0.33002661672778977
0.2762452107279693,481545,0.19762223675876606,1.0,0.3300243276938629
0.276237922705314,481547,0.1976214159780873,1.0,0.33002318318880686
0.27622377622377625,481557,0.19761731217695933,1.0,0.3300174607825968
0.2761904761904762,481576,0.1976095154243567,1.0,0.33000658875749905
0.2761363636363636,481590,0.19760377084241781,1.0,0.3299985782499991
0.27608695652173915,481813,0.19751231286827048,1.0,0.32987103472062146
0.2760233918128655,481815,0.19751149300042548,1.0,0.3298698912785388
0.276010101010101,481817,0.19751067313938694,1.0,0.3298687478443831
0.2759615384615385,481820,0.1975094433605911,1.0,0.3298670327080127
0.2759440559440559,481822,0.19750862351656837,1.0,0.3298658892936744
0.27590062111801245,481824,0.1975078036793518,1.0,0.32986474588726283
0.27589285714285716,481827,0.19750657393628834,1.0,0.329863030792508
0.27588235294117647,481829,0.19750575411608684,1.0,0.32986188740591305
0.2758210180623974,481840,0.19750124522663123,1.0,0.32985559892132466
0.27579710144927533,481842,0.1975004254506664,1.0,0.3298544555862504
0.27576923076923077,481844,0.19749960568150687,1.0,0.32985331225910214
0.27575757575757576,481848,0.19749796616360346,1.0,0.32985102562858315
0.27571428571428575,481855,0.19749509707277085,1.0,0.3298470241014594
0.2757142857142857,481925,0.19746641074856047,1.0,0.32980701416939157
0.2756896551724138,481927,0.19746559126174712,1.0,0.32980587117109783
0.27568901686548747,481928,0.1974651815208911,1.0,0.3298052996749219
0.2756818181818182,481931,0.19746395230852548,1.0,0.32980358519827757
0.27555555555555555,481933,0.19746313284211706,1.0,0.32980244222375094
0.27554347826086956,481946,0.19745780647624422,1.0,0.329795013082428
0.27547892720306516,481947,0.19745739676769436,1.0,0.3297944416238817
0.2754761904761905,481952,0.19745534825044816,1.0,0.32979158436085637
0.2754545454545455,481955,0.19745411916050254,1.0,0.32978987002680554
0.27545454545454545,481956,0.19745370946725427,1.0,0.32978929858608264
0.2752380952380952,481958,0.1974528900858581,1.0,0.3297881557105776
0.27521367521367524,481964,0.19745043198247172,1.0,0.3297847271315895
0.2751536098310292,481965,0.1974500223045242,1.0,0.3297841557086891
0.2751136363636364,481966,0.19744961262827668,1.0,0.32978358428776877
0.275,482467,0.19724457838567197,1.0,0.3294975512048349
0.27491039426523295,482469,0.19724376073903194,1.0,0.32949641035051663
0.27487179487179486,482477,0.1972404902202592,1.0,0.3294918470122446
0.2748511904761905,482480,0.19723926380368098,1.0,0.32949013579297975
0.2748251748251749,482491,0.19723476707337545,1.0,0.32948386147440945
0.2748076923076923,482493,0.19723394950807577,1.0,0.32948272071488793
0.27476190476190476,482500,0.19723108808290155,1.0,0.329478728118768
0.27474747474747474,482501,0.19723067931465427,1.0,0.3294781577557927
0.2746305418719212,482504,0.19722945302007858,1.0,0.32947644667871506
0.27461538461538465,482506,0.19722863549883318,1.0,0.32947530597053687
0.27456709956709957,482507,0.19722822674075194,1.0,0.32947473561940965
0.2745,482521,0.19722250430551208,1.0,0.3294667509109636
0.27448979591836736,482522,0.19722209557284434,1.0,0.32946618058945515
0.27448680351906163,482524,0.1972212781125913,1.0,0.32946503995236187
0.2744684750733138,482525,0.19722086938500596,1.0,0.3294644696367769
0.2744444444444445,482532,0.1972180083393433,1.0,0.3294604774829668
0.27444444444444444,482534,0.19721719091297193,1.0,0.3294593368853623
0.2743548387096774,482535,0.1972167822023273,1.0,0.3294587665895215
0.2743243243243243,482597,0.1971914454503447,1.0,0.32942341210292836
0.2743076923076923,482600,0.19719021964359718,1.0,0.32942170159442263
0.2743055555555555,482602,0.1971894024475655,1.0,0.32942056126528735
0.2742997198879552,482606,0.1971877680758217,1.0,0.32941828063070083
0.2742857142857143,482614,0.19718449941361005,1.0,0.32941371945626174
0.2742191142191142,482615,0.197184090838453,1.0,0.329413149318338
0.2741228070175439,482617,0.19718327369321842,1.0,0.32941200904841106
0.27411674347158216,482619,0.19718245655475644,1.0,0.32941086878637826
0.27409909909909913,482621,0.19718163942306696,1.0,0.3294097285322395
0.27404040404040403,482622,0.19718123085976189,1.0,0.3294091584081304
0.27403846153846156,482626,0.19717959662347243,1.0,0.32940687793142837
0.27402597402597406,482631,0.1971775538662042,1.0,0.3294040273799531
0.274,482969,0.19703956154535798,1.0,0.32921144442541767
0.273963133640553,482970,0.19703915357061516,1.0,0.3292108749874597
0.27386363636363636,482973,0.19703792965652325,1.0,0.32920916668540506
0.27384615384615385,482977,0.197036297794719,1.0,0.3292068889769105
0.27380952380952384,482980,0.1970350739161042,1.0,0.32920518071622296
0.2737556561085973,482981,0.1970346659599446,1.0,0.3292046112999334
0.2737373737373737,482988,0.1970318103141279,1.0,0.3292006254410605
0.2736842105263158,483039,0.1970110073927778,1.0,0.32917158852513734
0.27362637362637365,483041,0.19701019168145148,1.0,0.329170449926929
0.27361111111111114,483050,0.19700652106407204,1.0,0.32916532633246515
0.27358429858429856,483051,0.19700611322613967,1.0,0.329164757054037
0.2735795454545455,483054,0.1970048897224741,1.0,0.32916304923056705
0.2735714285714286,483056,0.1970040740618065,1.0,0.32916191069143236
0.27353927203065137,483060,0.19700244276073364,1.0,0.32915963363679124
0.2735294117647059,483065,0.19700040367238364,1.0,0.32915678736279225
0.27347756410256413,483066,0.19699999585977898,1.0,0.3291562181138993
0.2734767025089606,483068,0.196999180239635,1.0,0.32915507962202023
0.27344497607655505,483071,0.19699795682208204,1.0,0.32915337189896837
0.2733766233766234,483073,0.196997141218822,1.0,0.3291522334267783
0.2733590733590734,483074,0.1969967334197245,1.0,0.32915166419363656
0.2733333333333334,483080,0.19699428666059451,1.0,0.3291482488361315
0.2732600732600733,483082,0.19699347108772425,1.0,0.32914711039938016
0.27321428571428574,483105,0.19698409248507054,1.0,0.3291340189427412
0.2732142857142857,483111,0.19698164603993698,1.0,0.3291306039514072
0.27320261437908494,483113,0.1969808305717296,1.0,0.32912946563671047
0.27320197044334976,483114,0.19698042284015782,1.0,0.3291288964823147
0.27316849816849814,483117,0.19697919965556998,1.0,0.32912718903093824
0.2730769230769231,483491,0.19682682821396882,1.0,0.3289144654414115
0.273030303030303,483498,0.19682397858936335,1.0,0.32891048660530675
0.27301587301587305,483500,0.19682316442606,1.0,0.32890934981267195
0.273015873015873,483502,0.19682235026949216,1.0,0.3289082130278952
0.2729323308270677,483504,0.19682153611965983,1.0,0.32890707625097637
0.2728715728715728,483506,0.19682072197656286,1.0,0.3289059394819155
0.27285714285714285,483508,0.1968199078402012,1.0,0.3289048027207122
0.27284482758620693,483528,0.19681176684700782,1.0,0.3288934355408404
0.27272727272727276,483571,0.19679426599196395,1.0,0.32886899876454684
0.2727272727272727,483581,0.19679019647173895,1.0,0.3288633163137479
0.27270114942528734,483584,0.19678897564849127,1.0,0.3288616116168004
0.27269841269841266,483587,0.19678775484039066,1.0,0.3288599069375258
0.2726525198938992,483589,0.19678694097673852,1.0,0.32885877049449425
0.2726495726495727,483591,0.1967861271198182,1.0,0.328857634059317
0.27261072261072256,483592,0.19678572019388244,1.0,0.3288570658446737
0.27260606060606063,483594,0.19678490634705972,1.0,0.328855929421278
0.2725961538461538,483595,0.19678449942617274,1.0,0.32885536121252545
0.27252747252747256,483599,0.1967828717594536,1.0,0.3288530883971505
0.2725078369905956,483603,0.19678124411966014,1.0,0.3288508156131915
0.2725,483644,0.1967645623640529,1.0,0.32882752138878524
0.27245293466223697,483646,0.1967637486922253,1.0,0.328826385169572
0.27243589743589747,483657,0.19675927361746032,1.0,0.3288201361042533
0.27241379310344827,483659,0.1967584599893727,1.0,0.32881899993607716
0.2723665223665223,483663,0.19675683275338407,1.0,0.32881672762327946
0.27232142857142855,483665,0.19675601914548294,1.0,0.3288155914786578
0.27230769230769236,483667,0.19675520554431045,1.0,0.32881445534188736
0.2723076923076923,483671,0.19675357836215113,1.0,0.3288121830919001
0.2722527472527473,483675,0.19675195120690547,1.0,0.32880991087331707
0.2722222222222222,484075,0.1965893714816919,1.0,0.32858284749473016
0.27217741935483875,484091,0.19658287388115045,1.0,0.3285737714823351
0.2721428571428572,484093,0.19658206171128276,1.0,0.3285726370160395
0.27214285714285713,484097,0.19658043739167977,1.0,0.32857036810695006
0.2720779220779221,484099,0.1965796252419443,1.0,0.328569233664156
0.2720178372352285,484100,0.19657921916959306,1.0,0.32856866644569666
0.27198511166253103,484105,0.1965771888330011,1.0,0.32856583038277554
0.2719624125874126,484107,0.19657637671010747,1.0,0.32856469597131566
0.27195121951219514,484149,0.19655932367928056,1.0,0.32854087514003655
0.27194805194805194,484151,0.1965585117039932,1.0,0.3285397409008916
0.2719327731092437,484154,0.19655729375364037,1.0,0.32853803955685823
0.27188328912466847,484157,0.19655607581838122,1.0,0.3285363382304456
0.27187500000000003,484169,0.19655120422827566,1.0,0.3285295331009972
0.27179487179487183,484178,0.19654755069416618,1.0,0.3285244294389152
0.2717934782608696,484181,0.19654633287964624,1.0,0.32852272825345863
0.2717857142857143,484182,0.19654592694482653,1.0,0.32852216119555494
0.27177363699102824,484188,0.19654349137112032,1.0,0.32851875888924176
0.27174603174603174,484190,0.1965426795266321,1.0,0.3285176248027976
0.27171717171717175,484201,0.1965382145018288,1.0,0.32851138746731334
0.2717171717171717,484202,0.19653780860054273,1.0,0.3285108204485593
0.2716826923076923,484206,0.19653618501216424,1.0,0.32850855239311666
0.27166666666666667,484208,0.19653537322803424,1.0,0.3285074183771394
0.2715909090909091,484209,0.196534967338484,1.0,0.32850685137208674
0.2715789473684211,484210,0.19653456145061027,1.0,0.3285062843689914
0.2715415019762846,484216,0.19653212615857385,1.0,0.328502882391522
0.27147435897435895,484217,0.19653172028243535,1.0,0.32850231540212743
0.2714715719063545,484218,0.19653131440797328,1.0,0.32850174841469015
0.27142857142857146,484424,0.19644773999636683,1.0,0.3283849907175442
0.2714285714285714,484817,0.19628849648424043,1.0,0.3281624742879508
0.2713986013986014,484819,0.19628768674495017,1.0,0.3281613426600435
0.2713768115942029,484821,0.19628687701234063,1.0,0.32816021103994064
0.27137681159420285,484822,0.1962864721485411,1.0,0.328159645232816
0.27134502923976606,484834,0.19628161391321566,1.0,0.3281528556995024
0.27132352941176474,484838,0.19627999455488224,1.0,0.32815059258416346
0.27125,484840,0.1962791848857355,1.0,0.32814946103819975
0.2712301587301587,484842,0.1962783752232686,1.0,0.32814832950003964
0.2710714285714286,484845,0.19627716074209284,1.0,0.3281466322074313
0.2710526315789474,484857,0.19627230296767914,1.0,0.32813984321257333
0.2710344827586207,484859,0.1962714933619877,1.0,0.3281387117407413
0.27097435897435895,484860,0.19627108856164666,1.0,0.3281381460077514
0.2709401709401709,484862,0.19627027896597382,1.0,0.32813701454762373
0.2709302325581395,484874,0.19626542153219187,1.0,0.32813022595071356
0.2709134615384616,484877,0.19626420721131338,1.0,0.3281285288453747
0.27083333333333337,484879,0.196263397672409,1.0,0.3281273974515682
0.27078392621870884,484880,0.19626299290546115,1.0,0.32812683175759083
0.2707792207792208,484884,0.19626137385436518,1.0,0.3281245690011861
0.27075000000000005,484886,0.1962605643388343,1.0,0.3281234376346867
0.2707301587301587,484887,0.19626015958357307,1.0,0.3281228719543626
0.2706959706959707,484889,0.1962593500780591,1.0,0.3281217405995659
0.2706896551724138,485207,0.19613072358807684,1.0,0.3279419543705664
0.27066666666666667,485209,0.1961299151499663,1.0,0.32794082426301707
0.27062937062937065,485211,0.1961291067185204,1.0,0.3279396941632565
0.2706081081081081,485212,0.19612870250529665,1.0,0.327939129116297
0.2705681818181818,485214,0.19612789408384754,1.0,0.3279379990282195
0.27054347826086955,485217,0.19612668146416964,1.0,0.32793630391070694
0.2705314009661836,485219,0.19612587305938142,1.0,0.3279351738421008
0.2704761904761905,485221,0.19612506466125745,1.0,0.3279340437812831
0.2704545454545455,485291,0.19609677492473587,1.0,0.3278944965587341
0.27045454545454545,485308,0.19608990579178584,1.0,0.3278848936727353
0.27039473684210524,485310,0.1960890976901362,1.0,0.32788376395842017
0.2703846153846154,485311,0.19608869364180906,1.0,0.3278831991041819
0.2703619909502263,485312,0.19608828959514704,1.0,0.32788263425188985
0.27033333333333337,485313,0.1960878855501501,1.0,0.3278820694015439
0.2703333333333333,485314,0.19608748150681826,1.0,0.32788150455314413
0.27026862026862025,485321,0.19608465325011692,1.0,0.3278775506688372
0.2702380952380953,485323,0.1960838451917589,1.0,0.3278764210051216
0.2702380952380952,485326,0.19608263311670918,1.0,0.3278747265241434
0.2701863354037267,485334,0.1960794009898338,1.0,0.327870207993826
0.2701298701298701,485336,0.19607859297476388,1.0,0.3278690783807063
0.2701098901098901,485338,0.19607778496635334,1.0,0.3278679487753703
0.27008547008547007,485343,0.19607576497446136,1.0,0.32786512479608343
0.27,485758,0.19590825061038625,1.0,0.32763090397678174
0.26999999999999996,485768,0.19590421765122445,1.0,0.3276252642305812
0.2698717948717949,485773,0.19590220123390967,1.0,0.32762244443029104
0.26987179487179486,485777,0.1959005881299444,1.0,0.32762018862500664
0.26986928104575164,485779,0.19589978158792373,1.0,0.3276190607340135
0.26986111111111116,485783,0.1958981685238059,1.0,0.32761680497532475
0.2698412698412698,485790,0.19589534572551925,1.0,0.3276128574723644
0.26976190476190476,485791,0.19589494247526199,1.0,0.3276122935511356
0.26973039215686273,485792,0.19589453922666492,1.0,0.3276117296318482
0.2696969696969697,485804,0.19588970037298992,1.0,0.32760496275182105
0.2696886446886447,485806,0.1958888939206185,1.0,0.32760383496566087
0.2696825396825397,485808,0.1958880874748872,1.0,0.3276027071872655
0.2696428571428572,485813,0.19588607138960876,1.0,0.32759988777524757
0.26964285714285713,485815,0.1958852649671171,1.0,0.3275987600240284
0.26956521739130435,485821,0.19588284573948017,1.0,0.32759537681695744
0.2695,485823,0.19588203934354692,1.0,0.3275942490967956
0.2694545454545455,485827,0.19588042657159854,1.0,0.32759199367976444
0.2694444444444445,485829,0.19587962019558322,1.0,0.3275908659828948
0.2694071146245059,485831,0.19587881382620706,1.0,0.3275897382937891
0.2693548387096774,486141,0.19575390678835974,1.0,0.32741504029726215
0.26931918656056586,486151,0.19574988018126055,1.0,0.32740940798018286
0.2693015873015873,486152,0.19574947752966151,1.0,0.32740884475913273
0.26926829268292685,486153,0.19574907487971893,1.0,0.3274082815400203
0.2692307692307693,486156,0.19574786693983,1.0,0.3274065918943095
0.26919191919191915,486165,0.1957442432096099,1.0,0.3274015230618118
0.2691489361702128,486167,0.19574343795444776,1.0,0.3274003966759041
0.26914893617021274,486170,0.19574223008412694,1.0,0.3273987071115744
0.2691428571428572,486178,0.19573900916948114,1.0,0.3273942016919473
0.26909909909909907,486179,0.19573860656260347,1.0,0.3273936385232126
0.26909482758620695,486182,0.1957373987519077,1.0,0.3273919490286335
0.2690476190476191,486191,0.19573377540925274,1.0,0.3273868806495171
0.26904761904761904,486195,0.195732165077798,1.0,0.32738462808694796
0.26903225806451614,486201,0.19572974963029693,1.0,0.3273812493012135
0.2689393939393939,486208,0.1957269316835593,1.0,0.32737730747266813
0.2687562437562438,486209,0.19572652912636335,1.0,0.3273767443620533
0.26875000000000004,486210,0.1957261265708233,1.0,0.32737618125337564
0.26875,486528,0.195598197842673,1.0,0.3271972108951129
0.2687301587301587,486529,0.19559779581484352,1.0,0.32719664840388313
0.2686969696969697,486530,0.19559739378866667,1.0,0.3271960859145874
0.2686813186813187,486537,0.1955945796517017,1.0,0.32719214854366757
0.26864661654135336,486538,0.1955941776387456,1.0,0.32719158606984333
0.2685990338164251,486544,0.1955917655957118,1.0,0.32718821126750874
0.26857142857142857,486547,0.1955905595965035,1.0,0.3271865238924483
0.2685314685314686,486554,0.19558774565618617,1.0,0.32718258675165635
0.2684873949579832,486555,0.19558734367132186,1.0,0.32718202431070675
0.2684615384615385,486556,0.1955869416881099,1.0,0.32718146187169084
0.2684444444444445,486564,0.19558372588189837,1.0,0.3271769624291765
0.268386785628165,486565,0.1955833239135573,1.0,0.32717640000756365
0.2683673469387755,486567,0.1955825199818319,1.0,0.3271752751701388
0.26833333333333337,486575,0.19557930432101936,1.0,0.3271707758977823
0.2683333333333333,486579,0.19557769653026538,1.0,0.32716852630800886
0.26826923076923076,486581,0.1955768926448012,1.0,0.32716740152472307
0.2682638888888889,486582,0.19557649070454722,1.0,0.3271668391359803
0.2682539682539683,486585,0.1955752848936979,1.0,0.3271651519813528
0.26821428571428574,486587,0.19557448102805872,1.0,0.32716402722126825
0.2681818181818182,486855,0.19546682277064012,1.0,0.327013379288305
0.2681571146245059,486856,0.19546642128267908,1.0,0.3270128174289543
0.2681318681318681,486865,0.19546280796524704,1.0,0.32700776078167926
0.26812865497076027,486867,0.19546200502395933,1.0,0.327006637103522
0.2681051587301587,486868,0.19546160355578926,1.0,0.32700607526733927
0.26805555555555555,486872,0.1954599976996007,1.0,0.32700382794191424
0.2680419580419581,486873,0.19545959623967646,1.0,0.32700326611538444
0.2680107526881721,486875,0.19545879332477537,1.0,0.32700214246811643
0.26801075268817204,486876,0.19545839186979846,1.0,0.32700158064737816
0.2679464285714286,486878,0.195457588964792,1.0,0.32700045701169334
0.2679425837320574,486879,0.1954571875147624,1.0,0.32699989519674666
0.2678571428571429,486888,0.19545357453870293,1.0,0.3269948389490973
0.26785714285714285,486889,0.1954531731051636,1.0,0.3269942771534551
0.2678448275862069,486891,0.1954523702430318,1.0,0.3269931535679618
0.2677536231884058,486909,0.1954451447806469,1.0,0.32698304164597913
0.26772727272727276,486910,0.1954447433817338,1.0,0.32698247989087303
0.26770114942528733,486912,0.19544394058885384,1.0,0.3269813563864512
0.2676767676767677,486928,0.19543751848322544,1.0,0.32697236862901397
0.2676495726495727,486930,0.1954367157496971,1.0,0.3269712451940752
0.2676470588235294,487234,0.19531477688338664,1.0,0.32680057280416486
0.2676136363636364,487235,0.1953143760197851,1.0,0.3268000116758442
0.26755555555555555,487245,0.19531036747426858,1.0,0.32679440049861863
0.26752136752136757,487247,0.1953095657849099,1.0,0.32679327828629606
0.2675213675213675,487249,0.19530876410213258,1.0,0.3267921560816809
0.2675,487253,0.19530716075632165,1.0,0.32678991169557203
0.2674891774891775,487255,0.19530635909328792,1.0,0.32678878951407836
0.2674358974358974,487257,0.19530555743683517,1.0,0.32678766734029163
0.2673291925465838,487258,0.19530515661107667,1.0,0.3267871062562884
0.26732142857142854,487259,0.1953047557869634,1.0,0.3267865451742119
0.2673076923076923,487261,0.1953039541436725,1.0,0.32678542301583896
0.2672727272727273,487274,0.19529874362268457,1.0,0.3267781291742641
0.26726495726495725,487275,0.19529834282489353,1.0,0.32677756812301373
0.2671568627450981,487276,0.19529794202874756,1.0,0.32677700707369
0.2671428571428572,487283,0.19529513650178643,1.0,0.3267730797823664
0.2671428571428571,487492,0.19521140859747443,1.0,0.3266558655536028
0.2670940170940171,487502,0.19520740427731578,1.0,0.3266502593252395
0.26703933747412006,487503,0.19520700385433526,1.0,0.32664969871298705
0.26703296703296703,487505,0.19520620301330244,1.0,0.3266485774942549
0.267,487506,0.1952058025952501,1.0,0.3266480168877752
0.26696969696969697,487507,0.1952054021788405,1.0,0.32664745628321984
0.2669696969696969,487508,0.19520500176407363,1.0,0.32664689568058874
0.26695014662756605,487510,0.19520420093946791,1.0,0.3266457744810992
0.2668831168831169,487517,0.1952013981050917,1.0,0.3266418503434984
0.2668202764976959,487519,0.19520059731005357,1.0,0.3266407291786443
0.26676923076923076,487521,0.19519979652158573,1.0,0.3266396080214867
0.26676190476190476,487523,0.19519899573968819,1.0,0.3266384868720256
0.2666666666666667,487525,0.1951981949643608,1.0,0.3266373657302609
0.26666666666666666,487978,0.1950169884707917,1.0,0.3263836252576559
0.26665209790209793,487980,0.19501618918808147,1.0,0.32638250586476064
0.2664835164835165,487986,0.1950137913792609,1.0,0.3263791477321444
0.2664705882352941,487988,0.1950129921227571,1.0,0.3263780283699619
0.26644885580369454,487990,0.19501219287280477,1.0,0.3263769090154573
0.2663978494623656,487991,0.19501179325028536,1.0,0.32637634934108434
0.2663956639566396,487993,0.19501099401015998,1.0,0.3263752299980966
0.26636363636363636,488004,0.19500659830657124,1.0,0.32636907374890256
0.2662857142857143,488005,0.19500619870698047,1.0,0.32636851410140116
0.26626984126984127,488018,0.19500100406132562,1.0,0.3263612388585381
0.26623015873015876,488019,0.19500060448466147,1.0,0.32636067923790646
0.2662247474747475,488020,0.19500020490963485,1.0,0.3263601196191939
0.26621848739495796,488021,0.19499980533624578,1.0,0.3263595600024006
0.2662162162162162,488144,0.1949506702940116,1.0,0.32629074176935685
0.2661675579322638,488146,0.1949498715548217,1.0,0.32628962301349196
0.26614420062695926,488149,0.19494867345830882,1.0,0.32628794489407914
0.26611111111111113,488150,0.194948274096077,1.0,0.3262873855247774
0.2661038961038961,488151,0.19494787473548145,1.0,0.3262868261573936
0.26608695652173914,488155,0.19494627730946112,1.0,0.3262845887070368
0.26607142857142857,488156,0.19494587795704652,1.0,0.3262840293492423
0.265990990990991,488158,0.19494507925712576,1.0,0.32628291063940673
0.26590038314176245,488174,0.1949386898933577,1.0,0.32627396123688157
0.26587301587301587,488178,0.1949370926178566,1.0,0.3262717239629583
0.2658333333333333,488180,0.19493629398992174,1.0,0.3262706053375024
0.26582417582417583,488183,0.19493509606028886,1.0,0.32626892741370056
0.2658212560386473,488185,0.1949342974487131,1.0,0.3262678088074206
0.2657894736842105,488525,0.1947986285246405,1.0,0.32607775716177617
0.26573426573426573,488529,0.19479703354355626,1.0,0.32607552257779343
0.26571428571428574,488530,0.19479663480236628,1.0,0.32607496393658325
0.26569140536882474,488532,0.19479583732488354,1.0,0.3260738466599052
0.26566666666666666,488538,0.19479344493161227,1.0,0.3260704948758099
0.265625,488539,0.19479304620511362,1.0,0.3260699362518267
0.26555555555555554,488550,0.19478866032135914,1.0,0.3260637915143375
0.26554347826086955,488551,0.19478826161444762,1.0,0.32606323291332245
0.2654761904761905,488663,0.1947436167665651,1.0,0.32600068170879387
0.2654584639498433,488666,0.19474242120384885,1.0,0.3259990065601288
0.2654545454545455,488671,0.19474042863194255,1.0,0.32599621468394324
0.26545454545454544,488673,0.1947396316145971,1.0,0.3259950979468585
0.2653968253968254,488674,0.19473923310837082,1.0,0.3259945395811852
0.2653947368421053,488675,0.19473883460377553,1.0,0.3259939812174247
0.2653866248693835,488677,0.19473803759947778,1.0,0.3259928644956418
0.2653846153846154,488728,0.1947177161938747,1.0,0.32596439067498784
0.2653448275862069,488729,0.19471731777733672,1.0,0.3259638324145006
0.2652380952380952,488731,0.19471652094915198,1.0,0.32596271589926273
0.26523297491039427,488739,0.19471333370162808,1.0,0.32595824991479755
0.26513409961685824,488743,0.194711740116994,1.0,0.32595601696845555
0.26512681159420287,488744,0.1947113417249112,1.0,0.3259554587366503
0.26510673234811166,488745,0.19471094333445865,1.0,0.325954900506757
0.265,489241,0.19451354240548113,1.0,0.3256782539505993
0.26493506493506497,489243,0.19451274724421197,1.0,0.32567713939086973
0.2649321266968326,489246,0.1945115545144978,1.0,0.32567546756557897
0.26493055555555556,489250,0.19450996423096575,1.0,0.325673238491891
0.2649122807017544,489253,0.19450877153538149,1.0,0.32567156670664954
0.26487179487179485,489256,0.19450757885442385,1.0,0.3256698949385715
0.2648616600790514,489262,0.19450519353638746,1.0,0.32566655145390516
0.2648093841642229,489263,0.19450479598906928,1.0,0.32566599421313525
0.26479166666666665,489265,0.19450400089930814,1.0,0.3256648797373162
0.2647777777777778,489267,0.19450320581604727,1.0,0.32566376526912505
0.26474358974358975,489277,0.19449923049724388,1.0,0.32565819304258253
0.2647058823529412,489278,0.1944988329743009,1.0,0.325657635830416
0.26464646464646463,489280,0.19449803793328974,1.0,0.3256565214118034
0.2646428571428572,489281,0.19449764041522152,1.0,0.32565596420535725
0.2646341463414634,489312,0.19448531816100975,1.0,0.3256386917512438
0.26461538461538464,489314,0.19448452323048185,1.0,0.32563757746228256
0.2646034816247582,489316,0.19448372830645227,1.0,0.3256364631809472
0.2644444444444445,489318,0.19448293338892092,1.0,0.32563534890723755
0.2644444444444444,489319,0.19448253593259204,1.0,0.32563479177324234
0.26431818181818184,489320,0.19448213847788767,1.0,0.32563423464115354
0.2643162393162393,489324,0.19448054867531533,1.0,0.3256320061318624
0.2642857142857143,490005,0.19421026316058,1.0,0.3252530465557813
0.26420454545454547,490007,0.19420947047695236,1.0,0.325251934904498
0.26419098143236075,490008,0.1942090741375651,1.0,0.3252513790817059
0.2641758241758242,490009,0.1942086777997955,1.0,0.32525082326081345
0.2641269841269841,490012,0.19420748879619273,1.0,0.32524915580953423
0.2641025641025641,490014,0.19420669613521246,1.0,0.3252480441848463
0.2640909090909091,490016,0.19420590348070266,1.0,0.3252469325677569
0.264029304029304,490018,0.19420511083266329,1.0,0.325245820958266
0.264027149321267,490020,0.19420431819109424,1.0,0.3252447093563734
0.264,490026,0.1942019403052083,1.0,0.325241374596285
0.26398809523809524,490027,0.1942015439965553,1.0,0.3252408188095853
0.263963133640553,490028,0.1942011476895198,1.0,0.32524026302478504
0.263961038961039,490030,0.1942003550803012,1.0,0.32523915146088306
0.26395348837209304,490042,0.19419559956085397,1.0,0.3252324822370242
0.2639393939393939,490043,0.19419520327807968,1.0,0.3252319264807154
0.2639371657754011,490044,0.19419480699692274,1.0,0.32523137072630587
0.2638888888888889,490057,0.19418965548905537,1.0,0.3252241460918183
0.2638791643139469,490058,0.19418925923054006,1.0,0.3252235903639986
0.26384615384615384,490059,0.19418886297364196,1.0,0.32522303463807817
0.2637992831541219,490063,0.19418727796222118,1.0,0.325220811753388
0.26375,490064,0.19418688171340887,1.0,0.32522025603696336
0.2637085137085137,490066,0.1941860892206356,1.0,0.32521914460981155
0.26363636363636367,490084,0.19417895707674604,1.0,0.32520914210727764
0.2636363636363636,490913,0.19385104896386937,1.0,0.3247491370587824
0.26360153256704977,490915,0.19385025920984283,1.0,0.32474802884935305
0.26346153846153847,490920,0.19384828485292918,1.0,0.32474525835887
0.2634502923976608,490921,0.19384788998637256,1.0,0.324744704266446
0.2633566433566434,490922,0.19384749512142457,1.0,0.32474415017591274
0.26333333333333336,490926,0.19384591567771925,1.0,0.3247419338326878
0.2633333333333333,490939,0.1938407826634266,1.0,0.32473473092613414
0.2632867132867133,490941,0.19383999299304805,1.0,0.3247336228150246
0.26325396825396824,490942,0.19383959816027146,1.0,0.3247330687623058
0.26319444444444445,490973,0.19382735914194874,1.0,0.3247158940657218
0.2631016042780749,490977,0.19382578002635562,1.0,0.3247136781081685
0.2630952380952381,490981,0.19382420093649244,1.0,0.32471146218085967
0.2630769230769231,490983,0.1938234114012094,1.0,0.32471035422854677
0.2630434782608696,490987,0.19382183234994002,1.0,0.3247081383466035
0.26304347826086955,491910,0.19345815291415097,1.0,0.32419763096304727
0.2629674796747968,491912,0.19345736635821043,1.0,0.3241965265144547
0.26292929292929296,491915,0.19345618653629185,1.0,0.3241948698556753
0.2629120879120879,491917,0.19345539999634084,1.0,0.32419376542589523
0.2628787878787879,491919,0.19345461346278553,1.0,0.32419266100364
0.26287262872628725,491923,0.19345304041486167,1.0,0.32419045218170395
0.26285714285714284,491926,0.19345186064570688,1.0,0.32418879558500396
0.2627681992337165,491928,0.19345107414093118,1.0,0.32418769119660973
0.26276595744680853,491930,0.19345028764255076,1.0,0.32418658681573986
0.2627450980392157,491933,0.19344910790697106,1.0,0.3241849302585433
0.26262626262626265,491934,0.19344871466497537,1.0,0.32418437807657324
0.2625974025974026,491935,0.19344832142457846,1.0,0.3241838258964842
0.2625874125874126,491936,0.19344792818578027,1.0,0.3241832737182763
0.2625,493465,0.1928485302909021,1.0,0.3233411877430436
0.26245059288537553,493468,0.19284735788338858,1.0,0.32333953981434915
0.2623626373626373,493470,0.19284657628629906,1.0,0.3233384412045516
0.2623563218390805,493473,0.19284540390254382,1.0,0.32333679330385284
0.2623076923076923,493510,0.19283094567485967,1.0,0.32331647057624424
0.26224489795918365,493511,0.19283055494203777,1.0,0.3233159213487918
0.26222222222222225,493529,0.19282352202200884,1.0,0.32330603557372006
0.26220779220779217,493530,0.19282313131927137,1.0,0.3233054863817195
0.2621969696969697,493532,0.19282234991854633,1.0,0.3233043880033158
0.26216300940438875,493535,0.19282117782933328,1.0,0.3233027404497035
0.26212121212121214,493541,0.19281883369365463,1.0,0.32329944539285377
0.26209150326797387,493544,0.1928176616471885,1.0,0.32329779788961593
0.2620779220779221,493546,0.19281688029079355,1.0,0.3232966995634523
0.2620512820512821,493547,0.1928164896149708,1.0,0.32329615040316895
0.262,494689,0.19237136867809876,1.0,0.3226702246152855
0.2619047619047619,494695,0.1923690354662974,1.0,0.3226669424387862
0.26186868686868686,494697,0.19236825774160748,1.0,0.3226658483947913
0.26181818181818184,494699,0.19236748002320603,1.0,0.3226647543582154
0.2618067978533095,494700,0.19236709116636344,1.0,0.32266420734270945
0.2618037135278515,494702,0.19236631345739455,1.0,0.3226631133172619
0.26180124223602486,494705,0.1923651469057317,1.0,0.32266147229300063
0.2616707616707617,494708,0.19236398036821722,1.0,0.32265983128543146
0.26166666666666666,494726,0.19235698144023156,1.0,0.3226499855905338
0.26166253101736975,494727,0.19235659262583202,1.0,0.3226494386251019
0.26160714285714287,494728,0.1923562038130043,1.0,0.3226488916615245
0.2615873015873016,494730,0.19235542619206436,1.0,0.32264779773993296
0.2615789473684211,494732,0.1923546485774116,1.0,0.3226467038257591
0.26155844155844155,494734,0.192353870969046,1.0,0.32264560991900293
0.26153846153846155,495856,0.19191862153528444,1.0,0.3220330953267233
0.26147157190635456,495859,0.19191746040709154,1.0,0.322031460704575
0.26144144144144144,495861,0.19191668632943507,1.0,0.3220303709656952
0.26142857142857145,495869,0.1919135900812513,1.0,0.3220260120839276
0.2613768115942029,495870,0.1919132030572529,1.0,0.3220254672320036
0.2613636363636364,495874,0.19191165497686913,1.0,0.3220232878427445
0.2613095238095238,495876,0.19191088094604297,1.0,0.32202219815917704
0.2612747252747253,495878,0.19191010692146052,1.0,0.32202110848298426
0.26125541125541124,495880,0.19190933290312173,1.0,0.3220200188141661
0.26125,495881,0.19190894589629368,1.0,0.3220194739825225
0.261244019138756,495885,0.1919073978845902,1.0,0.322017294674384
0.2612162162162162,495887,0.19190662388810353,1.0,0.3220162050313763
0.2612087912087912,495888,0.19190623689220146,1.0,0.3220156602126378
0.261203007518797,495890,0.19190546290507976,1.0,0.32201457058069144
0.2611111111111111,497093,0.19144103819607197,1.0,0.32136049046275517
0.26109481915933525,497095,0.19144026795682917,1.0,0.3213594052601986
0.26107142857142857,497097,0.1914394977237843,1.0,0.32135832006497134
0.2610576923076923,497098,0.19143911260958604,1.0,0.32135777747010613
0.26099417823555754,497099,0.19143872749693722,1.0,0.3213572348770732
0.26098039215686275,497101,0.19143795727628793,1.0,0.3213561496965041
0.2609577922077922,497102,0.19143757216828738,1.0,0.3213556071089679
0.26095238095238094,497103,0.19143718706183627,1.0,0.32135506452326396
0.2609090909090909,497106,0.1914360317517793,1.0,0.32135343677714556
0.26083916083916087,497107,0.19143564665152574,1.0,0.3213528941987705
0.2607905982905983,497108,0.1914352615528215,1.0,0.32135235162222764
0.26075213675213677,497109,0.19143487645566667,1.0,0.321351809047517
0.26071428571428573,498208,0.19101258911940394,1.0,0.32075662484916717
0.2606896551724138,498217,0.19100913858820553,1.0,0.32075175983053045
0.2606837606837607,498222,0.19100722168029513,1.0,0.32074905710616697
0.2606606606606607,498224,0.1910064549279039,1.0,0.3207479760291748
0.2604545454545455,498236,0.1910018545428271,1.0,0.3207414897202561
0.26045066045066045,498238,0.19100108783352535,1.0,0.3207404086942747
0.2604166666666667,498244,0.19099878774255183,1.0,0.3207371656600517
0.2603636363636364,498246,0.190998021057871,1.0,0.3207360846632177
0.26035087719298244,498248,0.19099725437934523,1.0,0.32073500367367025
0.2603448275862069,499264,0.19060857582361235,1.0,0.32018680142927314
0.2603030303030303,499265,0.1906081940452465,1.0,0.32018626278327605
0.260233918128655,499278,0.19060323106565882,1.0,0.32017926055023027
0.2602197802197802,499280,0.19060246755327673,1.0,0.3201781833107913
0.26020979020979024,499282,0.19060170404701152,1.0,0.3201771060786009
0.2601648351648352,499284,0.1906009405468631,1.0,0.3201760288536592
0.26014423076923077,499286,0.19060017705283144,1.0,0.32017495163596604
0.26,500244,0.19023516523936318,1.0,0.3196597963077419
0.25992628992628997,500246,0.19023440467290093,1.0,0.31965872256092437
0.2598901098901099,500250,0.19023288355822088,1.0,0.31965657508892975
0.25986790986790986,500252,0.19023212301000295,1.0,0.31965550136375237
0.2598611111111111,500253,0.19023174273817448,1.0,0.3196549645038687
0.25984848484848483,500258,0.19022984140183666,1.0,0.31965228023149966
0.2598214285714286,500259,0.19022946113912992,1.0,0.3196517433824356
0.25980392156862747,500260,0.19022908087794346,1.0,0.3196512065351749
0.25980148883374693,500263,0.19022794010350555,1.0,0.31964959600421206
0.25979537703675637,500265,0.19022717959481475,1.0,0.3196485223259196
0.25974025974025977,500273,0.19022413762085902,1.0,0.3196442276848768
0.25971428571428573,500276,0.19022299690570804,1.0,0.31964261722423754
0.2596969696969697,500277,0.1902226166703646,1.0,0.3196420804076306
0.2596825396825397,500278,0.1902222364365413,1.0,0.3196415435928268
0.25967741935483873,501167,0.1898848088561298,1.0,0.3191650274763512
0.2596428571428571,501168,0.18988442997158636,1.0,0.31916449226269933
0.25954954954954956,501169,0.18988405108855497,1.0,0.31916395705084244
0.25945054945054946,501171,0.1898832933270281,1.0,0.31916288663251363
0.2594444444444445,501175,0.18988177782211801,1.0,0.3191607458173958
0.25944055944055944,501182,0.1898791257467347,1.0,0.319156999460045
0.2594202898550725,501183,0.1898787468848704,1.0,0.31915646427331734
0.25941584731058415,501185,0.18987798916567736,1.0,0.3191553939052468
0.259375,501853,0.189625248827844,1.0,0.3187982921759347
0.25935483870967746,501857,0.18962373743915098,1.0,0.3187961562491102
0.2593214285714286,501858,0.18962335959574222,1.0,0.3187956222718761
0.2593137254901961,501867,0.1896199590728221,1.0,0.3187908165572642
0.2592339544513457,501869,0.18961920341762492,1.0,0.3187897486403599
0.25916666666666666,501871,0.18961844776845047,1.0,0.31878868073061045
0.2591511936339523,501874,0.1896173143059812,1.0,0.31878707887940133
0.2591341991341991,501876,0.18961655867186317,1.0,0.3187860109875385
0.2590909090909091,502444,0.18940220203644587,1.0,0.31848301896895626
0.25907563025210084,502446,0.1894014481158174,1.0,0.31848195311323435
0.2590476190476191,502447,0.18940107115775395,1.0,0.3184814201880487
0.258974358974359,502458,0.1893969247180859,1.0,0.3184755581287168
0.25897435897435894,502503,0.18937996390071304,1.0,0.31845157922388223
0.2588888888888889,502506,0.18937883328756275,1.0,0.31844998075861264
0.25888888888888884,502509,0.18937770268791207,1.0,0.31844838230938993
0.2588699494949495,502510,0.1893773258243617,1.0,0.3184478494965483
0.25882352941176473,502995,0.18919472360560244,1.0,0.3181896452281083
0.2588095238095238,502999,0.18919321907200612,1.0,0.31818751744925716
0.25875000000000004,503022,0.18918456846817833,1.0,0.31817528327309563
0.25875,503024,0.18918381627914374,1.0,0.3181742194761513
0.25873015873015875,503031,0.18918118366462505,1.0,0.3181704962428639
0.2587301587301587,503091,0.18915862140248982,1.0,0.31813858638874726
0.25867816091954027,503093,0.1891578694197693,1.0,0.31813752283717533
0.2586363636363636,503095,0.18915711744302766,1.0,0.3181364592927144
0.2586178861788618,503096,0.18915674145689887,1.0,0.31813592752315045
0.2585858585858586,503100,0.18915523752733054,1.0,0.318133800462672
0.25857142857142856,503472,0.18901547653096895,1.0,0.3179361080857149
0.258498023715415,503487,0.18900984533860854,1.0,0.3179281417720843
0.25845740281224155,503489,0.18900909453831166,1.0,0.31792707962709615
0.2584033613445378,503491,0.18900834374397954,1.0,0.31792601748920496
0.25833333333333336,503789,0.18889654200468847,1.0,0.31776783821101157
0.2583333333333333,503800,0.1888924176260421,1.0,0.3177620023907948
0.2582051282051282,503804,0.18889091789664234,1.0,0.31775988032749664
0.2581818181818182,503812,0.1888879185092852,1.0,0.31775563628592796
0.2581118881118881,503814,0.18888716867732933,1.0,0.3177545752932495
0.25810810810810814,504027,0.1888073456382297,1.0,0.3176416201177922
0.25809523809523804,504032,0.188805472668402,1.0,0.3176389695525337
0.2580808080808081,504042,0.18880172684022364,1.0,0.3176336685547208
0.25804195804195806,504047,0.18879985398187074,1.0,0.317631018122164
0.2579545454545455,504057,0.18879610837663202,1.0,0.3176257173897444
0.2579464285714286,504058,0.18879573382428214,1.0,0.31762518732623307
0.2579365079365079,504061,0.18879461017614932,1.0,0.317623597146314
0.2578947368421053,504180,0.1887500495854655,1.0,0.3175605328492485
0.2578461538461539,504182,0.18874930084770974,1.0,0.31755947315907673
0.2578163771712159,504186,0.18874780339001876,1.0,0.3175573537999499
0.2577922077922078,504190,0.188746305956088,1.0,0.3175552344691117
0.2577777777777778,504192,0.1887455572480325,1.0,0.31755417481430065
0.25772893772893773,504194,0.18874480854591685,1.0,0.31755311516656154
0.2576923076923077,504196,0.18874405984974096,1.0,0.3175520555258943
0.25769230769230766,504273,0.1887152395626972,1.0,0.3175112647367447
0.2576576576576577,504274,0.18871486533114934,1.0,0.3175107350551683
0.25764705882352945,504278,0.1887133684198002,1.0,0.3175086163465356
0.25761904761904764,504280,0.18871261997303085,1.0,0.31750755700282257
0.2576190476190476,504283,0.18871149731400821,1.0,0.3175059680005071
0.2575375939849624,504284,0.1887111230973023,1.0,0.31750543833660305
0.2575163398692811,504286,0.18871037466834295,1.0,0.3175043790140962
0.257516339869281,504287,0.1887100004560895,1.0,0.3175038493554936
0.2575,504392,0.18867071642690605,1.0,0.31744824503465896
0.257487922705314,504406,0.18866547979207227,1.0,0.3174408325966943
0.2574561403508772,504410,0.1886639836640828,1.0,0.3174387148208561
0.2574545454545455,504433,0.1886553813886086,1.0,0.3174265381581296
0.2574468085106383,504435,0.1886546334017267,1.0,0.3174254793620403
0.2573563218390804,504436,0.18865425941050995,1.0,0.3174249499666444
0.25733333333333336,504439,0.18865313744575657,1.0,0.31742336179105174
0.2573170731707317,504484,0.1886363095757249,1.0,0.3173995410640909
0.2573015873015873,504488,0.1886348139103408,1.0,0.31739742383916003
0.2572115384615385,504493,0.1886329443619634,1.0,0.3173947773477171
0.2571794871794872,504495,0.18863219655298863,1.0,0.31739371876349726
0.2571702244116037,504497,0.188631448749943,1.0,0.3173926601863386
0.2571428571428572,504628,0.18858248055993723,1.0,0.31732333875743596
0.2571428571428571,504665,0.1885686544539447,1.0,0.3173037649063316
0.25705329153605017,504670,0.1885667862167357,1.0,0.3173011199765268
0.257051282051282,504671,0.18856641257373616,1.0,0.3173005909958572
0.257012987012987,504673,0.1885656652921793,1.0,0.3172995330398092
0.2569940476190476,504675,0.1885649180165453,1.0,0.317298475090816
0.25699300699300703,504686,0.18856080810642656,1.0,0.3172926564974577
0.2569767441860465,504704,0.18855408318539182,1.0,0.3172831356231704
0.2569444444444445,504711,0.18855146806786457,1.0,0.31727943321525315
0.2569230769230769,504713,0.1885507209047518,1.0,0.31727837540029036
0.2569047619047619,504714,0.18855034732541598,1.0,0.3172778464954541
0.25681818181818183,504720,0.1885481058804882,1.0,0.31727467310346663
0.2566969696969697,504722,0.18854735874402145,1.0,0.3172736153202442
0.2566964285714286,504727,0.1885454909287595,1.0,0.31727097089304557
0.2566666666666667,504732,0.18854362315050363,1.0,0.3172683265099284
0.25666666666666665,504746,0.18853839356825017,1.0,0.3172609224717041
0.25664335664335663,504748,0.18853764650875288,1.0,0.3172598647801677
0.2565656565656566,504762,0.1885324172580345,1.0,0.31725246113687355
0.2565217391304348,504763,0.18853204375122581,1.0,0.317251932318432
0.2564444444444445,504779,0.18852606784355133,1.0,0.3172434714631223
0.2564102564102564,504785,0.1885238269758412,1.0,0.31724029875872783
0.2563768115942029,504786,0.18852345350306862,1.0,0.3172397699808317
0.2563636363636364,504788,0.18852270656196266,1.0,0.3172387124303278
0.25636363636363635,504792,0.1885212126975071,1.0,0.3172365973504724
0.25625,504797,0.1885193454002302,1.0,0.3172339535403135
0.25623543123543124,504799,0.18851859849167688,1.0,0.3172328960285884
0.25621621621621626,504800,0.18851822503961965,1.0,0.31723236727536985
0.2561688311688312,504810,0.1885144906004239,1.0,0.3172270798401264
0.25612244897959185,504813,0.1885133702975161,1.0,0.317225493643923
0.25611111111111107,504815,0.18851262343630834,1.0,0.3172244361885999
0.25602150537634405,504818,0.1885115031555927,1.0,0.31722285001883394
0.25599999999999995,504820,0.18851075630917952,1.0,0.31722179258113553
0.255982905982906,504829,0.18850739557355065,1.0,0.3172170341987323
0.25595238095238093,504838,0.1885040349577488,1.0,0.31721227595908014
0.2558627752176139,504839,0.18850366156338952,1.0,0.31721174727459694
0.2558441558441559,504840,0.18850328817050946,1.0,0.317211218591876
0.25583333333333336,504844,0.1885017946137817,1.0,0.31720910387861495
0.2558080808080808,504846,0.1885010478442931,1.0,0.3172080465325578
0.2557993730407524,504860,0.1884958206235392,1.0,0.317200645307521
0.25578947368421057,504864,0.18849432718514292,1.0,0.31719853073523235
0.2557692307692308,504868,0.1884928337704113,1.0,0.3171964161911365
0.2557184750733138,504870,0.1884920870719195,1.0,0.3171953589296606
0.2557142857142857,504871,0.1884917137248921,1.0,0.31719483030156576
0.25570175438596493,504872,0.18849134037934367,1.0,0.31719430167523277
0.25565040650406506,504873,0.1884909670352742,1.0,0.3171937730506619
0.2555555555555556,504893,0.18848350046445483,1.0,0.317183200929245
0.25555555555555554,505244,0.18835255836783812,1.0,0.3169977748464378
0.25551378446115286,505245,0.18835218557333572,1.0,0.3169972468767124
0.2554901960784314,505246,0.188351812780309,1.0,0.3169967189087457
0.25543926661573724,505247,0.18835143998875797,1.0,0.31699619094253767
0.2554166666666666,505249,0.18835069441008295,1.0,0.3169951350153977
0.2554112554112554,505250,0.18835032162295892,1.0,0.31699460705446575
0.25539977264115193,505252,0.18834957605313785,1.0,0.31699355113787775
0.2553846153846154,505254,0.18834883048921927,1.0,0.31699249522832423
0.25535714285714284,505255,0.18834845770947342,1.0,0.31699196727618545
0.2553511705685619,505256,0.1883480849312032,1.0,0.3169914393258053
0.2553448275862069,505257,0.18834771215440854,1.0,0.31699091137718366
0.2553030303030303,505271,0.1883424934342165,1.0,0.31698352028112947
0.25529411764705884,505273,0.1883417479263685,1.0,0.3169824644384007
0.25526315789473686,505274,0.1883413751746577,1.0,0.316981936519674
0.25522727272727275,505276,0.1883406296756624,1.0,0.3169808806874958
0.2551587301587302,505291,0.1883350386213093,1.0,0.31697296217035414
0.2551319648093842,505315,0.1883260936247687,1.0,0.3169602933657963
0.25512820512820517,505318,0.18832497555994443,1.0,0.3169587098364314
0.2551136363636364,505331,0.1883201307657753,1.0,0.3169518480586849
0.25509355509355514,505335,0.18831864011002603,1.0,0.31694973680222616
0.2550691244239631,505337,0.18831789479100086,1.0,0.3169486811845442
0.255054945054945,505339,0.18831714947787526,1.0,0.3169476255738939
0.2550420168067227,505341,0.18831640417064913,1.0,0.31694656997027504
0.255,505379,0.18830224445416213,1.0,0.31692651483740547
0.2548295454545455,505395,0.18829628310529387,1.0,0.31691807133021066
0.2547892720306514,505412,0.18828994958568454,1.0,0.3169091005967605
0.2547692307692308,505414,0.18828920449374176,1.0,0.31690804524974275
0.25476190476190474,505425,0.18828510659346095,1.0,0.31690224096678427
0.2547596153846154,505427,0.1882843615398465,1.0,0.3169011856654529
0.25473748473748475,505428,0.18828398901525045,1.0,0.31690065801742284
0.25471014492753624,505446,0.18827728382458264,1.0,0.3168911606533357
0.25467775467775466,505447,0.18827691132799285,1.0,0.316890633038689
0.2545887445887446,505450,0.18827579384706697,1.0,0.3168890502052899
0.2545454545454546,505457,0.18827318644315935,1.0,0.3168853569888499
0.2544642857142857,505459,0.188272441483879,1.0,0.31688430179996435
0.2544444444444445,505464,0.18827057911146985,1.0,0.31688166385849476
0.2544117647058824,505465,0.1882702066414094,1.0,0.3168811362754712
0.25440874914559125,505467,0.18826946170570977,1.0,0.3168800811146944
0.25431372549019604,505469,0.18826871677590515,1.0,0.3168790259609445
0.25430769230769235,505471,0.18826797185199545,1.0,0.3168779708142216
0.2542857142857143,505521,0.18824935066990292,1.0,0.31685159442969274
0.2542780748663102,505523,0.18824860589923703,1.0,0.3168505394656452
0.254251012145749,505532,0.1882452545041659,1.0,0.31684579221436465
0.25424242424242427,505533,0.18824488213430182,1.0,0.3168452647507812
0.2542081447963801,505535,0.18824413739899315,1.0,0.3168442098288827
0.25416666666666665,505553,0.18823743504637497,1.0,0.31683471584789513
0.2541218637992832,505558,0.18823557336645844,1.0,0.31683207873192587
0.2540476190476191,505560,0.1882348287048026,1.0,0.31683102389782997
0.25402597402597404,505561,0.18823445637618408,1.0,0.3168304964834159
0.2540229885057471,505568,0.188231850117096,1.0,0.3168268046316826
0.2540106951871658,505573,0.18822998854764791,1.0,0.31682416764740645
0.2539958592132505,505574,0.1882296162381768,1.0,0.3168236402558187
0.25384615384615383,505589,0.18822403177284316,1.0,0.3168157295926945
0.2538194444444445,505600,0.18821993670886075,1.0,0.3168099286908003
0.25378787878787884,505603,0.18821881990415404,1.0,0.3168083466635151
0.2537878787878788,505604,0.1882184476388636,1.0,0.31680781932459784
0.2537593984962406,505606,0.1882177031127004,1.0,0.3168067646520299
0.25373015873015875,505607,0.1882173308518276,1.0,0.3168062373183792
0.2537247474747475,505608,0.18821695859242735,1.0,0.31680570998648405
0.25367965367965367,505610,0.18821621407804434,1.0,0.31680465532796026
0.25366666666666665,505625,0.188210630407911,1.0,0.3167967456128524
0.25363636363636366,505643,0.1882039304410424,1.0,0.31678725447606304
0.2536111111111111,505646,0.1882028138262737,1.0,0.3167856726752218
0.2535714285714286,505650,0.18820132502719272,1.0,0.3167835636320059
0.25357142857142856,505652,0.18820058063648518,1.0,0.31678250912092887
0.2535626535626536,505653,0.1882002084433396,1.0,0.31678198186802303
0.25353535353535356,505655,0.18819946406146484,1.0,0.31678092736747676
0.2535064935064935,505658,0.18819834749969347,1.0,0.31677934562982046
0.2534722222222222,505660,0.18819760313253966,1.0,0.31677829114682504
0.25346153846153846,505663,0.18819648659284938,1.0,0.31677670943549474
0.2534188034188034,505665,0.18819574224041608,1.0,0.31677565497004967
0.25334928229665077,505668,0.18819462572280626,1.0,0.31677407328504475
0.25333333333333335,505691,0.18818606619457337,1.0,0.3167619475580631
0.2533333333333333,505703,0.18818160066283965,1.0,0.31675562146032316
0.2532679738562092,505708,0.18817974008716493,1.0,0.3167529856608396
0.2532142857142857,505713,0.18817787954828133,1.0,0.31675034990522183
0.2532051282051282,505725,0.18817341440506205,1.0,0.3167440242707056
0.25314685314685315,505727,0.18817267023512685,1.0,0.3167429700228494
0.2531111111111111,505728,0.1881722981523665,1.0,0.316742442901553
0.2530769230769231,505731,0.18817118191291418,1.0,0.31674086154819064
0.2530434782608696,505753,0.18816299656156266,1.0,0.31672926543932023
0.25303571428571425,505754,0.1881626245170577,1.0,0.31672873836363696
0.25303030303030305,505757,0.18816150839237025,1.0,0.3167271571471125
0.25302197802197807,505758,0.1881611363537502,1.0,0.31672663007844615
0.253021978021978,505759,0.1881607643166014,1.0,0.3167261030115339
0.253015873015873,505762,0.18815964821398207,1.0,0.31672452182132244
0.25299539170506913,505763,0.188159276182718,1.0,0.31672399476142693
0.25299440023577957,505764,0.18815890415292508,1.0,0.3167234677032856
0.252991452991453,505766,0.1881581600977527,1.0,0.31672241359226533
0.25297619047619047,505768,0.18815741604846492,1.0,0.3167213594882616
0.2529545454545455,505770,0.1881566720050616,1.0,0.31672030539127427
0.2529411764705882,505772,0.18815592796754269,1.0,0.3167192513013033
0.25288288288288285,505774,0.18815518393590813,1.0,0.31671819721834865
0.25285714285714284,505782,0.188152207868212,1.0,0.31671398095669157
0.2527777777777778,505785,0.1881510918670977,1.0,0.31671239988751126
0.25277777777777777,505813,0.18814067649506833,1.0,0.3166976440030151
0.25274725274725274,505819,0.18813844477965438,1.0,0.3166944822066515
0.25271739130434784,505820,0.1881380728322328,1.0,0.31669395524672866
0.25268817204301075,505825,0.1881362131171848,1.0,0.31669132047341964
0.25264957264957266,505831,0.1881339815076577,1.0,0.31668815880331785
0.2525798525798526,505834,0.18813286572274698,1.0,0.31668657799194005
0.25257142857142856,505836,0.1881321218734926,1.0,0.3166855241264559
0.25256944444444446,505837,0.18813174995107118,1.0,0.3166849971963441
0.2525525525525526,505840,0.18813063419263007,1.0,0.31668341641652964
0.25254745254745253,505842,0.18812989036102182,1.0,0.3166823625720875
0.2525,505865,0.18812133672027123,1.0,0.31667024386510473
0.25245098039215685,505866,0.18812096484049134,1.0,0.31666971698584095
0.2524374176548089,505868,0.18812022108534243,1.0,0.3166686632325733
0.25242424242424244,505869,0.18811984920997332,1.0,0.3166681363585693
0.2523809523809524,505889,0.18811241201133055,1.0,0.31665759924665543
0.2522556390977444,505891,0.18811166832380888,1.0,0.31665654557403233
0.25225274725274727,505892,0.18811129648225314,1.0,0.3166560187403503
0.2521978021978022,505899,0.1881086936325235,1.0,0.3166523309536604
0.25217391304347825,505903,0.18810720632216058,1.0,0.3166502236855459
0.2521531100478469,505906,0.18810609085482283,1.0,0.3166486432528657
0.2521428571428571,505909,0.18810497540071436,1.0,0.31664706283596167
0.25213675213675213,505910,0.188104603585618,1.0,0.3166465360338328
0.2520979020979021,505914,0.1881031163399313,1.0,0.31664442884284566
0.2520833333333333,505925,0.1880990265355537,1.0,0.3166386342122381
0.25206349206349205,505927,0.18809828295386488,1.0,0.31663758066582265
0.25201149425287356,505945,0.18809159098320963,1.0,0.31662809906356415
0.252,505963,0.18808489948869778,1.0,0.31661861802913527
0.2519480519480519,505965,0.18808415601869694,1.0,0.31661756461591434
0.25194444444444447,505968,0.1880830408247162,1.0,0.3166159845092259
0.2519396551724138,505970,0.18808229736940926,1.0,0.3166149311135288
0.25188328912466845,505971,0.18808192564395984,1.0,0.3166144044183087
0.25185520361990954,505973,0.18808118219746903,1.0,0.31661335103312555
0.25182539682539684,505975,0.18808043875685557,1.0,0.3166122976549517
0.25181818181818183,505991,0.1880744914435237,1.0,0.3166038708818857
0.2517857142857143,505993,0.18807374805580315,1.0,0.31660281756679204
0.2517615176151762,505994,0.18807337636414662,1.0,0.3166022909118734
0.2517482517482518,505997,0.18807226129799187,1.0,0.31660071095763026
0.2517241379310345,506000,0.1880711462450593,1.0,0.3165991310191562
0.25166666666666665,506020,0.18806371289672344,1.0,0.31658859849896204
0.25164835164835164,506022,0.18806296959420737,1.0,0.3165875452854857
0.25161960132890365,506024,0.18806222629756691,1.0,0.3165864920790169
0.25153846153846154,506040,0.18805628013595763,1.0,0.31657806667952976
0.2515151515151515,506044,0.18805479365430675,1.0,0.3165759603997286
0.25150501672240805,506049,0.18805293558528918,1.0,0.31657332758939016
0.25150375939849623,506052,0.18805182076150276,1.0,0.31657174792420695
0.25145888594164456,506054,0.18805107755298842,1.0,0.31657069482284295
0.251455938697318,506058,0.1880495911535832,1.0,0.31656858864113424
0.25142857142857145,506060,0.18804884796269217,1.0,0.3165675355607893
0.2513636363636364,506065,0.18804699001116457,1.0,0.31656490289057915
0.2513440860215054,506073,0.1880440173650837,1.0,0.31656069070932097
0.25130081300813006,506074,0.18804364579093177,1.0,0.31656016419454525
0.25125448028673836,506076,0.18804290264703324,1.0,0.31655911117024815
0.2511111111111111,506098,0.18803472845180183,1.0,0.3165475283653382
0.2511025641025641,506099,0.18803435691435866,1.0,0.31654700189434576
0.2510576923076923,506101,0.188033613843877,1.0,0.3165459489576144
0.25104166666666666,506114,0.18802878402889467,1.0,0.3165391050395989
0.250982905982906,506116,0.18802804100245793,1.0,0.3165380521554018
0.25096153846153846,506123,0.1880254404561737,1.0,0.3165343671158698
0.2509523809523809,506127,0.18802395446202239,1.0,0.31653226141751667
0.25093240093240093,506129,0.18802321147375473,1.0,0.3165312085788459
0.25089285714285714,506131,0.18802246849135895,1.0,0.316530155747179
0.2508080808080808,506138,0.18801986809921406,1.0,0.3165264708914988
0.25078853046594984,506139,0.18801949662049358,1.0,0.31652594449054805
0.25077922077922077,506140,0.188019125143241,1.0,0.31652541809134815
0.2507692307692308,506143,0.1880180107202905,1.0,0.31652383890425356
0.25075757575757573,506153,0.18801429607253142,1.0,0.3165185750610742
0.2507142857142857,506168,0.18800872437609648,1.0,0.3165106796245668
0.25069444444444444,506170,0.18800798150818895,1.0,0.31650962692946016
0.25065040650406506,506171,0.18800761007643663,1.0,0.31650910058453274
0.2506493506493507,506178,0.18800501009526294,1.0,0.31650541621905676
0.2506493506493506,506183,0.18800315300987983,1.0,0.31650278458194686
0.25064102564102564,506185,0.1880024101859992,1.0,0.3165017319393564
0.2505434782608696,506186,0.18800203877626012,1.0,0.3165012056206868
0.2505050505050505,506187,0.1880016673679885,1.0,0.3165006793037677
0.25049019607843137,506194,0.18799906755117604,1.0,0.3164969951343459
0.25047619047619046,506195,0.18799869615464396,1.0,0.3164964688314301
0.25046153846153846,506197,0.18799795336598202,1.0,0.3164954162308497
0.2503968253968254,506199,0.1879972105831896,1.0,0.3164943636372707
0.2503885003885004,506201,0.1879964678062667,1.0,0.316493311050693
0.2503450655624569,506203,0.18799572503521314,1.0,0.3164922584711166
0.2503448275862069,506213,0.18799201126798404,1.0,0.3164869956782518
0.2503171247357294,506215,0.18799126853214543,1.0,0.3164859431406817
0.25030303030303025,506220,0.18798941171822528,1.0,0.3164833118273848
0.2502857142857143,506221,0.18798904035984285,1.0,0.316482785569976
0.25023809523809526,506237,0.1879830988252538,1.0,0.3164743656894485
0.2501240694789082,506239,0.18798235615983755,1.0,0.31647331323588346
0.2500417972831766,506240,0.18798198482932996,1.0,0.3164727870117259
0.25,536473,0.1773882376186686,1.0,0.30132496987985186
0.24996534996534997,536474,0.17738790696287238,1.0,0.3013244928265874
0.2497979797979798,536476,0.17738724565497804,1.0,0.30132353872458995
0.24979220779220782,536477,0.1773869150028799,1.0,0.301323061675857
0.2497844827586207,536480,0.17738592305398151,1.0,0.3013216305387212
0.24977591036414565,536482,0.1773852617608792,1.0,0.30132067645484967
0.2497101449275362,536486,0.17738393918946627,1.0,0.30131876830523235
0.24968253968253967,536488,0.17738327791115552,1.0,0.30131781423948634
0.24967741935483873,536499,0.1773796409685759,1.0,0.30131256698587694
0.2495798319327731,536500,0.1773793103448276,1.0,0.3013120899718838
0.24957264957264957,536510,0.17737600417513186,1.0,0.30130731991501947
0.24956140350877193,536511,0.17737567356494088,1.0,0.30130684291763965
0.24954954954954955,536516,0.17737402053247248,1.0,0.3013044579533941
0.24951923076923077,536522,0.17737203693417977,1.0,0.3013015960461368
0.2494949494949495,536524,0.17737137574460787,1.0,0.3013006420891326
0.24945054945054945,536530,0.17736939220546846,1.0,0.30129778025436366
0.2494318181818182,536531,0.17736906161992505,1.0,0.3012973032871877
0.24940711462450596,536545,0.1773644335517058,1.0,0.3012906259052823
0.249375,536556,0.17736079738182034,1.0,0.30128537959855634
0.24928571428571428,536557,0.1773604668283146,1.0,0.301284902670641
0.24926108374384237,536559,0.1773598057249995,1.0,0.3012839488193401
0.24925213675213678,536560,0.1773594751751901,1.0,0.30128347189595456
0.24917582417582418,536571,0.17735583920860426,1.0,0.3012782258383657
0.24916666666666668,536572,0.1773555086735797,1.0,0.30127774893309867
0.24916666666666665,536574,0.17735484760722658,1.0,0.3012767951270938
0.24912280701754386,536576,0.17735418654580154,1.0,0.30127584132712826
0.2490909090909091,536589,0.17734988976665567,1.0,0.3012696417745543
0.249,536594,0.17734823721472845,1.0,0.301267257399194
0.24895104895104897,536598,0.1773469151953604,1.0,0.30126534992607973
0.24889705882352942,536601,0.17734592369376875,1.0,0.30126391933709534
0.2488888888888889,536604,0.1773449322032635,1.0,0.30126248876169737
0.2488636363636364,536609,0.17734327974372402,1.0,0.3012601044995592
0.24882352941176472,536617,0.17734063587251242,1.0,0.3012562897586347
0.24881422924901184,536619,0.1773399749170268,1.0,0.30125533608849875
0.24880636604774536,536624,0.1773383225498673,1.0,0.3012529519395747
0.24875776397515528,536632,0.17733567882645834,1.0,0.3012491373797871
0.24875,536634,0.17733501790792233,1.0,0.30124818375493434
0.24871794871794872,536637,0.1773340265393553,1.0,0.30124675332897544
0.24866666666666665,536643,0.1773320438354735,1.0,0.30124389251781003
0.24861111111111112,536644,0.17733171338913692,1.0,0.3012434157212317
0.24857142857142858,536649,0.17733006117592692,1.0,0.30124103176097994
0.24857142857142855,536666,0.17732444388129676,1.0,0.3012329265783518
0.2484775641025641,536672,0.17732246139168803,1.0,0.3012300660297926
0.24846153846153848,536675,0.17732147016350677,1.0,0.30122863577588593
0.2484162895927602,536678,0.17732047894640734,1.0,0.3012272055355611
0.24839285714285714,536679,0.17732014854317013,1.0,0.3012267287918043
0.24838709677419357,536680,0.17731981814116418,1.0,0.3012262520495565
0.2483636363636364,536692,0.1773158534131308,1.0,0.3012205312602872
0.24833333333333335,536768,0.17729074758554905,1.0,0.3011843046403727
0.2482905982905983,536769,0.17729041729310002,1.0,0.3011838280324022
0.24826923076923077,536770,0.17729008700188162,1.0,0.30118335142594005
0.24821428571428572,536776,0.17728810528041491,1.0,0.30118049181884354
0.2482051282051282,536785,0.17728513278128114,1.0,0.30117620251001265
0.24813895781637718,536794,0.17728216038182246,1.0,0.3011719133233538
0.24809523809523812,536797,0.17728116960415202,1.0,0.30117048362161586
0.24801829268292683,536798,0.17728083934738953,1.0,0.3011700070573864
0.248,536804,0.177278857832654,1.0,0.3011671477036812
0.24796747967479676,536809,0.17727720660421117,1.0,0.30116476495040134
0.24796238244514107,536811,0.17727654612144683,1.0,0.30116381185964636
0.247926267281106,536812,0.17727621588191025,1.0,0.301163335316531
0.24792609351432882,536814,0.17727555540652815,1.0,0.3011623822348246
0.24790209790209794,536833,0.17726928113584672,1.0,0.3011533282594696
0.24784482758620688,536834,0.1772689509233767,1.0,0.3011528517495309
0.24783653846153847,536836,0.17726829050212728,1.0,0.30115189873417725
0.24778225806451612,536840,0.17726696967439087,1.0,0.301149992721565
0.24777777777777774,536853,0.17726267712018,1.0,0.30114379834719635
0.24771428571428572,536857,0.1772613563760927,1.0,0.30114189243711836
0.2476923076923077,536860,0.1772603658309429,1.0,0.30114046302039166
0.24764705882352941,536863,0.17725937529686345,1.0,0.3011390336172347
0.24761904761904763,536871,0.177256733926772,1.0,0.30113522194182285
0.2476190476190476,536886,0.17725178157001673,1.0,0.30112807531049757
0.24755244755244757,536892,0.17724980070479723,1.0,0.3011252167529459
0.24750000000000003,536894,0.17724914042622938,1.0,0.3011242639124891
0.2475,536896,0.17724848015258077,1.0,0.3011233110780622
0.2474747474747475,536909,0.1772441884937671,1.0,0.3011171178012666
0.24746642246642248,536912,0.1772431981404774,1.0,0.30111568861972293
0.24744755244755245,536914,0.17724253791109937,1.0,0.3011147358395641
0.24743589743589745,536919,0.17724088735917337,1.0,0.3011123539155459
0.24738095238095234,536928,0.17723791644317302,1.0,0.3011080665472748
0.24736842105263157,536936,0.17723527571256165,1.0,0.30110425565575066
0.24732142857142858,536943,0.17723296513782655,1.0,0.30110092120479603
0.24728682170542637,536945,0.17723230498468187,1.0,0.3010999685180879
0.24727272727272726,536947,0.17723164483645498,1.0,0.3010990158374083
0.24725274725274726,536951,0.17723032455475454,1.0,0.3010971104941348
0.24722222222222223,536953,0.17722966442128082,1.0,0.3010961578315407
0.2472222222222222,536958,0.17722801410911096,1.0,0.30109377620142946
0.24721067221067222,536960,0.17722735399284864,1.0,0.30109282355993444
0.2470779220779221,536975,0.17722240327762,1.0,0.3010856789408659
0.24705882352941178,536977,0.17722174320315395,1.0,0.30108472635060846
0.24704301075268817,536979,0.17722108313360485,1.0,0.30108377376637885
0.24701149425287353,536994,0.17721613276870876,1.0,0.301076629576783
0.246985446985447,536996,0.1772154727409515,1.0,0.30107567704378635
0.24697674418604654,536998,0.17721481271811068,1.0,0.3010747245168169
0.24696969696969698,537007,0.17721184267616624,1.0,0.3010704382200386
0.24692307692307697,537009,0.17721118268036476,1.0,0.30106948572621733
0.24692307692307694,537011,0.17721052268947937,1.0,0.3010685332384229
0.2469230769230769,537013,0.17720986270350997,1.0,0.3010675807566552
0.246875,537015,0.17720920272245655,1.0,0.30106662828091413
0.24682539682539684,537016,0.17720887273377328,1.0,0.3010661520453035
0.2468253968253968,537024,0.17720623286854964,1.0,0.30106234221465766
0.24675324675324678,537026,0.177205572914533,1.0,0.3010613897720622
0.24670846394984328,537037,0.17720194325530644,1.0,0.30105615144550546
0.24666666666666667,537052,0.17719699395961658,1.0,0.3010490085666924
0.24666666666666665,537057,0.17719534425582387,1.0,0.30104662768240853
0.24665775401069517,537059,0.17719468438290764,1.0,0.3010456753392394
0.24662756598240468,537060,0.17719435444829257,1.0,0.30104519916991446
0.24656964656964658,537063,0.17719336465181926,1.0,0.3010437706709774
0.2465587044534413,537065,0.17719270479364696,1.0,0.30104281834588414
0.24654654654654654,537067,0.17719204494038918,1.0,0.3010418660268161
0.24649572649572649,537069,0.1771913850920459,1.0,0.30104091371377323
0.2464705882352941,537073,0.17719006541010254,1.0,0.30103900910576253
0.24645232815964524,537075,0.17718940557650234,1.0,0.3010380568107946
0.2464285714285714,537080,0.17718775601400163,1.0,0.30103567609973364
0.24638297872340428,537083,0.17718676629124364,1.0,0.3010342476911713
0.2463768115942029,537090,0.1771844569811391,1.0,0.30103091479057464
0.2463636363636364,537102,0.17718049830386035,1.0,0.3010252014183904
0.24636363636363634,537104,0.1771798385415115,1.0,0.3010242492107777
0.24634408602150534,537107,0.17717884890720098,1.0,0.3010228209106538
0.24625000000000002,537109,0.1771781891571357,1.0,0.30102186871810116
0.2462222222222222,537112,0.17717719954125025,1.0,0.3010204404405671
0.246218487394958,537114,0.17717653980346817,1.0,0.3010194882630742
0.24615384615384617,537132,0.1771706023845163,1.0,0.3010109189367005
0.24611111111111109,537133,0.17717027253957585,1.0,0.3010104428773187
0.2460591133004926,537140,0.17716796365938117,1.0,0.3010071105038083
0.24604166666666663,537142,0.17716730399037872,1.0,0.301006158410643
0.2460410557184751,537149,0.17716499518755505,1.0,0.30100282613199475
0.24603174603174602,537151,0.17716433554065802,1.0,0.3010018740659323
0.24602272727272728,537153,0.17716367589867318,1.0,0.3010009220058926
0.24602272727272725,537155,0.17716301626160047,1.0,0.30099996995187556
0.245906432748538,537159,0.17716169700219117,1.0,0.3009980658619092
0.24584304584304587,537160,0.1771613671904088,1.0,0.30099758984318165
0.24583333333333335,537180,0.1771547712126289,1.0,0.30098806978480064
0.24578947368421053,537183,0.1771537818583239,1.0,0.3009866418279837
0.2457692307692308,537186,0.17715279251506927,1.0,0.3009852138847157
0.24575757575757573,537190,0.17715147340791898,1.0,0.30098330998143447
0.24573863636363638,537198,0.1771488352525512,1.0,0.3009795022471306
0.24571428571428572,537205,0.17714652693105984,1.0,0.30097617055864534
0.2456521739130435,537207,0.1771458674216829,1.0,0.3009752186611973
0.2455808080808081,537210,0.1771448781668249,1.0,0.3009737908263148
0.24545454545454548,537685,0.17698838539293452,1.0,0.3007478877267721
0.24545454545454545,537687,0.17698772706053895,1.0,0.3007469372727546
0.2453968253968254,537689,0.17698706873304085,1.0,0.30074598682474446
0.24539170506912442,537691,0.1769864104104402,1.0,0.3007450363827417
0.2453846153846154,537706,0.17698147314703574,1.0,0.30073790825920016
0.24533333333333335,537719,0.1769771944082318,1.0,0.3007317308254448
0.24532019704433497,537721,0.1769765361590862,1.0,0.30073078047354573
0.24523809523809526,537724,0.17697554879454888,1.0,0.30072935495695924
0.2452380952380952,537730,0.1769735740985253,1.0,0.300726503964329
0.2451885369532428,537732,0.17697291587631014,1.0,0.3007255536454647
0.2451871657754011,537737,0.17697127034219332,1.0,0.30072317787458075
0.2451655982905983,537739,0.17697061213711485,1.0,0.30072222757673767
0.2450892857142857,537743,0.1769692957416461,1.0,0.3007203269990694
0.24505494505494507,537752,0.17696633392344427,1.0,0.3007160507871503
0.24505494505494504,537762,0.17696304313060424,1.0,0.30071129958320564
0.245,537776,0.17695843622623547,1.0,0.3007046481499036
0.24499999999999997,537780,0.17695712001190078,1.0,0.3007027477944337
0.24495726495726497,537782,0.1769564619120759,1.0,0.30070179762570587
0.24494949494949497,537784,0.17695580381714593,1.0,0.30070084746298276
0.24494949494949494,537786,0.1769551457271108,1.0,0.30069989730626434
0.24493506493506495,537790,0.17695382956172484,1.0,0.30069799701084127
0.24491228070175436,537791,0.17695350052343756,1.0,0.30069752194073834
0.24488636363636365,537793,0.17695284245053394,1.0,0.30069657180503573
0.2448717948717949,537807,0.1769482360772545,1.0,0.30068992102323805
0.24483695652173912,537811,0.17694692001465198,1.0,0.30068802085390417
0.24480769230769234,537813,0.17694626199069194,1.0,0.30068707077824314
0.2447596153846154,537814,0.17694593298054717,1.0,0.30068659574266404
0.24473026973026973,537815,0.17694560397162593,1.0,0.3006861207085859
0.24469696969696972,537864,0.1769294840331385,1.0,0.30066284587727554
0.2446825396825397,537865,0.17692915508538387,1.0,0.30066237091823594
0.24464285714285713,537878,0.1769248788758789,1.0,0.3006561965872723
0.24460736396220267,537880,0.17692422101583996,1.0,0.30065524671270877
0.24456043956043957,537882,0.17692356316069324,1.0,0.30065429684414724
0.2445378151260504,537885,0.17692257638714595,1.0,0.3006528720525583
0.2444755244755245,537886,0.17692224746507623,1.0,0.3006523971250296
0.2444717444717445,537887,0.17692191854422956,1.0,0.30065192219900133
0.24446428571428572,537888,0.17692158962460586,1.0,0.30065144727447346
0.24444444444444446,538227,0.17681015630951252,1.0,0.30049053428293104
0.24444444444444444,538245,0.17680424342074705,1.0,0.30048199504585504
0.24440559440559442,538260,0.17679931631553525,1.0,0.30047487938568795
0.24439102564102563,538261,0.17679898785161846,1.0,0.300474405020326
0.2443609022556391,538262,0.1767986593889221,1.0,0.30047393065646183
0.24429347826086958,538263,0.17679833092744626,1.0,0.30047345629409544
0.24428571428571427,538269,0.17679636018422015,1.0,0.30047061015134985
0.24426877470355732,538271,0.17679570327957478,1.0,0.30046966144908316
0.24416253101736973,538273,0.176795046379811,1.0,0.30046871275280734
0.24411764705882355,538282,0.17679209039128188,1.0,0.3004644436937008
0.24410256410256412,538284,0.17679143351836576,1.0,0.30046349503037345
0.24405594405594408,538286,0.17679077665033086,1.0,0.3004625463730365
0.24404761904761904,538299,0.17678650712707994,1.0,0.30045638024636007
0.24399999999999997,538301,0.17678585029565244,1.0,0.3004554316339498
0.24393939393939393,538304,0.17678486505766258,1.0,0.30045400872656547
0.24390243902439024,538305,0.17678453664743965,1.0,0.30045353442709904
0.24389233954451345,538307,0.17678387983065424,1.0,0.3004525858326585
0.24385281385281385,538309,0.17678322301874946,1.0,0.30045163724420776
0.24381270903010036,538322,0.17677895386032894,1.0,0.3004454715652753
0.2438095238095238,538323,0.17677862547206788,1.0,0.30044499729276214
0.24380952380952378,538325,0.17677796869920587,1.0,0.30044404875222774
0.24375,538334,0.1767750132817173,1.0,0.3004397803939397
0.2436807095343681,538335,0.17677468490809625,1.0,0.30043930613939407
0.24367816091954023,538346,0.17677107287878055,1.0,0.3004340894382093
0.24362745098039218,538347,0.17677074451979857,1.0,0.3004336152016303
0.24362637362637363,538348,0.17677041616203645,1.0,0.3004331409665484
0.2436218953460333,538350,0.17676975945017182,1.0,0.30043219250087605
0.2436111111111111,538352,0.1767691027431866,1.0,0.3004312440411923
0.24360902255639097,538353,0.17676877439152378,1.0,0.3004307698135961
0.24352357320099258,538355,0.1767681176918576,1.0,0.3004298213628952
0.243482905982906,538357,0.17676746099707072,1.0,0.3004288729181827
0.24344444444444446,538359,0.17676680430716307,1.0,0.30042792447945854
0.24333333333333335,538380,0.17675990935770275,1.0,0.3004179662343894
0.24333333333333332,538382,0.17675925272390236,1.0,0.3004170178645276
0.2432867132867133,538383,0.17675892440883162,1.0,0.30041654368184206
0.2432692307692308,538390,0.17675662623748584,1.0,0.30041322444495655
0.24325000000000002,538393,0.17675564132520297,1.0,0.3004118019373158
0.24313131313131314,538395,0.1767549847231122,1.0,0.3004108536063729
0.24305555555555555,538401,0.17675301494610893,1.0,0.30040800864946765
0.24302197802197803,538403,0.17675235836353068,1.0,0.30040706034247366
0.24301075268817204,538421,0.17674644933982886,1.0,0.30039852584893895
0.24294871794871797,538425,0.17674513627710453,1.0,0.30039662936067385
0.242911877394636,538426,0.17674480801447182,1.0,0.30039615524234914
0.24285714285714285,538449,0.1767372583104435,1.0,0.3003852509339297
0.24285714285714283,538452,0.17673627361398975,1.0,0.3003838286911947
0.24278846153846156,538456,0.17673496070245293,1.0,0.3003819323884978
0.2427692307692308,538463,0.1767326631542,1.0,0.3003786139163893
0.2427536231884058,538465,0.17673200672281392,1.0,0.30037766579496833
0.24275,538470,0.1767303656656824,1.0,0.3003752955176016
0.24270833333333333,538474,0.17672905284191995,1.0,0.3003733993226417
0.24269230769230768,538475,0.1767287246390269,1.0,0.30037292527764237
0.24265873015873016,538478,0.1767277400376617,1.0,0.3003715031516219
0.24265734265734265,538479,0.17672741183964463,1.0,0.30037102911260755
0.24265251989389922,538480,0.17672708364284653,1.0,0.3003705550750895
0.24264957264957265,538481,0.1767267554472674,1.0,0.30037008103906765
0.24261904761904762,538486,0.17672511448765613,1.0,0.3003677108814014
0.24252747252747253,538490,0.17672380174190794,1.0,0.30036581478219976
0.2425,538492,0.17672314537634728,1.0,0.30036486674157586
0.24243421052631578,538493,0.1767228171953953,1.0,0.3003643927235082
0.24242424242424243,538498,0.1767211763089185,1.0,0.30036202265561135
0.24241071428571426,538503,0.176719535452913,1.0,0.300359652625117
0.24238095238095236,538506,0.17671855095393552,1.0,0.3003582306247731
0.24230769230769234,538537,0.17670837844010717,1.0,0.3003435374095985
0.24222222222222223,538538,0.17670805031399828,1.0,0.3003430634588497
0.2422222222222222,538539,0.17670772218910794,1.0,0.30034258950959675
0.24220779220779223,538544,0.17670608158293472,1.0,0.30034021978576886
0.24215686274509804,538550,0.17670411289573856,1.0,0.3003373761665357
0.24204301075268814,538551,0.17670378478547064,1.0,0.3003369022352319
0.24202797202797205,538552,0.1767034566764212,1.0,0.3003364283054239
0.24200000000000002,538558,0.1767014880477126,1.0,0.30033358475798533
0.24196428571428572,538560,0.17670083184789068,1.0,0.30033263692080464
0.24191919191919192,538561,0.17670050374980736,1.0,0.3003321630044578
0.2419047619047619,538568,0.1766982070973396,1.0,0.3003288456319075
0.24188596491228073,538569,0.1766978790090035,1.0,0.30032837172752563
0.24188034188034188,538578,0.17669492626880415,1.0,0.3003241066553897
0.24185724185724186,538579,0.1766945981926514,1.0,0.3003236327659635
0.24182692307692308,538585,0.17669262976131903,1.0,0.3003207894608118
0.24171480693219827,538588,0.1766916455620994,1.0,0.30031936782842494
0.24170846394984327,538589,0.17669131749812936,1.0,0.30031889395395367
0.24166666666666667,539087,0.17652809286812704,1.0,0.30008309013308615
0.2416305916305916,539089,0.17652743795551384,1.0,0.3000821438763396
0.24161490683229817,539091,0.17652678304776004,1.0,0.30008119762556074
0.2415948275862069,539093,0.17652612814486554,1.0,0.30008025138074945
0.24157706093189965,539096,0.17652514579963494,1.0,0.30007883202472174
0.24157706093189962,539097,0.17652481835365436,1.0,0.30007835890902956
0.24153846153846154,539099,0.17652416346533753,1.0,0.3000774126821208
0.24148351648351649,539107,0.17652154396066086,1.0,0.3000736278341592
0.2414565826330532,539109,0.17652088909663907,1.0,0.3000726816370869
0.24144144144144145,539111,0.17652023423747615,1.0,0.30007173544598165
0.2413793103448276,539116,0.17651859711082588,1.0,0.30006936999432426
0.24131944444444445,539117,0.17651826968913983,1.0,0.300068896908468
0.24125000000000002,539119,0.17651761484941172,1.0,0.30006795074123066
0.24124860646599777,539121,0.1765169600145422,1.0,0.3000670045799601
0.24124031007751937,539123,0.17651630518453118,1.0,0.3000660584246564
0.2412280701754386,539125,0.17651565035937863,1.0,0.30006511227531935
0.24111405835543767,539127,0.17651499553908448,1.0,0.30006416613194886
0.2411111111111111,539167,0.17650190015338477,1.0,0.30004524451745224
0.24110599078341016,539169,0.17650124543510476,1.0,0.30004429849936864
0.2410714285714286,539170,0.17650091807778623,1.0,0.30004382549256386
0.24103535353535355,539174,0.176499608660655,1.0,0.3000419334802582
0.24097222222222223,539178,0.17649829926295213,1.0,0.30004004149181357
0.2409722222222222,539179,0.17649797191656202,1.0,0.30003956849843066
0.24095238095238095,539203,0.17649011596745567,1.0,0.3000282171046098
0.2409090909090909,539212,0.17648717016683604,1.0,0.30002396055336267
0.24083333333333334,539214,0.17648651555783046,1.0,0.3000230146694873
0.24078947368421053,539216,0.1764858609536809,1.0,0.30002206879157606
0.2407692307692308,539224,0.17648324258564158,1.0,0.30001828533957137
0.24076576576576578,539226,0.17648258800577124,1.0,0.30001733949148
0.24075630252100838,539228,0.17648193343075658,1.0,0.30001639364935245
0.2407051282051282,539230,0.17648127886059753,1.0,0.3000154478131886
0.2406713286713287,539232,0.17648062429529404,1.0,0.3000145019829885
0.24066666666666667,539235,0.17647964245644293,1.0,0.30001308324887016
0.2405714285714286,539237,0.17647898790327815,1.0,0.3000121374335791
0.24054054054054055,539239,0.17647833335496876,1.0,0.30001119162425144
0.24053030303030304,539240,0.1764780060826348,1.0,0.30001071872182394
0.24047619047619048,539242,0.1764773515416084,1.0,0.30000977292144143
0.24047619047619045,539246,0.17647604247412127,1.0,0.30000788133856654
0.2404466501240695,539250,0.17647473342605471,1.0,0.30000598977954457
0.2404040404040404,539254,0.17647342439740826,1.0,0.3000040982443752
0.24040209790209793,539256,0.17647276989036748,1.0,0.300003152485735
0.2403726708074534,539259,0.17647178813890912,1.0,0.3000017338589553
0.24031620553359684,539261,0.1764711336440054,1.0,0.3000007881152224
0.24030769230769233,539263,0.17647047915395642,1.0,0.2999998423774524
0.24030303030303032,539264,0.17647015191075244,1.0,0.2999993695108034
0.24027777777777778,539266,0.17646949742798546,1.0,0.29999842378197755
0.24017857142857144,539272,0.17646753400881188,1.0,0.2999955866312756
0.24014423076923078,539275,0.17646655231560893,1.0,0.29999416807604834
0.24012987012987014,539277,0.17646589785954156,1.0,0.2999932223800164
0.24010989010989015,539283,0.17646393452046513,1.0,0.29999038532769484
0.24000000000000002,539785,0.17629982307770686,1.0,0.2997532085254091
0.24,539789,0.17629851664261406,1.0,0.299751320176454
0.23999999999999996,539790,0.1762981900368662,1.0,0.2997508480929327
0.23991228070175438,539794,0.17629688362597584,1.0,0.29974895977371735
0.23986013986013988,539799,0.17629525063958992,1.0,0.2997465994081545
0.23979220779220778,539800,0.17629492404594294,1.0,0.29974612733950273
0.23977272727272728,539801,0.176294597453506,1.0,0.2997456552723379
0.2396825396825397,539805,0.1762932910958587,1.0,0.2997437670185474
0.23967741935483872,539807,0.17629263792429517,1.0,0.2997428229005734
0.23959276018099548,539809,0.17629198475757166,1.0,0.2997418787885469
0.23958333333333334,539811,0.17629133159568813,1.0,0.2997409346824678
0.23958333333333331,539812,0.1762910050165613,1.0,0.2997404626316585
0.23947368421052634,539820,0.17628839242710534,1.0,0.2997366862787094
0.23944444444444446,539821,0.17628806585886803,1.0,0.2997362142412813
0.23943965517241378,539831,0.17628480024303902,1.0,0.29973149394877124
0.23939393939393938,539837,0.17628284093161453,1.0,0.299728661844627
0.23936781609195404,539843,0.17628088166374298,1.0,0.2997258297940023
0.23936507936507934,539844,0.17628055512333193,1.0,0.299725357790768
0.23934065934065935,539846,0.17627990204613908,1.0,0.2997244137887592
0.23930610452349585,539847,0.17627957550935727,1.0,0.2997239417899847
0.2392857142857143,539851,0.17627826937432736,1.0,0.29972205380975253
0.23928571428571427,539866,0.1762733715403452,1.0,0.299714974095712
0.2391666666666667,539868,0.17627271851637807,1.0,0.2997140301591101
0.2391304347826087,539873,0.17627108597762808,1.0,0.29971167034361784
0.2391025641025641,539881,0.1762684739785249,1.0,0.29970789471612247
0.23904761904761906,539883,0.17626782099084431,1.0,0.2997069508241122
0.23896103896103896,539885,0.1762671680080017,1.0,0.29970600693804733
0.23891625615763548,539889,0.1762658620568302,1.0,0.29970411918375317
0.23891402714932128,539891,0.17626520908850118,1.0,0.2997031753155239
0.2388888888888889,539892,0.17626488260615086,1.0,0.29970270338363864
0.23888888888888887,539896,0.17626357668884376,1.0,0.2997008156709602
0.2388773388773389,539898,0.1762629237374467,1.0,0.2996998718235385
0.2388095238095238,539900,0.1762622707908872,1.0,0.29969892798206166
0.2387626262626263,539902,0.17626161784916522,1.0,0.29969798414652965
0.23875,539913,0.17625802675616256,1.0,0.29969279315736513
0.23874999999999996,539914,0.1762577003004182,1.0,0.29969232125817613
0.23870967741935484,539925,0.17625410936704172,1.0,0.29968713046517886
0.2386743691091517,539927,0.1762534564857842,1.0,0.29968618670395264
0.2386666666666667,539930,0.17625247717296685,1.0,0.29968477107325847
0.23866396761133604,539932,0.1762518243038012,1.0,0.2996838273268923
0.23863636363636365,539935,0.17625084500912147,1.0,0.29968241171848803
0.2386100386100386,539937,0.17625019215204737,1.0,0.2996814679869816
0.2385714285714286,539938,0.17624986572532403,1.0,0.2996809961234574
0.23857142857142857,539939,0.1762495392998098,1.0,0.299680524261419
0.2384920634920635,539940,0.17624921287550468,1.0,0.29968005240086665
0.23846153846153847,540207,0.17616210082431363,1.0,0.2995541187747001
0.23833333333333334,540214,0.1761598181461421,1.0,0.29955081856784466
0.23828571428571427,540222,0.17615720944352506,1.0,0.29954704699190726
0.23826923076923076,540223,0.1761568833611305,1.0,0.299546575551593
0.23825396825396822,540225,0.176156231199963,1.0,0.2995456326754162
0.2382488479262673,540227,0.17615557904362425,1.0,0.29954468980517507
0.23820512820512824,540228,0.17615525296726567,1.0,0.2995442183722804
0.23818181818181816,540230,0.17615460081817003,1.0,0.2995432755109428
0.2381226053639847,540232,0.17615394867390308,1.0,0.2995423326555408
0.2381118881118881,540234,0.17615329653446468,1.0,0.29954138980607425
0.2381048387096774,540237,0.17615231833436065,1.0,0.29953997554300354
0.2380952380952381,540239,0.17615166620699357,1.0,0.2995390327083756
0.23809523809523808,540241,0.1761510140844549,1.0,0.29953808987968306
0.2380863039399625,540243,0.1761503619667446,1.0,0.29953714705692575
0.23805194805194807,540244,0.17615003590970005,1.0,0.29953667564777275
0.23801169590643273,540245,0.1761497098538626,1.0,0.29953620424010363
0.23798319327731093,540246,0.1761493837992322,1.0,0.2995357328339182
0.2379140239605356,540248,0.17614873169359258,1.0,0.29953479002599886
0.23788461538461542,540250,0.17614807959278111,1.0,0.29953384722401455
0.23784907902554958,540252,0.1761474274967978,1.0,0.2995329044279653
0.23780108780108783,540254,0.17614677540564253,1.0,0.299531961637851
0.23777777777777778,540256,0.17614612331931528,1.0,0.29953101885367156
0.23766233766233769,540257,0.17614579727796215,1.0,0.2995305474638075
0.23764705882352938,540259,0.17614514519887683,1.0,0.2995296046885303
0.23761904761904762,540261,0.17614449312461938,1.0,0.2995286619191879
0.23752136752136752,540263,0.1761438410551898,1.0,0.29952771915578025
0.23750000000000002,540303,0.176130800680359,1.0,0.29950886513383074
0.2375,540314,0.1761272149157712,1.0,0.29950368069390293
0.2374825174825175,540318,0.17612591103757416,1.0,0.2995017954875197
0.2373949579831933,540326,0.1761233033390953,1.0,0.2994980251459504
0.23736263736263735,540334,0.1761206957178338,1.0,0.2994942548993073
0.23732447817836813,540336,0.1761200438245832,1.0,0.2994933123524784
0.2373015873015873,540340,0.1761187400525595,1.0,0.29949142727661826
0.2372747252747253,540342,0.17611808817378624,1.0,0.299490484747587
0.2372727272727273,540343,0.17611776223620923,1.0,0.29949001348529597
0.23727272727272727,540348,0.17611613256642017,1.0,0.29948765719608755
0.23722222222222222,540350,0.1761154807069492,1.0,0.29948671469078575
0.2371657754010695,540351,0.17611515477902326,1.0,0.2994862434403594
0.23714285714285716,540361,0.1761118955661123,1.0,0.29948153101766256
0.23713286713286713,540365,0.1761105919147243,1.0,0.29947964609010763
0.23709401709401712,540366,0.176110266004893,1.0,0.29947917486192627
0.23701149425287357,540368,0.17610961418884907,1.0,0.2994782324100124
0.23697691197691198,540372,0.1761083105712361,1.0,0.2994763475239798
0.23695014662756597,540375,0.17610733287069166,1.0,0.2994749338750258
0.2369318181818182,540379,0.17610602928685237,1.0,0.2994730490305141
0.23690476190476192,540387,0.1761034221770694,1.0,0.2994692794126671
0.2369047619047619,540397,0.17610016339839044,1.0,0.2994645675238096
0.23688963210702343,540399,0.17609951165712742,1.0,0.2994636251638311
0.23684210526315788,540401,0.17609885992068852,1.0,0.29946268280978344
0.2367909867909868,540403,0.1760982081890737,1.0,0.2994617404616665
0.23675213675213677,540407,0.17609690474031608,1.0,0.29945985578322487
0.2366795366795367,540409,0.1760962530231732,1.0,0.2994589134529
0.23666666666666666,540411,0.17609560131085414,1.0,0.2994579711285057
0.23666666666666664,540587,0.17603826951073556,1.0,0.2993750697993397
0.23664772727272726,540590,0.1760372925877282,1.0,0.299373657106365
0.23660745384883317,540592,0.17603664131174712,1.0,0.2993727153184555
0.23658536585365855,540593,0.1760363156755637,1.0,0.2993722444267228
0.23653846153846153,540594,0.17603599004058498,1.0,0.29937177353647143
0.2365079365079365,540608,0.17603143127737658,1.0,0.2993651812284907
0.23645833333333333,540611,0.17603045443026502,1.0,0.2993637686288388
0.2364182364182364,540613,0.17602980320488038,1.0,0.2993628269031437
0.2363970588235294,540615,0.17602915198431415,1.0,0.2993618851833734
0.23638583638583638,540617,0.1760285007685663,1.0,0.2993609434695281
0.2363636363636364,541045,0.17588925135617187,1.0,0.2991595529142153
0.23636363636363636,541048,0.17588827608641008,1.0,0.2991581422544687
0.23636363636363633,541049,0.1758879509988929,1.0,0.2991576720375095
0.2363440860215054,541051,0.1758873008274636,1.0,0.29915673160802564
0.2362403100775194,541052,0.17588697574355144,1.0,0.2991562613955009
0.2362162162162162,541053,0.175886650660841,1.0,0.2991557911844544
0.23614864864864865,541055,0.17588600049902506,1.0,0.2991548507667957
0.2361111111111111,541058,0.17588502526531352,1.0,0.2991534401513937
0.2360215053763441,541060,0.175884375115514,1.0,0.29915249974851627
0.23600000000000002,541084,0.17587657369280926,1.0,0.29914121537513677
0.236,541086,0.1758759236054897,1.0,0.29914027504911594
0.23593406593406593,541087,0.1758755985636321,1.0,0.2991398048883224
0.23589285714285713,541089,0.1758749484835212,1.0,0.29913886457116906
0.23585858585858585,541095,0.17587299827202246,1.0,0.29913604365517815
0.23584615384615387,541096,0.17587267324097758,1.0,0.29913557350768555
0.23578947368421055,541098,0.1758720231824919,1.0,0.2991346332171338
0.2357894736842105,541100,0.17587137312881168,1.0,0.2991336929324934
0.23575000000000002,541101,0.1758710481037736,1.0,0.29913322279238996
0.23574660633484165,541102,0.17587072307993687,1.0,0.2991327526537643
0.2357142857142857,541272,0.17581548648369028,1.0,0.2990528505615647
0.23566433566433567,541274,0.1758148368478811,1.0,0.29905191079099613
0.23563899868247695,541276,0.17581418721687272,1.0,0.299050971026334
0.23563762626262627,541278,0.17581353759066506,1.0,0.2990500312675782
0.23560606060606062,541291,0.1758093151373291,1.0,0.2990439229796294
0.23559735283873215,541295,0.17580801596172144,1.0,0.29904204355661557
0.23555555555555557,541297,0.17580736638111794,1.0,0.2990411038539675
0.23541666666666666,541303,0.17580541766810825,1.0,0.2990382847814576
0.23538461538461541,541305,0.1758047681067051,1.0,0.2990373451024323
0.23534798534798534,541307,0.1758041185501019,1.0,0.2990364054293126
0.23529411764705882,541337,0.17579437577701137,1.0,0.2990223110411453
0.23526570048309178,541341,0.17579307682218787,1.0,0.29902043188977306
0.23525252525252527,541342,0.17579275208648137,1.0,0.2990199621056203
0.23516483516483516,541345,0.17579177788656034,1.0,0.2990185527620191
0.23513409961685822,541347,0.1757911284259449,1.0,0.2990176132069988
0.23507936507936508,541349,0.17579047897012834,1.0,0.29901667365788287
0.23500000000000001,541354,0.1757888553515814,1.0,0.29901432481092444
0.235,541364,0.17578560820446132,1.0,0.2990096272277103
0.23497536945812808,541368,0.1757843093792023,1.0,0.29900774823575244
0.23496503496503496,541370,0.17578365997377024,1.0,0.2990068087486293
0.23495726495726496,541373,0.1757826858746188,1.0,0.299005399529014
0.23488372093023258,541375,0.17578203648118218,1.0,0.2990044600566501
0.2348611111111111,541377,0.17578138709254365,1.0,0.2990035205901898
0.23480963480963482,541378,0.17578106240002364,1.0,0.2990030508591735
0.23480392156862745,541381,0.17578008832966063,1.0,0.29900164167497983
0.23474747474747473,541382,0.1757797636419386,1.0,0.299001171949867
0.23472222222222222,541388,0.17577781554079513,1.0,0.29899835363018257
0.23471014492753625,541391,0.17577684150641587,1.0,0.298996944490264
0.23461538461538461,541437,0.17576190766423425,1.0,0.29897533934128284
0.23460925039872407,541438,0.1757615830436726,1.0,0.29897486969880716
0.23460925039872405,541440,0.17576093380614657,1.0,0.298973930418282
0.23456043956043957,541443,0.17575995995885071,1.0,0.29897252150856024
0.23453947368421052,541445,0.1757593107333155,1.0,0.2989715822427895
0.23446455505279035,541447,0.1757586615125765,1.0,0.2989706429829205
0.23442028985507246,541456,0.17575574007860287,1.0,0.29896641638654137
0.23439560439560442,541457,0.17575541548082305,1.0,0.29896594677209837
0.23437908496732027,541459,0.17575476628886028,1.0,0.29896500754763805
0.23434343434343435,541461,0.1757541171016934,1.0,0.2989640683290791
0.23432539682539683,541463,0.17575346791932228,1.0,0.2989631291164214
0.23428990364474236,541465,0.17575281874174692,1.0,0.2989621899096648
0.2342857142857143,541483,0.17574697635936862,1.0,0.2989537373143987
0.23428571428571426,541497,0.1757424325527196,1.0,0.29894716340407224
0.23424242424242422,541498,0.17574210800409235,1.0,0.29894669385011197
0.23422222222222222,541502,0.17574080982157037,1.0,0.2989448156490216
0.23416666666666666,541503,0.1757404852789366,1.0,0.2989443461024366
0.23410256410256408,541505,0.17573983619726502,1.0,0.29894340701369154
0.2340909090909091,541509,0.17573853804830575,1.0,0.2989415288539014
0.23404761904761906,541512,0.17573756444917193,1.0,0.2989401202495461
0.23392857142857143,541513,0.17573723991852458,1.0,0.29893965071771084
0.23384615384615387,541521,0.17573464371649483,1.0,0.2989358945161265
0.23383838383838382,541523,0.17573399467797304,1.0,0.29893495548047944
0.23382395382395382,541525,0.17573334564424542,1.0,0.29893401645073187
0.2338095238095238,541527,0.17573269661531188,1.0,0.2989330774268837
0.23376068376068376,541532,0.1757310740639519,1.0,0.29893072989307296
0.23375,541538,0.17572912704186963,1.0,0.2989279129011688
0.2336666666666667,541540,0.17572847804409647,1.0,0.2989269739156657
0.2336405529953917,541544,0.17572718006293117,1.0,0.29892509596235634
0.23363636363636361,541549,0.1757255576134385,1.0,0.2989227485539011
0.23333333333333336,541551,0.17572490864203003,1.0,0.2989218096008418
0.23333333333333334,541967,0.17559002669904256,1.0,0.29872663549568296
0.2333333333333333,541974,0.17558775882237893,1.0,0.29872335349641677
0.23327706775982637,541976,0.17558711086837794,1.0,0.2987224157955865
0.2330721003134796,541978,0.17558646291915908,1.0,0.2987214781006432
0.2330357142857143,541989,0.1755828992839338,1.0,0.298716320883681
0.23303571428571426,541999,0.17557965974106962,1.0,0.29871163265914685
0.233030303030303,542001,0.1755790118468416,1.0,0.29871069503189907
0.2329365079365079,542006,0.17557739213219042,1.0,0.29870835098953186
0.23285714285714285,542008,0.17557674425469735,1.0,0.29870741338288564
0.23272727272727273,542010,0.17557609638198557,1.0,0.29870647578212545
0.23265765765765767,542013,0.17557512458188274,1.0,0.29870506939202135
0.2325672877846791,542016,0.1755741527925375,1.0,0.29870366301516055
0.2325670498084291,542021,0.1755725331675341,1.0,0.2987013190831548
0.2325,542023,0.17557188532589946,1.0,0.29870038152065254
0.23246753246753246,542031,0.17556929400716934,1.0,0.2986966313294988
0.23243243243243245,542041,0.17556605496632174,1.0,0.2986919437229777
0.23241758241758242,542042,0.17556573106881015,1.0,0.2986914749704177
0.23238636363636364,542054,0.17556184439188716,1.0,0.29868585005445547
0.23233333333333334,542067,0.17555763401941088,1.0,0.2986797566345642
0.23230769230769233,542081,0.17555309999797078,1.0,0.2986731947681033
0.2323015873015873,542083,0.17555245229974006,1.0,0.29867225738214537
0.23222222222222225,542084,0.17555212845241697,1.0,0.29867178869137295
0.23222222222222222,542087,0.17555115691761655,1.0,0.29867038262788137
0.23221198156682027,542090,0.17555018539356934,1.0,0.2986689765776284
0.2321978021978022,542092,0.17554953771684512,1.0,0.29866803921814783
0.23214285714285715,542124,0.17553917553917553,1.0,0.2986530422666047
0.2320833333333333,542125,0.17553885174083467,1.0,0.2986525736361368
0.23205837173579108,542127,0.1755382041477366,1.0,0.29865163637961306
0.23205128205128206,542128,0.17553788035297938,1.0,0.2986511677535572
0.23203463203463204,542133,0.17553626139711104,1.0,0.29864882464533804
0.23202020202020202,542135,0.17553561382312524,1.0,0.29864788741234494
0.23194444444444445,542159,0.17552784330795948,1.0,0.29863664107524757
0.23193277310924368,542166,0.17552557703729116,1.0,0.2986333610531436
0.23193212917350844,542167,0.17552525328911572,1.0,0.29863289248443897
0.23189964157706092,542171,0.1755239583083566,1.0,0.29863101822432475
0.23181818181818184,542175,0.1755226633467054,1.0,0.2986291439877365
0.2318181818181818,542177,0.17552201587304514,1.0,0.2986282068782645
0.23179347826086957,542193,0.17551683625572445,1.0,0.29862071021421277
0.23162337662337662,542194,0.17551651253979203,1.0,0.2986202416852068
0.23160714285714284,542198,0.17551521768800327,1.0,0.2986183675838848
0.2315972222222222,542200,0.17551457026927333,1.0,0.29861743054204504
0.23157894736842105,542231,0.1755045358896854,1.0,0.29860290714549065
0.23153846153846153,542233,0.1755038885497563,1.0,0.2986019702006755
0.23142857142857143,542237,0.17550259388422407,1.0,0.2986000963286848
0.23141025641025642,542254,0.17549709176880207,1.0,0.2985921326350997
0.23136363636363638,542261,0.17549482629213609,1.0,0.29858885359061854
0.2313131313131313,542263,0.1754941790238316,1.0,0.29858791673399465
0.23125,542316,0.17547702815332758,1.0,0.2985630921754408
0.23122529644268777,542318,0.17547638101630408,1.0,0.2985621554804685
0.23114302577218182,542319,0.17547605744958225,1.0,0.2985616871351864
0.2311111111111111,542326,0.17547379251594059,1.0,0.2985584087593531
0.23111111111111107,542327,0.17547346895876473,1.0,0.2985579404258256
0.2310457516339869,542329,0.17547282184799265,1.0,0.2985570037631786
0.2310344827586207,542384,0.1754550281719225,1.0,0.29853124784329965
0.230982905982906,542386,0.17545438119715479,1.0,0.2985303113481296
0.23095238095238096,542387,0.1754540577115602,1.0,0.2985298431027479
0.23095238095238094,542395,0.1754514698697444,1.0,0.29852609719257356
0.2308080808080808,542397,0.17545082292121822,1.0,0.2985251607297184
0.23079365079365077,542400,0.17544985250737463,1.0,0.2985237560464518
0.23076923076923078,542596,0.17538647538868699,1.0,0.29843201204214753
0.23075,542611,0.1753816269850777,1.0,0.29842499314021403
0.23055555555555557,542618,0.1753793644884615,1.0,0.29842171776563153
0.2305019305019305,542620,0.17537871807157865,1.0,0.29842078195752797
0.23036363636363635,542623,0.17537774845518897,1.0,0.2984193782563771
0.23034482758620686,542627,0.17537645565001372,1.0,0.29841750667538425
0.23030303030303031,542628,0.17537613245169803,1.0,0.2984170387838041
0.23028846153846155,542642,0.17537160780035457,1.0,0.2984104884557373
0.23028455284552846,542643,0.17537128461990664,1.0,0.2984100205861648
0.2302415458937198,542646,0.17537031508570966,1.0,0.2984086169862499
0.23020202020202019,542650,0.17536902239012256,1.0,0.2984067455402359
0.2301818181818182,542653,0.17536805288093865,1.0,0.29840534197112967
0.23011695906432747,542655,0.17536740654743807,1.0,0.29840440626572745
0.2300751879699248,542659,0.17536611389472948,1.0,0.2984025348725273
0.23000000000000004,542661,0.17536546757552138,1.0,0.29840159918472936
0.23,542758,0.17533412681158086,1.0,0.2983562253692458
0.22999999999999998,542762,0.1753328346494412,1.0,0.29835435458031184
0.2299145299145299,542763,0.17533251161188215,1.0,0.2983538868867441
0.22987943955685888,542765,0.17533186554033514,1.0,0.29835295150400754
0.2298611111111111,542789,0.17532411305313853,1.0,0.2983417273686306
0.2298290598290598,542791,0.1753234670434845,1.0,0.29834079206213604
0.22980769230769232,542792,0.17532314404044275,1.0,0.2983403244110879
0.2297747747747748,542793,0.17532282103859115,1.0,0.2983398567615059
0.22976190476190478,542808,0.17531797615363076,1.0,0.2983328421937013
0.22974358974358974,542810,0.17531733018920065,1.0,0.29833190694291617
0.22971014492753625,542812,0.17531668422953067,1.0,0.29833097169799494
0.2296774193548387,542813,0.1753163612514807,1.0,0.2983305040777332
0.22967032967032966,542818,0.175314746379081,1.0,0.2983281659984138
0.22957702020202017,542820,0.17531410043845105,1.0,0.2983272307769474
0.22952380952380952,542821,0.17531377746992102,1.0,0.29832676316841306
0.2294642857142857,542837,0.1753086101352708,1.0,0.29831928163122
0.2294322344322344,542839,0.17530796423985748,1.0,0.2983183464654555
0.22941176470588237,542846,0.17530570364339057,1.0,0.2983150734314509
0.22938034188034187,542848,0.175305057769394,1.0,0.29831413829206976
0.22937499999999997,542854,0.17530312017595892,1.0,0.2983113329091029
0.22929292929292927,542856,0.17530247432099857,1.0,0.29831039779317264
0.22928571428571426,542864,0.1752998909487459,1.0,0.298306657388077
0.22926829268292684,542870,0.1752979534695231,1.0,0.2983038521458104
0.2292207792207792,542871,0.17529763056048306,1.0,0.29830338461056216
0.22916666666666669,542873,0.17529698474597188,1.0,0.29830244954446217
0.2290948275862069,542887,0.17529246417762812,1.0,0.2982959042458988
0.22909090909090907,542889,0.1752918184011833,1.0,0.2982949692266943
0.22905882352941176,542891,0.17529117262949653,1.0,0.2982940342133515
0.22903225806451613,542915,0.1752834237403645,1.0,0.298282814510429
0.22902298850574715,542922,0.17528116377674877,1.0,0.2982795422560595
0.22891986062717767,542924,0.17528051808356235,1.0,0.2982786073394265
0.2288888888888889,542926,0.17527987239513304,1.0,0.2982776724286543
0.22886363636363638,542927,0.1752795495527023,1.0,0.29827720497546595
0.22882352941176468,542929,0.1752789038714086,1.0,0.29827627007348456
0.22875,542940,0.17527535270932332,1.0,0.29827112821734386
0.2286813186813187,542942,0.1752747070589492,1.0,0.2982701933534554
0.2286713286713287,542945,0.17527373859230677,1.0,0.29826879106861054
0.22866666666666668,542954,0.17527083325659265,1.0,0.2982645842931872
0.22863636363636364,542956,0.17527018763951407,1.0,0.2982636494703191
0.2285714285714286,543102,0.17522307043612434,1.0,0.2981954232247997
0.22857142857142856,543120,0.17521726321991457,1.0,0.2981870139311028
0.2284274193548387,543136,0.17521210157308667,1.0,0.2981795394015353
0.22835164835164837,543139,0.17521113379816217,1.0,0.2981781379689583
0.22833333333333333,543161,0.17520403710870258,1.0,0.29816786119923233
0.2283333333333333,543164,0.17520306942286307,1.0,0.29816645987642715
0.22830769230769232,543167,0.17520210174771295,1.0,0.2981650585667937
0.2281746031746032,543168,0.17520177919170496,1.0,0.2981645914665096
0.22816993464052288,543170,0.17520113408325202,1.0,0.29816365727033184
0.22812500000000002,543201,0.17519113550969162,1.0,0.29814917797811596
0.228125,543214,0.17518694289911527,1.0,0.2981431064353721
0.22811188811188812,543215,0.17518662039892124,1.0,0.29814263940386515
0.22810439560439558,543216,0.17518629789991458,1.0,0.29814217237382123
0.2280952380952381,543217,0.1751859754020953,1.0,0.29814170534524054
0.2280769230769231,543219,0.1751853304100188,1.0,0.29814077129246863
0.22803030303030303,543221,0.1751846854226917,1.0,0.2981398372455493
0.22792207792207791,543228,0.1751824280044475,1.0,0.2981365681274202
0.22790697674418606,543231,0.17518146055729514,1.0,0.2981351670987398
0.22789915966386554,543232,0.17518113807728558,1.0,0.29813470009210585
0.22785714285714287,543233,0.17518081559846327,1.0,0.29813423308693493
0.2278409090909091,543246,0.17517662348181118,1.0,0.2981281621528485
0.2277777777777778,543250,0.17517533364012886,1.0,0.298126294222871
0.22777777777777777,543252,0.17517468872641057,1.0,0.29812536026666
0.22768817204301076,543271,0.17516856228291222,1.0,0.29811648797450013
0.2275874125874126,543273,0.17516791741905083,1.0,0.2981155540797291
0.2275757575757576,543279,0.1751659828559543,1.0,0.29811275243052243
0.2275735294117647,543286,0.17516372591968135,1.0,0.2981094839063356
0.2275,543290,0.17516243626792322,1.0,0.29810761621040827
0.2274747474747475,543292,0.17516179144916547,1.0,0.29810668237122057
0.22738095238095238,543294,0.1751611466351552,1.0,0.29810574853788346
0.22735462735462736,543296,0.17516050182589232,1.0,0.29810481471039685
0.22735042735042735,543298,0.17515985702137685,1.0,0.29810388088876083
0.22732919254658385,543333,0.1751485737107814,1.0,0.298087539957118
0.22732142857142856,543339,0.17514663957492468,1.0,0.29808473883442993
0.2273093841642229,543341,0.175145994872465,1.0,0.29808380513856586
0.2272727272727273,543438,0.17511473249938356,1.0,0.2980385279094021
0.22727272727272727,543496,0.1750960448650956,1.0,0.29801146149751045
0.22714285714285715,543503,0.17509378973069145,1.0,0.2980081951940526
0.2271253071253071,543505,0.17509314541724547,1.0,0.2980072619776441
0.22708333333333333,543521,0.17508799108038145,1.0,0.29799979645678226
0.22705128205128206,543523,0.17508734680961063,1.0,0.2979988632929745
0.22703030303030303,543525,0.17508670254358125,1.0,0.29799793013501097
0.22701149425287356,543526,0.1750863804123446,1.0,0.29799746355822077
0.22698412698412698,543528,0.17508573615342723,1.0,0.2979965304090234
0.22692307692307695,543529,0.17508541402574657,1.0,0.29799606383661636
0.22690058479532163,543531,0.17508476977394113,1.0,0.2979951306961852
0.22687312687312688,543532,0.1750844476498164,1.0,0.29799466412816117
0.2268581081081081,543537,0.17508283704697197,1.0,0.2979923313099557
0.22682539682539682,543540,0.17508187069948855,1.0,0.29799093163656404
0.22678571428571428,543564,0.1750741403036257,1.0,0.29797973472276146
0.22675324675324676,543570,0.17507220781132146,1.0,0.2979769356257848
0.22666666666666668,543613,0.17505835953150495,1.0,0.29795687696958406
0.22662698412698412,543615,0.17505771547878554,1.0,0.2979559440745547
0.2266025641025641,543616,0.17505739345420296,1.0,0.2979554776292307
0.2265734265734266,543618,0.17505674940859206,1.0,0.2979545447429639
0.22651515151515153,543626,0.1750541732735373,1.0,0.2979508132563127
0.22649572649572652,543628,0.1750535292516206,1.0,0.2979498803992536
0.2264957264957265,543630,0.17505288523444254,1.0,0.2979489475480358
0.2264935064935065,543631,0.17505256322763052,1.0,0.29794848112461747
0.22647058823529412,543661,0.17504290357410224,1.0,0.29793448910108405
0.2263986013986014,543663,0.17504225963510484,1.0,0.29793355634624086
0.22632478632478634,543665,0.1750416157008452,1.0,0.2979326235972381
0.22628571428571428,543686,0.17503485467714822,1.0,0.2979228300853095
0.22626262626262628,543702,0.17502970377155133,1.0,0.29791536879408204
0.22625,543707,0.17502809417572332,1.0,0.29791303721721596
0.2261904761904762,543710,0.1750271284324364,1.0,0.29791163828861406
0.22613636363636366,543711,0.17502680652037572,1.0,0.2979111719819996
0.2261111111111111,543712,0.17502648460949916,1.0,0.29791070567684497
0.2261072261072261,543717,0.17502487507287798,1.0,0.297908374172968
0.22610722610722608,543718,0.17502455316910603,1.0,0.29790790787657184
0.22608695652173913,543798,0.174998804703217,1.0,0.2978706088937996
0.22607655502392346,543799,0.17499848289533448,1.0,0.2978701427156189
0.22604166666666667,543800,0.17499816108863553,1.0,0.29786967653889734
0.22604166666666664,543801,0.1749978392831201,1.0,0.2978692103636349
0.22604105571847508,543804,0.17499687387367507,1.0,0.29786781184660266
0.22598039215686275,543817,0.17499269055583036,1.0,0.297861751757877
0.22596153846153846,543819,0.1749920469862215,1.0,0.2978608194584206
0.22583383025243492,543822,0.1749910816406839,1.0,0.2978594210201788
0.22583333333333333,543828,0.17498915098156034,1.0,0.29785662418308834
0.2258241758241758,543850,0.1749820722625724,1.0,0.29784636956310817
0.22576923076923078,543855,0.17498046354267222,1.0,0.29784403906613105
0.22572649572649572,543856,0.17498014180224178,1.0,0.297843572971112
0.22571847507331377,543858,0.1749794983249304,1.0,0.29784264078545025
0.22571428571428573,543882,0.17497177696632726,1.0,0.2978314550126282
0.22564102564102564,543892,0.17496855993469293,1.0,0.29782679452191985
0.22564102564102562,543894,0.1749679165425616,1.0,0.2978258624412808
0.22563089084828217,543897,0.1749669514632366,1.0,0.29782446433126103
0.22555555555555556,543906,0.1749640562891382,1.0,0.2978202700799599
0.22555555555555554,543907,0.17496373460904163,1.0,0.2978198040593299
0.22554347826086957,543908,0.17496341293012788,1.0,0.2978193380401582
0.22554112554112554,543909,0.174963091252397,1.0,0.29781887202244506
0.22549019607843138,543913,0.17496180455330174,1.0,0.2978170079661763
0.2254761904761905,543916,0.17496083954139977,1.0,0.29781560993928774
0.22545454545454546,543918,0.17496019620604578,1.0,0.2978146779286539
0.22539682539682543,543920,0.17495955287542286,1.0,0.2978137459238535
0.22539682539682537,543948,0.1749505467434387,1.0,0.29780069846912594
0.2253846153846154,543953,0.1749489386031514,1.0,0.2977983686867976
0.22535714285714287,543955,0.1749482953553143,1.0,0.29779743678407306
0.22527472527472528,543960,0.1749466872564159,1.0,0.2977951070527785
0.22526695526695525,543962,0.1749460440251341,1.0,0.2977941751704672
0.22525252525252526,543976,0.17494154153859728,1.0,0.29778765215758674
0.22523809523809524,543978,0.17494089834515367,1.0,0.2977867203219316
0.22515151515151516,543980,0.17494025515643957,1.0,0.2977857884921082
0.22512820512820514,543981,0.1749399335638561,1.0,0.2977853225793834
0.22511363636363635,543983,0.1749392903822362,1.0,0.29778439075830754
0.2250874125874126,543988,0.17493768244887756,1.0,0.29778206123113127
0.22505050505050506,543989,0.1749373608657528,1.0,0.29778159533006965
0.22501010101010102,543991,0.17493671770305022,1.0,0.29778066353231997
0.225,544152,0.17488495861450476,1.0,0.2977056729379524
0.22499999999999998,544170,0.17487917378760315,1.0,0.2976972912437005
0.22493506493506496,544173,0.1748782096869929,1.0,0.2976958943405434
0.22487179487179487,544174,0.17487788832248508,1.0,0.29769542870907095
0.22484848484848485,544175,0.17487756695915835,1.0,0.2976949630790551
0.22480769230769232,544179,0.17487628151766238,1.0,0.2976931005735575
0.22474747474747475,544181,0.17487563880400087,1.0,0.2976921693295482
0.22463054187192116,544196,0.17487081860212128,1.0,0.29768518518518516
0.22454954954954956,544203,0.17486856926551306,1.0,0.297681926029964
0.22454545454545455,544204,0.1748682479364356,1.0,0.29768146044218663
0.22445887445887447,544205,0.17486792660853906,1.0,0.2976809948558657
0.22444444444444445,544209,0.1748666413087619,1.0,0.2976791325251458
0.2243956043956044,544211,0.17486599866595862,1.0,0.29767820136852396
0.22435897435897437,544213,0.17486535602787878,1.0,0.29767727021772755
0.22432432432432434,544234,0.17485860861320682,1.0,0.2976674934860603
0.2243243243243243,544236,0.17485796602944312,1.0,0.29766656240225214
0.22428571428571428,544257,0.1748512191850541,1.0,0.2976567863739226
0.2242337164750958,544259,0.17485057665559964,1.0,0.2976558553570954
0.22419258373205742,544260,0.17485025539264323,1.0,0.2976553898508658
0.22416666666666668,544262,0.17484961287027204,1.0,0.2976544588427746
0.22415458937198068,544263,0.17484929161085724,1.0,0.297653993340913
0.22412587412587415,544269,0.17484736407915938,1.0,0.29765120036031917
0.22412280701754386,544283,0.1748428666704637,1.0,0.29764468360943125
0.2240981240981241,544284,0.17484254543583863,1.0,0.2976442181381441
0.2240229885057471,544286,0.17484190297012966,1.0,0.29764328719993743
0.224,544395,0.17480689572828553,1.0,0.2975925598732877
0.22396313364055298,544410,0.174802079315222,1.0,0.29758558040195504
0.22393457117595048,544411,0.17480175823045457,1.0,0.2975851151155064
0.22388663967611336,544413,0.17480111606445842,1.0,0.297584184546974
0.22386363636363638,544427,0.17479662103459234,1.0,0.297577670730201
0.22384615384615386,544452,0.17478859477052155,1.0,0.29756603962377426
0.2238095238095238,544473,0.17478185327830764,1.0,0.29755627019700237
0.22375,544475,0.1747812112585518,1.0,0.2975553398088609
0.22371794871794873,544479,0.17477992723318989,1.0,0.2975534790500326
0.2236985236985237,544483,0.17477864322669395,1.0,0.2975516183144766
0.2236842105263158,544498,0.17477382837035213,1.0,0.29754464076340315
0.2236781609195402,544500,0.17477318640955006,1.0,0.2975437104479852
0.22366071428571427,544512,0.17476933474377057,1.0,0.29753812867764307
0.22361111111111112,544513,0.17476901377928533,1.0,0.2975376635395676
0.2235714285714286,544514,0.174768692815979,1.0,0.29753719840294646
0.22353535353535353,544515,0.1747683718538516,1.0,0.2975367332677797
0.2235294117647059,544519,0.17476708801713073,1.0,0.29753487274165485
0.2235,544521,0.1747664461058435,1.0,0.29753394248731796
0.22337662337662337,544526,0.17476484134825518,1.0,0.29753161687692475
0.22333333333333333,544548,0.1747577807649647,1.0,0.29752138462308036
0.2233016983016983,544550,0.17475713892204572,1.0,0.2975204544530837
0.22320197044334975,544552,0.1747564970838414,1.0,0.2975195242889032
0.22310924369747898,544567,0.17475168344758313,1.0,0.2975125482429334
0.2230769230769231,544708,0.17470644822547127,1.0,0.2974469893978796
0.2230434782608696,544710,0.17470580675956013,1.0,0.29744605969300203
0.22303030303030302,544711,0.17470548602837102,1.0,0.29744559484274274
0.223030303030303,544712,0.1747051652983595,1.0,0.2974451299939363
0.22301587301587303,544714,0.17470452384186932,1.0,0.2974442003006823
0.222989010989011,544716,0.17470388239008952,1.0,0.29744327061324
0.22294372294372294,544718,0.17470324094302006,1.0,0.29744234093160926
0.22293224017361948,544724,0.1747013166300732,1.0,0.2974395519215863
0.22288961038961042,544728,0.17470003377832607,1.0,0.2974376926106281
0.22285714285714286,544732,0.17469875094541903,1.0,0.297435833322915
0.22285714285714284,544738,0.1746968267313828,1.0,0.2974330444349291
0.2228448275862069,544739,0.1746965060331645,1.0,0.29743257962534947
0.22277777777777777,544743,0.17469522325206566,1.0,0.2974307204015584
0.22272727272727272,544750,0.17469297843047268,1.0,0.29742746681585336
0.22264957264957264,544752,0.1746923370634711,1.0,0.2974265372330118
0.22261904761904763,544782,0.17468271712354666,1.0,0.2974125941876346
0.2226190476190476,544788,0.17468079326270036,1.0,0.2974098057354302
0.2225874125874126,544789,0.1746804726233459,1.0,0.29740934099847954
0.2225,544799,0.17467726629454167,1.0,0.29740469370885503
0.22243589743589742,544801,0.17467662504290557,1.0,0.29740376426835846
0.2224242424242424,544805,0.17467534255375777,1.0,0.29740190540479305
0.22239382239382238,544811,0.17467341885534618,1.0,0.2973991171530138
0.22238961038961041,544813,0.17467277763195813,1.0,0.2973981877473722
0.22233893557422968,544815,0.1746721364132779,1.0,0.2973972583475395
0.22230769230769232,544820,0.17467053338717375,1.0,0.2973949348733718
0.22223214285714285,544822,0.1746698921849705,1.0,0.2973940054938702
0.22222222222222224,544965,0.17462405842577047,1.0,0.2973275699116897
0.2222222222222222,545125,0.17457280440265993,1.0,0.29725327156955683
0.22218045112781953,545131,0.174570882962077,1.0,0.29725048610406146
0.2220779220779221,545133,0.17457024249128195,1.0,0.29724955762716365
0.22197802197802197,545137,0.1745689615637904,1.0,0.2972477006907689
0.22196969696969698,545169,0.1745587148205419,1.0,0.29723284603479755
0.22195121951219512,545175,0.17455679369009952,1.0,0.2972300609520894
0.22194805194805195,545177,0.17455615332268234,1.0,0.2972291326027851
0.2219047619047619,545178,0.1745558331407357,1.0,0.29722866843030754
0.22182539682539681,545180,0.17455519278036613,1.0,0.2972277400897018
0.22178571428571428,545181,0.17455487260194322,1.0,0.29722727592157355
0.22168067226890756,545183,0.1745542322486211,1.0,0.2972263475896662
0.22166666666666668,545186,0.17455327172744714,1.0,0.2972249551026782
0.2216374269005848,545187,0.1745529515560716,1.0,0.2972244909432483
0.22158730158730156,545188,0.17455263138587057,1.0,0.2972240267852681
0.221455938697318,545190,0.1745519910489921,1.0,0.2972230984736568
0.22142857142857145,545314,0.1745122993357955,1.0,0.29716555447650034
0.22142857142857142,545318,0.17451101925848772,1.0,0.2971636985894998
0.22137681159420292,545356,0.17449885946060922,1.0,0.2971460688190845
0.22136363636363637,545357,0.17449853948881192,1.0,0.2971456049060062
0.22133995037220844,545358,0.17449821951818806,1.0,0.29714514099437644
0.2212121212121212,545361,0.17449725961335702,1.0,0.29714374926817844
0.22115884115884116,545365,0.17449597975667672,1.0,0.297141893653527
0.2211111111111111,545368,0.17449501987648708,1.0,0.29714050195774766
0.22109929078014184,545370,0.17449437996222747,1.0,0.29713957416780373
0.22108695652173913,545372,0.1744937400526613,1.0,0.29713864638365367
0.220989010989011,545374,0.1744931001477885,1.0,0.2971377186052974
0.22098039215686271,545376,0.17449246024760898,1.0,0.29713679083273487
0.22096525096525096,545377,0.1744921402992792,1.0,0.29713632694862624
0.22095238095238096,545378,0.17449182035212274,1.0,0.29713586306596595
0.22093023255813954,545385,0.17448958075487958,1.0,0.29713261592789936
0.22090909090909092,545407,0.17448254239494543,1.0,0.29712241109884774
0.2208928571428571,545409,0.17448190257219812,1.0,0.29712148342187383
0.22083333333333335,545461,0.1744652688276522,1.0,0.29709736585365853
0.2208253968253968,545463,0.17446462913158178,1.0,0.29709643833307053
0.22082101806239737,545464,0.1744643092853057,1.0,0.2970959745749483
0.2206896551724138,545607,0.17441858333929,1.0,0.29702967206693187
0.22067736185383244,545609,0.1744179439855281,1.0,0.2970287449689672
0.22055944055944057,545611,0.17441730463645344,1.0,0.29702781787678983
0.22055137844611528,545612,0.17441698496367383,1.0,0.2970273543328714
0.2205128205128205,545614,0.17441634562162994,1.0,0.297026427249375
0.2204861111111111,545616,0.1744157062842732,1.0,0.2970255001716658
0.22045454545454546,545624,0.17441314898171634,1.0,0.2970217919187001
0.22043650793650793,545625,0.17441282932416954,1.0,0.2970213283935898
0.22033333333333335,545674,0.17439716753959325,1.0,0.2969986174352957
0.22020202020202018,545676,0.17439652834282615,1.0,0.29699769053117786
0.2201731601731602,545678,0.17439588915074458,1.0,0.2969967636328455
0.22000000000000003,545682,0.1743946107806378,1.0,0.2969949098535374
0.22,545822,0.17434987963108853,1.0,0.2969300421538068
0.21999999999999997,545887,0.17432911939650514,1.0,0.2968999346385857
0.2199346405228758,545888,0.17432880004689608,1.0,0.2968994714937322
0.2199023199023199,545891,0.17432784200508894,1.0,0.29689808206784135
0.21987179487179487,545925,0.1743169849338279,1.0,0.29688233614989495
0.21985119047619048,545927,0.17431634632469176,1.0,0.2968814099714393
0.2197387669801463,545929,0.1743157077202347,1.0,0.2968804837987625
0.21971014492753624,545931,0.1743150691204566,1.0,0.2968795576318642
0.21969696969696972,545932,0.1743147498223222,1.0,0.2968790945505821
0.2196969696969697,545934,0.17431411122956256,1.0,0.29687816839235187
0.21969696969696967,545935,0.17431379193493732,1.0,0.2968777053154037
0.21964285714285714,545936,0.17431347264148178,1.0,0.2968772422399002
0.2195804195804196,545940,0.1743121954793567,1.0,0.2968753899523322
0.219493006993007,545942,0.17431155690531228,1.0,0.2968744638172159
0.21944444444444444,546005,0.1742914442175438,1.0,0.29684529351855754
0.21940711462450593,546007,0.1742908057955301,1.0,0.2968443675712096
0.21935483870967742,546116,0.17425601886778633,1.0,0.29679391217564866
0.2193548387096774,546118,0.17425538070526883,1.0,0.29679298654881936
0.21932432432432433,546120,0.17425474254742548,1.0,0.29679206092776367
0.21921921921921922,546121,0.1742544234702566,1.0,0.2967915981194009
0.21916666666666668,546123,0.17425378531942437,1.0,0.2967906725070054
0.21914529914529915,546125,0.1742531471732662,1.0,0.29678974690038346
0.21907894736842104,546127,0.174252509031782,1.0,0.2967888212995349
0.21904761904761905,546176,0.17423687602531052,1.0,0.2967661458820594
0.21903225806451612,546177,0.17423655701356885,1.0,0.2967656831545153
0.21901807869549805,546179,0.17423591899359,1.0,0.296764757703756
0.218974358974359,546181,0.17423528097828375,1.0,0.2967638322587687
0.21886363636363637,546183,0.17423464296765004,1.0,0.29676290681955325
0.21877828054298643,546185,0.1742340049616888,1.0,0.2967619813861096
0.21875,546701,0.17406955538767993,1.0,0.29652341224400774
0.2187179487179487,546705,0.17406828179731298,1.0,0.2965215643690535
0.21868131868131868,546706,0.17406796340263322,1.0,0.29652110240391355
0.21867816091954023,546757,0.17405172681831235,1.0,0.2964975440903164
0.21866666666666668,546758,0.1740514084841923,1.0,0.29649708220001814
0.2185344827586207,546760,0.17405077181944545,1.0,0.2964961584237386
0.2183982683982684,546762,0.17405013515935636,1.0,0.2964952346532155
0.2183838383838384,546763,0.17404981683105844,1.0,0.2964947727701125
0.21836363636363637,546767,0.17404854352951074,1.0,0.296492925252091
0.21833333333333335,546805,0.17403644809392746,1.0,0.2964753749791657
0.21829937304075236,546806,0.17403612981569333,1.0,0.2964749131579357
0.21826923076923077,546814,0.17403358363172852,1.0,0.29647121863989107
0.21821428571428572,546815,0.17403326536397137,1.0,0.2964707568316098
0.21820512820512822,546816,0.17403294709737827,1.0,0.2964702950247671
0.2181818181818182,546941,0.17399317293821454,1.0,0.29641258049695923
0.2181512605042017,546943,0.17399253669943668,1.0,0.2964116572471566
0.21809954751131225,546944,0.17399221858179265,1.0,0.2964111956244121
0.21801075268817205,546991,0.17397726836456176,1.0,0.2963895009771784
0.21787878787878787,546993,0.1739766322420945,1.0,0.29638857787114364
0.21786865308604442,546994,0.17397631418260529,1.0,0.2963881163202825
0.21785353535353535,546995,0.17397599612427903,1.0,0.29638765477085893
0.2177304964539007,546997,0.17397536001111524,1.0,0.2963867316763242
0.21770833333333334,547023,0.17396709096326846,1.0,0.2963747319705942
0.21764705882352942,547161,0.17392321455659304,1.0,0.29631105748647496
0.21764543700027572,547163,0.17392257882934337,1.0,0.29631013486899976
0.21763736263736264,547165,0.1739219431067411,1.0,0.29630921225727
0.21763196480938418,547167,0.17392130738878625,1.0,0.29630828965128575
0.2176190476190476,547170,0.17392035382056764,1.0,0.2963069057530817
0.21752136752136753,547172,0.173919718114231,1.0,0.2963059831614607
0.21751552795031054,547174,0.17391908241254153,1.0,0.2963050605755848
0.2174747474747475,547181,0.17391685749322436,1.0,0.2963018315702621
0.21742424242424244,547201,0.17391050089455246,1.0,0.29629260622854603
0.21738095238095237,547204,0.17390954744482862,1.0,0.2962912224768357
0.2173160173160173,547210,0.17390764057674385,1.0,0.29628845501218914
0.2173076923076923,547215,0.1739060515519494,1.0,0.2962861488311417
0.2173015873015873,547217,0.17390541595016237,1.0,0.29628522636877497
0.21726190476190477,547224,0.173903191380495,1.0,0.2962819977957247
0.21722222222222223,547228,0.17390192022338039,1.0,0.29628015292842996
0.21715686274509804,547247,0.17389588248085416,1.0,0.29627139012252285
0.21714285714285714,547318,0.17387332410043155,1.0,0.29623864948745643
0.21711111111111112,547319,0.1738730064185603,1.0,0.2962381884034286
0.21705882352941175,547321,0.17387237105830033,1.0,0.2962372662396787
0.21694139194139195,547323,0.1738717357026838,1.0,0.29623634408167016
0.2169047619047619,547350,0.17386315885630765,1.0,0.29622389551044803
0.21688963210702342,547351,0.17386284121158088,1.0,0.296223434472347
0.21685714285714283,547352,0.17386252356801474,1.0,0.296222973435681
0.2168253968253968,547353,0.17386220592560925,1.0,0.2962225124004501
0.21677350427350428,547354,0.1738618882843644,1.0,0.29622205136665436
0.21676190476190477,547358,0.17386061773099143,1.0,0.296220207245822
0.21672727272727274,547359,0.17386030009554973,1.0,0.29621974621920155
0.21666666666666667,547621,0.17377711957722586,1.0,0.2960990066663037
0.21666666666666665,547624,0.17377616758944092,1.0,0.29609762472230344
0.2166183574879227,547625,0.17377585026249714,1.0,0.29609716407716996
0.21660049627791564,547626,0.17377553293671227,1.0,0.29609670343346967
0.21653225806451612,547628,0.17377489828861928,1.0,0.29609578215036897
0.21644144144144145,547635,0.17377267705679877,1.0,0.29609255770466353
0.21642857142857144,547636,0.17377235974260274,1.0,0.29609209707529555
0.21642857142857141,547637,0.17377204242956557,1.0,0.2960916364473608
0.21641025641025644,547639,0.17377140780696773,1.0,0.29609071519579094
0.21636363636363637,547650,0.17376791746553455,1.0,0.296085648414627
0.21634408602150537,547654,0.1737666482852312,1.0,0.2960838059917426
0.2163076923076923,547656,0.17376601370203193,1.0,0.2960828847888989
0.21627350427350428,547658,0.17376537912346757,1.0,0.29608196359178746
0.2162280701754386,547666,0.17376284085555796,1.0,0.296078278860663
0.21621621621621623,547712,0.17374824725403132,1.0,0.2960570934363703
0.2160737812911726,547718,0.17374634392150706,1.0,0.2960543303436712
0.21607378129117258,547721,0.17374539227088243,1.0,0.29605294881666233
0.21607142857142858,547723,0.17374475784292426,1.0,0.2960520278058197
0.21606782106782105,547724,0.17374444063068262,1.0,0.2960515673025472
0.21604105571847507,547726,0.17374380620967417,1.0,0.2960506463003002
0.2160294117647059,547728,0.17374317179329887,1.0,0.29604972530378354
0.21602564102564104,547734,0.17374126857197106,1.0,0.29604696234861516
0.21601398601398603,547735,0.17374095137247025,1.0,0.29604650186110104
0.2159919028340081,547737,0.1737403169769433,1.0,0.29604558089037036
0.21594155844155846,547739,0.1737396825860492,1.0,0.29604465992536977
0.21587301587301588,547740,0.17373936539233942,1.0,0.2960441994450182
0.21587301587301586,547743,0.17373841381815924,1.0,0.29604281801255855
0.21584615384615385,547745,0.1737377794411633,1.0,0.2960418970647479
0.21583333333333335,547747,0.1737371450688,1.0,0.296040976122667
0.21583333333333332,547748,0.17373682788435557,1.0,0.2960405156537753
0.21578947368421053,547924,0.17368102145553033,1.0,0.2959594954345284
0.2157894736842105,547926,0.1736803874975818,1.0,0.29595857500505374
0.21576576576576578,547927,0.17368007052034304,1.0,0.2959581147924633
0.21573863636363635,547931,0.173678802622958,1.0,0.2959562739564139
0.21571428571428572,547933,0.17367816868120736,1.0,0.29595535354697655
0.21568965517241379,547934,0.1736778517120675,1.0,0.2959548933444047
0.21565040650406506,547936,0.17367721777725867,1.0,0.29595397294355463
0.21553030303030304,547938,0.1736765838470776,1.0,0.29595305254842935
0.21553030303030302,547942,0.1736753160005986,1.0,0.2959512117753527
0.21549019607843137,547943,0.17367499904187114,1.0,0.2959507515856615
0.2154761904761905,547947,0.17367373121853025,1.0,0.29594891084120784
0.21547619047619046,547952,0.17367214646538384,1.0,0.29594660994284083
0.21545454545454545,547954,0.1736715125722232,1.0,0.2959456895935116
0.21539682539682542,547956,0.17367087868368994,1.0,0.2959447692499067
0.2153846153846154,547991,0.173659786383353,1.0,0.2959286641633821
0.21533333333333332,547992,0.17365946948130628,1.0,0.29592820404380893
0.2152895752895753,547993,0.17365915258041617,1.0,0.2959277439256667
0.21510673234811165,547996,0.17365820188468528,1.0,0.2959263635798246
0.21506493506493507,547998,0.1736575680933142,1.0,0.29592544335641724
0.21505494505494505,548000,0.17365693430656934,1.0,0.2959245231387329
0.21503030303030302,548001,0.1736566174149317,1.0,0.2959240630320369
0.21500000000000002,548201,0.173593262325315,1.0,0.29583207044212856
0.215,548206,0.17359167904036074,1.0,0.29582977136018157
0.21495726495726494,548207,0.17359136238683562,1.0,0.2958293115480803
0.21493506493506495,548214,0.17358914584450597,1.0,0.29582609290339423
0.21493055555555557,548216,0.1735885125570943,1.0,0.29582517330349095
0.21487179487179486,548218,0.17358787927430328,1.0,0.2958242537093049
0.21476190476190476,548222,0.1735866127225832,1.0,0.29582241453808444
0.21472222222222223,548223,0.17358629608754103,1.0,0.2958219547488526
0.21468253968253967,548226,0.17358534618934526,1.0,0.2958205753897325
0.21463768115942028,548227,0.17358502955892358,1.0,0.2958201156062177
0.21463414634146344,548242,0.17358028024120736,1.0,0.29581321902500135
0.21456876456876456,548246,0.17357901380037427,1.0,0.2958113799909855
0.21452991452991454,548250,0.17357774737802098,1.0,0.2958095409798357
0.214472049689441,548255,0.17357616437606588,1.0,0.295807242248053
0.21444444444444444,548269,0.17357173212419452,1.0,0.295800805989124
0.21443932411674346,548271,0.17357109896383358,1.0,0.29579988654642664
0.2142857142857143,548538,0.17348661350717726,1.0,0.2956771922411302
0.21428571428571427,549221,0.17327086910369413,1.0,0.29536379648812433
0.2141880341880342,549222,0.17327055361948357,1.0,0.2953633381234229
0.21415584415584416,549223,0.1732702381364218,1.0,0.29536287976014414
0.21414141414141413,549225,0.17326960717374482,1.0,0.2953619630378545
0.21404761904761904,549226,0.17326929169412955,1.0,0.29536150467884353
0.21404761904761901,549228,0.17326866073834546,1.0,0.29536058796508957
0.2139705882352941,549230,0.17326802978715655,1.0,0.295359671257026
0.21396103896103896,549233,0.1732670833689891,1.0,0.29535829620559995
0.21395604395604395,549235,0.173266452429288,1.0,0.29535737951176216
0.21395348837209305,549236,0.17326613696116058,1.0,0.29535692116697704
0.21392857142857144,549238,0.173265506028352,1.0,0.2953560044816745
0.2138888888888889,549245,0.17326329779970687,1.0,0.295352796127925
0.21379928315412186,549247,0.17326266688757516,1.0,0.29535187946822755
0.21377777777777776,549249,0.1732620359800382,1.0,0.29535096281422
0.21375,549251,0.1732614050770959,1.0,0.2953500461659024
0.21373626373626375,549256,0.17325982783984153,1.0,0.2953477545700009
0.2136781609195402,549259,0.17325888151127247,1.0,0.29534637962952903
0.21365079365079365,549260,0.17325856607071333,1.0,0.2953459213188832
0.21363636363636365,549631,0.17314161683020063,1.0,0.2951759861661458
0.21363636363636362,549632,0.17314130181648812,1.0,0.29517552838417116
0.21358695652173912,549634,0.17314067179250192,1.0,0.2951746128244815
0.21358543417366946,549636,0.17314004177310074,1.0,0.29517369727047144
0.21350649350649348,549638,0.17313941175828454,1.0,0.29517278172214106
0.21342857142857144,549639,0.17313909675259578,1.0,0.2951723239501057
0.21337513061650992,549641,0.17313846674465697,1.0,0.2951714084102946
0.2133751306165099,549643,0.17313783674130298,1.0,0.2951704928761629
0.21333333333333335,549648,0.17313626175297644,1.0,0.2951682040656812
0.21333333333333332,549691,0.17312271803613302,1.0,0.2951485217607059
0.21322537112010795,549693,0.17312208814738408,1.0,0.2951476063685437
0.21322115384615384,549695,0.1731214582632187,1.0,0.29514669098205965
0.2131818181818182,549697,0.1731208283836368,1.0,0.2951457756012536
0.21315987933634992,549699,0.17312019850863836,1.0,0.2951448602261255
0.21304347826086958,550080,0.173000290866783,1.0,0.2949705847710324
0.21304347826086956,550087,0.17299808939313235,1.0,0.2949673847851456
0.21301075268817204,550088,0.1729977749014703,1.0,0.2949669276499724
0.21301075268817202,550090,0.17299714592157647,1.0,0.29496601338387674
0.21299734748010613,550091,0.17299683143334466,1.0,0.29496555625295423
0.21296703296703295,550092,0.17299651694625626,1.0,0.2949650991234487
0.21285714285714286,550143,0.17298047962075314,1.0,0.29494178739731625
0.2127197802197802,550145,0.17297985076661607,1.0,0.2949408732870609
0.2127077223851417,550147,0.17297922191705126,1.0,0.29493995918247173
0.21265734265734265,550148,0.17297890749398342,1.0,0.2949395021323019
0.21264445232187165,550150,0.17297827865127693,1.0,0.2949385880362118
0.21261487050960734,550151,0.17297796423163822,1.0,0.29493813099029154
0.21259615384615385,550153,0.1729773353957899,1.0,0.2949372169027005
0.2125874125874126,550215,0.17295784375198786,1.0,0.2949088829974325
0.21250000000000002,550710,0.1728023823791106,1.0,0.2946828638403156
0.2125,550713,0.17280144104097778,1.0,0.2946814950834292
0.21244755244755248,550714,0.17280112726387925,1.0,0.29468103883395935
0.2124175824175824,550716,0.17280049971310077,1.0,0.2946801263392581
0.212405303030303,550718,0.17279987216688034,1.0,0.2946792138502079
0.21238095238095236,550720,0.1727992446252179,1.0,0.29467830136680895
0.21236559139784947,550723,0.1727983033212704,1.0,0.2946769326523061
0.2123076923076923,550725,0.17279767579100277,1.0,0.29467602018303457
0.2123015873015873,550727,0.17279704826529296,1.0,0.29467510771941396
0.21212121212121213,550729,0.17279642074414095,1.0,0.2946741952614442
0.21209307933445865,550731,0.17279579322754665,1.0,0.2946732828091253
0.21209150326797382,550733,0.17279516571551007,1.0,0.2946723703624572
0.21201149425287358,550735,0.1727945382080311,1.0,0.29467145792143973
0.21200000000000002,551214,0.17264438131106974,1.0,0.29445309091584176
0.212,551216,0.1726437548982613,1.0,0.2944521798322968
0.21190476190476193,551218,0.17264312848999852,1.0,0.2944512687543898
0.2119047619047619,551223,0.1726415624892285,1.0,0.29444899108428846
0.21188940092165898,551225,0.17264093609687514,1.0,0.29444808002611433
0.21185483870967742,551227,0.1726403097090672,1.0,0.2944471689735779
0.21185383244206774,551229,0.1726396833258047,1.0,0.29444625792667933
0.2118253968253968,551230,0.17263937013587793,1.0,0.29444580240534407
0.21181818181818182,551233,0.17263843057291564,1.0,0.2944444358497951
0.2118007662835249,551235,0.17263780420328897,1.0,0.2944435248198094
0.21177339901477832,551238,0.17263686465737121,1.0,0.2944421582854013
0.21166666666666667,551240,0.17263623829910746,1.0,0.2944412472695095
0.21166666666666664,551241,0.17263592512168,1.0,0.29444079176367755
0.21165209790209794,551243,0.1726352987702338,1.0,0.29443988075624183
0.2116017316017316,551247,0.1726340460809764,1.0,0.2944380587582823
0.21153846153846156,551733,0.17248197950820415,1.0,0.29421685368768136
0.21153846153846154,551735,0.17248135427333774,1.0,0.2942159440654569
0.2115384615384615,551739,0.1724801038172034,1.0,0.2942141248378814
0.2115,551741,0.1724794785959354,1.0,0.2942132152325303
0.21142857142857144,551742,0.17247916598700117,1.0,0.29421276043196387
0.21141414141414142,551745,0.17247822816699743,1.0,0.29421139603870095
0.21136363636363636,551746,0.17247791556259584,1.0,0.29421094124375885
0.21121621621621622,551749,0.17247697775618986,1.0,0.2942095768673686
0.21116666666666667,551751,0.17247635255758484,1.0,0.29420866729013856
0.21114285714285713,551753,0.1724757273635123,1.0,0.2942077577185327
0.21113841113841114,551755,0.17247510217397213,1.0,0.29420684815255077
0.2111111111111111,552287,0.17230896255026826,1.0,0.29396510315066315
0.21111111111111108,552295,0.1723064666527852,1.0,0.2939614709193942
0.21110599078341014,552298,0.1723055307098704,1.0,0.2939601088558093
0.21107226107226107,552302,0.17230428280180046,1.0,0.29395829279066393
0.21107142857142858,552304,0.17230365885454388,1.0,0.29395738476650585
0.2110576923076923,552308,0.1723024109735872,1.0,0.29395556873501866
0.210979020979021,552310,0.17230178703988702,1.0,0.29395466072768944
0.2109250398724083,552312,0.17230116311070554,1.0,0.2939537527259698
0.21090909090909088,552315,0.1723002272254058,1.0,0.293952390733908
0.21083333333333332,552316,0.1722999152658985,1.0,0.29395193673935877
0.21080357142857142,552318,0.17229929135027286,1.0,0.2939510287544673
0.21076923076923076,552320,0.1722986674391657,1.0,0.2939501207751851
0.21071428571428572,552794,0.17215092783206765,1.0,0.29373508776803436
0.2107142857142857,552799,0.1721493707477763,1.0,0.2937328211641714
0.21064856711915536,552801,0.1721487479219466,1.0,0.29373191453242076
0.21057692307692308,552808,0.17214656806703232,1.0,0.2937287413653677
0.21057142857142858,552810,0.17214594526148225,1.0,0.29372783475880204
0.21055555555555555,552812,0.17214532246043862,1.0,0.293726928157833
0.2104895104895105,552816,0.17214407687187055,1.0,0.29372511497268433
0.21047619047619048,552817,0.172143765477545,1.0,0.2937246616798949
0.21046594982078853,552819,0.1721431426922736,1.0,0.29372375509851334
0.2103896103896104,552827,0.17214065159624983,1.0,0.2937201288289498
0.2103846153846154,552829,0.1721400288335091,1.0,0.29371922227554925
0.2103448275862069,553280,0.17199971081550028,1.0,0.2935149372960502
0.21034482758620687,553282,0.17199908907211875,1.0,0.2935140320088334
0.21033411033411034,553284,0.17199846733323212,1.0,0.2935131267272009
0.21029059829059832,553288,0.17199722386894348,1.0,0.29351131618068876
0.21027777777777779,553290,0.17199660214354137,1.0,0.29351041091580904
0.2101470588235294,553291,0.17199629128252583,1.0,0.2935099582854631
0.21010989010989012,553293,0.1719956695638658,1.0,0.2935090530289595
0.21000000000000002,553654,0.1718835229222583,1.0,0.29334574564824034
0.21,553656,0.17188290201858195,1.0,0.2933448414043957
0.20999999999999996,553658,0.17188228111939138,1.0,0.29334393716612567
0.20995475113122172,553667,0.17187948712854478,1.0,0.2933398681628961
0.20993589743589744,553669,0.17187886625402543,1.0,0.2933389639552859
0.2098688750862664,553676,0.17187669322853077,1.0,0.29333579927254794
0.20980392156862746,553677,0.17187638280080264,1.0,0.2933353471805881
0.20977272727272728,553679,0.17187576194871035,1.0,0.2933344430008492
0.20972222222222223,553681,0.17187514110110333,1.0,0.29333353882668434
0.2096825396825397,553683,0.17187452025798156,1.0,0.29333263465809356
0.20967741935483872,554013,0.17177214253095144,1.0,0.2931835231377575
0.2096774193548387,554017,0.1717709023369319,1.0,0.2931817166552934
0.2096590909090909,554019,0.17177028224663776,1.0,0.2931808134224094
0.2096153846153846,554020,0.17176997220316956,1.0,0.2931803618080544
0.20954954954954955,554023,0.17176904207948046,1.0,0.29317900697333743
0.20954045954045955,554024,0.17176873204048923,1.0,0.29317855536454773
0.2095238095238095,554028,0.17176749189571647,1.0,0.29317674894330187
0.20945054945054947,554031,0.17176656179888852,1.0,0.29317539414197585
0.20942028985507247,554035,0.17176532168545308,1.0,0.2931735877596854
0.209375,554293,0.17168537217680901,1.0,0.293057123104378
0.20937499999999998,554295,0.1716847527038851,1.0,0.29305622063902415
0.20934065934065935,554297,0.17168413323543155,1.0,0.29305531817922864
0.20931372549019608,554298,0.1716838235028811,1.0,0.2930548669514152
0.2092929292929293,554300,0.17168320404113296,1.0,0.2930539644999569
0.2092857142857143,554302,0.17168258458385502,1.0,0.29305306205405673
0.20928571428571427,554303,0.17168227485689236,1.0,0.2930526108331909
0.20924242424242426,554305,0.17168165540631963,1.0,0.29305170839562783
0.20912087912087912,554307,0.171681035960217,1.0,0.2930508059636227
0.2090909090909091,554518,0.17161570949906044,1.0,0.292955630600817
0.20909090909090908,554526,0.17161323364459016,1.0,0.29295202327263775
0.2090719696969697,554528,0.17161261469213457,1.0,0.2929511214544738
0.20904761904761907,554530,0.17161199574414368,1.0,0.29295021964186213
0.20897435897435898,554531,0.1716116862718225,1.0,0.29294976873763845
0.20897435897435895,554533,0.17161106733052858,1.0,0.2929488669333551
0.20892857142857144,554534,0.17161075786155583,1.0,0.29294841603329547
0.20892307692307693,554536,0.17161013892695876,1.0,0.29294751423734033
0.20888888888888887,554537,0.1716098294613344,1.0,0.29294706334144477
0.20884615384615385,554538,0.1716095199968262,1.0,0.2929466124469372
0.2088302378624959,554541,0.17160859160999817,1.0,0.29294525977174257
0.2088274044795784,554543,0.17160797269102668,1.0,0.2929443579952194
0.20882539682539683,554549,0.17160611596089795,1.0,0.29294165269896094
0.2088235294117647,554761,0.17154053727641272,1.0,0.2928460976266492
0.20863636363636365,554762,0.17154022806176342,1.0,0.29284564704289406
0.20863247863247864,554764,0.1715396096358091,1.0,0.2928447458795436
0.20858695652173914,554765,0.17153930042450408,1.0,0.29284429529994815
0.20857142857142857,554908,0.17149509468236177,1.0,0.292779876690582
0.20857142857142855,554912,0.1714938584856698,1.0,0.2927780751789022
0.20852390852390854,554914,0.171493240394007,1.0,0.29277717443137596
0.20846153846153848,554918,0.1714920042240475,1.0,0.29277537295295053
0.20846153846153845,554920,0.17149138614575074,1.0,0.2927744722220513
0.2083838383838384,554921,0.17149107710827308,1.0,0.29277402185868
0.20836385836385835,554925,0.17148984096950037,1.0,0.29277222041905027
0.20833333333333334,556179,0.1711031880024237,1.0,0.29220855985248945
0.20833333333333331,556183,0.1711019574492568,1.0,0.2922067653646981
0.20824175824175822,556185,0.17110134217931083,1.0,0.2922058681290675
0.20822616407982264,556186,0.1711010345459972,1.0,0.2922054195133185
0.20818965517241378,556188,0.1711004192826886,1.0,0.29220452228595295
0.20815018315018313,556190,0.1710998040238048,1.0,0.29220362506409725
0.20812260536398466,556192,0.17109918876934585,1.0,0.2922027278477515
0.20810810810810812,556275,0.171073659610804,1.0,0.2921654982277696
0.2081081081081081,556277,0.1710730445443547,1.0,0.29216460124554644
0.20809716599190284,556281,0.1710718144247242,1.0,0.292162807297623
0.20809523809523808,556282,0.17107150689758072,1.0,0.2921623588140843
0.20804347826086958,556293,0.17106812417197412,1.0,0.2921574255860325
0.20802139037433154,556295,0.17106750914532756,1.0,0.2921565286533765
0.20795454545454548,556301,0.17106566409192145,1.0,0.2921538378884514
0.20793650793650792,556303,0.17106504908296377,1.0,0.2921529409778239
0.20789473684210527,556360,0.17104752318642605,1.0,0.2921273813397511
0.20789473684210524,556362,0.17104690830790026,1.0,0.2921264845915589
0.2078846153846154,556363,0.1710466008702951,1.0,0.2921260362195274
0.20787878787878786,556365,0.17104598599840032,1.0,0.29212513947959334
0.20785714285714285,556369,0.17104475626787258,1.0,0.2921233460162417
0.20783333333333334,556371,0.17104414140923951,1.0,0.2921224492928238
0.20777777777777778,556375,0.17104291170523478,1.0,0.292120655862504
0.2076923076923077,556419,0.17102938612807975,1.0,0.29210092958226347
0.2076068376068376,556420,0.17102907875345963,1.0,0.292100481288675
0.20757575757575755,556422,0.17102846400753385,1.0,0.29209958470562597
0.20753968253968252,556423,0.1710281566362282,1.0,0.2920991364161655
0.20750000000000002,556459,0.1710170920049815,1.0,0.29208299891194756
0.2075,556460,0.17101678467454984,1.0,0.2920825506733945
0.20748792270531402,556461,0.17101647734522277,1.0,0.2920821024362172
0.20743589743589744,556463,0.17101586268988234,1.0,0.29208120596598974
0.20742857142857143,556465,0.17101524803896023,1.0,0.29208030950126534
0.20731707317073172,556486,0.17100879447101994,1.0,0.29207089695388627
0.2073076923076923,556488,0.17100817987090466,1.0,0.2920700005524421
0.20726495726495725,556489,0.1710078725725037,1.0,0.2920695523537834
0.20714285714285716,556493,0.1710066433899438,1.0,0.29206775957290415
0.20714285714285713,556503,0.1710035705108508,1.0,0.2920632777169935
0.20711331679073613,556505,0.17100295594828438,1.0,0.2920623813623174
0.20701149425287355,556506,0.17100264866865766,1.0,0.29206193318704254
0.20700000000000002,556512,0.17100080501408774,1.0,0.292059244164278
0.20697674418604653,556516,0.1709995759331268,1.0,0.2920574515099435
0.2069444444444445,556518,0.1709989613992719,1.0,0.29205655519102874
0.20692307692307693,556535,0.17099373803983578,1.0,0.2920489367023733
0.2069230769230769,556536,0.17099343079333593,1.0,0.2920484885683597
0.20690058479532164,556538,0.17099281630364863,1.0,0.29204759230445815
0.2068548387096774,556543,0.17099128009875247,1.0,0.2920453516687714
0.20682539682539683,556545,0.17099066562452273,1.0,0.29204445542412333
0.20681818181818182,556548,0.17098974392145871,1.0,0.2920431110674654
0.2068131868131868,556549,0.17098943668931219,1.0,0.29204266295132986
0.20666666666666667,556598,0.1709743836664882,1.0,0.2920207069451733
0.2066239316239316,556599,0.17097407648953736,1.0,0.29202025889778954
0.2065934065934066,556604,0.1709725406213394,1.0,0.292018018681494
0.20653846153846156,556607,0.17097161911366549,1.0,0.29201667456821495
0.20652236652236652,556609,0.17097100478073476,1.0,0.29201577849956967
0.20652173913043478,556611,0.17097039045221887,1.0,0.2920148824364236
0.20650000000000002,556612,0.17097008328961646,1.0,0.2920144344069128
0.20649350649350648,556617,0.17096854749315957,1.0,0.29201219427998054
0.2063636363636364,556619,0.17096793318230244,1.0,0.29201129823883104
0.20636363636363636,556687,0.17094704923951878,1.0,0.29198083611131986
0.20625,556688,0.17094674216077946,1.0,0.29198038818627536
0.20617816091954022,556690,0.1709461280066105,1.0,0.29197949234030934
0.20613636363636365,556691,0.17094582093118085,1.0,0.2919790444193877
0.2061111111111111,556696,0.17094428557058072,1.0,0.2919768048353941
0.20607427055702915,556698,0.170943671434063,1.0,0.2919759090114165
0.20606060606060606,556700,0.17094305730195797,1.0,0.29197501319293595
0.20603448275862069,556701,0.1709427502375602,1.0,0.291974565285757
0.20596403596403595,556703,0.17094213611207412,1.0,0.29197366947552184
0.20594405594405596,556714,0.1709387585007742,1.0,0.2919687426174836
0.20584415584415586,556716,0.17093814440396898,1.0,0.2919678468429772
0.20583333333333334,556717,0.17093783735722098,1.0,0.29196739895778523
0.20580808080808083,556719,0.17093722326703417,1.0,0.2919665031915236
0.20579710144927535,556721,0.17093660918125955,1.0,0.29196560743075844
0.2057142857142857,556733,0.17093292475926522,1.0,0.29196023298159063
0.20569696969696968,556734,0.17093261773126844,1.0,0.291959785119758
0.2056818181818182,556736,0.17093200367858374,1.0,0.29195888940021475
0.20555555555555555,556744,0.1709295475119624,1.0,0.2919553065770017
0.20554347826086958,556747,0.17092862646767742,1.0,0.29195396304096727
0.2054834054834055,556748,0.17092831945512152,1.0,0.2919535151983703
0.20544444444444446,556750,0.17092770543331837,1.0,0.29195261951729834
0.20543543543543544,556752,0.17092709141592666,1.0,0.2919517238417219
0.2053968253968254,556753,0.1709267844088851,1.0,0.29195127600599463
0.20535714285714285,556755,0.17092617039811048,1.0,0.2919503803386617
0.20535353535353534,556762,0.17092402139513832,1.0,0.29194724554627366
0.2053511705685619,556765,0.17092310041040654,1.0,0.2919459020844294
0.2053448275862069,556771,0.17092125847071776,1.0,0.2919432151978341
0.20528360528360529,556772,0.17092095148462927,1.0,0.2919427673882099
0.2051948051948052,556774,0.17092033751576044,1.0,0.29194187177308273
0.2051470588235294,556776,0.1709197235513025,1.0,0.2919409761634506
0.20512820512820512,556777,0.1709194165707276,1.0,0.29194052836069523
0.2051111111111111,556779,0.1709188026128859,1.0,0.2919396327593056
0.20500000000000002,556795,0.17091389110893596,1.0,0.291932468146003
0.205,556797,0.17091327719078947,1.0,0.2919315725940662
0.20493506493506491,556799,0.1709126632770533,1.0,0.2919306770476239
0.20491551459293394,556800,0.17091235632183907,1.0,0.2919302292764631
0.20491039426523297,556802,0.17091174241471835,1.0,0.2919293337382624
0.20487179487179485,556804,0.17091112851200782,1.0,0.29192843820555614
0.20485714285714285,556806,0.17091051461370746,1.0,0.2919275426783441
0.20480769230769233,556815,0.1709077521259305,1.0,0.2919235128738809
0.2047953216374269,556816,0.17090744518835665,1.0,0.2919230651246971
0.20478927203065134,556818,0.17090683131651635,1.0,0.2919221696304499
0.20476190476190478,556820,0.17090621744908588,1.0,0.2919212741416967
0.20476190476190476,556907,0.17087951848333743,1.0,0.29188232569766176
0.20474747474747476,556912,0.17087798431350015,1.0,0.2918800875971512
0.20473856209150326,556913,0.17087767748283844,1.0,0.2918796399811679
0.20472179993919123,556914,0.1708773706532786,1.0,0.29187919236655735
0.2046774193548387,556919,0.1708758365220077,1.0,0.29187695431409805
0.2046583850931677,556920,0.17087552969905911,1.0,0.29187650670772475
0.20464285714285713,556924,0.17087430241828327,1.0,0.29187471629596
0.20450000000000002,556925,0.17087399560084393,1.0,0.291874268696451
0.20445344129554655,556927,0.17087338196927065,1.0,0.2918733735015511
0.20444444444444443,556930,0.17087246153017435,1.0,0.29187203071949747
0.2043956043956044,556932,0.17087184790961912,1.0,0.2918711355383256
0.204375,556935,0.17087092748704966,1.0,0.29186979277686365
0.20434343434343433,556937,0.17087031387751217,1.0,0.29186889760941936
0.20430769230769233,556941,0.17086908667165823,1.0,0.2918671072910038
0.20430622009569377,556942,0.17086877987294907,1.0,0.2918666597148316
0.20427350427350427,556955,0.17086479158998483,1.0,0.2918608413495083
0.2041880341880342,556956,0.17086448480669927,1.0,0.2918603937925535
0.20416666666666666,556966,0.17086141703443297,1.0,0.2918559182984988
0.2041545893719807,556971,0.1708598831896095,1.0,0.29185368060294264
0.20415209790209793,556972,0.1708595764239495,1.0,0.291853233067949
0.20413461538461536,556973,0.17085926965939102,1.0,0.2918527855343279
0.2040909090909091,556977,0.1708580426121725,1.0,0.29185099541356857
0.20404040404040405,556979,0.17085742909517235,1.0,0.2918501003614238
0.2039763684591271,556981,0.17085681558257823,1.0,0.291849205314769
0.20396825396825397,556983,0.17085620207439006,1.0,0.291848310273604
0.2038791643139469,556985,0.1708555885706078,1.0,0.29184741523792873
0.20384615384615384,557018,0.17084546639426373,1.0,0.29183264794183217
0.20383838383838385,557020,0.17084485296757745,1.0,0.2918317530022202
0.20371621621621622,557022,0.17084423954529623,1.0,0.2918308580680971
0.20361111111111113,557030,0.1708417859002208,1.0,0.29182727838649236
0.2036111111111111,557031,0.17084147919954185,1.0,0.2918268309324665
0.20357142857142857,557035,0.17084025240783793,1.0,0.29182504113008456
0.20354609929078016,557037,0.17083963901859303,1.0,0.29182414623712627
0.2034574028122415,557039,0.17083902563375275,1.0,0.2918232513496564
0.20341880341880342,557052,0.17083503873965086,1.0,0.2918174347148797
0.20333333333333334,557056,0.17083381204044118,1.0,0.29181564502775137
0.2033333333333333,557105,0.17081878640471723,1.0,0.29179372314183255
0.20332792207792208,557106,0.17081847978661152,1.0,0.2917932757907002
0.20328947368421052,557110,0.1708172533251961,1.0,0.29179148639988717
0.20325670498084292,557112,0.17081664010109276,1.0,0.29179059171271055
0.20322077922077922,557113,0.1708163334906922,1.0,0.2917901443711797
0.2032142857142857,557115,0.17081572027319314,1.0,0.2917892496922329
0.20320197044334973,557117,0.1708151070600969,1.0,0.2917883550187726
0.20317460317460317,557119,0.17081449385140338,1.0,0.29178746035079867
0.203125,557121,0.17081388064711256,1.0,0.29178656568831113
0.20311111111111113,557128,0.17081173446676526,1.0,0.29178343441280896
0.20303030303030303,557174,0.17079763233747447,1.0,0.2917628591313092
0.203030303030303,557222,0.1707829195545043,1.0,0.29174139236586927
0.20302197802197802,557236,0.17077862880359487,1.0,0.2917351318209687
0.20285714285714285,557240,0.17077740291436366,1.0,0.29173334314320576
0.20285256410256408,557242,0.1707767899763478,1.0,0.2917324488125492
0.2028448275862069,557243,0.1707764835089898,1.0,0.2917320016492772
0.20283251231527094,557244,0.17077617704273174,1.0,0.29173155448737603
0.20281385281385278,557245,0.1707758705775736,1.0,0.2917311073268456
0.20279220779220777,557246,0.17077556411351538,1.0,0.29173066016768595
0.2027690700104493,557247,0.17077525765055712,1.0,0.2917302130098971
0.20274044795783927,557249,0.1707746447279403,1.0,0.2917293186984318
0.2026984126984127,557251,0.1707740318097231,1.0,0.2917284243924496
0.20268817204301076,557252,0.17077372535226432,1.0,0.2917279772415146
0.20266666666666666,557254,0.17077311244064647,1.0,0.29172708294375693
0.2026525198938992,557267,0.17076912862236593,1.0,0.29172127014197663
0.20264957264957267,557272,0.17076759643405734,1.0,0.29171903451066467
0.2026470588235294,557274,0.1707669835664323,1.0,0.29171814026773424
0.2025,557279,0.17076545141661537,1.0,0.29171590468439385
0.20246753246753246,557280,0.17076514498995118,1.0,0.2917154575718376
0.20243243243243242,557282,0.170764532139922,1.0,0.2917145633508367
0.20230769230769233,557292,0.17076146795575747,1.0,0.29171009232806505
0.20230158730158732,557296,0.1707602423128822,1.0,0.2917083039573307
0.20221198156682027,557297,0.17075993590491245,1.0,0.2917078568680733
0.2021774193548387,557300,0.17075901668760093,1.0,0.291706515608524
0.20215686274509803,557301,0.17075871028402964,1.0,0.2917060685247485
0.2021294021294021,557303,0.17075809748018583,1.0,0.2917051743613087
0.20205128205128203,557304,0.1707577910799133,1.0,0.2917047272816445
0.20201465201465202,557305,0.17075748468074034,1.0,0.29170428020335065
0.20198511166253103,557318,0.17075350159155098,1.0,0.29169846831023694
0.2019607843137255,557321,0.17075258244351102,1.0,0.29169712713702234
0.20195426195426197,557323,0.17075196968364845,1.0,0.29169623302839753
0.20194805194805193,557324,0.17075166330536637,1.0,0.2916957859761406
0.20192307692307693,557325,0.17075135692818375,1.0,0.2916953389252539
0.20182539682539682,557326,0.17075105055210058,1.0,0.29169489187573755
0.2018007662835249,557330,0.17074982505876232,1.0,0.29169310369137497
0.2017857142857143,557332,0.17074921231868975,1.0,0.2916922096074152
0.20177177177177177,557334,0.17074859958301486,1.0,0.29169131552893646
0.20174089068825912,557336,0.17074798685173756,1.0,0.2916904214559387
0.20171717171717174,557337,0.170747680487748,1.0,0.2916899744214952
0.20170454545454547,557338,0.1707473741248578,1.0,0.2916895273884218
0.2016969696969697,557340,0.17074676140237557,1.0,0.2916886333263857
0.2016826923076923,557343,0.17074584232689743,1.0,0.29168729224360807
0.2016666666666667,557345,0.17074522961540878,1.0,0.2916863981952739
0.20166666666666666,557349,0.1707440042056234,1.0,0.29168461011504754
0.20160714285714285,557350,0.17074369785592536,1.0,0.29168416309841627
0.2015909090909091,557352,0.1707430851598272,1.0,0.2916832690692642
0.2015873015873016,557358,0.17074124709791552,1.0,0.2916805870146907
0.20153846153846156,557359,0.17074094075811103,1.0,0.29168014001039044
0.20151515151515154,557360,0.17074063441940576,1.0,0.2916796930074602
0.2014705882352941,557361,0.17074032808179976,1.0,0.2916792460059001
0.201455938697318,557365,0.17073910274236812,1.0,0.2916774580133603
0.20144300144300145,557366,0.17073879641025824,1.0,0.29167701101865046
0.20142857142857143,557409,0.17072562516931014,1.0,0.29165779154209565
0.2013986013986014,557419,0.17072256238126077,1.0,0.2916533222593908
0.2013888888888889,557421,0.17072194983683786,1.0,0.29165242841928635
0.2012987012987013,557423,0.1707213372968105,1.0,0.29165153458466075
0.2012820512820513,557426,0.170720418495011,1.0,0.2916501938429948
0.2012539184952978,557428,0.17071980596597228,1.0,0.29164930002206585
0.2012087912087912,557431,0.17071888718065553,1.0,0.29164795930094467
0.20118131868131867,557433,0.1707182746626052,1.0,0.29164706549371205
0.2011553663727577,557435,0.1707176621489501,1.0,0.29164617169195783
0.20113636363636364,557441,0.17071582463435592,1.0,0.29164349031956543
0.20113122171945702,557452,0.1707124559603338,1.0,0.2916385745982323
0.20111111111111113,557460,0.17071000609909232,1.0,0.2916349996322538
0.2011111111111111,557464,0.17070878119483948,1.0,0.2916332121821313
0.20110599078341013,557467,0.1707078625281855,1.0,0.29163187160891835
0.20103448275862068,557469,0.17070725008924262,1.0,0.29163097790029
0.201,557472,0.1707063314390678,1.0,0.291629637347618
0.20098039215686275,557474,0.17070571901111084,1.0,0.29162874365268343
0.20093795093795094,557480,0.1707038817536055,1.0,0.29162606260074403
0.20090909090909093,557485,0.17070235073589424,1.0,0.2916238284284508
0.20087912087912088,557494,0.17069959497321943,1.0,0.29161980700458734
0.2007936507936508,557498,0.1706983702183685,1.0,0.2916180197406928
0.20078853046594983,557500,0.17069775784753363,1.0,0.2916171261169606
0.20076923076923078,557501,0.17069745166376382,1.0,0.29161667930714835
0.20076923076923076,557506,0.1706959207613909,1.0,0.2916144452786247
0.20069444444444445,557508,0.17069530840813046,1.0,0.29161355167679937
0.20068640068640067,557509,0.17069500223314782,1.0,0.29161310487794045
0.20064102564102565,557517,0.1706925528728272,1.0,0.29160953053635696
0.2006081081081081,557519,0.17069194054373035,1.0,0.29160863696465206
0.20060606060606062,557520,0.17069163438082938,1.0,0.2916081901808532
0.2005681818181818,557523,0.1706907158987163,1.0,0.29160684983767104
0.20054347826086957,557528,0.17068918511716002,1.0,0.2916046159597482
0.2005194805194805,557530,0.17068857281222535,1.0,0.29160372241816224
0.20050420168067226,557532,0.17068796051168364,1.0,0.2916028288820523
0.20047619047619047,557534,0.17068734821553483,1.0,0.29160193535141826
0.20046594982078852,557536,0.17068673592377892,1.0,0.2916010418262602
0.20046082949308755,557537,0.17068642977954826,1.0,0.29160059506573455
0.20041580041580043,557538,0.1706861236364158,1.0,0.2916001483065779
0.20036363636363635,557540,0.17068551135344548,1.0,0.29159925479237137
0.20034506556245688,557547,0.1706833683976418,1.0,0.29159612753577
0.20025210084033612,557549,0.1706827561344384,1.0,0.2915952340462041
0.20020242914979758,557556,0.17068061324781725,1.0,0.2915921068758426
0.20020202020202021,557557,0.1706803071255495,1.0,0.291591660142695
0.20017857142857143,557559,0.1706796948843082,1.0,0.29159076668050615
0.20011363636363638,557560,0.17067938876533467,1.0,0.29159031995146495
0.20009575923392614,557562,0.17067877653068178,1.0,0.291589426497489
0.2000751879699248,557564,0.17067816430042113,1.0,0.29158853304898824
0.2,570313,0.16686275781895205,1.0,0.28600237123146255
0.19999999999999998,570399,0.16683759964516068,1.0,0.2859654157457671
0.1999665551839465,570401,0.16683701466161524,1.0,0.28596455642949975
0.19993464052287582,570402,0.16683672217138087,1.0,0.2859641267733027
0.1998611111111111,570404,0.16683613719398882,1.0,0.28596326746478196
0.19982078853046592,570406,0.16683555222069893,1.0,0.2859624081614255
0.1998015873015873,570413,0.16683350484648843,1.0,0.28595940064034664
0.19971014492753622,570414,0.16683321236856039,1.0,0.28595897099964246
0.1996969696969697,570415,0.16683291989165783,1.0,0.2859585413602292
0.19965034965034967,570418,0.16683204246710306,1.0,0.2859572524497357
0.19954954954954957,570419,0.16683174999430245,1.0,0.2859568228154866
0.19952380952380952,570423,0.16683058011335447,1.0,0.2859551042913999
0.1995,570428,0.16682911778524195,1.0,0.28595295616533856
0.19944444444444445,570430,0.1668285328611749,1.0,0.2859520969239506
0.19944055944055944,570431,0.16682824040067948,1.0,0.28595166730519306
0.19940711462450592,570432,0.16682794794120948,1.0,0.28595123768772646
0.1993015873015873,570434,0.16682736302534562,1.0,0.28595037845666604
0.19926108374384238,570436,0.1668267781135833,1.0,0.2859495192307692
0.19922077922077921,570438,0.16682619320592246,1.0,0.285948660010036
0.1991919191919192,570439,0.1668259007536301,1.0,0.2859482304016058
0.19916666666666666,570448,0.1668232687291392,1.0,0.2859443639838224
0.19903846153846155,570449,0.16682297628710016,1.0,0.28594393438830074
0.199020979020979,570451,0.16682239140609798,1.0,0.28594307520112977
0.19893939393939394,570454,0.16682151409228438,1.0,0.28594178643005447
0.19886363636363635,570457,0.1668206367876983,1.0,0.2859404976705963
0.19884004884004886,570459,0.1668200519231005,1.0,0.2859396385040781
0.1988095238095238,570464,0.1668185897795479,1.0,0.28593749061037094
0.19875816993464052,570466,0.1668180049293034,1.0,0.2859366314619233
0.19871794871794873,570467,0.166817712505719,1.0,0.28593620188963553
0.1986111111111111,570471,0.16681654282163336,1.0,0.28593448361339174
0.19860139860139864,570473,0.16681595798574167,1.0,0.28593362448301407
0.19857142857142857,570480,0.16681391109241342,1.0,0.28593061756734833
0.19846743295019154,570482,0.1668133262749745,1.0,0.2859297584602026
0.198456715698095,570484,0.16681274146163608,1.0,0.28592889935821936
0.19842809364548494,570486,0.16681215665239812,1.0,0.2859280402613986
0.19837301587301587,570489,0.16681127944622945,1.0,0.2859267516258471
0.19833333333333333,570491,0.16681069464724246,1.0,0.28592589254193235
0.1982905982905983,570498,0.1668086478830776,1.0,0.28592288578888386
0.19825396825396824,570499,0.16680835549229708,1.0,0.28592245625789625
0.1982456140350877,570502,0.1668074783261058,1.0,0.2859211676726767
0.1982142857142857,570505,0.16680660116913962,1.0,0.28591987909907174
0.198125,570507,0.16680601640295387,1.0,0.2859190200564543
0.19807692307692307,570509,0.16680543164086806,1.0,0.2859181610189988
0.19805555555555557,570511,0.1668048468828822,1.0,0.28591730198670523
0.198015873015873,570513,0.16680426212899618,1.0,0.28591644295957347
0.19799188640973628,570515,0.16680367737921,1.0,0.2859155839376035
0.1979020979020979,570520,0.16680221552268107,1.0,0.28591343640526135
0.19789473684210526,570522,0.16680163078724397,1.0,0.2859125774013574
0.19788461538461538,570528,0.1667998766055303,1.0,0.28591000042061493
0.1978448275862069,570538,0.1667969530513305,1.0,0.2859057055559394
0.19783251231527094,570539,0.16679666070154714,1.0,0.2859052760765687
0.19777777777777777,570551,0.166793152584081,1.0,0.2859001224247613
0.19777777777777775,570552,0.16679286024761986,1.0,0.28589969296216405
0.19772727272727275,570560,0.1667905215928211,1.0,0.28589625730783325
0.19772727272727272,570563,0.16678964461417933,1.0,0.28589496895874733
0.19770114942528735,570566,0.16678876764475978,1.0,0.2858936806212729
0.19764957264957264,570567,0.16678847532366925,1.0,0.28589325117802833
0.19761904761904764,570568,0.16678818300360343,1.0,0.285892821736074
0.1976190476190476,570570,0.16678759836654575,1.0,0.28589196285603563
0.19755555555555557,570572,0.16678701373358665,1.0,0.2858911039811577
0.1975,570577,0.16678555216912003,1.0,0.2858889568165398
0.19749999999999998,570578,0.16678525985930057,1.0,0.28588852738748644
0.19747536945812805,570580,0.16678467524273546,1.0,0.28588766853325
0.19747474747474747,570581,0.1667843829359898,1.0,0.28588723910806685
0.19747474747474744,570582,0.16678409063026875,1.0,0.28588680968417385
0.19743589743589743,570594,0.16678058304153215,1.0,0.28588165669807947
0.19743506493506496,570596,0.16677999845775296,1.0,0.28588079788512377
0.19740259740259739,570598,0.16677941387807177,1.0,0.2858799390773279
0.19738461538461538,570603,0.16677795244679752,1.0,0.28587779208041253
0.19735042735042735,570605,0.16677736788145917,1.0,0.28587693329067587
0.19732142857142856,570610,0.16677590648604126,1.0,0.28587478633890784
0.1973015873015873,570612,0.16677532193504518,1.0,0.28587392756722985
0.19727272727272727,570614,0.1667747373881468,1.0,0.28587306880071134
0.1971774193548387,570618,0.16677356830664297,1.0,0.2858713512831528
0.19714285714285715,570619,0.16677327603882802,1.0,0.2858709219069877
0.19714285714285712,570622,0.16677239924152942,1.0,0.2858696337862316
0.1971111111111111,570624,0.1667718147151189,1.0,0.28586877504551
0.19709401709401708,570625,0.16677152245345017,1.0,0.2858683456770839
0.19705128205128208,570626,0.1667712301928058,1.0,0.2858679163099476
0.19698412698412698,570627,0.1667709379331858,1.0,0.2858674869441011
0.19698412698412696,570628,0.1667706456745901,1.0,0.28586705757954434
0.196979006656426,570630,0.16677006116047177,1.0,0.28586619885430026
0.19696969696969696,570631,0.16676976890494907,1.0,0.2858657694936129
0.19693486590038314,570632,0.16676947665045072,1.0,0.28586534013421533
0.19692307692307692,570640,0.16676713865133885,1.0,0.28586190530546524
0.19690058479532163,570642,0.16676655416180372,1.0,0.285861046611175
0.196875,570644,0.16676596967636564,1.0,0.2858601879220436
0.19686783804430863,570645,0.166765677435183,1.0,0.2858597585794124
0.19682539682539682,570691,0.16675223544790438,1.0,0.28584001021243366
0.19681063122923587,570692,0.1667519432548555,1.0,0.2858395809304114
0.19678571428571426,570694,0.16675135887182974,1.0,0.2858387223702351
0.19672727272727272,570697,0.16675048230497094,1.0,0.28583743453964117
0.19666666666666666,570710,0.1667466839550735,1.0,0.2858318540744946
0.1965909090909091,570717,0.16674463876141765,1.0,0.2858288492988988
0.19649769585253454,570718,0.16674434659499088,1.0,0.2858284200503993
0.1964957264957265,570719,0.16674405442958795,1.0,0.28582799080318916
0.19649572649572647,570723,0.16674288577821464,1.0,0.2858262738272409
0.1964935064935065,570725,0.166742301458671,1.0,0.2858254153470023
0.1964705882352941,570727,0.16674171714322258,1.0,0.2858245568719205
0.19642857142857142,570729,0.16674113283186942,1.0,0.2858236984019955
0.1963924963924964,570731,0.16674054852461143,1.0,0.28582283993722735
0.19636363636363638,570732,0.1667402563725181,1.0,0.285822410706777
0.19636363636363635,570734,0.16673967207140278,1.0,0.2858215522497439
0.1963235294117647,570738,0.16673850348145733,1.0,0.28581983535114774
0.1961904761904762,570739,0.16673821133653036,1.0,0.2858194061297216
0.19611111111111112,570743,0.16673704276705978,1.0,0.28581768925690826
0.1961038961038961,570745,0.16673645848846683,1.0,0.28581683082823633
0.1960869565217391,570747,0.1667358742139687,1.0,0.2858159724047208
0.19607142857142856,570750,0.16673499780989925,1.0,0.2858146847791156
0.19604166666666664,570751,0.16673470567725682,1.0,0.28581425557315876
0.19595281306715062,570752,0.16673441354563803,1.0,0.2858138263684909
0.19587301587301587,570754,0.1667338292854715,1.0,0.2858129679630225
0.19583333333333336,570756,0.1667332450293996,1.0,0.2858121095627102
0.19583333333333333,570769,0.16672944746473617,1.0,0.2858065300863601
0.19571428571428573,570771,0.16672886323937272,1.0,0.28580567172471794
0.19569892473118278,570773,0.16672827901810353,1.0,0.28580481336823155
0.19569444444444445,570775,0.16672769480092856,1.0,0.2858039550169009
0.19564102564102565,570777,0.16672711058784778,1.0,0.28580309667072606
0.19561076604554864,570779,0.16672652637886118,1.0,0.2858022383297069
0.1956081081081081,570784,0.16672506587430622,1.0,0.28580009249971466
0.19555555555555557,570786,0.16672448167964876,1.0,0.28579923417674
0.19553140096618357,570788,0.16672389748908525,1.0,0.28579837585892076
0.1955128205128205,570797,0.16672126868221102,1.0,0.2857945134925318
0.19549019607843135,570800,0.16672039243167483,1.0,0.28579322606026747
0.19547619047619047,570801,0.16672010035020962,1.0,0.285792796918757
0.1954545454545455,570803,0.1667195161903494,1.0,0.2857919386396023
0.19545454545454546,570806,0.1667186399582345,1.0,0.2857906512305359
0.1954515599343185,570808,0.16671805580860816,1.0,0.2857897929642688
0.19543926661573718,570809,0.16671776373533004,1.0,0.2857893638330683
0.1953968253968254,570815,0.1667160113171518,1.0,0.28578678907292876
0.19539473684210526,570816,0.16671571925103712,1.0,0.2857863599507493
0.1953846153846154,570821,0.16671425893581351,1.0,0.2857842143591823
0.19538461538461538,570824,0.16671338275895897,1.0,0.2857829270197061
0.1953342245989305,570826,0.1667127986461724,1.0,0.28578206879983187
0.19533333333333336,570827,0.166712506591314,1.0,0.2857816396918277
0.19523809523809524,570830,0.16671163043287843,1.0,0.28578035237554694
0.1952380952380952,570834,0.1667104622359565,1.0,0.2857786359718798
0.19523297491039426,570835,0.1667101701892841,1.0,0.2857782068741845
0.1952136752136752,570836,0.16670987814363494,1.0,0.2857777777777778
0.19512626262626265,570838,0.16670929405540627,1.0,0.28577691958883006
0.19511363636363635,570839,0.16670900201282673,1.0,0.28577649049628906
0.19509476031215164,570840,0.1667087099712704,1.0,0.2857760614050366
0.19506203473945408,570846,0.16670695774341943,1.0,0.2857734868845813
0.19503118503118502,570848,0.16670637367565447,1.0,0.2857726287214044
0.195,570994,0.16666374778018683,1.0,0.2857099967275031
0.19499999999999998,570998,0.16666258025422157,1.0,0.28570828116884484
0.19487179487179487,571000,0.16666199649737304,1.0,0.28570742339724153
0.19487179487179485,571001,0.16666170462048227,1.0,0.2857069945133713
0.1948616600790514,571004,0.16666082899594398,1.0,0.2857057078694864
0.19485714285714287,571006,0.1666602452513634,1.0,0.2857048501133344
0.1948251748251748,571007,0.16665995338060655,1.0,0.28570442123718987
0.1948168498168498,571009,0.16665936964215974,1.0,0.2857035634887634
0.19479166666666664,571012,0.16665849404215674,1.0,0.2857022768757806
0.19476190476190475,571015,0.16665761845135416,1.0,0.28570099027438567
0.19475961538461536,571018,0.1666567428697519,1.0,0.2856997036845787
0.19474747474747475,571020,0.16665615915379497,1.0,0.2856988459644783
0.1947126436781609,571023,0.16665528358752624,1.0,0.28569755939398395
0.19469654528478056,571024,0.16665499173414777,1.0,0.2856971305397275
0.1945736434108527,571026,0.16665440803045745,1.0,0.28569627283507704
0.19455128205128208,571031,0.16665294878912004,1.0,0.2856941285959817
0.19452380952380952,571033,0.1666523650997403,1.0,0.28569327090935565
0.1945,571035,0.1666517814144492,1.0,0.28569241322787936
0.19445887445887444,571036,0.1666514895733369,1.0,0.2856919843890724
0.19444444444444445,571054,0.1666462366080966,1.0,0.2856842655106887
0.19442195231668916,571057,0.16664536114608525,1.0,0.2856829790715093
0.19439560439560438,571060,0.16664448569327217,1.0,0.2856816926439156
0.1943609022556391,571061,0.16664419387771184,1.0,0.2856812638372922
0.1943548387096774,571063,0.1666436102496572,1.0,0.2856804062279073
0.1943243243243243,571065,0.16664302662569058,1.0,0.2856795486236714
0.19431818181818183,571066,0.16664273481524028,1.0,0.28567911982348443
0.19424242424242422,571073,0.1666406921707032,1.0,0.2856761182582174
0.19415584415584414,571076,0.1666398167669452,1.0,0.28567483189241116
0.19415458937198068,571078,0.1666392331695495,1.0,0.2856739743216429
0.1941025641025641,571080,0.1666386495762415,1.0,0.2856731167560233
0.19404761904761905,571082,0.16663806598702113,1.0,0.28567225919555245
0.19401069518716577,571084,0.16663748240188833,1.0,0.28567140164023
0.19399999999999998,571090,0.16663573167101509,1.0,0.28566882900515417
0.19396825396825396,571093,0.16663485631937355,1.0,0.28566754270499223
0.19393939393939394,571104,0.1666316467753684,1.0,0.2856628263701694
0.19392857142857142,571105,0.16663135500477144,1.0,0.2856623976201804
0.19384615384615386,571118,0.16662756207999047,1.0,0.28565682398744074
0.19383838383838387,571119,0.16662727032369787,1.0,0.2856563952554695
0.19381818181818183,571124,0.16662581155756018,1.0,0.2856542516149173
0.1937179487179487,571125,0.16662551980739768,1.0,0.2856538228906676
0.19368131868131866,571127,0.16662493631013767,1.0,0.2856529654460288
0.19367816091954024,571129,0.1666243528169643,1.0,0.28565210800653773
0.19361111111111112,571131,0.16662376932787748,1.0,0.285651250572194
0.1935897435897436,571132,0.16662347758486654,1.0,0.28565082185695245
0.19357142857142856,571139,0.16662143541239524,1.0,0.28564782088629354
0.19351580319322256,571141,0.16662085194374068,1.0,0.28564696347768664
0.19350649350649352,571142,0.1666205602109458,1.0,0.28564653477531343
0.1935064935064935,571143,0.16662026847917247,1.0,0.2856461060742271
0.19346153846153846,571145,0.16661968501869054,1.0,0.2856452486759147
0.19343891402714933,571146,0.1666193932899819,1.0,0.28564481997868857
0.19335664335664338,571149,0.16661851810998532,1.0,0.2856435338947312
0.19333922782198643,571150,0.16661822638536286,1.0,0.2856431052026522
0.19333333333333333,571167,0.16661326722307135,1.0,0.2856358176341788
0.19328671328671332,571168,0.16661297551683568,1.0,0.28563538896526053
0.19321982365460624,571169,0.16661268381162142,1.0,0.28563496029762897
0.1932142857142857,571171,0.16661210040425722,1.0,0.2856341029662257
0.19320197044334975,571178,0.1666100585106569,1.0,0.2856311023468429
0.19313725490196076,571180,0.16660947512167792,1.0,0.28563024503859863
0.193125,571181,0.1666091834287205,1.0,0.28562981638640644
0.19311111111111112,571184,0.16660830835597637,1.0,0.28562853043754916
0.1930769230769231,571188,0.16660714160661638,1.0,0.28562681585708455
0.19307692307692306,571196,0.16660480815691986,1.0,0.28562338675790866
0.19304347826086957,571198,0.1666042248047087,1.0,0.2856225294959797
0.19301075268817205,571199,0.16660393313013502,1.0,0.2856221008669449
0.19301075268817203,571201,0.1666033497840515,1.0,0.2856212436127348
0.19290909090909092,571202,0.1666030581125416,1.0,0.28562081498755937
0.19285714285714287,571206,0.1666018914367146,1.0,0.2856191004997224
0.19285714285714284,571277,0.16658118565949617,1.0,0.2855886717653926
0.19280808080808082,571279,0.16658060247269724,1.0,0.2855878147118358
0.19277389277389276,571280,0.166580310880829,1.0,0.2855873861869864
0.19275362318840578,571287,0.1665782697663346,1.0,0.28558438654904866
0.19270833333333334,571291,0.1665771034376526,1.0,0.28558267249851826
0.19268817204301075,571293,0.16657652027943629,1.0,0.2855818154809688
0.19264957264957266,571298,0.1665750624017588,1.0,0.2855796729595986
0.19261363636363638,571306,0.16657272985055294,1.0,0.28557624499227274
0.1926007326007326,571308,0.16657214672295853,1.0,0.28557538801329985
0.19257985257985258,571310,0.1665715635994469,1.0,0.2855745310394704
0.19256944444444446,571311,0.16657127203922206,1.0,0.2855741025544844
0.19253456221198156,571312,0.16657098048001792,1.0,0.2855736740707842
0.1925,571369,0.16655436329237322,1.0,0.28554925262515135
0.19249999999999998,571371,0.16655378029336457,1.0,0.28554839580817215
0.19248803827751193,571373,0.16655319729843726,1.0,0.2855475389963348
0.1924825174825175,571375,0.16655261430759133,1.0,0.2855466821896393
0.19242424242424244,571379,0.16655144833814334,1.0,0.2855449685916737
0.19242424242424241,571382,0.16655057387177055,1.0,0.2855436834066966
0.1923809523809524,571384,0.16654999089929015,1.0,0.2855428266231389
0.19238095238095237,571385,0.16654969941458037,1.0,0.2855423982332882
0.19230769230769232,571744,0.16644512229249453,1.0,0.28538868929447536
0.19223214285714285,571747,0.1664442489422769,1.0,0.28538740551587843
0.1922222222222222,571756,0.1664416289466136,1.0,0.2853835542493853
0.19220779220779222,571761,0.1664401734291076,1.0,0.285381414701803
0.1921774193548387,571763,0.1664395912292331,1.0,0.2853805588917528
0.19215686274509805,571766,0.16643871793705817,1.0,0.2853792751863014
0.19215584415584414,571768,0.16643813574736607,1.0,0.28537841938908315
0.19215311004784688,571769,0.16643784465404735,1.0,0.2853779914923988
0.19214285714285712,571771,0.1664372624704646,1.0,0.2853771357028796
0.192,571773,0.16643668029095463,1.0,0.285376279918493
0.1919799498746867,571774,0.16643638920272696,1.0,0.2853758520282245
0.1919512195121951,571776,0.16643580702932617,1.0,0.2853749962515369
0.19194805194805195,571777,0.16643551594415304,1.0,0.2853745683651177
0.19192307692307692,571779,0.16643493377686133,1.0,0.28537371259612887
0.19191919191919193,571780,0.16643464269474273,1.0,0.28537328471355916
0.1919047619047619,571782,0.16643406053356,1.0,0.285372428952269
0.191875,571784,0.16643347837644984,1.0,0.28537157319611123
0.19182539682539682,571789,0.16643202300149182,1.0,0.2853694338281708
0.19174603174603175,571791,0.1664314408586354,1.0,0.28536857808997607
0.19172077922077924,571792,0.16643114978873436,1.0,0.2853681502228033
0.19168067226890756,571794,0.16643056765198655,1.0,0.28536729449230686
0.19167832167832166,571795,0.16643027658513979,1.0,0.2853668666289832
0.19166666666666668,571797,0.16642969445450045,1.0,0.2853660109061849
0.19166666666666665,571818,0.16642358232864302,1.0,0.28535702612664204
0.19161490683229815,571824,0.16642183608942612,1.0,0.2853544591506894
0.19158730158730158,571825,0.1664215450531194,1.0,0.28535403132585396
0.19157706093189963,571826,0.1664212540178306,1.0,0.2853536035023014
0.19155555555555556,571827,0.1664209629835597,1.0,0.28535317568003166
0.19153846153846155,571836,0.16641834372092698,1.0,0.2853493253373313
0.1915223665223665,571838,0.16641776167376074,1.0,0.28534846971973093
0.19149560117302053,571841,0.16641688861064527,1.0,0.28534718630295125
0.19145833333333334,571843,0.16641630657365747,1.0,0.2853463306981786
0.191455938697318,571845,0.16641572454074094,1.0,0.2853454750985369
0.19144144144144146,571848,0.16641485149899973,1.0,0.28534419170869485
0.19144144144144143,571849,0.1664145604871216,1.0,0.28534376391464633
0.19142857142857142,571856,0.1664125234324725,1.0,0.28534076939222214
0.1914285714285714,571864,0.16641019543108151,1.0,0.2853373471578405
0.19136363636363635,571867,0.16640932244735226,1.0,0.2853360638411108
0.19133089133089132,571869,0.1664087404632879,1.0,0.28533520830303744
0.1912162162162162,571871,0.16640815848329432,1.0,0.2853343527700945
0.1912087912087912,571873,0.1664075765073714,1.0,0.2853334972422819
0.19119318181818182,571875,0.16640699453551913,1.0,0.2853326417195996
0.19112554112554114,571878,0.1664061215853731,1.0,0.28533135844519536
0.19111111111111112,571933,0.16639011912234475,1.0,0.28530783379328645
0.1911111111111111,571934,0.1663898281969598,1.0,0.28530740610824795
0.19107434640522877,571936,0.16638924634924188,1.0,0.2853065507420177
0.1910714285714286,571940,0.16638808266601393,1.0,0.28530484002494366
0.19099099099099098,571944,0.16638691899906285,1.0,0.28530312932838464
0.19096525096525097,571945,0.1663866280848683,1.0,0.28530270165745025
0.19095238095238096,571946,0.16638633717169105,1.0,0.2853022739877981
0.19090909090909092,571955,0.16638371899887228,1.0,0.28529842501862485
0.1908730158730159,571957,0.16638313719387995,1.0,0.2852975697062452
0.19083333333333335,571958,0.16638284629290961,1.0,0.2852971420519785
0.19082125603864733,571960,0.16638226449402055,1.0,0.28529628674729135
0.19078853046594982,571965,0.16638081001459878,1.0,0.2852941485080097
0.19075187969924812,571966,0.166380519121766,1.0,0.2852937208639995
0.19071428571428573,571969,0.1663796464493705,1.0,0.2852924379396612
0.1907142857142857,571971,0.1663790646728593,1.0,0.2852915826631791
0.1907051282051282,571973,0.16637848290041662,1.0,0.28529072739182504
0.19068965517241376,571979,0.16637673760749958,1.0,0.2852881616085307
0.19068181818181817,571980,0.1663764467289066,1.0,0.28528773398246854
0.19066666666666665,571985,0.16637499235119801,1.0,0.2852855958713871
0.19064935064935065,571988,0.16637411973677768,1.0,0.28528431302012136
0.1906060606060606,571989,0.16637382886733837,1.0,0.2852838854055966
0.19057142857142859,571996,0.16637179280973993,1.0,0.28528089213981656
0.19055944055944057,572000,0.16637062937062938,1.0,0.28527918173042915
0.19054945054945055,572002,0.16637004765717603,1.0,0.28527832653342644
0.19047619047619047,572009,0.16636801169212373,1.0,0.2852753333842946
0.19044665012406947,572010,0.1663677208440412,1.0,0.2852749057966887
0.19041666666666665,572011,0.16636742999697557,1.0,0.2852744782103646
0.1903896103896104,572012,0.1663671391509269,1.0,0.28527405062532224
0.19038662486938351,572013,0.16636684830589515,1.0,0.28527362304156173
0.19035087719298244,572014,0.1663665574618803,1.0,0.2852731954590829
0.1903448275862069,572015,0.16636626661888237,1.0,0.28527276787788586
0.19034482758620688,572017,0.16636568493593723,1.0,0.28527191271933705
0.19033189033189032,572019,0.16636510325705964,1.0,0.2852710575659152
0.19031007751937987,572021,0.1663645215822496,1.0,0.2852702024176203
0.19027777777777777,572025,0.16636335824483195,1.0,0.2852684921364111
0.19020979020979023,572032,0.16636132244349966,1.0,0.28526549919364025
0.1902020202020202,572035,0.1663604499724667,1.0,0.2852642165231063
0.19019230769230772,572036,0.16636015915082267,1.0,0.2852637889688249
0.19017857142857142,572038,0.16635957751058497,1.0,0.2852629338641071
0.19015873015873017,572039,0.1663592866919913,1.0,0.2852625063136706
0.19015151515151515,572041,0.16635870505785424,1.0,0.28526165121664254
0.1901098901098901,572048,0.16635666937040247,1.0,0.28525865841741455
0.19,572063,0.1663523073507638,1.0,0.28525224548766764
0.1899665551839465,572065,0.16635172576542875,1.0,0.2852513904521536
0.18993506493506493,572066,0.16635143497428617,1.0,0.2852509629363188
0.18993464052287581,572070,0.16635027181988218,1.0,0.2852492528857942
0.18992628992628993,572072,0.16634969024877988,1.0,0.2852483978682206
0.18983333333333333,572073,0.16634939946475363,1.0,0.2852479703613559
0.1897979797979798,572075,0.1663488178997509,1.0,0.28524711535147074
0.18977591036414565,572077,0.16634823633881454,1.0,0.28524626034671136
0.1897727272727273,572080,0.16634736400503425,1.0,0.2852449778491826
0.18974358974358974,572089,0.16634474705858704,1.0,0.2852411304257905
0.18974025974025974,572091,0.16634416552611386,1.0,0.28524027545690933
0.1896969696969697,572097,0.16634242095309013,1.0,0.28523771058101705
0.18968253968253967,572108,0.16633922266425222,1.0,0.2852330084283471
0.18967741935483873,572111,0.16633835042500494,1.0,0.28523172604997943
0.18964285714285717,572113,0.1663377689372554,1.0,0.28523087113747364
0.1896428571428571,572116,0.16633689671325397,1.0,0.285229588778324
0.18959276018099547,572120,0.1663357337621478,1.0,0.28522787898406077
0.18958333333333333,572122,0.16633515229269283,1.0,0.28522702409461614
0.18954954954954956,572124,0.16633457082730319,1.0,0.28522616921029603
0.1894886363636364,572126,0.16633398936597882,1.0,0.28522531433110043
0.18948051948051947,572128,0.16633340790871973,1.0,0.2852244594570293
0.18944444444444447,572131,0.16633253573045334,1.0,0.2852231771555309
0.18944444444444444,572132,0.16633224500639712,1.0,0.2852227497242603
0.18942307692307694,572134,0.16633166356133353,1.0,0.2852218948655623
0.18942028985507245,572135,0.16633137284032615,1.0,0.2852214674381349
0.18940711462450593,572139,0.1663302099664592,1.0,0.285219757741236
0.1893548387096774,572141,0.16632962853562322,1.0,0.2852189029004728
0.18928571428571428,572149,0.16632730285292818,1.0,0.28521548358866083
0.18917297979797978,572151,0.16632672144241642,1.0,0.2852146287735177
0.18916666666666668,572152,0.16632643073868483,1.0,0.2852142013678677
0.18916666666666665,572157,0.16632497723526934,1.0,0.28521206435883184
0.1890909090909091,572161,0.16632381445082764,1.0,0.28521035477466
0.18904761904761902,572163,0.1663232330647036,1.0,0.2852094999902597
0.18900584795321637,572164,0.16632294237316572,1.0,0.2852090725999808
0.189,572167,0.16632207030464882,1.0,0.2852077904368297
0.18891625615763546,572172,0.16632061687744246,1.0,0.28520565352386207
0.18888888888888888,572196,0.16631364078043187,1.0,0.2851953967873411
0.18888888888888886,572199,0.16631276880945264,1.0,0.2851941147471466
0.18886363636363637,572205,0.16631102489492403,1.0,0.28519155070133617
0.1888235294117647,572208,0.16631015295137433,1.0,0.2851902686957199
0.18873015873015875,572212,0.16630899037419697,1.0,0.2851885593728273
0.18863636363636366,572218,0.1663072465389065,1.0,0.2851859954269069
0.18863636363636363,572221,0.16630637463497494,1.0,0.28518471347123475
0.18861788617886177,572224,0.16630550274018566,1.0,0.2851834315270877
0.18861111111111112,572226,0.16630492148207177,1.0,0.28518257690405907
0.18859577922077922,572227,0.1663046308545385,1.0,0.2851821495944656
0.18857142857142858,572230,0.16630375897803332,1.0,0.28518086767336837
0.18851674641148325,572231,0.1663034683545631,1.0,0.28518044036889695
0.18850649350649348,572233,0.16630288711066996,1.0,0.28517958576379576
0.18849206349206346,572234,0.166302596490247,1.0,0.28517915846316594
0.18846153846153846,572236,0.16630201525244828,1.0,0.28517830386574766
0.18842818428184283,572238,0.1663014340187125,1.0,0.2851774492734514
0.1884004884004884,572239,0.16630114340336818,1.0,0.285177021979224
0.18839285714285714,572241,0.16630056217572667,1.0,0.28517616739461044
0.18836363636363637,572244,0.16629969034188213,1.0,0.28517488552729364
0.18833333333333332,572250,0.16629794670161643,1.0,0.2851723218272317
0.18831694621168305,572254,0.16629678429508574,1.0,0.28517061271946514
0.18825396825396823,572256,0.1662962030979142,1.0,0.2851697581732642
0.18819444444444444,572257,0.16629591250085188,1.0,0.2851693309020843
0.18818181818181817,572261,0.16629475012275868,1.0,0.2851676218301682
0.18817733990147784,572263,0.16629416893980564,1.0,0.28516676730189217
0.18813186813186814,572266,0.166293297172993,1.0,0.28516548551908066
0.18812260536398465,572267,0.16629300658608656,1.0,0.2851650582607041
0.18811188811188811,572269,0.1662924254153204,1.0,0.2851642037477919
0.1881081081081081,572270,0.1662921348314607,1.0,0.28516377649325625
0.1880952380952381,572291,0.16628603280498908,1.0,0.28515480444374525
0.1880808080808081,572293,0.1662854516829666,1.0,0.28515394999228416
0.18804347826086956,572297,0.16628428945110668,1.0,0.2851522411047237
0.18803418803418803,572300,0.1662834177878735,1.0,0.2851509594524948
0.18803030303030302,572301,0.1662831272354932,1.0,0.2851505322376454
0.18785714285714283,572303,0.1662825461337788,1.0,0.28514967781178696
0.1877922077922078,572305,0.16628196503612583,1.0,0.28514882339104886
0.18772727272727274,572307,0.16628138394253433,1.0,0.28514796897543115
0.18766233766233767,572309,0.16628080285300423,1.0,0.2851471145649337
0.18764957264957266,572310,0.16628051230976218,1.0,0.2851466873616051
0.1876470588235294,572324,0.1662764448109812,1.0,0.28514070664940794
0.18763736263736264,572326,0.16627586375597125,1.0,0.28513985228243116
0.18762820512820513,572328,0.1662752827050223,1.0,0.28513899792057434
0.18762626262626264,572329,0.16627499218107067,1.0,0.2851385707415658
0.1876143790849673,572331,0.16627441113621313,1.0,0.28513771638738866
0.18752136752136753,572333,0.1662738300954165,1.0,0.2851368620383313
0.1875,572512,0.16622184338494214,1.0,0.2850604185263511
0.18749999999999997,572514,0.16622126271147955,1.0,0.28505956464044047
0.1874945054945055,572516,0.16622068204207394,1.0,0.28505871075964534
0.18738636363636366,572518,0.16622010137672527,1.0,0.28505785688396573
0.18735632183908046,572530,0.1662166174698269,1.0,0.28505273373731077
0.18733333333333332,572532,0.16621603683287572,1.0,0.28505187989743835
0.1873015873015873,572598,0.1661968780889909,1.0,0.2850237060509583
0.18726790450928382,572603,0.16619542684896865,1.0,0.2850215718955863
0.18722222222222223,572605,0.16619484636005624,1.0,0.28502071824238623
0.18721804511278195,572607,0.16619426587519887,1.0,0.2850198645942995
0.1871980676328502,572609,0.16619368539439652,1.0,0.28501901095132626
0.18717948717948718,572621,0.16619020259473544,1.0,0.2850138892008655
0.18717086834733893,572622,0.1661899123680194,1.0,0.285013462396636
0.18716720779220777,572623,0.16618962214231703,1.0,0.28501303559368485
0.18714285714285714,572625,0.1661890416939533,1.0,0.2850121819916171
0.18709401709401707,572626,0.16618875147129192,1.0,0.28501175519250066
0.18704545454545454,572628,0.1661881710290101,1.0,0.2850109015981024
0.187,572635,0.16618613951295327,1.0,0.2850079140579725
0.18693528693528694,572636,0.1661858493004282,1.0,0.2850074872716382
0.18692307692307694,572638,0.16618526887841883,1.0,0.2850066337028041
0.18692307692307691,572645,0.16618323743331384,1.0,0.28500364625214697
0.1869047619047619,572648,0.16618236682918652,1.0,0.2850023659353231
0.18681541582150102,572650,0.16618178643150266,1.0,0.2850015123971645
0.18670846394984325,572652,0.16618120603787292,1.0,0.2850006588641183
0.18666666666666668,572653,0.16618091584257833,1.0,0.28500023209951225
0.18666666666666665,572668,0.16617656303477757,1.0,0.2849938307837899
0.18664335664335666,572670,0.16617598267763284,1.0,0.2849929772967534
0.18660049627791564,572671,0.16617569250058062,1.0,0.2849925505551521
0.18659003831417625,572673,0.16617511214951639,1.0,0.2849916970757835
0.18653846153846154,572690,0.16617017932913095,1.0,0.28498444270753787
0.18642857142857144,572694,0.16616901870807096,1.0,0.28498273585103423
0.1864102564102564,572699,0.16616756795454507,1.0,0.28498060230915623
0.18636363636363637,572700,0.1661672778068797,1.0,0.28498017560461414
0.18636363636363634,572716,0.16616263558203367,1.0,0.2849733485057196
0.18626984126984125,572717,0.16616234545159303,1.0,0.2849729218228996
0.18623376623376622,572719,0.1661617651937512,1.0,0.2849720684610927
0.186231884057971,572720,0.16616147506635004,1.0,0.2849716417821059
0.18616161616161614,572721,0.16616118493996204,1.0,0.2849712151043967
0.18611111111111112,572730,0.16615857384806104,1.0,0.2849673750625099
0.1861111111111111,572733,0.16615770350233006,1.0,0.28496609507154547
0.18610859728506787,572734,0.16615741338911258,1.0,0.2849656684104459
0.18602150537634407,572743,0.16615480241574318,1.0,0.2849618285180422
0.186,572746,0.1661539321095215,1.0,0.28496054857690406
0.185982905982906,572747,0.16615364200947363,1.0,0.28496012193241316
0.18596638655462183,572749,0.16615306181241696,1.0,0.28495926864726395
0.18590909090909088,572751,0.16615248161941226,1.0,0.2849584153672249
0.18587301587301586,572764,0.16614871046364646,1.0,0.28495286917152746
0.18583333333333335,572766,0.16614813030103043,1.0,0.284952015929813
0.18583333333333332,572767,0.1661478402212418,1.0,0.28495158931087194
0.18582251082251083,572768,0.16614755014246607,1.0,0.2849511626932083
0.1857707509881423,572769,0.16614726006470323,1.0,0.2849507360768221
0.18574660633484164,572770,0.16614696998795328,1.0,0.2849503094617133
0.18573863636363636,572773,0.16614609976378075,1.0,0.2849490296240514
0.18573426573426574,572775,0.1661455196193968,1.0,0.28494817640533043
0.18571428571428572,572777,0.16614493947906428,1.0,0.284947323191719
0.1857142857142857,572782,0.1661434891459578,1.0,0.2849451901800445
0.18568965517241381,572784,0.16614290901980502,1.0,0.28494433698431615
0.18557692307692308,572787,0.16614203883817197,1.0,0.2849430572003036
0.18555555555555556,572821,0.1661321774166799,1.0,0.28492855378489035
0.18545454545454546,572824,0.1661313073474575,1.0,0.2849272741426493
0.18541666666666665,572833,0.1661286971944703,1.0,0.284923435284889
0.1853846153846154,572835,0.16612811717161138,1.0,0.2849225822194345
0.18538461538461537,572902,0.16610868874606827,1.0,0.284894007478303
0.18535353535353538,572907,0.16610723904577882,1.0,0.28489187526475485
0.1853448275862069,572909,0.1661066591727482,1.0,0.2848910223882719
0.18534482758620688,572911,0.1661060793037662,1.0,0.2848901695168955
0.18531328320802004,572912,0.16610578937079343,1.0,0.2848897430831223
0.1853030303030303,572914,0.16610520950788427,1.0,0.2848888902194055
0.18528138528138527,572915,0.16610491957794787,1.0,0.28488846378946203
0.18525641025641026,572916,0.1661046296490236,1.0,0.2848880373607951
0.18523391812865497,572921,0.16610318001958385,1.0,0.2848859052366091
0.18518817204301075,572922,0.16610289009673218,1.0,0.28488547881560156
0.1851614668856048,572923,0.16610260017489262,1.0,0.2848850523958706
0.1851111111111111,572925,0.16610202033424967,1.0,0.28488419956023825
0.18509803921568627,572927,0.16610144049765502,1.0,0.28488334672971194
0.185,572944,0.16609651205004328,1.0,0.28487609787639123
0.18491228070175436,572945,0.16609622215046818,1.0,0.28487567148474274
0.18488063660477455,572946,0.16609593225190505,1.0,0.2848752450943707
0.18484848484848485,572948,0.16609535245781468,1.0,0.28487439231745576
0.18483918128654972,572949,0.1660950625622874,1.0,0.28487396593091285
0.18482905982905984,572951,0.16609448277426866,1.0,0.2848731131616563
0.18472222222222223,572953,0.16609390299029764,1.0,0.28487226039750524
0.18471014492753624,572955,0.1660933232103743,1.0,0.28487140763845964
0.18467741935483872,572956,0.16609303332193048,1.0,0.2848709812608513
0.1846774193548387,572958,0.16609245354807856,1.0,0.2848701285094638
0.18464957264957266,572959,0.16609216366267046,1.0,0.28486970213568463
0.18461538461538463,572964,0.16609071425080807,1.0,0.2848675702859332
0.1844642857142857,572965,0.1660904243714712,1.0,0.2848671439198119
0.18444444444444447,572968,0.16608955473953171,1.0,0.28486586482910564
0.18442028985507244,572970,0.16608897498996458,1.0,0.2848650121083495
0.1843939393939394,572972,0.16608839524444474,1.0,0.2848641593926985
0.184375,572973,0.16608810537320257,1.0,0.28486373303678736
0.18435483870967742,572976,0.1660872357655469,1.0,0.28486245397671145
0.18431372549019606,572987,0.16608404728205003,1.0,0.2848577641880354
0.18428571428571427,573001,0.16607998938919827,1.0,0.2848517955894128
0.18426573426573428,573002,0.1660796995472965,1.0,0.28485136927051063
0.18425837320574162,573004,0.16607911986652799,1.0,0.28485051663653455
0.18421052631578946,573006,0.16607854018980603,1.0,0.2848496640076627
0.18418803418803417,573007,0.16607825035296253,1.0,0.2848492376951409
0.18415584415584416,573009,0.1660776706823104,1.0,0.2848483850739255
0.18412698412698408,573011,0.16607709101570475,1.0,0.2848475324578142
0.1841025641025641,573013,0.16607651135314558,1.0,0.2848466798468071
0.18409090909090908,573015,0.16607593169463278,1.0,0.284845827240904
0.18406593406593408,573017,0.16607535204016635,1.0,0.284844974640105
0.1840229885057471,573018,0.1660750622144505,1.0,0.28484454834161954
0.18398601398601397,573020,0.16607448256605353,1.0,0.28484369574847646
0.183982683982684,573021,0.1660741927433724,1.0,0.28484326945381894
0.18395348837209302,573023,0.16607361310104482,1.0,0.2848424168683318
0.18392857142857144,573025,0.1660730334627634,1.0,0.28484156428794843
0.18383838383838386,573032,0.16607100476064163,1.0,0.2848385802967991
0.18383838383838383,573034,0.16607042514056758,1.0,0.28483772773938265
0.18382783882783882,573035,0.16607013533204779,1.0,0.2848373014625883
0.1838235294117647,573036,0.16606984552453946,1.0,0.28483687518706974
0.1838095238095238,573044,0.1660675271008858,1.0,0.28483346502885326
0.18376623376623374,573047,0.16606665770870452,1.0,0.2848321862405737
0.18376068376068377,573049,0.16606607811897411,1.0,0.2848313337214331
0.18376068376068375,573050,0.16606578832562605,1.0,0.2848309074637766
0.18373015873015874,573055,0.1660643393740566,1.0,0.2848287761946308
0.18366666666666667,573059,0.16606318023100589,1.0,0.2848270712022783
0.18363636363636365,573061,0.1660626006655487,1.0,0.2848262187137566
0.18363636363636363,573064,0.166061731324948,1.0,0.28482493999054215
0.18361111111111109,573066,0.1660611517696042,1.0,0.28482408751477784
0.18359751359751358,573068,0.16606057221830567,1.0,0.2848232350441164
0.1835858585858586,573069,0.1660602824441734,1.0,0.28482280881069927
0.18344155844155843,573071,0.1660597028989427,1.0,0.28482195634769203
0.18333333333333335,573137,0.16604058017542053,1.0,0.2847938279308276
0.18333333333333332,573153,0.1660359450268951,1.0,0.28478700975734567
0.1832867132867133,573160,0.1660339172307907,1.0,0.2847840269091039
0.18326923076923077,573163,0.16603304819047984,1.0,0.2847827485646996
0.18324786324786324,573165,0.16603246883532666,1.0,0.28478189634147255
0.18324175824175823,573166,0.16603217915926624,1.0,0.2847814702317717
0.18323863636363635,573168,0.16603159981017782,1.0,0.28478061801619553
0.1832051282051282,573170,0.16603102046513252,1.0,0.2847797658057199
0.1831896551724138,573171,0.166030730794126,1.0,0.2847793397023947
0.18313131313131312,573172,0.1660304411241303,1.0,0.28477891360034474
0.1830952380952381,573173,0.1660301514551453,1.0,0.28477848749956985
0.18309523809523806,573175,0.1660295721202076,1.0,0.2847776353018453
0.1830769230769231,573177,0.1660289927893129,1.0,0.2847767831092212
0.18307692307692308,573179,0.1660284134624611,1.0,0.2847759309216974
0.18304347826086956,573181,0.16602783413965222,1.0,0.2847750787392739
0.18296703296703298,573185,0.16602667550616293,1.0,0.2847733743897275
0.18293650793650792,573187,0.16602609619548245,1.0,0.2847725222226046
0.18292234081707764,573188,0.16602580654165824,1.0,0.28477209614095567
0.18289473684210525,573190,0.16602522723704183,1.0,0.28477124398148285
0.18288288288288287,573191,0.16602493758624962,1.0,0.284770817903659
0.18285714285714286,573238,0.16601132513894754,1.0,0.2847507936840405
0.18279220779220778,573240,0.16601074593538484,1.0,0.28474994165205475
0.18274044795783928,573244,0.1660095875403842,1.0,0.28474823760338
0.18272727272727274,573246,0.16600900834894616,1.0,0.28474738558669077
0.1826984126984127,573247,0.1660087187547427,1.0,0.28474695958025825
0.1826470588235294,573248,0.16600842916154962,1.0,0.2847465335751004
0.18260162601626015,573250,0.1660078499781945,1.0,0.2847456815686087
0.18253968253968253,573255,0.16600640203748768,1.0,0.28474355157468595
0.18253119429590017,573256,0.16600611245237729,1.0,0.2847431255797253
0.18252747252747253,573257,0.16600582286827723,1.0,0.2847426995860393
0.1825174825174825,573259,0.166005243703108,1.0,0.2847418476024912
0.1825,573299,0.16599366124831894,1.0,0.2847248090021437
0.18248792270531403,573302,0.16599279262936462,1.0,0.28472353118932003
0.18245614035087718,573308,0.1659910554187278,1.0,0.2847209755980804
0.18241758241758244,573309,0.16599076588715683,1.0,0.2847205496706673
0.18238095238095237,573312,0.16598989729850414,1.0,0.28471927189607404
0.18233766233766233,573313,0.16598960777097327,1.0,0.28471884597375824
0.1823376623376623,573315,0.16598902871894158,1.0,0.28471799413294957
0.18232699200441135,573316,0.16598873919444077,1.0,0.28471756821445665
0.18219696969696972,573318,0.1659881601484691,1.0,0.2847167163812937
0.1821969696969697,573320,0.16598758110653736,1.0,0.2847158645532279
0.1821774193548387,573321,0.16598729158708647,1.0,0.28471543864110643
0.18214756258234518,573325,0.16598613351938254,1.0,0.2847137350053628
0.1821455938697318,573326,0.16598584400498145,1.0,0.2847133090996125
0.18214285714285716,573331,0.16598439644812507,1.0,0.2847111795899745
0.18214285714285713,573351,0.16597860647317264,1.0,0.28470266186996557
0.18210227272727272,573353,0.16597802749789398,1.0,0.2847018101259953
0.18208333333333332,573354,0.16597773801176935,1.0,0.28470138425592134
0.1820689655172414,573356,0.16597715904254948,1.0,0.28470053251959554
0.18205128205128207,573361,0.165975711637171,1.0,0.28469840320107703
0.18205128205128204,573364,0.16597484320606107,1.0,0.2846971256252543
0.1820175438596491,573366,0.1659742642570365,1.0,0.2846962739144092
0.18201149425287355,573371,0.16597281690214538,1.0,0.2846941446595915
0.182,573373,0.1659722379672569,1.0,0.2846932929665822
0.18194444444444446,573378,0.16597079064770534,1.0,0.2846911637563534
0.1819047619047619,573380,0.16597021172695245,1.0,0.2846903120811794
0.18189964157706093,573381,0.16596992226809051,1.0,0.2846898862455033
0.18185483870967742,573382,0.1659696328102382,1.0,0.28468946041110105
0.18181818181818182,573435,0.16595429298874328,1.0,0.28466689301060877
0.18180076628352487,573437,0.16595371418307503,1.0,0.28466604148064395
0.18172413793103448,573439,0.16595313538144424,1.0,0.28466518995577345
0.1816969696969697,573441,0.16595255658385083,1.0,0.2846643384359973
0.18166666666666667,573445,0.16595139900077602,1.0,0.284662635411728
0.18166666666666664,573463,0.16594619007677916,1.0,0.28465497205467327
0.18164251207729468,573464,0.16594590070170054,1.0,0.2846545463247127
0.18162337662337663,573465,0.16594561132763117,1.0,0.28465412059602563
0.18161838161838162,573467,0.16594503258252,1.0,0.2846532691424717
0.18157894736842103,573469,0.16594445384144565,1.0,0.2846524176940115
0.18153846153846154,573483,0.16594040276695213,1.0,0.2846464576974098
0.18144444444444446,573491,0.16593808795604464,1.0,0.2846430520971204
0.18142857142857144,573508,0.16593316919729106,1.0,0.284635815467075
0.1813970588235294,573510,0.16593259053896184,1.0,0.2846349641230256
0.1813888888888889,573512,0.1659320118846685,1.0,0.2846341127840688
0.18136363636363637,573514,0.165931433234411,1.0,0.2846332614502047
0.18134408602150537,573516,0.16593085458818935,1.0,0.28463241012143325
0.1813186813186813,573517,0.16593056526659192,1.0,0.28463198445895727
0.18130081300813006,573519,0.1659299866264239,1.0,0.2846311331378247
0.18121621621621622,573523,0.16592882935819486,1.0,0.2846294305108369
0.1811111111111111,573656,0.16589035937914012,1.0,0.28457282975987563
0.18111111111111108,573659,0.16588949184097174,1.0,0.2845715533108162
0.18110599078341016,573661,0.16588891348723375,1.0,0.28457070235113824
0.18106060606060606,573665,0.16588775679185588,1.0,0.28456900044704997
0.1810344827586207,573667,0.1658871784502159,1.0,0.2845681495026397
0.180982905982906,573672,0.16588573261375839,1.0,0.2845660221638787
0.18098039215686273,573674,0.16588515428623224,1.0,0.28456517123728015
0.18095238095238095,573680,0.16588341932784828,1.0,0.28456261848801817
0.18090909090909088,573683,0.1658825518622654,1.0,0.284561342130562
0.1808891108891109,573686,0.16588168440575507,1.0,0.28456006578455556
0.18083333333333332,573688,0.16588110610645507,1.0,0.2845592148935788
0.18082706766917292,573689,0.16588081695831713,1.0,0.28455878944999874
0.1808080808080808,573702,0.16587705812425266,1.0,0.2845532587992214
0.18080808080808078,573703,0.16587676899022666,1.0,0.28455283337345094
0.1807805098127679,573705,0.1658761907251985,1.0,0.2845519825257263
0.18076923076923077,573714,0.16587358858246443,1.0,0.28454815377393183
0.1807142857142857,573716,0.16587301033961055,1.0,0.2845473029541921
0.1806060606060606,573720,0.16587185386599734,1.0,0.28454560132997647
0.18055555555555555,573724,0.16587069740851001,1.0,0.2845438997261126
0.18052197802197803,573726,0.16587011918581343,1.0,0.2845430489318124
0.1805,573728,0.1658695409671482,1.0,0.2845421981426
0.18049019607843136,573730,0.16586896275251425,1.0,0.28454134735847536
0.18047619047619046,573731,0.165868673646709,1.0,0.28454092196832087
0.1804659498207885,573732,0.16586838454191155,1.0,0.28454049657943836
0.18046153846153848,573734,0.16586780633534007,1.0,0.284539645805489
0.1804425837320574,573735,0.16586751723356602,1.0,0.28453922042042223
0.1804112554112554,573742,0.1658654935493654,1.0,0.28453624276056727
0.18035714285714285,573743,0.1658652044556535,1.0,0.28453581738567546
0.18034482758620687,573751,0.16586289174223662,1.0,0.28453241443232696
0.18033033033033033,573753,0.16586231357395953,1.0,0.284531563706708
0.18031674208144796,573755,0.16586173540971322,1.0,0.2845307129861762
0.1803030303030303,573773,0.1658565321128739,1.0,0.2845230567303049
0.1802639296187683,573775,0.16585595398893294,1.0,0.2845222060606423
0.18023809523809523,573776,0.16585566492847384,1.0,0.2845217807277185
0.18015873015873016,573778,0.1658550868105783,1.0,0.2845209300656858
0.18011363636363636,573780,0.16585450869671303,1.0,0.28452007940873975
0.1800417972831766,573784,0.16585335248107302,1.0,0.2845183781101072
0.18000000000000002,573793,0.16585075105482291,1.0,0.28451455026257294
0.18,573840,0.16583716715460756,1.0,0.28449456206539875
0.17996621621621622,573843,0.16583630017269532,1.0,0.28449328631837933
0.1799145299145299,573845,0.16583572218978992,1.0,0.2844924358267228
0.1798686371100164,573847,0.16583514421091336,1.0,0.28449158534015134
0.17986111111111108,573849,0.16583456623606557,1.0,0.2844907348586649
0.17980392156862743,573851,0.16583398826524656,1.0,0.28448988438226347
0.1797979797979798,573865,0.16582994258231465,1.0,0.28448393118982884
0.17977477477477477,573867,0.16582936464372408,1.0,0.28448308075410556
0.17976190476190476,573869,0.16582878670916185,1.0,0.28448223032346687
0.17971014492753623,573903,0.16581896243790326,1.0,0.2844677737805033
0.1796969696969697,573905,0.16581838457584444,1.0,0.28446692344137897
0.17967741935483872,573906,0.16581809564632535,1.0,0.2844664982737232
0.1796774193548387,573910,0.16581693993831786,1.0,0.28446479761580934
0.17965909090909088,573913,0.16581607316788433,1.0,0.2844635221357183
0.1795779220779221,573914,0.16581578424642018,1.0,0.28446309697822975
0.17956043956043957,573916,0.16581520640651246,1.0,0.28446224666706527
0.1795093795093795,573918,0.16581462857063203,1.0,0.2844613963609841
0.17946969696969697,573921,0.16581376182436258,1.0,0.2844601209113939
0.17944444444444446,573923,0.16581318399855033,1.0,0.2844592706180213
0.17942028985507244,573924,0.1658128950871544,1.0,0.2844588454732412
0.17937499999999998,573929,0.16581145054527652,1.0,0.2844567197684029
0.1793743890518084,573930,0.16581116163992124,1.0,0.28445629463124766
0.17935483870967744,573931,0.16581087273557274,1.0,0.28445586949536317
0.17922077922077922,573949,0.16580567262944965,1.0,0.2844482172667397
0.17920122887864823,573950,0.1658053837442286,1.0,0.284447792154999
0.17916666666666667,573973,0.16579873966197017,1.0,0.2844380149356559
0.17916666666666664,573975,0.1657981619408511,1.0,0.28443716477443404
0.17912186379928316,573981,0.16579642880165024,1.0,0.2844346143212607
0.17909090909090908,573982,0.1657961399486395,1.0,0.28443418925017855
0.1790719696969697,573985,0.16579527339564623,1.0,0.2844329140445551
0.17904761904761904,573988,0.16579440685171118,1.0,0.2844316388503658
0.17903311965811966,573989,0.16579411800574576,1.0,0.284431213788177
0.1790229885057471,573991,0.16579354031683424,1.0,0.28443036366761065
0.1788636363636364,573993,0.16579296263194848,1.0,0.28442951355212603
0.17885714285714285,573995,0.16579238495108842,1.0,0.2844286634417231
0.17884615384615385,574003,0.1657900742679045,1.0,0.28442526305092747
0.1788235294117647,574007,0.16578891895046577,1.0,0.28442356288601867
0.17881944444444445,574009,0.16578834129778452,1.0,0.28442271281118636
0.1788076923076923,574010,0.16578805247295345,1.0,0.28442228777567574
0.17880061115355234,574011,0.16578776364912867,1.0,0.2844218627414353
0.1787581699346405,574013,0.16578718600449815,1.0,0.2844210126767656
0.17875000000000002,574014,0.16578689718369238,1.0,0.2844205876463362
0.17871794871794872,574015,0.16578660836389292,1.0,0.2844201626171772
0.17871572871572872,574016,0.1657863195450998,1.0,0.2844197375892884
0.17866666666666667,574055,0.16577505639703513,1.0,0.2844031624923979
0.17863636363636365,574057,0.16577447884095134,1.0,0.2844023125395049
0.17861471861471861,574060,0.1657736125143713,1.0,0.2844010376196908
0.17859879584017513,574061,0.16577332374085682,1.0,0.28440061264895966
0.17857905982905983,574062,0.16577303496834836,1.0,0.2844001876794984
0.17857142857142858,574179,0.16573925552832827,1.0,0.28435047501804006
0.17857142857142855,574184,0.16573781226923773,1.0,0.2843483509325493
0.1785561497326203,574186,0.16573723497263954,1.0,0.28434750130723835
0.17847222222222223,574188,0.165736657680063,1.0,0.2843466516870048
0.1783730158730159,574189,0.1657363690352828,1.0,0.28434622687879185
0.17834733893557422,574190,0.16573608039150803,1.0,0.2843458020718484
0.17833333333333334,574195,0.16573463718771497,1.0,0.2843436780561701
0.17833333333333332,574207,0.16573117360115777,1.0,0.28433858054800704
0.17828282828282827,574209,0.16573059635080606,1.0,0.2843377309810823
0.17826839826839824,574210,0.16573030772713815,1.0,0.28433730619952374
0.17825396825396822,574212,0.1657297304828182,1.0,0.2843364566402142
0.17820512820512818,574243,0.16572078371003215,1.0,0.28432328912007193
0.17809523809523808,574244,0.1657204951205411,1.0,0.2843228643816626
0.17805194805194804,574246,0.16571991794457427,1.0,0.2843220149086509
0.17804347826086958,574251,0.16571847502224638,1.0,0.28431989124832874
0.17803030303030304,574252,0.16571818644079603,1.0,0.28431946652007123
0.178030303030303,574254,0.16571760928091053,1.0,0.284318617067363
0.17792207792207793,574255,0.16571732070247538,1.0,0.2843181923429123
0.1778730158730159,574256,0.16571703212504527,1.0,0.28431776761973054
0.17784615384615385,574257,0.1657167435486202,1.0,0.2843173428978176
0.17783251231527092,574259,0.16571616639878523,1.0,0.28431649345779875
0.17779220779220778,574267,0.165713857839646,1.0,0.2843130957484789
0.17777777777777778,574273,0.16571212646250127,1.0,0.2843105475197815
0.17777777777777776,574323,0.16569769972646053,1.0,0.28428931405688235
0.1776923076923077,574326,0.16569683420217785,1.0,0.2842880401499649
0.17769230769230768,574328,0.1656962571910128,1.0,0.28428719088502924
0.17767857142857144,574330,0.1656956801838664,1.0,0.28428634162516764
0.17763888888888887,574331,0.16569539168180022,1.0,0.2842859169971396
0.17761904761904762,574332,0.16569510318073866,1.0,0.28428549237038014
0.17755494505494507,574334,0.1656945261816295,1.0,0.2842846431206665
0.17755255255255256,574335,0.16569423768358188,1.0,0.28428421849771246
0.17751552795031056,574336,0.1656939491865389,1.0,0.2842837938760269
0.17750000000000002,574339,0.16569308370143765,1.0,0.28428252001858095
0.17748792270531402,574341,0.1656925067163932,1.0,0.2842816707866259
0.17747611865258925,574342,0.1656922182253779,1.0,0.2842812461725511
0.17747584541062802,574344,0.16569164124636107,1.0,0.2842803969482067
0.17747252747252745,574346,0.16569106427136257,1.0,0.2842795477289361
0.17745098039215687,574347,0.16569077578537017,1.0,0.28427912312120335
0.17738636363636365,574349,0.1656901988163991,1.0,0.28427827390954324
0.1773809523809524,574351,0.16568962185144623,1.0,0.2842774247029566
0.17738095238095236,574387,0.16567923716936492,1.0,0.2842621398519306
0.17733333333333332,574390,0.1656783718379498,1.0,0.28426086618853746
0.1773273273273273,574392,0.1656777949553615,1.0,0.2842600170859495
0.1772727272727273,574394,0.1656772180767905,1.0,0.2842591679884342
0.17727272727272728,574396,0.1656766412022368,1.0,0.2842583188959914
0.17727272727272725,574397,0.1656763527664664,1.0,0.2842578943516722
0.17714285714285716,574400,0.16567548746518107,1.0,0.2842566207263234
0.17714285714285713,574414,0.16567144951202442,1.0,0.28425067729226466
0.17713286713286713,574416,0.1656708726776413,1.0,0.2842498282505451
0.17703296703296703,574418,0.16567029584727497,1.0,0.28424897921389763
0.17702991452991454,574419,0.1656700074335981,1.0,0.28424855469747584
0.17702020202020202,574421,0.16566943060925698,1.0,0.28424770566843643
0.17701149425287355,574469,0.16565558802998942,1.0,0.2842273304929715
0.17700000000000002,574472,0.16565472294559178,1.0,0.2842260571414918
0.176971916971917,574474,0.16565414622767957,1.0,0.28422520824684383
0.17696969696969697,574477,0.16565328115834055,1.0,0.28422393491437953
0.17694444444444446,574493,0.16564866760778635,1.0,0.28421714400058534
0.17692307692307693,574538,0.16563569337450265,1.0,0.2841980462952179
0.1769230769230769,574541,0.16563482849787917,1.0,0.2841967732061131
0.17683982683982682,574543,0.1656342519184813,1.0,0.28419592448637987
0.17679347826086958,574545,0.16563367534309759,1.0,0.28419507577171577
0.1767857142857143,574546,0.16563338705691102,1.0,0.28419465141628464
0.17678571428571427,574556,0.16563050425023845,1.0,0.28419040793167294
0.17672413793103448,574558,0.16562992770094578,1.0,0.2841895592499574
0.1767226890756302,574559,0.16562963942780462,1.0,0.2841891349110005
0.1766798418972332,574561,0.16562906288453272,1.0,0.2841882862368883
0.1766666666666667,574564,0.16562819807715068,1.0,0.2841870132352239
0.17666666666666667,574599,0.16561810932493792,1.0,0.28417216239177145
0.17656565656565656,574601,0.16561753286193376,1.0,0.28417131381902605
0.17654761904761904,574602,0.16561724463193653,1.0,0.2841708895345538
0.17653846153846153,574606,0.16561609172197994,1.0,0.2841691924093345
0.17653594771241826,574608,0.1656155152730209,1.0,0.2841683438543265
0.1765070055392636,574610,0.16561493882807468,1.0,0.28416749530438623
0.1764957264957265,574612,0.16561436238714122,1.0,0.2841666467595136
0.17649572649572648,574614,0.1656137859502205,1.0,0.2841657982197086
0.17647619047619048,574615,0.1656134977332649,1.0,0.2841653739517065
0.17647058823529413,574619,0.16561234487547402,1.0,0.28416367689236666
0.17644444444444446,574621,0.16561176845259745,1.0,0.28416282837029794
0.17642857142857143,574623,0.16561119203373342,1.0,0.2841619798532966
0.1764102564102564,574632,0.1656085981984992,1.0,0.2841581615894989
0.1764069264069264,574633,0.16560830999959975,1.0,0.28415773734429983
0.1763768115942029,574638,0.16560686902014835,1.0,0.2841556161373062
0.17636363636363636,574734,0.16557920707666504,1.0,0.2841148951034337
0.17634408602150536,574768,0.16556941235420206,1.0,0.28410047586919274
0.1762987012987013,574770,0.16556883623014423,1.0,0.28409962772452213
0.17619047619047618,574779,0.16556624372149992,1.0,0.2840958111361713
0.1761111111111111,574789,0.1655633632515584,1.0,0.28409157060271395
0.17609890109890108,574790,0.1655630752100767,1.0,0.2840911465563307
0.1760869565217391,574793,0.16556221109164518,1.0,0.2840898744247765
0.17606837606837608,574798,0.1655607709143038,1.0,0.28408775423083693
0.1760591133004926,574800,0.16556019485038273,1.0,0.2840869061621221
0.17604527604527606,574802,0.16555961879047046,1.0,0.28408605809847065
0.17604166666666665,574823,0.16555357040341115,1.0,0.28407715373581877
0.17595238095238097,574825,0.16555299438959684,1.0,0.2840763057303926
0.1759090909090909,574826,0.16555270638419278,1.0,0.28407588172957804
0.17583333333333334,574829,0.16555184237399295,1.0,0.28407460973472853
0.17579937304075233,574830,0.1655515543725971,1.0,0.28407418573897675
0.17575757575757578,574832,0.16555097837281155,1.0,0.2840733377512702
0.17575757575757575,574847,0.16554665850217537,1.0,0.2840669780048387
0.17575000000000002,574849,0.1655460825364574,1.0,0.284066130060163
0.1757347915242652,574850,0.16554579455510132,1.0,0.2840657060897235
0.1757142857142857,574854,0.16554464263969634,1.0,0.28406401022062094
0.17567226890756302,574856,0.16554406668800534,1.0,0.2840631622936629
0.17564935064935067,574857,0.16554377871366271,1.0,0.2840627383320822
0.17564102564102563,574869,0.1655403230996975,1.0,0.2840576508918217
0.17563636363636365,574870,0.16554003513837912,1.0,0.2840572269466923
0.17561853351327036,574871,0.16553974717806255,1.0,0.2840568030028282
0.17555555555555555,574877,0.16553801943720134,1.0,0.28405425936621786
0.17555555555555552,574882,0.16553657968069968,1.0,0.2840521397038412
0.17554347826086958,574883,0.16553629173240467,1.0,0.28405171577516203
0.1754945054945055,574884,0.16553600378511144,1.0,0.28405129184774824
0.1754901960784314,574886,0.1655354278935302,1.0,0.2840504439967167
0.17549019607843136,574906,0.165529669198095,1.0,0.28404196576477087
0.17545454545454547,574920,0.16552563834968342,1.0,0.28403603130353805
0.17539682539682538,574922,0.16552506253022148,1.0,0.2840351835436048
0.1753846153846154,574923,0.16552477462199286,1.0,0.284034759665536
0.17535714285714285,574924,0.16552448671476577,1.0,0.2840343357887322
0.1753448275862069,574926,0.16552391090331625,1.0,0.28403348803892015
0.17533333333333334,574931,0.16552247139221923,1.0,0.2840313686865295
0.17528957528957528,574933,0.16552189559479105,1.0,0.284030520954429
0.1752747252747253,574935,0.16552131980136886,1.0,0.28402967322738876
0.17523809523809522,574945,0.16551844089434642,1.0,0.2840254346680913
0.17519032691446484,574947,0.16551786512495933,1.0,0.2840245869714122
0.1751748251748252,574948,0.16551757724176794,1.0,0.28402416312497014
0.17507331378299118,574949,0.165517289359578,1.0,0.28402373927979313
0.17507309941520469,574951,0.16551671359820228,1.0,0.28402289159323396
0.17503030303030304,574952,0.16551642571901654,1.0,0.2840224677518519
0.17500000000000002,574961,0.1655138348514073,1.0,0.28401865323633646
0.175,575063,0.1654844773529161,1.0,0.28397542922024926
0.17493243243243245,575065,0.16548390181979428,1.0,0.28397458182203394
0.17491039426523297,575067,0.1654833262906757,1.0,0.283973734428876
0.17487179487179488,575069,0.1654827507655603,1.0,0.28397288704077533
0.17482905982905983,575072,0.16548188748539314,1.0,0.28397161596810677
0.1748076923076923,575074,0.16548131197028557,1.0,0.2839707685926492
0.17478991596638654,575075,0.1654810242142329,1.0,0.28397034490681683
0.17478927203065134,575076,0.16548073645918104,1.0,0.28396992122224873
0.17477477477477477,575093,0.16547584477641009,1.0,0.283962718778021
0.17476190476190476,575097,0.16547469383425753,1.0,0.28396102413835805
0.17476190476190473,575101,0.16547354290811528,1.0,0.2839593295189216
0.17474747474747473,575102,0.16547325517908126,1.0,0.2839589058672229
0.17467741935483871,575104,0.16547267972401514,1.0,0.28395805856761774
0.17465686274509803,575106,0.16547210427295142,1.0,0.28395721127306905
0.17456140350877192,575112,0.16547037794377442,1.0,0.2839546694197614
0.17454545454545453,575116,0.1654692270776678,1.0,0.28395297487617116
0.17450000000000002,575118,0.16546865165061778,1.0,0.2839521276119603
0.1744755244755245,575120,0.1654680762275699,1.0,0.28395128035280565
0.17444444444444446,575141,0.1654620345271855,1.0,0.2839423844369354
0.17444444444444443,575146,0.16546059609212269,1.0,0.28394026644388415
0.17440711462450595,575149,0.1654597330430897,1.0,0.28393899566322006
0.174375,575152,0.16545887000306006,1.0,0.2839377248939306
0.17435897435897435,575155,0.16545800697203364,1.0,0.2839364541360158
0.17432432432432432,575156,0.1654577192970255,1.0,0.2839360305525719
0.17430555555555555,575158,0.16545714395001027,1.0,0.2839351833894755
0.17425837320574164,575160,0.1654565686069963,1.0,0.2839343362314343
0.17419580419580422,575163,0.16545570559997774,1.0,0.2839330655038511
0.1741666666666667,575164,0.16545541793297217,1.0,0.2839326419305176
0.17415458937198067,575169,0.16545397961294855,1.0,0.2839305240828066
0.17413890457368716,575171,0.165453404291941,1.0,0.28392967695256843
0.1741346153846154,575172,0.16545311663293763,1.0,0.28392925338934505
0.17412186379928316,575177,0.1654516783529244,1.0,0.28392713559218363
0.17411477411477413,575179,0.16545110304792074,1.0,0.2839262884821651
0.1740909090909091,575181,0.16545052774691793,1.0,0.28392544137720127
0.17408109132247063,575182,0.16545024009791684,1.0,0.28392501782661494
0.17407894736842106,575184,0.16544966480291523,1.0,0.2839241707292332
0.17404761904761903,575186,0.1654490895119144,1.0,0.28392332363690603
0.17403846153846153,575190,0.16544793894191484,1.0,0.2839216294674157
0.1740229885057471,575204,0.16544391207293413,1.0,0.2839157000334145
0.17400000000000002,575205,0.1654436244469363,1.0,0.2839152765118912
0.174,575207,0.16544304919794092,1.0,0.28391442947263534
0.17398373983739837,575210,0.16544218633194832,1.0,0.2839131589232279
0.17398351648351648,575212,0.16544161109295355,1.0,0.28391231189660726
0.17398190045248868,575213,0.16544132347495624,1.0,0.2839118883851922
0.173963133640553,575214,0.16544103585795894,1.0,0.2839114648750406
0.17395256916996046,575217,0.1654401730129673,1.0,0.2839101943521669
0.17393939393939395,575219,0.16543959778797293,1.0,0.28390934734323514
0.17389162561576355,575220,0.16543931017697577,1.0,0.28390892384066446
0.17381944444444444,575222,0.16543873495798145,1.0,0.28390807683931346
0.1738095238095238,575235,0.16543499613201562,1.0,0.2839025714537164
0.17374458874458873,575237,0.16543442094302,1.0,0.28390172449026774
0.17370766488413547,575240,0.16543355816702593,1.0,0.2839004540545701
0.17367816091954022,575244,0.1654324078130324,1.0,0.2838987601579933
0.17365034965034967,575245,0.16543212022703369,1.0,0.2838983366870075
0.17363636363636364,575248,0.16543125747503684,1.0,0.2838970662816298
0.17362637362637362,575255,0.16542924442203893,1.0,0.28389410204663057
0.1736111111111111,575263,0.16542694385003034,1.0,0.2838907144252842
0.1735897435897436,575267,0.16542579358802087,1.0,0.28388902064492844
0.17353535353535354,575269,0.1654252184630147,1.0,0.2838881737623297
0.1735344827586207,575271,0.16542464334200752,1.0,0.2838873268847838
0.17352941176470588,575272,0.16542435578300352,1.0,0.28388690344790557
0.17352564102564103,575273,0.16542406822499925,1.0,0.2838864800122905
0.1735064935064935,575276,0.1654232055569848,1.0,0.2838852097130243
0.17347670250896055,575278,0.16542263044997374,1.0,0.28388436285316254
0.17346542346542349,575283,0.1654211926999407,1.0,0.2838822457256129
0.17345238095238097,575284,0.16542090515293317,1.0,0.28388182230389236
0.1734090909090909,575288,0.16541975497489952,1.0,0.2838801286296409
0.1733636363636364,575289,0.16541946743289024,1.0,0.2838797052142357
0.17333333333333334,575308,0.16541400432464,1.0,0.28387166056151486
0.1733333333333333,575310,0.1654134292816047,1.0,0.28387081378248824
0.17326797385620915,575311,0.16541314176158634,1.0,0.28387039039486933
0.17326797385620912,575312,0.16541285424256752,1.0,0.28386996700851336
0.1732174688057041,575314,0.1654122792075284,1.0,0.28386912023959027
0.1732142857142857,575316,0.16541170417648735,1.0,0.28386827347571886
0.1732034632034632,575317,0.1654114166624661,1.0,0.2838678500956776
0.17320099255583127,575320,0.1654105541263992,1.0,0.2838665799631311
0.1731111111111111,575323,0.16540969159932767,1.0,0.2838653098419507
0.17307692307692307,575328,0.16540825407419768,1.0,0.2838631929985742
0.173030303030303,575330,0.1654076790711418,1.0,0.28386234627006357
0.173015873015873,575332,0.1654071040720836,1.0,0.28386149954660433
0.17301075268817204,575336,0.1654059540859602,1.0,0.2838598061148397
0.17285714285714285,575337,0.16540566659192787,1.0,0.28385938276005557
0.17285353535353537,575338,0.1654053790988949,1.0,0.2838589594065342
0.1728448275862069,575340,0.16540480411582717,1.0,0.28385811270327993
0.17277777777777778,575341,0.16540451662579236,1.0,0.28385768935354694
0.17272727272727276,575342,0.16540422913675693,1.0,0.28385726600507677
0.17272727272727273,575388,0.16539100572135673,1.0,0.2838377933404121
0.17270833333333332,575391,0.16539014339814143,1.0,0.2838365234768214
0.17268817204301073,575397,0.1653884187786867,1.0,0.2838339837837274
0.17264957264957265,575409,0.16538496964767668,1.0,0.28382890453388365
0.17261904761904762,575412,0.16538410738740242,1.0,0.283827634749827
0.17256944444444444,575414,0.16538353255221458,1.0,0.28382678823343443
0.17253968253968255,575416,0.1653829577210227,1.0,0.28382594172209136
0.17252747252747253,575426,0.1653800836250013,1.0,0.28382170924111605
0.17250000000000001,575435,0.16537749702399054,1.0,0.2838179001161648
0.1725,575450,0.1653731862021027,1.0,0.2838115518017817
0.1724630541871921,575451,0.16537289882196746,1.0,0.2838111285909203
0.17244755244755244,575454,0.1653720366875545,1.0,0.28380985896590905
0.17242424242424242,575455,0.16537174931141443,1.0,0.28380943576009626
0.17232905982905986,575459,0.16537059981684185,1.0,0.2838077429494664
0.17228084415584416,575461,0.16537002507554813,1.0,0.28380689655172414
0.1722640195053988,575462,0.16536973770639937,1.0,0.2838064733547461
0.17222222222222225,575463,0.16536945033824937,1.0,0.28380605015903027
0.17222222222222222,575488,0.16536226645907473,1.0,0.28379547067629707
0.1722222222222222,575493,0.16536082975813782,1.0,0.2837933548743993
0.17219780219780217,575501,0.16535853108856458,1.0,0.2837899696569823
0.17215686274509803,575503,0.16535795643115675,1.0,0.28378912336524686
0.1720833333333333,575507,0.16535680712832337,1.0,0.2837874307969183
0.17207792207792208,575508,0.16535651980511132,1.0,0.2837870076579908
0.172020202020202,575509,0.16535623248289774,1.0,0.2837865845203251
0.17200000000000001,575511,0.1653556578414661,1.0,0.28378573824877923
0.1719512195121951,575513,0.16535508320402842,1.0,0.2837848919822806
0.17192307692307693,575517,0.16535393394113468,1.0,0.283783199464425
0.1719047619047619,575520,0.16535307200444815,1.0,0.283781930089282
0.17189898989898988,575522,0.16535249738498267,1.0,0.2837810838454955
0.17186480186480188,575524,0.1653519227695109,1.0,0.2837802376067561
0.1718500797448166,575529,0.16535048624830373,1.0,0.2837781220319878
0.17182905982905985,575532,0.16534962434756018,1.0,0.2837768527022675
0.1718253968253968,575533,0.16534933704930907,1.0,0.28377642959488414
0.17180076628352492,575534,0.16534904975205636,1.0,0.28377600648876244
0.1717948717948718,575535,0.165348762455802,1.0,0.28377558338390246
0.17172043010752688,575536,0.165348475160546,1.0,0.28377516028030414
0.17166666666666666,575551,0.16534416585150577,1.0,0.2837688138777275
0.17160083160083162,575552,0.16534387857222285,1.0,0.2837683907943154
0.1715948275862069,575554,0.1653433040166518,1.0,0.28376754463127574
0.1715909090909091,575556,0.16534272946507378,1.0,0.28376669847328245
0.17159090909090907,575557,0.16534244219078215,1.0,0.28376627539617816
0.1715151515151515,575559,0.16534186764519362,1.0,0.2837654292457542
0.17149321266968326,575561,0.16534129310359805,1.0,0.28376458310037644
0.17145593869731798,575571,0.16533842045551286,1.0,0.28376035244917885
0.17142857142857143,575593,0.16533210098107518,1.0,0.28375104546057667
0.1714285714285714,575595,0.16533152650735325,1.0,0.2837501994009771
0.17136752136752137,575597,0.16533095203762355,1.0,0.28374935334642293
0.17136363636363638,575598,0.16533066480425576,1.0,0.2837489303210379
0.17136363636363636,575602,0.16532951588076483,1.0,0.28374723823211073
0.17125391849529778,575608,0.16532779252546873,1.0,0.28374470013655906
0.1711111111111111,575616,0.16532549477429398,1.0,0.28374131607978775
0.17106060606060608,575618,0.16532492034647978,1.0,0.28374047007820724
0.17104105571847505,575620,0.1653243459226573,1.0,0.2837396240816716
0.17102564102564102,575622,0.1653237715028265,1.0,0.28373877809018083
0.17102150537634409,575623,0.16532348429440796,1.0,0.2837383550963271
0.17098214285714286,575625,0.1653229098805646,1.0,0.2837375091124035
0.170979020979021,575626,0.16532262267513975,1.0,0.2837370861223334
0.17097902097902096,575628,0.16532204826728372,1.0,0.2837362401459767
0.17094017094017094,575629,0.16532176106485252,1.0,0.2837358171596901
0.17090909090909093,575630,0.16532147386341922,1.0,0.28373539417466465
0.1709090909090909,575637,0.1653194634813259,1.0,0.28373243331479825
0.17083333333333334,575645,0.1653171659616604,1.0,0.2837290495506173
0.1707885304659498,575651,0.16531544286381852,1.0,0.28372651178044617
0.17076923076923078,575653,0.16531486850585336,1.0,0.2837256658671441
0.17074372759856632,575655,0.16531429415187918,1.0,0.2837248199588861
0.17071428571428574,575659,0.1653131454559036,1.0,0.28372312815750206
0.1706896551724138,575662,0.16531228394439793,1.0,0.2837218593197044
0.17065040650406504,575663,0.16531199677589145,1.0,0.28372143637629377
0.17062500000000003,575667,0.16531084811184243,1.0,0.2837197446152608
0.1705865102639296,575668,0.1653105609483244,1.0,0.2837193216781549
0.17055167055167056,575670,0.16530998662428129,1.0,0.2837184758077259
0.1705357142857143,575672,0.1653094123042288,1.0,0.2837176299423406
0.17053140096618358,575674,0.16530883798816692,1.0,0.28371678408199896
0.17051282051282052,575676,0.16530826367609558,1.0,0.2837159382267008
0.17048611111111112,575678,0.16530768936801477,1.0,0.2837150923764463
0.1704861111111111,575686,0.16530539217559573,1.0,0.2837117090258627
0.17047619047619048,575688,0.16530481788746682,1.0,0.2837108632008252
0.17046153846153847,575689,0.16530453074489873,1.0,0.2837104402901977
0.17045454545454547,575690,0.16530424360332818,1.0,0.283710017380831
0.1704273504273504,575693,0.16530338218460186,1.0,0.28370874866029566
0.17039682539682538,575694,0.1653030950470215,1.0,0.2837083257559722
0.17034632034632036,575698,0.16530194650667537,1.0,0.28370663415128594
0.17034482758620692,575699,0.16530165937408264,1.0,0.28370621125326634
0.1703448275862069,575701,0.16530108511188968,1.0,0.2837053654610093
0.17033492822966506,575702,0.16530079798228944,1.0,0.2837049425667719
0.17033333333333334,575704,0.16530022372608147,1.0,0.28370409678207936
0.17027777777777778,575705,0.1652999365994737,1.0,0.2837036738916242
0.17023809523809524,575707,0.16529936234925058,1.0,0.28370282811449593
0.1702020202020202,575717,0.16529649115798214,1.0,0.28369859930449665
0.17017388741526673,575721,0.16529534270940263,1.0,0.28369690781579554
0.17012987012987013,575722,0.16529505559975127,1.0,0.2836964849467719
0.17006237006237007,575723,0.16529476849109728,1.0,0.2836960620790088
0.1700430004777831,575724,0.1652944813834407,1.0,0.2836956392125064
0.17,575742,0.16528931361616836,1.0,0.28368802783102254
0.16999999999999998,575930,0.1652353584637022,1.0,0.2836085555823774
0.1699770817417876,575931,0.16523507156239203,1.0,0.2836081329767023
0.1699346405228758,575933,0.1652344977627606,1.0,0.28360728776913025
0.16991645781119463,575934,0.16523421086443932,1.0,0.2836068651672334
0.16984126984126985,575940,0.16523248949543357,1.0,0.28360432958230025
0.1697727272727273,575941,0.1652322026040862,1.0,0.2836039069892193
0.1697444831591173,575942,0.16523191571373505,1.0,0.28360348439739774
0.1697326203208556,575943,0.1652316288243802,1.0,0.2836030618068356
0.1696969696969697,575992,0.16521757246628424,1.0,0.2835823564119221
0.16969696969696968,576011,0.16521212268515706,1.0,0.2835743286028234
0.16968253968253968,576012,0.1652118358645306,1.0,0.28357390609914535
0.16968253968253966,576014,0.16521126222626534,1.0,0.2835730610955663
0.16967741935483874,576016,0.16521068859198357,1.0,0.2835722160970232
0.16964285714285715,576017,0.16521040177633647,1.0,0.28357179359964
0.16963562753036437,576018,0.16521011496168522,1.0,0.2835713711035159
0.16959345002823262,576019,0.16520982814802984,1.0,0.2835709486086507
0.16952380952380952,576094,0.1651883199616729,1.0,0.2835392650813845
0.16948051948051945,576096,0.16518774648669665,1.0,0.2835384202842416
0.16944444444444445,576204,0.16515678474984555,1.0,0.28349280871295623
0.16944444444444443,576208,0.16515563824174603,1.0,0.2834911196773175
0.1694083694083694,576209,0.16515535161720835,1.0,0.28349069742155253
0.1694080338266385,576211,0.16515477837111753,1.0,0.2834898529137963
0.1694055944055944,576212,0.1651544917495644,1.0,0.283489430661805
0.16937500000000003,576213,0.1651542051290061,1.0,0.2834890084110716
0.16936826458565588,576215,0.16515363189087406,1.0,0.28348816391337833
0.16935483870967744,576216,0.16515334527330028,1.0,0.2834877416664184
0.1693548387096774,576217,0.16515305865672134,1.0,0.28348731942071637
0.16933333333333334,576218,0.1651527720411372,1.0,0.28348689717627223
0.16932773109243696,576220,0.1651521988129534,1.0,0.2834860526911574
0.16924242424242422,576222,0.16515162558874877,1.0,0.28348520821107376
0.16923371647509577,576224,0.16515105236852334,1.0,0.2834843637360215
0.16923371647509575,576226,0.16515047915227707,1.0,0.2834835192660004
0.1692192192192192,576231,0.16514904612906978,1.0,0.28348140811295885
0.16920405982905984,576233,0.1651484729267501,1.0,0.2834805636605466
0.16918767507002802,576235,0.1651478997284094,1.0,0.2834797192131653
0.16914285714285715,576237,0.16514732653404762,1.0,0.28347887477081507
0.1691304347826087,576238,0.1651470399383588,1.0,0.28347845255152654
0.16912280701754384,576240,0.1651464667499653,1.0,0.28347760811672257
0.16911525974025973,576242,0.1651458935655506,1.0,0.2834767636869495
0.16910408432147564,576244,0.16514532038511465,1.0,0.28347591926220717
0.16909090909090913,576245,0.1651450337963887,1.0,0.2834754970517226
0.16904761904761906,576246,0.1651447472086574,1.0,0.2834750748424956
0.169017199017199,576248,0.16514417403617887,1.0,0.2834742304278148
0.16898395721925133,576249,0.16514388745143158,1.0,0.2834738082223609
0.16895604395604397,576250,0.16514360086767896,1.0,0.28347338601816463
0.16891996891996894,576252,0.16514302770315764,1.0,0.2834725416135451
0.16888888888888887,576254,0.1651424545426149,1.0,0.2834716972139561
0.16886363636363638,576268,0.16513844253021165,1.0,0.2834657865576857
0.16884615384615387,576269,0.16513815596535647,1.0,0.2834653643773839
0.16882352941176473,576270,0.16513786940149583,1.0,0.2834649421983397
0.1688235294117647,576271,0.16513758283862975,1.0,0.28346452002055306
0.16874999999999998,576274,0.1651367231559987,1.0,0.28346325349473817
0.1687179487179487,576276,0.16513615003921733,1.0,0.28346240915048254
0.1686813186813187,576280,0.16513500381758867,1.0,0.28346072047706133
0.1686666666666667,576281,0.16513471726466775,1.0,0.28346029831184977
0.16865258924082455,576283,0.16513414416180938,1.0,0.2834594539851992
0.16865079365079366,576284,0.16513385761187194,1.0,0.28345903182376003
0.16862745098039217,576286,0.1651332845149804,1.0,0.2834581875046541
0.16859903381642513,576287,0.16513299796802636,1.0,0.28345776534698736
0.16858695652173913,576289,0.16513242487710159,1.0,0.28345692103542613
0.16857142857142857,576290,0.1651321383331309,1.0,0.2834564988815317
0.16856378915202444,576292,0.1651315652481728,1.0,0.2834556545775151
0.16856060606060608,576293,0.1651312787071854,1.0,0.28345523242739296
0.16853146853146855,576295,0.1651307056281939,1.0,0.2834543881309209
0.16849802371541503,576296,0.16513041909018977,1.0,0.28345396598457095
0.16846153846153847,576307,0.16512726723777432,1.0,0.28344932245770854
0.1684281842818428,576309,0.16512669418662557,1.0,0.2834484781964427
0.16841269841269838,576310,0.16512640766254272,1.0,0.28344805606769585
0.16836363636363638,576313,0.1651255480962602,1.0,0.28344678968899906
0.16835164835164837,576316,0.16512468853892656,1.0,0.28344552332161793
0.16833333333333333,576323,0.1651226829399486,1.0,0.28344256850840005
0.1682900432900433,576325,0.1651221099206177,1.0,0.28344172428736736
0.16826388888888888,576327,0.16512153690526385,1.0,0.2834408800713636
0.16825396825396824,576337,0.16511867188814877,1.0,0.2834366590667773
0.16825,576341,0.16511752590914058,1.0,0.2834349707001437
0.1682170542635659,576342,0.165117239416874,1.0,0.2834345486116282
0.1681818181818182,576343,0.1651169529256016,1.0,0.28343412652436983
0.16818181818181818,576347,0.16511580697045355,1.0,0.2834324381879076
0.16815584415584414,576349,0.16511523399884445,1.0,0.2834315940272191
0.16813186813186815,576350,0.1651149475145311,1.0,0.28343117194876055
0.1680952380952381,576351,0.1651146610312119,1.0,0.2834307498715591
0.16809523809523808,576353,0.16511408806755581,1.0,0.28342990572092736
0.16806060606060608,576354,0.16511380158721897,1.0,0.2834294836474972
0.16805194805194804,576356,0.1651132286295276,1.0,0.28342863950440794
0.16801075268817203,576358,0.1651126556758126,1.0,0.2834277953663469
0.16799999999999998,576360,0.16511208272607397,1.0,0.2834269512333141
0.16797979797979795,576361,0.16511179625269579,1.0,0.2834265291686832
0.16794871794871796,576363,0.16511122330892164,1.0,0.2834256850431926
0.1679425837320574,576364,0.16511093683852565,1.0,0.2834252629823328
0.1678947368421053,576365,0.16511065036912373,1.0,0.28342484092273007
0.16785714285714284,576376,0.165107499271309,1.0,0.283420198350061
0.16785117056856189,576377,0.1651072128138354,1.0,0.28341977630554205
0.16784836784836785,576378,0.16510692635735577,1.0,0.28341935426228
0.1678163771712159,576380,0.16510635344737848,1.0,0.28341851017952663
0.1677996422182469,576382,0.16510578054137706,1.0,0.28341766610180086
0.16771241830065356,576384,0.16510520763935155,1.0,0.2834168220291029
0.16770833333333332,576387,0.1651043482937679,1.0,0.28341555592948264
0.16770114942528735,576388,0.1651040618472279,1.0,0.28341513389878964
0.16767676767676767,576389,0.16510377540168186,1.0,0.28341471186935363
0.16764705882352943,576393,0.16510262962943686,1.0,0.2834130237641779
0.1676470588235294,576397,0.16510148387309442,1.0,0.2834113356791118
0.1676190476190476,576407,0.16509861955180974,1.0,0.2834071155544238
0.16759906759906762,576409,0.16509804669947903,1.0,0.2834062715445678
0.1675213675213675,576410,0.16509776027480438,1.0,0.28340584954152487
0.1675,576414,0.16509661458604405,1.0,0.28340416154192066
0.1674825174825175,576419,0.1650951824974541,1.0,0.283402051570692
0.16742424242424242,576423,0.16509403684447013,1.0,0.2834003636163297
0.16739811912225705,576425,0.16509346402394068,1.0,0.2833995196466887
0.1673076923076923,576427,0.16509289120738618,1.0,0.2833986756820744
0.16726190476190475,576429,0.16509231839480665,1.0,0.2833978317224867
0.16718146718146717,576430,0.16509203199000747,1.0,0.28339740974457783
0.16717171717171717,576435,0.16509059998091719,1.0,0.28339529987388307
0.16715686274509803,576439,0.16508945439153144,1.0,0.28339361199994634
0.16714285714285715,576443,0.16508830881804445,1.0,0.28339192414611525
0.16714285714285712,576445,0.16508773603726287,1.0,0.28339108022673903
0.16713286713286712,576462,0.16508286756108814,1.0,0.2833839071149717
0.1671153846153846,576464,0.16508229481806322,1.0,0.283383063243343
0.16699699699699697,576466,0.16508172207901248,1.0,0.2833822193767402
0.16698544698544698,576467,0.1650814357109774,1.0,0.28338179744532344
0.16696969696969696,576478,0.16507828572816308,1.0,0.28337715628266247
0.1669642857142857,576479,0.16507799937204998,1.0,0.2833767343663226
0.1669047619047619,576481,0.16507742666280414,1.0,0.28337589053741186
0.16690058479532163,576482,0.1650771403096714,1.0,0.2833754686248411
0.16688963210702343,576488,0.16507542221173727,1.0,0.28337293717579937
0.16677489177489177,576491,0.1650745631761814,1.0,0.2833716714682389
0.16670846394984326,576493,0.16507399049077787,1.0,0.28337082766948013
0.16666666666666669,576509,0.16506940915059434,1.0,0.2833640774603118
0.16666666666666666,577555,0.16477045476188415,1.0,0.282923479194136
0.16658341658341658,577557,0.1647698841845913,1.0,0.28292263806243595
0.16654135338345863,577561,0.1647687430418605,1.0,0.2829209558140399
0.1664285714285714,577564,0.1647678871951853,1.0,0.2829196941408712
0.16640543364681296,577565,0.16476760191493597,1.0,0.2829192735856489
0.16637806637806637,577567,0.16476703135740095,1.0,0.28291843247895515
0.1663768115942029,577576,0.16476446389739186,1.0,0.28291464756072177
0.16636363636363638,577589,0.16476075548530184,1.0,0.2829091806353892
0.16636363636363635,577590,0.16476047022974774,1.0,0.2829087601114226
0.16634615384615387,577596,0.16475875871716564,1.0,0.28290623699387596
0.16630244755244755,577597,0.16475847346852562,1.0,0.2829058164786603
0.16627329192546583,577598,0.16475818822087335,1.0,0.28290539596469483
0.16626984126984126,577600,0.16475761772853187,1.0,0.2829045549405141
0.16606060606060608,577603,0.1647567619974273,1.0,0.2829032934136187
0.16598240469208211,577605,0.16475619151496265,1.0,0.28290245240193884
0.16596638655462184,577606,0.16475590627521183,1.0,0.2829020318979741
0.16593406593406593,577612,0.16475419485744755,1.0,0.28289950890043636
0.1659090909090909,577617,0.1647527687031372,1.0,0.28289740643686434
0.16590038314176245,577618,0.16475248347523797,1.0,0.2828969859478999
0.1658730158730159,577625,0.16475048690759575,1.0,0.2828940425601489
0.16587301587301587,577626,0.16475020168759716,1.0,0.2828936220811843
0.1658665658665659,577627,0.16474991646858614,1.0,0.28289320160346976
0.16584615384615387,577630,0.1647490608174783,1.0,0.2828919401778256
0.16583333333333333,577646,0.16474449749500558,1.0,0.2828852127643762
0.16581196581196583,577648,0.16474392709747113,1.0,0.2828843718601928
0.16578947368421051,577651,0.16474307150857526,1.0,0.28288311051329124
0.1657142857142857,577658,0.16474107516904465,1.0,0.28288016741426414
0.16569900687547745,577660,0.16474050479520824,1.0,0.28287932654007586
0.16568694463431305,577662,0.1647399344253214,1.0,0.2828784856708867
0.16567307692307692,577667,0.16473850851788313,1.0,0.2828763835197843
0.16565040650406504,577669,0.1647379381618193,1.0,0.2828755426680915
0.16555555555555557,577682,0.16473423094366796,1.0,0.2828700772539333
0.16545454545454547,577684,0.16473366061722325,1.0,0.28286923643973083
0.1654285714285714,577685,0.1647333754554818,1.0,0.28286881603450403
0.16539589442815247,577688,0.1647325199761809,1.0,0.28286755482632137
0.1653846153846154,577716,0.16472453593114955,1.0,0.28285578409226014
0.16538461538461538,577717,0.16472425080099773,1.0,0.2828553637270186
0.16533333333333333,577733,0.16471968885280916,1.0,0.282848638053075
0.1652941176470588,577734,0.1647194037394372,1.0,0.2828482177090733
0.16527777777777777,577736,0.16471883351565422,1.0,0.282847377024818
0.16523297491039426,577737,0.16471854840524322,1.0,0.28284695668456433
0.16520202020202018,577739,0.16471797818738218,1.0,0.28284611600780496
0.16515151515151516,577744,0.16471655266000165,1.0,0.2828440143377698
0.16507936507936508,577747,0.16471569735541683,1.0,0.2828427533507403
0.16505494505494506,577749,0.16471512715729494,1.0,0.282841912698967
0.165,577836,0.16469032735931993,1.0,0.28280534918276373
0.16499999999999998,577839,0.16468947232706688,1.0,0.2828040885404671
0.16495726495726495,577846,0.16468747728633581,1.0,0.28280114708548165
0.16493243243243244,577847,0.16468719228446285,1.0,0.28280072688262153
0.16488413547237077,577848,0.1646869072835763,1.0,0.28280030668101014
0.16487179487179487,577865,0.1646820624194232,1.0,0.2827931634446658
0.1648051948051948,577866,0.16468177743629145,1.0,0.2827927432655305
0.16468253968253968,577868,0.16468120747298692,1.0,0.28279190291100575
0.16464646464646465,577871,0.16468035253542745,1.0,0.28279064238858304
0.16463203463203463,577872,0.16468006755821357,1.0,0.28279022221693934
0.16459276018099547,577873,0.164679782581986,1.0,0.2827898020465443
0.16457013574660634,577878,0.1646783577156424,1.0,0.28278770121329727
0.16456043956043956,577884,0.1646766479085768,1.0,0.2827851802546029
0.16450549450549448,577890,0.1646749381370157,1.0,0.2827826593408553
0.16448863636363636,577893,0.16467408326454896,1.0,0.28278139890083603
0.16444444444444445,577910,0.1646692391548857,1.0,0.2827742566196288
0.16444444444444442,577923,0.16466553502802275,1.0,0.2827687951186102
0.1643939393939394,577925,0.16466496517714235,1.0,0.2827679549064091
0.16438579341805148,577927,0.16466439533020608,1.0,0.2827671146992012
0.16437908496732026,577928,0.16466411040821693,1.0,0.28276669459746956
0.16436781609195403,577931,0.1646632556481656,1.0,0.28276543429976453
0.1642857142857143,577933,0.16466268581306137,1.0,0.2827645941075358
0.16428571428571428,577945,0.16465926688525725,1.0,0.2827595530590142
0.1642706131078224,577947,0.16465869707775974,1.0,0.2827587129017354
0.16424651924651923,577948,0.16465841217548985,1.0,0.2827582928249682
0.1642192192192192,577950,0.16465784237390776,1.0,0.2827574526751783
0.16419098143236074,577953,0.16465698767892892,1.0,0.28275619245985467
0.16414141414141414,577955,0.16465641788720575,1.0,0.2827553523225463
0.1641304347826087,577960,0.16465499342515053,1.0,0.2827532520011172
0.16412698412698412,577962,0.1646544236472294,1.0,0.28275241188128225
0.16404761904761903,577981,0.16464901095364726,1.0,0.2827444309918368
0.163986013986014,577982,0.16464872608489536,1.0,0.28274401095750396
0.16395604395604396,577983,0.1646484412171292,1.0,0.2827435909244192
0.163953488372093,577985,0.1646478714845541,1.0,0.2827427508619934
0.16392857142857145,577987,0.16464730175592185,1.0,0.28274191080455946
0.1639285714285714,577988,0.16464701689308428,1.0,0.2827414907777144
0.1638888888888889,577989,0.16464673203123242,1.0,0.2827410707521173
0.16384615384615386,577991,0.16464616231048582,1.0,0.28274023070466686
0.16384057971014493,577992,0.16464587745159104,1.0,0.2827398106828135
0.16380440348182282,577993,0.16464559259368194,1.0,0.2827393906622081
0.16379928315412187,577994,0.1646453077367585,1.0,0.2827389706428506
0.16377777777777777,577996,0.16464473802586868,1.0,0.2827381306078792
0.16375,578010,0.16464075016003182,1.0,0.2827322505028418
0.16370967741935483,578012,0.16464018048068207,1.0,0.2827314105078018
0.1636842105263158,578014,0.16463961080527462,1.0,0.28273057051775313
0.1636781609195402,578035,0.1646336294515038,1.0,0.2827217509235754
0.16365079365079363,578037,0.16463305982143012,1.0,0.2827209109909225
0.16363636363636366,578039,0.16463249019529824,1.0,0.28272007106326025
0.16363636363636364,578057,0.1646273637374861,1.0,0.2827125119388729
0.16363122171945702,578059,0.16462679415077008,1.0,0.28271167206111497
0.16354679802955663,578066,0.16462480062830195,1.0,0.2827087325282593
0.1635344827586207,578068,0.16462423105932175,1.0,0.2827078926729567
0.16352357320099256,578072,0.1646230919331848,1.0,0.2827062129773215
0.16351068286552156,578074,0.16462252237602798,1.0,0.2827053731369887
0.1635064935064935,578075,0.16462223759892747,1.0,0.2827049532186935
0.1635019841269841,578077,0.16462166804768222,1.0,0.2827041133858455
0.16338888888888892,578081,0.16462052895701468,1.0,0.2827024337351187
0.16337979094076652,578082,0.16462024418681087,1.0,0.28270201382555554
0.16333333333333333,578206,0.16458494031538934,1.0,0.28264995470543686
0.163275039745628,578208,0.1645843710221927,1.0,0.28264911519932523
0.16326923076923078,578216,0.16458209388878897,1.0,0.28264575722474683
0.163264221158958,578218,0.1645815246152835,1.0,0.282644917743569
0.16324786324786325,578220,0.16458095534571615,1.0,0.28264407826737786
0.16324143692564747,578221,0.16458067071240928,1.0,0.2826436585311523
0.1631896551724138,578222,0.16458038608008688,1.0,0.2826432387961733
0.16311111111111112,578224,0.16457981681839565,1.0,0.2826423993299554
0.1631048387096774,578226,0.16457924756064238,1.0,0.2826415598687239
0.1630769230769231,578227,0.16457896293324248,1.0,0.2826411401399781
0.16305194805194806,578229,0.16457839368139612,1.0,0.28264030068622636
0.1630434782608696,578231,0.16457782443348765,1.0,0.2826394612374609
0.16304347826086957,578243,0.16457440902873013,1.0,0.2826344246495804
0.16303030303030303,578246,0.1645735551996901,1.0,0.2826331655306574
0.16301075268817203,578250,0.1645724167747514,1.0,0.28263148672287774
0.16297619047619047,578251,0.16457213217097766,1.0,0.28263106702404905
0.16293706293706295,578253,0.16457156296638323,1.0,0.28263022763013107
0.16288288288288288,578254,0.16457127836556254,1.0,0.28262980793504183
0.16285714285714284,578268,0.16456729405742665,1.0,0.28262393233466776
0.16275757575757577,578269,0.1645670094713706,1.0,0.28262351265827484
0.16270833333333332,578274,0.16456558655585415,1.0,0.28262141429500565
0.1626984126984127,578278,0.16456444824115737,1.0,0.2826197356268246
0.16266968325791856,578279,0.16456416366494372,1.0,0.28261931596289513
0.16264957264957264,578281,0.16456359451546912,1.0,0.28261847663877526
0.1626470588235294,578282,0.16456330994220814,1.0,0.2826180569785848
0.16262626262626265,578284,0.16456274079863872,1.0,0.2826172176619427
0.1625,578332,0.16454908253390785,1.0,0.282597075557984
0.16246376811594204,578333,0.16454879801083458,1.0,0.282596655961348
0.1624615384615385,578334,0.16454851348874525,1.0,0.28259623636595804
0.16245059288537547,578342,0.16454623734745186,1.0,0.2825928796476943
0.16244444444444445,578344,0.16454566832196754,1.0,0.2825920404805882
0.16242424242424242,578350,0.16454396126912768,1.0,0.2825895230091728
0.16241758241758242,578351,0.16454367676376455,1.0,0.28258910343496435
0.16230769230769232,578353,0.16454310775598985,1.0,0.28258826429028516
0.1622222222222222,578355,0.1645425387521505,1.0,0.2825874251505897
0.16219444444444445,578357,0.16454196975224644,1.0,0.28258658601587777
0.16215686274509802,578365,0.16453969379198258,1.0,0.2825832295268652
0.16212121212121214,578366,0.16453940930137664,1.0,0.28258280997134505
0.16211822660098518,578376,0.1645365644494239,1.0,0.28257861448466315
0.1621031746031746,578378,0.16453599549083817,1.0,0.28257777540227635
0.16209150326797384,578379,0.16453571101302086,1.0,0.2825773558629516
0.1620779220779221,578382,0.1645348575854712,1.0,0.282576097252452
0.16207792207792207,578388,0.16453315075693134,1.0,0.28257358006508776
0.16201149425287356,578389,0.16453286628895086,1.0,0.28257316053822046
0.16200000000000003,578393,0.16453172842686548,1.0,0.28257148244320823
0.162,578398,0.16453030612139047,1.0,0.2825693848524709
0.16196581196581197,578400,0.16452973720608574,1.0,0.28256854582489566
0.16195426195426196,578402,0.16452916829471545,1.0,0.282567706802303
0.16192307692307695,578404,0.16452859938727948,1.0,0.28256686778469287
0.1619191919191919,578410,0.16452689268857731,1.0,0.28256435076175745
0.16190476190476188,578415,0.16452547046670643,1.0,0.28256225327689843
0.16185483870967743,578416,0.16452518602528285,1.0,0.28256183378366345
0.16180290297937355,578417,0.16452490158484276,1.0,0.2825614142916739
0.16176829268292683,578419,0.16452433270691316,1.0,0.2825605753114315
0.16166666666666668,578428,0.16452177280491262,1.0,0.2825567999619948
0.16166666666666665,578435,0.16451978182509702,1.0,0.28255386364884744
0.16160714285714284,578445,0.16451693765180786,1.0,0.28254966902164314
0.1615987460815047,578446,0.16451665323988757,1.0,0.2825492495657725
0.16157894736842104,578450,0.16451551560203995,1.0,0.2825475717547438
0.16153846153846158,578455,0.1645140935768556,1.0,0.2825454745189788
0.16153846153846155,578458,0.16451324037354484,1.0,0.28254421619246406
0.16153846153846152,578463,0.1645118183876929,1.0,0.28254211900651255
0.16153225806451613,578466,0.1645109652079811,1.0,0.28254086070988527
0.16145976785362975,578468,0.1645103964264229,1.0,0.2825400218516935
0.16145833333333331,578470,0.16450982764879768,1.0,0.28253918299848285
0.161455938697318,578471,0.16450954326145995,1.0,0.2825387635737454
0.16144144144144143,578475,0.1645084057219413,1.0,0.28253708588724824
0.16144049187527448,578477,0.1645078369580813,1.0,0.282536247051471
0.16142857142857142,578479,0.16450726819815412,1.0,0.28253540822067474
0.1614285714285714,578480,0.16450698381966533,1.0,0.28253498880714445
0.16137931034482758,578481,0.16450669944215973,1.0,0.2825345693948593
0.16136363636363638,578520,0.1644956094862753,1.0,0.28251821328694166
0.16136363636363635,578524,0.16449447213944451,1.0,0.2825165358444859
0.16125,578526,0.16449390347192694,1.0,0.2825156971307278
0.16122807017543858,578528,0.16449333480834116,1.0,0.28251485842194946
0.16121794871794873,578529,0.1644930504780227,1.0,0.2825144390694278
0.16120879120879122,578531,0.1644924818203346,1.0,0.2825136003681191
0.16112325174825176,578533,0.1644919131665782,1.0,0.2825127616717901
0.16111111111111112,578536,0.16449106019331555,1.0,0.2825115036366335
0.1611111111111111,578747,0.16443108992357627,1.0,0.2824230499279578
0.1610714285714286,578749,0.16443052169420594,1.0,0.2824222117691749
0.16106782106782108,578753,0.1644293852472471,1.0,0.2824205354665337
0.16104166666666667,578754,0.16442910113796189,1.0,0.2824201163939826
0.16103896103896104,578757,0.16442824881599705,1.0,0.28241885918379156
0.1610344827586207,578760,0.1644273965028682,1.0,0.28241760198479354
0.161,578762,0.16442682829902447,1.0,0.28241676385834646
0.1609090909090909,578857,0.16439984313915182,1.0,0.2823769585814092
0.16083333333333333,578858,0.164399559131946,1.0,0.28237653963817205
0.16082289803220037,578859,0.16439927512572147,1.0,0.282376120696178
0.1608225108225108,578860,0.16439899112047818,1.0,0.2823757017554271
0.16076923076923078,578862,0.16439842311293537,1.0,0.28237486387765454
0.16071428571428573,578864,0.16439785510931756,1.0,0.28237402600485445
0.1607142857142857,578872,0.16439558313409527,1.0,0.28237067456337644
0.1606818181818182,578873,0.16439529914160791,1.0,0.2823702556387854
0.16062500000000002,578875,0.16439473115957676,1.0,0.2823694177933324
0.1606060606060606,578876,0.16439444717003296,1.0,0.28236899887247047
0.16057178116001647,578878,0.16439387919388887,1.0,0.2823681610344756
0.16055944055944057,578882,0.1643927432533746,1.0,0.2823664853734018
0.16055194805194806,578883,0.16439245927069893,1.0,0.28236606646124085
0.16050420168067225,578884,0.16439217528900435,1.0,0.28236564755032284
0.1604861111111111,578888,0.16439103937203742,1.0,0.2823639719190804
0.16035353535353536,578891,0.16439018744461392,1.0,0.2823627152086996
0.16034482758620688,578898,0.1643881996482973,1.0,0.28235978292798
0.1603174603174603,578905,0.16438621190005268,1.0,0.2823568507081619
0.1602124183006536,578906,0.1643859279399419,1.0,0.2823564318245879
0.1601785714285714,578907,0.16438564398081212,1.0,0.2823560129422569
0.16017094017094013,578911,0.16438450815410313,1.0,0.2823543374253607
0.16014705882352942,578913,0.16438394024663464,1.0,0.2823534996743695
0.16003030303030302,578914,0.16438365629437188,1.0,0.2823530808007382
0.16000000000000003,578924,0.16438081682569733,1.0,0.2823488921327779
0.16,578943,0.1643754221054577,1.0,0.2823409340060257
0.15999999999999998,578947,0.16437428642000046,1.0,0.2823392586680829
0.15999517723655657,578949,0.16437371858315672,1.0,0.28233842100656714
0.1599665551839465,578951,0.1643731507502362,1.0,0.2823375833500219
0.15994531784005467,578952,0.16437286683524713,1.0,0.2823371645236131
0.1599206349206349,578954,0.16437229900821135,1.0,0.2823363268745235
0.15989898989898987,578957,0.16437144727501352,1.0,0.2823350704102083
0.15982905982905984,579013,0.1643555498753914,1.0,0.2823116184622139
0.15974025974025974,579019,0.16435384676495934,1.0,0.2823091059845769
0.15972222222222224,579020,0.16435356291665226,1.0,0.28230868724265185
0.15967741935483873,579021,0.16435327906932565,1.0,0.28230826850196905
0.1596774193548387,579027,0.16435157600595482,1.0,0.2823057560839584
0.1596503496503497,579029,0.16435100832600785,1.0,0.2823049186212257
0.15964285714285714,579033,0.16434987297787865,1.0,0.2823032437106662
0.1596153846153846,579036,0.1643490214770757,1.0,0.28230198754078906
0.1596103896103896,579045,0.1643464670276058,1.0,0.28229821909823216
0.1595904095904096,579047,0.16434589938295163,1.0,0.28229738168021584
0.15956876456876457,579048,0.16434561556209504,1.0,0.28229696297307083
0.1595394736842105,579049,0.16434533174221871,1.0,0.28229654426716777
0.1595238095238095,579053,0.16434419647251633,1.0,0.2822948694559763
0.1594805194805195,579055,0.1643436288435468,1.0,0.2822940320578329
0.15944444444444444,579056,0.16434334503053244,1.0,0.2822936133606241
0.15944055944055943,579057,0.16434306121849834,1.0,0.2822931946646574
0.15942307692307695,579058,0.16434277740744452,1.0,0.28229277596993274
0.15942028985507245,579060,0.16434220978827754,1.0,0.28229193858420937
0.159375,579064,0.1643410745617065,1.0,0.28229026382766664
0.15935483870967743,579066,0.16434050695430227,1.0,0.28228942645684707
0.15916305916305915,579068,0.1643399393508189,1.0,0.28228858909099536
0.15915750915750915,579070,0.16433937175125632,1.0,0.2822877517301115
0.15915584415584416,579072,0.1643388041556145,1.0,0.2822869143741954
0.1591327063740857,579074,0.16433823656389338,1.0,0.28228607702324693
0.15909090909090912,579076,0.16433766897609295,1.0,0.28228523967726626
0.1590909090909091,579083,0.16433568244966612,1.0,0.28228230900545354
0.1590756302521008,579087,0.1643345473132707,1.0,0.2822806343631674
0.15903225806451612,579088,0.16433426353162214,1.0,0.28228021570570055
0.15897435897435896,579091,0.16433341219255695,1.0,0.2822789597407509
0.1589705882352941,579093,0.1643328446380806,1.0,0.28227812243699363
0.15895604395604396,579094,0.16433256086231252,1.0,0.2822777037869777
0.15892307692307694,579099,0.16433114199817303,1.0,0.2822756105555251
0.15888888888888889,579117,0.16432603429013481,1.0,0.2822680751793392
0.15888888888888886,579122,0.1643246155386948,1.0,0.28226598209068554
0.15886524822695036,579123,0.16432433179134656,1.0,0.2822655634766798
0.15882352941176472,579124,0.16432404804497827,1.0,0.2822651448639157
0.1588235294117647,579130,0.16432234558734654,1.0,0.28226263321340544
0.1588034188034188,579133,0.16432149437175916,1.0,0.2822613774049121
0.1587797619047619,579134,0.16432121063518978,1.0,0.28226095880456414
0.15877005347593584,579136,0.1643206431649906,1.0,0.282260121607593
0.15876111717896707,579138,0.16432007569871085,1.0,0.2822592844155883
0.15865800865800866,579142,0.1643189407779094,1.0,0.2822576100464774
0.15864661654135337,579147,0.16431752214895354,1.0,0.28225551711302355
0.15858695652173913,579152,0.16431610354449264,1.0,0.2822534242106075
0.15858585858585858,579158,0.16431440125147195,1.0,0.28225091276867725
0.15857142857142859,579162,0.16431326640905308,1.0,0.28224923849888633
0.15857142857142856,579165,0.16431241528752602,1.0,0.28224798280957814
0.15850649350649348,579166,0.16431213158230973,1.0,0.2822475642489582
0.15849802371541502,579167,0.16431184787807315,1.0,0.2822471456895797
0.15847953216374266,579169,0.1643112804725391,1.0,0.28224630857454697
0.1584615384615385,579171,0.1643107130709238,1.0,0.2822454714644798
0.15846153846153846,579176,0.16430929458402974,1.0,0.282243378711036
0.15844155844155844,579183,0.1643073087435232,1.0,0.2822404489083513
0.15843045843045844,579185,0.16430674136933796,1.0,0.28223961183304197
0.15833333333333333,579238,0.1642917073810765,1.0,0.2822174311464082
0.15828947368421054,579239,0.16429142374736508,1.0,0.28221701267639676
0.15824175824175826,579240,0.16429114011463297,1.0,0.2822165942076263
0.15818903318903318,579242,0.16429057285210671,1.0,0.2822157572738084
0.1581628787878788,579244,0.16429000559349774,1.0,0.28221492034495443
0.15815384615384617,579246,0.16428943833880597,1.0,0.2822140834210643
0.1581081081081081,579248,0.1642888710880314,1.0,0.28221324650213814
0.15809523809523807,579250,0.16428830384117393,1.0,0.2822124095881758
0.15803418803418803,579251,0.16428802021921413,1.0,0.28221199113305606
0.1579575596816976,579253,0.1642874529782323,1.0,0.28221115422653936
0.1579545454545455,579255,0.16428688574116754,1.0,0.2822103173249864
0.15795454545454546,579257,0.16428631850801975,1.0,0.2822094804283971
0.15794871794871795,579258,0.16428603489291474,1.0,0.2822090619819638
0.15791527313266443,579259,0.16428575127878894,1.0,0.28220864353677144
0.15789473684210525,579260,0.16428546766564237,1.0,0.2822082250928199
0.15786435786435787,579262,0.1642849004422869,1.0,0.28220738820863966
0.15785714285714286,579266,0.16428376600732653,1.0,0.28220571445516957
0.1577922077922078,579274,0.16428149718440668,1.0,0.28220236700779017
0.15777777777777777,579277,0.1642806463919679,1.0,0.2822011117354965
0.15770772238514172,579279,0.16428007920190443,1.0,0.28220027489350474
0.1576923076923077,579287,0.16427781048081522,1.0,0.28219692757516857
0.15764478764478762,579290,0.16427695972656184,1.0,0.2821956723512649
0.15763736263736264,579295,0.16427554182238754,1.0,0.2821935803362398
0.1576114081996435,579297,0.1642749746675712,1.0,0.28219274353891477
0.15749128919860628,579298,0.1642746910916316,1.0,0.2821923251421133
0.157487922705314,579300,0.16427412394268945,1.0,0.2821914883522323
0.1574747474747475,579302,0.1642735567976634,1.0,0.282190651567314
0.15743243243243243,579304,0.16427298965655338,1.0,0.28218981478735833
0.15734265734265737,579306,0.16427242251935936,1.0,0.2821889780123652
0.15733333333333333,579309,0.16427157182091076,1.0,0.2821877228591804
0.1573170731707317,579311,0.16427100469350658,1.0,0.28218688609659365
0.1572727272727273,579315,0.16426987045044578,1.0,0.28218521258630735
0.15726790450928382,579319,0.1642687362230481,1.0,0.28218353909587046
0.15726495726495726,579321,0.16426816911522282,1.0,0.28218270235809545
0.15725108225108225,579322,0.16426788556277855,1.0,0.2821822839910687
0.15719932241671372,579324,0.16426731846082676,1.0,0.282181447260737
0.1571521668295862,579325,0.16426703491131922,1.0,0.28218102889743196
0.15714285714285714,579375,0.16425285868392664,1.0,0.28216011231374316
0.15713450292397657,579376,0.16425257518433625,1.0,0.2821596940136982
0.15705128205128205,579377,0.1642522916857245,1.0,0.2821592757148935
0.15694444444444444,579384,0.16425030722284356,1.0,0.28215634765798725
0.15692307692307694,579387,0.16424945675343078,1.0,0.28215509279505924
0.15689964157706093,579388,0.1642491732655837,1.0,0.28215467450989695
0.1568803418803419,579389,0.16424888977871516,1.0,0.28215425622597484
0.15686813186813187,579390,0.1642486062928252,1.0,0.28215383794329285
0.15682432432432433,579391,0.16424832280791382,1.0,0.28215341966185115
0.1567857142857143,579396,0.1642469053980352,1.0,0.2821513282732448
0.1567821067821068,579397,0.16424662191899508,1.0,0.2821509099992439
0.15669856459330145,579399,0.16424605496385047,1.0,0.2821500734549627
0.1566924066924067,579401,0.16424548801261993,1.0,0.282149236915642
0.15666666666666668,579402,0.1642452045384724,1.0,0.2821488186478417
0.15666666666666665,579405,0.16424435412190092,1.0,0.2821475638518817
0.15665584415584416,579408,0.16424350371413582,1.0,0.28214630906708255
0.15659003831417623,579409,0.1642432202468377,1.0,0.28214589080796293
0.15657894736842104,579412,0.16424236985081428,1.0,0.2821446360380447
0.15656565656565657,579413,0.16424208638743004,1.0,0.2821442177838853
0.1564935064935065,579433,0.16423641732521274,1.0,0.2821358529611012
0.1564705882352941,579435,0.16423585044051534,1.0,0.2821350165061022
0.15644444444444447,579440,0.1642344332458926,1.0,0.2821329253903031
0.15644444444444444,579441,0.164234149809903,1.0,0.28213250717086297
0.15642857142857142,579445,0.16423301607572763,1.0,0.2821308343055014
0.1564102564102564,579452,0.16423103207858458,1.0,0.28212790683885347
0.15636363636363637,579462,0.16422819788010257,1.0,0.2821237248490274
0.15636363636363634,579472,0.16422536377944058,1.0,0.28211954298317904
0.1563247863247863,579481,0.16422281317247675,1.0,0.2821157794099119
0.15625,579501,0.16421714544064636,1.0,0.2821074162732615
0.1561842105263158,579503,0.16421657868898004,1.0,0.2821065799868676
0.15616883116883115,579505,0.1642160119412257,1.0,0.28210574370543184
0.15615584415584416,579507,0.1642154451973833,1.0,0.2821049074289542
0.15613636363636366,579512,0.1642140283548917,1.0,0.282102816759452
0.1561111111111111,579518,0.16421232817617398,1.0,0.2821003079969526
0.15608695652173912,579519,0.1642120448164771,1.0,0.28209988987420753
0.15606060606060607,579596,0.16419022905610114,1.0,0.2820676981445254
0.1560344827586207,579597,0.16418994577266618,1.0,0.28206728011844195
0.15601398601398603,579601,0.16418881264870144,1.0,0.2820656080264981
0.1560064935064935,579608,0.16418682971939655,1.0,0.28206268191329814
0.15598290598290598,579610,0.16418626317696383,1.0,0.28206184589210614
0.15595238095238095,579612,0.16418569663844088,1.0,0.2820610098758699
0.1559090909090909,579613,0.16418541337064557,1.0,0.28206059186961024
0.15590062111801242,579627,0.16418144772413984,1.0,0.28205473991206165
0.15584415584415584,579630,0.16418059796766904,1.0,0.28205348595275004
0.15583333333333332,579631,0.1641803147174668,1.0,0.28205306796879054
0.15576923076923077,579634,0.16417946497272418,1.0,0.2820518140243451
0.15575,579636,0.16417889848111575,1.0,0.2820509780675756
0.15571847507331377,579647,0.16417578284714662,1.0,0.2820463803939177
0.1557142857142857,579652,0.16417436668897892,1.0,0.28204429059180575
0.1556943056943057,579655,0.16417351700580518,1.0,0.28204303672540343
0.15566502463054188,579656,0.16417323378003507,1.0,0.28204261877241343
0.15557692307692308,579659,0.16417238410858798,1.0,0.2820413649208755
0.15555555555555556,579711,0.16415765786745465,1.0,0.2820196332654195
0.15555555555555553,579717,0.16415595885578654,1.0,0.2820171259822102
0.1555434782608696,579719,0.16415539252637915,1.0,0.2820162902310474
0.1555064935064935,579724,0.16415397671995638,1.0,0.28201420087481177
0.1554945054945055,579725,0.16415369356160248,1.0,0.2820137830072797
0.15545454545454546,579728,0.16415284409240197,1.0,0.28201252941211336
0.1553846153846154,579748,0.16414718118906835,1.0,0.2820041723958086
0.15535714285714286,579761,0.16414350051141763,1.0,0.2819987406008075
0.15535353535353535,579763,0.1641429342679681,1.0,0.2819979049586103
0.1552941176470588,579764,0.16414265114770837,1.0,0.2819974871393689
0.15526695526695525,579765,0.1641423680284253,1.0,0.28199706932136565
0.15522875816993464,579766,0.16414208491011892,1.0,0.28199665150460046
0.15516693163751988,579768,0.1641415186764361,1.0,0.2819958158747844
0.15515873015873013,579769,0.16414123556105967,1.0,0.28199539806173357
0.15512820512820513,579771,0.16414066933323673,1.0,0.281994562439346
0.15511363636363634,579775,0.16413953688931052,1.0,0.28199289120942783
0.15506493506493504,579779,0.16413840446101013,1.0,0.2819912199993184
0.15505050505050505,579781,0.16413783825271955,1.0,0.281990384401692
0.15504495504495502,579784,0.1641369889476081,1.0,0.28198913101453743
0.155011655011655,579786,0.16413642274908327,1.0,0.28198829542929105
0.15500000000000003,579792,0.16413472417694622,1.0,0.28198578870326363
0.155,579795,0.16413387490406092,1.0,0.28198453535696244
0.15493589743589742,579797,0.16413330872701998,1.0,0.2819836997989513
0.1549090909090909,579799,0.16413274255388505,1.0,0.28198286424589203
0.15490196078431373,579811,0.16412934559709974,1.0,0.2819778510315197
0.15487179487179487,579813,0.16412877945130586,1.0,0.2819770155131212
0.15487012987012985,579815,0.16412821330941765,1.0,0.28197617999967406
0.15485714285714286,579829,0.1641242504255565,1.0,0.281970331544179
0.1548076923076923,579841,0.16412085382027142,1.0,0.2819653187754165
0.15478927203065132,579843,0.16412028773305878,1.0,0.281964483331284
0.15476190476190477,579852,0.16411774038892682,1.0,0.2819607238939521
0.15476190476190474,579853,0.16411745735557115,1.0,0.2819603061848812
0.15472222222222223,579856,0.16411660826136143,1.0,0.28195905306509433
0.15467741935483872,579858,0.164116042203436,1.0,0.28195821765809115
0.1546176046176046,579859,0.1641157591759376,1.0,0.28195779995644593
0.15458781362007165,579861,0.16411519312386935,1.0,0.2819569645568683
0.15457875457875458,579863,0.16411462707570582,1.0,0.2819561291622409
0.15454921422663356,579864,0.1641143440530883,1.0,0.2819557114667836
0.15454545454545457,579866,0.1641137780107818,1.0,0.2819548760795817
0.15454545454545454,579871,0.1641123629220982,1.0,0.28195278763323384
0.15450067174205104,579874,0.16411151388060166,1.0,0.2819515345802755
0.15450000000000003,579882,0.16410924981289296,1.0,0.28194819316016984
0.15447204968944098,579887,0.16410783480229768,1.0,0.2819461048128215
0.15444444444444444,579889,0.16410726880489196,1.0,0.28194526948254434
0.1543956043956044,579909,0.16410160904555715,1.0,0.28193691645199853
0.15436781609195402,579910,0.16410132606783812,1.0,0.28193649881346344
0.15430087154225086,579911,0.16410104309109502,1.0,0.28193608117616564
0.15428571428571428,579913,0.1641004771405366,1.0,0.28193524590528196
0.15424679487179485,579915,0.16409991119388187,1.0,0.2819344106393474
0.1542207792207792,579918,0.16409906228121907,1.0,0.2819331577497252
0.15415584415584416,579921,0.16409821337733932,1.0,0.28193190487123837
0.1541269841269841,579935,0.16409425194202798,1.0,0.2819260582521971
0.15410353535353535,579938,0.16409340308791628,1.0,0.2819248054368081
0.15409429280397022,579940,0.16409283719005413,1.0,0.2819239702327345
0.15403846153846157,579948,0.1640905736376365,1.0,0.28192062946592567
0.15403225806451612,579949,0.16409029069797518,1.0,0.2819202118756416
0.15402298850574714,579955,0.1640885930804976,1.0,0.2819177063599158
0.154,579956,0.16408831014766637,1.0,0.28191728877829125
0.15396825396825395,579964,0.16408604672014124,1.0,0.2819139481698285
0.15395256916996047,579966,0.1640854808730167,1.0,0.2819131130300831
0.15392857142857144,579975,0.16408293460925039,1.0,0.28190935496245956
0.15392857142857141,579978,0.16408208587222273,1.0,0.28190810229551705
0.15388471177944862,579979,0.16408180296183136,1.0,0.28190768474234346
0.1538647342995169,579981,0.1640812371439754,1.0,0.281906849639707
0.1538513210927004,579986,0.164079822616408,1.0,0.28190476190476194
0.15384615384615385,580161,0.1640303295119803,1.0,0.2818317106578314
0.15383326351068285,580163,0.16402976404906897,1.0,0.28183087600525375
0.15381944444444445,580165,0.16402919859005627,1.0,0.2818300413576198
0.15381944444444443,580166,0.1640289158620119,1.0,0.28182962403565665
0.15375,580167,0.16402863313494218,1.0,0.28182920671492945
0.15373737373737376,580169,0.16402806768372663,1.0,0.28182837207718264
0.15361111111111111,580178,0.16402552320150024,1.0,0.28182461626849803
0.1535897435897436,580179,0.16402524048612582,1.0,0.28182419896260125
0.15357142857142858,580189,0.16402241338598283,1.0,0.281820025971603
0.15357142857142855,580201,0.16401902099444848,1.0,0.2818150185455272
0.15353535353535352,580202,0.1640187383014881,1.0,0.2818146012680532
0.15353084415584414,580205,0.16401789022845373,1.0,0.2818133494430452
0.15351071692535107,580206,0.16401760753939118,1.0,0.28181293217051395
0.15350649350649348,580208,0.16401704216418939,1.0,0.28181209762915843
0.15349206349206349,580209,0.16401675947805014,1.0,0.2818116803603342
0.15342857142857141,580221,0.1640133673203831,1.0,0.28180667323082387
0.15341880341880343,580223,0.16401280197441329,1.0,0.2818058387265375
0.15340909090909094,580225,0.1640122366323409,1.0,0.2818050042271935
0.15333333333333335,580227,0.1640116712941659,1.0,0.2818041697327918
0.15333333333333332,580574,0.1639136440832693,1.0,0.28165945973143436
0.15326797385620913,580576,0.16391307942457145,1.0,0.2816586260987954
0.15324675324675324,580578,0.16391251476976393,1.0,0.281657792471091
0.15321428571428572,580580,0.16391195011884668,1.0,0.2816569588483213
0.15320512820512822,580581,0.1639116677948469,1.0,0.2816565420387868
0.15320197044334974,580590,0.1639091269226132,1.0,0.2816527908084895
0.15318965517241379,580600,0.16390630382363072,1.0,0.28164862289201553
0.1531839128613322,580602,0.16390573921550392,1.0,0.28164778932352325
0.15313131313131315,580603,0.16390545691289918,1.0,0.2816473725411273
0.153125,580604,0.16390517461126689,1.0,0.28164695575996496
0.15307692307692308,580611,0.1639031985270689,1.0,0.28164403832636603
0.15304597701149425,580613,0.16390263394033547,1.0,0.2816432047850104
0.15303030303030302,580616,0.16390178706752828,1.0,0.28164195448222795
0.15301587301587302,580619,0.1639009402034725,1.0,0.2816407041905464
0.15301075268817202,580620,0.16390065791739863,1.0,0.28164028742911934
0.15300751879699248,580621,0.16390037563229715,1.0,0.28163987066892576
0.15299145299145298,580622,0.163900093348168,1.0,0.2816394539099656
0.15297937356760885,580623,0.1638998110650112,1.0,0.2816390371522388
0.15296703296703296,580630,0.163897835110139,1.0,0.28163611988268616
0.15294117647058825,580631,0.1638975528347608,1.0,0.2816357031348264
0.15290909090909094,580632,0.1638972705603549,1.0,0.28163528638819996
0.1528814935064935,580633,0.16389698828692134,1.0,0.28163486964280693
0.15286713286713285,580635,0.16389642374297106,1.0,0.28163403615572086
0.15285714285714286,580641,0.16389473013445485,1.0,0.2816315357240624
0.1528448275862069,580644,0.16389388334332225,1.0,0.2816302855248828
0.1528282828282828,580646,0.1638933188207617,1.0,0.2816294520649295
0.1527777777777778,580649,0.1638924720442126,1.0,0.28162820188424903
0.15277777777777776,580653,0.16389134302242475,1.0,0.2816265349939407
0.15276190476190477,580655,0.163890778517364,1.0,0.2816257015561859
0.1527272727272727,580657,0.163890214016192,1.0,0.281624868123364
0.15268817204301074,580662,0.16388880278027493,1.0,0.2816227845628904
0.15268065268065267,580664,0.16388823829271318,1.0,0.28162195114733335
0.15259740259740262,580665,0.1638879560503905,1.0,0.28162153444140453
0.15259462759462758,580666,0.16388767380903996,1.0,0.2816211177367089
0.15257985257985257,580667,0.16388739156866156,1.0,0.2816207010332465
0.15257142857142855,580670,0.16388654485335905,1.0,0.28161945093025803
0.1525396825396825,580680,0.16388372253220362,1.0,0.28161528400044983
0.15253456221198156,580685,0.16388231140807838,1.0,0.28161320058178674
0.15250000000000002,580691,0.16388061809120513,1.0,0.28161070052008197
0.1525,580696,0.16387920702054087,1.0,0.28160861716923624
0.1524761904761905,580697,0.16387892480932398,1.0,0.28160820050276614
0.1523809523809524,580699,0.16387836038980608,1.0,0.28160736717352486
0.15233766233766236,580701,0.16387779597417604,1.0,0.28160653384921547
0.1523300229182582,580702,0.16387751376781895,1.0,0.2816061171889102
0.15227272727272728,580712,0.16387469175770433,1.0,0.2816019506536702
0.15223665223665223,580714,0.16387412736734433,1.0,0.2816011173614173
0.15223214285714284,580717,0.1638732807890935,1.0,0.2815998674322847
0.15222222222222223,580722,0.16387186984477942,1.0,0.2815977842417212
0.1521978021978022,580724,0.16387130547385678,1.0,0.2815969509741259
0.15217741935483872,580726,0.16387074110682145,1.0,0.2815961177114619
0.15215617715617716,580728,0.16387017674367346,1.0,0.28159528445372933
0.15215311004784687,580735,0.16386820150326742,1.0,0.28159236809049876
0.15214285714285714,580736,0.1638679193299537,1.0,0.28159195147211125
0.1521428571428571,580739,0.16386707281584326,1.0,0.28159070162434546
0.15213675213675212,580741,0.16386650847796178,1.0,0.2815898683986655
0.15210227272727272,580745,0.1638653798138598,1.0,0.28158820196209844
0.15208333333333332,580746,0.16386509765026364,1.0,0.28158778535603857
0.15207792207792206,580748,0.1638645333259865,1.0,0.28158695214761686
0.15202020202020203,580749,0.16386425116530548,1.0,0.2815865355452551
0.15201465201465203,580751,0.16386368684685865,1.0,0.2815857023442297
0.15197368421052632,580752,0.16386340468909277,1.0,0.281585285745566
0.15194805194805194,580757,0.16386199391483874,1.0,0.281583202770738
0.15193050193050195,580758,0.16386171176290296,1.0,0.2815827861794704
0.151875,580766,0.16385945458239634,1.0,0.28157945349370495
0.15185483870967742,580773,0.1638574796004635,1.0,0.2815765374583726
0.15183982683982683,580774,0.16385719746407382,1.0,0.2815761208868269
0.1518181818181818,580776,0.16385663319420912,1.0,0.28157528774743323
0.1517733990147783,580785,0.1638540940279105,1.0,0.2815715386811727
0.15176151761517614,580787,0.16385352977942,1.0,0.2815707055688948
0.1517553414327608,580788,0.16385324765663203,1.0,0.28157028901460457
0.15174825174825177,580800,0.16384986225895318,1.0,0.2815652904592552
0.15173076923076922,580801,0.1638495801487945,1.0,0.281564873920987
0.15168067226890755,580802,0.1638492980396073,1.0,0.28156445738395125
0.15166666666666667,580813,0.1638461949026623,1.0,0.2815598755578962
0.15164835164835164,580814,0.1638459128051321,1.0,0.2815594590356491
0.15164251207729465,580816,0.16384534861298586,1.0,0.28155862599485193
0.1515909090909091,580820,0.16384422024034986,1.0,0.28155695992804564
0.15158730158730158,580823,0.16384337397107207,1.0,0.2815557103908803
0.15157894736842104,580829,0.1638416814587426,1.0,0.28155321134982164
0.15150501672240804,580831,0.16384111729573664,1.0,0.2815523783459937
0.1514705882352941,580835,0.16383998898138025,1.0,0.2815507123531248
0.15142857142857144,580851,0.16383547587935632,1.0,0.2815440485788037
0.1514285714285714,580865,0.16383152711903798,1.0,0.2815382180350251
0.1513888888888889,580898,0.16382222007994518,1.0,0.2815244755658505
0.1513846153846154,580900,0.16382165605095542,1.0,0.28152364273204905
0.15136363636363637,580902,0.16382109202584946,1.0,0.2815228099031752
0.15135975135975135,580904,0.16382052800462726,1.0,0.2815219770792287
0.15134408602150537,580906,0.16381996398728882,1.0,0.28152114426020974
0.15127272727272728,580908,0.16381939997383407,1.0,0.2815203114461182
0.15126984126984125,580911,0.16381855396093378,1.0,0.2815190622342196
0.15125391849529782,580914,0.16381770795677156,1.0,0.2815178130334074
0.15125,580917,0.16381686196134732,1.0,0.28151656384368146
0.15119047619047618,580926,0.16381432402750093,1.0,0.2815128163410197
0.1511111111111111,580952,0.16380699266032306,1.0,0.2815019907826468
0.1511059907834101,580957,0.16380558285725105,1.0,0.2814999090399499
0.15108695652173912,580965,0.16380332722281032,1.0,0.2814965783156764
0.15107142857142858,580967,0.16380276332390653,1.0,0.2814957456469235
0.15106060606060606,580968,0.16380248137591055,1.0,0.28149532931439425
0.1510344827586207,580970,0.16380191748283043,1.0,0.2814944966530303
0.15098039215686274,580972,0.16380135359363274,1.0,0.2814936639965924
0.15094905094905095,580973,0.1638010716504898,1.0,0.28149324767022066
0.15089285714285713,580975,0.16380050776711563,1.0,0.28149241502117167
0.1508888888888889,580976,0.16380022582688442,1.0,0.2814919986984944
0.15085470085470085,580977,0.16379994388762378,1.0,0.2814915823770486
0.15080808080808078,580979,0.16379938001201422,1.0,0.2814907497378513
0.1508035714285714,580981,0.16379881614028685,1.0,0.28148991710357985
0.15079365079365079,580983,0.1637982522724417,1.0,0.28148908447423415
0.15076923076923077,580989,0.163796560692199,1.0,0.2814865866157512
0.15075757575757576,580990,0.16379627876555536,1.0,0.2814861703103139
0.15071428571428572,580991,0.1637959968398822,1.0,0.2814857540061081
0.15068965517241378,580994,0.16379515106868572,1.0,0.2814845051008788
0.1506818181818182,580998,0.16379402338734383,1.0,0.28148283991114553
0.15064935064935064,581007,0.16379148616109618,1.0,0.28147909330627907
0.15064102564102563,581009,0.16379092234371584,1.0,0.2814782607409642
0.15055555555555553,581014,0.1637895128172471,1.0,0.28147617934922464
0.1505336617405583,581016,0.16378894901345228,1.0,0.2814753468011476
0.1505194805194805,581026,0.16378613005269987,1.0,0.2814711841346367
0.15047619047619049,581028,0.16378556627219343,1.0,0.28147035161610906
0.1504112554112554,581030,0.1637850024955682,1.0,0.28146951910250606
0.1503030303030303,581031,0.16378472060871108,1.0,0.2814691028475514
0.15026392961876833,581033,0.16378415683790765,1.0,0.2814682703413354
0.1502521008403361,581042,0.16378161991732096,1.0,0.28146452412430534
0.15015873015873016,581043,0.16378133804210704,1.0,0.2814641078841243
0.15015360983102918,581047,0.1637802105509537,1.0,0.28146244293571093
0.1501470588235294,581054,0.16377823747878856,1.0,0.28145952932338386
0.15013824884792626,581056,0.16377767375261593,1.0,0.28145869687379843
0.15013196480938415,581057,0.1637773918909849,1.0,0.2814582806508523
0.15010822510822514,581058,0.163777110030324,1.0,0.2814578644291372
0.15009523809523811,581064,0.16377541888673192,1.0,0.28145536712469754
0.15000000000000002,581146,0.16375231009075172,1.0,0.28142124173825617
0.15,581438,0.16367007316343274,1.0,0.28129978924094223
0.14999999999999997,581440,0.16366951018161804,1.0,0.28129895773598734
0.14993894993894996,581441,0.1636692286921631,1.0,0.28129854198535337
0.14982078853046593,581442,0.1636689472036764,1.0,0.2812981262359483
0.1497747747747748,581443,0.1636686657161579,1.0,0.2812977104877721
0.1496969696969697,581446,0.16366782125941187,1.0,0.281296463250617
0.1496825396825397,581448,0.16366725829308898,1.0,0.2812956317653249
0.14967741935483872,581451,0.1636664138508662,1.0,0.2812943845466033
0.14967032967032967,581452,0.16366613237206168,1.0,0.28129396880948726
0.14965034965034968,581460,0.1636638805764799,1.0,0.2812906429567973
0.14963924963924966,581461,0.16366359910638892,1.0,0.2812902272307408
0.14963369963369966,581462,0.16366331763726608,1.0,0.28128981150591315
0.14956709956709957,581465,0.16366247323570637,1.0,0.2812885643388031
0.14955555555555552,581466,0.16366219177045604,1.0,0.2812881486188907
0.14955357142857142,581467,0.16366191030617386,1.0,0.28128773290020703
0.14954954954954955,581468,0.16366162884285979,1.0,0.2812873171827522
0.14951298701298704,581469,0.16366134738051383,1.0,0.2812869014665262
0.14949494949494951,581471,0.16366078445872623,1.0,0.2812860700377604
0.14940711462450593,581478,0.16365881426296439,1.0,0.281283160075786
0.149375,581480,0.16365825135860218,1.0,0.28128232866913766
0.1493599590373784,581481,0.16365796990787318,1.0,0.2812819129676566
0.14935483870967742,581483,0.16365740700931927,1.0,0.28128108156838055
0.14934640522875817,581485,0.16365684411463752,1.0,0.2812802501740193
0.14932432432432433,581490,0.16365543689487352,1.0,0.2812781717096182
0.14930555555555555,581492,0.16365487401374396,1.0,0.28127734033245844
0.14926108374384234,581493,0.16365459257463116,1.0,0.28127692464572157
0.1492397660818713,581498,0.16365318539358692,1.0,0.2812748462304666
0.14923371647509578,581501,0.16365234109657592,1.0,0.2812735991960571
0.1492207792207792,581503,0.16365177823674168,1.0,0.28127276784592714
0.1492063492063492,581505,0.16365121538077917,1.0,0.28127193650071153
0.14916666666666667,581512,0.16364924541539985,1.0,0.281269026831157
0.14912280701754385,581520,0.16364699408446828,1.0,0.2812657015682357
0.1491208791208791,581522,0.163646431261414,1.0,0.2812648702647904
0.1490909090909091,581525,0.1636455870340914,1.0,0.2812636233188363
0.14903225806451612,581527,0.16364502422071547,1.0,0.28126279202767585
0.149,581537,0.16364221021190398,1.0,0.28125863564558057
0.14895104895104896,581539,0.16364164742175502,1.0,0.2812578043839025
0.14892857142857144,581540,0.1636413660281322,1.0,0.28125738875490613
0.1489285714285714,581541,0.1636410846354771,1.0,0.2812569731271381
0.14886363636363636,581566,0.1636340501336048,1.0,0.2812465828321487
0.1488095238095238,581574,0.16363179922073545,1.0,0.28124325809988504
0.1487577639751553,581575,0.16363151786098096,1.0,0.2812428425138791
0.14875,581582,0.16362954836979135,1.0,0.2812399334462265
0.14871794871794872,581594,0.16362617220947948,1.0,0.28123494661311726
0.14868421052631578,581597,0.16362532819117018,1.0,0.2812336999324725
0.14864024864024866,581598,0.1636250468536687,1.0,0.28123328437471373
0.1486324786324786,581602,0.1636239215133373,1.0,0.28123162215595937
0.14857142857142858,581603,0.16362364018067307,1.0,0.281231206604341
0.14857142857142855,581605,0.16362307751824692,1.0,0.2812303755047882
0.14846921224630202,581610,0.16362167087911142,1.0,0.2812282977773969
0.14846153846153848,581612,0.1636211082302291,1.0,0.2812274666950365
0.14841628959276018,581621,0.16361857635814386,1.0,0.28122372688519987
0.14839701361440494,581626,0.16361716979639837,1.0,0.2812216492560469
0.14837092731829574,581628,0.16361660717847146,1.0,0.2812208182129812
0.14836363636363636,581651,0.16361013735040428,1.0,0.28121126157073945
0.14835164835164835,581652,0.16360985606513861,1.0,0.2812108460792889
0.14833333333333334,581654,0.16360929349750883,1.0,0.2812100151000712
0.14833333333333332,581660,0.16360760581783174,1.0,0.28120752219188444
0.14828947368421053,581670,0.16360479309574158,1.0,0.2812033674431249
0.14827075098814232,581673,0.16360394929797326,1.0,0.2812021210424371
0.14826839826839827,581675,0.16360338677096317,1.0,0.28120129011478356
0.1482638888888889,581676,0.16360310550890875,1.0,0.2812008746527983
0.14826388888888886,581678,0.1636025429877011,1.0,0.28120004373251073
0.1482520325203252,581679,0.1636022617285479,1.0,0.28119962827420836
0.1481818181818182,581682,0.16360141795689054,1.0,0.2811983819066671
0.148125,581686,0.16360029294155265,1.0,0.2811967201004654
0.1480952380952381,581687,0.16360001169013577,1.0,0.281196304651984
0.14807692307692308,581707,0.16359438686486497,1.0,0.2811879959401422
0.14805194805194805,581729,0.16358820000378183,1.0,0.2811788569242111
0.148030303030303,581735,0.16358651275924604,1.0,0.2811763645684216
0.1479623824451411,581737,0.16358595035213508,1.0,0.2811755337929771
0.1479020979020979,581754,0.1635811700478209,1.0,0.28116847239990667
0.14789915966386555,581755,0.1635808888621499,1.0,0.28116805703488895
0.14783653846153846,581756,0.16358060767744553,1.0,0.28116764167109853
0.14779411764705883,581757,0.16358032649370785,1.0,0.28116722630853525
0.14777777777777776,581758,0.16358004531093684,1.0,0.2811668109471992
0.1477726574500768,581760,0.16357948294829483,1.0,0.28116598022820877
0.1477124183006536,581761,0.1635792017684238,1.0,0.28116556487055433
0.14766666666666667,581762,0.16357892058951942,1.0,0.2811651495141271
0.1476470588235294,581763,0.16357863941158168,1.0,0.281164734158927
0.1476376669925057,581764,0.1635783582346106,1.0,0.2811643188049541
0.14761904761904762,581775,0.1635752653517253,1.0,0.28115974999224447
0.14755555555555558,581778,0.1635744218585096,1.0,0.28115850397818426
0.14755244755244756,581779,0.1635741406960375,1.0,0.2811580886426184
0.14750000000000002,581791,0.16357076682176244,1.0,0.28115310471153915
0.1475,581794,0.16356992337494028,1.0,0.28115185875637777
0.14747474747474748,581816,0.16356373836401886,1.0,0.2811427220892788
0.14747474747474745,581829,0.16356008380469175,1.0,0.28113732342875036
0.14742857142857144,581831,0.1635595215792902,1.0,0.2811364928839947
0.14738095238095236,581833,0.16355895935775386,1.0,0.2811356623441463
0.14735353535353538,581837,0.1635578349262766,1.0,0.28113400127917093
0.14733333333333334,581838,0.163557553820823,1.0,0.2811335860159941
0.14732142857142855,581839,0.1635572727163356,1.0,0.28113317075404387
0.14727272727272728,581841,0.16355671051025966,1.0,0.28113234023382394
0.14725073313782994,581842,0.16355642940867107,1.0,0.2811319249755541
0.14722222222222223,581870,0.16354855895646794,1.0,0.28112029824203805
0.14714285714285713,581873,0.16354771573865776,1.0,0.2811190525776287
0.1470940170940171,581876,0.16354687252954236,1.0,0.28111780692425853
0.14707792207792206,581885,0.16354434295436385,1.0,0.28111407003038186
0.14705882352941177,581888,0.16354349978002639,1.0,0.28111282442116703
0.14698412698412697,581889,0.16354321872384595,1.0,0.2811124092205485
0.14696969696969697,581891,0.1635426566143831,1.0,0.28111157882299076
0.14696356275303643,581894,0.16354181345743382,1.0,0.28111033323585277
0.1469607843137255,581896,0.16354125135763092,1.0,0.2811095028505598
0.14692307692307693,581982,0.1635170847208333,1.0,0.2810738009232868
0.14690749863163657,581984,0.16351652279100456,1.0,0.28107297075380866
0.1468919968919969,581989,0.16351511798332957,1.0,0.2810708953515675
0.14682539682539683,581990,0.16351483702469113,1.0,0.2810704802747972
0.1467857142857143,581998,0.16351258939034155,1.0,0.28106715970476787
0.1467181467181467,581999,0.16351230844039252,1.0,0.2810667446390308
0.14670846394984327,582001,0.16351174654339082,1.0,0.2810659145112343
0.14670846394984324,582020,0.16350640871447716,1.0,0.28105802854172574
0.14666666666666667,582046,0.16349910488174474,1.0,0.2810472379321038
0.1466275659824047,582049,0.16349826217380323,1.0,0.28104599291507987
0.14648578811369506,582050,0.1634979812730865,1.0,0.2810455779118565
0.14646464646464646,582052,0.16349741947454866,1.0,0.2810447479090866
0.14642857142857144,582070,0.16349236346143933,1.0,0.2810372781047614
0.1464285714285714,582072,0.1634918017015077,1.0,0.2810364481510138
0.1464102564102564,582073,0.16349152082298957,1.0,0.28103603317597825
0.1463768115942029,582086,0.16348786949007535,1.0,0.2810306386120339
0.1463636363636364,582088,0.16348730776102582,1.0,0.28102980869750105
0.14636363636363636,582097,0.16348478002807093,1.0,0.2810260741427603
0.14627329192546584,582098,0.16348449917367866,1.0,0.2810256591983605
0.1462452107279693,582100,0.16348393746778905,1.0,0.2810248293132368
0.14622377622377622,582108,0.1634816906828286,1.0,0.2810215098217555
0.14622222222222223,582110,0.16348112899623782,1.0,0.2810206799611383
0.1461675579322638,582111,0.1634808481543898,1.0,0.2810202650326677
0.14615384615384616,582125,0.16347691646983037,1.0,0.28101445616273113
0.14613636363636365,582134,0.16347438905818934,1.0,0.2810107220160107
0.14608695652173911,582137,0.1634735466050088,1.0,0.2810094773224903
0.14606782106782107,582141,0.16347242334760823,1.0,0.2810078177482818
0.14604105571847506,582146,0.16347101929756452,1.0,0.28100574330808636
0.14602339181286547,582148,0.1634704576843002,1.0,0.28100491354058393
0.14590909090909093,582150,0.1634698960748948,1.0,0.28100408377798186
0.1458791208791209,582152,0.16346933446934822,1.0,0.28100325402028004
0.14587301587301588,582154,0.16346877286766046,1.0,0.2810024242674785
0.14583333333333334,582164,0.16346596491710239,1.0,0.28099827557697304
0.14583333333333331,582167,0.16346512255074575,1.0,0.28099703099370915
0.14578947368421052,582170,0.16346428019307074,1.0,0.28099578642147005
0.14573863636363638,582174,0.16346315706300865,1.0,0.2809941270089674
0.14573863636363635,582181,0.16346119162253664,1.0,0.28099122308424807
0.1457264957264957,582183,0.16346063007679715,1.0,0.2809903934024953
0.1457142857142857,582186,0.16345978776542205,1.0,0.28098914888905296
0.14569836293974225,582192,0.1634581031687141,1.0,0.2809866598952397
0.14568965517241378,582197,0.16345669936464804,1.0,0.2809845857674121
0.1456043956043956,582198,0.1634564186067283,1.0,0.28098417094552103
0.14555555555555555,582207,0.16345389182885126,1.0,0.2809804376036175
0.14555555555555552,582212,0.16345248809711926,1.0,0.28097836356764927
0.14554347826086958,582223,0.1634493999721756,1.0,0.2809738007962952
0.14545454545454548,582230,0.16344743486251137,1.0,0.28097089729167957
0.14545454545454545,582251,0.1634415398170205,1.0,0.2809621871378697
0.14539682539682539,582255,0.16344041699942466,1.0,0.2809605281221814
0.1453917050691244,582256,0.16344013629743617,1.0,0.28096011337132054
0.1453846153846154,582262,0.16343845210575308,1.0,0.28095762489187015
0.14536752136752137,582264,0.16343789071623868,1.0,0.28095679540851576
0.14535353535353537,582266,0.16343732933058086,1.0,0.28095596593005917
0.14533333333333334,582280,0.1634333997389572,1.0,0.28095015971799886
0.14529914529914528,582281,0.16343311906107189,1.0,0.2809497449977489
0.1452136752136752,582282,0.16343283838415062,1.0,0.2809493302787233
0.1451948051948052,582286,0.16343171568610615,1.0,0.2809476714148646
0.14518716577540106,582290,0.16343059300348622,1.0,0.28094601257059515
0.14517704517704516,582291,0.1634303123352413,1.0,0.28094559786258866
0.14508928571428573,582292,0.1634300316679604,1.0,0.2809451831558064
0.14508547008547007,582293,0.1634297510016435,1.0,0.28094476845024846
0.14500000000000002,582319,0.16342245401575425,1.0,0.2809339865354555
0.145,582339,0.16341684139307172,1.0,0.2809256933179632
0.14493506493506494,582342,0.16341599953292052,1.0,0.2809244493775701
0.14493506493506492,582347,0.1634145964519436,1.0,0.2809223761680622
0.1449206349206349,582351,0.1634134740045093,1.0,0.2809207176224881
0.1449197860962567,582353,0.16341291278657447,1.0,0.2809198883570449
0.14491039426523294,582355,0.16341235157249445,1.0,0.2809190590964977
0.144905273937532,582357,0.1634117903622692,1.0,0.28091822984084625
0.14487179487179486,582392,0.1634019698072776,1.0,0.2809037186594171
0.1448611111111111,582393,0.1634016892373363,1.0,0.28090330407626224
0.14482517482517482,582396,0.1634008475332935,1.0,0.28090206033414017
0.14480519480519483,582397,0.16340056696720623,1.0,0.2809016457558803
0.14479166666666665,582399,0.1634000058379221,1.0,0.28090081660303173
0.14478991596638655,582400,0.16339972527472527,1.0,0.2809004020284431
0.14472853535353536,582403,0.16339888359091556,1.0,0.28089915831201934
0.14471014492753623,582404,0.16339860303157258,1.0,0.2808987437423255
0.14468864468864467,582406,0.16339804191577698,1.0,0.2808979146066089
0.14464285714285713,582408,0.16339748080383512,1.0,0.28089708547578707
0.14450000000000002,582429,0.16339158936110668,1.0,0.2808883798976672
0.1444990444990445,582431,0.16339102829348026,1.0,0.2808875508231318
0.14447174447174446,582436,0.16338962564127218,1.0,0.28088547815820547
0.14444444444444446,582456,0.1633840152732567,1.0,0.28087718780437415
0.14444444444444443,582504,0.16337055196187494,1.0,0.2808572929517109
0.1444168734491315,582506,0.1633699910387189,1.0,0.2808564640606785
0.14437908496732027,582508,0.16336943011941468,1.0,0.28085563517453876
0.14436507936507936,582510,0.16336886920396215,1.0,0.28085480629329146
0.1443548387096774,582522,0.16336550379213147,1.0,0.2808498331085488
0.14430555555555552,582523,0.1633652233474043,1.0,0.2808494186844369
0.1442857142857143,582529,0.16336354069926132,1.0,0.28084693216544954
0.14424242424242423,582531,0.1633629798242497,1.0,0.2808461033355713
0.14417706476530007,582534,0.1633621385189534,1.0,0.2808448600999265
0.14416666666666667,582536,0.1633615776535699,1.0,0.28084403128227825
0.14415584415584415,582598,0.16334419273667264,1.0,0.2808183403613658
0.1440723019670388,582600,0.16334363199450738,1.0,0.28081751170023783
0.14405594405594407,582602,0.16334307125619205,1.0,0.2808166830440004
0.14405594405594405,582604,0.1633425105217266,1.0,0.28081585439265355
0.14404761904761904,582628,0.16333578200841703,1.0,0.28080591095793395
0.14403846153846156,582640,0.16333241795963202,1.0,0.2808009395046355
0.14402298850574713,582642,0.16333185729830668,1.0,0.28080011094619994
0.144,582648,0.163330175337425,1.0,0.2807976253002307
0.14395604395604397,582650,0.16332961469149576,1.0,0.28079679676135344
0.14395604395604394,582653,0.1633287737298186,1.0,0.2807955539622051
0.1439525691699605,582654,0.163328493411184,1.0,0.2807951396982671
0.14393939393939395,582656,0.1633279327768014,1.0,0.280794311174058
0.1438888888888889,582658,0.16332737214626764,1.0,0.2807934826547383
0.14386363636363636,582660,0.16332681151958262,1.0,0.2807926541403078
0.14375,582688,0.16331896315009062,1.0,0.2807810554516325
0.1436868686868687,582690,0.16331840258113234,1.0,0.28078022701053623
0.1436842105263158,582692,0.16331784201602217,1.0,0.28077939857432843
0.14367816091954022,582701,0.1633153195206461,1.0,0.28077567067188897
0.14366366366366368,582702,0.16331503924819205,1.0,0.2807752564666173
0.14365079365079364,582704,0.16331447870616986,1.0,0.2807744280597403
0.14363636363636365,582716,0.1633111155348403,1.0,0.28076945772113054
0.1436111111111111,582761,0.16329850487592684,1.0,0.2807508205184939
0.14359726295210165,582764,0.16329766423457867,1.0,0.2807495781262907
0.14357142857142857,582766,0.16329710381182155,1.0,0.2807487498709306
0.1435672514619883,582769,0.16329626318489832,1.0,0.28074750749705357
0.14350961538461537,582771,0.1632957027717577,1.0,0.2807466792539108
0.1435064935064935,582832,0.16327861201855767,1.0,0.28072142018536983
0.14345238095238094,582837,0.16327721129578252,1.0,0.2807193499714602
0.14340909090909093,582839,0.16327665101340164,1.0,0.2807185218944459
0.14333333333333334,582844,0.163275250324272,1.0,0.28071645172328347
0.1433333333333333,582845,0.16327497018932993,1.0,0.280716037692715
0.14331797235023042,582847,0.16327440992232953,1.0,0.2807152096352419
0.14326923076923076,582849,0.16327384965917416,1.0,0.28071438158265405
0.14325396825396824,582853,0.16327272914439833,1.0,0.2807127254921337
0.1432142857142857,582875,0.16326656658803346,1.0,0.2807036173435451
0.14320261437908494,582883,0.16326432577378308,1.0,0.28070030543605384
0.1431818181818182,582896,0.1632606845818122,1.0,0.2806949237530602
0.14314574314574316,582898,0.16326012441284754,1.0,0.28069409582014626
0.14307692307692307,582903,0.16325872400725336,1.0,0.28069202600922916
0.14304584304584306,582905,0.16325816385174258,1.0,0.2806911980934094
0.14304347826086958,582912,0.1632562033377251,1.0,0.28068830042650084
0.14301075268817204,582923,0.16325312262511515,1.0,0.2806837470708036
0.14292397660818712,582924,0.16325284256609782,1.0,0.2806833331367021
0.14290909090909093,582928,0.16325172233963714,1.0,0.2806816774125045
0.14285714285714285,583255,0.1631601957977214,1.0,0.2805463879991569
0.1428448275862069,583269,0.1631562795211129,1.0,0.2805405987031881
0.1428030303030303,583271,0.16315572006837303,1.0,0.28053977168041155
0.14277389277389277,583273,0.16315516061946977,1.0,0.280538944662511
0.14272727272727276,583274,0.16315488089645688,1.0,0.28053853115538924
0.14272727272727273,583287,0.16315124458456987,1.0,0.2805331556737332
0.1427197802197802,583289,0.16315068516635836,1.0,0.28053232869483957
0.14270833333333333,583293,0.16314956634144417,1.0,0.28053067475167914
0.14270114942528736,583294,0.16314928663761327,1.0,0.2805302612689363
0.14269005847953214,583296,0.1631487272328286,1.0,0.28052943430710725
0.14265734265734267,583297,0.16314844753187485,1.0,0.2805290208280211
0.1426470588235294,583300,0.1631476084347677,1.0,0.2805277803980757
0.1426332288401254,583302,0.16314704904149138,1.0,0.280526953450873
0.1425189393939394,583303,0.16314676934629171,1.0,0.28052653997909993
0.14250000000000002,583467,0.1631009123052375,1.0,0.280458747095255
0.14244755244755247,583470,0.16310007369701957,1.0,0.2804575072866965
0.1424358974358974,583476,0.1630983965064544,1.0,0.2804550277024637
0.14242424242424243,583480,0.16309727839857407,1.0,0.28045337467066683
0.1423679768507355,583481,0.16309699887399934,1.0,0.2804529614157623
0.14234360410830998,583483,0.1630964398277242,1.0,0.2804521349096069
0.14231897135122942,583485,0.16309588078528153,1.0,0.280451308408323
0.1423076923076923,583487,0.1630953217466713,1.0,0.2804504819119105
0.14223856209150326,583491,0.16309420368094796,1.0,0.28044882893369977
0.14222222222222222,583492,0.16309392416691232,1.0,0.28044841569219164
0.1422222222222222,583494,0.16309336514171524,1.0,0.2804475892128288
0.14221014492753623,583497,0.16309252661110513,1.0,0.28044634950291825
0.1422077922077922,583500,0.1630916880891174,1.0,0.2804451098039678
0.1421978021978022,583502,0.16309112907924908,1.0,0.2804442833440897
0.1421774193548387,583510,0.16308889307809635,1.0,0.28044097755328773
0.14215686274509803,583513,0.16308805459347092,1.0,0.2804397379018296
0.1421455938697318,583518,0.16308665713825451,1.0,0.2804376718404201
0.14214285714285713,583526,0.16308442125972109,1.0,0.2804343662054841
0.14211822660098522,583527,0.163084141779215,1.0,0.2804339530065965
0.14207792207792208,583529,0.1630835828210766,1.0,0.28043312661247427
0.14206349206349206,583531,0.1630830238667697,1.0,0.28043230022322246
0.14202020202020202,583534,0.1630821854424935,1.0,0.28043106064847695
0.14200000000000002,583546,0.1630788318315951,1.0,0.28042610245907673
0.14190476190476192,583548,0.16307827290985488,1.0,0.2804252761112225
0.1419047619047619,583550,0.16307771399194584,1.0,0.28042444976823816
0.14188948306595364,583552,0.16307715507786796,1.0,0.28042362343012395
0.14188034188034188,583557,0.1630757578094342,1.0,0.2804215576061445
0.141875,583574,0.16307100727585533,1.0,0.2804145340322775
0.14179487179487177,583576,0.1630704484077481,1.0,0.2804137077526004
0.14177177177177175,583578,0.16306988954347149,1.0,0.28041288147779275
0.14175824175824175,583580,0.16306933068302545,1.0,0.28041205520785445
0.1417171717171717,583585,0.163067933548669,1.0,0.28040998955431246
0.1416666666666667,583588,0.16306709527954652,1.0,0.28040875017679506
0.14166666666666666,583611,0.16306066883591983,1.0,0.2803992486464587
0.14162337662337662,583613,0.16306011003867288,1.0,0.2803984224568599
0.14161490683229813,583615,0.16305955124525587,1.0,0.2803975962721298
0.1415909090909091,583619,0.16305843366991135,1.0,0.28039594391727546
0.14154150197628457,583622,0.1630575954984562,1.0,0.2803947046639147
0.14153846153846156,583644,0.16305144917107003,1.0,0.28038561714063476
0.1415151515151515,583645,0.1630511698035621,1.0,0.28038520408539075
0.1414715719063545,583648,0.16305033170678218,1.0,0.28038396492696066
0.14144144144144144,583653,0.16304893489796163,1.0,0.28038189968725
0.14142857142857143,583660,0.16304697940581844,1.0,0.28037900840276714
0.1414285714285714,583893,0.1629819162072503,1.0,0.2802828039472386
0.1414141414141414,583899,0.16298024144586648,1.0,0.28028032745120846
0.14136507936507936,583900,0.16297996232231546,1.0,0.2802799147061249
0.14134502923976605,583902,0.1629794040780816,1.0,0.28027908921960454
0.14132630654369785,583904,0.16297884583767194,1.0,0.28027826373794673
0.1413235294117647,583908,0.16297772936832514,1.0,0.28027661278921817
0.14126984126984127,583909,0.16297745025337854,1.0,0.2802762000550751
0.1412539184952978,583911,0.16297689202635332,1.0,0.2802753745904355
0.14123015873015873,583913,0.16297633380315218,1.0,0.28027454913065825
0.1412280701754386,583917,0.16297521736822185,1.0,0.2802728982256903
0.14121621621621622,583928,0.16297214725103096,1.0,0.28026835833730923
0.14116666666666666,583931,0.16297130996641726,1.0,0.2802671202114579
0.1411255411255411,583932,0.16297103087345788,1.0,0.2802667075052718
0.1411111111111111,583949,0.16296628643939795,1.0,0.28025969168606696
0.14107142857142857,583963,0.16296237946582232,1.0,0.2802539142163395
0.14098039215686275,583964,0.16296210040344952,1.0,0.2802535015490452
0.14090909090909093,584009,0.1629495435858009,1.0,0.280234932778541
0.1409090909090909,584012,0.16294870653342738,1.0,0.28023369494799577
0.14087301587301587,584014,0.16294814850328931,1.0,0.28023286973370753
0.14083333333333334,584021,0.16294619542790414,1.0,0.2802299815219712
0.14082125603864734,584027,0.16294452140055168,1.0,0.2802275059592957
0.14078947368421052,584037,0.16294173143139903,1.0,0.2802233801186983
0.14078341013824885,584038,0.1629414524397385,1.0,0.28022296754132053
0.1407828282828283,584040,0.16294089445928361,1.0,0.2802221423902097
0.14077922077922078,584041,0.16294061547048924,1.0,0.28022172981647664
0.1407563025210084,584045,0.1629394995248654,1.0,0.2802200795336929
0.1407142857142857,584051,0.1629378256350901,1.0,0.28021760414596264
0.14069892473118278,584052,0.16293754665680454,1.0,0.28021719158559283
0.14068965517241377,584060,0.16293531486491114,1.0,0.280213891146367
0.14066666666666666,584062,0.16293475692649068,1.0,0.2802130660487084
0.14060810810810812,584063,0.16293447795871335,1.0,0.28021265350170116
0.14058651026392963,584065,0.1629339200260245,1.0,0.2802118284113311
0.14057142857142857,584070,0.16293252521101922,1.0,0.28020976570666367
0.14055555555555554,584075,0.1629311304198947,1.0,0.28020770303236414
0.14047619047619048,584126,0.16291690491435068,1.0,0.2801866654889664
0.14045454545454544,584127,0.16291662600770038,1.0,0.2801862530196926
0.14039473684210527,584128,0.16291634710200503,1.0,0.28018584055163315
0.14038662486938347,584130,0.1629157892934792,1.0,0.28018501561915754
0.14038461538461539,584139,0.16291327920238163,1.0,0.28018130348312903
0.1403448275862069,584158,0.16290798037517248,1.0,0.28017346707452434
0.14031007751937985,584160,0.16290742262393865,1.0,0.2801726422149078
0.1402840909090909,584162,0.16290686487652398,1.0,0.2801718173601482
0.14027777777777778,584163,0.16290658600424882,1.0,0.28017140493458964
0.14027777777777775,584167,0.16290547052469584,1.0,0.28016975524449783
0.14017857142857143,584169,0.16290491279064792,1.0,0.28016893040673724
0.1401268115942029,584170,0.16290463392505605,1.0,0.28016851798967807
0.1401098901098901,584181,0.16290156646655746,1.0,0.280163981482163
0.14010822510822513,584183,0.16290100875924154,1.0,0.28016315667839853
0.14009661835748793,584185,0.16290045105574433,1.0,0.2801623318794905
0.14003189792663476,584187,0.16289989335606578,1.0,0.2801615070854389
0.14,584241,0.16288483690805677,1.0,0.28013923948160524
0.13999999999999999,584245,0.16288372172633056,1.0,0.28013759017028034
0.13987301587301587,584251,0.1628820489823723,1.0,0.2801351162397062
0.13986013986013987,584252,0.16288177019505282,1.0,0.280134703922192
0.13984126984126982,584256,0.1628806550553182,1.0,0.28013305466427246
0.13978021978021976,584258,0.16288009749117685,1.0,0.280132230042595
0.13977777777777778,584268,0.16287730972772768,1.0,0.2801281070070294
0.13977272727272727,584271,0.16287647341730122,1.0,0.2801268701200262
0.13974358974358975,584273,0.16287591588178812,1.0,0.2801260455347589
0.13971014492753625,584275,0.16287535835009198,1.0,0.28012522095434617
0.13970893970893972,584276,0.16287507958567526,1.0,0.2801248086659602
0.1396969696969697,584279,0.16287424329815037,1.0,0.28012357180808395
0.13968253968253969,584296,0.16286950449772034,1.0,0.28011656315309214
0.13968253968253966,584297,0.1628692257533412,1.0,0.2801161508901909
0.1396774193548387,584312,0.16286504470214544,1.0,0.2801099670922888
0.13964285714285715,584315,0.16286420851766598,1.0,0.2801087303654712
0.13956521739130434,584317,0.1628636510661165,1.0,0.28010790588699314
0.13954954954954957,584318,0.1628633723417728,1.0,0.28010749364957427
0.13949602122015914,584320,0.16286281489594742,1.0,0.2801066691783765
0.13944444444444443,584322,0.16286225745393806,1.0,0.2801058447120323
0.13939393939393938,584325,0.16286142129807898,1.0,0.28010460802161624
0.13938461538461538,584343,0.16285640454322203,1.0,0.28009718810843737
0.139375,584352,0.16285389628169322,1.0,0.28009347829926007
0.1393548387096774,584358,0.16285222415026404,1.0,0.28009100514773616
0.13931623931623932,584361,0.16285138809742608,1.0,0.28008976858835216
0.1392857142857143,584400,0.16284052019164955,1.0,0.280073694309881
0.13928571428571426,584401,0.16284024154647236,1.0,0.2800732821731549
0.1392727272727273,584403,0.16283968425897882,1.0,0.2800724579033414
0.13924242424242425,584404,0.16283940561666244,1.0,0.280072045770254
0.13919191919191917,584408,0.16283829105693282,1.0,0.28007039725003385
0.13916666666666666,584412,0.16283717651246038,1.0,0.2800687487492201
0.1391304347826087,584415,0.1628363406141184,1.0,0.2800675123863451
0.13912280701754387,584417,0.16283578335332477,1.0,0.28006668815049274
0.1390909090909091,584424,0.16283383297058301,1.0,0.28006380336321424
0.1390873015873016,584428,0.16283271848713615,1.0,0.28006215494002284
0.13907563025210085,584429,0.1628324398686581,1.0,0.280061742837257
0.13906882591093117,584431,0.1628318826345625,1.0,0.2800609186353637
0.13901808785529715,584433,0.16283132540428072,1.0,0.28006009443832147
0.13899769585253455,584435,0.16283076817781275,1.0,0.2800592702461304
0.13899711399711398,584437,0.16283021095515857,1.0,0.28005844605879043
0.13894993894993896,584440,0.16282937512832799,1.0,0.28005720978687587
0.13892307692307693,584442,0.162828817915208,1.0,0.28005638561166324
0.13891625615763545,584444,0.16282826070590167,1.0,0.28005556144130145
0.13890909090909093,584445,0.1628279821026786,1.0,0.2800551493579396
0.1388888888888889,584461,0.16282352458076757,1.0,0.2800485561890748
0.13888888888888887,584469,0.1628212959113315,1.0,0.2800452597210553
0.13882783882783883,584471,0.1628207387535053,1.0,0.28004443561617637
0.1388235294117647,584475,0.1628196244492921,1.0,0.28004278742096905
0.1388111888111888,584476,0.1628193458756219,1.0,0.2800423753751986
0.13880382775119618,584478,0.16281878873114128,1.0,0.28004155128729535
0.13874999999999998,584479,0.16281851016033083,1.0,0.28004113924516255
0.1387218045112782,584481,0.16281795302156957,1.0,0.2800403151645344
0.1386666666666667,584482,0.16281767445361875,1.0,0.28003990312603916
0.13863636363636364,584506,0.16281098910875166,1.0,0.28003001456589227
0.13862765586903517,584508,0.16281043202146078,1.0,0.2800291905507363
0.1385990338164251,584516,0.16280820371042024,1.0,0.28002589453860643
0.13857142857142857,584523,0.16280625398829474,1.0,0.28002301059164003
0.1385,584524,0.1628059754603746,1.0,0.2800225986040654
0.13849206349206347,584534,0.16280319023358777,1.0,0.28001847879499425
0.13846153846153847,584577,0.1627912148442378,1.0,0.2800007649972563
0.13845598845598844,584579,0.16279065789226094,1.0,0.2799999411542304
0.13844696969696968,584580,0.1627903794177016,1.0,0.27999952923453536
0.1384126984126984,584582,0.16278982247144114,1.0,0.2799987053987813
0.13840245775729645,584584,0.16278926552899156,1.0,0.2799978815678752
0.1383838383838384,584595,0.16278620241363678,1.0,0.2799933505845454
0.13833333333333334,584601,0.1627845316720293,1.0,0.2799908792009003
0.1382857142857143,584603,0.16278397476578121,1.0,0.279990055416047
0.13825396825396824,584605,0.16278341786334363,1.0,0.27998923163604106
0.13824884792626727,584607,0.16278286096471647,1.0,0.2799884078608826
0.13813725490196077,584611,0.16278174717889332,1.0,0.2799867603251076
0.138125,584613,0.16278119029169724,1.0,0.279985936564491
0.13812260536398466,584621,0.1627789627810154,1.0,0.2799826415704965
0.1381081081081081,584628,0.16277701375917678,1.0,0.27997975851436907
0.1380952380952381,584648,0.16277144538252075,1.0,0.2799715215383076
0.13805555555555554,584657,0.16276893973731607,1.0,0.2799678150571989
0.13804347826086957,584688,0.16276030977204936,1.0,0.27995504904008517
0.13799019607843135,584690,0.162759753031521,1.0,0.279954225466056
0.137987012987013,584692,0.16275919629480137,1.0,0.2799534018968723
0.13794642857142855,584694,0.1627586395618905,1.0,0.2799525783325341
0.13789915966386554,584696,0.1627580828327883,1.0,0.27995175477304146
0.137824235385211,584698,0.1627575261074948,1.0,0.2799509312183943
0.13777777777777778,584702,0.1627564126683336,1.0,0.2799492841236361
0.13775362318840578,584704,0.16275585595446584,1.0,0.27994846058352507
0.1376923076923077,584706,0.1627552992444066,1.0,0.27994763704825926
0.13767676767676768,584709,0.16275446418645856,1.0,0.2799464017544453
0.13763736263736265,584711,0.1627539074859204,1.0,0.2799455782312925
0.1376190476190476,584715,0.1627527940962691,1.0,0.2799439311995222
0.13761755485893418,584716,0.1627525157512365,1.0,0.2799435194446079
0.13760683760683762,584722,0.16275084570103399,1.0,0.27994104894055766
0.1375968992248062,584724,0.16275028902524952,1.0,0.27994022544889746
0.1375816993464052,584728,0.16274917568510486,1.0,0.2799385784801115
0.13755555555555554,584742,0.16274527911454967,1.0,0.27993281424196875
0.1375,584787,0.16273275568711343,1.0,0.27991428794133694
0.13748768472906403,584791,0.16273164258683873,1.0,0.27991264127773163
0.13745519713261647,584800,0.16272913816689466,1.0,0.2799089363554541
0.13739495798319326,584802,0.16272858163959766,1.0,0.27990811305271146
0.13737373737373737,584804,0.1627280251161073,1.0,0.279907289754812
0.13736559139784946,584805,0.16272774685578953,1.0,0.27990687810767845
0.13736263736263737,584806,0.16272746859642342,1.0,0.27990646646175565
0.13735042735042735,584808,0.1627269120805461,1.0,0.27990564317354244
0.1373440285204991,584809,0.16272663382403485,1.0,0.279905231531252
0.1373015873015873,584811,0.1627260773138672,1.0,0.2799044082503033
0.1372727272727273,584813,0.162725520807506,1.0,0.27990358497419765
0.13721590909090908,584814,0.16272524255575277,1.0,0.27990317333796094
0.13719806763285022,584820,0.16272357306521665,1.0,0.2799007035459658
0.1371569950517319,584822,0.16272301657598381,1.0,0.2798998802916531
0.13715277777777776,584833,0.16271995595323793,1.0,0.2798953524794962
0.13714285714285715,584838,0.16271856479914096,1.0,0.27989329443148697
0.13714285714285712,584846,0.1627163390020621,1.0,0.2798900016176233
0.13709401709401708,584848,0.1627157825623068,1.0,0.27988917842626304
0.13706293706293707,584850,0.1627152261263572,1.0,0.2798883552397451
0.137,584889,0.16270437638594673,1.0,0.279872304070418
0.13696969696969696,584891,0.1627038200280052,1.0,0.2798714809831558
0.136950146627566,584896,0.16270242914979757,1.0,0.27986942328618064
0.1369047619047619,584900,0.16270131646435287,1.0,0.2798677771503858
0.13686868686868686,584901,0.16270103829536964,1.0,0.2798673656194628
0.13682539682539682,584903,0.16270048196025666,1.0,0.27986654256124766
0.13682432432432434,584905,0.16269992562894828,1.0,0.2798657195078734
0.13682027649769585,584906,0.16269964746472082,1.0,0.27986530798300174
0.13681318681318683,584915,0.16269714402947436,1.0,0.27986160431361645
0.1367857142857143,584919,0.16269603141631575,1.0,0.2798599582697994
0.13676075268817203,584921,0.16269547511544294,1.0,0.2798591352551519
0.13671328671328672,584922,0.16269519696643314,1.0,0.27985872374964343
0.13667953667953667,584924,0.16269464067126668,1.0,0.27985790074225686
0.13666666666666666,584965,0.16268323745865138,1.0,0.27984103015751427
0.13666666666666663,584968,0.16268240314000082,1.0,0.27983979580434387
0.13660049627791562,584972,0.16268129072844512,1.0,0.27983815001705536
0.13658653846153845,584977,0.16267990023539386,1.0,0.2798360928101673
0.13656633221850611,584978,0.16267962213963602,1.0,0.27983568137241926
0.13656267104542968,584979,0.16267934404482895,1.0,0.27983526993588115
0.13653846153846155,585028,0.1626657185638978,1.0,0.27981511102747464
0.1365079365079365,585030,0.16266516247030066,1.0,0.27981428827657995
0.1365,585034,0.1626640502945128,1.0,0.27981264278930545
0.13648351648351648,585035,0.16266377225294212,1.0,0.27981223142051076
0.13646616541353382,585037,0.16266321617265234,1.0,0.27981140868654997
0.13642857142857143,585039,0.16266266009616454,1.0,0.2798105859574274
0.13639093639093638,585041,0.1626621040234787,1.0,0.27980976323314294
0.1363768115942029,585047,0.1626604358282326,1.0,0.2798072950893179
0.13636363636363638,585060,0.16265682152257888,1.0,0.2798019475937338
0.13636363636363635,585479,0.1625404156254964,1.0,0.2796297030895786
0.13634920634920633,585481,0.16253986038829613,1.0,0.2796288814286449
0.13634408602150538,585482,0.1625395827711185,1.0,0.27962847059998885
0.1363408521303258,585483,0.1625393051548892,1.0,0.27962805977253996
0.13627791563275435,585484,0.16253902753960825,1.0,0.27962764894629827
0.13626984126984124,585488,0.16253791708796764,1.0,0.2796260056534029
0.13624242424242425,585489,0.16253763947742828,1.0,0.27962559483319693
0.13623376623376623,585492,0.16253680665149994,1.0,0.2796243623798218
0.13617424242424242,585494,0.1625362514389558,1.0,0.27962354075027396
0.1361111111111111,585538,0.1625240377225731,1.0,0.27960546612173903
0.1360742705570292,585542,0.16252292747574043,1.0,0.279603823089557
0.136,585543,0.1625226499164024,1.0,0.2796034123345287
0.135990990990991,585544,0.16252237235801237,1.0,0.2796030015807071
0.13596638655462184,585546,0.16252181724407647,1.0,0.27960218007668464
0.13590038314176242,585554,0.16251959682625342,1.0,0.2795988941088674
0.13587301587301587,585559,0.16251820909592374,1.0,0.2795968404182025
0.13586278586278588,585560,0.1625179315527017,1.0,0.27959642968368975
0.13583333333333333,585567,0.16251598877668993,1.0,0.27959355457588975
0.13582375478927203,585568,0.16251571124105144,1.0,0.279593143851031
0.13582251082251084,585569,0.16251543370636082,1.0,0.27959273312737887
0.13578947368421052,585573,0.16251432357707749,1.0,0.2795910902448376
0.13575289575289576,585575,0.16251376851812321,1.0,0.27959026881080706
0.13571428571428573,585582,0.1625118258416413,1.0,0.2795873938297103
0.1357142857142857,585622,0.1625007257241019,1.0,0.27957096650048624
0.13567251461988303,585623,0.16250044824059165,1.0,0.27957055584198875
0.13565323565323567,585626,0.16249961579574676,1.0,0.2795693238737349
0.13560606060606062,585627,0.1624993383160271,1.0,0.2795689132200631
0.1355769230769231,585628,0.16249906083725504,1.0,0.27956850256759774
0.13555555555555557,585663,0.16248934967720344,1.0,0.2795541304912995
0.13555555555555554,585666,0.16248851734606415,1.0,0.27955289866780253
0.13551587301587303,585667,0.16248823990424593,1.0,0.2795524880623826
0.1354864433811802,585668,0.16248796246337516,1.0,0.2795520774581688
0.13545454545454547,585669,0.16248768502345182,1.0,0.27955166685516125
0.13545454545454544,585671,0.16248713014644742,1.0,0.2795508456527646
0.13543233082706765,585673,0.16248657527323268,1.0,0.27955002445519267
0.13539589442815247,585675,0.16248602040380758,1.0,0.2795492032624453
0.13538461538461538,585686,0.16248296868970746,1.0,0.27954468678857314
0.13535353535353536,585763,0.16246160990024977,1.0,0.27951307555729177
0.1353448275862069,585790,0.16245412178425717,1.0,0.2795019927924647
0.13533333333333333,585795,0.16245273517186046,1.0,0.2794999405250536
0.13529411764705884,585800,0.16245134858313418,1.0,0.27949788828778027
0.13523297491039424,585801,0.1624510712682293,1.0,0.2794974778439421
0.1352278545826933,585803,0.16245051664125995,1.0,0.2794966569598821
0.13522727272727275,585813,0.16244774356321898,1.0,0.27949255261190903
0.13517000241138172,585815,0.1624471889589717,1.0,0.27949173175677955
0.13514957264957264,585817,0.16244663435851128,1.0,0.27949091090647166
0.1351111111111111,585826,0.162444138703301,1.0,0.2794872171397524
0.13508359456635322,585827,0.162443861413011,1.0,0.27948680672725484
0.13506493506493505,585829,0.16244330683527106,1.0,0.2794859859058757
0.135,585859,0.16243498862354253,1.0,0.2794736741637213
0.13497536945812807,585861,0.16243443410638359,1.0,0.27947285341947803
0.13493055555555553,585867,0.16243277057762256,1.0,0.2794703912156715
0.1349206349206349,585868,0.16243249332614174,1.0,0.27946998085258845
0.13487179487179488,585872,0.16243138432968293,1.0,0.27946833941230714
0.1348514211886305,585874,0.16243082983713222,1.0,0.2794675186993971
0.1347394540942928,585878,0.16242972086338794,1.0,0.279465877288038
0.13472222222222222,585882,0.16242861190478627,1.0,0.27946423589596003
0.1346969696969697,585884,0.16242805743116384,1.0,0.27946341520715134
0.1346774193548387,585906,0.16242195847115407,1.0,0.2794543879483753
0.13464646464646463,585910,0.16242084961854208,1.0,0.27945274669125525
0.13464285714285715,585912,0.16242029519791368,1.0,0.27945192606992464
0.13464285714285712,585914,0.16241974078107027,1.0,0.27945110545341356
0.13463414634146342,585917,0.16241890916290191,1.0,0.27944987453768344
0.13461538461538464,585920,0.16241807755324958,1.0,0.27944864363279714
0.13459595959595957,585921,0.16241780035192457,1.0,0.27944823333357804
0.13458781362007166,585923,0.16241724595211315,1.0,0.27944741273875434
0.1345,585924,0.16241696875362674,1.0,0.27944700244314974
0.13444444444444445,585931,0.16241502839071495,1.0,0.2794441304076524
0.13444444444444442,585932,0.16241475119979792,1.0,0.2794437201216862
0.13442307692307692,585934,0.16241419682080235,1.0,0.27944289955336826
0.1343939393939394,585940,0.16241253370652287,1.0,0.27944043787732864
0.13437908496732023,585942,0.16241197934266532,1.0,0.27943961732828665
0.134375,585956,0.16240809890162403,1.0,0.2794338736199201
0.13434343434343435,585958,0.1624075445680407,1.0,0.2794330531094283
0.13428571428571429,585972,0.1624036643389104,1.0,0.27942730967090273
0.13424242424242425,585974,0.16240311003559885,1.0,0.2794264891989582
0.13421717171717173,585976,0.1624025557360711,1.0,0.27942566873183194
0.13418803418803418,585979,0.162401724293874,1.0,0.2794244380401766
0.13416422287390029,585980,0.16240144714836685,1.0,0.2794240278120339
0.13413461538461538,585987,0.1623995071563021,1.0,0.2794211562487613
0.13412698412698412,585988,0.16239923001836215,1.0,0.27942074603025463
0.1340909090909091,586011,0.16239285610679663,1.0,0.2794113113370279
0.13406593406593406,586021,0.16239008499695404,1.0,0.2794072094952179
0.13405483405483407,586023,0.16238953078633434,1.0,0.2794063891413078
0.13404761904761905,586026,0.1623886994774976,1.0,0.27940515861947474
0.134,586029,0.16238786817717213,1.0,0.27940392810848025
0.13397636845912708,586030,0.162387591078955,1.0,0.27940351794055734
0.13397435897435897,586033,0.16238675978997769,1.0,0.27940228744401396
0.13392857142857142,586039,0.16238509723755587,1.0,0.2793998264834418
0.13391984359726294,586043,0.1623839888881874,1.0,0.2793981858671446
0.1338888888888889,586047,0.16238288055394876,1.0,0.2793965452701146
0.13388888888888886,586051,0.16238177223483963,1.0,0.2793949046923512
0.1338675213675214,586055,0.16238066393085973,1.0,0.2793932641338541
0.1338235294117647,586070,0.1623765079256744,1.0,0.27938711221107576
0.13379928315412185,586076,0.1623748455831667,1.0,0.2793846515178205
0.13377674956622324,586078,0.16237429147656113,1.0,0.2793838312963675
0.1336783216783217,586079,0.16237401442467653,1.0,0.279383421187447
0.13367816091954024,586082,0.16237318327469535,1.0,0.2793821908679097
0.13366366366366364,586084,0.16237262917943504,1.0,0.27938137066090474
0.13365079365079366,586085,0.16237235213322299,1.0,0.27938096055920814
0.13363636363636364,586093,0.16237013579756113,1.0,0.2793776797889783
0.13361742424242423,586095,0.1623695817230995,1.0,0.27937685960846026
0.13361344537815126,586096,0.16236930468728672,1.0,0.27937644952000706
0.1336111111111111,586097,0.1623690276524193,1.0,0.2793760394327578
0.13357142857142856,586111,0.1623651492635354,1.0,0.2793702983376757
0.13356643356643358,586113,0.16236459522310545,1.0,0.279369478200497
0.13352007469654528,586115,0.1623640411864566,1.0,0.2793686580681336
0.13343023255813954,586116,0.16236376416955006,1.0,0.27936824800375765
0.13342857142857142,586120,0.1623626561113765,1.0,0.2793666077582917
0.13333333333333336,586121,0.16236237909919624,1.0,0.2793661976999347
0.13333333333333333,586596,0.16223090508629448,1.0,0.2791715559727763
0.1332051282051282,586598,0.16223035196165006,1.0,0.2791707370020623
0.1331896551724138,586602,0.16222924572367636,1.0,0.27916909907504917
0.1331439393939394,586603,0.16222896916654023,1.0,0.27916868959629904
0.1331081081081081,586604,0.162228692610347,1.0,0.27916828011875006
0.13306595365418894,586606,0.1622281395007893,1.0,0.2791674611672558
0.13306233062330622,586608,0.16222758639500315,1.0,0.2791666422205664
0.13304347826086957,586620,0.16222426783948724,1.0,0.2791617286413292
0.13304347826086954,586624,0.16222316168448614,1.0,0.27916009082002025
0.13303571428571428,586627,0.16222233207813483,1.0,0.27915886246665034
0.1330316742081448,586633,0.16222067289088749,1.0,0.27915640579233997
0.13303140096618357,586635,0.16222011983601387,1.0,0.27915558691051173
0.13301587301587303,586637,0.16221956678491128,1.0,0.27915476803348777
0.13301075268817206,586641,0.162218460694019,1.0,0.27915313029385236
0.13296703296703297,586654,0.1622148660027887,1.0,0.2791478077727487
0.13290598290598293,586657,0.16221403648128294,1.0,0.2791465795274713
0.13289473684210526,586658,0.16221375997599966,1.0,0.2791461701147807
0.13288288288288289,586660,0.162213206968261,1.0,0.27914535129300233
0.13278943278943278,586661,0.16221293046580565,1.0,0.27914494188391453
0.13274044795783926,586663,0.16221237746372277,1.0,0.2791441230693416
0.13270833333333334,586664,0.1622121009640953,1.0,0.2791437136638566
0.1326923076923077,586667,0.16221127147086847,1.0,0.27914248545460674
0.1326797385620915,586674,0.1622093360196634,1.0,0.27913961967505474
0.132579185520362,586675,0.1622090595304044,1.0,0.2791392102827794
0.13253968253968254,586689,0.16220518877974532,1.0,0.27913347891700996
0.1325,587103,0.16209080859746927,1.0,0.2789641005647349
0.13247863247863248,587105,0.16209025642772587,1.0,0.2789632828107389
0.13246753246753246,587107,0.16208970426174446,1.0,0.27896246506153716
0.13243243243243244,587109,0.16208915209952496,1.0,0.2789616473171297
0.13242424242424242,587112,0.16208832386324926,1.0,0.27896042070950755
0.13235880398671096,587114,0.16208777171043443,1.0,0.2789596029770856
0.13235632183908047,587116,0.1620872195613814,1.0,0.2789587852494577
0.13233333333333333,587118,0.16208666741609012,1.0,0.2789579675266239
0.1322222222222222,587120,0.16208611527456057,1.0,0.2789571498085841
0.13214285714285715,587132,0.1620828025043772,1.0,0.2789522436010177
0.1321409214092141,587136,0.16208169827774144,1.0,0.2789506082368459
0.1321371610845295,587139,0.16208087011763825,1.0,0.2789493817263005
0.1321212121212121,587141,0.16208031801560444,1.0,0.27894856405859547
0.1321182266009852,587145,0.1620792138228206,1.0,0.2789469287375661
0.13209150326797384,587148,0.1620783856881059,1.0,0.278945702259377
0.1320892320892321,587150,0.16207783360299752,1.0,0.27894488461324257
0.13208180708180708,587153,0.16207700548238704,1.0,0.2789436581530286
0.13205128205128205,587157,0.1620759013347367,1.0,0.2789420228895197
0.13202314926452857,587158,0.16207562530017475,1.0,0.2789416140766383
0.13201149425287356,587161,0.16207479720213025,1.0,0.27894038764518375
0.132,587173,0.1620714848945711,1.0,0.2789354820272094
0.13194444444444445,587179,0.162069828791561,1.0,0.2789330292829266
0.1319047619047619,587183,0.1620687247416904,1.0,0.2789313941440352
0.13185483870967743,587184,0.16206844873157306,1.0,0.27893098536230776
0.1318548387096774,587185,0.16206817272239585,1.0,0.27893057658177856
0.13180076628352488,587194,0.16206568868210505,1.0,0.2789268976109315
0.1317733990147783,587195,0.16206541268232869,1.0,0.2789264888423835
0.13174603174603175,587196,0.1620651366834924,1.0,0.2789260800750337
0.1316923076923077,587197,0.16206486068559614,1.0,0.27892567130888196
0.13166666666666668,587200,0.16206403269754768,1.0,0.2789244450176152
0.13166666666666665,587209,0.16206154878416373,1.0,0.27892076620851064
0.1316624895572264,587213,0.16206044484709978,1.0,0.27891913121339085
0.13164285714285714,587215,0.16205989288420766,1.0,0.27891831372301906
0.1316008316008316,587217,0.1620593409250754,1.0,0.27891749623743917
0.13158730158730159,587219,0.16205878896970297,1.0,0.2789166787566513
0.13153846153846155,587260,0.1620474747130743,1.0,0.27889992145645526
0.13152173913043477,587263,0.1620466469026654,1.0,0.278898695391595
0.13148051948051948,587265,0.1620460950337582,1.0,0.2788978780210103
0.13144144144144143,587267,0.16204554316860986,1.0,0.27889706065521647
0.13142857142857142,587276,0.16204305982195766,1.0,0.27889338256843094
0.13125,587277,0.16204278389925028,1.0,0.2788929738981099
0.13124401913875597,587279,0.1620422320566545,1.0,0.27889215656106076
0.13123543123543124,587283,0.16204112838273882,1.0,0.27889052190133445
0.13118131868131866,587287,0.16204002472385734,1.0,0.2788888872607704
0.1311740890688259,587292,0.16203864517139685,1.0,0.27888684398701163
0.13114285714285714,587293,0.16203836926372356,1.0,0.27888643533585267
0.13111111111111112,587296,0.1620375415463412,1.0,0.2788852093895613
0.1311111111111111,587321,0.1620306442303272,1.0,0.2788749935896027
0.13110599078341015,587328,0.16202871308706548,1.0,0.278872133299731
0.13104575163398693,587329,0.1620284372132144,1.0,0.2788717246916818
0.1310449407223601,587331,0.16202788546833047,1.0,0.2788709074791757
0.13102981029810298,587332,0.16202760959729762,1.0,0.27887049887471865
0.13099378881987578,587334,0.1620270578580501,1.0,0.27886968166939685
0.13095238095238096,587336,0.16202650612256017,1.0,0.2788688644688645
0.13094444444444445,587337,0.16202623025622429,1.0,0.2788684558703943
0.13090909090909092,587376,0.16201547220179238,1.0,0.2788525214639435
0.13087301587301586,587381,0.16201409306736173,1.0,0.2788504787230146
0.13086913086913088,587382,0.1620138172432931,1.0,0.27885007017842023
0.13083333333333333,587385,0.16201298977672224,1.0,0.27884884455181974
0.13076923076923078,587390,0.1620116106845537,1.0,0.27884680186476085
0.13075757575757577,587391,0.16201133486893737,1.0,0.27884639333094036
0.13075396825396823,587393,0.1620107832405221,1.0,0.2788455762668905
0.1307142857142857,587407,0.16200692194679328,1.0,0.2788398569526101
0.13069053708439898,587409,0.16200637034842844,1.0,0.27883903992686493
0.13068376068376067,587410,0.16200609455065457,1.0,0.2788386314157879
0.13068181818181818,587413,0.16200526716296712,1.0,0.2788374058897385
0.13065476190476188,587414,0.16200499136894933,1.0,0.2788369973834492
0.13062865497076023,587415,0.16200471557587054,1.0,0.2788365888783569
0.13060606060606061,587420,0.16200333662456165,1.0,0.2788345463708496
0.13055555555555556,587421,0.16200306083711682,1.0,0.2788341378729389
0.13050193050193049,587423,0.1620025092650441,1.0,0.2788333208807082
0.13049019607843138,587425,0.16200195769672723,1.0,0.2788325038932652
0.13046594982078852,587440,0.1619978210540651,1.0,0.2788263766400431
0.13045454545454543,587443,0.16199699375088306,1.0,0.2788251512217132
0.13041666666666665,587445,0.16199644222012274,1.0,0.278824334282144
0.1304112554112554,587446,0.16199616645615086,1.0,0.2788239258141545
0.13038461538461538,587455,0.16199368462265196,1.0,0.2788202496561039
0.13034482758620689,587470,0.16198954840247162,1.0,0.2788141229414298
0.1303030303030303,587473,0.16198872118378208,1.0,0.27881289763080525
0.13023391812865495,587475,0.16198816970934934,1.0,0.27881208076303876
0.1302197802197802,587477,0.16198761823867147,1.0,0.2788112639000587
0.13017857142857142,587479,0.16198706677174843,1.0,0.2788104470418652
0.13015873015873017,587486,0.16198513666708653,1.0,0.27880758807588074
0.13014705882352942,587488,0.16198458521705975,1.0,0.2788067712392258
0.13007518796992482,587489,0.16198430949345435,1.0,0.2788063628226932
0.13004179728317658,587490,0.1619840337707876,1.0,0.27880595440735717
0.1300395256916996,587491,0.16198375804905948,1.0,0.27880554599321766
0.13002136752136753,587494,0.16198293088950697,1.0,0.2788043207579784
0.13,587918,0.16186611058004688,1.0,0.2786312624253018
0.12991452991452992,587919,0.1618658352596191,1.0,0.2786308545228032
0.1298611111111111,587923,0.16186473398727386,1.0,0.2786292229247519
0.12984848484848485,587925,0.16186418335672068,1.0,0.2786284071328919
0.1297727272727273,587927,0.16186363272991375,1.0,0.278627591345809
0.12976190476190477,587931,0.1618625314875385,1.0,0.27862595978597415
0.12976190476190474,587932,0.16186225617928604,1.0,0.27862555189900107
0.1296969696969697,587933,0.1618619808719701,1.0,0.27862514401322214
0.1296774193548387,587941,0.1618597784471571,1.0,0.27862188096998264
0.12967032967032968,587949,0.16185757608227924,1.0,0.2786186180031708
0.12964285714285714,587951,0.16185702550042436,1.0,0.2786178022734093
0.12963286713286715,587952,0.16185675021090157,1.0,0.27861739441031974
0.12950937950937952,587961,0.16185427264733546,1.0,0.2786137236962488
0.12944444444444442,587963,0.1618537220879545,1.0,0.2786129079951458
0.12944055944055943,587966,0.16185289625590596,1.0,0.27861168445244683
0.12942028985507245,587968,0.16185234570588874,1.0,0.2786108687632844
0.1293939393939394,587969,0.1618520704322847,1.0,0.27861046092049424
0.129375,587983,0.16184821670014268,1.0,0.2786047512468034
0.1293743890518084,587985,0.16184766618196042,1.0,0.278603935598237
0.12936507936507935,587994,0.16184518889648533,1.0,0.27860026523878806
0.12935483870967743,587995,0.1618449136472249,1.0,0.27859985742704113
0.12932027649769584,587997,0.16184436315151268,1.0,0.2785990418071289
0.12931372549019607,587998,0.1618440879050609,1.0,0.2785986339989637
0.1292929292929293,588003,0.16184271168684514,1.0,0.2785965949760454
0.12922077922077924,588004,0.16184243644601057,1.0,0.27859618717504336
0.12916666666666668,588008,0.1618413354920341,1.0,0.27859455598297356
0.12916666666666665,588065,0.16182564852524806,1.0,0.2785713135712916
0.1291579388353582,588066,0.16182537334244795,1.0,0.2785709058442984
0.1291208791208791,588068,0.16182482297965542,1.0,0.2785700903938925
0.1290909090909091,588079,0.1618217960512108,1.0,0.27856560550199566
0.12907196969696969,588081,0.16182124571275044,1.0,0.2785647900826204
0.12905982905982905,588082,0.161820970544924,1.0,0.278564382374723
0.12904761904761902,588083,0.16182069537803337,1.0,0.278563974668019
0.12903225806451613,588085,0.16182014504705952,1.0,0.27856315925819136
0.12902097902097903,588099,0.1618162928350499,1.0,0.2785574515230592
0.12901785714285713,588101,0.1618157425340205,1.0,0.27855663615142
0.12897058823529411,588102,0.16181546738490943,1.0,0.2785562284673904
0.12891649413388545,588108,0.16181381650989274,1.0,0.2785537823882729
0.1288888888888889,588112,0.16181271594526211,1.0,0.2785521516927274
0.12880952380952382,588113,0.16181244080644366,1.0,0.27855174402182425
0.12878787878787878,588117,0.1618113402605264,1.0,0.2785501133501444
0.1287581699346405,588132,0.16180721334666368,1.0,0.2785439985013815
0.12872503840245775,588133,0.1618069382265576,1.0,0.27854359085434294
0.12863247863247862,588135,0.16180638798915215,1.0,0.2785427755638454
0.1285714285714286,588141,0.1618047372993891,1.0,0.2785403297209884
0.12857142857142856,588260,0.16177200557576582,1.0,0.2784918293767851
0.12849802371541502,588266,0.16177035558743832,1.0,0.2784893844285442
0.1284878863826232,588268,0.1617698055988087,1.0,0.27848856945533723
0.12846153846153846,588270,0.16176925561391878,1.0,0.2784877544869
0.12842809364548496,588295,0.16176238111831648,1.0,0.27847756778387583
0.12840909090909092,588301,0.16176073132631086,1.0,0.27847512308603956
0.1283730158730159,588304,0.16175990644292745,1.0,0.27847390075321743
0.12833333333333333,588314,0.1617571568924078,1.0,0.2784698263879744
0.12828947368421054,588320,0.1617555072069622,1.0,0.2784673818260559
0.12828282828282828,588338,0.16175055835251165,1.0,0.2784600483978101
0.12825396825396823,588340,0.16175000849848728,1.0,0.27845923359629204
0.12821428571428573,588341,0.16174973357287695,1.0,0.27845882619732115
0.128125,588345,0.16174863387978142,1.0,0.27845719661335844
0.1281081081081081,588349,0.16174753420163882,1.0,0.2784555670484687
0.1280952380952381,588351,0.16174698436817478,1.0,0.2784547522731762
0.12808080808080807,588354,0.16174615962498767,1.0,0.27845353011917756
0.12803030303030305,588356,0.16174560980086886,1.0,0.27845271535580524
0.1279220779220779,588360,0.16174451016384525,1.0,0.27845108584336464
0.12789473684210526,588363,0.16174368544588968,1.0,0.2784498637215501
0.1278846153846154,588389,0.1617365382425572,1.0,0.2784392724485153
0.12788288288288288,588390,0.1617362633627356,1.0,0.2784388651079506
0.1278730158730159,588397,0.16173433923014563,1.0,0.27843601375736765
0.1278409090909091,588398,0.16173406435779863,1.0,0.2784356064263373
0.12783251231527093,588400,0.16173351461590754,1.0,0.278434791767852
0.12781637717121588,588402,0.16173296487775365,1.0,0.2784339771141338
0.1278083028083028,588404,0.1617324151433369,1.0,0.2784331624651827
0.1277922077922078,588406,0.16173186541265724,1.0,0.27843234782099857
0.12777777777777777,588565,0.1616881737785971,1.0,0.2783675988586121
0.1277167277167277,588566,0.1616878990631467,1.0,0.2783671917277288
0.1276984126984127,588568,0.1616873496350464,1.0,0.27836637746953485
0.1276923076923077,588569,0.16168707492239653,1.0,0.27836597034222427
0.12764478764478765,588571,0.1616865254998972,1.0,0.2783651560911757
0.12763409961685823,588573,0.16168597608113183,1.0,0.2783643418448907
0.12759856630824373,588574,0.16168570137314933,1.0,0.27836393472353443
0.1275985663082437,588576,0.16168515195998479,1.0,0.27836312048439465
0.1275,588582,0.16168350374289395,1.0,0.2783606777955557
0.127487922705314,588584,0.16168295434466448,1.0,0.2783598635754693
0.12741228070175437,588585,0.16168267964694988,1.0,0.27835945646721233
0.1274114774114774,588595,0.16167993272114103,1.0,0.27835538545013666
0.12738927738927738,588596,0.16167965803369375,1.0,0.2783549783549784
0.1273846153846154,588632,0.1616697699071746,1.0,0.2783403237222798
0.12732919254658384,588634,0.1616692206022758,1.0,0.2783395096212624
0.12732732732732732,588638,0.16166812200367628,1.0,0.2783378814335144
0.1272727272727273,588681,0.16165631301163108,1.0,0.27832037961818834
0.12727272727272726,588684,0.1616554891928437,1.0,0.27831915864344126
0.12721804511278195,588688,0.16165439078085506,1.0,0.27831753069377585
0.12721153846153846,588689,0.1616541161801902,1.0,0.27831712370933515
0.12714285714285714,588736,0.16164121100119577,1.0,0.2782979967831554
0.12713414634146342,588738,0.1616406618903485,1.0,0.278297182929718
0.12708333333333333,588749,0.1616376418473747,1.0,0.27829270682089685
0.12705329153605016,588751,0.16163709276077662,1.0,0.2782918929983989
0.1270471464019851,588752,0.16163681821887654,1.0,0.2782914860889349
0.12703030303030302,588754,0.1616362691378742,1.0,0.2782906722735766
0.12699300699300697,588757,0.16163544552336534,1.0,0.2782894515594638
0.12698412698412698,588764,0.16163352378881862,1.0,0.2782866032681803
0.12697674418604651,588765,0.16163324925904224,1.0,0.27828619637418506
0.12696078431372548,588766,0.16163297473019841,1.0,0.2782857894813797
0.12694444444444444,588772,0.161631327576719,1.0,0.2782833481495345
0.12692307692307694,588774,0.16163077853301946,1.0,0.2782825343817714
0.12692307692307692,588822,0.1616176026031636,1.0,0.27826300538315113
0.12690058479532165,588824,0.16161705365270437,1.0,0.2782621917343579
0.12690058479532162,588827,0.16161623023400762,1.0,0.2782609712700898
0.12686781609195402,588828,0.16161595576297322,1.0,0.2782605644510462
0.12678571428571428,588832,0.16161485788815824,1.0,0.27825893718676714
0.12666666666666668,588841,0.16161238772436023,1.0,0.2782552759117258
0.12666666666666665,588849,0.16161019208659605,1.0,0.27825202152590667
0.12662337662337664,588851,0.16160964318647672,1.0,0.27825120794134633
0.1266025641025641,588853,0.161609094290086,1.0,0.27825039436154364
0.1265974025974026,588854,0.16160881984328884,1.0,0.27824998757342645
0.12658730158730158,588864,0.16160607542658406,1.0,0.27824591975767077
0.1265696465696466,588866,0.16160552655442834,1.0,0.278245106208792
0.12656565656565655,588870,0.16160442882130183,1.0,0.2782434791253066
0.12655677655677655,588872,0.16160387996033093,1.0,0.2782426655906999
0.1265422077922078,588874,0.16160333110308828,1.0,0.27824185206085045
0.1265,588875,0.161603056675865,1.0,0.2782414452977096
0.12649769585253456,588876,0.16160278224957375,1.0,0.2782410385357581
0.1264957264957265,588902,0.1615956474931313,1.0,0.2782304631424453
0.12642857142857145,588904,0.16159509869180716,1.0,0.2782296496839496
0.12639393939393942,588905,0.16159482429254293,1.0,0.2782292429564854
0.12638888888888888,588906,0.16159454989421063,1.0,0.2782288362302104
0.12636363636363634,588907,0.16159427549681019,1.0,0.27822842950512444
0.12634408602150538,588908,0.16159400110034164,1.0,0.2782280227812277
0.12628571428571428,588914,0.16159235474109973,1.0,0.2782255824628186
0.12621848739495797,588916,0.16159180596214062,1.0,0.2782247690328617
0.12621784345922277,588921,0.16159043403105,1.0,0.2782227354787782
0.1261904761904762,588923,0.16158988526513654,1.0,0.2782219220654683
0.1261842105263158,588925,0.1615893365029503,1.0,0.2782211086569145
0.12616883116883115,588932,0.16158741586464992,1.0,0.2782182617644307
0.12613636363636366,588933,0.16158714149147696,1.0,0.27821785507026053
0.12613636363636363,588936,0.16158631837754867,1.0,0.2782166349948838
0.12611111111111112,588950,0.16158247729009254,1.0,0.2782109414512786
0.12610859728506787,588951,0.16158220293369058,1.0,0.27821053477850943
0.1261025641025641,588954,0.16158137987007473,1.0,0.27820931476733546
0.1260989010989011,588981,0.1615739726748401,1.0,0.2781983351482507
0.12608695652173912,588991,0.16157122944153646,1.0,0.27819426884258686
0.12604588394062077,588992,0.16157095512332936,1.0,0.27819386221855835
0.12604166666666666,588993,0.16157068080605372,1.0,0.2781934555957185
0.1260344827586207,588994,0.16157040648970958,1.0,0.2781930489740674
0.12598290598290596,588996,0.16156985785981567,1.0,0.2781922357343311
0.12595238095238095,589000,0.16156876061120543,1.0,0.2781906092691226
0.12589285714285714,589001,0.1615684863013815,1.0,0.2781902026557921
0.1258730158730159,589009,0.16156629185632138,1.0,0.2781869497919386
0.12584415584415584,589012,0.1615654689547921,1.0,0.27818572998760555
0.12582417582417582,589015,0.16156464606164528,1.0,0.27818451019396967
0.12578671328671331,589017,0.16156409747087097,1.0,0.27818369700415535
0.12572944297082228,589028,0.16156108028820362,1.0,0.2781792245451569
0.12571428571428572,589045,0.16155641759118572,1.0,0.27817231284592864
0.12569444444444444,589048,0.16155559479023782,1.0,0.2781710931699532
0.12568681318681318,589050,0.16155504626092862,1.0,0.2781702800585782
0.12567432567432568,589051,0.16155477199767082,1.0,0.2781698735046732
0.12555555555555556,589052,0.16155449773534425,1.0,0.2781694669519567
0.12555555555555553,589317,0.1614818510241517,1.0,0.27806177235014556
0.12555043522785458,589322,0.16148048095947545,1.0,0.2780597411780518
0.12554347826086956,589336,0.16147664490205926,1.0,0.27805405405405403
0.12554112554112554,589337,0.16147637090493216,1.0,0.2780536478398133
0.1255409631019387,589338,0.16147609690873488,1.0,0.2780532416267593
0.12549019607843137,589340,0.16147554891912988,1.0,0.2780524292042121
0.12547892720306514,589342,0.16147500093324418,1.0,0.2780516167864124
0.12545454545454546,589344,0.16147445295107782,1.0,0.27805080437336016
0.1253968253968254,589367,0.16146815142347637,1.0,0.2780414619644691
0.1253846153846154,589374,0.16146623366487153,1.0,0.27803861874724267
0.12538461538461537,589376,0.1614656857422087,1.0,0.27803780641014403
0.1253030303030303,589377,0.16146541178227178,1.0,0.27803740024337475
0.12525252525252525,589379,0.1614648638651869,1.0,0.2780365879133962
0.12524801587301587,589386,0.16146294618467355,1.0,0.2780337447958513
0.1251984126984127,589387,0.161462672234033,1.0,0.2780333386409486
0.12512626262626264,589391,0.16146157644076684,1.0,0.2780317140332041
0.12506493506493507,589392,0.16146130249477428,1.0,0.27803130788423447
0.1250620347394541,589404,0.1614580152153701,1.0,0.27802643418915285
0.125,590495,0.16115970499326837,1.0,0.27758404688044647
0.12496392496392497,590500,0.16115834038950042,1.0,0.27758202268166327
0.12495059288537551,590501,0.16115806747151995,1.0,0.2775816178454493
0.12484934420418291,590503,0.16115752163833208,1.0,0.2775808081765639
0.12482954545454544,590508,0.1611561570715384,1.0,0.27757878402501485
0.12482517482517484,590514,0.16115451962188873,1.0,0.27757635508212314
0.12478927203065132,590520,0.1611528822055138,1.0,0.27757392618173976
0.12477477477477478,590522,0.1611523364074497,1.0,0.2775731165577247
0.12476190476190475,590524,0.16115179061308263,1.0,0.27757230693843266
0.12475961538461539,590535,0.16114878881014674,1.0,0.277567854116748
0.12474747474747476,590536,0.16114851592451604,1.0,0.2775674493218609
0.12474747474747475,590552,0.16114414988011216,1.0,0.2775609727642348
0.1247387669801463,590554,0.16114360414119624,1.0,0.2775601632157826
0.12471264367816091,590556,0.16114305840597673,1.0,0.2775593536720527
0.12471014492753622,590565,0.1611406026432315,1.0,0.2775557107837061
0.12469841269841268,590566,0.16114032978532458,1.0,0.2775553060242369
0.12469654528478058,590570,0.1611392383629375,1.0,0.27755368699816546
0.12463054187192119,590573,0.1611384198058496,1.0,0.27755247274100714
0.12459150326797386,590577,0.16113732840933528,1.0,0.2775508537479894
0.12457792207792209,590579,0.16113678271662216,1.0,0.27755004425856333
0.12454545454545454,590585,0.1611351456606585,1.0,0.27754761581861587
0.1245,590592,0.16113323580407454,1.0,0.2775447826923862
0.12447552447552448,590602,0.1611305075160599,1.0,0.2775407354695334
0.12447204968944099,590607,0.16112914340669854,1.0,0.27753871190236973
0.12444444444444445,590609,0.16112859776942107,1.0,0.27753790248376653
0.12444444444444444,590613,0.16112750650595228,1.0,0.2775362836607235
0.12444444444444443,590615,0.16112696087976092,1.0,0.2775354742562837
0.1243939393939394,590617,0.16112641525726487,1.0,0.277534664856565
0.12430555555555556,590621,0.16112532402335847,1.0,0.27753304607129053
0.12428571428571428,590633,0.1611220504103225,1.0,0.27752818982876853
0.12427807486631015,590639,0.16112041365368693,1.0,0.2775257617712375
0.1242445054945055,590641,0.1611198680755315,1.0,0.2775249524281684
0.12424242424242424,590670,0.16111195760746272,1.0,0.2775132174841143
0.12423687423687423,590674,0.16111086656937668,1.0,0.277511598949023
0.1242081447963801,590685,0.16110786629083182,1.0,0.27750714807486776
0.12416666666666666,590686,0.1611075935437779,1.0,0.2775067434570241
0.12415458937198066,590714,0.1610999570011884,1.0,0.27749541463642224
0.12403846153846154,590728,0.1610961390013678,1.0,0.2774897505729765
0.12402298850574713,590729,0.16109586629401976,1.0,0.27748934600586384
0.12400099900099902,590731,0.16109532088209355,1.0,0.2774885368751777
0.124,590746,0.1610912304103625,1.0,0.277482468545436
0.12398373983739837,590748,0.1610906850298266,1.0,0.2774816594548572
0.12398112398112399,590750,0.1610901396529835,1.0,0.27748085036899667
0.12396313364055299,590754,0.16108904891037557,1.0,0.27747923221143056
0.12395604395604395,590759,0.16108768550288696,1.0,0.2774772095410126
0.12392857142857143,590764,0.1610863221184771,1.0,0.2774751869000828
0.1238927738927739,590766,0.16108577677117505,1.0,0.2774743778519674
0.12387706855791962,590768,0.16108523142756548,1.0,0.27747356880856994
0.12381944444444443,590769,0.16108495875714535,1.0,0.2774731642886404
0.12381507381507381,590770,0.1610846860876483,1.0,0.2774727597698904
0.12380952380952381,590771,0.1610844134190744,1.0,0.27747235525231984
0.1237799834574028,590773,0.16108386808469582,1.0,0.27747154622071707
0.12376775271512114,590777,0.1610827774270156,1.0,0.2774699281716649
0.12375,590779,0.16108223210371392,1.0,0.27746911915421546
0.12371794871794872,590784,0.16108086881161304,1.0,0.27746709663123154
0.12368421052631579,590785,0.16108059615596199,1.0,0.27746669213017294
0.12368055555555556,590787,0.16108005084742893,1.0,0.2774658831315939
0.12367632367632367,590788,0.16107977819454694,1.0,0.2774654786340735
0.12366666666666666,590797,0.16107732436014402,1.0,0.2774618382094609
0.12366071428571428,590805,0.16107514323677016,1.0,0.27745860235666625
0.12361111111111112,590820,0.16107105378964828,1.0,0.27745253533610115
0.1236111111111111,590847,0.16106369330808146,1.0,0.2774416153676836
0.12360248447204969,590849,0.16106314811398512,1.0,0.27744080651532843
0.12357954545454546,590850,0.16106287551832107,1.0,0.27744040209091947
0.12353846153846154,590851,0.1610626029235797,1.0,0.27743999766768945
0.12353535353535353,590854,0.16106178514489197,1.0,0.27743878440507397
0.1235064935064935,590855,0.16106151255384146,1.0,0.2774383799865601
0.1234927234927235,590858,0.16106069478622614,1.0,0.277437166738093
0.1234848484848485,590862,0.16105960444232326,1.0,0.2774355490899762
0.12348178137651822,590863,0.1610593318586542,1.0,0.2774351446808945
0.12347670250896058,590865,0.1610587866940841,1.0,0.2774343358662681
0.12346153846153846,590867,0.16105824153320458,1.0,0.2774335270563575
0.12344155844155845,590869,0.16105769637601566,1.0,0.27743271825116284
0.12342857142857143,590872,0.161056878647152,1.0,0.27743150505221303
0.12337662337662338,590875,0.16105606092659192,1.0,0.27743029186387363
0.12337662337662336,590877,0.16105551578416488,1.0,0.277429483077542
0.12335907335907337,590878,0.1610552432143353,1.0,0.2774290786861446
0.12333333333333334,591016,0.16101763742436753,1.0,0.27737328397796496
0.12327935222672065,591018,0.1610170925420207,1.0,0.27737247552398636
0.12324561403508771,591019,0.16101682010223023,1.0,0.27737207129876434
0.12321428571428572,591026,0.16101491304951052,1.0,0.277369241755199
0.1232051282051282,591036,0.1610121887668433,1.0,0.2773651996502477
0.12320261437908496,591038,0.16101164392137224,1.0,0.2773643912433948
0.1231896551724138,591040,0.16101109907958852,1.0,0.2773635828412542
0.1231111111111111,591062,0.1610051060633233,1.0,0.2773546907287104
0.12310924369747898,591063,0.16100483366409335,1.0,0.2773542865553235
0.1231060606060606,591064,0.16100456126578508,1.0,0.27735388238311465
0.12307692307692308,591093,0.16099666211577535,1.0,0.27734216190144506
0.12307570478302186,591094,0.16099638974511668,1.0,0.2773417577645725
0.12305194805194805,591096,0.16099584500656408,1.0,0.2773409494943607
0.12301587301587301,591097,0.16099557263867012,1.0,0.27734054536102154
0.12295454545454546,591099,0.16099502790564693,1.0,0.27733973709787646
0.12294372294372294,591100,0.16099475554051768,1.0,0.27733933296807056
0.12286363636363637,591102,0.1609942108130238,1.0,0.27733852471199216
0.1228448275862069,591106,0.16099312136909455,1.0,0.2773369082139683
0.12284482758620689,591108,0.16099257665265906,1.0,0.27733609997202274
0.12282828282828283,591110,0.16099203193990966,1.0,0.27733529173478816
0.12280701754385964,591112,0.16099148723084628,1.0,0.2773344835022644
0.12278225806451612,591114,0.16099094252546886,1.0,0.27733367527445146
0.12277777777777778,591116,0.1609903978237774,1.0,0.2773328670513493
0.12277526395173455,591118,0.16098985312577185,1.0,0.2773320588329579
0.12273391812865497,591121,0.1609890360856745,1.0,0.27733084651420326
0.12272727272727274,591132,0.16098604034293526,1.0,0.27732640143611503
0.12272727272727273,591134,0.1609854956744156,1.0,0.277325593255408
0.1227016885553471,591135,0.1609852233415379,1.0,0.27732518916682086
0.1226984126984127,591136,0.16098495100958155,1.0,0.27732478507941133
0.12268817204301075,591138,0.16098440634843303,1.0,0.277323976908125
0.12264957264957266,591140,0.16098386169096998,1.0,0.27732316874154894
0.12264957264957264,591173,0.16097487537489025,1.0,0.27730983467305415
0.12261904761904763,591175,0.16097433078191736,1.0,0.2773090265889014
0.12261904761904761,591176,0.16097405848681273,1.0,0.2773086225485911
0.12253968253968255,591180,0.16097296931560606,1.0,0.2773070063991234
0.12250204750204752,591181,0.16097269702510736,1.0,0.27730660236469995
0.12250000000000001,591183,0.16097215244687346,1.0,0.277305794299385
0.1225,591200,0.16096752368064954,1.0,0.27729892593434385
0.12248803827751195,591206,0.16096589006200884,1.0,0.2772965018867375
0.12246376811594202,591208,0.16096534552983044,1.0,0.27729569388028646
0.12239382239382239,591210,0.16096480100133626,1.0,0.2772948858785444
0.12238095238095238,591216,0.16096316743795838,1.0,0.2772924619015706
0.12228867623604467,591217,0.16096289518061896,1.0,0.2772920579095284
0.12227272727272727,591218,0.16096262292420055,1.0,0.2772916539186634
0.12224958949096879,591220,0.1609620784141267,1.0,0.27729084594046477
0.12222222222222223,591235,0.16095799470599678,1.0,0.2772847862540593
0.12222222222222222,591288,0.16094356726333023,1.0,0.27726337748305785
0.1221978021978022,591289,0.16094329507229121,1.0,0.2772629735757583
0.12219780219780219,591294,0.16094193413090613,1.0,0.2772609540569124
0.12217741935483871,591296,0.1609413897607966,1.0,0.27726014625761153
0.12215311004784687,591297,0.16094111757712284,1.0,0.27725974235972617
0.12214285714285715,591299,0.16094057321253713,1.0,0.2772589345674858
0.12214285714285714,591301,0.16094002885163394,1.0,0.2772581267799523
0.12213438735177864,591302,0.16093975667256327,1.0,0.2772577228879508
0.1220979020979021,591305,0.16093894014087484,1.0,0.2772565112190063
0.12208333333333334,591306,0.16093866796548656,1.0,0.2772561073317115
0.12201149425287355,591314,0.16093649059552115,1.0,0.2772528762757146
0.122,591320,0.16093485760671042,1.0,0.277250453033137
0.12197802197802199,591323,0.16093404112473217,1.0,0.2772492414277328
0.12196969696969698,591324,0.16093376896591377,1.0,0.27724883756161794
0.12195224130708002,591325,0.16093349680801589,1.0,0.2772484336966798
0.12194444444444445,591326,0.16093322465103851,1.0,0.2772480298329182
0.12194357366771161,591329,0.16093240818562932,1.0,0.27724681824869296
0.12194055944055945,591333,0.16093131957797044,1.0,0.2772452028195316
0.12191919191919193,591335,0.16093077527966382,1.0,0.2772443951120104
0.121875,591339,0.16092968669409594,1.0,0.27724277971108646
0.12185483870967742,591342,0.16092887026458463,1.0,0.27724156817274725
0.12184065934065934,591343,0.16092859812325502,1.0,0.27724116432898716
0.12182539682539684,591344,0.16092832598284584,1.0,0.27724076048640367
0.12182539682539682,591370,0.16092125065525814,1.0,0.2772302609921723
0.1217948717948718,591371,0.16092097853969842,1.0,0.27722985718135273
0.12177156177156179,591372,0.160920706425059,1.0,0.27722945337170957
0.12171717171717171,591373,0.16092043431133987,1.0,0.27722904956324274
0.12171101256467112,591374,0.16092016219854102,1.0,0.27722864575595235
0.12167832167832168,591383,0.16091771322476298,1.0,0.2772250115432738
0.12166666666666667,591403,0.16091227132767336,1.0,0.2772169358562238
0.12166666666666666,591406,0.16091145507485552,1.0,0.27721572454374643
0.12164251207729469,591409,0.16091063883031878,1.0,0.27721451324185487
0.1215909090909091,591411,0.16091009467189485,1.0,0.2772137057131413
0.12150501672240802,591412,0.16090982259406303,1.0,0.27721330195054883
0.121455938697318,591434,0.16090383711453857,1.0,0.2772044194710733
0.12142857142857144,591435,0.16090356505786774,1.0,0.2772040157355312
0.12142857142857143,591559,0.16086983715909994,1.0,0.277153961641011
0.12142857142857141,591571,0.16086657391927597,1.0,0.27714911865566777
0.1213768115942029,591572,0.16086630198859986,1.0,0.27714871508119565
0.12136752136752138,591599,0.1608589602078435,1.0,0.2771378190147111
0.12136752136752137,591601,0.16085841639889048,1.0,0.27713701193275725
0.12136363636363635,591602,0.16085814449579278,1.0,0.27713660839354304
0.1213474025974026,591603,0.1608578725936143,1.0,0.27713620485550416
0.12134502923976608,591606,0.16085705689259405,1.0,0.27713499424843835
0.12134408602150537,591611,0.16085569740927738,1.0,0.2771329765934986
0.1213235294117647,591615,0.16085460983916905,1.0,0.27713136249069936
0.12132132132132133,591616,0.16085433794893986,1.0,0.2771309589679374
0.12125000000000001,591618,0.16085379417123888,1.0,0.27713015192593865
0.12123015873015874,591626,0.16085161909719992,1.0,0.2771269238049477
0.12111111111111111,591627,0.16085134721708103,1.0,0.27712652029511164
0.1211111111111111,591644,0.16084672539567713,1.0,0.2771196608076784
0.12109090909090908,591646,0.16084618166944423,1.0,0.27711885383148177
0.1210858585858586,591648,0.16084563794688733,1.0,0.2771180468599849
0.12107142857142858,591653,0.1608442786565774,1.0,0.27711602945180447
0.12104166666666666,591660,0.16084237568874016,1.0,0.2771132051296984
0.12103448275862069,591663,0.16084156014487977,1.0,0.2771119947235621
0.12102272727272727,591667,0.16084047276593083,1.0,0.2771103808651619
0.12094017094017094,591669,0.1608399290819698,1.0,0.2771095739430109
0.12090909090909091,591678,0.16083748254963004,1.0,0.27710594285148554
0.12083568605307736,591682,0.16083639522581386,1.0,0.2771043290635747
0.12083333333333333,591683,0.16083612339715692,1.0,0.2771039256195339
0.12083333333333332,591685,0.16083557974259952,1.0,0.27710311873497667
0.12078853046594981,591715,0.16082742536525185,1.0,0.2770910160304799
0.12077922077922079,591718,0.1608266099729939,1.0,0.2770898058181755
0.12077922077922078,591719,0.1608263381774119,1.0,0.27708940241642316
0.12076923076923077,591721,0.16082579458900395,1.0,0.2770885956164424
0.1207282913165266,591722,0.16082552279617793,1.0,0.2770881922182138
0.12071428571428572,591728,0.16082389205851338,1.0,0.2770857718535083
0.1206896551724138,591755,0.1608165541482539,1.0,0.2770748807355743
0.1206818181818182,591756,0.16081628238665938,1.0,0.2770744773772783
0.1206105006105006,591757,0.1608160106259833,1.0,0.2770740740201566
0.1206043956043956,591759,0.16081546710738662,1.0,0.2770732673094364
0.1205808080808081,591769,0.16081274956951108,1.0,0.2770692338262975
0.12056277056277057,591771,0.16081220607295726,1.0,0.27706842714376173
0.12053140096618357,591775,0.16081111909087067,1.0,0.27706681379278214
0.12051948051948053,591777,0.16081057560533782,1.0,0.2770660071243382
0.1204945054945055,591779,0.16081003212347852,1.0,0.27706520046059135
0.12049019607843137,591781,0.16080948864529276,1.0,0.27706439380154163
0.1204861111111111,591794,0.16080595612662515,1.0,0.27705915063220754
0.12046153846153845,591795,0.16080568440084828,1.0,0.27705874731970903
0.12042857142857141,591797,0.16080514095204942,1.0,0.27705794069823464
0.12040598290598292,591798,0.16080486922902748,1.0,0.27705753738925876
0.12037962037962038,591800,0.16080432578573842,1.0,0.27705673077482956
0.1203448275862069,591804,0.16080323891017972,1.0,0.277055117560061
0.1202922077922078,591807,0.1608024237631525,1.0,0.2770539076613132
0.12025210084033613,591809,0.1608018803363923,1.0,0.27705310106801867
0.12023809523809524,591810,0.16080160862438958,1.0,0.27705269777313263
0.12023809523809523,591813,0.16080079349389081,1.0,0.2770514878955191
0.12022058823529412,591815,0.1608002500781494,1.0,0.2770506813163139
0.1202020202020202,591832,0.16079563119263574,1.0,0.2770438255826817
0.1201923076923077,591835,0.1607948161227369,1.0,0.27704261578255573
0.1201863354037267,591837,0.16079427274739497,1.0,0.2770418092550083
0.12014705882352941,591839,0.1607937293757255,1.0,0.2770410027321569
0.12012406947890818,591841,0.16079318600772843,1.0,0.27704019621400133
0.12006993006993008,591843,0.16079264264340373,1.0,0.27703938970054165
0.12004419191919193,591845,0.1607920992827514,1.0,0.2770385831917777
0.12004048582995952,591847,0.16079155592577135,1.0,0.2770377766877095
0.12000000000000001,591864,0.16078693753970508,1.0,0.2770309215927153
0.12,592330,0.16066044265865312,1.0,0.27684314335834204
0.11998792270531401,592337,0.1606585440382755,1.0,0.2768403245958915
0.11994134897360703,592339,0.16065800158355267,1.0,0.27683951924573424
0.11993464052287581,592346,0.16065610302086955,1.0,0.2768367005570828
0.11987179487179488,592347,0.16065583180129214,1.0,0.276836297891961
0.11984126984126985,592349,0.16065528936488455,1.0,0.2768354925652315
0.11984126984126983,592350,0.16065501814805436,1.0,0.27683508990362377
0.11977477477477477,592353,0.16065420450305815,1.0,0.27683388192582875
0.11976190476190476,592355,0.16065366207763926,1.0,0.2768330766131554
0.11969696969696969,592399,0.1606417296450534,1.0,0.2768153609196539
0.11968253968253967,592404,0.1606403737989615,1.0,0.2768133479161334
0.11967741935483871,592407,0.16063956030229218,1.0,0.2768121401280741
0.11964285714285715,592408,0.16063928913856668,1.0,0.2768117375343964
0.11964285714285713,592442,0.16063007011656838,1.0,0.276798050046102
0.11957264957264957,592447,0.1606287144672857,1.0,0.27679603729434227
0.11955555555555555,592448,0.160628443340175,1.0,0.27679563474750296
0.11953667953667954,592450,0.16062790108869948,1.0,0.2767948296573368
0.11948051948051948,592457,0.16062600323736576,1.0,0.27679201187863667
0.11944444444444445,592467,0.16062329209896922,1.0,0.2767879865800117
0.11944444444444444,592479,0.16062003885369777,1.0,0.27678315637620104
0.11940711462450591,592480,0.1606197677558736,1.0,0.27678275386682644
0.119375,592485,0.16061841228047968,1.0,0.2767807413375138
0.11935483870967742,592511,0.16061136417720515,1.0,0.276770276656851
0.1193548387096774,592512,0.16061109310866278,1.0,0.2767698741849359
0.11935064935064935,592513,0.16061082204103538,1.0,0.2767694717141914
0.11933333333333332,592515,0.16061027990852553,1.0,0.27676866677621387
0.11933066933066934,592519,0.16060919565448534,1.0,0.276767056914305
0.11923976608187134,592521,0.16060865353295495,1.0,0.2767662519903735
0.11921921921921921,592523,0.1606081114150843,1.0,0.2767654470711239
0.11917582417582417,592525,0.1606075693008734,1.0,0.2767646421565563
0.11916666666666667,592527,0.16060702719032213,1.0,0.27676383724667036
0.11915584415584417,592528,0.16060675613641887,1.0,0.27676343479348314
0.11914285714285715,592533,0.16060540088062605,1.0,0.2767614225451034
0.11914285714285713,592534,0.16060512983221217,1.0,0.27676102009893877
0.11912087912087913,592536,0.160604587738129,1.0,0.2767602152101207
0.1190909090909091,592538,0.1606040456477053,1.0,0.2767594103259842
0.11909090909090908,592539,0.16060377460386574,1.0,0.2767590078856716
0.11904761904761905,592540,0.16060350356094102,1.0,0.2767586054465293
0.11904761904761904,592541,0.1606032325189312,1.0,0.27675820300855747
0.11903409090909091,592543,0.16060269043765601,1.0,0.2767573981361248
0.11903225806451614,592544,0.16060241939839068,1.0,0.2767569957016641
0.11900584795321636,592549,0.16060106421578638,1.0,0.27675498354691563
0.11894444444444445,592555,0.16059943802684984,1.0,0.27675256899983863
0.11892857142857144,592557,0.16059889597118926,1.0,0.2767517641601754
0.11890331890331891,592563,0.16059726982616193,1.0,0.27674934966927284
0.11888888888888889,592566,0.16059645676599738,1.0,0.2767481424396202
0.11886363636363638,592568,0.1605959147304613,1.0,0.276747337625703
0.11886363636363635,592571,0.1605951016840176,1.0,0.2767461304136041
0.1188235294117647,592573,0.16059455965762867,1.0,0.27674532561138926
0.11880636604774536,592578,0.16059320460766346,1.0,0.2767433136263308
0.1188034188034188,592583,0.16059184958056508,1.0,0.2767413016705271
0.1187878787878788,592584,0.1605915785778894,1.0,0.2767408992828769
0.11878638602776534,592586,0.1605910365752819,1.0,0.2767400945110869
0.11876876876876877,592587,0.16059076557535013,1.0,0.2767396921269471
0.11875000000000001,592600,0.16058724265946675,1.0,0.27673446123961126
0.11875,592604,0.16058615871644472,1.0,0.27673285177559875
0.11874236874236874,592605,0.16058588773297558,1.0,0.2767324494125208
0.11871621621621622,592606,0.16058561675042102,1.0,0.2767320470506129
0.11868131868131868,592609,0.16058480380824455,1.0,0.27673083997190934
0.11863247863247864,592611,0.16058426185136623,1.0,0.27673003525862383
0.11862745098039215,592613,0.16058371989814602,1.0,0.2767292305500184
0.11861111111111111,592618,0.1605823650310993,1.0,0.2767272187989799
0.11857142857142858,592623,0.16058101018691479,1.0,0.27672520707719106
0.11850649350649352,592626,0.1605801972913777,1.0,0.27672400005815734
0.1185064935064935,592628,0.1605796553655919,1.0,0.2767231953846512
0.11848290598290599,592631,0.16057884248377152,1.0,0.2767219883831665
0.11846153846153848,592633,0.16057830056713007,1.0,0.2767211837213597
0.11844444444444444,592636,0.16057748769902605,1.0,0.27671997673742366
0.11840659340659342,592638,0.16057694579152873,1.0,0.27671917208731583
0.11836363636363635,592640,0.16057640388768898,1.0,0.27671836744188755
0.11833333333333333,592643,0.16057559103878727,1.0,0.27671716048251904
0.11828947368421053,592645,0.16057504914409132,1.0,0.2767163558487894
0.11825396825396825,592649,0.16057396536567176,1.0,0.2767147465953682
0.11821847507331379,592651,0.16057342348194806,1.0,0.2767139419756766
0.1181818181818182,592665,0.1605696303982857,1.0,0.2767083097688524
0.11818181818181818,592669,0.16056854669301077,1.0,0.27670670060901414
0.11813895781637716,592673,0.16056746300236388,1.0,0.2767050914678914
0.11813703537841469,592676,0.16056665024397815,1.0,0.2767038846243312
0.11812865497076022,592678,0.16056610840962546,1.0,0.27670308006780625
0.11810810810810811,592679,0.16056583749382045,1.0,0.27670267779129837
0.11805555555555557,592687,0.16056367020029122,1.0,0.2766994596213424
0.11800614844093106,592689,0.1605631283860507,1.0,0.27669865509054986
0.118,592692,0.1605623156715461,1.0,0.27669744830313325
0.11794871794871795,592698,0.16056069026721873,1.0,0.27669503475987917
0.117921146953405,592700,0.16056014847308925,1.0,0.2766942302548178
0.1179020979020979,592701,0.16055987757739568,1.0,0.27669382800404146
0.11785714285714285,592709,0.1605577104447545,1.0,0.2766906100399347
0.11783653846153845,592710,0.1605574395572877,1.0,0.27669020779968423
0.1177922077922078,592712,0.1605568977850963,1.0,0.2766894033226919
0.11777777777777779,592714,0.1605563560165611,1.0,0.27668859885037755
0.11774891774891774,592715,0.16055608513366457,1.0,0.2766881966159746
0.1177142857142857,592717,0.16055554337061362,1.0,0.2766873921506772
0.1176923076923077,592718,0.1605552724904592,1.0,0.27668698991978274
0.11768231768231768,592720,0.16055473073289242,1.0,0.2766861854615022
0.11765873015873017,592730,0.16055202199989876,1.0,0.2766821632402666
0.11764705882352941,592765,0.16054254215414204,1.0,0.27666808638682194
0.11763347763347765,592766,0.16054227131785562,1.0,0.27666768421205645
0.11761904761904762,592767,0.160542000482483,1.0,0.27666728203846025
0.11761904761904761,592770,0.16054118798184794,1.0,0.27666607552468697
0.11758241758241758,592772,0.16054064631932682,1.0,0.2766652711880175
0.11755555555555555,592773,0.16054037548943695,1.0,0.27666486902143655
0.11752136752136753,592775,0.16053983383239848,1.0,0.2766640646917823
0.11750000000000002,592776,0.16053956300524988,1.0,0.2766636625287089
0.11749450549450549,592778,0.16053902135369397,1.0,0.27666285820606973
0.11748768472906404,592781,0.16053820888321318,1.0,0.27666165173087964
0.11747474747474747,592790,0.16053577152111204,1.0,0.2766580323684433
0.11746962714704651,592793,0.16053495908352494,1.0,0.27665682593534185
0.11746031746031746,592796,0.16053414665416096,1.0,0.27665561951276235
0.11746031746031745,592797,0.1605338758462003,1.0,0.2766552173742407
0.11742424242424243,592799,0.16053333423301996,1.0,0.27665441310070454
0.11742424242424242,592800,0.16053306342780027,1.0,0.27665401096569003
0.11737967914438503,592802,0.16053252182010183,1.0,0.27665320669916826
0.11736842105263157,592803,0.16053225101762306,1.0,0.27665280456766095
0.1173202614379085,592805,0.16053170941540643,1.0,0.27665200030815346
0.11730769230769231,592807,0.16053116781684426,1.0,0.276651196053322
0.11728927203065134,592811,0.1605300846306833,1.0,0.27664958755768737
0.11727272727272728,592813,0.16052954304308442,1.0,0.27664878331688414
0.11725274725274724,592815,0.16052900145913987,1.0,0.27664797908075683
0.1171672077922078,592817,0.16052845987884962,1.0,0.2766471748493054
0.11716073781291172,592819,0.16052791830221366,1.0,0.2766463706225299
0.1171455938697318,592821,0.16052737672923192,1.0,0.27664556640043025
0.11714285714285715,592831,0.16052466891913547,1.0,0.276641545360068
0.11714285714285713,592833,0.16052412736807836,1.0,0.2766407411660225
0.11707792207792207,592835,0.16052358582067522,1.0,0.27663993697665257
0.11704545454545454,592836,0.16052331504834388,1.0,0.27663953488372095
0.11703349282296652,592838,0.16052277350642166,1.0,0.27663873070136424
0.11703296703296703,592839,0.16052250273683075,1.0,0.2766383286119392
0.11699604743083004,592850,0.16051952433161845,1.0,0.27663390570540713
0.11698412698412698,592852,0.1605189828152726,1.0,0.27663310155577775
0.11696969696969697,592856,0.16051789979354178,1.0,0.2766314932705445
0.11694444444444445,592859,0.16051708753683422,1.0,0.2766302870688916
0.11692307692307694,592864,0.1605157337939224,1.0,0.2766282767561785
0.11691919191919192,592866,0.16051519230315114,1.0,0.27662747263927445
0.11682027649769584,592868,0.16051465081603325,1.0,0.27662666852704526
0.11681818181818182,592869,0.1605143800738443,1.0,0.27662626647268374
0.1167857142857143,592871,0.1605138385922064,1.0,0.2766254623674667
0.11676923076923078,592872,0.16051356785275742,1.0,0.2766250603166113
0.11676190476190475,592875,0.16051275563989037,1.0,0.27662385417105717
0.11674876847290641,592877,0.16051221416921216,1.0,0.27662305007986443
0.11670846394984324,592880,0.16051140197004451,1.0,0.2766218439518403
0.11666666666666667,592963,0.1604889343854507,1.0,0.2765884785802621
0.11662337662337663,592966,0.16048812242185892,1.0,0.2765872727536948
0.11662186379928316,592976,0.16048541593588947,1.0,0.27658325340773676
0.11660561660561661,592977,0.1604851452923132,1.0,0.27658285147956596
0.11651785714285715,592979,0.1604846040078991,1.0,0.2765820476267287
0.11651785714285713,592981,0.16048406272713628,1.0,0.27658124377856413
0.11651069518716578,592983,0.1604835214500247,1.0,0.27658043993507203
0.11644444444444443,592984,0.16048325081283812,1.0,0.27658003801507813
0.11642857142857142,592985,0.16048298017656434,1.0,0.2765796360962524
0.11637681159420289,592988,0.1604821682732197,1.0,0.27657843034678387
0.11636363636363635,592993,0.16048081511923412,1.0,0.2765764207876982
0.11634615384615385,592995,0.16048027386402922,1.0,0.2765756169722404
0.11631944444444445,593001,0.1604786501203202,1.0,0.2765732055539006
0.11626984126984127,593003,0.160478108879719,1.0,0.27657240175713166
0.11626373626373626,593004,0.16047783826078746,1.0,0.2765719998604992
0.11624521072796935,593010,0.16047621456636482,1.0,0.2765695885052327
0.11623376623376623,593015,0.16047486151277793,1.0,0.27656757907463025
0.11621621621621622,593019,0.1604737790863362,1.0,0.27656597155117174
0.11621621621621621,593020,0.16047350848200737,1.0,0.276565569673227
0.11616161616161615,593025,0.16047215547405252,1.0,0.27656356030102197
0.11615384615384615,593027,0.16047161427725887,1.0,0.27656275656031537
0.11613636363636365,593029,0.16047107308411562,1.0,0.2765619528242804
0.11608695652173914,593031,0.1604705318946227,1.0,0.27656114909291696
0.1160591133004926,593033,0.16046999070878012,1.0,0.2765603453662251
0.11604105571847506,593035,0.16046944952658782,1.0,0.27655954164420465
0.11603535353535355,593037,0.16046890834804572,1.0,0.27655873792685565
0.11597222222222223,593039,0.16046836717315388,1.0,0.27655793421417807
0.11596638655462185,593040,0.16046809658707675,1.0,0.276557532359591
0.11596638655462184,593041,0.16046782600191217,1.0,0.27655713050617187
0.1159090909090909,593049,0.16046566135344634,1.0,0.2765539157208597
0.11587301587301588,593239,0.160414268111166,1.0,0.27647758652998317
0.11587301587301586,593245,0.1604126457028715,1.0,0.27647517682075623
0.1158393330807124,593248,0.1604118345110308,1.0,0.27647397198189455
0.11583333333333333,593255,0.1604099417619742,1.0,0.2764711607320542
0.11578947368421053,593277,0.16040399341285774,1.0,0.27646232574759494
0.11576797385620916,593282,0.16040264157685552,1.0,0.2764603178753308
0.11576576576576576,593284,0.16040210084883463,1.0,0.27645951473459146
0.11573863636363635,593285,0.1604018304861913,1.0,0.2764591131659716
0.1157142857142857,593291,0.1604002083294707,1.0,0.276456703778751
0.1157051282051282,593292,0.16039993797320712,1.0,0.2764563022182972
0.11555555555555556,593296,0.16039885655726652,1.0,0.2764546959881475
0.11555555555555555,593302,0.16039723446069623,1.0,0.2764522866779187
0.11554347826086957,593306,0.16039615308120936,1.0,0.27645068049442967
0.11553571428571427,593308,0.1603956123969338,1.0,0.2764498774096841
0.11551587301587302,593310,0.16039507171630346,1.0,0.27644907432960436
0.11549450549450549,593313,0.1603942607021926,1.0,0.2764478697182331
0.11547619047619047,593323,0.1603915573810555,1.0,0.2764438544228141
0.11545454545454546,593325,0.16039101672776304,1.0,0.2764430513777272
0.11545454545454545,593441,0.16035966507201221,1.0,0.27639648274409856
0.11539589442815248,593443,0.16035912463370533,1.0,0.2763956799742088
0.11539170506912441,593445,0.1603585841990412,1.0,0.2763948772089822
0.11538461538461539,593992,0.16021091193147383,1.0,0.2761754958238773
0.115359477124183,593993,0.16021064221295536,1.0,0.27617509507993093
0.11533333333333333,593998,0.1602092936339853,1.0,0.2761730913776442
0.11527777777777778,594000,0.16020875420875422,1.0,0.27617228990487025
0.11523341523341524,594002,0.1602082147871556,1.0,0.2761714884367482
0.11523297491039426,594004,0.16020767536918942,1.0,0.2761706869732779
0.11518716577540106,594006,0.16020713595485567,1.0,0.2761698855144594
0.11517857142857142,594007,0.16020686624905095,1.0,0.2761694847867946
0.1151719248493442,594008,0.16020659654415428,1.0,0.2761690840602926
0.11512820512820514,594009,0.16020632684016572,1.0,0.27616868333495365
0.1150892857142857,594011,0.16020578743491282,1.0,0.27616788188776437
0.11505494505494504,594013,0.1602052480332922,1.0,0.2761670804452267
0.11505255255255256,594017,0.16020416924094766,1.0,0.2761654775741061
0.115,594058,0.16019311245703283,1.0,0.27614904921781375
0.11499999999999999,594060,0.16019257314076019,1.0,0.2761482478845775
0.11497584541062802,594061,0.16019230348398564,1.0,0.27614784721970326
0.11493506493506492,594062,0.16019203382811895,1.0,0.2761474465559918
0.11493055555555555,594064,0.16019149451910905,1.0,0.27614664523205673
0.11491228070175438,594065,0.16019122486596585,1.0,0.2761462445718332
0.11491039426523297,594067,0.1601906855624029,1.0,0.27614544325487395
0.1149090909090909,594072,0.16018933731938217,1.0,0.2761434399828216
0.11489898989898989,594073,0.1601890676735014,1.0,0.27614303933189893
0.11487179487179487,594074,0.16018879802852842,1.0,0.27614263868213884
0.11486950549450549,594075,0.16018852838446324,1.0,0.2761422380335413
0.11483918128654971,594077,0.16018798909905618,1.0,0.27614143673983416
0.11469780219780219,594079,0.1601874498172802,1.0,0.27614063545077716
0.11469696969696969,594087,0.16018529272648618,1.0,0.27613743034105137
0.11468531468531469,594089,0.16018475346286498,1.0,0.27613662907524517
0.11463414634146342,594091,0.16018421420287465,1.0,0.27613582781408913
0.1146031746031746,594093,0.16018367494651511,1.0,0.27613502655758304
0.1145974025974026,594094,0.16018340531969688,1.0,0.2761346259310737
0.11458541458541459,594097,0.16018259644468832,1.0,0.27613342405852065
0.11453781512605041,594100,0.16018178757784884,1.0,0.2761322221964298
0.1145,594102,0.16018124833782751,1.0,0.2761314209608482
0.11444444444444445,594107,0.160179900253658,1.0,0.2761294178922369
0.11444444444444443,594193,0.1601567167570133,1.0,0.2760949696601326
0.11443965517241379,594194,0.1601564472209413,1.0,0.27609456914984665
0.11443932411674346,594197,0.16015563861816873,1.0,0.2760933676259609
0.11439393939393941,594264,0.16013758195010971,1.0,0.27606653631706285
0.11436781609195404,594266,0.1601370430076767,1.0,0.2760657354626285
0.11436781609195401,594276,0.16013434834992496,1.0,0.2760617312601532
0.11436090225563908,594277,0.16013407888913755,1.0,0.2760613308462943
0.11430555555555556,594278,0.160133809429257,1.0,0.27606093043359703
0.1142857142857143,594300,0.1601278815413091,1.0,0.2760521216481209
0.11428571428571428,594427,0.16009367003854133,1.0,0.2760012819192826
0.11422413793103448,594428,0.1600934007146366,1.0,0.276000881680762
0.11414141414141415,594434,0.16009178479023745,1.0,0.27599848027401475
0.11413690476190474,594436,0.16009124615602016,1.0,0.27599767981438517
0.11411764705882352,594438,0.16009070752542737,1.0,0.2759968793593986
0.1141025641025641,594444,0.16008909165539564,1.0,0.27599447802229676
0.11402597402597403,594448,0.1600880144268296,1.0,0.27599287715410986
0.11398601398601399,594456,0.16008586001318853,1.0,0.27598967547344916
0.11395348837209303,594458,0.16008532141883866,1.0,0.2759888750648906
0.1138888888888889,594462,0.1600842442410112,1.0,0.2759872742617012
0.11388888888888889,594465,0.16008343636715366,1.0,0.2759860736714958
0.11388888888888887,594468,0.16008262850145002,1.0,0.27598487309173586
0.11386363636363638,594469,0.16008235921469413,1.0,0.2759844729008038
0.1138095238095238,594470,0.16008208992884418,1.0,0.2759840727110322
0.11379928315412186,594473,0.16008128207673014,1.0,0.2759828721486811
0.11375,594477,0.16008020495326145,1.0,0.27598127141512757
0.11373737373737375,594479,0.16007966639696272,1.0,0.2759804710553141
0.11370851370851372,594480,0.16007939712017225,1.0,0.2759800708771482
0.11367816091954022,594487,0.16007751220800454,1.0,0.27597726966248143
0.11363636363636365,594525,0.16006728060216138,1.0,0.2759620640607578
0.11363636363636363,594528,0.1600664728995102,1.0,0.27596086368987893
0.11361111111111112,594529,0.16006620366710456,1.0,0.2759604635685733
0.11354166666666667,594531,0.16006566520501034,1.0,0.2759596633294427
0.1134090909090909,594533,0.1600651267465389,1.0,0.27595886309495327
0.11333333333333333,594552,0.16006001157173805,1.0,0.27595126109877105
0.11330891330891331,594554,0.16005947315130334,1.0,0.27595046091301084
0.1132867132867133,594590,0.16004978220286248,1.0,0.27593605836283663
0.1132456140350877,594591,0.16004951302660148,1.0,0.2759356583134591
0.11321428571428573,594599,0.16004735964910805,1.0,0.2759324579601979
0.11321428571428571,594602,0.1600465521474869,1.0,0.275931257846864
0.11320261437908496,594609,0.16004466800872505,1.0,0.2759284576230151
0.11319444444444444,594610,0.16004439884966618,1.0,0.27592805759567623
0.11313131313131314,594615,0.16004305306795152,1.0,0.2759260574763801
0.11310483870967741,594617,0.16004251476160283,1.0,0.27592525743678065
0.1130952380952381,594621,0.16004143815976898,1.0,0.27592365737149976
0.11309523809523808,594625,0.1600403615724196,1.0,0.27592205732477615
0.11304347826086956,594672,0.1600277127559394,1.0,0.27590325816570893
0.11304347826086955,594674,0.16002717455278018,1.0,0.2759024582583157
0.11301075268817204,594675,0.16002690545255813,1.0,0.27590205830635844
0.11298701298701298,594677,0.1600263672548291,1.0,0.27590125840592256
0.1128825475599669,594679,0.16002582906072016,1.0,0.2759004585101248
0.11285714285714285,594681,0.16002529087023126,1.0,0.2758996586189651
0.11285266457680251,594683,0.1600247526833624,1.0,0.2758988587324435
0.1128448275862069,594687,0.16002367632048456,1.0,0.2758972589733145
0.11282051282051282,594691,0.16002259997208634,1.0,0.2758956592327373
0.11270833333333333,594695,0.16002152363816746,1.0,0.2758940595107116
0.1126984126984127,594699,0.16002044731872764,1.0,0.2758924598072371
0.11269841269841269,594716,0.16001587312263332,1.0,0.27588566127442454
0.1126470588235294,594717,0.16001560406041865,1.0,0.27588526137116404
0.11260162601626016,594719,0.16001506593870382,1.0,0.27588446156812096
0.11250000000000002,594726,0.16001318254120384,1.0,0.27588166229398886
0.1125,594968,0.1599480980489707,1.0,0.2757849223047185
0.11249999999999999,594970,0.1599475603811957,1.0,0.27578412308334327
0.1124505928853755,594972,0.15994702271703543,1.0,0.2757833238666002
0.1124274099883856,594973,0.1599467538863108,1.0,0.27578292425996576
0.11241174284652546,594974,0.15994648505648987,1.0,0.27578252465448944
0.11238095238095237,594976,0.15994594739955897,1.0,0.27578172544701074
0.11236559139784946,594986,0.1599432591691233,1.0,0.2757777294790988
0.11235632183908047,594987,0.1599429903510497,1.0,0.27577732988867654
0.11233766233766233,594994,0.15994110864983513,1.0,0.2757745327881441
0.1123076923076923,595000,0.15993949579831931,1.0,0.27577213531856193
0.11222222222222222,595002,0.15993895818837583,1.0,0.2757713361712979
0.11221719457013575,595004,0.15993842058204652,1.0,0.2757705370286655
0.11221198156682027,595006,0.15993788297933131,1.0,0.27576973789066467
0.11219780219780219,595007,0.15993761417932897,1.0,0.275769338323401
0.11217741935483871,595009,0.1599370765820349,1.0,0.27576853919234745
0.11209150326797385,595011,0.15993653898835483,1.0,0.2757677400659253
0.11207792207792208,595012,0.15993627019287007,1.0,0.27576734050445106
0.112,595078,0.15991853168828288,1.0,0.27574097200691927
0.11199999999999999,595079,0.15991826295332218,1.0,0.27574057252301004
0.1119724025974026,595080,0.15991799421926464,1.0,0.2757401730402583
0.11196581196581197,595082,0.15991745675385913,1.0,0.2757393740782272
0.1119047619047619,595120,0.15990724559752656,1.0,0.27572419467929143
0.11188034188034188,595122,0.15990670820436817,1.0,0.2757233958098527
0.111875,595123,0.1599064395091435,1.0,0.27572299637686937
0.11182539682539683,595125,0.15990590212140307,1.0,0.27572219751437443
0.11177177177177178,595129,0.15990482735675796,1.0,0.27572059980327196
0.11173160173160174,595131,0.15990428997985318,1.0,0.27571980095466436
0.11166666666666666,595298,0.15985943174678902,1.0,0.2756531134226069
0.1115987460815047,595300,0.15985889467495382,1.0,0.2756523149650091
0.11153846153846154,595368,0.15984063637951654,1.0,0.2756251701586603
0.11148448043184886,595369,0.15984036790629005,1.0,0.27562477101021965
0.11145833333333333,595380,0.15983741476032115,1.0,0.2756203804536713
0.11143695014662758,595382,0.15983687783641426,1.0,0.2756195821856907
0.11142857142857143,595470,0.1598132567551682,1.0,0.27558446297170425
0.1114209320091673,595471,0.15981298837390906,1.0,0.27558406394115564
0.1113970588235294,595475,0.15981191485788657,1.0,0.27558246783051643
0.11138888888888887,595478,0.1598111097303343,1.0,0.27558127075967
0.11137931034482758,595482,0.15981003623955048,1.0,0.2755796746813852
0.11136363636363637,595493,0.15980708421425607,1.0,0.2755752855614292
0.11136363636363636,595495,0.15980654749410156,1.0,0.27557448755463987
0.11134502923976608,595497,0.1598060107775522,1.0,0.27557368955247213
0.11127403062886934,595499,0.159805474064608,1.0,0.2755728915549262
0.11124031007751937,595501,0.15980493735526893,1.0,0.27557209356200185
0.11120879120879121,595503,0.15980440064953494,1.0,0.2755712955736991
0.11116883116883118,595504,0.15980413229801982,1.0,0.2755708965812807
0.11111111111111112,595548,0.1597923257235353,1.0,0.27555334205862936
0.1111111111111111,596225,0.15961088515241728,1.0,0.27528352345785073
0.11107142857142856,596227,0.15961034974934044,1.0,0.2752827271399252
0.11102150537634409,596230,0.15960954665146002,1.0,0.27528153267167493
0.11099999999999999,596231,0.15960927895396249,1.0,0.275281134517895
0.11094017094017095,596233,0.1596087435616613,1.0,0.27528033821379033
0.11093073593073594,596234,0.15960847586685764,1.0,0.2752799400634656
0.11091628959276018,596238,0.1596074050966225,1.0,0.2752783474736839
0.11090909090909092,596252,0.15960365751393707,1.0,0.27527277355456053
0.1109090909090909,596255,0.15960285448340056,1.0,0.2752715791726869
0.11089285714285714,596259,0.15960178378858852,1.0,0.27526998667964475
0.11086363636363637,596262,0.1596009807769068,1.0,0.2752687923219549
0.11083333333333334,596264,0.15960044544027477,1.0,0.27526799608925295
0.11083333333333333,596265,0.15960017777330548,1.0,0.2752675979746293
0.11078947368421052,596267,0.15959964244206035,1.0,0.27526680174883683
0.11076923076923076,596269,0.15959910711440642,1.0,0.2752660055276505
0.11071428571428572,596316,0.15958652794826905,1.0,0.27524729565569506
0.11071428571428571,596317,0.15958626032797993,1.0,0.2752468976009464
0.1106896551724138,596319,0.1595857250900944,1.0,0.275246101494903
0.11068376068376068,596320,0.159585457472498,1.0,0.27524570344360827
0.11066919191919193,596322,0.15958492223999785,1.0,0.2752449073444726
0.11066066066066066,596324,0.15958438701108793,1.0,0.27524411124994214
0.11060810810810812,596325,0.15958411939797928,1.0,0.27524371320440383
0.1106060606060606,596342,0.15957957011245225,1.0,0.2752369466063924
0.11057142857142856,596343,0.15957930251549862,1.0,0.2752365485815762
0.11055900621118012,596344,0.15957903491944248,1.0,0.2752361505579112
0.11055555555555556,596350,0.15957742936195188,1.0,0.27523376244009523
0.11054054054054054,596352,0.15957689418330115,1.0,0.2752329664100325
0.1105,596356,0.15957582383676863,1.0,0.27523137436372047
0.11045454545454546,596360,0.15957475350459455,1.0,0.2752297823358264
0.11041666666666668,596361,0.15957448592379447,1.0,0.2752293843317306
0.11041666666666666,596363,0.15957395076488648,1.0,0.27522858832699226
0.11040209790209791,596370,0.15957207773697538,1.0,0.275225802346667
0.11039473684210527,596371,0.15957181016514888,1.0,0.2752254043540819
0.11036363636363636,596374,0.15957100745505337,1.0,0.27522421038323275
0.11034798534798534,596376,0.1595704723194763,1.0,0.27522341440842174
0.1103448275862069,596414,0.15956030542542596,1.0,0.27520829176173905
0.11031746031746031,596419,0.15955896777265646,1.0,0.2752063020635267
0.1103174603174603,596421,0.15955843271782852,1.0,0.2752055061922974
0.11026392961876832,596424,0.15955763014231486,1.0,0.2752043123940843
0.11025641025641025,596431,0.15955575749751438,1.0,0.2752015269051974
0.11022727272727273,596433,0.15955522246421644,1.0,0.27520073106158643
0.11014423076923076,596435,0.15955468743450668,1.0,0.2751999352225784
0.11013824884792625,596436,0.1595544199209974,1.0,0.27519953730480046
0.11009740259740261,596437,0.15955415240838514,1.0,0.27519913938817325
0.11000000000000001,596440,0.15955334987593053,1.0,0.27519794564519584
0.11,596563,0.15952045299490583,1.0,0.275149011098309
0.10999999999999999,596566,0.15951965080142014,1.0,0.2751478177901783
0.10997474747474749,596570,0.1595185812226562,1.0,0.2751462267287715
0.10996621621621622,596571,0.1595183138302063,1.0,0.27514582896629486
0.10989010989010989,596572,0.15951804643865283,1.0,0.27514543120496837
0.10984848484848486,596575,0.159517244269371,1.0,0.275144237927889
0.10984126984126985,596577,0.15951670949433183,1.0,0.2751434424155862
0.10982905982905983,596579,0.15951617472287827,1.0,0.27514264690788337
0.10982142857142857,596581,0.1595156399550103,1.0,0.27514185140478065
0.1098191214470284,596583,0.15951510519072787,1.0,0.27514105590627785
0.10980392156862745,596589,0.15951350091939343,1.0,0.2751386694383689
0.10979166666666666,596591,0.15951296616945276,1.0,0.27513787395826556
0.10974025974025975,596593,0.15951243142309748,1.0,0.275137078482762
0.10967741935483871,596627,0.15950334128358254,1.0,0.27512355610292705
0.1096774193548387,596628,0.15950307394222196,1.0,0.2751231584059948
0.10965909090909091,596636,0.15950093524359912,1.0,0.2751199768719283
0.10957854406130269,596637,0.15950066791030393,1.0,0.2751195791853438
0.1095779220779221,596640,0.15949986591579512,1.0,0.2751183861324884
0.10952380952380952,596642,0.15949933125726987,1.0,0.27511759076966663
0.10950904392764858,596646,0.1594982619509726,1.0,0.27511600005781933
0.10945454545454547,596650,0.15949719265901283,1.0,0.27511440936436676
0.10944444444444446,596651,0.15949692533826307,1.0,0.2751140116938777
0.10944444444444444,596652,0.1594966580184094,1.0,0.2751136140245383
0.10944055944055944,596653,0.15949639069945176,1.0,0.27511321635634856
0.10942028985507246,596660,0.1594945194918379,1.0,0.2751104327112098
0.109375,596681,0.15948890613242253,1.0,0.2751020821137683
0.10931372549019608,596683,0.15948837154737106,1.0,0.27510128684521284
0.10925382860866731,596684,0.1594881042561892,1.0,0.27510088921265946
0.1091919191919192,596686,0.15948756967651329,1.0,0.275100093951001
0.10915435139573071,596688,0.159487035100421,1.0,0.27509929869394034
0.10913875598086126,596690,0.15948650052791233,1.0,0.27509850344147757
0.10913043478260868,596692,0.1594859659589872,1.0,0.27509770819361257
0.1090909090909091,596716,0.1594795514113917,1.0,0.2750881655778459
0.10909090909090909,596747,0.15947126671772124,1.0,0.27507584067893126
0.10906593406593407,596749,0.15947073225091285,1.0,0.27507504556208656
0.10905870445344129,596752,0.15946993055741748,1.0,0.2750738528954382
0.10904761904761905,596760,0.1594677927475032,1.0,0.2750706725016042
0.10903225806451614,596762,0.15946725830398048,1.0,0.27506987741463684
0.10892857142857143,596766,0.15946618942768187,1.0,0.27506828725449106
0.1088888888888889,596769,0.15946538777986122,1.0,0.27506709464644696
0.10887681159420289,596770,0.15946512056571208,1.0,0.2750666971127304
0.10886363636363637,596776,0.1594635172996233,1.0,0.27506431193456077
0.10882352941176471,596787,0.1594605780621897,1.0,0.2750599392153491
0.1088235294117647,596788,0.15946031086415946,1.0,0.2750595417023146
0.10875000000000001,596790,0.15945977647078538,1.0,0.2750587466796926
0.10873015873015873,596792,0.15945924208099305,1.0,0.27505795166166636
0.10872727272727273,596794,0.15945870769478246,1.0,0.2750571566482359
0.10871848739495799,596798,0.15945763893310635,1.0,0.27505556663516206
0.10864787386526516,596801,0.15945683737125105,1.0,0.27505437413742023
0.10863636363636364,596803,0.15945630300115785,1.0,0.2750535791446702
0.10859903381642512,596804,0.1594560358174543,1.0,0.27505318165001846
0.10858585858585859,596813,0.1594536312044141,1.0,0.2750496042498522
0.10857142857142858,596814,0.15945336402966417,1.0,0.2750492067666891
0.10857142857142857,596824,0.15945069233140757,1.0,0.2750452319982427
0.10855614973262032,596826,0.1594501580024999,1.0,0.27504443705833903
0.10854700854700855,596829,0.15944935651585296,1.0,0.2750432446570991
0.10854105571847508,596831,0.159448822195898,1.0,0.275042449728683
0.10853146853146854,596833,0.1594482878795241,1.0,0.27504165480486187
0.10849802371541503,596834,0.15944802072268,1.0,0.2750412573446744
0.10846153846153847,596835,0.1594477535667312,1.0,0.2750408598856357
0.10846153846153846,596911,0.159427452333765,1.0,0.2750106563594986
0.10845410628019322,596913,0.15942691816060298,1.0,0.2750098616194441
0.10844155844155845,596918,0.15942558274335838,1.0,0.2750078747894036
0.10833333333333334,596955,0.15941570135102312,1.0,0.2749931731393012
0.10833333333333332,596979,0.15940929245417343,1.0,0.274983637774275
0.10824884792626727,596980,0.15940902542798754,1.0,0.27498324048174944
0.1082437275985663,596989,0.15940662223257046,1.0,0.2749796649006795
0.10823863636363637,596990,0.15940635521533025,1.0,0.2749792676196338
0.10821428571428571,596992,0.15940582118353344,1.0,0.2749784730609863
0.10818181818181818,596993,0.15940555416897687,1.0,0.2749780757833844
0.10812324929971989,596994,0.1594052871553148,1.0,0.2749776785069305
0.10810810810810811,596995,0.15940502014254726,1.0,0.2749772812316245
0.1081043956043956,596997,0.15940448611969574,1.0,0.27497648668445634
0.10808080808080808,597004,0.15940261706789235,1.0,0.274973705805527
0.10805555555555556,597005,0.1594023500640698,1.0,0.27497330854170005
0.10805194805194805,597010,0.15940101505837423,1.0,0.27497132223978366
0.10804597701149425,597012,0.1594004810623572,1.0,0.27497052772705205
0.10804347826086956,597014,0.15939994706991795,1.0,0.2749697332189119
0.10803571428571429,597017,0.15939914608796735,1.0,0.27496854146531036
0.10795454545454547,597018,0.15939887909577266,1.0,0.27496814421640553
0.10794642857142855,597020,0.15939834511406653,1.0,0.27496734972203923
0.10789473684210527,597028,0.159396209223018,1.0,0.2749641717904858
0.10788288288288289,597030,0.1593956752591997,1.0,0.27496337731907533
0.10783333333333332,597032,0.15939514129895885,1.0,0.2749625828522557
0.10782013685239492,597034,0.1593946073422954,1.0,0.2749617883900271
0.10781637717121588,597037,0.15939380641400785,1.0,0.27496059670529227
0.1077922077922078,597092,0.15937912415507158,1.0,0.2749387509822956
0.10779220779220779,597093,0.15937885722994574,1.0,0.27493835381946297
0.10772946859903382,597095,0.15937832338237634,1.0,0.27493755949724025
0.10770866560340245,597097,0.15937778953838322,1.0,0.27493676517960713
0.1076923076923077,597118,0.15937218439236467,1.0,0.2749284251215545
0.10766233766233765,597121,0.15937138368940298,1.0,0.2749272337259943
0.10765765765765765,597125,0.15937031609796945,1.0,0.2749256452146431
0.10764705882352943,597128,0.15936951541378064,1.0,0.274924453843176
0.1076388888888889,597130,0.15936898162879104,1.0,0.27492365960126763
0.10763888888888888,597132,0.15936844784737714,1.0,0.2749228653639484
0.10757575757575757,597138,0.15936684652458896,1.0,0.27492048267952424
0.10755555555555556,597139,0.1593665796405862,1.0,0.2749200855694689
0.10750000000000001,597141,0.1593660458752623,1.0,0.2749192913527997
0.10749999999999998,597146,0.1593647114775951,1.0,0.2749173058312028
0.107487922705314,597152,0.15936311022989122,1.0,0.2749149232431433
0.10743506493506494,597156,0.15936204274929833,1.0,0.2749133348740467
0.10742857142857143,597160,0.15936097528300622,1.0,0.2749117465233041
0.10740576496674059,597162,0.15936044155522286,1.0,0.2749109523548155
0.10739495798319326,597163,0.15936017469267186,1.0,0.27491055527229186
0.10738636363636364,597170,0.1593583066798399,1.0,0.27490777572674463
0.10734265734265735,597172,0.15935777296993162,1.0,0.2749069815811976
0.10733333333333334,597188,0.15935350341935872,1.0,0.274900628581993
0.10731707317073172,597189,0.15935323658004416,1.0,0.27490023152929216
0.10727272727272728,597191,0.159352702904096,1.0,0.27489943742733136
0.10722222222222222,597192,0.15935243606746238,1.0,0.2748990403780714
0.10720720720720721,597194,0.15935190239687605,1.0,0.2748982462829923
0.10714285714285715,597268,0.15933215909775847,1.0,0.2748688679899254
0.10714285714285714,597347,0.15931108719052745,1.0,0.2748375116063138
0.10712530712530713,597349,0.15931055379685913,1.0,0.27483671786666825
0.1070940170940171,597353,0.15930948702023762,1.0,0.27483513040113094
0.10707070707070707,597358,0.15930815356955125,1.0,0.27483314609499765
0.10705329153605016,597359,0.1593078868820927,1.0,0.27483274923720946
0.10701754385964912,597362,0.15930708682507425,1.0,0.2748315586707214
0.10694444444444445,597530,0.15926229645373455,1.0,0.27476490340612164
0.10694444444444444,597536,0.15926069726342848,1.0,0.2747625234589288
0.10692307692307693,597541,0.1592593646293727,1.0,0.2747605402010957
0.10691919191919193,597543,0.15925883158199494,1.0,0.27475974690597904
0.10688311688311689,597544,0.15925856505964414,1.0,0.2747593502601385
0.10679347826086956,597547,0.1592577654979441,1.0,0.2747581603294881
0.10672268907563025,597549,0.15925723246127096,1.0,0.27475736704811377
0.10669856459330143,597556,0.15925536686101385,1.0,0.27475459059937635
0.10669330669330669,597557,0.15925510035025947,1.0,0.27475419396842304
0.10666666666666666,597558,0.15925483384039707,1.0,0.27475379733861494
0.10664335664335664,597559,0.15925456733142668,1.0,0.27475340070995186
0.10664251207729468,597560,0.1592543008233483,1.0,0.274753004082434
0.10656565656565657,597562,0.15925376780986744,1.0,0.2747522108308336
0.10655594405594407,597563,0.15925350130446497,1.0,0.27475181420675104
0.10654761904761904,597564,0.15925323479995449,1.0,0.27475141758381355
0.10653594771241831,597566,0.1592527017936094,1.0,0.274750624341374
0.10653594771241828,597569,0.15925190229078148,1.0,0.2747494344863028
0.10644444444444445,597572,0.15925110279598106,1.0,0.2747482446415373
0.10644444444444444,597576,0.1592500368154009,1.0,0.2747466581978809
0.1064102564102564,597607,0.15924177594974623,1.0,0.27473436388070516
0.10640394088669951,597609,0.15924124302010179,1.0,0.2747335707367349
0.10636363636363637,597613,0.159240177171514,1.0,0.2747319844625327
0.10636363636363635,597703,0.15921619934984432,1.0,0.2746962981351399
0.10631270903010033,597707,0.1592151338364784,1.0,0.27469471229132114
0.10626984126984128,597714,0.15921326922240403,1.0,0.2746919371086974
0.10625,597720,0.15921167101652947,1.0,0.27468955842536413
0.10622222222222222,597721,0.1592114046520032,1.0,0.2746891619821471
0.10620490620490622,597722,0.15921113828836816,1.0,0.27468876554007443
0.10617816091954022,597723,0.15921087192562441,1.0,0.274688369099146
0.10614420062695926,597728,0.15920954012527438,1.0,0.2746863869116688
0.10610599078341013,597729,0.15920927376787808,1.0,0.2746859904776062
0.10608695652173915,597731,0.1592087410557592,1.0,0.27468519761291393
0.10607142857142857,597737,0.1592071429407917,1.0,0.27468281904629954
0.10606060606060608,597739,0.15920661024293212,1.0,0.27468202619991544
0.10604395604395604,597740,0.1592063438953391,1.0,0.27468162977843974
0.10603174603174603,597741,0.15920607754863728,1.0,0.27468123335810823
0.10603174603174602,597743,0.15920554485790717,1.0,0.274680440520878
0.10600000000000001,597745,0.1592050121707417,1.0,0.27467964768822456
0.10599999999999998,597747,0.1592044794871409,1.0,0.274678854860148
0.10598290598290598,597756,0.15920208245504855,1.0,0.27467528719044043
0.10595533498759305,597761,0.15920075080174184,1.0,0.2746733051917596
0.10595238095238096,597762,0.15920048447375376,1.0,0.27467290879545575
0.10594922319060249,597763,0.15920021814665677,1.0,0.2746725124002961
0.10590909090909091,597778,0.15919622334712888,1.0,0.2746665666101925
0.10590038314176245,597780,0.15919569072233933,1.0,0.27466577385762775
0.10585858585858586,597783,0.15919489179183752,1.0,0.2746645847373609
0.10584415584415584,597786,0.1591940928693546,1.0,0.2746633956273901
0.10583333333333333,597792,0.15919249504844493,1.0,0.2746610174383366
0.10579937304075235,597796,0.1591914298523242,1.0,0.2746594320018471
0.10578947368421053,597798,0.15919089725960944,1.0,0.27465863929046613
0.10576923076923077,597799,0.15919063096458844,1.0,0.27465824293649155
0.10575,597804,0.15918929950284708,1.0,0.2746562611837776
0.10571847507331378,597806,0.15918876692438685,1.0,0.2746554684906995
0.10571428571428573,597807,0.15918850063649304,1.0,0.2746550721458762
0.1057142857142857,597852,0.15917651860326637,1.0,0.2746372378126912
0.10560439560439559,597854,0.15917598611032124,1.0,0.2746364452294168
0.10555555555555557,597856,0.15917545362093882,1.0,0.27463565265071715
0.10555555555555556,597937,0.15915389079451514,1.0,0.27460355705734085
0.10555555555555554,597951,0.15915016447836028,1.0,0.2745980104311695
0.10551075268817203,597953,0.1591496321617251,1.0,0.2745972180742934
0.1054945054945055,597980,0.15914244623566007,1.0,0.27458652170400377
0.10545454545454547,597984,0.1591413817092096,1.0,0.27458493712742443
0.1053846153846154,597985,0.15914111557982225,1.0,0.2745845409861372
0.10535714285714284,597990,0.15913978494623657,1.0,0.274582560296846
0.10530303030303031,597994,0.15913872045538918,1.0,0.274580975765987
0.1053030303030303,597995,0.15913845433490248,1.0,0.27458057963612964
0.10528846153846154,598000,0.1591371237458194,1.0,0.2745785990039875
0.10526923076923077,598001,0.15913685763067287,1.0,0.27457820288098794
0.10523297491039427,598005,0.1591357931789868,1.0,0.27457661840041897
0.1051948051948052,598014,0.15913339821475753,1.0,0.27457305338599897
0.10518925518925519,598015,0.15913313211207078,1.0,0.2745726572790001
0.10515873015873016,598026,0.1591302050412524,1.0,0.27456830017744055
0.10512820512820513,598047,0.15912461729596503,1.0,0.2745599824584434
0.1051051051051051,598049,0.15912408515021345,1.0,0.2745591903210125
0.10506912442396313,598051,0.15912355300802106,1.0,0.2745583981881523
0.10500000000000001,598056,0.15912222266811135,1.0,0.274556417875999
0.10495614035087719,598057,0.15912195660279874,1.0,0.2745560218169963
0.10493055555555555,598064,0.15912009417052356,1.0,0.27455324943597204
0.10492424242424242,598065,0.15911982811232891,1.0,0.27455285338611046
0.10487012987012988,598067,0.15911929599860886,1.0,0.2745520612898154
0.10486111111111111,598072,0.15911796572987869,1.0,0.2745500810690732
0.10482954545454545,598073,0.15911769967880174,1.0,0.2745496850283525
0.10481663929939791,598075,0.159117167579317,1.0,0.2745488929503389
0.10480938416422288,598077,0.15911663548339094,1.0,0.2745481008768957
0.10480769230769231,598079,0.15911610339102358,1.0,0.2745473088080226
0.10478927203065133,598082,0.15911530525914508,1.0,0.2745461207132822
0.10476190476190476,598085,0.15911450713527342,1.0,0.27454493262882457
0.10476190476190475,598167,0.15909269484943167,1.0,0.27451246230155585
0.10474358974358974,598170,0.1590918969523714,1.0,0.27451127450838986
0.10471014492753623,598172,0.1590913650254442,1.0,0.2745104826519898
0.10470779220779221,598173,0.15909109906331445,1.0,0.27451008672550287
0.10467836257309941,598177,0.15909003522368798,1.0,0.2745085030309761
0.1046583850931677,598179,0.15908950330921012,1.0,0.27450771119056516
0.10461538461538461,598194,0.15908551406399932,1.0,0.2745017725330926
0.10454545454545455,598213,0.1590804613072601,1.0,0.2744942506024861
0.10446428571428572,598216,0.1590796635329045,1.0,0.27449306296691567
0.10444444444444444,598221,0.15907833392675952,1.0,0.27449108359713575
0.10441919191919193,598224,0.15907753617374093,1.0,0.2744898959889701
0.10436046511627907,598226,0.15907700434284033,1.0,0.27448910425590217
0.10428571428571429,598227,0.15907673842872355,1.0,0.27448870839108097
0.10428571428571427,598233,0.1590751429626918,1.0,0.27448633322613164
0.10427350427350428,598234,0.15907487705479795,1.0,0.274485937369303
0.10425101214574899,598237,0.15907407933645026,1.0,0.274484749805668
0.1041958041958042,598239,0.1590735475286633,1.0,0.2744839581022868
0.10416666666666667,598243,0.15907248392375672,1.0,0.2744823747092256
0.10416666666666666,598247,0.15907142033307312,1.0,0.2744807913344322
0.10412698412698412,598251,0.15907035675661219,1.0,0.2744792079779065
0.10412186379928315,598257,0.15906876141858767,1.0,0.27447683297736875
0.10412087912087911,598258,0.15906849553202798,1.0,0.2744764371479416
0.10411490683229813,598263,0.15906716611256252,1.0,0.27447445801793124
0.10409482758620689,598272,0.1590647732135216,1.0,0.2744708956558356
0.10409090909090908,598275,0.15906397559650662,1.0,0.2744697082223526
0.10405183052241876,598276,0.15906370972594588,1.0,0.27446931241347483
0.10402298850574712,598303,0.159056531556753,1.0,0.27445862600527493
0.10401785714285713,598305,0.15905599986628893,1.0,0.2744578344525855
0.10401069518716577,598308,0.15905520233725773,1.0,0.27445664713211204
0.10400000000000001,598310,0.15905467065568016,1.0,0.27445585559083685
0.10395256916996047,598324,0.15905094898416242,1.0,0.2744503149297464
0.10388888888888889,598332,0.15904882239291898,1.0,0.27444714893813377
0.10388888888888888,598338,0.1590472274868051,1.0,0.27444477449235904
0.10387423935091278,598340,0.15904669585854198,1.0,0.27444398301956446
0.10386100386100386,598342,0.15904616423383283,1.0,0.27444319155133484
0.10384615384615384,598343,0.159045898422811,1.0,0.27444279581893194
0.10381944444444444,598346,0.15904510099507643,1.0,0.27444160862857064
0.10378787878787879,598347,0.15904483518760854,1.0,0.27444121290073265
0.10376175548589342,598348,0.1590445693810291,1.0,0.2744408171740359
0.10375,598356,0.15904244296037812,1.0,0.27443765140154575
0.10366366366366367,598357,0.15904217716179472,1.0,0.27443725568511984
0.10363636363636364,598360,0.15904137977137509,1.0,0.2744360685426892
0.10359563807839671,598361,0.15904111397634538,1.0,0.274435672830828
0.1035897435897436,598368,0.15903925343601263,1.0,0.2744329028797518
0.10357142857142856,598379,0.15903632981772423,1.0,0.2744285502124598
0.10353535353535354,598383,0.15903526671045135,1.0,0.2744269674585861
0.10346153846153847,598386,0.15903446938932395,1.0,0.27442578040516186
0.10345765345765347,598388,0.15903393784634717,1.0,0.27442498904191753
0.10345029239766082,598390,0.15903340630692359,1.0,0.27442419768323734
0.1034274193548387,598395,0.15903207747390938,1.0,0.27442221930650457
0.10340909090909091,598417,0.15902623087245182,1.0,0.2744135147877465
0.10339366515837105,598419,0.15902569938454494,1.0,0.2744127234952414
0.10333333333333335,598421,0.15902516790019067,1.0,0.27441193220729976
0.10333333333333333,598521,0.15899859821125742,1.0,0.27437237362779937
0.10326797385620914,598526,0.15899726995986807,1.0,0.27437039599821245
0.10320512820512821,598533,0.15899541044520518,1.0,0.2743676273646852
0.1032051282051282,598535,0.15899487916329036,1.0,0.2743668363367973
0.10317460317460317,598541,0.15899328533884896,1.0,0.27436446328050107
0.103125,598546,0.15899195717622372,1.0,0.274362485764945
0.10309523809523809,598547,0.15899169154636145,1.0,0.2743620902652546
0.1030769230769231,598549,0.15899116028929963,1.0,0.27436129926929437
0.10307142857142856,598554,0.15898983216217752,1.0,0.2743593217993479
0.10305555555555557,598556,0.15898930091754154,1.0,0.27435853081935074
0.10304347826086957,598559,0.15898850405724416,1.0,0.2743573443579066
0.10303030303030304,598564,0.15898717597449896,1.0,0.27435536694496976
0.10303030303030303,598569,0.1589858479139414,1.0,0.27435338956053695
0.103015873015873,598571,0.1589853166959308,1.0,0.2743525986147448
0.10301003344481606,598580,0.15898292625881252,1.0,0.2743490394151157
0.10292397660818713,598581,0.1589826606591255,1.0,0.2743486439541907
0.10290909090909091,598614,0.15897389636727507,1.0,0.2743355943832177
0.10287262872628727,598618,0.15897283409453106,1.0,0.27433401270139607
0.10285819657016412,598619,0.15897256852856323,1.0,0.27433361728379047
0.1028409090909091,598620,0.15897230296348266,1.0,0.2743332218673247
0.10282935455349249,598622,0.15897177183598332,1.0,0.27433243103781285
0.10277777777777777,598630,0.15896964736147537,1.0,0.2743292677653597
0.10272727272727274,598635,0.15896831959374244,1.0,0.2743272907571213
0.1026984126984127,598636,0.15896805404285744,1.0,0.27432689535889304
0.10268817204301074,598651,0.1589640708860421,1.0,0.27432096452224297
0.10266666666666666,598653,0.15896353981354808,1.0,0.2743201737633987
0.1026525198938992,598655,0.15896300874460248,1.0,0.2743193830091133
0.10263347763347765,598656,0.15896274321146034,1.0,0.2743189876336802
0.1026098901098901,598660,0.15896168108776268,1.0,0.2743174061433447
0.1025974025974026,598668,0.1589595568829468,1.0,0.2743142432173783
0.10257985257985258,598669,0.15895929136133657,1.0,0.2743138478567609
0.10255255255255255,598674,0.15895796376659083,1.0,0.2743118710707687
0.10252525252525253,598676,0.15895743273490168,1.0,0.2743110803643491
0.10252525252525252,598680,0.15895637068216745,1.0,0.27430949896518525
0.10250000000000001,598782,0.15892929313172408,1.0,0.27426917944623935
0.1025,598784,0.1589287622915776,1.0,0.27426838898591827
0.10247619047619047,598786,0.15892823145497723,1.0,0.2742675985301535
0.10246305418719212,598791,0.15892690437899032,1.0,0.27426562241067504
0.10244755244755245,598811,0.15892159629666122,1.0,0.27425771821751505
0.10239898989898989,598814,0.15892080011489376,1.0,0.27425653262783545
0.10238095238095239,598816,0.1589202693314808,1.0,0.2742557422404104
0.10238095238095238,598826,0.15891761546759828,1.0,0.27425179037161923
0.10232142857142856,598827,0.15891735008608496,1.0,0.2742513951910039
0.10226401950539882,598829,0.15891681932571736,1.0,0.27425060483318997
0.10222222222222224,598835,0.15891522706588626,1.0,0.2742482337870804
0.1021978021978022,598866,0.15890700089836457,1.0,0.2742359840352722
0.10218253968253968,598868,0.15890647020712412,1.0,0.2742351937662817
0.10214285714285713,598880,0.15890328613411703,1.0,0.27423045224798426
0.10213675213675213,598882,0.15890275546768812,1.0,0.27422966201087534
0.10209790209790211,598883,0.15890249013580282,1.0,0.27422926689402877
0.10208333333333335,598885,0.15890195947469046,1.0,0.2742284766637514
0.10208333333333333,598918,0.1588932040780207,1.0,0.27421543852167324
0.10202020202020202,598939,0.15888763296429187,1.0,0.274207142167661
0.10201149425287356,598942,0.1588868371227932,1.0,0.27420595701521094
0.10200000000000001,598947,0.15888551073801188,1.0,0.2742039817838934
0.10195121951219513,598949,0.1588849801903,1.0,0.27420319169933427
0.10193236714975845,598956,0.15888312330121077,1.0,0.2742004264392324
0.10193236714975844,598961,0.15888179697843433,1.0,0.2741984512875923
0.10192307692307692,598969,0.15887967490805033,1.0,0.27419529110415436
0.10191919191919192,598973,0.15887861389411542,1.0,0.27419371103975154
0.10190058479532163,598974,0.15887834864284595,1.0,0.27419331602649616
0.10185810810810811,598975,0.15887808339246212,1.0,0.274192921014379
0.10175953079178887,598976,0.158877818142964,1.0,0.27419252600339994
0.10166666666666667,598981,0.15887649190875838,1.0,0.2741905509655764
0.10165598290598292,598982,0.15887622666457424,1.0,0.274190155961426
0.1016548463356974,598984,0.15887569617886288,1.0,0.27418936595653953
0.10162337662337663,599002,0.15887092196687155,1.0,0.2741822561174128
0.10159661127403063,599004,0.1588703915165842,1.0,0.2741814661580482
0.10158730158730159,599005,0.15887012629276884,1.0,0.2741810711800729
0.10157894736842105,599010,0.15886880018697516,1.0,0.2741790963072659
0.10153846153846155,599014,0.15886773931827972,1.0,0.27417751642950366
0.10151515151515153,599015,0.1588674741033196,1.0,0.27417712146290796
0.1015151515151515,599032,0.1588629655844763,1.0,0.27417040720488167
0.10150501672240803,599033,0.15886270038545455,1.0,0.274170012258768
0.10145833333333333,599035,0.15886216999006736,1.0,0.27416922236995445
0.10144230769230769,599036,0.15886190479370188,1.0,0.2741688274272544
0.10142857142857144,599040,0.15886084401709402,1.0,0.2741672476678325
0.10142857142857142,599043,0.15886004844393475,1.0,0.27416606286021317
0.10141625615763547,599044,0.15885978325465241,1.0,0.2741656679266157
0.10138888888888889,599049,0.1588584573215213,1.0,0.27416369327569495
0.10138888888888888,599055,0.15885686623098047,1.0,0.2741613237321364
0.10136363636363636,599059,0.15885580552165982,1.0,0.27415974405918564
0.10133689839572192,599060,0.15885554034654292,1.0,0.2741593491437922
0.1012987012987013,599062,0.15885500999896504,1.0,0.2741585593164186
0.10128205128205128,599064,0.15885447965492835,1.0,0.27415776949359577
0.1012539184952978,599089,0.15884785065324183,1.0,0.2741478970922704
0.10124999999999999,599091,0.15884732035700752,1.0,0.2741471073308798
0.10124740124740125,599093,0.15884679006431388,1.0,0.27414631757403957
0.10120967741935483,599096,0.15884599463191207,1.0,0.2741451329473108
0.10111111111111112,599097,0.15884572948954845,1.0,0.27414473807400963
0.10107142857142856,599099,0.15884519920747656,1.0,0.27414394833081984
0.10106707317073171,599101,0.1588446689289452,1.0,0.27414315859218025
0.10104166666666667,599104,0.15884387351778656,1.0,0.2741419739927521
0.10103448275862068,599113,0.15884148733210596,1.0,0.2741384202558921
0.10101010101010102,599116,0.15884069195281048,1.0,0.27413723569741316
0.10101010101010101,599120,0.15883963145947388,1.0,0.27413565630203196
0.10098039215686275,599144,0.15883326879681678,1.0,0.27412618031190766
0.10096153846153846,599148,0.15883220840259835,1.0,0.27412460104391106
0.10092307692307692,599159,0.1588292923915021,1.0,0.2741202581507454
0.1009090909090909,599189,0.15882134017814079,1.0,0.27410841459603397
0.10088888888888889,599199,0.15881868961730577,1.0,0.27410446697188645
0.10088888888888888,599210,0.1588157741025684,1.0,0.27410012471665124
0.10085227272727273,599212,0.15881524402048022,1.0,0.2740993352304803
0.10084670231729055,599213,0.1588149789807631,1.0,0.2740989404891003
0.10082101806239738,599214,0.15881471394193059,1.0,0.2740985457488573
0.10076923076923076,599268,0.15880040315852006,1.0,0.2740772314639878
0.10075757575757577,599270,0.1587998731790345,1.0,0.2740764421096893
0.10075757575757575,599271,0.15879960819061828,1.0,0.27407604743424513
0.10074272133095663,599275,0.158798548245797,1.0,0.27407446874383495
0.10071428571428573,599277,0.1587980182786925,1.0,0.27407367940544985
0.10071428571428571,599281,0.15879695835509552,1.0,0.2740721007423194
0.10070512820512821,599282,0.1587966933764071,1.0,0.27407170607937836
0.10068965517241381,599284,0.1587961634216832,1.0,0.2740709167569062
0.10064935064935066,599287,0.1587953684962297,1.0,0.27406973278172253
0.10060728744939271,599288,0.15879510352284712,1.0,0.2740693381256012
0.10058651026392962,599302,0.15879139398833977,1.0,0.27406381305924266
0.10055304172951232,599303,0.15879112902822112,1.0,0.27406341842016974
0.10047619047619047,599322,0.15878609495396465,1.0,0.2740559204937177
0.10046153846153846,599325,0.15878530012931213,1.0,0.27405473664809665
0.10046082949308754,599331,0.1587837105038785,1.0,0.2740523689875377
0.10045454545454546,599332,0.1587834455694006,1.0,0.2740519743814219
0.10044642857142856,599336,0.15878238584032997,1.0,0.27405039596832254
0.10042735042735043,599337,0.15878212091027252,1.0,0.27405000136788865
0.10042735042735042,599341,0.15878106119888344,1.0,0.27404842297751636
0.10034482758620691,599347,0.15877947165832149,1.0,0.274046055426048
0.1002840909090909,599361,0.1587757628541063,1.0,0.2740405312983694
0.10025252525252526,599362,0.1587754979461494,1.0,0.27404013672634286
0.10023809523809524,599366,0.1587744383231615,1.0,0.274038558449599
0.10020242914979757,599367,0.15877417341962438,1.0,0.2740381638832536
0.10000000000000002,599369,0.158773643615202,1.0,0.2740373747539714
0.1,600798,0.15839599998668438,1.0,0.2734747012049508
0.09999999999999999,600866,0.15837807431274195,1.0,0.27344798356392686
0.09996114996114996,600868,0.15837754714845856,1.0,0.27344719782998483
0.09989495798319327,600872,0.1583764928304198,1.0,0.27344562637564723
0.09982517482517483,600873,0.1583762292531034,1.0,0.273445233514885
0.09974025974025974,600875,0.15837570210110255,1.0,0.27344444779674704
0.09973262032085561,600886,0.15837280282782423,1.0,0.27344012642769916
0.09967741935483872,600890,0.1583717485729501,1.0,0.27343855505463655
0.09960317460317461,600901,0.15836884944441762,1.0,0.2734342338718367
0.0996031746031746,600907,0.15836726814631882,1.0,0.2734318769206015
0.09957264957264958,600910,0.15836647750911118,1.0,0.27343069846022117
0.09955357142857142,600916,0.15836489625837888,1.0,0.2734283415699345
0.09954954954954955,600927,0.15836199738071347,1.0,0.2734240207099359
0.09948051948051947,600931,0.1583609432696932,1.0,0.2734224495219762
0.09940711462450592,600938,0.15835909860917433,1.0,0.27341969998649623
0.09935483870967743,600939,0.1583588350897512,1.0,0.27341930720022756
0.09935064935064936,600941,0.15835830805353604,1.0,0.2734185216310758
0.09931372549019607,600943,0.15835778102082892,1.0,0.27341773606643804
0.09926829268292682,600944,0.15835751750579088,1.0,0.27341734328581196
0.09924242424242424,600946,0.1583569904783458,1.0,0.2734165577279453
0.0992337164750958,600952,0.15835540941705828,1.0,0.273414201081429
0.09923371647509577,600960,0.15835330138445156,1.0,0.27341105894926765
0.09919786096256686,600961,0.15835303788432195,1.0,0.2734106661878255
0.09917582417582418,600964,0.1583522473891947,1.0,0.27340948791026937
0.09915458937198067,600966,0.15835172039682777,1.0,0.2734087023975407
0.09914949914949917,600968,0.15835119340796847,1.0,0.2734079168893256
0.09914529914529915,600972,0.1583501394407726,1.0,0.273406345886436
0.09912280701754386,600974,0.15834961246243598,1.0,0.2734055603917614
0.09912280701754385,600994,0.15834434287197544,1.0,0.2733977056932478
0.0990990990990991,600996,0.1583438159322192,1.0,0.2733969202482188
0.0990909090909091,600997,0.15834355246365622,1.0,0.2733965275273967
0.09904761904761905,600999,0.1583430255291606,1.0,0.27339574208913714
0.09903846153846155,601000,0.15834276206322795,1.0,0.2733953493716998
0.09903225806451613,601007,0.1583409178262483,1.0,0.2733926003812282
0.09901719901719902,601008,0.15834065436732955,1.0,0.27339220767281647
0.09898989898989899,601009,0.15834039090928756,1.0,0.273391814965533
0.09895104895104895,601011,0.1583398639958337,1.0,0.2733910295543505
0.09888888888888889,601014,0.1583390736322282,1.0,0.2733898514460383
0.09888888888888887,601019,0.15833775637708625,1.0,0.27338788795474755
0.09887429643527204,601021,0.15833722948116621,1.0,0.27338710256612825
0.09886363636363638,601151,0.1583029887665495,1.0,0.2733360619834414
0.09886363636363636,601163,0.15829982883178106,1.0,0.2733313515058299
0.09882478632478632,601165,0.15829930218825114,1.0,0.2733305664420123
0.09881422924901187,601173,0.15829719564917252,1.0,0.27332742623183887
0.0988095238095238,601193,0.1582919295467512,1.0,0.2733195760220691
0.09880636604774537,601194,0.15829166625082752,1.0,0.27331918352341755
0.09880382775119617,601196,0.15829113966160785,1.0,0.27331839852949624
0.09876373626373626,601198,0.1582906130758918,1.0,0.273317613540084
0.09875000000000002,601203,0.15828929662692967,1.0,0.2733156510862807
0.09871995820271683,601204,0.15828903333976488,1.0,0.27331525859890177
0.09871794871794871,601209,0.15828771691707874,1.0,0.2733132961789156
0.09870129870129869,601217,0.15828561068632457,1.0,0.2733101563655528
0.09864864864864865,601218,0.15828534741142147,1.0,0.2733097638939548
0.09857142857142856,601241,0.15827929233036336,1.0,0.2733007373582901
0.0985663082437276,601250,0.15827692307692307,1.0,0.27329720539793856
0.09856630824372759,601255,0.15827560685566025,1.0,0.2732952432371891
0.0985,601257,0.15827508037328464,1.0,0.2732944583807783
0.09849802371541502,601261,0.15827402741904098,1.0,0.2732928886814804
0.09846153846153846,601262,0.1582737641826691,1.0,0.2732924962594734
0.0984126984126984,601264,0.15827323771255222,1.0,0.2732917114188401
0.09840909090909092,601266,0.15827271124593772,1.0,0.2732909265827147
0.09837092731829573,601267,0.15827244801394388,1.0,0.27329053416634236
0.09836363636363638,601269,0.15827192155258296,1.0,0.2732897493369786
0.09836363636363636,601280,0.1582690260777009,1.0,0.2732854328560516
0.09835858585858587,601282,0.15826849963910444,1.0,0.2732846480559871
0.09833333333333334,601286,0.15826744677241777,1.0,0.27328307846938044
0.09833333333333333,601317,0.15825928753053714,1.0,0.2732709147844665
0.09832478632478632,601320,0.15825849797113017,1.0,0.27326973771113194
0.09826388888888889,601328,0.15825639251789372,1.0,0.2732665988984798
0.09826388888888887,601330,0.15825586616333792,1.0,0.27326581420658325
0.09824561403508772,601332,0.1582553398122834,1.0,0.27326502951919324
0.09822616407982263,601334,0.15825481346473008,1.0,0.2732642448363096
0.09821428571428571,601336,0.15825428712067796,1.0,0.2732634601579325
0.0981818181818182,601338,0.15825376078012698,1.0,0.27326267548406175
0.09816849816849817,601339,0.15825349761116442,1.0,0.2732622831488163
0.09812499999999999,601343,0.15825244494406687,1.0,0.27326071381910017
0.09797979797979799,601350,0.1582506028103434,1.0,0.2732579675354695
0.09797979797979797,601354,0.15824955018175652,1.0,0.2732563982553215
0.09796747967479674,601356,0.15824902387271433,1.0,0.27325561362200657
0.09795454545454546,601358,0.15824849756717296,1.0,0.27325482899319764
0.09791666666666667,601361,0.15824770811542485,1.0,0.27325365205843294
0.09790697674418604,601362,0.15824744496659252,1.0,0.2732532597490977
0.0979020979020979,601368,0.15824586609197697,1.0,0.2732509059167418
0.09789915966386555,601372,0.15824481352640296,1.0,0.2732493367177002
0.09786324786324786,601374,0.15824428724886677,1.0,0.2732485521249379
0.09785330948121646,601376,0.15824376097483106,1.0,0.27324776753668134
0.09779411764705882,601381,0.15824244530505618,1.0,0.27324580608575183
0.09771241830065358,601385,0.158241392784988,1.0,0.27324423694528316
0.09770114942528735,601387,0.15824086653020433,1.0,0.2732434523818069
0.09764705882352942,601392,0.15823955090855882,1.0,0.2732414909928276
0.09761904761904763,601394,0.15823902466602593,1.0,0.27324070644512016
0.09761904761904762,601396,0.1582384984269932,1.0,0.27323992190191804
0.0976190476190476,601441,0.1582266589740307,1.0,0.2732222708708666
0.09761273209549072,601444,0.15822586974015868,1.0,0.27322109421654645
0.09751552795031056,601453,0.15822350208578226,1.0,0.2732175643143937
0.09747474747474748,601455,0.15822297594998794,1.0,0.27321677990407955
0.09746031746031744,601456,0.15822271288340295,1.0,0.2732163877006116
0.09745614035087719,601458,0.15822218675285724,1.0,0.2732156032970535
0.09745454545454546,601461,0.1582213975635993,1.0,0.2732144267001615
0.09743589743589744,601465,0.1582203453235018,1.0,0.2732128579200694
0.0974308300395257,601467,0.1582198192087014,1.0,0.2732120735367792
0.09738514173998045,601468,0.15821955615261327,1.0,0.273211681346823
0.09738372093023256,601470,0.15821903004306118,1.0,0.27321089697028855
0.09728682170542635,601472,0.15821850393700787,1.0,0.2732101125982579
0.09727272727272726,601489,0.15821403217681454,1.0,0.27320344561783266
0.09725274725274725,601491,0.15821350610399823,1.0,0.27320266128858617
0.09722222222222222,601492,0.158213243068902,1.0,0.27320226912565165
0.09719169719169721,601494,0.15821271700133335,1.0,0.2732014848031602
0.09714285714285716,601501,0.1582108757923927,1.0,0.2731987397099036
0.09714285714285714,601503,0.15821034974056655,1.0,0.2731979554076769
0.09711538461538462,601505,0.15820982369223863,1.0,0.2731971711099532
0.09707792207792208,601510,0.15820850858672342,1.0,0.2731952103853452
0.09703907203907204,601512,0.15820798255063906,1.0,0.27319442610338235
0.096993006993007,601519,0.15820614145189096,1.0,0.273191681151973
0.09696969696969698,601520,0.1582058784412821,1.0,0.2731912890205603
0.09696969696969697,601562,0.15819483278531557,1.0,0.27317482051767844
0.09693486590038314,601565,0.1581940438689086,1.0,0.2731736442720197
0.09692307692307693,601570,0.15819272902571604,1.0,0.27317168388509816
0.096875,601571,0.15819246605970036,1.0,0.27317129181109034
0.09682539682539683,601575,0.15819141420438018,1.0,0.27316972352631336
0.09682539682539681,601577,0.15819088828196556,1.0,0.27316893939067743
0.09678571428571428,601579,0.15819036236304793,1.0,0.27316815525954335
0.09678362573099415,601580,0.15819009940490042,1.0,0.2731677631956644
0.09678362573099414,601582,0.15818957349122814,1.0,0.2731669790712828
0.09675324675324676,601583,0.15818931053570331,1.0,0.2731665870107801
0.09672727272727275,601588,0.15818799577119225,1.0,0.2731646267251475
0.09670846394984327,601590,0.15818746987150717,1.0,0.2731638426187722
0.09670846394984325,601594,0.15818641808262715,1.0,0.27316227441952584
0.09666666666666666,601609,0.15818247399889296,1.0,0.2731563938327116
0.09658119658119657,601610,0.1581822110669703,1.0,0.2731560018025931
0.09656565656565658,601613,0.15818142227644683,1.0,0.273154825718989
0.09650793650793651,601615,0.15818089642046823,1.0,0.2731540416688792
0.09647058823529411,601624,0.15817853011183064,1.0,0.27315051349908437
0.096455938697318,601627,0.15817774135801752,1.0,0.27314933746273995
0.09642857142857142,601646,0.15817274609986604,1.0,0.27314188946771717
0.09641025641025641,601648,0.1581722203015717,1.0,0.2731411054918687
0.0963768115942029,601653,0.15817090582112944,1.0,0.2731391455719364
0.09637681159420289,601715,0.1581546080785754,1.0,0.2731148449013387
0.09636363636363637,601717,0.15815408240086287,1.0,0.2731140610807297
0.09636363636363636,601722,0.1581527682218699,1.0,0.2731121015488904
0.09632505175983437,601723,0.15815250538869213,1.0,0.2731117096458967
0.09632478632478632,601725,0.15815197972495743,1.0,0.27311092584328356
0.09626068376068377,601726,0.15815171689440044,1.0,0.27311053394366397
0.09620596205962059,601728,0.15815119123590726,1.0,0.2731097501477991
0.09616883116883118,601729,0.15815092840797104,1.0,0.27310935825155375
0.09615384615384616,601735,0.1581493514586986,1.0,0.2731070068976997
0.0961111111111111,601736,0.1581490886368773,1.0,0.27310661500932704
0.09608695652173913,601759,0.1581430439760768,1.0,0.27309760188715254
0.0960591133004926,601768,0.15814067879980326,1.0,0.27309407517519646
0.09604105571847507,601770,0.15814015321468336,1.0,0.2730932914737981
0.09602150537634409,601772,0.15813962763305703,1.0,0.2730925077768977
0.09600220567962503,601774,0.15813910205492426,1.0,0.2730917240844953
0.096,601775,0.15813883926716796,1.0,0.27309133223998083
0.09595238095238096,601778,0.15813805090913924,1.0,0.27309015671318415
0.09594946116685248,601779,0.15813778812487642,1.0,0.27308976487316755
0.0959349593495935,601781,0.1581372625589708,1.0,0.2730889811965076
0.09585253456221197,601782,0.158136999777328,1.0,0.2730885893598643
0.09583333333333334,601783,0.15813673699655856,1.0,0.2730881975243455
0.09583333333333333,601893,0.15810783644268997,1.0,0.2730451024808588
0.09580419580419582,601896,0.15810704839374243,1.0,0.2730439273520213
0.09579937304075237,601898,0.15810652303214165,1.0,0.2730431439384158
0.09578947368421054,601904,0.1581049469682873,1.0,0.2730407937245721
0.09575289575289575,601907,0.15810415894814314,1.0,0.27303961863282217
0.09571428571428571,601918,0.1581012696081526,1.0,0.2730353100496068
0.0956989247311828,601920,0.15810074428495483,1.0,0.2730345266854497
0.09568965517241379,601922,0.15810021896524798,1.0,0.2730337433257876
0.09567307692307693,601932,0.15809759241907723,1.0,0.27302982659490227
0.0956043956043956,601942,0.15809496596017555,1.0,0.2730259099763881
0.09555555555555556,602078,0.15805925478094202,1.0,0.272972655118309
0.09553191489361701,602079,0.158058992258491,1.0,0.272972263615411
0.09545454545454546,602135,0.15804429239290194,1.0,0.2729503412452908
0.09542857142857142,602151,0.15804009293350008,1.0,0.27294407835770057
0.09541569541569542,602153,0.1580395680167665,1.0,0.27294329551696
0.09533333333333334,602156,0.15803878064820412,1.0,0.2729421212642689
0.09533333333333333,602232,0.158018836594535,1.0,0.27291237689920794
0.0953030303030303,602235,0.15801804943253048,1.0,0.2729112029125364
0.09526570048309178,602236,0.15801778704693842,1.0,0.2729108115858905
0.09523809523809523,602248,0.15801463848779904,1.0,0.27290611575367213
0.09518716577540107,602251,0.15801385136761914,1.0,0.27290494182086705
0.09513196480938417,602255,0.1580128018862442,1.0,0.2729033765928373
0.0951127819548872,602261,0.1580112276903203,1.0,0.2729010287844571
0.095,602269,0.15800912881121226,1.0,0.27289789843612217
0.09499999999999999,602299,0.15800125851113817,1.0,0.2728861602694337
0.09494949494949495,602303,0.15800020919703206,1.0,0.2728845952568365
0.09493506493506493,602305,0.1579996845452055,1.0,0.27288381275726953
0.09493464052287581,602306,0.15799942222059885,1.0,0.27288342150916883
0.09493243243243243,602307,0.15799915989686322,1.0,0.2728830302621901
0.09490598290598291,602308,0.15799889757399868,1.0,0.27288263901633325
0.09487179487179488,602309,0.1579986352520052,1.0,0.2728822477715983
0.09487179487179487,602385,0.15797870132888436,1.0,0.27285251645404124
0.09482954545454546,602390,0.15797739006291606,1.0,0.27285056067343894
0.09482517482517484,602391,0.1579771278123345,1.0,0.2728501695206829
0.09476190476190476,602392,0.15797686556262366,1.0,0.2728497783690485
0.09472222222222222,602393,0.15797660331378352,1.0,0.2728493872185355
0.09471014492753622,602395,0.15797607881871528,1.0,0.2728486049208741
0.0946969696969697,602396,0.1579758165724872,1.0,0.27284821377372553
0.09468599033816424,602400,0.15797476759628154,1.0,0.27284664919634616
0.09465811965811965,602402,0.1579742431134027,1.0,0.2728458669143852
0.09464285714285714,602415,0.15797083405957688,1.0,0.2728407821909777
0.09463414634146343,602417,0.15797030960281666,1.0,0.272839999942659
0.0946078431372549,602419,0.15796978514953877,1.0,0.2728392176988258
0.09457013574660633,602423,0.1579687362534299,1.0,0.2728376532246157
0.09454545454545456,602427,0.15796768737124997,1.0,0.2728360887683471
0.0945054945054945,602440,0.15796427860035855,1.0,0.2728310044093784
0.09447174447174447,602442,0.15796375418712508,1.0,0.27283022221712544
0.09444444444444444,602746,0.15788408384294544,1.0,0.2727113811236406
0.09432432432432432,602751,0.15788277414720175,1.0,0.27270942736579673
0.0942857142857143,602757,0.1578812025409908,1.0,0.27270708289333606
0.09427807486631017,602761,0.15788015482089915,1.0,0.2727055199340903
0.09426523297491038,602762,0.157879892893049,1.0,0.2727051291970782
0.09425837320574162,602764,0.15787936903995595,1.0,0.27270434772641305
0.09425101214574899,602766,0.1578788451903392,1.0,0.2727035662602267
0.09422222222222222,602769,0.15787805942243213,1.0,0.27270239406934477
0.09416666666666666,602773,0.15787701174405622,1.0,0.2727008311638443
0.09415584415584416,602775,0.15787648791008255,1.0,0.27270004971781203
0.09411764705882353,602777,0.15787596407958499,1.0,0.2726992682762583
0.09407894736842104,602780,0.15787517834035636,1.0,0.272698096122325
0.09406593406593407,602785,0.1578738687923555,1.0,0.2726961425548285
0.09404761904761906,602786,0.1578736068853623,1.0,0.27269575184468803
0.09404761904761905,602870,0.157851609799791,1.0,0.2726629361893546
0.09401709401709403,602871,0.15785134796664627,1.0,0.2726625455743623
0.09400584795321637,602873,0.15785082430296266,1.0,0.27266176434773515
0.094,602894,0.15784532604404755,1.0,0.27265356173842287
0.09393939393939393,602895,0.1578450642317485,1.0,0.27265317115028964
0.09392857142857142,602896,0.15784480242031793,1.0,0.27265278056327535
0.09381818181818181,602897,0.1578445406097559,1.0,0.27265238997738017
0.0937878787878788,602901,0.15784349337619277,1.0,0.2726508276449901
0.09376068376068376,602903,0.15784296976462217,1.0,0.2726500464855093
0.09375,603050,0.15780449382306608,1.0,0.27259264351617124
0.09368421052631579,603053,0.15780370879508102,1.0,0.27259147227867553
0.09367816091954023,603128,0.1577840856335637,1.0,0.2725621946119961
0.09366666666666666,603136,0.1577819927843803,1.0,0.2725590720320779
0.09365079365079365,603157,0.15777649931941434,1.0,0.2725508756001896
0.09363636363636366,603166,0.15777414509438528,1.0,0.2725473629945728
0.09358974358974359,603169,0.15777336036832132,1.0,0.2725461921461538
0.09356265356265357,603170,0.15777309879470133,1.0,0.27254580186558297
0.0935344827586207,603178,0.15777100623696488,1.0,0.27254267966125484
0.09350649350649351,603180,0.15777048310620378,1.0,0.27254189912134996
0.09345454545454546,603181,0.15777022154212417,1.0,0.27254150885307404
0.09341692789968653,603184,0.15776943685508898,1.0,0.27254033805495254
0.09339080459770115,603186,0.15776891373473523,1.0,0.27253955752845993
0.09337979094076654,603187,0.15776865217585923,1.0,0.27253916726689015
0.09334928229665072,603189,0.157768129060709,1.0,0.27253838674710357
0.09333333333333334,603193,0.15776708284081545,1.0,0.2725368257209421
0.09333333333333332,603231,0.1577571444438366,1.0,0.2725219968642387
0.09330153051083284,603233,0.15775662140499608,1.0,0.27252121644279687
0.09326923076923077,603263,0.157748776238556,1.0,0.27250951065752044
0.0932051282051282,603268,0.15774746878667525,1.0,0.2725075597910749
0.09318181818181817,603269,0.15774720729889982,1.0,0.2725071696211376
0.09314685314685316,603271,0.1577466843259497,1.0,0.2725063892846149
0.09314285714285714,603273,0.15774616135646713,1.0,0.2725056089525612
0.09313929313929314,603275,0.1577456383904521,1.0,0.27250482862497655
0.09311740890688258,603276,0.15774537690874493,1.0,0.2725044384628601
0.0930930930930931,603278,0.15774485394793114,1.0,0.27250365814197886
0.09307692307692307,603304,0.15773805577287736,1.0,0.2724935143771798
0.09305555555555556,603306,0.15773753286060474,1.0,0.27249273411885977
0.09304347826086957,603319,0.15773413401533848,1.0,0.27248766254869483
0.09303030303030303,603320,0.15773387257176955,1.0,0.27248727243573223
0.09301075268817204,603371,0.15772054009887782,1.0,0.2724673781557116
0.09292929292929293,603372,0.1577202787003706,1.0,0.27246698810082803
0.09285714285714286,603376,0.15771923311500624,1.0,0.2724654278924615
0.09285714285714285,603393,0.15771478953186396,1.0,0.27245879720624083
0.09283819628647215,603394,0.15771452815241782,1.0,0.2724584071759253
0.09276923076923077,603395,0.15771426677383804,1.0,0.27245801714672635
0.09272727272727274,603398,0.1577134826432968,1.0,0.2724568470658295
0.09271255060728745,603401,0.15771269852055267,1.0,0.2724556769949826
0.09270833333333334,603403,0.15771217577638824,1.0,0.27245489695333447
0.09270833333333332,603431,0.15770485772192677,1.0,0.27244397683922733
0.0926984126984127,603432,0.15770459637539938,1.0,0.27244358685134185
0.09259740259740261,603433,0.15770433502973819,1.0,0.27244319686457286
0.09258340226082162,603434,0.15770407368494319,1.0,0.27244280687892036
0.09257294429708224,603436,0.15770355099795172,1.0,0.2724420269109648
0.09256704980842911,603437,0.15770328965575528,1.0,0.2724416369286617
0.09251336898395722,603439,0.1577027669739609,1.0,0.27244085696740494
0.09250000000000001,603458,0.15769780166971023,1.0,0.27243344755819315
0.0925,603471,0.15769440453642344,1.0,0.27242837819462234
0.09247223364870424,603473,0.15769388191352388,1.0,0.2724275983092793
0.09243697478991597,603476,0.1576930979856697,1.0,0.272426428489637
0.09243128964059197,603477,0.15769283667811698,1.0,0.2724260385519888
0.09242424242424244,603478,0.15769257537143028,1.0,0.2724256486154569
0.09242424242424242,603524,0.15768055619991914,1.0,0.2724077127415957
0.09238095238095238,603531,0.15767872735617558,1.0,0.2724049835765248
0.09230769230769231,603543,0.1576755922941696,1.0,0.27240030513505664
0.0922222222222222,603567,0.15766932254414173,1.0,0.2723909487342053
0.09215686274509804,603568,0.1576690613153779,1.0,0.2723905588981183
0.09215686274509803,603607,0.15765887406872353,1.0,0.2723753561610313
0.09211822660098522,603625,0.1576541727065645,1.0,0.27236834008549077
0.09208333333333334,603627,0.1576536503502991,1.0,0.2723675605438536
0.09208211143695015,603632,0.15765234447477933,1.0,0.2723656117092828
0.09201324990798675,603634,0.15765182213062884,1.0,0.2723648321832633
0.09201149425287355,603636,0.15765129978993964,1.0,0.2723640526617058
0.09200000000000001,603645,0.15764894929967116,1.0,0.2723605448699144
0.09192307692307693,603649,0.15764790465982714,1.0,0.2723589858803428
0.09191919191919193,603729,0.15762701476987193,1.0,0.27232780983641275
0.0919047619047619,603752,0.15762100995110576,1.0,0.27231884804468637
0.09188311688311687,603753,0.1576207488824072,1.0,0.2723184584149477
0.09188034188034189,603755,0.15762022674760456,1.0,0.2723176791588152
0.09175824175824177,603757,0.15761970461626118,1.0,0.2723168999071426
0.09166666666666667,603885,0.15758629540392624,1.0,0.2722670370746543
0.09166666666666666,603905,0.1575810764938194,1.0,0.27225924765652604
0.09161363636363637,603906,0.15758081555738807,1.0,0.27225885819731926
0.09155555555555556,603910,0.15757977182030436,1.0,0.27225730037163454
0.09153846153846155,603915,0.1575784671683929,1.0,0.2722553531145979
0.09153225806451612,603922,0.15757664069200988,1.0,0.272252627001542
0.09151515151515152,603923,0.15757637977026873,1.0,0.27225223756127637
0.09148351648351649,603925,0.15757585792937864,1.0,0.2722514586840874
0.09147727272727274,603927,0.15757533609194488,1.0,0.272250679811355
0.09144144144144145,603930,0.15757455334227477,1.0,0.27224951151061233
0.09144144144144144,603943,0.15757116151689812,1.0,0.2722444489899257
0.09142857142857143,603962,0.15756620449630937,1.0,0.2722370502598959
0.09142857142857141,604002,0.15755576968288185,1.0,0.2722214753005724
0.09131944444444445,604004,0.15755524797849021,1.0,0.2722206965993867
0.0912280701754386,604006,0.15755472627755354,1.0,0.272219917902656
0.09122807017543859,604011,0.15755342204032707,1.0,0.27221797118031965
0.09120879120879122,604019,0.15755133530567747,1.0,0.27221485648249455
0.09119318181818181,604021,0.1575508136306519,1.0,0.27221407781917517
0.09111111111111113,604036,0.1575469011780755,1.0,0.27220823798627003
0.09107378129117259,604039,0.15754611871087795,1.0,0.27220707004975664
0.09107142857142857,604126,0.15752343054263515,1.0,0.272173204250025
0.09104166666666666,604129,0.1575226483085566,1.0,0.27217203661412315
0.09102564102564102,604132,0.15752186608224691,1.0,0.2721708689882396
0.09101409101409103,604134,0.15752134460235642,1.0,0.2721700905765496
0.09099378881987577,604136,0.15752082312591867,1.0,0.27216931216931217
0.09099099099099099,604138,0.1575203016529336,1.0,0.27216853376652717
0.09093023255813953,604142,0.15751925871732142,1.0,0.2721669769743145
0.09090909090909091,604789,0.15735074546660074,1.0,0.2719154000340023
0.09084967320261438,604791,0.15735022511909072,1.0,0.2719146230829124
0.09083333333333332,604795,0.15734918443439513,1.0,0.27191306919405284
0.09078787878787879,604797,0.1573486640972095,1.0,0.2719122922562829
0.09078341013824884,604816,0.15734372106558028,1.0,0.27190491156890195
0.09075757575757576,604818,0.1573432007645275,1.0,0.2719041346777489
0.09071428571428573,604829,0.15734033917024481,1.0,0.2718998618557614
0.09069444444444445,604830,0.15734007903047137,1.0,0.2718994734240579
0.09069055944055945,604832,0.1573395587535051,1.0,0.27189869656398036
0.09068965517241379,604872,0.15732915393670066,1.0,0.27188316029461346
0.09066666666666667,604874,0.15732863373198386,1.0,0.27188238352775135
0.09065040650406503,604877,0.15732785343135877,1.0,0.2718812183857803
0.090625,604884,0.15732603276000026,1.0,0.27187849976001643
0.09055944055944057,604893,0.15732369195874313,1.0,0.27187500446392227
0.09054054054054055,604895,0.1573231717901454,1.0,0.27187422774366166
0.09053030303030303,604896,0.15732291170713644,1.0,0.27187383938519555
0.09050387596899225,604897,0.1573226516249874,1.0,0.271873451027839
0.09050355774493704,604898,0.1573223915436983,1.0,0.27187306267159195
0.09047619047619047,604927,0.15731484956036018,1.0,0.27186180082303585
0.09044665012406948,604931,0.15731380934354497,1.0,0.27186024753783417
0.09037433155080216,604933,0.15731328924029603,1.0,0.27185947090188933
0.09035087719298246,604934,0.1573130291899612,1.0,0.2718590825855809
0.0903448275862069,604940,0.1573114689060072,1.0,0.2718567527110258
0.09023297491039425,604941,0.15731120886169064,1.0,0.2718563644024825
0.09017857142857143,604956,0.15730730830010778,1.0,0.27185053990744446
0.09017094017094017,604962,0.15730574812963458,1.0,0.2718482101793106
0.09015151515151515,604964,0.1573052280796874,1.0,0.2718474336121395
0.09000000000000001,605061,0.15728000978413748,1.0,0.2718097754293263
0.09,605093,0.15727169212005426,1.0,0.27179735439988456
0.08996655518394649,605097,0.15727065247390087,1.0,0.2717958018510241
0.08989898989898991,605098,0.15727039256451023,1.0,0.2717954137165804
0.0898989898989899,605117,0.15726545444930484,1.0,0.2717880393727661
0.08977272727272727,605124,0.15726363522187187,1.0,0.2717853226101261
0.08974358974358974,605126,0.15726311545033597,1.0,0.27178454640220484
0.08967741935483872,605136,0.15726051664419238,1.0,0.27178066542910184
0.08966346153846154,605138,0.15725999689327064,1.0,0.2717798892477817
0.08961038961038961,605161,0.15725402000459382,1.0,0.27177096348124086
0.08956876456876457,605162,0.15725376015017467,1.0,0.27177057541773403
0.08947368421052632,605163,0.1572535002966143,1.0,0.2717701873553355
0.08944543828264759,605165,0.15725298059206994,1.0,0.27176941123386295
0.08942307692307692,605173,0.15725090180824328,1.0,0.27176630679230146
0.0893939393939394,605175,0.15725038212087414,1.0,0.271765530692993
0.08937500000000001,605180,0.1572490829174791,1.0,0.2717635904641148
0.0893548387096774,605195,0.1572451854360991,1.0,0.2717577699437003
0.08934065934065935,605197,0.1572446657865125,1.0,0.2717569938931494
0.08928571428571427,605209,0.15724154796111756,1.0,0.2717523376829204
0.08926725448464579,605210,0.1572412881479156,1.0,0.27175194967260347
0.08916666666666667,605219,0.15723894986773382,1.0,0.2717484576296112
0.08914141414141415,605220,0.15723869006311755,1.0,0.27174806963037423
0.0891304347826087,605226,0.15723713125344913,1.0,0.271745741658219
0.08911088911088913,605227,0.15723687145484255,1.0,0.2717453536667375
0.08909090909090911,605231,0.15723583226900142,1.0,0.2717438017118911
0.08907563025210083,605251,0.15723063654582975,1.0,0.27173604220355074
0.08897058823529412,605258,0.1572288181238414,1.0,0.27173332648032184
0.08893772893772893,605259,0.15722855835270522,1.0,0.27173293852429176
0.08892307692307692,605269,0.15722596068855335,1.0,0.27172905902491745
0.08891625615763546,605271,0.15722544116602316,1.0,0.27172828313833547
0.08888888888888889,605484,0.15717013166326443,1.0,0.27164567657368605
0.08888888888888888,605609,0.15713769115056084,1.0,0.27159722192493146
0.08882352941176472,605612,0.15713691274281222,1.0,0.27159605922577257
0.08875,605640,0.15712964797569512,1.0,0.27158520784698714
0.08874458874458875,605641,0.15712938853215022,1.0,0.27158482031378195
0.08874458874458874,605642,0.15712912908946208,1.0,0.2715844327816828
0.08870967741935484,605644,0.15712861020665606,1.0,0.2715836577208023
0.0886178861788618,605646,0.15712809132727698,1.0,0.27158288266434555
0.08858695652173913,605655,0.15712575641247906,1.0,0.27157939496503375
0.08857142857142858,605659,0.15712471869484312,1.0,0.27157784490520426
0.08857142857142856,605667,0.15712264330069164,1.0,0.2715747448386273
0.08854166666666666,605668,0.15712238388027763,1.0,0.2715743573352815
0.08851674641148326,605672,0.15712134620718804,1.0,0.27157280733295663
0.08846153846153848,605673,0.1571210867910572,1.0,0.27157241983513997
0.08846153846153847,605751,0.15710085497176232,1.0,0.27154219841207566
0.08837513061650992,605755,0.15709981758301625,1.0,0.27154064877682016
0.08833333333333335,605756,0.1570995582379704,1.0,0.2715402613707698
0.08833333333333333,605758,0.15709903955044754,1.0,0.2715394865619855
0.08831168831168831,605762,0.15709800218567688,1.0,0.2715379369576817
0.08828571428571427,605764,0.15709748350842903,1.0,0.27153716216216217
0.08826923076923077,605765,0.15709722417108946,1.0,0.2715367747660605
0.08823529411764708,605766,0.1570969648346061,1.0,0.27153638737106417
0.08822377622377622,605768,0.1570964461642081,1.0,0.27153561258438763
0.08821428571428572,605770,0.15709592749723492,1.0,0.27153483780213256
0.08818181818181817,605792,0.15709022238656173,1.0,0.271526315489132
0.08817733990147783,605797,0.157088925828289,1.0,0.2715243786744198
0.08809523809523809,605816,0.15708399910203757,1.0,0.27151701903050013
0.08804347826086957,605817,0.1570837398092163,1.0,0.27151663169187185
0.08803418803418804,605839,0.1570780355837112,1.0,0.2715081105216383
0.08800904977375566,605840,0.15707777631057704,1.0,0.27150772320842675
0.08800000000000001,605842,0.1570772577668765,1.0,0.2715069485853188
0.08796747967479675,605844,0.1570767392265996,1.0,0.27150617396663096
0.0879120879120879,605845,0.15707647995774496,1.0,0.2715057866589445
0.0878686530860444,605846,0.15707622068974625,1.0,0.271505399352363
0.08782051282051281,605848,0.15707570215631644,1.0,0.27150462474251513
0.08772727272727274,605854,0.15707414657656796,1.0,0.27150230093949085
0.08769841269841269,605858,0.1570731095405194,1.0,0.2715007517595739
0.08766233766233766,605860,0.15707259102763013,1.0,0.271499977176245
0.08764705882352941,605876,0.15706844304775233,1.0,0.27149378066872076
0.08764478764478764,605882,0.1570668876117792,1.0,0.2714914570513205
0.08763736263736265,605910,0.1570596293178855,1.0,0.27148061402933216
0.08761904761904762,605911,0.15705937010551055,1.0,0.2714802267945655
0.0875,605943,0.15705107576125146,1.0,0.2714678358652816
0.08735632183908046,605950,0.15704926149022197,1.0,0.2714651255002753
0.0873015873015873,605952,0.15704874313476974,1.0,0.27146435112021405
0.08726790450928382,605957,0.15704744726110928,1.0,0.27146241518938957
0.08721804511278194,605965,0.15704537390773393,1.0,0.2714593177575025
0.08714285714285713,605987,0.15703967246822126,1.0,0.2714508001842684
0.08713450292397659,605991,0.15703863588733166,1.0,0.27144925159201605
0.08712121212121213,605992,0.15703837674424745,1.0,0.27144886444671373
0.08701298701298701,605999,0.15703656276660521,1.0,0.27144615446051773
0.08701149425287356,606000,0.15703630363036303,1.0,0.27144576732404974
0.08696969696969697,606001,0.15703604449497607,1.0,0.27144538018868597
0.08692307692307692,606013,0.1570329349370393,1.0,0.271440734650452
0.0869047619047619,606014,0.15703267581277,1.0,0.2714403475294433
0.08685383244206774,606017,0.15703189844509313,1.0,0.27143918617304236
0.08683385579937304,606019,0.15703138020425103,1.0,0.27143841194096263
0.08682517482517484,606021,0.15703086196682953,1.0,0.27143763771329965
0.08682432432432433,606023,0.15703034373282862,1.0,0.2714368634900533
0.08681318681318681,606026,0.15702956638824078,1.0,0.27143570216346496
0.08667953667953668,606028,0.15702904816279115,1.0,0.2714349279512601
0.08666666666666667,606032,0.15702801172215328,1.0,0.27143337954010005
0.08666666666666666,606065,0.15701946160890334,1.0,0.27142060582206384
0.08660049627791563,606069,0.15701842529480967,1.0,0.27141905757430124
0.08653846153846154,606071,0.1570179071428925,1.0,0.2714182834570436
0.0865,606094,0.15701194864162984,1.0,0.2714093814259516
0.08642857142857142,606110,0.15700780386398508,1.0,0.27140318905306626
0.08637681159420289,606113,0.1570070267425381,1.0,0.27140202801460767
0.08636363636363638,606121,0.15700495445628843,1.0,0.27139893196061515
0.08636363636363636,606281,0.1569635202158735,1.0,0.27133702571121043
0.08632478632478632,606319,0.15695368279733934,1.0,0.2713223271269582
0.08629807692307692,606324,0.1569523884919614,1.0,0.2713203932212668
0.08621621621621621,606340,0.15694824685819836,1.0,0.27131420490831126
0.08618421052631578,606343,0.15694747032620152,1.0,0.2713130446310586
0.08617511520737327,606352,0.15694514077631475,1.0,0.27130956385884286
0.08611111111111112,606354,0.15694462310795343,1.0,0.2713087903660348
0.08611111111111111,606391,0.1569350468592047,1.0,0.2712944815445688
0.08606271777003484,606393,0.15693452925742876,1.0,0.27129370813775644
0.08602756892230576,606394,0.15693427045782116,1.0,0.2712933214360039
0.08602150537634408,606400,0.15693271767810027,1.0,0.27129100124863875
0.08601398601398602,606405,0.156931423718472,1.0,0.2712890677894833
0.086,606410,0.15693012978018173,1.0,0.2712871343578867
0.08593628593628595,606412,0.15692961221084015,1.0,0.2712863609929644
0.08586278586278587,606413,0.1569293534274496,1.0,0.27128597431215673
0.08583333333333333,606414,0.15692909464491256,1.0,0.2712855876324514
0.08578947368421051,606465,0.15691589786714816,1.0,0.2712658684290416
0.0857707509881423,606475,0.15691331052392926,1.0,0.2712620022547207
0.08574660633484163,606478,0.1569125343376017,1.0,0.2712608424239142
0.08571428571428572,606512,0.1569037380958662,1.0,0.2712476983679077
0.0857142857142857,606514,0.1569032207005939,1.0,0.2712469252278111
0.08557692307692308,606532,0.15689856429669002,1.0,0.27123996716526816
0.08555555555555555,606536,0.15689752957779918,1.0,0.27123842097762574
0.08553946053946056,606538,0.15689701222347158,1.0,0.271237647890415
0.08549450549450549,606543,0.1568957188525793,1.0,0.27123571519166834
0.08547937569676699,606545,0.15689520151019298,1.0,0.2712349421198816
0.08545454545454546,606645,0.15686933874011985,1.0,0.2711962941484079
0.08541666666666667,606649,0.1568683044066668,1.0,0.271194748458635
0.08538461538461538,606656,0.1568664943559447,1.0,0.2711920435439286
0.08535353535353535,606658,0.15686597720626777,1.0,0.271191270721066
0.08529411764705883,606661,0.15686520148814576,1.0,0.2711901114950308
0.08526785714285715,606668,0.15686339150902964,1.0,0.271187406672822
0.08526069518716578,606669,0.15686313294399418,1.0,0.2711870202740538
0.08525641025641026,606675,0.1568615815716817,1.0,0.2711847019045679
0.08522727272727273,606681,0.15686003023005501,1.0,0.27118238357472096
0.08522267206477732,606683,0.15685951312299834,1.0,0.2711816108069138
0.08517000241138173,606684,0.15685925457074854,1.0,0.27118122442466175
0.08506493506493507,606716,0.15685098134876943,1.0,0.27116886077392144
0.085,606717,0.15685072282464477,1.0,0.27116847442800135
0.08499999999999999,606768,0.1568375392242175,1.0,0.2711487722457446
0.08487179487179487,606769,0.1568372807444019,1.0,0.27114838595706425
0.08484848484848484,606772,0.15683650531006704,1.0,0.2711472270976271
0.08481781376518219,606776,0.15683547140954818,1.0,0.27114568196711974
0.08472727272727273,606783,0.15683366211644031,1.0,0.27114297803110493
0.08472222222222223,606809,0.15682694225036214,1.0,0.27113293531232685
0.0846341463414634,606812,0.15682616691825474,1.0,0.27113177658495446
0.08461538461538462,606826,0.15682254880311655,1.0,0.2711263693215003
0.08458781362007167,606834,0.15682048138370625,1.0,0.271123279553503
0.08458498023715415,606836,0.15681996453737088,1.0,0.2711225071225071
0.08452380952380951,606838,0.15681944769444234,1.0,0.2711217346959125
0.08447204968944098,606880,0.15680859477985765,1.0,0.271105514754061
0.08445121951219511,606881,0.1568083363954383,1.0,0.27110512858862323
0.08444444444444445,606889,0.15680626935073794,1.0,0.2711020393047249
0.08441558441558442,606896,0.15680446073132795,1.0,0.2710993362390679
0.08428571428571428,606899,0.1568036856214955,1.0,0.2710981777988585
0.08428571428571427,606942,0.15679257655591472,1.0,0.2710815745770581
0.08426573426573428,606950,0.1567905099266826,1.0,0.27107848582993643
0.08423076923076923,606951,0.15679025160185914,1.0,0.2710780997414954
0.08420017482517483,606953,0.15678973495476586,1.0,0.27107732756791253
0.08412698412698412,606960,0.15678792671675235,1.0,0.27107462499501517
0.08409090909090909,606961,0.1567876684004409,1.0,0.2710742389175717
0.08404761904761905,606966,0.1567863768316512,1.0,0.2710723085468503
0.08395348837209302,606968,0.15678586021009344,1.0,0.27107153640625975
0.08392857142857142,607026,0.15677087966578038,1.0,0.27104914624247
0.08391812865497075,607027,0.15677062140563763,1.0,0.27104876023759916
0.08383838383838385,607043,0.15676648935907342,1.0,0.2710425843091852
0.08376068376068377,607048,0.15676519813919162,1.0,0.2710406543892728
0.08368055555555555,607052,0.15676416517860084,1.0,0.27103911047313073
0.08367816091954022,607056,0.15676313223162278,1.0,0.2710375665745778
0.08363636363636363,607132,0.156743508825099,1.0,0.2710082358435759
0.08361638361638361,607134,0.15674299248600804,1.0,0.2710074640679598
0.08361344537815125,607136,0.1567424761503189,1.0,0.2710066922967393
0.08357487922705314,607141,0.15674118532597864,1.0,0.2710047628879191
0.08344155844155846,607160,0.1567362803873773,1.0,0.27099743138494486
0.08342857142857142,607215,0.1567220836112415,1.0,0.27097621084912843
0.08333333333333334,607262,0.15670995385846637,1.0,0.27095807956994755
0.08333333333333333,609138,0.15622732451431368,1.0,0.2702363474759407
0.08322981366459627,609146,0.15622527275891165,1.0,0.2702332779599892
0.08318965517241379,609162,0.15622116940977934,1.0,0.27022713913727453
0.08318903318903319,609164,0.15622065650629388,1.0,0.27022637180404585
0.08307210031347964,609175,0.15621783559732424,1.0,0.270222151549183
0.08304347826086955,609259,0.15619629746954908,1.0,0.2701899284946687
0.08301075268817204,609262,0.15619552836054112,1.0,0.27018877781342543
0.08296703296703296,609306,0.15618424896521615,1.0,0.2701719022811475
0.08290598290598292,609316,0.1561816856934661,1.0,0.27016806722689074
0.08288288288288288,609317,0.15618142937091858,1.0,0.27016768372745326
0.08285714285714285,609319,0.15618091672834755,1.0,0.2701669167318445
0.08282828282828282,609328,0.15617860987842344,1.0,0.27016346530549673
0.08277526395173454,609329,0.15617835356597176,1.0,0.27016308181912385
0.08272727272727273,609339,0.15617579048772523,1.0,0.2701592470152718
0.08270833333333333,609341,0.15617527788217106,1.0,0.27015848006756515
0.082579185520362,609342,0.15617502158065585,1.0,0.2701580965953448
0.08257575757575757,609346,0.15617399638300736,1.0,0.27015656271734967
0.08253968253968254,609397,0.1561609262927123,1.0,0.27013700729958084
0.08251748251748253,609399,0.1561604137847289,1.0,0.27013624047814033
0.0825,609417,0.1561558013642547,1.0,0.27012933928107624
0.08249999999999999,609519,0.15612966946067308,1.0,0.2700902391571813
0.08245614035087719,609526,0.15612787641544412,1.0,0.27008755623039915
0.08243243243243244,609532,0.15612633955231225,1.0,0.27008525662129484
0.08242424242424243,609534,0.15612582727132532,1.0,0.2700844900936288
0.08242274966412896,609536,0.15612531499370014,1.0,0.2700837235703136
0.08240469208211144,609544,0.1561232659168165,1.0,0.27008065752056165
0.08236111111111112,609546,0.1561227536559997,1.0,0.2700798910190007
0.08232517482517485,609547,0.1561224975268519,1.0,0.27007950776985173
0.08222811671087533,609548,0.1561222413985445,1.0,0.27007912452179045
0.08222222222222222,609561,0.15611891180702178,1.0,0.27007414239597005
0.0822072072072072,609563,0.15611839957477733,1.0,0.270073375931389
0.08215686274509804,609564,0.15611814345991562,1.0,0.27007299270072993
0.08214285714285714,609643,0.15609791304091084,1.0,0.2700427209150874
0.08213969938107868,609644,0.15609765699326164,1.0,0.2700423377714214
0.08210227272727273,609645,0.15609740094645244,1.0,0.27004195462884273
0.0820999367488931,609646,0.15609714490048324,1.0,0.2700415714873512
0.08205128205128205,609647,0.156096888855354,1.0,0.2700411883469469
0.08202614379084967,609653,0.156095352602218,1.0,0.2700388895273525
0.08199999999999999,609741,0.15607282436313122,1.0,0.27000517800270957
0.08194444444444444,609745,0.15607180050676922,1.0,0.2700036458606714
0.0819047619047619,609748,0.15607103262331323,1.0,0.2700024967655537
0.08185483870967741,609775,0.15606412201221762,1.0,0.2699921553496118
0.08181818181818183,609783,0.15606207454127125,1.0,0.2699890913785008
0.08181818181818182,609803,0.15605695609893688,1.0,0.2699814317549616
0.08177339901477831,609851,0.15604467320706206,1.0,0.26996305043155105
0.08173076923076923,609854,0.1560439055905184,1.0,0.26996190168194284
0.08166666666666667,609925,0.15602574086977908,1.0,0.2699347174611999
0.08164251207729468,609940,0.15602190379381578,1.0,0.26992897501645147
0.08157894736842106,609947,0.15602011322295214,1.0,0.2699262952925142
0.08155080213903744,609949,0.15601960163882553,1.0,0.26992552966687605
0.08154761904761905,609951,0.15601909005805384,1.0,0.2699247640455812
0.08153846153846155,609957,0.15601755533586795,1.0,0.2699224672077558
0.08153846153846153,610063,0.15599044688827218,1.0,0.26988189618378194
0.08152680652680652,610064,0.15599019119305516,1.0,0.2698815134963444
0.08146718146718146,610065,0.15598993549867637,1.0,0.2698811308099922
0.08144144144144144,610067,0.15598942411243355,1.0,0.2698803654405436
0.08142857142857142,610110,0.15597843011915885,1.0,0.26986391104733765
0.08133333333333334,610111,0.15597817446333537,1.0,0.26986352841090355
0.08129870129870131,610120,0.15597587359863632,1.0,0.2698600847318243
0.08126984126984127,610128,0.1559738284425563,1.0,0.2698570237575359
0.08125,610148,0.1559687157869894,1.0,0.26984937162560685
0.08114285714285714,610154,0.15596718205567775,1.0,0.2698470760706518
0.0811111111111111,610258,0.15594060217154057,1.0,0.26980729265602715
0.08110599078341013,610290,0.1559324255681725,1.0,0.2697950539652479
0.08103448275862069,610300,0.15592987055546453,1.0,0.2697912296020775
0.08102564102564103,610302,0.15592935956297047,1.0,0.26979046474245394
0.08095238095238094,610308,0.15592782660558274,1.0,0.26978817018960355
0.08093306288032456,610310,0.1559273156264849,1.0,0.26978740534732676
0.08089330024813896,610313,0.15592654916411744,1.0,0.2697862580920427
0.08083538083538085,610315,0.15592603819339193,1.0,0.2697854932606073
0.08082706766917293,610317,0.15592552722601533,1.0,0.2697847284335085
0.08080357142857142,610354,0.15591607493356316,1.0,0.2697705799143325
0.08079710144927535,610356,0.15591556403148327,1.0,0.26976981517178816
0.08076923076923077,610382,0.1559089226091202,1.0,0.269759873913253
0.08074866310160428,610383,0.15590866718109778,1.0,0.2697594915717876
0.08074534161490683,610384,0.1559084117539123,1.0,0.26975910923140595
0.08071428571428571,610463,0.1558882356506455,1.0,0.2697289077657176
0.08068181818181819,610486,0.15588236257670118,1.0,0.2697201162049174
0.08058292282430213,610488,0.15588185189553275,1.0,0.2697193517484539
0.08055555555555555,610508,0.1558767452678753,1.0,0.2697117074221451
0.08051948051948052,610534,0.15587010715209965,1.0,0.26970177044571475
0.08044444444444444,610536,0.15586959655122712,1.0,0.26970100609324077
0.0803448275862069,610623,0.15584738865060765,1.0,0.2696677609533754
0.08034188034188035,610624,0.15584713342416937,1.0,0.26966737887297604
0.0803030303030303,610638,0.15584356034180644,1.0,0.26966202986106586
0.08028846153846154,610640,0.15584304991484343,1.0,0.2696612657338298
0.08025210084033613,610657,0.15583871142065023,1.0,0.2696547708271644
0.08022727272727273,610659,0.15583820102544957,1.0,0.2696540067410668
0.08021978021978021,610671,0.1558351387244523,1.0,0.26964942231541367
0.08015873015873015,610676,0.15583386280122355,1.0,0.26964751218406435
0.0801470588235294,610693,0.15582952481852583,1.0,0.26964101793989437
0.08006912442396313,610694,0.15582926965059424,1.0,0.2696406359352731
0.08000000000000002,611002,0.15575071767359192,1.0,0.26952302999578004
0.08,611023,0.1557453647407708,1.0,0.2695150151447138
0.07999999999999999,611132,0.15571758638068373,1.0,0.2694734219080952
0.07976190476190476,611145,0.15571427402662216,1.0,0.26946846210369685
0.07972027972027973,611146,0.1557140192359927,1.0,0.2694680805878439
0.07971014492753623,611156,0.15571147137555713,1.0,0.2694642654887303
0.0796774193548387,611210,0.15569771436985652,1.0,0.26944366582008966
0.07964285714285714,611222,0.15569465758758683,1.0,0.26943908854365745
0.07955555555555555,611234,0.1556916009253412,1.0,0.269434511422739
0.07953667953667953,611239,0.15569032735149427,1.0,0.26943260433491933
0.07948717948717948,611240,0.15569007263922519,1.0,0.26943222292059504
0.07941176470588235,611242,0.1556895632171873,1.0,0.26943146009518604
0.07939244663382594,611244,0.1556890537984831,1.0,0.2694306972740966
0.07937499999999999,611312,0.15567173554584238,1.0,0.26940476392687085
0.07937438905180841,611313,0.1556714808944027,1.0,0.26940438259136534
0.07936507936507936,611317,0.15567046229697523,1.0,0.2694028572601387
0.07932900432900433,611318,0.15567020764970113,1.0,0.26940247593003075
0.07932330827067668,611325,0.15566842514210935,1.0,0.26939980664950197
0.07923976608187133,611328,0.15566766122278056,1.0,0.26939866268832485
0.07922077922077922,611329,0.15566740658467046,1.0,0.2693982813700915
0.07916666666666666,611355,0.15566078628620034,1.0,0.26938836747490164
0.07909090909090909,611404,0.15564831110035263,1.0,0.2693696855787412
0.07903225806451614,611415,0.15564551082325426,1.0,0.2693654920398144
0.07894736842105263,611417,0.15564500169278905,1.0,0.26936472959221947
0.0788235294117647,611458,0.15563456525223318,1.0,0.26934910036766474
0.0788095238095238,611459,0.15563431072238695,1.0,0.26934871918972353
0.0787878787878788,611479,0.1556292203002883,1.0,0.2693410958574556
0.07872474747474749,611481,0.15562871127639288,1.0,0.2693403335479625
0.07871621621621622,611485,0.1556276932385913,1.0,0.26933880894192164
0.07870967741935483,611491,0.1556261662068616,1.0,0.2693365220652228
0.07868131868131868,611497,0.1556246392050983,1.0,0.26933423522735794
0.07866666666666666,611509,0.1556215852914675,1.0,0.26932966166812655
0.07863247863247863,611526,0.15561725911899085,1.0,0.2693231827250987
0.07857142857142857,611641,0.15558800015041502,1.0,0.2692793627662509
0.07846153846153847,611660,0.15558316711898768,1.0,0.26927212431949116
0.07840531561461794,611663,0.1555824040362095,1.0,0.269270981442418
0.07833333333333334,611664,0.1555821496769468,1.0,0.2692706004855495
0.07833333333333332,611687,0.1555762996434451,1.0,0.26926183877507426
0.0783279220779221,611689,0.15557579096567045,1.0,0.26926107691415324
0.07828947368421052,611715,0.15556917845728813,1.0,0.2692511731144934
0.0782520325203252,611717,0.1555686698260797,1.0,0.26925041131392696
0.0782395566922421,611718,0.15556841551172274,1.0,0.2692500304152603
0.0782051282051282,611726,0.1555663810267996,1.0,0.26924698326472296
0.078125,611729,0.1555656181086723,1.0,0.2692458406010528
0.0781081081081081,611749,0.15556053217904728,1.0,0.26923822309110174
0.07803030303030303,611797,0.15554832730464516,1.0,0.2692199428257004
0.07792207792207792,611798,0.15554807305679325,1.0,0.26921956201323405
0.07789473684210525,611809,0.1555452763852771,1.0,0.26921537314720645
0.07788697788697789,611810,0.1555450221473987,1.0,0.2692149923476677
0.07783251231527094,611816,0.15554349673758122,1.0,0.2692127075730572
0.07777777777777778,611857,0.15553307390452345,1.0,0.2691970959844191
0.07774294670846396,611860,0.15553231131304546,1.0,0.2691959537441444
0.07769230769230769,611864,0.1555312945360407,1.0,0.2691944307721901
0.07766666666666666,611869,0.15553002358347948,1.0,0.2691925270814799
0.0775974025974026,611871,0.15552951520827102,1.0,0.2691917656127349
0.07750000000000001,611874,0.15552875265168972,1.0,0.2691906234176947
0.0775,611901,0.1555218899789345,1.0,0.2691803440984917
0.07749999999999999,611907,0.1555203650227894,1.0,0.2691780599119466
0.07738095238095238,611920,0.1555170610537325,1.0,0.26917311097408514
0.07732793522267206,611924,0.15551604447611142,1.0,0.26917158826058424
0.07731707317073169,611928,0.15551502791178048,1.0,0.2691700655643113
0.07729105571847508,611929,0.15551477377277428,1.0,0.26916968489293486
0.07727272727272727,611960,0.15550689587554742,1.0,0.2691578846142968
0.07714285714285714,611973,0.15550359247875314,1.0,0.26915293641826127
0.07703349282296651,611975,0.15550308427631848,1.0,0.2691521751734807
0.07701149425287357,611986,0.15550028922230247,1.0,0.2691479884041575
0.07698412698412697,612006,0.15549520756332455,1.0,0.26914037642999566
0.0769767441860465,612008,0.1554946994156939,1.0,0.2691396152562602
0.0769607843137255,612009,0.15549444534312404,1.0,0.269139234671007
0.07692307692307693,612380,0.1554002416800026,1.0,0.2689981117782074
0.07678571428571429,612418,0.15539059923124401,1.0,0.2689836654974264
0.07666666666666667,612419,0.15539034549875166,1.0,0.26898328535309635
0.07666666666666666,612436,0.1553860321731577,1.0,0.2689768230638779
0.07658730158730159,612438,0.15538552473883072,1.0,0.26897606281497227
0.07657142857142857,612440,0.1553850173078179,1.0,0.26897530257036417
0.07653846153846154,612443,0.15538425616751272,1.0,0.26897416221151005
0.07649769585253456,612451,0.15538222649648706,1.0,0.26897112130183787
0.07648902821316614,612452,0.15538197279133711,1.0,0.26897074119296344
0.07647058823529412,612460,0.15537994317996276,1.0,0.2689677003606435
0.07636363636363637,612462,0.15537943578540384,1.0,0.2689669401633066
0.07634408602150537,612464,0.15537892839415868,1.0,0.26896617997026684
0.07624521072796935,612473,0.1553766451745628,1.0,0.26896275915476436
0.07622377622377623,612477,0.15537563043183664,1.0,0.2689612388202493
0.07619047619047618,612479,0.15537512306544388,1.0,0.268960478659437
0.07613636363636364,612517,0.1553654837335127,1.0,0.2689460364203645
0.07608695652173914,612529,0.1553624399824335,1.0,0.2689414760355126
0.07604166666666666,612534,0.15536117178801503,1.0,0.26893957592080237
0.07602339181286549,612536,0.15536066451604477,1.0,0.26893881588243607
0.07589285714285714,612543,0.1553588890902353,1.0,0.2689361557819832
0.07582417582417583,612544,0.1553586354612893,1.0,0.26893577577192856
0.07582417582417582,612546,0.15535812820588168,1.0,0.2689350157550409
0.07576923076923077,612549,0.15535736732898103,1.0,0.2689338757377638
0.07576923076923076,612551,0.1553568600818544,1.0,0.2689331157316151
0.07575757575757576,612560,0.15535457751077444,1.0,0.268929695757103
0.07571428571428572,612564,0.1553535630562684,1.0,0.26892817579635114
0.07555555555555556,612588,0.15534747660744253,1.0,0.2689190563926347
0.07554347826086956,612647,0.15533251611449986,1.0,0.2688966404873617
0.07549407114624507,612649,0.15533200902964014,1.0,0.2688958806916516
0.07549019607843137,612654,0.1553307413319753,1.0,0.26889398122116137
0.07545454545454545,612658,0.15532972718874152,1.0,0.2688924616640907
0.07539682539682539,612660,0.15532922012209055,1.0,0.26889170189199574
0.07532467532467532,612669,0.1553269383631292,1.0,0.2688882829707007
0.07523809523809524,612681,0.15532389612212555,1.0,0.2688837245442152
0.07517482517482518,612689,0.15532186802766168,1.0,0.2688806856790888
0.07500000000000001,612695,0.15532034699157002,1.0,0.26887840657532075
0.075,612802,0.15529322684978183,1.0,0.2688377690454062
0.07491039426523297,612821,0.15528841211381464,1.0,0.26883055431965364
0.07482517482517484,612847,0.1552818240115396,1.0,0.26882068216454263
0.07482517482517483,612849,0.15528131725759525,1.0,0.2688199227980277
0.07478991596638655,612863,0.15527777007259372,1.0,0.2688146073525445
0.07477477477477477,612868,0.1552765032600821,1.0,0.26881270903010035
0.07471264367816091,612870,0.1552759965408651,1.0,0.2688119497086298
0.07461538461538463,612873,0.15527523646824057,1.0,0.2688108107344673
0.0745819397993311,612875,0.15527472975729145,1.0,0.268810051423721
0.07457264957264957,612877,0.15527422304964944,1.0,0.2688092921172644
0.0745,612944,0.15525725025450937,1.0,0.26878385782959663
0.07448680351906159,612945,0.15525699695731265,1.0,0.26878347824981746
0.07444444444444445,612950,0.15525573048372623,1.0,0.268781580367003
0.07435897435897436,612951,0.15525547719148838,1.0,0.26878120079365636
0.07432432432432433,612955,0.15525446403080162,1.0,0.26877968251099044
0.07430555555555556,612974,0.15524965169811444,1.0,0.2687724709025642
0.07428571428571429,612978,0.15524863861345758,1.0,0.2687709527185226
0.07427536231884058,612979,0.15524838534435928,1.0,0.26877057317519204
0.07403846153846154,613051,0.1552301521406865,1.0,0.26874324887216455
0.07402597402597402,613055,0.1552291393105023,1.0,0.26874173101823023
0.07400000000000001,613082,0.1552223030524465,1.0,0.26873148595262103
0.07398373983739837,613086,0.1552212903246853,1.0,0.2687299682315567
0.07386363636363637,613091,0.15522002443356697,1.0,0.2687280711043339
0.07380952380952381,613107,0.15521597372073717,1.0,0.26872200047721845
0.0738095238095238,613109,0.15521546739649883,1.0,0.26872124166811384
0.07373737373737374,613120,0.15521268267223381,1.0,0.26871706829463887
0.07371273712737128,613121,0.15521242952043723,1.0,0.26871668890347816
0.0736842105263158,613127,0.15521091062699896,1.0,0.2687144125790106
0.07364341085271317,613129,0.1552104043357923,1.0,0.2687136538127583
0.07361111111111111,613184,0.15519648262185576,1.0,0.26869278941988967
0.07357954545454545,613185,0.1551962295229009,1.0,0.26869241009728256
0.07353846153846154,613190,0.15519496404050948,1.0,0.268690513500312
0.07347670250896057,613192,0.1551944578533314,1.0,0.26868975486902064
0.0733615221987315,613194,0.15519395166945535,1.0,0.2686889962420132
0.07335907335907335,613199,0.15519268622421106,1.0,0.2686870996932364
0.07333333333333333,613242,0.15518180424693678,1.0,0.2686707904789062
0.07324561403508771,613243,0.15518155119585547,1.0,0.2686704112184098
0.07321428571428572,613296,0.15516814066943205,1.0,0.268650311944217
0.07320261437908496,613307,0.1551653576430727,1.0,0.2686461407735814
0.07310924369747898,613309,0.15516485164900565,1.0,0.2686453823928364
0.07307692307692308,613341,0.1551567561927215,1.0,0.26863324888321183
0.073015873015873,613343,0.1551562502547514,1.0,0.2686324905752519
0.07293233082706767,613349,0.15515473246063824,1.0,0.26863021567705886
0.07284482758620689,613429,0.1551344980429683,1.0,0.26859988738246077
0.07272727272727274,613697,0.1550667511817721,1.0,0.2684983374737783
0.07272727272727272,613705,0.15506472979688937,1.0,0.26849530731348104
0.07269841269841269,613716,0.15506195047872307,1.0,0.2684911409547455
0.07264957264957266,613727,0.15505917126018573,1.0,0.2684869747253104
0.07261904761904761,613729,0.1550586659584279,1.0,0.26848621724294075
0.07256944444444444,613730,0.155058413308784,1.0,0.2684858385033588
0.07250000000000001,613732,0.15505790801196614,1.0,0.2684850810274004
0.0725,613800,0.15504072987943956,1.0,0.2684593293876699
0.07245989304812835,613801,0.15504047728824163,1.0,0.26845895072394266
0.07243589743589743,613804,0.15503971951958606,1.0,0.2684578147391702
0.07236363636363637,613810,0.1550382040044965,1.0,0.2684555427984665
0.07225274725274726,613819,0.15503593078741454,1.0,0.2684521349595124
0.07222222222222223,613820,0.15503567821185363,1.0,0.2684517563160805
0.07222222222222222,613862,0.15502507078138084,1.0,0.26843585425640243
0.0721774193548387,613915,0.15501168728569917,1.0,0.26841579006006383
0.07214285714285715,613935,0.15500663751048563,1.0,0.2684082194446755
0.07207792207792207,613945,0.15500411274625578,1.0,0.26840443429712496
0.072,613946,0.15500386027435636,1.0,0.26840405578824156
0.07188328912466843,613957,0.15500108313774416,1.0,0.2683998922609822
0.071875,613997,0.15499098529797378,1.0,0.2683847532506723
0.07179487179487179,614009,0.15498795620259637,1.0,0.2683802118805989
0.07177177177177177,614017,0.1549859368714547,1.0,0.2683771843859325
0.07171717171717172,614024,0.15498416999986972,1.0,0.2683745353841295
0.07167832167832167,614025,0.1549839175929319,1.0,0.26837415695956934
0.07166666666666666,614035,0.1549813935687705,1.0,0.26837037277266323
0.0715909090909091,614064,0.15497407436358426,1.0,0.2683593992340968
0.07154150197628459,614071,0.15497230776245743,1.0,0.26835675058337505
0.07153846153846154,614076,0.15497104592916838,1.0,0.2683548587220123
0.07142857142857142,615362,0.1546471832839857,1.0,0.2678691560899953
0.07134502923976607,615373,0.154644418913407,1.0,0.26786500914097366
0.0713235294117647,615395,0.15463889046872334,1.0,0.26785671562811814
0.07121588089330025,615398,0.1546381366205285,1.0,0.267855584734337
0.07116883116883117,615400,0.15463763405914852,1.0,0.2678548308104548
0.07107142857142856,615415,0.15463386495291795,1.0,0.26784917651661533
0.0710344827586207,615417,0.15463336241930267,1.0,0.2678484226288066
0.07097902097902098,615420,0.15463260862500405,1.0,0.26784729180505046
0.07094017094017094,615425,0.15463135231750416,1.0,0.26784540712000887
0.07093023255813954,615427,0.15463084980022002,1.0,0.26784465325341866
0.07091503267973856,615432,0.15462959352129885,1.0,0.2678427686055086
0.07091346153846154,615433,0.15462934226796418,1.0,0.2678423916791093
0.07083333333333333,615456,0.15462356366661467,1.0,0.26783372266471533
0.07077922077922078,615483,0.15461678064219483,1.0,0.26782354671165853
0.0706896551724138,615508,0.15461050059463077,1.0,0.2678141252223248
0.07062937062937064,615512,0.1546094958343623,1.0,0.2678126178455443
0.07060810810810811,615527,0.15460572809966094,1.0,0.2678069653337386
0.07058823529411766,615536,0.15460346754698345,1.0,0.26780357394118476
0.07055555555555555,615567,0.15459568170483473,1.0,0.2677918931353775
0.07053140096618357,615573,0.15459417485822152,1.0,0.26778963245194776
0.07045454545454545,615577,0.15459317031013178,1.0,0.2677881253508662
0.07039473684210526,615583,0.15459166351247516,1.0,0.2677858647310506
0.07036199095022624,615585,0.15459116125311695,1.0,0.26778511119959364
0.07023809523809524,615592,0.15458940337106394,1.0,0.2677824738728903
0.07019230769230769,615597,0.15458814776550242,1.0,0.26778059009990696
0.07018633540372671,615622,0.15458187004363066,1.0,0.2677711716325307
0.07015873015873016,615623,0.15458161894536104,1.0,0.2677707949076165
0.07,615660,0.15457232888282493,1.0,0.2677568568309455
0.06999999999999999,618341,0.15390213490614402,1.0,0.266750758579127
0.06989966555183946,618344,0.15390138822403063,1.0,0.2667496370047708
0.06984126984126984,618378,0.1538929263330843,1.0,0.2667369264878591
0.06981707317073171,618382,0.15389193087767755,1.0,0.2667354312125637
0.0698051948051948,618384,0.1538914331548035,1.0,0.26673468358120267
0.06979166666666667,618385,0.15389118429457377,1.0,0.2667343097670938
0.06977886977886978,618387,0.15389068657652893,1.0,0.26673356214201926
0.0696969696969697,618389,0.15389018886170355,1.0,0.2667328145211358
0.06964656964656965,618391,0.1538896911500976,1.0,0.2667320669044433
0.06964285714285715,618432,0.153879488771603,1.0,0.26671674168577175
0.06953781512605042,618434,0.153878991129207,1.0,0.26671599415917646
0.06947674418604652,618436,0.1538784934900297,1.0,0.2667152466367713
0.06945454545454546,618445,0.15387625415356257,1.0,0.26671188283780056
0.06944444444444445,618454,0.15387401488227095,1.0,0.26670851912367677
0.06935483870967742,618473,0.1538692877457868,1.0,0.26670141822803467
0.06923076923076923,618494,0.15386406335388864,1.0,0.26669357030958807
0.0691919191919192,618525,0.15385635180469664,1.0,0.26668198613121397
0.06914285714285714,618551,0.1538498846497702,1.0,0.2666722711446446
0.06904761904761905,618561,0.15384739742725453,1.0,0.26666853479981784
0.06903225806451613,618566,0.15384615384615385,1.0,0.2666666666666667
0.06893939393939394,618573,0.15384441286638764,1.0,0.26666405132422727
0.06876876876876878,618577,0.15384341803849805,1.0,0.26666255686586593
0.06875,618596,0.1538386927817186,1.0,0.26665545841739524
0.06868131868131869,618633,0.15382949179885327,1.0,0.2666416362074932
0.06859903381642511,618685,0.15381656254798484,1.0,0.26662221282091875
0.06857142857142857,618686,0.15381631392984488,1.0,0.2666218393219864
0.06853146853146853,618698,0.15381333057485236,1.0,0.26661735741641945
0.06850649350649352,618701,0.1538125847541866,1.0,0.26661623696357156
0.06844444444444445,618706,0.15381134173581637,1.0,0.2666143695630857
0.06833333333333333,618707,0.15381109313455318,1.0,0.2666139960861276
0.06825396825396825,618738,0.15380338689396805,1.0,0.2666024188193898
0.06818181818181818,618760,0.1537979184174801,1.0,0.2665942033045534
0.06813725490196078,618767,0.15379617852923635,1.0,0.26659158938328775
0.068125,618771,0.15379518432505726,1.0,0.26659009573700687
0.06805555555555555,618827,0.15378126681608914,1.0,0.2665691864463277
0.06794871794871796,618829,0.15378076980878402,1.0,0.26656843974660815
0.0679144385026738,618830,0.15378052130633615,1.0,0.2665680663983171
0.06785714285714285,618868,0.15377107880840502,1.0,0.266553879938154
0.06775362318840579,618874,0.15376958799367885,1.0,0.26655164010878973
0.06767676767676767,618876,0.15376909106186054,1.0,0.26655089350736655
0.06764705882352942,618896,0.15376412192032263,1.0,0.26654342772316053
0.06761363636363638,618901,0.15376287968511926,1.0,0.26654156134245477
0.06755555555555555,618962,0.15374772603164652,1.0,0.26651879360224945
0.06752136752136753,618964,0.15374722924111903,1.0,0.2665180471848184
0.06748768472906404,618995,0.15373952939846042,1.0,0.2665064782492414
0.06739811912225706,618999,0.15373853592655237,1.0,0.2665049855565186
0.06738095238095237,619005,0.1537370457427646,1.0,0.26650274654878603
0.06728110599078341,619007,0.153736549021255,1.0,0.2665020002212355
0.06727272727272728,619015,0.1537345621673142,1.0,0.26649901495283396
0.06714285714285714,619067,0.15372164886837775,1.0,0.26647961233830514
0.06709401709401709,619122,0.1537079929319262,1.0,0.26645909341636265
0.06703296703296703,619123,0.15370774466463044,1.0,0.2664587203743033
0.06694444444444445,619124,0.15370749639813672,1.0,0.26645834733328855
0.06688311688311688,619126,0.15370699986755523,1.0,0.26645760125439244
0.06682027649769585,619166,0.1536970699295504,1.0,0.2664426805538057
0.06671826625386997,619167,0.1536968216975388,1.0,0.2664423075577009
0.06666666666666667,619700,0.15356462804582863,1.0,0.2662436491416549
0.06658653846153846,619702,0.15356413243784917,1.0,0.2662429042645755
0.06651785714285714,619728,0.15355768982521364,1.0,0.26623322124181
0.06647058823529413,619737,0.15355545981601873,1.0,0.2662298695903349
0.06636363636363637,619748,0.15355273433718222,1.0,0.2662257732420214
0.06626984126984127,619818,0.15353539264751911,1.0,0.26619970852413066
0.06623376623376623,619831,0.1535321724792726,1.0,0.2661948684955839
0.06621621621621622,619837,0.15353068629333197,1.0,0.2661926346956158
0.06614420062695925,619845,0.15352870475683436,1.0,0.26618965635397596
0.06608695652173914,619849,0.1535277140077664,1.0,0.26618816720814864
0.06607142857142857,619850,0.1535274663224974,1.0,0.2661877949242952
0.0660633484162896,619852,0.15352697095435686,1.0,0.2661870503597123
0.06599099099099098,619855,0.1535262279081398,1.0,0.26618593352064773
0.06596638655462185,619866,0.15352350346687832,1.0,0.26618183852425775
0.06590038314176244,619915,0.15351136849406774,1.0,0.26616359870727574
0.06587301587301587,619919,0.15351037796873462,1.0,0.2661621098529821
0.06578947368421052,619960,0.1535002258210207,1.0,0.26614685005677335
0.06571428571428573,619961,0.1534999782244367,1.0,0.26614647788848106
0.06566666666666666,619973,0.15349700712772976,1.0,0.2661420119501578
0.06555555555555555,620006,0.15348883720480125,1.0,0.26612973139253604
0.06547619047619048,620020,0.15348537143963098,1.0,0.2661245218013826
0.06547619047619047,620024,0.15348438124975808,1.0,0.26612303338422905
0.06545454545454546,620030,0.15348289598890377,1.0,0.2661208007897158
0.0653958944281525,620035,0.15348165829348343,1.0,0.2661189403229031
0.06538461538461539,620042,0.15347992555343026,1.0,0.2661163357130673
0.06535087719298245,620045,0.1534791829625269,1.0,0.2661152194673166
0.06525096525096524,620054,0.15347695523293134,1.0,0.2661118707862498
0.06523297491039426,620103,0.15346482761734745,1.0,0.2660936405566034
0.06519607843137254,620104,0.1534645801349451,1.0,0.2660932685371078
0.06513409961685823,620115,0.15346185788119945,1.0,0.26608917639131024
0.06512820512820514,620117,0.1534613629363491,1.0,0.266088432378324
0.06505494505494505,620119,0.15346086799469133,1.0,0.2660876883694985
0.06503759398496241,620130,0.15345814587263962,1.0,0.26608359639532836
0.065,620199,0.15344107294594153,1.0,0.2660579314278206
0.06493506493506493,620204,0.15343983592495372,1.0,0.26605607183994806
0.06493212669683258,620205,0.1534395885231496,1.0,0.266055699925493
0.06493055555555555,620236,0.15343191946291412,1.0,0.2660441710930948
0.06491228070175438,620238,0.15343142471115925,1.0,0.2660434273317659
0.06483516483516483,620239,0.15343117733647835,1.0,0.26604305545266094
0.06480938416422287,620246,0.15342944573604667,1.0,0.26604045232803564
0.06474358974358974,620260,0.15342598265243607,1.0,0.2660352462316053
0.06464646464646465,620290,0.15341856228538264,1.0,0.2660240909967657
0.06464285714285714,620293,0.15341782028815415,1.0,0.26602297552473453
0.06463414634146342,620296,0.15341707829810283,1.0,0.26602186006205797
0.06457142857142857,620298,0.1534165836420559,1.0,0.2660211164254705
0.0645484949832776,620299,0.15341633631522864,1.0,0.2660207446087359
0.06445993031358885,620302,0.1534155943395314,1.0,0.2660196291647681
0.06444444444444444,620310,0.15341361577275878,1.0,0.2660166546932523
0.06437908496732025,620333,0.15340792767755382,1.0,0.2660081034581557
0.06432432432432433,620334,0.15340768037863473,1.0,0.2660077316777964
0.06428571428571428,620394,0.1533928439024233,1.0,0.2659854267578589
0.06420454545454546,620398,0.15339185490604418,1.0,0.26598393989619346
0.06417582417582418,620400,0.153391360412637,1.0,0.2659831964715944
0.06416666666666666,620401,0.153391113167129,1.0,0.2659828247608533
0.06412698412698412,620408,0.15338938247089012,1.0,0.2659802228147552
0.0641025641025641,620409,0.1533891352317584,1.0,0.26597985111232536
0.064,620417,0.153387157347397,1.0,0.2659768775302866
0.06396103896103895,620420,0.15338641565391187,1.0,0.26597576245416327
0.06388888888888888,620442,0.153380976787516,1.0,0.2659675855149342
0.06379928315412187,620453,0.1533782574989564,1.0,0.26596349723385554
0.06368421052631579,620455,0.15337776309321385,1.0,0.26596275392352636
0.06366366366366366,620461,0.15337627989511024,1.0,0.2659605240174673
0.06363636363636364,620533,0.15335848375509442,1.0,0.26593376806106495
0.06363636363636363,620537,0.15335749520173655,1.0,0.26593228177688727
0.0635258358662614,620539,0.1533570009298368,1.0,0.2659315386410285
0.06345029239766081,620543,0.15335601239559546,1.0,0.26593005238177075
0.06333333333333332,620545,0.15335551813325382,1.0,0.26592930925837177
0.06324786324786325,620550,0.15335428249133834,1.0,0.26592745146804453
0.06319444444444444,620558,0.15335230550569004,1.0,0.26592447905751115
0.06310160427807487,620562,0.15335131703198068,1.0,0.2659229928771625
0.0630952380952381,620570,0.15334934012279033,1.0,0.26592002056629976
0.06307692307692309,620583,0.1533461277540635,1.0,0.26591519070286007
0.06305555555555556,620586,0.15334538645731616,1.0,0.265914076143905
0.06304347826086956,620665,0.1533258682219877,1.0,0.26588472945354263
0.06298701298701298,620668,0.15332512712110177,1.0,0.2658836151499234
0.06291208791208791,620673,0.15332389196887894,1.0,0.26588175799798003
0.06287262872628727,620677,0.15332290386142872,1.0,0.2658802722951046
0.06283422459893048,620680,0.15332216278919894,1.0,0.26587915802884426
0.06274509803921569,620681,0.1533219157667143,1.0,0.2658787866088329
0.06262626262626263,620683,0.15332142172413293,1.0,0.2658780437719233
0.0625,622604,0.15284835947086753,1.0,0.26516646047190734
0.062461538461538464,622608,0.15284737748310334,1.0,0.26516498275218314
0.062450592885375494,622615,0.1528456590348771,1.0,0.26516239678229653
0.06235632183908046,622626,0.15284295869430445,1.0,0.2651583332172362
0.06222222222222223,622635,0.15284074939571338,1.0,0.2651550085748239
0.06218487394957983,622636,0.15284050392203472,1.0,0.2651546391752578
0.06212121212121212,622644,0.15283854016099088,1.0,0.2651516840157814
0.06209150326797386,622650,0.1528370673733237,1.0,0.26514946768940145
0.06207792207792208,622652,0.1528365764504089,1.0,0.26514872892217506
0.062,622732,0.15281694211956348,1.0,0.2651191816084781
0.0619047619047619,622735,0.15281620593029138,1.0,0.2651180737123189
0.061801242236024845,622737,0.15281571514138392,1.0,0.26511733512002356
0.06166666666666666,622753,0.15281178894361006,1.0,0.26511142652980774
0.061587301587301586,622755,0.1528112981830736,1.0,0.2651106879745487
0.06153846153846154,623001,0.15275095866619798,1.0,0.2650198770477537
0.06145833333333333,623005,0.15274997792955114,1.0,0.2650184009613336
0.06142857142857143,623013,0.15274801649403785,1.0,0.26501544883782135
0.06136363636363637,623025,0.1527450744352153,1.0,0.2650110207758682
0.061244019138755976,623031,0.15274360344830354,1.0,0.2650088068003815
0.061111111111111116,623146,0.152715415007077,1.0,0.264966379418357
0.061021505376344085,623150,0.1527144347267913,1.0,0.26496490392780875
0.061003861003861,623151,0.15271418965868624,1.0,0.26496453505773926
0.06083916083916084,623152,0.15271394459136775,1.0,0.2649641661886969
0.06076923076923077,623153,0.1527136995248358,1.0,0.26496379732068154
0.060714285714285714,623260,0.1526874819497481,1.0,0.26492433437635715
0.06071428571428571,623262,0.15268699198731833,1.0,0.2649235968631425
0.0606896551724138,623273,0.15268429725016164,1.0,0.26491954061386036
0.06068376068376068,623274,0.15268405227877305,1.0,0.2649191718700848
0.06060606060606061,623287,0.15268086772225314,1.0,0.26491437829441394
0.060454545454545455,623292,0.15267964292819416,1.0,0.26491253465765474
0.06041666666666666,623299,0.1526779282495239,1.0,0.2649099536093021
0.06036363636363637,623318,0.1526732743158388,1.0,0.2649029481601488
0.0603448275862069,623388,0.15265613069228154,1.0,0.2648771418074127
0.06023391812865497,623401,0.15265294730037327,1.0,0.26487234975263196
0.06015037593984962,623402,0.15265270242957193,1.0,0.2648719811402154
0.06008869179600887,623404,0.15265221269032603,1.0,0.26487124391846006
0.06000000000000001,623417,0.1526490294618209,1.0,0.2648664520770797
0.060000000000000005,623506,0.1526272401548662,1.0,0.26483365104985596
0.06,623510,0.15262626100623888,1.0,0.2648321770371545
0.059890109890109886,623513,0.15262552665301285,1.0,0.26483107153839625
0.059848484848484845,623522,0.15262332363573378,1.0,0.2648277550974974
0.05982905982905983,623524,0.15262283408497507,1.0,0.264827018121911
0.0598014888337469,623525,0.15262258931077344,1.0,0.26482664963565605
0.05974025974025974,623537,0.1526196520815926,1.0,0.26482222788057896
0.05967741935483871,623582,0.15260863847898112,1.0,0.2648056476140389
0.059444444444444446,623595,0.1526054570674877,1.0,0.26480085814577625
0.05944055944055945,623625,0.15259811585488073,1.0,0.2647898061879077
0.05942028985507246,623630,0.15259689238811475,1.0,0.2647879642846212
0.0593984962406015,623632,0.1525964030069015,1.0,0.2647872275304815
0.059375000000000004,623679,0.152584903451936,1.0,0.2647699149883911
0.05935483870967742,623690,0.15258221231701646,1.0,0.2647658634437591
0.05934065934065934,623694,0.15258123374603572,1.0,0.2647643901855443
0.059313725490196076,623708,0.15257780884644737,1.0,0.26475923391090483
0.059151193633952256,623712,0.15257683033194808,1.0,0.2647577607264674
0.0590909090909091,623744,0.15256900266776113,1.0,0.26474597584113685
0.05909090909090909,623749,0.15256777966778304,1.0,0.2647441345475739
0.05904761904761904,623750,0.1525675350701403,1.0,0.2647437662919348
0.05886363636363637,623752,0.1525670458772076,1.0,0.26474302978372993
0.058823529411764705,623801,0.15255506163023144,1.0,0.2647249866127002
0.058809523809523805,623808,0.1525533497486406,1.0,0.2647224092176051
0.05879120879120879,623810,0.15255286064667126,1.0,0.2647216728282247
0.05875000000000001,623824,0.15254943702069815,1.0,0.26471651821727205
0.05873015873015873,623845,0.1525443018698555,1.0,0.2647087866772182
0.05858585858585859,623858,0.15254112314020177,1.0,0.26470400071207834
0.05857142857142857,623881,0.15253549955840937,1.0,0.26469553365922854
0.05849802371541502,623892,0.15253281016586204,1.0,0.2646914843906455
0.05846153846153847,623894,0.1525323211955877,1.0,0.2646907481733045
0.058333333333333334,623926,0.1525244980975308,1.0,0.2646789692528056
0.05824561403508771,623927,0.15252425363864683,1.0,0.2646786011784322
0.05818181818181819,623937,0.15252180909290522,1.0,0.26467492049100194
0.05810810810810811,623945,0.15251985351272948,1.0,0.2646719760147627
0.05808080808080808,623966,0.1525147203533526,1.0,0.26466424707632835
0.05804195804195804,623971,0.15251349822347512,1.0,0.26466240691942405
0.05795454545454545,623985,0.15251007636401517,1.0,0.26465725461622003
0.05791666666666667,623987,0.152509587539484,1.0,0.26465651858928096
0.05789473684210526,623999,0.15250665465810043,1.0,0.26465210251361654
0.05788288288288288,624000,0.15250641025641026,1.0,0.26465173451396345
0.057839721254355395,624001,0.15250616585550344,1.0,0.2646513665153338
0.05781637717121588,624003,0.1525056770560398,1.0,0.26465063052114457
0.0577922077922078,624014,0.1525029887149968,1.0,0.26464658262627616
0.05777777777777778,624016,0.15250249993589907,1.0,0.2646458466586946
0.057701149425287354,624018,0.15250201115993448,1.0,0.26464511069520646
0.057692307692307696,624029,0.1524993229481322,1.0,0.26464106296918904
0.05765765765765766,624031,0.1524988341925321,1.0,0.26464032703230694
0.05764705882352942,624042,0.15249614609273093,1.0,0.2646362794526186
0.0575,624043,0.15249590172472088,1.0,0.26463591149696813
0.05748792270531401,624064,0.1524907701774177,1.0,0.2646281846646682
0.05745614035087719,624082,0.1524863719831689,1.0,0.26462156202467585
0.05745454545454545,624100,0.15248197404262137,1.0,0.2646149397161543
0.05733333333333333,624103,0.152481241077194,1.0,0.2646138360302919
0.05731707317073171,624114,0.15247855359757992,1.0,0.26460978926089773
0.057211538461538466,624115,0.1524783092859489,1.0,0.2646094213789086
0.05714285714285715,624124,0.15247611051649992,1.0,0.26460611048703714
0.05714285714285714,624947,0.15227531294653787,1.0,0.264303697624394
0.057142857142857134,624952,0.15227409465046915,1.0,0.2643018624777119
0.05705329153605016,624963,0.15227141446773648,1.0,0.2642978252447138
0.05705128205128205,624966,0.15227068352518378,1.0,0.26429672420257455
0.05701754385964912,624967,0.15227043987922562,1.0,0.2642963571905667
0.056993006993006995,624986,0.1522658107541609,1.0,0.26428938415607856
0.056976744186046514,624987,0.15226556712379619,1.0,0.2642890171644558
0.05694444444444444,625027,0.1522558225484659,1.0,0.26427433833524716
0.05681818181818182,625031,0.15225484815953128,1.0,0.264272870542006
0.056696428571428564,625035,0.15225387378306815,1.0,0.2642714027650691
0.05666666666666667,625047,0.15225095072850522,1.0,0.2642669995320816
0.056666666666666664,625064,0.1522468099266635,1.0,0.26426076186985237
0.05664451827242525,625065,0.15224656635709885,1.0,0.2642603949577148
0.056643356643356645,625067,0.15224607922030758,1.0,0.2642596611364965
0.05656565656565657,625080,0.1522429129071479,1.0,0.2642548913979152
0.05644444444444445,625118,0.15223365828531574,1.0,0.2642409500723328
0.05641025641025641,625129,0.15223097952582587,1.0,0.26423691469999017
0.056403940886699505,625131,0.15223049248877435,1.0,0.26423618100916985
0.056363636363636366,625141,0.1522280573502618,1.0,0.2642325126161834
0.05630081300813008,625144,0.15222732682389978,1.0,0.26423141211814943
0.056249999999999994,625148,0.15222635279965704,1.0,0.26422994480169704
0.056216216216216225,625152,0.15222537878787878,1.0,0.26422847750154094
0.05616883116883117,625168,0.15222148286540577,1.0,0.26422260846387496
0.055982905982905985,625196,0.15221466548090518,1.0,0.26421233827530677
0.05595238095238095,625214,0.15221028319903265,1.0,0.26420573643281725
0.05584415584415584,625217,0.15220955284325283,1.0,0.264204636157811
0.05579937304075235,625225,0.15220760526210564,1.0,0.26420170213592936
0.05578947368421053,625238,0.15220444054903892,1.0,0.26419693448935455
0.055769230769230765,625246,0.15220249309871633,1.0,0.2641940006385253
0.05571847507331379,625262,0.1521985983475727,1.0,0.2641881331323412
0.05555555555555555,626679,0.15185445818353574,1.0,0.26366952370529323
0.05545454545454546,626695,0.15185058122372128,1.0,0.2636636794720299
0.05538461538461539,626698,0.15184985431579484,1.0,0.26366258370713513
0.0553030303030303,626715,0.1518457353023304,1.0,0.2636563745447644
0.05526315789473684,626716,0.15184549301437972,1.0,0.26365600930902644
0.05523809523809524,626718,0.15184500844079793,1.0,0.26365527884058615
0.05515873015873016,626754,0.15183628664515902,1.0,0.2636421311007621
0.05513196480938416,626772,0.1518319261230559,1.0,0.2636355577225682
0.055113636363636365,626782,0.1518295037189964,1.0,0.2636319059874284
0.0550935550935551,626783,0.15182926148284176,1.0,0.2636315408194784
0.055069124423963126,626784,0.15182901924746006,1.0,0.2636311756525401
0.05500000000000001,626796,0.15182611248316838,1.0,0.2636267937281844
0.05482954545454546,626804,0.15182417470213974,1.0,0.2636238725262061
0.05478927203065134,626831,0.15181763505633894,1.0,0.263614013947465
0.05476923076923077,626832,0.15181739285805448,1.0,0.26361364882907945
0.05476190476190476,626836,0.1518164240726442,1.0,0.263612188365651
0.05471014492753623,626864,0.15180964292095256,1.0,0.26360196557474225
0.05467775467775468,626866,0.15180915857615504,1.0,0.2636012354057311
0.05454545454545455,626889,0.15180358883311082,1.0,0.26359283875283396
0.05454545454545454,626892,0.15180286237501833,1.0,0.2635917435766755
0.05444444444444445,626911,0.15179826163522414,1.0,0.2635848076723332
0.054411764705882354,626913,0.1517977773630472,1.0,0.2635840775983725
0.05432692307692308,626915,0.15179729309396012,1.0,0.263583347528456
0.05428571428571429,626938,0.15179172422153386,1.0,0.2635749520150893
0.054285714285714284,626939,0.15179148210591462,1.0,0.263574587004901
0.05427807486631016,626943,0.15179051365116128,1.0,0.2635731269742573
0.054251012145748984,626946,0.15178978731820603,1.0,0.26357203196188944
0.05416666666666666,626976,0.1517825243709488,1.0,0.2635610823386047
0.05412186379928315,626997,0.15177744072140695,1.0,0.2635534181435995
0.054025974025974026,627003,0.1517759883126556,1.0,0.2635512284554681
0.054022988505747126,627013,0.15177356769317382,1.0,0.263547579056104
0.05401069518716578,627021,0.15177163125317972,1.0,0.2635446596093799
0.05384615384615385,627024,0.15177090510092117,1.0,0.26354356483353364
0.05381944444444445,627038,0.15176751648225467,1.0,0.26353845599984493
0.053801169590643266,627039,0.15176727444385438,1.0,0.2635380910907321
0.05378787878787879,627046,0.1517655801966682,1.0,0.2635355367552374
0.05366666666666667,627068,0.15176025566605217,1.0,0.26352750916602974
0.05363636363636364,627097,0.15175323753741446,1.0,0.26351692809109173
0.05357142857142857,627108,0.1517505756584193,1.0,0.2635129148021798
0.053562653562653564,627111,0.1517498497076275,1.0,0.2635118202900557
0.05353535353535353,627135,0.15174404235132785,1.0,0.26350306452037175
0.05350649350649351,627140,0.15174283254137833,1.0,0.2635012404749247
0.05346153846153846,627146,0.15174138079490262,1.0,0.2634990516537221
0.053349282296650716,627149,0.15174065493208153,1.0,0.2634979572567571
0.05333333333333333,627160,0.15173799349448305,1.0,0.2634939445456609
0.053267973856209155,627176,0.1517341224791765,1.0,0.26348810809314177
0.0532051282051282,627208,0.15172638104105815,1.0,0.2634764359637417
0.053043478260869574,627233,0.151720333592142,1.0,0.26346731783216154
0.05303030303030304,627246,0.1517171891092171,1.0,0.2634625766531471
0.053015873015873016,627249,0.15171646347782142,1.0,0.26346148255914553
0.05299145299145299,627255,0.15171501223585304,1.0,0.26345929439840315
0.052954545454545456,627256,0.1517147703648909,1.0,0.26345892970847984
0.052941176470588235,627258,0.1517142866252802,1.0,0.2634582003316621
0.05277777777777778,627265,0.15171259356093517,1.0,0.263455647544603
0.05277777777777777,627289,0.15170678905576218,1.0,0.2634468955073894
0.0527536231884058,627290,0.15170654721101884,1.0,0.26344653085179126
0.05274725274725275,627295,0.15170533799886815,1.0,0.26344470758894273
0.05268817204301075,627304,0.1517031614655733,1.0,0.2634414257794117
0.05263157894736842,627307,0.15170243596835362,1.0,0.26344033186107124
0.052579852579852586,627313,0.1517009849947315,1.0,0.26343814405164456
0.052571428571428575,627317,0.1517000176944033,1.0,0.2634366855322147
0.052552552552552555,627328,0.15169735768210568,1.0,0.26343267468705533
0.052500000000000005,627366,0.15168816926642503,1.0,0.2634188199797933
0.05248226950354609,627368,0.15168768569643334,1.0,0.263418090825043
0.052380952380952375,627410,0.1516775314387721,1.0,0.2634027795077044
0.052339181286549706,627416,0.1516760809415125,1.0,0.26340059232195745
0.05219780219780219,627419,0.151675355703286,1.0,0.263399498742705
0.052180232558139535,627420,0.15167511395875172,1.0,0.2633991342183054
0.05217391304347826,627424,0.1516741469883205,1.0,0.2633976761307965
0.052153110047846896,627436,0.15167124615100186,1.0,0.26339330196512595
0.0520979020979021,627445,0.15166907059582913,1.0,0.2633900214362124
0.05208333333333333,627451,0.15166762026038685,1.0,0.2633878344623347
0.05201149425287356,627471,0.15166278600923389,1.0,0.2633805448116961
0.052000000000000005,627522,0.15165046006355157,1.0,0.26336195802879814
0.051944444444444446,627525,0.15164973507031593,1.0,0.26336086477032306
0.051748251748251754,627530,0.1516485267636607,1.0,0.2633590426930347
0.05172413793103448,627531,0.15164828510464026,1.0,0.26335867828060244
0.051666666666666666,627552,0.15164321044311865,1.0,0.2633510258524787
0.051648351648351645,627558,0.1516417606022073,1.0,0.26334883952612487
0.051587301587301584,627561,0.15164103569214785,1.0,0.26334774637656094
0.05153846153846155,627600,0.15163161249203314,1.0,0.26333353625803163
0.051515151515151514,627606,0.15163016287288522,1.0,0.26333135022206233
0.05150501672240803,627615,0.15162798849613218,1.0,0.2633280712361593
0.051458885941644564,627620,0.15162678053599313,1.0,0.26332624961260903
0.05142857142857143,627621,0.1516265389462749,1.0,0.26332588529092327
0.05136363636363637,627646,0.1516204994535136,1.0,0.2633167775764032
0.05134408602150537,627662,0.15161663443063306,1.0,0.2633109489697382
0.05111111111111112,627697,0.15160818038002413,1.0,0.2632981997922145
0.05108695652173913,627698,0.15160793884957416,1.0,0.26329783554814057
0.05107142857142857,627699,0.15160769731989376,1.0,0.2632974713050744
0.051041666666666666,627724,0.15160165932798492,1.0,0.26328836555593677
0.050980392156862744,627728,0.15160069329391074,1.0,0.2632869086945215
0.05096153846153846,627741,0.1515975537681942,1.0,0.26328217400626636
0.050793650793650794,627742,0.15159731227160203,1.0,0.2632818098065309
0.050769230769230775,627749,0.15159562181700012,1.0,0.2632792604365948
0.05075757575757575,627764,0.15159199954122887,1.0,0.2632737976672642
0.05071428571428572,627808,0.1515813751975126,1.0,0.26325777485158486
0.05071428571428571,627812,0.15158040942192885,1.0,0.26325631832868585
0.050666666666666665,627813,0.15158016797995583,1.0,0.2632559542004794
0.05064935064935065,627829,0.15157630501298922,1.0,0.263250128286166
0.050490196078431374,627852,0.15157075234290884,1.0,0.2632417539860805
0.05047619047619047,627854,0.15157026952125813,1.0,0.26324102581125225
0.05046153846153846,627860,0.15156882107476188,1.0,0.2632388413109385
0.050344827586206904,627903,0.15155844135161003,1.0,0.26322318678628676
0.05031712473572939,627905,0.15155795860838822,1.0,0.2632224587141753
0.050238095238095234,627921,0.1515540967733202,1.0,0.26321663428227665
0.050124069478908184,627928,0.15155240728236358,1.0,0.26321408617437336
0.05000000000000001,627962,0.15154420171921232,1.0,0.2632017103519995
0.05,630350,0.15097009597842467,1.0,0.26233539256306565
0.049999999999999996,630369,0.15096554557727299,1.0,0.2623285226171656
0.04977477477477477,630370,0.15096530609007408,1.0,0.2623281610510328
0.04974358974358975,630372,0.15096482711795575,1.0,0.26232743792175717
0.049677419354838714,630406,0.15095668505693158,1.0,0.2623151453340133
0.04957264957264958,630417,0.15095405104875026,1.0,0.2623111685669829
0.049561403508771924,630428,0.15095141713248778,1.0,0.26230719192052837
0.04954954954954955,630433,0.15095021992820806,1.0,0.2623053843938164
0.049519230769230774,630438,0.1509490227429184,1.0,0.26230357689201517
0.049407114624505935,630471,0.1509411217962444,1.0,0.2622916480048509
0.04937500000000001,630504,0.15093322167662696,1.0,0.2622797202026271
0.04935897435897436,630505,0.1509329822919723,1.0,0.26227935877100994
0.049350649350649346,630515,0.15093058848718904,1.0,0.26227574450962476
0.04926108374384236,630520,0.1509293916132716,1.0,0.26227393741628585
0.049175824175824175,630533,0.15092627982992166,1.0,0.26226923909014366
0.049166666666666664,630541,0.1509243649500984,1.0,0.2622663478961837
0.04912280701754386,630549,0.15092245011886468,1.0,0.26226345676596674
0.0490909090909091,630564,0.15091885994125895,1.0,0.26225803606860976
0.049,630565,0.15091862060215838,1.0,0.2622576746967532
0.04898373983739837,630566,0.15091838126381696,1.0,0.2622573133258926
0.048863636363636366,630609,0.15090809043321615,1.0,0.26224177532093373
0.04882352941176471,630622,0.1509049795281484,1.0,0.262237078147002
0.0488095238095238,630627,0.15090378306035104,1.0,0.26223527158644844
0.04880636604774536,630631,0.1509028258997734,1.0,0.26223382635592696
0.04875776397515528,630639,0.15090091161504443,1.0,0.26223093594267316
0.04871794871794872,630640,0.1509006723328682,1.0,0.2622305746454966
0.04857142857142858,630659,0.15089612611569803,1.0,0.2622237101882966
0.048484848484848485,630662,0.15089540831697487,1.0,0.2622226263594856
0.048461538461538466,630665,0.15089469052508067,1.0,0.262221542539634
0.04841628959276018,630667,0.15089421200094502,1.0,0.2622208199980436
0.04839285714285714,630668,0.15089397274001534,1.0,0.2622204587287416
0.04838709677419355,630672,0.1508930157038841,1.0,0.26221901366148825
0.04836363636363637,630715,0.15088272833213098,1.0,0.26220348019435746
0.04833333333333334,630722,0.1508810537764657,1.0,0.26220095166458646
0.04833333333333333,630730,0.1508791400440759,1.0,0.262198061975991
0.04821428571428571,630734,0.15087818319608584,1.0,0.26219661715557835
0.04813895781637717,630741,0.15087650874130587,1.0,0.26219408875817085
0.048108108108108116,630746,0.15087531272493207,1.0,0.26219228278987755
0.048095238095238094,630748,0.15087483432369186,1.0,0.26219156040952624
0.04807692307692308,630749,0.15087459512420948,1.0,0.2621911992208433
0.048,630765,0.15087076803563926,1.0,0.26218542033725056
0.04792626728110599,630770,0.1508695721102779,1.0,0.26218361448836947
0.04791208791208791,630772,0.1508690937454421,1.0,0.26218289215578233
0.04790209790209791,630816,0.150858570486481,1.0,0.26216700184578084
0.04789473684210527,630820,0.15085761389936908,1.0,0.26216555736765546
0.047836538461538465,630831,0.15085498334736244,1.0,0.26216158513488386
0.04771428571428571,630839,0.15085307027625114,1.0,0.2621586963139271
0.0476923076923077,630840,0.15085283114577389,1.0,0.2621583352157839
0.047619047619047616,630850,0.15085043988269795,1.0,0.2621547242890633
0.04755244755244756,630852,0.15084996163918002,1.0,0.2621540021156558
0.04750000000000001,630853,0.15084972251855822,1.0,0.2621536410304442
0.047474747474747475,630882,0.15084278835027787,1.0,0.262143169991984
0.047435897435897434,630883,0.15084254925239704,1.0,0.26214280893661157
0.047368421052631574,630885,0.15084207105890932,1.0,0.2621420868288504
0.04732142857142857,630888,0.15084135377436247,1.0,0.2621410036746679
0.047285067873303166,630891,0.1508406364966373,1.0,0.26213992052943647
0.04725274725274725,630899,0.15083872378938626,1.0,0.2621370321859123
0.04707792207792208,630936,0.1508298781492893,1.0,0.2621236744250103
0.047058823529411764,630937,0.1508296390923341,1.0,0.26212331342333917
0.04703947368421052,630939,0.150829160980697,1.0,0.2621225914229799
0.047032967032967034,630943,0.15082820476651615,1.0,0.26212114743419357
0.04698544698544699,630945,0.1508277266639723,1.0,0.26212042544576636
0.04696969696969697,630956,0.15082509715415973,1.0,0.2621164545805101
0.046875,630962,0.15082366291472388,1.0,0.26211428870471515
0.046825396825396826,630968,0.15082222870256495,1.0,0.2621121228647133
0.046794871794871795,630969,0.150821989669857,1.0,0.26211176189485946
0.046708463949843265,630998,0.15081505805089715,1.0,0.26210129420156936
0.04656964656964657,630999,0.15081481904091765,1.0,0.26210093326154044
0.04642857142857142,631007,0.15081290698835353,1.0,0.2620980457770966
0.0463768115942029,631031,0.15080717112154554,1.0,0.2620893837054786
0.04636363636363637,631049,0.15080286950775612,1.0,0.2620828875274885
0.046218487394957986,631051,0.1508023915658164,1.0,0.2620821657498124
0.046153846153846156,631055,0.15080143569102536,1.0,0.2620807222063868
0.04607843137254902,631056,0.150801196724221,1.0,0.2620803613230151
0.04605911330049261,631061,0.15080000190155943,1.0,0.2620785569210644
0.046041055718475075,631087,0.15079378912891567,1.0,0.26206917443142935
0.046021505376344085,631088,0.15079355018634485,1.0,0.26206881357985934
0.04583333333333333,631111,0.15078805471620682,1.0,0.2620605142680114
0.04577861163227017,631113,0.15078757686816782,1.0,0.26205979261356205
0.04576923076923077,631121,0.15078566550629752,1.0,0.26205690603550946
0.04573863636363637,631144,0.15078017061082732,1.0,0.26204860747781933
0.045714285714285714,631152,0.15077825943671255,1.0,0.26204572114616775
0.04571428571428571,631156,0.15077730386782348,1.0,0.26204427800418545
0.045454545454545456,631602,0.1506708338478979,1.0,0.26188346730584533
0.04539170506912442,631608,0.15066940254081646,1.0,0.26188130527868436
0.04533333333333334,631643,0.1506610537914613,1.0,0.26186869416502595
0.04523809523809524,631645,0.1506605767480151,1.0,0.26186797356664543
0.04518716577540108,631650,0.15065938415261618,1.0,0.2618661720880445
0.045089285714285714,631654,0.150658430089891,1.0,0.2618647309230096
0.045054945054945054,631661,0.15065676050919719,1.0,0.2618622089223679
0.045,631670,0.1506546139598208,1.0,0.26185896642149376
0.04493506493506494,631672,0.150654136957155,1.0,0.2618582458766489
0.04487179487179487,631710,0.15064507448037864,1.0,0.26184455627797937
0.044805194805194806,631712,0.15064459753811862,1.0,0.2618438358124357
0.044787644787644784,631714,0.1506441205988786,1.0,0.26184311535085664
0.0446969696969697,631720,0.15064268979927817,1.0,0.26184095398990764
0.04468085106382978,631721,0.1506424513353205,1.0,0.2618405937665518
0.04447174447174448,631724,0.15064173594797728,1.0,0.2618395131024312
0.044444444444444446,632570,0.15044026748027886,1.0,0.2615351213492842
0.04444444444444444,632604,0.15043218190210622,1.0,0.261522902903123
0.044405594405594405,632608,0.15043123071475542,1.0,0.2615214655139247
0.044360902255639094,632609,0.15043099291979722,1.0,0.26152110616909396
0.04435483870967742,632611,0.15043051733213617,1.0,0.261520387482395
0.04411764705882353,632614,0.15042980395628297,1.0,0.2615193094597528
0.04410256410256411,632616,0.1504293283761397,1.0,0.2615185907829289
0.04405594405594406,632617,0.15042909058719572,1.0,0.2615182314459982
0.044047619047619044,632644,0.15042267056986236,1.0,0.2615085297221245
0.04390243902439024,632645,0.15042243280196635,1.0,0.26150817041284186
0.04386363636363637,632649,0.1504214817378989,1.0,0.26150673318558476
0.04382239382239382,632653,0.1504205306858578,1.0,0.26150529597412536
0.04381270903010034,632671,0.15041625110049298,1.0,0.26149882871804736
0.04375,632673,0.15041577560603978,1.0,0.26149811015378444
0.043680709534368076,632675,0.1504153001145928,1.0,0.2614973915934705
0.04367816091954023,632703,0.15040864354997527,1.0,0.26148733216370573
0.04360902255639097,632705,0.1504081681036186,1.0,0.2614866136626233
0.043571428571428567,632708,0.15040745493971944,1.0,0.26148553591840323
0.04350649350649351,632712,0.15040650406504066,1.0,0.26148409893992935
0.043333333333333335,632735,0.1504010367689475,1.0,0.26147583662019047
0.04326923076923077,632742,0.1503993728881598,1.0,0.26147332210477725
0.04325,632745,0.15039865980766343,1.0,0.2614722444701192
0.04301075268817204,632765,0.15039390611048337,1.0,0.261465060466062
0.04288537549407115,632766,0.15039366843351254,1.0,0.2614647012762216
0.04285714285714286,632773,0.15039200471575115,1.0,0.2614621869749717
0.04285714285714285,632791,0.15038772675338302,1.0,0.26145572185093857
0.04276923076923077,632803,0.15038487491367772,1.0,0.2614514119458712
0.042708333333333334,632821,0.1503805973569145,1.0,0.2614449473546845
0.04264705882352941,632824,0.15037988445444547,1.0,0.26144386995390034
0.04242424242424242,632830,0.15037845866978494,1.0,0.26144171517897125
0.04230769230769231,632839,0.15037632004348658,1.0,0.2614384830831741
0.04220779220779221,632846,0.15037465670953123,1.0,0.2614359692861362
0.04215686274509804,632851,0.1503734686363773,1.0,0.2614341737464201
0.04214285714285714,632852,0.1503732310239993,1.0,0.26143381464143645
0.04191176470588235,632854,0.1503727558014961,1.0,0.26143309643442886
0.0419047619047619,632860,0.15037133015200835,1.0,0.26143094183708226
0.041880341880341884,632881,0.15036634059167522,1.0,0.26142340102603545
0.04166666666666667,632883,0.15036586541272243,1.0,0.2614226828762429
0.041666666666666664,633745,0.1501613424957988,1.0,0.2611135272029842
0.04161490683229813,633750,0.15016015779092703,1.0,0.2611117360895798
0.04148351648351648,633767,0.15015612993418717,1.0,0.261105646487802
0.04144144144144144,633770,0.15015541915836975,1.0,0.26110457188167924
0.041379310344827586,633780,0.1501530499542428,1.0,0.261100989925152
0.04122807017543859,633786,0.15015162846765312,1.0,0.26109884079840867
0.04111405835543767,633798,0.15014878557521483,1.0,0.26109454265105725
0.04107142857142857,633804,0.15014736416936467,1.0,0.26109239363044745
0.04097222222222222,633806,0.15014689037339501,1.0,0.26109167729810556
0.04095238095238095,633808,0.15014641658041553,1.0,0.2610909609696943
0.0409090909090909,633815,0.15014475832853436,1.0,0.2610884538512084
0.04083333333333333,633820,0.15014357388533023,1.0,0.2610866630817686
0.04078947368421053,633823,0.15014286322837764,1.0,0.261085588631896
0.04076923076923077,633834,0.1501402575437733,1.0,0.2610816490580221
0.04065040650406504,633835,0.15014002066783944,1.0,0.26108129092083804
0.04057142857142857,633843,0.15013812568727586,1.0,0.2610784258587366
0.04054054054054054,633845,0.15013765194960912,1.0,0.26107770960303645
0.04044665012406948,633858,0.15013457272764563,1.0,0.26107305403677805
0.040303030303030306,633862,0.1501336253001442,1.0,0.26107162158825614
0.04014423076923077,633871,0.15013149363198505,1.0,0.2610683986365538
0.040109890109890106,633887,0.15012770414916224,1.0,0.26106266914111637
0.04000000000000001,634880,0.1498928931451613,1.0,0.2607075737900729
0.04,634887,0.1498912404884649,1.0,0.26070507402907467
0.039860139860139865,634888,0.14989100439762604,1.0,0.2607047169242739
0.03982142857142857,634890,0.14989053221817952,1.0,0.2607040027176072
0.03971014492753623,634893,0.14988982395458764,1.0,0.26070293141494433
0.03968253968253968,634897,0.1498888796135436,1.0,0.26070150302508965
0.03959276018099547,634904,0.1498872270453486,1.0,0.26069900338050706
0.03958333333333333,634905,0.14988699096715258,1.0,0.2606986462923368
0.039473684210526314,634912,0.14988533844060278,1.0,0.2606961467025351
0.03934065934065934,634919,0.1498836859504913,1.0,0.2606936471606653
0.039285714285714285,634938,0.14987920080385803,1.0,0.2606868629314808
0.03913043478260869,634951,0.14987613217397877,1.0,0.2606822212939057
0.0391025641025641,634953,0.149875660088227,1.0,0.2606815072104882
0.03891625615763547,634966,0.14987259160332994,1.0,0.26067686576363114
0.03888888888888889,634967,0.1498723555712344,1.0,0.2606765087361035
0.03887733887733888,634970,0.14987164747940848,1.0,0.26067543765938855
0.03875,634972,0.14987117542190836,1.0,0.2606747236131351
0.038709677419354833,634988,0.1498673990689588,1.0,0.26066901138393106
0.03866666666666667,634991,0.14986669102396727,1.0,0.2606679403688258
0.03866396761133603,634995,0.14986574697438562,1.0,0.26066651236237587
0.038636363636363635,635000,0.14986456692913386,1.0,0.26066472737631546
0.03857142857142857,635010,0.14986220689437962,1.0,0.26066115747753277
0.03852941176470588,635011,0.14986197089499237,1.0,0.2606608004930325
0.038461538461538464,635275,0.14979969304631852,1.0,0.2605665907762318
0.03846153846153846,635279,0.14979874984062122,1.0,0.2605651638800016
0.03826923076923077,635281,0.14979827824222666,1.0,0.26056445043774684
0.03824884792626728,635293,0.14979544871421532,1.0,0.2605601698662618
0.03820512820512821,635294,0.14979521292503942,1.0,0.26055981315831983
0.03804347826086957,635298,0.14979426977575877,1.0,0.2605583863363186
0.03794642857142857,635304,0.14979285507410625,1.0,0.26055624613261635
0.03777777777777778,635312,0.14979096884680282,1.0,0.2605533925823709
0.037719298245614034,635313,0.14979073307173,1.0,0.26055303589298495
0.03766233766233766,635319,0.14978931843687973,1.0,0.26055089577717755
0.0375,635366,0.14977823805491638,1.0,0.2605341327529328
0.037394957983193276,635371,0.14977705938735006,1.0,0.26053234957941784
0.03738095238095238,635374,0.14977635219571464,1.0,0.26053127968702516
0.03726884779516358,635375,0.14977611646665356,1.0,0.2605309230581804
0.037142857142857144,635380,0.1497749378324782,1.0,0.26052913992860116
0.03701149425287356,635384,0.1497739949384939,1.0,0.26052771344251163
0.037000000000000005,635388,0.1497730520563813,1.0,0.26052628697204305
0.036904761904761905,635392,0.1497721091861402,1.0,0.26052486051719514
0.036679536679536676,635394,0.14977163775547142,1.0,0.26052414729562884
0.03666666666666667,635395,0.14977140204124992,1.0,0.26052379068631004
0.03653846153846154,635396,0.1497711663277704,1.0,0.26052343407796763
0.0365079365079365,635398,0.14977069490303715,1.0,0.2605227208642114
0.03636363636363637,636534,0.14950340437431464,1.0,0.26011824550565943
0.03636363636363636,636546,0.14950058597493346,1.0,0.2601139795820749
0.03626373626373626,636547,0.14950035111311497,1.0,0.2601136240947587
0.03611111111111111,636550,0.14949964653208703,1.0,0.2601125576386402
0.036041666666666666,636552,0.1494991768150913,1.0,0.26011184667275283
0.036,636580,0.14949260108705897,1.0,0.26010189355840296
0.03571428571428571,636722,0.14945926165579326,1.0,0.2600514287744266
0.0353448275862069,636724,0.14945879219253555,1.0,0.2600507181426666
0.03529411764705882,636736,0.1494559754749221,1.0,0.2600464544336658
0.035265700483091786,636737,0.14945574075324664,1.0,0.2600460991308934
0.035,636738,0.14945550603230842,1.0,0.2600457438290919
0.03488372093023256,636742,0.14945456715592814,1.0,0.26004432263159477
0.034722222222222224,636743,0.1494543324386762,1.0,0.26004396733464774
0.03461538461538462,636778,0.14944611779929584,1.0,0.26003153255312583
0.03428571428571428,636785,0.14944447497978125,1.0,0.26002904573952557
0.03424369747899159,636786,0.14944424029422756,1.0,0.2600286904843227
0.03422222222222222,636787,0.14944400560941098,1.0,0.2600283352300905
0.03409090909090909,636788,0.1494437709253315,1.0,0.2600279799768291
0.033529411764705884,636789,0.1494435362419891,1.0,0.26002762472453833
0.03333333333333333,637606,0.1492520459343231,1.0,0.2597377076026584
0.03310810810810811,637610,0.14925110961245902,1.0,0.25973628977010643
0.03293650793650794,637611,0.14925087553382863,1.0,0.2597359353143871
0.032567049808429116,637613,0.14925040737877052,1.0,0.2597352264058506
0.032432432432432434,637621,0.14924853478790692,1.0,0.2597323908104014
0.03222222222222222,637624,0.14924783257844748,1.0,0.25973132747807004
0.03214285714285714,637664,0.14923847041702212,1.0,0.2597171505455577
0.03157894736842105,637694,0.14923144956672008,1.0,0.25970651886177126
0.03125,637714,0.14922676936683216,1.0,0.25969943155613895
0.03103448275862069,637754,0.14921740984768422,1.0,0.2596852581052724
0.03076923076923077,638051,0.14914795212294943,1.0,0.25958006860197896
0.030769230769230767,638059,0.14914608210212535,1.0,0.2595772363932937
0.03,638143,0.149126449714249,1.0,0.25954750193302395
0.029411764705882353,638150,0.1491248139152237,1.0,0.25954502436882426
0.029268292682926828,638151,0.14912458023257819,1.0,0.25954467043494267
0.029032258064516127,638192,0.14911499987464588,1.0,0.25953015997687345
0.02857142857142857,638470,0.1490500728303601,1.0,0.25943181477412447
0.028571428571428567,638531,0.1490358338122973,1.0,0.25941024540169966
0.028124999999999997,638563,0.14902836525135343,1.0,0.25939893175527134
0.027906976744186046,638566,0.14902766511214188,1.0,0.25939787115151347
0.02727272727272727,638704,0.14899546581828202,1.0,0.2593490927523751
0.02666666666666667,638778,0.1489782052606696,1.0,0.2593229437748487
0.026470588235294117,638825,0.148967244550542,1.0,0.2593063383783681
0.02608695652173913,638950,0.14893810157289303,1.0,0.2592621854371392
0.025714285714285714,638992,0.14892831209154417,1.0,0.25924735342352306
0.02553191489361702,638993,0.14892807902433985,1.0,0.2592470003010255
0.025,639070,0.14891013503997996,1.0,0.2592198127572409
0.024999999999999998,639190,0.14888217900780676,1.0,0.25917745392549096
0.024324324324324326,639209,0.14887775359858826,1.0,0.2591707483799105
0.024,639362,0.1488421269953485,1.0,0.25911676373606923
0.023684210526315787,639380,0.14883793675122775,1.0,0.2591104140800279
0.023529411764705882,639382,0.1488374711831112,1.0,0.2591097085818996
0.023076923076923078,639527,0.14880372525319494,1.0,0.2590585702016222
0.0225,639551,0.14879814119593276,1.0,0.2590501078649544
0.022222222222222223,639609,0.1487846481209614,1.0,0.25902965950028106
0.02222222222222222,639737,0.14875487895807182,1.0,0.2589845434963348
0.02195121951219512,639757,0.14875022860242249,1.0,0.258977495540337
0.021428571428571425,639910,0.1487146629994843,1.0,0.25892359136631143
0.021052631578947368,639916,0.1487132686165059,1.0,0.25892147793437453
0.020930232558139535,639925,0.14871117709106535,1.0,0.25891830785115816
0.020689655172413793,640073,0.14867679155346344,1.0,0.25886618872554024
0.02045454545454545,640075,0.1486763269929305,1.0,0.25886548455672237
0.02,640235,0.14863917155419495,1.0,0.2588091634609239
0.019354838709677417,640342,0.14861433421515377,1.0,0.2587715124009865
0.019148936170212762,640344,0.14861387004485088,1.0,0.2587708087471516
0.01875,640474,0.1485837051933412,1.0,0.2587250794548406
0.01836734693877551,640477,0.14858300922593629,1.0,0.2587240243542706
0.01818181818181818,640596,0.14855540777650814,1.0,0.2586821789714037
0.01764705882352941,640742,0.14852155781890372,1.0,0.2586308577454186
0.01714285714285714,640812,0.1485053338576681,1.0,0.25860625889974675
0.016666666666666666,640968,0.14846919034959624,1.0,0.25855145544549074
0.016216216216216217,641012,0.14845899920750313,1.0,0.258536002260329
0.015789473684210523,641156,0.1484256561585636,1.0,0.2584854411125598
0.015384615384615384,641179,0.1484203319197915,1.0,0.2584773672052291
0.015,641403,0.14836849843234284,1.0,0.25839876073731244
0.014634146341463414,641413,0.14836618528155807,1.0,0.258395252634823
0.014285714285714284,641647,0.1483120781364208,1.0,0.25831319022110144
0.013953488372093023,641654,0.1483104601545381,1.0,0.25831073616551165
0.013636363636363636,642020,0.14822591196535934,1.0,0.25818248903937147
0.013333333333333334,642024,0.14822498847395113,1.0,0.2581810881349127
0.013043478260869565,642456,0.1481253190879998,1.0,0.2580298798839511
0.012499999999999999,642986,0.14800322246518588,1.0,0.25784461152882204
0.012,643484,0.1478886809928452,1.0,0.2576707714635388
0.011538461538461539,643969,0.1477772998389674,1.0,0.2575016945529424
0.01111111111111111,644461,0.14766448241243457,1.0,0.25733040392090584
0.010714285714285713,644940,0.147554811300276,1.0,0.25716385805238184
0.010344827586206896,645358,0.14745923967782223,1.0,0.2570186976214076
0.01,645766,0.1473660737790469,1.0,0.2568771678836057
0.009677419354838708,646123,0.14728465013627437,1.0,0.2567534571630152
0.009375,646419,0.14721720741500482,1.0,0.2566509750088662
0.00909090909090909,646647,0.1471653003880015,1.0,0.2565720918131438
0.008823529411764706,646805,0.1471293511954917,1.0,0.25651745558102834
0.00857142857142857,646947,0.1470970574096487,1.0,0.25646837198208894
0.008333333333333333,647046,0.14707455111383116,1.0,0.2564341628380108
0.008108108108108109,647116,0.14705864172729463,1.0,0.25640998006143234
0.007894736842105262,647157,0.1470493249706022,1.0,0.25639581798170874
0.007692307692307692,647200,0.14703955500618046,1.0,0.2563809667494652
0.0075,647243,0.14702978633990635,1.0,0.2563661172375799
0.007317073170731707,647264,0.14702501606763238,1.0,0.2563588657755365
0.007142857142857142,647281,0.14702115464535495,1.0,0.25635299584481
0.0069767441860465115,647293,0.14701842905762924,1.0,0.25634885252613954
0.006818181818181818,647299,0.14701706630166275,1.0,0.25634678091702884
0.006666666666666667,647300,0.14701683917812453,1.0,0.25634643565209897
0.0,660505,0.14407763756519631,1.0,0.2518668888097831
