PersonKey,DatasetId,RecordKey
1,A,A-000000001
1,B,B-000000001
2,A,A-000000002
2,B,B-000000002
3,A,A-000000003
3,B,B-000000003
4,A,A-000000004
4,B,B-000000004
5,A,A-000000005
5,B,B-000000005
6,A,A-000000006
6,B,B-000000006
8,A,A-000000007
8,B,B-000000007
9,A,A-000000008
9,B,B-000000008
10,A,A-000000009
10,B,B-000000009
12,A,A-000000010
12,B,B-000000010
13,A,A-000000011
13,B,B-000000011
16,A,A-000000012
16,B,B-000000012
17,A,A-000000013
17,B,B-000000013
18,A,A-000000014
18,B,B-000000014
20,A,A-000000015
20,B,B-000000015
21,A,A-000000016
21,B,B-000000016
22,A,A-000000017
22,B,B-000000017
23,A,A-000000018
23,B,B-000000018
24,A,A-000000019
24,B,B-000000019
25,A,A-000000020
25,B,B-000000020
26,A,A-000000021
26,B,B-000000021
27,A,A-000000022
27,B,B-000000022
28,A,A-000000023
28,B,B-000000023
29,A,A-000000024
29,B,B-000000024
30,A,A-000000025
30,B,B-000000025
31,A,A-000000026
31,B,B-000000026
32,A,A-000000027
32,B,B-000000027
33,A,A-000000028
33,B,B-000000028
36,A,A-000000029
36,B,B-000000029
37,A,A-000000030
37,B,B-000000030
38,A,A-000000031
38,B,B-000000031
39,A,A-000000032
39,B,B-000000032
40,A,A-000000033
40,B,B-000000033
41,A,A-000000034
41,B,B-000000034
42,A,A-000000035
42,B,B-000000035
43,A,A-000000036
43,B,B-000000036
44,A,A-000000037
44,B,B-000000037
45,A,A-000000038
45,B,B-000000038
46,A,A-000000039
46,B,B-000000039
48,A,A-000000040
48,B,B-000000040
49,A,A-000000041
49,B,B-000000041
50,A,A-000000042
50,B,B-000000042
51,A,A-000000043
51,B,B-000000043
53,A,A-000000044
53,B,B-000000044
54,A,A-000000045
54,B,B-000000045
55,A,A-000000046
55,B,B-000000046
56,A,A-000000047
56,B,B-000000047
57,A,A-000000048
57,B,B-000000048
58,A,A-000000049
58,B,B-000000049
59,A,A-000000050
59,B,B-000000050
60,A,A-000000051
60,B,B-000000051
61,A,A-000000052
61,B,B-000000052
62,A,A-000000053
62,B,B-000000053
66,A,A-000000054
66,B,B-000000054
67,A,A-000000055
67,B,B-000000055
68,A,A-000000056
68,B,B-000000056
69,A,A-000000057
69,B,B-000000057
70,A,A-000000058
70,B,B-000000058
71,A,A-000000059
71,B,B-000000059
73,A,A-000000060
73,B,B-000000060
74,A,A-000000061
74,B,B-000000061
75,A,A-000000062
75,B,B-000000062
76,A,A-000000063
76,B,B-000000063
77,A,A-000000064
77,B,B-000000064
79,A,A-000000065
79,B,B-000000065
80,A,A-000000066
80,B,B-000000066
81,A,A-000000067
81,B,B-000000067
83,A,A-000000068
83,B,B-000000068
85,A,A-000000069
85,B,B-000000069
86,A,A-000000070
86,B,B-000000070
87,A,A-000000071
87,B,B-000000071
90,A,A-000000072
90,B,B-000000072
91,A,A-000000073
91,B,B-000000073
92,A,A-000000074
92,B,B-000000074
93,A,A-000000075
93,B,B-000000075
94,A,A-000000076
94,B,B-000000076
95,A,A-000000077
95,B,B-000000077
96,A,A-000000078
96,B,B-000000078
97,A,A-000000079
97,B,B-000000079
98,A,A-000000080
98,B,B-000000080
99,A,A-000000081
99,B,B-000000081
100,A,A-000000082
100,B,B-000000082
101,A,A-000000083
101,B,B-000000083
102,A,A-000000084
102,B,B-000000084
103,A,A-000000085
103,B,B-000000085
104,A,A-000000086
104,B,B-000000086
105,A,A-000000087
105,B,B-000000087
106,A,A-000000088
106,B,B-000000088
107,A,A-000000089
107,B,B-000000089
108,A,A-000000090
108,B,B-000000090
109,A,A-000000091
109,B,B-000000091
111,A,A-000000092
111,B,B-000000092
112,A,A-000000093
112,B,B-000000093
113,A,A-000000094
113,B,B-000000094
114,A,A-000000095
114,B,B-000000095
115,A,A-000000096
115,B,B-000000096
116,A,A-000000097
116,B,B-000000097
118,A,A-000000098
118,B,B-000000098
120,A,A-000000099
120,B,B-000000099
122,A,A-000000100
122,B,B-000000100
123,A,A-000000101
123,B,B-000000101
125,A,A-000000102
125,B,B-000000102
126,A,A-000000103
126,B,B-000000103
128,A,A-000000104
128,B,B-000000104
129,A,A-000000105
129,B,B-000000105
131,A,A-000000106
131,B,B-000000106
133,A,A-000000107
133,B,B-000000107
134,A,A-000000108
134,B,B-000000108
135,A,A-000000109
135,B,B-000000109
136,A,A-000000110
136,B,B-000000110
137,A,A-000000111
137,B,B-000000111
138,A,A-000000112
138,B,B-000000112
139,A,A-000000113
139,B,B-000000113
140,A,A-000000114
140,B,B-000000114
141,A,A-000000115
141,B,B-000000115
142,A,A-000000116
142,B,B-000000116
143,A,A-000000117
143,B,B-000000117
144,A,A-000000118
144,B,B-000000118
145,A,A-000000119
145,B,B-000000119
146,A,A-000000120
146,B,B-000000120
147,A,A-000000121
147,B,B-000000121
148,A,A-000000122
148,B,B-000000122
149,A,A-000000123
149,B,B-000000123
150,A,A-000000124
150,B,B-000000124
151,A,A-000000125
151,B,B-000000125
152,A,A-000000126
152,B,B-000000126
153,A,A-000000127
153,B,B-000000127
154,A,A-000000128
154,B,B-000000128
155,A,A-000000129
155,B,B-000000129
156,A,A-000000130
156,B,B-000000130
157,A,A-000000131
157,B,B-000000131
158,A,A-000000132
158,B,B-000000132
159,A,A-000000133
159,B,B-000000133
160,A,A-000000134
160,B,B-000000134
161,A,A-000000135
161,B,B-000000135
162,A,A-000000136
162,B,B-000000136
163,A,A-000000137
163,B,B-000000137
164,A,A-000000138
164,B,B-000000138
165,A,A-000000139
165,B,B-000000139
166,A,A-000000140
166,B,B-000000140
167,A,A-000000141
167,B,B-000000141
168,A,A-000000142
168,B,B-000000142
169,A,A-000000143
169,B,B-000000143
170,A,A-000000144
170,B,B-000000144
171,A,A-000000145
171,B,B-000000145
173,A,A-000000146
173,B,B-000000146
175,A,A-000000147
175,B,B-000000147
176,A,A-000000148
176,B,B-000000148
178,A,A-000000149
178,B,B-000000149
179,A,A-000000150
179,B,B-000000150
180,A,A-000000151
180,B,B-000000151
181,A,A-000000152
181,B,B-000000152
182,A,A-000000153
182,B,B-000000153
183,A,A-000000154
183,B,B-000000154
185,A,A-000000155
185,B,B-000000155
187,A,A-000000156
187,B,B-000000156
188,A,A-000000157
188,B,B-000000157
189,A,A-000000158
189,B,B-000000158
190,A,A-000000159
190,B,B-000000159
191,A,A-000000160
191,B,B-000000160
192,A,A-000000161
192,B,B-000000161
193,A,A-000000162
193,B,B-000000162
194,A,A-000000163
194,B,B-000000163
195,A,A-000000164
195,B,B-000000164
196,A,A-000000165
196,B,B-000000165
198,A,A-000000166
198,B,B-000000166
199,A,A-000000167
199,B,B-000000167
200,A,A-000000168
200,B,B-000000168
203,A,A-000000169
203,B,B-000000169
204,A,A-000000170
204,B,B-000000170
205,A,A-000000171
205,B,B-000000171
207,A,A-000000172
207,B,B-000000172
208,A,A-000000173
208,B,B-000000173
212,A,A-000000174
212,B,B-000000174
213,A,A-000000175
213,B,B-000000175
214,A,A-000000176
214,B,B-000000176
215,A,A-000000177
215,B,B-000000177
216,A,A-000000178
216,B,B-000000178
217,A,A-000000179
217,B,B-000000179
218,A,A-000000180
218,B,B-000000180
219,A,A-000000181
219,B,B-000000181
220,A,A-000000182
220,B,B-000000182
221,A,A-000000183
221,B,B-000000183
222,A,A-000000184
222,B,B-000000184
223,A,A-000000185
223,B,B-000000185
224,A,A-000000186
224,B,B-000000186
225,A,A-000000187
225,B,B-000000187
227,A,A-000000188
227,B,B-000000188
228,A,A-000000189
228,B,B-000000189
229,A,A-000000190
229,B,B-000000190
230,A,A-000000191
230,B,B-000000191
231,A,A-000000192
231,B,B-000000192
232,A,A-000000193
232,B,B-000000193
233,A,A-000000194
233,B,B-000000194
236,A,A-000000195
236,B,B-000000195
237,A,A-000000196
237,B,B-000000196
238,A,A-000000197
238,B,B-000000197
239,A,A-000000198
239,B,B-000000198
240,A,A-000000199
240,B,B-000000199
241,A,A-000000200
241,B,B-000000200
242,A,A-000000201
242,B,B-000000201
243,A,A-000000202
243,B,B-000000202
244,A,A-000000203
244,B,B-000000203
246,A,A-000000204
246,B,B-000000204
247,A,A-000000205
247,B,B-000000205
251,A,A-000000206
251,B,B-000000206
252,A,A-000000207
252,B,B-000000207
253,A,A-000000208
253,B,B-000000208
254,A,A-000000209
254,B,B-000000209
255,A,A-000000210
255,B,B-000000210
256,A,A-000000211
256,B,B-000000211
257,A,A-000000212
257,B,B-000000212
258,A,A-000000213
258,B,B-000000213
259,A,A-000000214
259,B,B-000000214
262,A,A-000000215
262,B,B-000000215
264,A,A-000000216
264,B,B-000000216
265,A,A-000000217
265,B,B-000000217
266,A,A-000000218
266,B,B-000000218
268,A,A-000000219
268,B,B-000000219
269,A,A-000000220
269,B,B-000000220
271,A,A-000000221
271,B,B-000000221
272,A,A-000000222
272,B,B-000000222
273,A,A-000000223
273,B,B-000000223
274,A,A-000000224
274,B,B-000000224
276,A,A-000000225
276,B,B-000000225
278,A,A-000000226
278,B,B-000000226
279,A,A-000000227
279,B,B-000000227
280,A,A-000000228
280,B,B-000000228
281,A,A-000000229
281,B,B-000000229
282,A,A-000000230
282,B,B-000000230
283,A,A-000000231
283,B,B-000000231
284,A,A-000000232
284,B,B-000000232
285,A,A-000000233
285,B,B-000000233
287,A,A-000000234
287,B,B-000000234
288,A,A-000000235
288,B,B-000000235
289,A,A-000000236
289,B,B-000000236
291,A,A-000000237
291,B,B-000000237
292,A,A-000000238
292,B,B-000000238
294,A,A-000000239
294,B,B-000000239
295,A,A-000000240
295,B,B-000000240
296,A,A-000000241
296,B,B-000000241
297,A,A-000000242
297,B,B-000000242
299,A,A-000000243
299,B,B-000000243
300,A,A-000000244
300,B,B-000000244
301,A,A-000000245
301,B,B-000000245
302,A,A-000000246
302,B,B-000000246
308,A,A-000000247
308,B,B-000000247
309,A,A-000000248
309,B,B-000000248
310,A,A-000000249
310,B,B-000000249
311,A,A-000000250
311,B,B-000000250
314,A,A-000000251
314,B,B-000000251
315,A,A-000000252
315,B,B-000000252
317,A,A-000000253
317,B,B-000000253
319,A,A-000000254
319,B,B-000000254
322,A,A-000000255
322,B,B-000000255
323,A,A-000000256
323,B,B-000000256
324,A,A-000000257
324,B,B-000000257
326,A,A-000000258
326,B,B-000000258
327,A,A-000000259
327,B,B-000000259
329,A,A-000000260
329,B,B-000000260
330,A,A-000000261
330,B,B-000000261
332,A,A-000000262
332,B,B-000000262
333,A,A-000000263
333,B,B-000000263
334,A,A-000000264
334,B,B-000000264
335,A,A-000000265
335,B,B-000000265
337,A,A-000000266
337,B,B-000000266
338,A,A-000000267
338,B,B-000000267
339,A,A-000000268
339,B,B-000000268
340,A,A-000000269
340,B,B-000000269
341,A,A-000000270
341,B,B-000000270
343,A,A-000000271
343,B,B-000000271
344,A,A-000000272
344,B,B-000000272
345,A,A-000000273
345,B,B-000000273
346,A,A-000000274
346,B,B-000000274
347,A,A-000000275
347,B,B-000000275
348,A,A-000000276
348,B,B-000000276
349,A,A-000000277
349,B,B-000000277
350,A,A-000000278
350,B,B-000000278
351,A,A-000000279
351,B,B-000000279
353,A,A-000000280
353,B,B-000000280
354,A,A-000000281
354,B,B-000000281
355,A,A-000000282
355,B,B-000000282
356,A,A-000000283
356,B,B-000000283
357,A,A-000000284
357,B,B-000000284
358,A,A-000000285
358,B,B-000000285
360,A,A-000000286
360,B,B-000000286
361,A,A-000000287
361,B,B-000000287
362,A,A-000000288
362,B,B-000000288
363,A,A-000000289
363,B,B-000000289
365,A,A-000000290
365,B,B-000000290
366,A,A-000000291
366,B,B-000000291
369,A,A-000000292
369,B,B-000000292
370,A,A-000000293
370,B,B-000000293
371,A,A-000000294
371,B,B-000000294
372,A,A-000000295
372,B,B-000000295
373,A,A-000000296
373,B,B-000000296
374,A,A-000000297
374,B,B-000000297
375,A,A-000000298
375,B,B-000000298
376,A,A-000000299
376,B,B-000000299
377,A,A-000000300
377,B,B-000000300
378,A,A-000000301
378,B,B-000000301
380,A,A-000000302
380,B,B-000000302
381,A,A-000000303
381,B,B-000000303
382,A,A-000000304
382,B,B-000000304
383,A,A-000000305
383,B,B-000000305
384,A,A-000000306
384,B,B-000000306
385,A,A-000000307
385,B,B-000000307
386,A,A-000000308
386,B,B-000000308
387,A,A-000000309
387,B,B-000000309
388,A,A-000000310
388,B,B-000000310
389,A,A-000000311
389,B,B-000000311
390,A,A-000000312
390,B,B-000000312
391,A,A-000000313
391,B,B-000000313
393,A,A-000000314
393,B,B-000000314
394,A,A-000000315
394,B,B-000000315
395,A,A-000000316
395,B,B-000000316
396,A,A-000000317
396,B,B-000000317
397,A,A-000000318
397,B,B-000000318
398,A,A-000000319
398,B,B-000000319
399,A,A-000000320
399,B,B-000000320
400,A,A-000000321
400,B,B-000000321
401,A,A-000000322
401,B,B-000000322
402,A,A-000000323
402,B,B-000000323
403,A,A-000000324
403,B,B-000000324
404,A,A-000000325
404,B,B-000000325
405,A,A-000000326
405,B,B-000000326
406,A,A-000000327
406,B,B-000000327
407,A,A-000000328
407,B,B-000000328
408,A,A-000000329
408,B,B-000000329
409,A,A-000000330
409,B,B-000000330
410,A,A-000000331
410,B,B-000000331
411,A,A-000000332
411,B,B-000000332
412,A,A-000000333
412,B,B-000000333
413,A,A-000000334
413,B,B-000000334
414,A,A-000000335
414,B,B-000000335
415,A,A-000000336
415,B,B-000000336
416,A,A-000000337
416,B,B-000000337
417,A,A-000000338
417,B,B-000000338
418,A,A-000000339
418,B,B-000000339
419,A,A-000000340
419,B,B-000000340
421,A,A-000000341
421,B,B-000000341
422,A,A-000000342
422,B,B-000000342
424,A,A-000000343
424,B,B-000000343
425,A,A-000000344
425,B,B-000000344
426,A,A-000000345
426,B,B-000000345
427,A,A-000000346
427,B,B-000000346
428,A,A-000000347
428,B,B-000000347
429,A,A-000000348
429,B,B-000000348
430,A,A-000000349
430,B,B-000000349
432,A,A-000000350
432,B,B-000000350
434,A,A-000000351
434,B,B-000000351
435,A,A-000000352
435,B,B-000000352
436,A,A-000000353
436,B,B-000000353
439,A,A-000000354
439,B,B-000000354
440,A,A-000000355
440,B,B-000000355
441,A,A-000000356
441,B,B-000000356
442,A,A-000000357
442,B,B-000000357
443,A,A-000000358
443,B,B-000000358
444,A,A-000000359
444,B,B-000000359
445,A,A-000000360
445,B,B-000000360
449,A,A-000000361
449,B,B-000000361
450,A,A-000000362
450,B,B-000000362
451,A,A-000000363
451,B,B-000000363
453,A,A-000000364
453,B,B-000000364
454,A,A-000000365
454,B,B-000000365
455,A,A-000000366
455,B,B-000000366
456,A,A-000000367
456,B,B-000000367
457,A,A-000000368
457,B,B-000000368
458,A,A-000000369
458,B,B-000000369
459,A,A-000000370
459,B,B-000000370
460,A,A-000000371
460,B,B-000000371
461,A,A-000000372
461,B,B-000000372
462,A,A-000000373
462,B,B-000000373
463,A,A-000000374
463,B,B-000000374
464,A,A-000000375
464,B,B-000000375
465,A,A-000000376
465,B,B-000000376
466,A,A-000000377
466,B,B-000000377
467,A,A-000000378
467,B,B-000000378
468,A,A-000000379
468,B,B-000000379
469,A,A-000000380
469,B,B-000000380
470,A,A-000000381
470,B,B-000000381
471,A,A-000000382
471,B,B-000000382
473,A,A-000000383
473,B,B-000000383
474,A,A-000000384
474,B,B-000000384
475,A,A-000000385
475,B,B-000000385
476,A,A-000000386
476,B,B-000000386
477,A,A-000000387
477,B,B-000000387
478,A,A-000000388
478,B,B-000000388
479,A,A-000000389
479,B,B-000000389
480,A,A-000000390
480,B,B-000000390
481,A,A-000000391
481,B,B-000000391
482,A,A-000000392
482,B,B-000000392
483,A,A-000000393
483,B,B-000000393
486,A,A-000000394
486,B,B-000000394
487,A,A-000000395
487,B,B-000000395
488,A,A-000000396
488,B,B-000000396
489,A,A-000000397
489,B,B-000000397
490,A,A-000000398
490,B,B-000000398
491,A,A-000000399
491,B,B-000000399
492,A,A-000000400
492,B,B-000000400
493,A,A-000000401
493,B,B-000000401
494,A,A-000000402
494,B,B-000000402
495,A,A-000000403
495,B,B-000000403
496,A,A-000000404
496,B,B-000000404
497,A,A-000000405
497,B,B-000000405
498,A,A-000000406
498,B,B-000000406
499,A,A-000000407
499,B,B-000000407
500,A,A-000000408
500,B,B-000000408
501,A,A-000000409
501,B,B-000000409
502,A,A-000000410
502,B,B-000000410
503,A,A-000000411
503,B,B-000000411
504,A,A-000000412
504,B,B-000000412
505,A,A-000000413
505,B,B-000000413
506,A,A-000000414
506,B,B-000000414
507,A,A-000000415
507,B,B-000000415
508,A,A-000000416
508,B,B-000000416
509,A,A-000000417
509,B,B-000000417
510,A,A-000000418
510,B,B-000000418
511,A,A-000000419
511,B,B-000000419
512,A,A-000000420
512,B,B-000000420
513,A,A-000000421
513,B,B-000000421
514,A,A-000000422
514,B,B-000000422
515,A,A-000000423
515,B,B-000000423
516,A,A-000000424
516,B,B-000000424
517,A,A-000000425
517,B,B-000000425
518,A,A-000000426
518,B,B-000000426
519,A,A-000000427
519,B,B-000000427
520,A,A-000000428
520,B,B-000000428
521,A,A-000000429
521,B,B-000000429
522,A,A-000000430
522,B,B-000000430
523,A,A-000000431
523,B,B-000000431
524,A,A-000000432
524,B,B-000000432
525,A,A-000000433
525,B,B-000000433
526,A,A-000000434
526,B,B-000000434
527,A,A-000000435
527,B,B-000000435
528,A,A-000000436
528,B,B-000000436
529,A,A-000000437
529,B,B-000000437
530,A,A-000000438
530,B,B-000000438
532,A,A-000000439
532,B,B-000000439
533,A,A-000000440
533,B,B-000000440
534,A,A-000000441
534,B,B-000000441
535,A,A-000000442
535,B,B-000000442
536,A,A-000000443
536,B,B-000000443
537,A,A-000000444
537,B,B-000000444
538,A,A-000000445
538,B,B-000000445
539,A,A-000000446
539,B,B-000000446
542,A,A-000000447
542,B,B-000000447
543,A,A-000000448
543,B,B-000000448
544,A,A-000000449
544,B,B-000000449
545,A,A-000000450
545,B,B-000000450
546,A,A-000000451
546,B,B-000000451
547,A,A-000000452
547,B,B-000000452
548,A,A-000000453
548,B,B-000000453
552,A,A-000000454
552,B,B-000000454
554,A,A-000000455
554,B,B-000000455
556,A,A-000000456
556,B,B-000000456
557,A,A-000000457
557,B,B-000000457
558,A,A-000000458
558,B,B-000000458
559,A,A-000000459
559,B,B-000000459
560,A,A-000000460
560,B,B-000000460
561,A,A-000000461
561,B,B-000000461
562,A,A-000000462
562,B,B-000000462
563,A,A-000000463
563,B,B-000000463
564,A,A-000000464
564,B,B-000000464
566,A,A-000000465
566,B,B-000000465
567,A,A-000000466
567,B,B-000000466
568,A,A-000000467
568,B,B-000000467
569,A,A-000000468
569,B,B-000000468
572,A,A-000000469
572,B,B-000000469
573,A,A-000000470
573,B,B-000000470
574,A,A-000000471
574,B,B-000000471
577,A,A-000000472
577,B,B-000000472
580,A,A-000000473
580,B,B-000000473
581,A,A-000000474
581,B,B-000000474
582,A,A-000000475
582,B,B-000000475
583,A,A-000000476
583,B,B-000000476
584,A,A-000000477
584,B,B-000000477
585,A,A-000000478
585,B,B-000000478
588,A,A-000000479
588,B,B-000000479
589,A,A-000000480
589,B,B-000000480
590,A,A-000000481
590,B,B-000000481
591,A,A-000000482
591,B,B-000000482
592,A,A-000000483
592,B,B-000000483
593,A,A-000000484
593,B,B-000000484
595,A,A-000000485
595,B,B-000000485
596,A,A-000000486
596,B,B-000000486
598,A,A-000000487
598,B,B-000000487
599,A,A-000000488
599,B,B-000000488
600,A,A-000000489
600,B,B-000000489
601,A,A-000000490
601,B,B-000000490
602,A,A-000000491
602,B,B-000000491
603,A,A-000000492
603,B,B-000000492
604,A,A-000000493
604,B,B-000000493
605,A,A-000000494
605,B,B-000000494
608,A,A-000000495
608,B,B-000000495
609,A,A-000000496
609,B,B-000000496
610,A,A-000000497
610,B,B-000000497
611,A,A-000000498
611,B,B-000000498
612,A,A-000000499
612,B,B-000000499
613,A,A-000000500
613,B,B-000000500
615,A,A-000000501
615,B,B-000000501
616,A,A-000000502
616,B,B-000000502
617,A,A-000000503
617,B,B-000000503
618,A,A-000000504
618,B,B-000000504
619,A,A-000000505
619,B,B-000000505
622,A,A-000000506
622,B,B-000000506
623,A,A-000000507
623,B,B-000000507
625,A,A-000000508
625,B,B-000000508
627,A,A-000000509
627,B,B-000000509
628,A,A-000000510
628,B,B-000000510
629,A,A-000000511
629,B,B-000000511
631,A,A-000000512
631,B,B-000000512
633,A,A-000000513
633,B,B-000000513
634,A,A-000000514
634,B,B-000000514
636,A,A-000000515
636,B,B-000000515
638,A,A-000000516
638,B,B-000000516
639,A,A-000000517
639,B,B-000000517
640,A,A-000000518
640,B,B-000000518
641,A,A-000000519
641,B,B-000000519
642,A,A-000000520
642,B,B-000000520
643,A,A-000000521
643,B,B-000000521
644,A,A-000000522
644,B,B-000000522
645,A,A-000000523
645,B,B-000000523
646,A,A-000000524
646,B,B-000000524
647,A,A-000000525
647,B,B-000000525
648,A,A-000000526
648,B,B-000000526
649,A,A-000000527
649,B,B-000000527
650,A,A-000000528
650,B,B-000000528
651,A,A-000000529
651,B,B-000000529
653,A,A-000000530
653,B,B-000000530
654,A,A-000000531
654,B,B-000000531
655,A,A-000000532
655,B,B-000000532
657,A,A-000000533
657,B,B-000000533
658,A,A-000000534
658,B,B-000000534
660,A,A-000000535
660,B,B-000000535
661,A,A-000000536
661,B,B-000000536
662,A,A-000000537
662,B,B-000000537
663,A,A-000000538
663,B,B-000000538
664,A,A-000000539
664,B,B-000000539
665,A,A-000000540
665,B,B-000000540
667,A,A-000000541
667,B,B-000000541
669,A,A-000000542
669,B,B-000000542
670,A,A-000000543
670,B,B-000000543
672,A,A-000000544
672,B,B-000000544
673,A,A-000000545
673,B,B-000000545
674,A,A-000000546
674,B,B-000000546
677,A,A-000000547
677,B,B-000000547
678,A,A-000000548
678,B,B-000000548
679,A,A-000000549
679,B,B-000000549
680,A,A-000000550
680,B,B-000000550
681,A,A-000000551
681,B,B-000000551
682,A,A-000000552
682,B,B-000000552
683,A,A-000000553
683,B,B-000000553
684,A,A-000000554
684,B,B-000000554
685,A,A-000000555
685,B,B-000000555
687,A,A-000000556
687,B,B-000000556
689,A,A-000000557
689,B,B-000000557
690,A,A-000000558
690,B,B-000000558
691,A,A-000000559
691,B,B-000000559
692,A,A-000000560
692,B,B-000000560
693,A,A-000000561
693,B,B-000000561
694,A,A-000000562
694,B,B-000000562
695,A,A-000000563
695,B,B-000000563
696,A,A-000000564
696,B,B-000000564
697,A,A-000000565
697,B,B-000000565
699,A,A-000000566
699,B,B-000000566
700,A,A-000000567
700,B,B-000000567
701,A,A-000000568
701,B,B-000000568
702,A,A-000000569
702,B,B-000000569
703,A,A-000000570
703,B,B-000000570
704,A,A-000000571
704,B,B-000000571
705,A,A-000000572
705,B,B-000000572
706,A,A-000000573
706,B,B-000000573
707,A,A-000000574
707,B,B-000000574
709,A,A-000000575
709,B,B-000000575
710,A,A-000000576
710,B,B-000000576
711,A,A-000000577
711,B,B-000000577
712,A,A-000000578
712,B,B-000000578
713,A,A-000000579
713,B,B-000000579
714,A,A-000000580
714,B,B-000000580
715,A,A-000000581
715,B,B-000000581
716,A,A-000000582
716,B,B-000000582
717,A,A-000000583
717,B,B-000000583
718,A,A-000000584
718,B,B-000000584
719,A,A-000000585
719,B,B-000000585
720,A,A-000000586
720,B,B-000000586
721,A,A-000000587
721,B,B-000000587
722,A,A-000000588
722,B,B-000000588
724,A,A-000000589
724,B,B-000000589
726,A,A-000000590
726,B,B-000000590
727,A,A-000000591
727,B,B-000000591
728,A,A-000000592
728,B,B-000000592
729,A,A-000000593
729,B,B-000000593
730,A,A-000000594
730,B,B-000000594
731,A,A-000000595
731,B,B-000000595
732,A,A-000000596
732,B,B-000000596
734,A,A-000000597
734,B,B-000000597
735,A,A-000000598
735,B,B-000000598
736,A,A-000000599
736,B,B-000000599
737,A,A-000000600
737,B,B-000000600
738,A,A-000000601
738,B,B-000000601
739,A,A-000000602
739,B,B-000000602
740,A,A-000000603
740,B,B-000000603
741,A,A-000000604
741,B,B-000000604
742,A,A-000000605
742,B,B-000000605
743,A,A-000000606
743,B,B-000000606
744,A,A-000000607
744,B,B-000000607
745,A,A-000000608
745,B,B-000000608
746,A,A-000000609
746,B,B-000000609
748,A,A-000000610
748,B,B-000000610
749,A,A-000000611
749,B,B-000000611
750,A,A-000000612
750,B,B-000000612
751,A,A-000000613
751,B,B-000000613
752,A,A-000000614
752,B,B-000000614
753,A,A-000000615
753,B,B-000000615
754,A,A-000000616
754,B,B-000000616
755,A,A-000000617
755,B,B-000000617
757,A,A-000000618
757,B,B-000000618
758,A,A-000000619
758,B,B-000000619
759,A,A-000000620
759,B,B-000000620
761,A,A-000000621
761,B,B-000000621
762,A,A-000000622
762,B,B-000000622
764,A,A-000000623
764,B,B-000000623
765,A,A-000000624
765,B,B-000000624
766,A,A-000000625
766,B,B-000000625
767,A,A-000000626
767,B,B-000000626
768,A,A-000000627
768,B,B-000000627
769,A,A-000000628
769,B,B-000000628
770,A,A-000000629
770,B,B-000000629
771,A,A-000000630
771,B,B-000000630
772,A,A-000000631
772,B,B-000000631
773,A,A-000000632
773,B,B-000000632
774,A,A-000000633
774,B,B-000000633
776,A,A-000000634
776,B,B-000000634
777,A,A-000000635
777,B,B-000000635
778,A,A-000000636
778,B,B-000000636
779,A,A-000000637
779,B,B-000000637
780,A,A-000000638
780,B,B-000000638
781,A,A-000000639
781,B,B-000000639
782,A,A-000000640
782,B,B-000000640
783,A,A-000000641
783,B,B-000000641
785,A,A-000000642
785,B,B-000000642
786,A,A-000000643
786,B,B-000000643
787,A,A-000000644
787,B,B-000000644
788,A,A-000000645
788,B,B-000000645
789,A,A-000000646
789,B,B-000000646
790,A,A-000000647
790,B,B-000000647
791,A,A-000000648
791,B,B-000000648
792,A,A-000000649
792,B,B-000000649
793,A,A-000000650
793,B,B-000000650
794,A,A-000000651
794,B,B-000000651
795,A,A-000000652
795,B,B-000000652
797,A,A-000000653
797,B,B-000000653
799,A,A-000000654
799,B,B-000000654
800,A,A-000000655
800,B,B-000000655
802,A,A-000000656
802,B,B-000000656
804,A,A-000000657
804,B,B-000000657
805,A,A-000000658
805,B,B-000000658
810,A,A-000000659
810,B,B-000000659
811,A,A-000000660
811,B,B-000000660
812,A,A-000000661
812,B,B-000000661
813,A,A-000000662
813,B,B-000000662
814,A,A-000000663
814,B,B-000000663
815,A,A-000000664
815,B,B-000000664
819,A,A-000000665
819,B,B-000000665
820,A,A-000000666
820,B,B-000000666
821,A,A-000000667
821,B,B-000000667
822,A,A-000000668
822,B,B-000000668
823,A,A-000000669
823,B,B-000000669
824,A,A-000000670
824,B,B-000000670
826,A,A-000000671
826,B,B-000000671
827,A,A-000000672
827,B,B-000000672
828,A,A-000000673
828,B,B-000000673
829,A,A-000000674
829,B,B-000000674
831,A,A-000000675
831,B,B-000000675
832,A,A-000000676
832,B,B-000000676
833,A,A-000000677
833,B,B-000000677
834,A,A-000000678
834,B,B-000000678
836,A,A-000000679
836,B,B-000000679
837,A,A-000000680
837,B,B-000000680
839,A,A-000000681
839,B,B-000000681
840,A,A-000000682
840,B,B-000000682
841,A,A-000000683
841,B,B-000000683
843,A,A-000000684
843,B,B-000000684
844,A,A-000000685
844,B,B-000000685
846,A,A-000000686
846,B,B-000000686
847,A,A-000000687
847,B,B-000000687
848,A,A-000000688
848,B,B-000000688
849,A,A-000000689
849,B,B-000000689
850,A,A-000000690
850,B,B-000000690
851,A,A-000000691
851,B,B-000000691
852,A,A-000000692
852,B,B-000000692
853,A,A-000000693
853,B,B-000000693
854,A,A-000000694
854,B,B-000000694
855,A,A-000000695
855,B,B-000000695
858,A,A-000000696
858,B,B-000000696
859,A,A-000000697
859,B,B-000000697
860,A,A-000000698
860,B,B-000000698
862,A,A-000000699
862,B,B-000000699
863,A,A-000000700
863,B,B-000000700
864,A,A-000000701
864,B,B-000000701
865,A,A-000000702
865,B,B-000000702
866,A,A-000000703
866,B,B-000000703
867,A,A-000000704
867,B,B-000000704
868,A,A-000000705
868,B,B-000000705
869,A,A-000000706
869,B,B-000000706
870,A,A-000000707
870,B,B-000000707
871,A,A-000000708
871,B,B-000000708
872,A,A-000000709
872,B,B-000000709
874,A,A-000000710
874,B,B-000000710
875,A,A-000000711
875,B,B-000000711
876,A,A-000000712
876,B,B-000000712
877,A,A-000000713
877,B,B-000000713
878,A,A-000000714
878,B,B-000000714
879,A,A-000000715
879,B,B-000000715
880,A,A-000000716
880,B,B-000000716
881,A,A-000000717
881,B,B-000000717
882,A,A-000000718
882,B,B-000000718
883,A,A-000000719
883,B,B-000000719
884,A,A-000000720
884,B,B-000000720
885,A,A-000000721
885,B,B-000000721
887,A,A-000000722
887,B,B-000000722
889,A,A-000000723
889,B,B-000000723
891,A,A-000000724
891,B,B-000000724
892,A,A-000000725
892,B,B-000000725
895,A,A-000000726
895,B,B-000000726
896,A,A-000000727
896,B,B-000000727
897,A,A-000000728
897,B,B-000000728
899,A,A-000000729
899,B,B-000000729
900,A,A-000000730
900,B,B-000000730
901,A,A-000000731
901,B,B-000000731
902,A,A-000000732
902,B,B-000000732
903,A,A-000000733
903,B,B-000000733
904,A,A-000000734
904,B,B-000000734
906,A,A-000000735
906,B,B-000000735
907,A,A-000000736
907,B,B-000000736
908,A,A-000000737
908,B,B-000000737
909,A,A-000000738
909,B,B-000000738
910,A,A-000000739
910,B,B-000000739
912,A,A-000000740
912,B,B-000000740
913,A,A-000000741
913,B,B-000000741
915,A,A-000000742
915,B,B-000000742
916,A,A-000000743
916,B,B-000000743
917,A,A-000000744
917,B,B-000000744
919,A,A-000000745
919,B,B-000000745
920,A,A-000000746
920,B,B-000000746
921,A,A-000000747
921,B,B-000000747
922,A,A-000000748
922,B,B-000000748
924,A,A-000000749
924,B,B-000000749
925,A,A-000000750
925,B,B-000000750
926,A,A-000000751
926,B,B-000000751
927,A,A-000000752
927,B,B-000000752
928,A,A-000000753
928,B,B-000000753
929,A,A-000000754
929,B,B-000000754
930,A,A-000000755
930,B,B-000000755
931,A,A-000000756
931,B,B-000000756
932,A,A-000000757
932,B,B-000000757
933,A,A-000000758
933,B,B-000000758
934,A,A-000000759
934,B,B-000000759
935,A,A-000000760
935,B,B-000000760
937,A,A-000000761
937,B,B-000000761
938,A,A-000000762
938,B,B-000000762
939,A,A-000000763
939,B,B-000000763
940,A,A-000000764
940,B,B-000000764
941,A,A-000000765
941,B,B-000000765
943,A,A-000000766
943,B,B-000000766
944,A,A-000000767
944,B,B-000000767
945,A,A-000000768
945,B,B-000000768
946,A,A-000000769
946,B,B-000000769
947,A,A-000000770
947,B,B-000000770
949,A,A-000000771
949,B,B-000000771
950,A,A-000000772
950,B,B-000000772
951,A,A-000000773
951,B,B-000000773
952,A,A-000000774
952,B,B-000000774
953,A,A-000000775
953,B,B-000000775
954,A,A-000000776
954,B,B-000000776
955,A,A-000000777
955,B,B-000000777
956,A,A-000000778
956,B,B-000000778
958,A,A-000000779
958,B,B-000000779
960,A,A-000000780
960,B,B-000000780
961,A,A-000000781
961,B,B-000000781
963,A,A-000000782
963,B,B-000000782
964,A,A-000000783
964,B,B-000000783
965,A,A-000000784
965,B,B-000000784
966,A,A-000000785
966,B,B-000000785
968,A,A-000000786
968,B,B-000000786
969,A,A-000000787
969,B,B-000000787
971,A,A-000000788
971,B,B-000000788
972,A,A-000000789
972,B,B-000000789
973,A,A-000000790
973,B,B-000000790
974,A,A-000000791
974,B,B-000000791
977,A,A-000000792
977,B,B-000000792
978,A,A-000000793
978,B,B-000000793
979,A,A-000000794
979,B,B-000000794
981,A,A-000000795
981,B,B-000000795
982,A,A-000000796
982,B,B-000000796
983,A,A-000000797
983,B,B-000000797
985,A,A-000000798
985,B,B-000000798
986,A,A-000000799
986,B,B-000000799
987,A,A-000000800
987,B,B-000000800
989,A,A-000000801
989,B,B-000000801
990,A,A-000000802
990,B,B-000000802
992,A,A-000000803
992,B,B-000000803
993,A,A-000000804
993,B,B-000000804
994,A,A-000000805
994,B,B-000000805
995,A,A-000000806
995,B,B-000000806
996,A,A-000000807
996,B,B-000000807
997,A,A-000000808
997,B,B-000000808
998,A,A-000000809
998,B,B-000000809
999,A,A-000000810
999,B,B-000000810
1000,A,A-000000811
1000,B,B-000000811
1001,A,A-000000812
1001,B,B-000000812
1002,A,A-000000813
1002,B,B-000000813
1003,A,A-000000814
1003,B,B-000000814
1005,A,A-000000815
1005,B,B-000000815
1006,A,A-000000816
1006,B,B-000000816
1007,A,A-000000817
1007,B,B-000000817
1008,A,A-000000818
1008,B,B-000000818
1009,A,A-000000819
1009,B,B-000000819
1010,A,A-000000820
1010,B,B-000000820
1011,A,A-000000821
1011,B,B-000000821
1012,A,A-000000822
1012,B,B-000000822
1013,A,A-000000823
1013,B,B-000000823
1014,A,A-000000824
1014,B,B-000000824
1016,A,A-000000825
1016,B,B-000000825
1017,A,A-000000826
1017,B,B-000000826
1018,A,A-000000827
1018,B,B-000000827
1019,A,A-000000828
1019,B,B-000000828
1020,A,A-000000829
1020,B,B-000000829
1021,A,A-000000830
1021,B,B-000000830
1022,A,A-000000831
1022,B,B-000000831
1024,A,A-000000832
1024,B,B-000000832
1025,A,A-000000833
1025,B,B-000000833
1027,A,A-000000834
1027,B,B-000000834
1028,A,A-000000835
1028,B,B-000000835
1029,A,A-000000836
1029,B,B-000000836
1030,A,A-000000837
1030,B,B-000000837
1032,A,A-000000838
1032,B,B-000000838
1033,A,A-000000839
1033,B,B-000000839
1036,A,A-000000840
1036,B,B-000000840
1037,A,A-000000841
1037,B,B-000000841
1038,A,A-000000842
1038,B,B-000000842
1039,A,A-000000843
1039,B,B-000000843
1040,A,A-000000844
1040,B,B-000000844
1042,A,A-000000845
1042,B,B-000000845
1043,A,A-000000846
1043,B,B-000000846
1044,A,A-000000847
1044,B,B-000000847
1045,A,A-000000848
1045,B,B-000000848
1046,A,A-000000849
1046,B,B-000000849
1047,A,A-000000850
1047,B,B-000000850
1048,A,A-000000851
1048,B,B-000000851
1050,A,A-000000852
1050,B,B-000000852
1051,A,A-000000853
1051,B,B-000000853
1052,A,A-000000854
1052,B,B-000000854
1053,A,A-000000855
1053,B,B-000000855
1054,A,A-000000856
1054,B,B-000000856
1056,A,A-000000857
1056,B,B-000000857
1057,A,A-000000858
1057,B,B-000000858
1058,A,A-000000859
1058,B,B-000000859
1059,A,A-000000860
1059,B,B-000000860
1060,A,A-000000861
1060,B,B-000000861
1062,A,A-000000862
1062,B,B-000000862
1063,A,A-000000863
1063,B,B-000000863
1064,A,A-000000864
1064,B,B-000000864
1065,A,A-000000865
1065,B,B-000000865
1066,A,A-000000866
1066,B,B-000000866
1068,A,A-000000867
1068,B,B-000000867
1070,A,A-000000868
1070,B,B-000000868
1071,A,A-000000869
1071,B,B-000000869
1072,A,A-000000870
1072,B,B-000000870
1073,A,A-000000871
1073,B,B-000000871
1075,A,A-000000872
1075,B,B-000000872
1076,A,A-000000873
1076,B,B-000000873
1077,A,A-000000874
1077,B,B-000000874
1078,A,A-000000875
1078,B,B-000000875
1079,A,A-000000876
1079,B,B-000000876
1080,A,A-000000877
1080,B,B-000000877
1081,A,A-000000878
1081,B,B-000000878
1082,A,A-000000879
1082,B,B-000000879
1084,A,A-000000880
1084,B,B-000000880
1085,A,A-000000881
1085,B,B-000000881
1086,A,A-000000882
1086,B,B-000000882
1087,A,A-000000883
1087,B,B-000000883
1088,A,A-000000884
1088,B,B-000000884
1089,A,A-000000885
1089,B,B-000000885
1090,A,A-000000886
1090,B,B-000000886
1091,A,A-000000887
1091,B,B-000000887
1092,A,A-000000888
1092,B,B-000000888
1093,A,A-000000889
1093,B,B-000000889
1094,A,A-000000890
1094,B,B-000000890
1096,A,A-000000891
1096,B,B-000000891
1097,A,A-000000892
1097,B,B-000000892
1099,A,A-000000893
1099,B,B-000000893
1100,A,A-000000894
1100,B,B-000000894
1101,A,A-000000895
1101,B,B-000000895
1102,A,A-000000896
1102,B,B-000000896
1103,A,A-000000897
1103,B,B-000000897
1104,A,A-000000898
1104,B,B-000000898
1105,A,A-000000899
1105,B,B-000000899
1106,A,A-000000900
1106,B,B-000000900
1107,A,A-000000901
1107,B,B-000000901
1109,A,A-000000902
1109,B,B-000000902
1110,A,A-000000903
1110,B,B-000000903
1111,A,A-000000904
1111,B,B-000000904
1113,A,A-000000905
1113,B,B-000000905
1114,A,A-000000906
1114,B,B-000000906
1116,A,A-000000907
1116,B,B-000000907
1117,A,A-000000908
1117,B,B-000000908
1118,A,A-000000909
1118,B,B-000000909
1119,A,A-000000910
1119,B,B-000000910
1120,A,A-000000911
1120,B,B-000000911
1121,A,A-000000912
1121,B,B-000000912
1122,A,A-000000913
1122,B,B-000000913
1123,A,A-000000914
1123,B,B-000000914
1124,A,A-000000915
1124,B,B-000000915
1125,A,A-000000916
1125,B,B-000000916
1126,A,A-000000917
1126,B,B-000000917
1127,A,A-000000918
1127,B,B-000000918
1128,A,A-000000919
1128,B,B-000000919
1132,A,A-000000920
1132,B,B-000000920
1133,A,A-000000921
1133,B,B-000000921
1135,A,A-000000922
1135,B,B-000000922
1136,A,A-000000923
1136,B,B-000000923
1137,A,A-000000924
1137,B,B-000000924
1138,A,A-000000925
1138,B,B-000000925
1139,A,A-000000926
1139,B,B-000000926
1140,A,A-000000927
1140,B,B-000000927
1142,A,A-000000928
1142,B,B-000000928
1143,A,A-000000929
1143,B,B-000000929
1144,A,A-000000930
1144,B,B-000000930
1145,A,A-000000931
1145,B,B-000000931
1146,A,A-000000932
1146,B,B-000000932
1148,A,A-000000933
1148,B,B-000000933
1149,A,A-000000934
1149,B,B-000000934
1150,A,A-000000935
1150,B,B-000000935
1151,A,A-000000936
1151,B,B-000000936
1152,A,A-000000937
1152,B,B-000000937
1153,A,A-000000938
1153,B,B-000000938
1154,A,A-000000939
1154,B,B-000000939
1155,A,A-000000940
1155,B,B-000000940
1158,A,A-000000941
1158,B,B-000000941
1160,A,A-000000942
1160,B,B-000000942
1161,A,A-000000943
1161,B,B-000000943
1162,A,A-000000944
1162,B,B-000000944
1164,A,A-000000945
1164,B,B-000000945
1166,A,A-000000946
1166,B,B-000000946
1167,A,A-000000947
1167,B,B-000000947
1168,A,A-000000948
1168,B,B-000000948
1169,A,A-000000949
1169,B,B-000000949
1170,A,A-000000950
1170,B,B-000000950
1171,A,A-000000951
1171,B,B-000000951
1173,A,A-000000952
1173,B,B-000000952
1174,A,A-000000953
1174,B,B-000000953
1175,A,A-000000954
1175,B,B-000000954
1176,A,A-000000955
1176,B,B-000000955
1177,A,A-000000956
1177,B,B-000000956
1178,A,A-000000957
1178,B,B-000000957
1179,A,A-000000958
1179,B,B-000000958
1180,A,A-000000959
1180,B,B-000000959
1181,A,A-000000960
1181,B,B-000000960
1182,A,A-000000961
1182,B,B-000000961
1183,A,A-000000962
1183,B,B-000000962
1185,A,A-000000963
1185,B,B-000000963
1186,A,A-000000964
1186,B,B-000000964
1187,A,A-000000965
1187,B,B-000000965
1188,A,A-000000966
1188,B,B-000000966
1190,A,A-000000967
1190,B,B-000000967
1191,A,A-000000968
1191,B,B-000000968
1192,A,A-000000969
1192,B,B-000000969
1193,A,A-000000970
1193,B,B-000000970
1194,A,A-000000971
1194,B,B-000000971
1195,A,A-000000972
1195,B,B-000000972
1196,A,A-000000973
1196,B,B-000000973
1197,A,A-000000974
1197,B,B-000000974
1198,A,A-000000975
1198,B,B-000000975
1199,A,A-000000976
1199,B,B-000000976
1200,A,A-000000977
1200,B,B-000000977
1204,A,A-000000978
1204,B,B-000000978
1205,A,A-000000979
1205,B,B-000000979
1206,A,A-000000980
1206,B,B-000000980
1207,A,A-000000981
1207,B,B-000000981
1208,A,A-000000982
1208,B,B-000000982
1209,A,A-000000983
1209,B,B-000000983
1210,A,A-000000984
1210,B,B-000000984
1211,A,A-000000985
1211,B,B-000000985
1212,A,A-000000986
1212,B,B-000000986
1213,A,A-000000987
1213,B,B-000000987
1214,A,A-000000988
1214,B,B-000000988
1215,A,A-000000989
1215,B,B-000000989
1216,A,A-000000990
1216,B,B-000000990
1217,A,A-000000991
1217,B,B-000000991
1219,A,A-000000992
1219,B,B-000000992
1224,A,A-000000993
1224,B,B-000000993
1225,A,A-000000994
1225,B,B-000000994
1226,A,A-000000995
1226,B,B-000000995
1229,A,A-000000996
1229,B,B-000000996
1230,A,A-000000997
1230,B,B-000000997
1232,A,A-000000998
1232,B,B-000000998
1233,A,A-000000999
1233,B,B-000000999
1234,A,A-000001000
1234,B,B-000001000
1235,A,A-000001001
1235,B,B-000001001
1236,A,A-000001002
1236,B,B-000001002
1238,A,A-000001003
1238,B,B-000001003
1239,A,A-000001004
1239,B,B-000001004
1241,A,A-000001005
1241,B,B-000001005
1242,A,A-000001006
1242,B,B-000001006
1243,A,A-000001007
1243,B,B-000001007
1244,A,A-000001008
1244,B,B-000001008
1245,A,A-000001009
1245,B,B-000001009
1246,A,A-000001010
1246,B,B-000001010
1247,A,A-000001011
1247,B,B-000001011
1248,A,A-000001012
1248,B,B-000001012
1249,A,A-000001013
1249,B,B-000001013
1250,A,A-000001014
1250,B,B-000001014
1251,A,A-000001015
1251,B,B-000001015
1253,A,A-000001016
1253,B,B-000001016
1254,A,A-000001017
1254,B,B-000001017
1255,A,A-000001018
1255,B,B-000001018
1256,A,A-000001019
1256,B,B-000001019
1257,A,A-000001020
1257,B,B-000001020
1259,A,A-000001021
1259,B,B-000001021
1262,A,A-000001022
1262,B,B-000001022
1263,A,A-000001023
1263,B,B-000001023
1264,A,A-000001024
1264,B,B-000001024
1265,A,A-000001025
1265,B,B-000001025
1266,A,A-000001026
1266,B,B-000001026
1267,A,A-000001027
1267,B,B-000001027
1268,A,A-000001028
1268,B,B-000001028
1269,A,A-000001029
1269,B,B-000001029
1270,A,A-000001030
1270,B,B-000001030
1271,A,A-000001031
1271,B,B-000001031
1272,A,A-000001032
1272,B,B-000001032
1274,A,A-000001033
1274,B,B-000001033
1275,A,A-000001034
1275,B,B-000001034
1277,A,A-000001035
1277,B,B-000001035
1278,A,A-000001036
1278,B,B-000001036
1280,A,A-000001037
1280,B,B-000001037
1281,A,A-000001038
1281,B,B-000001038
1282,A,A-000001039
1282,B,B-000001039
1283,A,A-000001040
1283,B,B-000001040
1284,A,A-000001041
1284,B,B-000001041
1285,A,A-000001042
1285,B,B-000001042
1286,A,A-000001043
1286,B,B-000001043
1287,A,A-000001044
1287,B,B-000001044
1288,A,A-000001045
1288,B,B-000001045
1290,A,A-000001046
1290,B,B-000001046
1291,A,A-000001047
1291,B,B-000001047
1292,A,A-000001048
1292,B,B-000001048
1293,A,A-000001049
1293,B,B-000001049
1294,A,A-000001050
1294,B,B-000001050
1295,A,A-000001051
1295,B,B-000001051
1297,A,A-000001052
1297,B,B-000001052
1298,A,A-000001053
1298,B,B-000001053
1300,A,A-000001054
1300,B,B-000001054
1302,A,A-000001055
1302,B,B-000001055
1303,A,A-000001056
1303,B,B-000001056
1304,A,A-000001057
1304,B,B-000001057
1305,A,A-000001058
1305,B,B-000001058
1307,A,A-000001059
1307,B,B-000001059
1308,A,A-000001060
1308,B,B-000001060
1309,A,A-000001061
1309,B,B-000001061
1312,A,A-000001062
1312,B,B-000001062
1313,A,A-000001063
1313,B,B-000001063
1314,A,A-000001064
1314,B,B-000001064
1316,A,A-000001065
1316,B,B-000001065
1317,A,A-000001066
1317,B,B-000001066
1318,A,A-000001067
1318,B,B-000001067
1319,A,A-000001068
1319,B,B-000001068
1320,A,A-000001069
1320,B,B-000001069
1321,A,A-000001070
1321,B,B-000001070
1322,A,A-000001071
1322,B,B-000001071
1323,A,A-000001072
1323,B,B-000001072
1324,A,A-000001073
1324,B,B-000001073
1325,A,A-000001074
1325,B,B-000001074
1326,A,A-000001075
1326,B,B-000001075
1327,A,A-000001076
1327,B,B-000001076
1329,A,A-000001077
1329,B,B-000001077
1331,A,A-000001078
1331,B,B-000001078
1332,A,A-000001079
1332,B,B-000001079
1333,A,A-000001080
1333,B,B-000001080
1335,A,A-000001081
1335,B,B-000001081
1336,A,A-000001082
1336,B,B-000001082
1337,A,A-000001083
1337,B,B-000001083
1338,A,A-000001084
1338,B,B-000001084
1339,A,A-000001085
1339,B,B-000001085
1340,A,A-000001086
1340,B,B-000001086
1342,A,A-000001087
1342,B,B-000001087
1344,A,A-000001088
1344,B,B-000001088
1345,A,A-000001089
1345,B,B-000001089
1346,A,A-000001090
1346,B,B-000001090
1347,A,A-000001091
1347,B,B-000001091
1348,A,A-000001092
1348,B,B-000001092
1349,A,A-000001093
1349,B,B-000001093
1351,A,A-000001094
1351,B,B-000001094
1352,A,A-000001095
1352,B,B-000001095
1353,A,A-000001096
1353,B,B-000001096
1355,A,A-000001097
1355,B,B-000001097
1356,A,A-000001098
1356,B,B-000001098
1357,A,A-000001099
1357,B,B-000001099
1358,A,A-000001100
1358,B,B-000001100
1359,A,A-000001101
1359,B,B-000001101
1360,A,A-000001102
1360,B,B-000001102
1361,A,A-000001103
1361,B,B-000001103
1362,A,A-000001104
1362,B,B-000001104
1363,A,A-000001105
1363,B,B-000001105
1364,A,A-000001106
1364,B,B-000001106
1365,A,A-000001107
1365,B,B-000001107
1368,A,A-000001108
1368,B,B-000001108
1369,A,A-000001109
1369,B,B-000001109
1370,A,A-000001110
1370,B,B-000001110
1371,A,A-000001111
1371,B,B-000001111
1372,A,A-000001112
1372,B,B-000001112
1373,A,A-000001113
1373,B,B-000001113
1374,A,A-000001114
1374,B,B-000001114
1375,A,A-000001115
1375,B,B-000001115
1377,A,A-000001116
1377,B,B-000001116
1379,A,A-000001117
1379,B,B-000001117
1380,A,A-000001118
1380,B,B-000001118
1381,A,A-000001119
1381,B,B-000001119
1382,A,A-000001120
1382,B,B-000001120
1383,A,A-000001121
1383,B,B-000001121
1384,A,A-000001122
1384,B,B-000001122
1385,A,A-000001123
1385,B,B-000001123
1387,A,A-000001124
1387,B,B-000001124
1388,A,A-000001125
1388,B,B-000001125
1389,A,A-000001126
1389,B,B-000001126
1390,A,A-000001127
1390,B,B-000001127
1391,A,A-000001128
1391,B,B-000001128
1392,A,A-000001129
1392,B,B-000001129
1393,A,A-000001130
1393,B,B-000001130
1394,A,A-000001131
1394,B,B-000001131
1395,A,A-000001132
1395,B,B-000001132
1397,A,A-000001133
1397,B,B-000001133
1398,A,A-000001134
1398,B,B-000001134
1401,A,A-000001135
1401,B,B-000001135
1403,A,A-000001136
1403,B,B-000001136
1404,A,A-000001137
1404,B,B-000001137
1405,A,A-000001138
1405,B,B-000001138
1407,A,A-000001139
1407,B,B-000001139
1408,A,A-000001140
1408,B,B-000001140
1409,A,A-000001141
1409,B,B-000001141
1411,A,A-000001142
1411,B,B-000001142
1412,A,A-000001143
1412,B,B-000001143
1413,A,A-000001144
1413,B,B-000001144
1414,A,A-000001145
1414,B,B-000001145
1415,A,A-000001146
1415,B,B-000001146
1416,A,A-000001147
1416,B,B-000001147
1417,A,A-000001148
1417,B,B-000001148
1418,A,A-000001149
1418,B,B-000001149
1420,A,A-000001150
1420,B,B-000001150
1421,A,A-000001151
1421,B,B-000001151
1422,A,A-000001152
1422,B,B-000001152
1423,A,A-000001153
1423,B,B-000001153
1425,A,A-000001154
1425,B,B-000001154
1426,A,A-000001155
1426,B,B-000001155
1430,A,A-000001156
1430,B,B-000001156
1432,A,A-000001157
1432,B,B-000001157
1433,A,A-000001158
1433,B,B-000001158
1434,A,A-000001159
1434,B,B-000001159
1435,A,A-000001160
1435,B,B-000001160
1436,A,A-000001161
1436,B,B-000001161
1437,A,A-000001162
1437,B,B-000001162
1438,B,B-000001163
1440,A,A-000001163
1440,B,B-000001164
1441,A,A-000001164
1441,B,B-000001165
1442,A,A-000001165
1442,B,B-000001166
1444,A,A-000001166
1444,B,B-000001167
1445,A,A-000001167
1445,B,B-000001168
1446,A,A-000001168
1446,B,B-000001169
1447,A,A-000001169
1447,B,B-000001170
1448,A,A-000001170
1448,B,B-000001171
1449,A,A-000001171
1449,B,B-000001172
1450,A,A-000001172
1450,B,B-000001173
1451,A,A-000001173
1451,B,B-000001174
1452,A,A-000001174
1452,B,B-000001175
1455,A,A-000001175
1455,B,B-000001176
1456,A,A-000001176
1456,B,B-000001177
1457,A,A-000001177
1457,B,B-000001178
1458,A,A-000001178
1458,B,B-000001179
1459,A,A-000001179
1459,B,B-000001180
1460,A,A-000001180
1460,B,B-000001181
1461,A,A-000001181
1461,B,B-000001182
1462,A,A-000001182
1462,B,B-000001183
1463,A,A-000001183
1463,B,B-000001184
1464,A,A-000001184
1464,B,B-000001185
1465,A,A-000001185
1465,B,B-000001186
1466,A,A-000001186
1466,B,B-000001187
1467,A,A-000001187
1467,B,B-000001188
1468,A,A-000001188
1468,B,B-000001189
1469,A,A-000001189
1469,B,B-000001190
1470,A,A-000001190
1470,B,B-000001191
1471,A,A-000001191
1471,B,B-000001192
1472,A,A-000001192
1472,B,B-000001193
1473,A,A-000001193
1473,B,B-000001194
1474,A,A-000001194
1474,B,B-000001195
1475,A,A-000001195
1475,B,B-000001196
1478,A,A-000001196
1478,B,B-000001197
1479,A,A-000001197
1479,B,B-000001198
1480,A,A-000001198
1480,B,B-000001199
1482,A,A-000001199
1482,B,B-000001200
1483,A,A-000001200
1483,B,B-000001201
1484,A,A-000001201
1484,B,B-000001202
1485,A,A-000001202
1485,B,B-000001203
1487,A,A-000001203
1487,B,B-000001204
1488,A,A-000001204
1488,B,B-000001205
1489,A,A-000001205
1489,B,B-000001206
1491,A,A-000001206
1491,B,B-000001207
1492,A,A-000001207
1492,B,B-000001208
1493,A,A-000001208
1493,B,B-000001209
1495,A,A-000001209
1495,B,B-000001210
1497,A,A-000001210
1497,B,B-000001211
1498,A,A-000001211
1498,B,B-000001212
1500,A,A-000001212
1500,B,B-000001213
1503,A,A-000001213
1503,B,B-000001214
1505,A,A-000001214
1505,B,B-000001215
1508,A,A-000001215
1508,B,B-000001216
1509,A,A-000001216
1509,B,B-000001217
1510,A,A-000001217
1510,B,B-000001218
1511,A,A-000001218
1511,B,B-000001219
1512,A,A-000001219
1512,B,B-000001220
1513,A,A-000001220
1513,B,B-000001221
1516,A,A-000001221
1516,B,B-000001222
1517,A,A-000001222
1517,B,B-000001223
1519,A,A-000001223
1519,B,B-000001224
1520,A,A-000001224
1520,B,B-000001225
1521,A,A-000001225
1521,B,B-000001226
1523,A,A-000001226
1523,B,B-000001227
1524,A,A-000001227
1524,B,B-000001228
1525,A,A-000001228
1525,B,B-000001229
1528,A,A-000001229
1528,B,B-000001230
1529,A,A-000001230
1529,B,B-000001231
1530,A,A-000001231
1530,B,B-000001232
1531,A,A-000001232
1531,B,B-000001233
1532,A,A-000001233
1532,B,B-000001234
1534,A,A-000001234
1534,B,B-000001235
1535,A,A-000001235
1535,B,B-000001236
1536,A,A-000001236
1536,B,B-000001237
1537,A,A-000001237
1537,B,B-000001238
1538,A,A-000001238
1538,B,B-000001239
1539,A,A-000001239
1539,B,B-000001240
1540,A,A-000001240
1540,B,B-000001241
1541,A,A-000001241
1541,B,B-000001242
1542,A,A-000001242
1542,B,B-000001243
1543,A,A-000001243
1543,B,B-000001244
1544,A,A-000001244
1544,B,B-000001245
1545,A,A-000001245
1545,B,B-000001246
1546,A,A-000001246
1546,B,B-000001247
1547,A,A-000001247
1547,B,B-000001248
1548,B,B-000001249
1550,A,A-000001248
1550,B,B-000001250
1551,A,A-000001249
1551,B,B-000001251
1552,A,A-000001250
1552,B,B-000001252
1553,A,A-000001251
1553,B,B-000001253
1554,A,A-000001252
1554,B,B-000001254
1555,A,A-000001253
1555,B,B-000001255
1556,A,A-000001254
1556,B,B-000001256
1557,A,A-000001255
1557,B,B-000001257
1559,A,A-000001256
1559,B,B-000001258
1560,A,A-000001257
1560,B,B-000001259
1562,A,A-000001258
1562,B,B-000001260
1563,A,A-000001259
1563,B,B-000001261
1564,A,A-000001260
1564,B,B-000001262
1565,A,A-000001261
1565,B,B-000001263
1566,A,A-000001262
1566,B,B-000001264
1567,A,A-000001263
1567,B,B-000001265
1569,A,A-000001264
1569,B,B-000001266
1572,A,A-000001265
1572,B,B-000001267
1573,A,A-000001266
1573,B,B-000001268
1574,A,A-000001267
1574,B,B-000001269
1575,A,A-000001268
1575,B,B-000001270
1576,A,A-000001269
1576,B,B-000001271
1577,A,A-000001270
1577,B,B-000001272
1578,A,A-000001271
1578,B,B-000001273
1580,A,A-000001272
1580,B,B-000001274
1581,A,A-000001273
1581,B,B-000001275
1582,A,A-000001274
1582,B,B-000001276
1583,A,A-000001275
1583,B,B-000001277
1584,A,A-000001276
1584,B,B-000001278
1585,A,A-000001277
1585,B,B-000001279
1588,A,A-000001278
1588,B,B-000001280
1589,A,A-000001279
1589,B,B-000001281
1590,A,A-000001280
1590,B,B-000001282
1591,A,A-000001281
1591,B,B-000001283
1592,A,A-000001282
1592,B,B-000001284
1593,A,A-000001283
1593,B,B-000001285
1594,A,A-000001284
1594,B,B-000001286
1595,A,A-000001285
1595,B,B-000001287
1596,A,A-000001286
1596,B,B-000001288
1597,A,A-000001287
1597,B,B-000001289
1598,A,A-000001288
1598,B,B-000001290
1599,A,A-000001289
1599,B,B-000001291
1600,A,A-000001290
1600,B,B-000001292
1603,A,A-000001291
1603,B,B-000001293
1605,A,A-000001292
1605,B,B-000001294
1607,A,A-000001293
1607,B,B-000001295
1608,A,A-000001294
1608,B,B-000001296
1609,A,A-000001295
1609,B,B-000001297
1610,A,A-000001296
1610,B,B-000001298
1611,A,A-000001297
1611,B,B-000001299
1613,A,A-000001298
1613,B,B-000001300
1614,A,A-000001299
1614,B,B-000001301
1615,A,A-000001300
1615,B,B-000001302
1616,A,A-000001301
1616,B,B-000001303
1617,A,A-000001302
1617,B,B-000001304
1618,A,A-000001303
1618,B,B-000001305
1619,A,A-000001304
1619,B,B-000001306
1620,A,A-000001305
1620,B,B-000001307
1621,A,A-000001306
1621,B,B-000001308
1622,A,A-000001307
1622,B,B-000001309
1623,A,A-000001308
1623,B,B-000001310
1625,A,A-000001309
1625,B,B-000001311
1626,A,A-000001310
1626,B,B-000001312
1627,A,A-000001311
1627,B,B-000001313
1628,A,A-000001312
1628,B,B-000001314
1631,A,A-000001313
1631,B,B-000001315
1632,A,A-000001314
1632,B,B-000001316
1633,A,A-000001315
1633,B,B-000001317
1635,A,A-000001316
1635,B,B-000001318
1637,A,A-000001317
1637,B,B-000001319
1638,A,A-000001318
1638,B,B-000001320
1639,A,A-000001319
1639,B,B-000001321
1640,A,A-000001320
1640,B,B-000001322
1641,A,A-000001321
1641,B,B-000001323
1642,A,A-000001322
1642,B,B-000001324
1643,A,A-000001323
1643,B,B-000001325
1644,A,A-000001324
1644,B,B-000001326
1645,A,A-000001325
1645,B,B-000001327
1646,A,A-000001326
1646,B,B-000001328
1647,A,A-000001327
1647,B,B-000001329
1649,A,A-000001328
1649,B,B-000001330
1650,A,A-000001329
1650,B,B-000001331
1651,A,A-000001330
1651,B,B-000001332
1652,A,A-000001331
1652,B,B-000001333
1653,A,A-000001332
1653,B,B-000001334
1654,A,A-000001333
1654,B,B-000001335
1655,A,A-000001334
1655,B,B-000001336
1656,A,A-000001335
1656,B,B-000001337
1657,A,A-000001336
1657,B,B-000001338
1658,A,A-000001337
1658,B,B-000001339
1659,A,A-000001338
1659,B,B-000001340
1660,A,A-000001339
1660,B,B-000001341
1662,A,A-000001340
1662,B,B-000001342
1664,A,A-000001341
1664,B,B-000001343
1666,A,A-000001342
1666,B,B-000001344
1667,A,A-000001343
1667,B,B-000001345
1669,A,A-000001344
1669,B,B-000001346
1670,A,A-000001345
1670,B,B-000001347
1672,A,A-000001346
1672,B,B-000001348
1673,A,A-000001347
1673,B,B-000001349
1676,A,A-000001348
1676,B,B-000001350
1677,A,A-000001349
1677,B,B-000001351
1678,A,A-000001350
1678,B,B-000001352
1679,A,A-000001351
1679,B,B-000001353
1680,A,A-000001352
1680,B,B-000001354
1681,A,A-000001353
1681,B,B-000001355
1682,A,A-000001354
1682,B,B-000001356
1683,A,A-000001355
1683,B,B-000001357
1684,A,A-000001356
1684,B,B-000001358
1685,A,A-000001357
1685,B,B-000001359
1686,A,A-000001358
1686,B,B-000001360
1687,A,A-000001359
1687,B,B-000001361
1688,A,A-000001360
1688,B,B-000001362
1689,A,A-000001361
1689,B,B-000001363
1690,A,A-000001362
1690,B,B-000001364
1691,A,A-000001363
1691,B,B-000001365
1693,A,A-000001364
1693,B,B-000001366
1694,A,A-000001365
1694,B,B-000001367
1695,A,A-000001366
1695,B,B-000001368
1696,A,A-000001367
1696,B,B-000001369
1697,A,A-000001368
1697,B,B-000001370
1698,A,A-000001369
1698,B,B-000001371
1699,A,A-000001370
1699,B,B-000001372
1700,A,A-000001371
1700,B,B-000001373
1701,A,A-000001372
1701,B,B-000001374
1702,A,A-000001373
1702,B,B-000001375
1704,A,A-000001374
1704,B,B-000001376
1705,A,A-000001375
1705,B,B-000001377
1706,A,A-000001376
1706,B,B-000001378
1707,A,A-000001377
1707,B,B-000001379
1709,A,A-000001378
1709,B,B-000001380
1711,A,A-000001379
1711,B,B-000001381
1715,A,A-000001380
1715,B,B-000001382
1716,A,A-000001381
1716,B,B-000001383
1717,A,A-000001382
1717,B,B-000001384
1718,A,A-000001383
1718,B,B-000001385
1719,A,A-000001384
1719,B,B-000001386
1720,A,A-000001385
1720,B,B-000001387
1721,A,A-000001386
1721,B,B-000001388
1722,A,A-000001387
1722,B,B-000001389
1724,A,A-000001388
1724,B,B-000001390
1725,A,A-000001389
1725,B,B-000001391
1726,A,A-000001390
1726,B,B-000001392
1728,A,A-000001391
1728,B,B-000001393
1729,A,A-000001392
1729,B,B-000001394
1730,A,A-000001393
1730,B,B-000001395
1731,A,A-000001394
1731,B,B-000001396
1732,A,A-000001395
1732,B,B-000001397
1733,A,A-000001396
1733,B,B-000001398
1734,A,A-000001397
1734,B,B-000001399
1735,A,A-000001398
1735,B,B-000001400
1736,A,A-000001399
1736,B,B-000001401
1737,A,A-000001400
1737,B,B-000001402
1738,A,A-000001401
1738,B,B-000001403
1742,A,A-000001402
1742,B,B-000001404
1743,A,A-000001403
1743,B,B-000001405
1744,A,A-000001404
1744,B,B-000001406
1745,A,A-000001405
1745,B,B-000001407
1746,A,A-000001406
1746,B,B-000001408
1747,A,A-000001407
1747,B,B-000001409
1748,A,A-000001408
1748,B,B-000001410
1749,A,A-000001409
1749,B,B-000001411
1750,A,A-000001410
1750,B,B-000001412
1753,A,A-000001411
1753,B,B-000001413
1754,A,A-000001412
1754,B,B-000001414
1755,A,A-000001413
1755,B,B-000001415
1756,A,A-000001414
1756,B,B-000001416
1757,A,A-000001415
1757,B,B-000001417
1761,A,A-000001416
1761,B,B-000001418
1762,A,A-000001417
1762,B,B-000001419
1763,A,A-000001418
1763,B,B-000001420
1764,A,A-000001419
1764,B,B-000001421
1765,A,A-000001420
1765,B,B-000001422
1766,B,B-000001423
1767,A,A-000001421
1767,B,B-000001424
1768,A,A-000001422
1768,B,B-000001425
1769,A,A-000001423
1769,B,B-000001426
1770,A,A-000001424
1770,B,B-000001427
1771,A,A-000001425
1771,B,B-000001428
1772,A,A-000001426
1772,B,B-000001429
1774,A,A-000001427
1774,B,B-000001430
1775,A,A-000001428
1775,B,B-000001431
1776,A,A-000001429
1776,B,B-000001432
1778,A,A-000001430
1778,B,B-000001433
1779,A,A-000001431
1779,B,B-000001434
1780,A,A-000001432
1780,B,B-000001435
1781,A,A-000001433
1781,B,B-000001436
1782,A,A-000001434
1782,B,B-000001437
1784,A,A-000001435
1784,B,B-000001438
1785,A,A-000001436
1785,B,B-000001439
1786,A,A-000001437
1786,B,B-000001440
1787,A,A-000001438
1787,B,B-000001441
1789,A,A-000001439
1789,B,B-000001442
1790,A,A-000001440
1790,B,B-000001443
1791,A,A-000001441
1791,B,B-000001444
1794,A,A-000001442
1794,B,B-000001445
1795,A,A-000001443
1795,B,B-000001446
1797,A,A-000001444
1797,B,B-000001447
1798,A,A-000001445
1798,B,B-000001448
1799,A,A-000001446
1799,B,B-000001449
1800,A,A-000001447
1800,B,B-000001450
1801,A,A-000001448
1801,B,B-000001451
1802,A,A-000001449
1802,B,B-000001452
1803,A,A-000001450
1803,B,B-000001453
1805,A,A-000001451
1805,B,B-000001454
1806,A,A-000001452
1806,B,B-000001455
1807,A,A-000001453
1807,B,B-000001456
1808,A,A-000001454
1808,B,B-000001457
1809,A,A-000001455
1809,B,B-000001458
1810,A,A-000001456
1810,B,B-000001459
1811,A,A-000001457
1811,B,B-000001460
1814,A,A-000001458
1814,B,B-000001461
1815,A,A-000001459
1815,B,B-000001462
1817,A,A-000001460
1817,B,B-000001463
1818,A,A-000001461
1818,B,B-000001464
1819,A,A-000001462
1819,B,B-000001465
1822,A,A-000001463
1822,B,B-000001466
1823,A,A-000001464
1823,B,B-000001467
1824,A,A-000001465
1824,B,B-000001468
1825,A,A-000001466
1825,B,B-000001469
1826,A,A-000001467
1826,B,B-000001470
1828,A,A-000001468
1828,B,B-000001471
1829,A,A-000001469
1829,B,B-000001472
1830,A,A-000001470
1830,B,B-000001473
1831,A,A-000001471
1831,B,B-000001474
1832,A,A-000001472
1832,B,B-000001475
1833,A,A-000001473
1833,B,B-000001476
1834,A,A-000001474
1834,B,B-000001477
1835,A,A-000001475
1835,B,B-000001478
1837,A,A-000001476
1837,B,B-000001479
1838,A,A-000001477
1838,B,B-000001480
1839,A,A-000001478
1839,B,B-000001481
1842,A,A-000001479
1842,B,B-000001482
1843,A,A-000001480
1843,B,B-000001483
1844,A,A-000001481
1844,B,B-000001484
1846,A,A-000001482
1846,B,B-000001485
1848,A,A-000001483
1848,B,B-000001486
1850,A,A-000001484
1850,B,B-000001487
1851,A,A-000001485
1851,B,B-000001488
1852,A,A-000001486
1852,B,B-000001489
1855,A,A-000001487
1855,B,B-000001490
1856,A,A-000001488
1856,B,B-000001491
1857,A,A-000001489
1857,B,B-000001492
1858,A,A-000001490
1858,B,B-000001493
1859,A,A-000001491
1859,B,B-000001494
1860,A,A-000001492
1860,B,B-000001495
1861,A,A-000001493
1861,B,B-000001496
1862,A,A-000001494
1862,B,B-000001497
1863,A,A-000001495
1863,B,B-000001498
1864,A,A-000001496
1864,B,B-000001499
1866,A,A-000001497
1866,B,B-000001500
1867,A,A-000001498
1867,B,B-000001501
1869,A,A-000001499
1869,B,B-000001502
1870,A,A-000001500
1870,B,B-000001503
1872,A,A-000001501
1872,B,B-000001504
1874,A,A-000001502
1874,B,B-000001505
1875,A,A-000001503
1875,B,B-000001506
1876,A,A-000001504
1876,B,B-000001507
1877,A,A-000001505
1877,B,B-000001508
1878,A,A-000001506
1878,B,B-000001509
1879,A,A-000001507
1879,B,B-000001510
1880,A,A-000001508
1880,B,B-000001511
1882,A,A-000001509
1882,B,B-000001512
1883,A,A-000001510
1883,B,B-000001513
1884,A,A-000001511
1884,B,B-000001514
1886,A,A-000001512
1886,B,B-000001515
1887,A,A-000001513
1887,B,B-000001516
1888,A,A-000001514
1888,B,B-000001517
1889,A,A-000001515
1889,B,B-000001518
1890,A,A-000001516
1890,B,B-000001519
1891,A,A-000001517
1891,B,B-000001520
1893,A,A-000001518
1893,B,B-000001521
1894,A,A-000001519
1894,B,B-000001522
1895,A,A-000001520
1895,B,B-000001523
1896,A,A-000001521
1896,B,B-000001524
1897,A,A-000001522
1897,B,B-000001525
1898,A,A-000001523
1898,B,B-000001526
1899,A,A-000001524
1899,B,B-000001527
1901,A,A-000001525
1901,B,B-000001528
1902,A,A-000001526
1902,B,B-000001529
1903,A,A-000001527
1903,B,B-000001530
1904,A,A-000001528
1904,B,B-000001531
1905,A,A-000001529
1905,B,B-000001532
1906,A,A-000001530
1906,B,B-000001533
1908,A,A-000001531
1908,B,B-000001534
1909,A,A-000001532
1909,B,B-000001535
1910,A,A-000001533
1910,B,B-000001536
1911,A,A-000001534
1911,B,B-000001537
1912,A,A-000001535
1912,B,B-000001538
1913,A,A-000001536
1913,B,B-000001539
1915,A,A-000001537
1915,B,B-000001540
1916,A,A-000001538
1916,B,B-000001541
1917,A,A-000001539
1917,B,B-000001542
1918,A,A-000001540
1918,B,B-000001543
1919,A,A-000001541
1919,B,B-000001544
1920,A,A-000001542
1920,B,B-000001545
1921,A,A-000001543
1921,B,B-000001546
1922,A,A-000001544
1922,B,B-000001547
1923,A,A-000001545
1923,B,B-000001548
1924,A,A-000001546
1924,B,B-000001549
1925,A,A-000001547
1925,B,B-000001550
1926,A,A-000001548
1926,B,B-000001551
1927,A,A-000001549
1927,B,B-000001552
1930,A,A-000001550
1930,B,B-000001553
1931,A,A-000001551
1931,B,B-000001554
1933,A,A-000001552
1933,B,B-000001555
1935,A,A-000001553
1935,B,B-000001556
1936,A,A-000001554
1936,B,B-000001557
1937,A,A-000001555
1937,B,B-000001558
1938,A,A-000001556
1938,B,B-000001559
1940,A,A-000001557
1940,B,B-000001560
1941,A,A-000001558
1941,B,B-000001561
1942,A,A-000001559
1942,B,B-000001562
1943,A,A-000001560
1943,B,B-000001563
1944,A,A-000001561
1944,B,B-000001564
1945,A,A-000001562
1945,B,B-000001565
1946,A,A-000001563
1946,B,B-000001566
1947,A,A-000001564
1947,B,B-000001567
1948,A,A-000001565
1948,B,B-000001568
1950,A,A-000001566
1950,B,B-000001569
1951,A,A-000001567
1951,B,B-000001570
1952,A,A-000001568
1952,B,B-000001571
1953,A,A-000001569
1953,B,B-000001572
1954,A,A-000001570
1954,B,B-000001573
1955,A,A-000001571
1955,B,B-000001574
1956,A,A-000001572
1956,B,B-000001575
1957,A,A-000001573
1957,B,B-000001576
1958,A,A-000001574
1958,B,B-000001577
1959,A,A-000001575
1959,B,B-000001578
1960,A,A-000001576
1960,B,B-000001579
1961,A,A-000001577
1961,B,B-000001580
1962,A,A-000001578
1962,B,B-000001581
1963,A,A-000001579
1963,B,B-000001582
1964,A,A-000001580
1964,B,B-000001583
1965,A,A-000001581
1965,B,B-000001584
1966,A,A-000001582
1966,B,B-000001585
1967,A,A-000001583
1967,B,B-000001586
1968,A,A-000001584
1968,B,B-000001587
1969,A,A-000001585
1969,B,B-000001588
1970,A,A-000001586
1970,B,B-000001589
1971,A,A-000001587
1971,B,B-000001590
1972,A,A-000001588
1972,B,B-000001591
1973,A,A-000001589
1973,B,B-000001592
1974,A,A-000001590
1974,B,B-000001593
1975,A,A-000001591
1975,B,B-000001594
1976,A,A-000001592
1976,B,B-000001595
1977,A,A-000001593
1977,B,B-000001596
1978,A,A-000001594
1978,B,B-000001597
1979,A,A-000001595
1979,B,B-000001598
1981,A,A-000001596
1981,B,B-000001599
1982,A,A-000001597
1982,B,B-000001600
1983,A,A-000001598
1983,B,B-000001601
1984,A,A-000001599
1984,B,B-000001602
1985,A,A-000001600
1985,B,B-000001603
1986,A,A-000001601
1986,B,B-000001604
1988,A,A-000001602
1988,B,B-000001605
1989,A,A-000001603
1989,B,B-000001606
1990,A,A-000001604
1990,B,B-000001607
1991,A,A-000001605
1991,B,B-000001608
1993,A,A-000001606
1993,B,B-000001609
1994,A,A-000001607
1994,B,B-000001610
1995,A,A-000001608
1995,B,B-000001611
1996,A,A-000001609
1996,B,B-000001612
1997,A,A-000001610
1997,B,B-000001613
1998,A,A-000001611
1998,B,B-000001614
2000,A,A-000001612
2000,B,B-000001615
2001,A,A-000001613
2001,B,B-000001616
2002,A,A-000001614
2002,B,B-000001617
2003,A,A-000001615
2003,B,B-000001618
2004,A,A-000001616
2004,B,B-000001619
2005,A,A-000001617
2005,B,B-000001620
2006,A,A-000001618
2006,B,B-000001621
2007,A,A-000001619
2007,B,B-000001622
2008,A,A-000001620
2008,B,B-000001623
2010,A,A-000001621
2010,B,B-000001624
2011,A,A-000001622
2011,B,B-000001625
2012,A,A-000001623
2012,B,B-000001626
2013,A,A-000001624
2013,B,B-000001627
2015,A,A-000001625
2015,B,B-000001628
2017,A,A-000001626
2017,B,B-000001629
2018,A,A-000001627
2018,B,B-000001630
2019,A,A-000001628
2019,B,B-000001631
2020,A,A-000001629
2020,B,B-000001632
2022,A,A-000001630
2022,B,B-000001633
2023,A,A-000001631
2023,B,B-000001634
2024,A,A-000001632
2024,B,B-000001635
2025,A,A-000001633
2025,B,B-000001636
2027,A,A-000001634
2027,B,B-000001637
2028,A,A-000001635
2028,B,B-000001638
2029,A,A-000001636
2029,B,B-000001639
2030,A,A-000001637
2030,B,B-000001640
2031,A,A-000001638
2031,B,B-000001641
2032,A,A-000001639
2032,B,B-000001642
2033,A,A-000001640
2033,B,B-000001643
2035,A,A-000001641
2035,B,B-000001644
2036,A,A-000001642
2036,B,B-000001645
2038,A,A-000001643
2038,B,B-000001646
2039,A,A-000001644
2039,B,B-000001647
2040,A,A-000001645
2040,B,B-000001648
2041,A,A-000001646
2041,B,B-000001649
2042,A,A-000001647
2042,B,B-000001650
2043,A,A-000001648
2043,B,B-000001651
2044,A,A-000001649
2044,B,B-000001652
2045,A,A-000001650
2045,B,B-000001653
2046,A,A-000001651
2046,B,B-000001654
2047,A,A-000001652
2047,B,B-000001655
2048,A,A-000001653
2048,B,B-000001656
2049,A,A-000001654
2049,B,B-000001657
2050,A,A-000001655
2050,B,B-000001658
2051,A,A-000001656
2051,B,B-000001659
2052,A,A-000001657
2052,B,B-000001660
2053,A,A-000001658
2053,B,B-000001661
2054,A,A-000001659
2054,B,B-000001662
2055,A,A-000001660
2055,B,B-000001663
2057,A,A-000001661
2057,B,B-000001664
2058,A,A-000001662
2058,B,B-000001665
2059,A,A-000001663
2059,B,B-000001666
2060,A,A-000001664
2060,B,B-000001667
2061,A,A-000001665
2061,B,B-000001668
2062,A,A-000001666
2062,B,B-000001669
2063,A,A-000001667
2063,B,B-000001670
2064,A,A-000001668
2064,B,B-000001671
2065,A,A-000001669
2065,B,B-000001672
2066,A,A-000001670
2066,B,B-000001673
2067,A,A-000001671
2067,B,B-000001674
2068,A,A-000001672
2068,B,B-000001675
2069,A,A-000001673
2069,B,B-000001676
2070,A,A-000001674
2070,B,B-000001677
2071,A,A-000001675
2071,B,B-000001678
2072,A,A-000001676
2072,B,B-000001679
2074,A,A-000001677
2074,B,B-000001680
2075,A,A-000001678
2075,B,B-000001681
2076,A,A-000001679
2076,B,B-000001682
2077,A,A-000001680
2077,B,B-000001683
2078,A,A-000001681
2078,B,B-000001684
2079,A,A-000001682
2079,B,B-000001685
2081,A,A-000001683
2081,B,B-000001686
2082,A,A-000001684
2082,B,B-000001687
2083,A,A-000001685
2083,B,B-000001688
2084,A,A-000001686
2084,B,B-000001689
2085,A,A-000001687
2085,B,B-000001690
2087,A,A-000001688
2087,B,B-000001691
2088,A,A-000001689
2088,B,B-000001692
2089,A,A-000001690
2089,B,B-000001693
2090,A,A-000001691
2090,B,B-000001694
2092,A,A-000001692
2092,B,B-000001695
2093,A,A-000001693
2093,B,B-000001696
2094,A,A-000001694
2094,B,B-000001697
2095,A,A-000001695
2095,B,B-000001698
2097,A,A-000001696
2097,B,B-000001699
2098,A,A-000001697
2098,B,B-000001700
2100,A,A-000001698
2100,B,B-000001701
2102,A,A-000001699
2102,B,B-000001702
2103,A,A-000001700
2103,B,B-000001703
2104,A,A-000001701
2104,B,B-000001704
2105,A,A-000001702
2105,B,B-000001705
2106,A,A-000001703
2106,B,B-000001706
2107,A,A-000001704
2107,B,B-000001707
2109,A,A-000001705
2109,B,B-000001708
2110,A,A-000001706
2110,B,B-000001709
2111,A,A-000001707
2111,B,B-000001710
2112,A,A-000001708
2112,B,B-000001711
2113,A,A-000001709
2113,B,B-000001712
2115,A,A-000001710
2115,B,B-000001713
2116,A,A-000001711
2116,B,B-000001714
2117,A,A-000001712
2117,B,B-000001715
2118,A,A-000001713
2118,B,B-000001716
2119,A,A-000001714
2119,B,B-000001717
2120,A,A-000001715
2120,B,B-000001718
2121,A,A-000001716
2121,B,B-000001719
2122,A,A-000001717
2122,B,B-000001720
2123,A,A-000001718
2123,B,B-000001721
2124,A,A-000001719
2124,B,B-000001722
2126,A,A-000001720
2126,B,B-000001723
2127,A,A-000001721
2127,B,B-000001724
2129,A,A-000001722
2129,B,B-000001725
2130,A,A-000001723
2130,B,B-000001726
2131,A,A-000001724
2131,B,B-000001727
2133,A,A-000001725
2133,B,B-000001728
2134,A,A-000001726
2134,B,B-000001729
2135,A,A-000001727
2135,B,B-000001730
2136,A,A-000001728
2136,B,B-000001731
2137,A,A-000001729
2137,B,B-000001732
2138,A,A-000001730
2138,B,B-000001733
2139,A,A-000001731
2139,B,B-000001734
2140,A,A-000001732
2140,B,B-000001735
2141,A,A-000001733
2141,B,B-000001736
2142,A,A-000001734
2142,B,B-000001737
2144,A,A-000001735
2144,B,B-000001738
2145,A,A-000001736
2145,B,B-000001739
2146,A,A-000001737
2146,B,B-000001740
2147,A,A-000001738
2147,B,B-000001741
2148,A,A-000001739
2148,B,B-000001742
2150,A,A-000001740
2150,B,B-000001743
2151,A,A-000001741
2151,B,B-000001744
2152,A,A-000001742
2152,B,B-000001745
2153,A,A-000001743
2153,B,B-000001746
2154,A,A-000001744
2154,B,B-000001747
2155,A,A-000001745
2155,B,B-000001748
2156,A,A-000001746
2156,B,B-000001749
2157,A,A-000001747
2157,B,B-000001750
2158,A,A-000001748
2158,B,B-000001751
2159,A,A-000001749
2159,B,B-000001752
2160,A,A-000001750
2160,B,B-000001753
2161,A,A-000001751
2161,B,B-000001754
2163,A,A-000001752
2163,B,B-000001755
2164,A,A-000001753
2164,B,B-000001756
2165,A,A-000001754
2165,B,B-000001757
2166,A,A-000001755
2166,B,B-000001758
2168,A,A-000001756
2168,B,B-000001759
2170,A,A-000001757
2170,B,B-000001760
2171,A,A-000001758
2171,B,B-000001761
2172,A,A-000001759
2172,B,B-000001762
2173,A,A-000001760
2173,B,B-000001763
2174,A,A-000001761
2174,B,B-000001764
2175,A,A-000001762
2175,B,B-000001765
2176,A,A-000001763
2176,B,B-000001766
2177,A,A-000001764
2177,B,B-000001767
2178,A,A-000001765
2178,B,B-000001768
2179,A,A-000001766
2179,B,B-000001769
2180,A,A-000001767
2180,B,B-000001770
2181,A,A-000001768
2181,B,B-000001771
2182,A,A-000001769
2182,B,B-000001772
2183,A,A-000001770
2183,B,B-000001773
2184,A,A-000001771
2184,B,B-000001774
2186,A,A-000001772
2186,B,B-000001775
2188,A,A-000001773
2188,B,B-000001776
2193,A,A-000001774
2193,B,B-000001777
2195,A,A-000001775
2195,B,B-000001778
2196,A,A-000001776
2196,B,B-000001779
2197,A,A-000001777
2197,B,B-000001780
2198,A,A-000001778
2198,B,B-000001781
2199,A,A-000001779
2199,B,B-000001782
2201,A,A-000001780
2201,B,B-000001783
2202,A,A-000001781
2202,B,B-000001784
2203,A,A-000001782
2203,B,B-000001785
2204,A,A-000001783
2204,B,B-000001786
2205,A,A-000001784
2205,B,B-000001787
2206,A,A-000001785
2206,B,B-000001788
2207,A,A-000001786
2207,B,B-000001789
2208,A,A-000001787
2208,B,B-000001790
2210,A,A-000001788
2210,B,B-000001791
2211,A,A-000001789
2211,B,B-000001792
2212,A,A-000001790
2212,B,B-000001793
2214,A,A-000001791
2214,B,B-000001794
2216,A,A-000001792
2216,B,B-000001795
2217,A,A-000001793
2217,B,B-000001796
2218,A,A-000001794
2218,B,B-000001797
2219,A,A-000001795
2219,B,B-000001798
2220,A,A-000001796
2220,B,B-000001799
2221,A,A-000001797
2221,B,B-000001800
2222,A,A-000001798
2222,B,B-000001801
2223,A,A-000001799
2223,B,B-000001802
2224,A,A-000001800
2224,B,B-000001803
2225,A,A-000001801
2225,B,B-000001804
2226,A,A-000001802
2226,B,B-000001805
2227,A,A-000001803
2227,B,B-000001806
2228,A,A-000001804
2228,B,B-000001807
2230,A,A-000001805
2230,B,B-000001808
2231,A,A-000001806
2231,B,B-000001809
2232,A,A-000001807
2232,B,B-000001810
2233,A,A-000001808
2233,B,B-000001811
2234,A,A-000001809
2234,B,B-000001812
2235,A,A-000001810
2235,B,B-000001813
2236,A,A-000001811
2236,B,B-000001814
2239,A,A-000001812
2239,B,B-000001815
2241,A,A-000001813
2241,B,B-000001816
2242,A,A-000001814
2242,B,B-000001817
2243,A,A-000001815
2243,B,B-000001818
2244,A,A-000001816
2244,B,B-000001819
2246,A,A-000001817
2246,B,B-000001820
2247,A,A-000001818
2247,B,B-000001821
2249,A,A-000001819
2249,B,B-000001822
2250,A,A-000001820
2250,B,B-000001823
2251,A,A-000001821
2251,B,B-000001824
2252,A,A-000001822
2252,B,B-000001825
2253,A,A-000001823
2253,B,B-000001826
2254,A,A-000001824
2254,B,B-000001827
2255,A,A-000001825
2255,B,B-000001828
2256,A,A-000001826
2256,B,B-000001829
2258,A,A-000001827
2258,B,B-000001830
2260,A,A-000001828
2260,B,B-000001831
2261,A,A-000001829
2261,B,B-000001832
2262,A,A-000001830
2262,B,B-000001833
2263,A,A-000001831
2263,B,B-000001834
2264,A,A-000001832
2264,B,B-000001835
2265,A,A-000001833
2265,B,B-000001836
2266,A,A-000001834
2266,B,B-000001837
2267,A,A-000001835
2267,B,B-000001838
2268,A,A-000001836
2268,B,B-000001839
2269,A,A-000001837
2269,B,B-000001840
2270,A,A-000001838
2270,B,B-000001841
2271,A,A-000001839
2271,B,B-000001842
2272,A,A-000001840
2272,B,B-000001843
2273,A,A-000001841
2273,B,B-000001844
2274,A,A-000001842
2274,B,B-000001845
2275,A,A-000001843
2275,B,B-000001846
2277,A,A-000001844
2277,B,B-000001847
2278,A,A-000001845
2278,B,B-000001848
2279,A,A-000001846
2279,B,B-000001849
2281,A,A-000001847
2281,B,B-000001850
2283,A,A-000001848
2283,B,B-000001851
2284,A,A-000001849
2284,B,B-000001852
2285,A,A-000001850
2285,B,B-000001853
2286,A,A-000001851
2286,B,B-000001854
2287,A,A-000001852
2287,B,B-000001855
2288,A,A-000001853
2288,B,B-000001856
2289,A,A-000001854
2289,B,B-000001857
2290,A,A-000001855
2290,B,B-000001858
2291,A,A-000001856
2291,B,B-000001859
2292,A,A-000001857
2292,B,B-000001860
2293,A,A-000001858
2293,B,B-000001861
2294,A,A-000001859
2294,B,B-000001862
2295,A,A-000001860
2295,B,B-000001863
2296,A,A-000001861
2296,B,B-000001864
2298,A,A-000001862
2298,B,B-000001865
2299,A,A-000001863
2299,B,B-000001866
2300,A,A-000001864
2300,B,B-000001867
2301,A,A-000001865
2301,B,B-000001868
2302,A,A-000001866
2302,B,B-000001869
2303,A,A-000001867
2303,B,B-000001870
2304,A,A-000001868
2304,B,B-000001871
2305,A,A-000001869
2305,B,B-000001872
2306,A,A-000001870
2306,B,B-000001873
2307,A,A-000001871
2307,B,B-000001874
2308,A,A-000001872
2308,B,B-000001875
2309,A,A-000001873
2309,B,B-000001876
2310,A,A-000001874
2310,B,B-000001877
2311,A,A-000001875
2311,B,B-000001878
2312,A,A-000001876
2312,B,B-000001879
2313,A,A-000001877
2313,B,B-000001880
2314,A,A-000001878
2314,B,B-000001881
2315,A,A-000001879
2315,B,B-000001882
2316,A,A-000001880
2316,B,B-000001883
2318,A,A-000001881
2318,B,B-000001884
2319,A,A-000001882
2319,B,B-000001885
2320,A,A-000001883
2320,B,B-000001886
2321,A,A-000001884
2321,B,B-000001887
2322,A,A-000001885
2322,B,B-000001888
2323,A,A-000001886
2323,B,B-000001889
2325,A,A-000001887
2325,B,B-000001890
2326,A,A-000001888
2326,B,B-000001891
2327,A,A-000001889
2327,B,B-000001892
2329,A,A-000001890
2329,B,B-000001893
2330,A,A-000001891
2330,B,B-000001894
2332,A,A-000001892
2332,B,B-000001895
2333,A,A-000001893
2333,B,B-000001896
2334,A,A-000001894
2334,B,B-000001897
2335,A,A-000001895
2335,B,B-000001898
2336,A,A-000001896
2336,B,B-000001899
2337,A,A-000001897
2337,B,B-000001900
2338,A,A-000001898
2338,B,B-000001901
2339,A,A-000001899
2339,B,B-000001902
2340,A,A-000001900
2340,B,B-000001903
2341,A,A-000001901
2341,B,B-000001904
2342,A,A-000001902
2342,B,B-000001905
2343,A,A-000001903
2343,B,B-000001906
2344,A,A-000001904
2344,B,B-000001907
2345,A,A-000001905
2345,B,B-000001908
2346,A,A-000001906
2346,B,B-000001909
2347,A,A-000001907
2347,B,B-000001910
2348,A,A-000001908
2348,B,B-000001911
2350,A,A-000001909
2350,B,B-000001912
2351,A,A-000001910
2351,B,B-000001913
2352,A,A-000001911
2352,B,B-000001914
2353,A,A-000001912
2353,B,B-000001915
2354,A,A-000001913
2354,B,B-000001916
2355,A,A-000001914
2355,B,B-000001917
2356,A,A-000001915
2356,B,B-000001918
2357,A,A-000001916
2357,B,B-000001919
2358,A,A-000001917
2358,B,B-000001920
2359,A,A-000001918
2359,B,B-000001921
2360,A,A-000001919
2360,B,B-000001922
2361,A,A-000001920
2361,B,B-000001923
2362,A,A-000001921
2362,B,B-000001924
2363,A,A-000001922
2363,B,B-000001925
2364,A,A-000001923
2364,B,B-000001926
2365,A,A-000001924
2365,B,B-000001927
2367,A,A-000001925
2367,B,B-000001928
2368,A,A-000001926
2368,B,B-000001929
2370,A,A-000001927
2370,B,B-000001930
2371,A,A-000001928
2371,B,B-000001931
2373,A,A-000001929
2373,B,B-000001932
2374,A,A-000001930
2374,B,B-000001933
2375,A,A-000001931
2375,B,B-000001934
2377,A,A-000001932
2377,B,B-000001935
2378,A,A-000001933
2378,B,B-000001936
2380,A,A-000001934
2380,B,B-000001937
2381,A,A-000001935
2381,B,B-000001938
2382,A,A-000001936
2382,B,B-000001939
2383,A,A-000001937
2383,B,B-000001940
2384,A,A-000001938
2384,B,B-000001941
2385,A,A-000001939
2385,B,B-000001942
2386,A,A-000001940
2386,B,B-000001943
2387,A,A-000001941
2387,B,B-000001944
2388,A,A-000001942
2388,B,B-000001945
2389,A,A-000001943
2389,B,B-000001946
2390,A,A-000001944
2390,B,B-000001947
2391,A,A-000001945
2391,B,B-000001948
2392,A,A-000001946
2392,B,B-000001949
2393,A,A-000001947
2393,B,B-000001950
2394,A,A-000001948
2394,B,B-000001951
2395,A,A-000001949
2395,B,B-000001952
2396,A,A-000001950
2396,B,B-000001953
2397,A,A-000001951
2397,B,B-000001954
2399,A,A-000001952
2399,B,B-000001955
2400,A,A-000001953
2400,B,B-000001956
2401,A,A-000001954
2401,B,B-000001957
2403,B,B-000001958
2404,A,A-000001955
2404,B,B-000001959
2405,A,A-000001956
2405,B,B-000001960
2406,A,A-000001957
2406,B,B-000001961
2407,A,A-000001958
2407,B,B-000001962
2408,A,A-000001959
2408,B,B-000001963
2409,A,A-000001960
2409,B,B-000001964
2411,A,A-000001961
2411,B,B-000001965
2412,A,A-000001962
2412,B,B-000001966
2413,A,A-000001963
2413,B,B-000001967
2414,A,A-000001964
2414,B,B-000001968
2415,A,A-000001965
2415,B,B-000001969
2417,A,A-000001966
2417,B,B-000001970
2418,A,A-000001967
2418,B,B-000001971
2419,A,A-000001968
2419,B,B-000001972
2420,A,A-000001969
2420,B,B-000001973
2421,A,A-000001970
2421,B,B-000001974
2422,A,A-000001971
2422,B,B-000001975
2423,A,A-000001972
2423,B,B-000001976
2424,A,A-000001973
2424,B,B-000001977
2425,A,A-000001974
2425,B,B-000001978
2426,A,A-000001975
2426,B,B-000001979
2429,A,A-000001976
2429,B,B-000001980
2430,A,A-000001977
2430,B,B-000001981
2434,A,A-000001978
2434,B,B-000001982
2435,A,A-000001979
2435,B,B-000001983
2436,A,A-000001980
2436,B,B-000001984
2437,A,A-000001981
2437,B,B-000001985
2438,A,A-000001982
2438,B,B-000001986
2439,A,A-000001983
2439,B,B-000001987
2440,A,A-000001984
2440,B,B-000001988
2441,A,A-000001985
2441,B,B-000001989
2442,A,A-000001986
2442,B,B-000001990
2443,A,A-000001987
2443,B,B-000001991
2444,A,A-000001988
2444,B,B-000001992
2446,A,A-000001989
2446,B,B-000001993
2448,A,A-000001990
2448,B,B-000001994
2451,A,A-000001991
2451,B,B-000001995
2452,A,A-000001992
2452,B,B-000001996
2453,A,A-000001993
2453,B,B-000001997
2455,A,A-000001994
2455,B,B-000001998
2456,A,A-000001995
2456,B,B-000001999
2457,A,A-000001996
2457,B,B-000002000
2459,A,A-000001997
2459,B,B-000002001
2460,A,A-000001998
2460,B,B-000002002
2461,A,A-000001999
2461,B,B-000002003
2462,A,A-000002000
2462,B,B-000002004
2463,A,A-000002001
2463,B,B-000002005
2467,A,A-000002002
2467,B,B-000002006
2469,A,A-000002003
2469,B,B-000002007
2470,A,A-000002004
2470,B,B-000002008
2471,A,A-000002005
2471,B,B-000002009
2472,A,A-000002006
2472,B,B-000002010
2473,A,A-000002007
2473,B,B-000002011
2474,A,A-000002008
2474,B,B-000002012
2477,A,A-000002009
2477,B,B-000002013
2478,A,A-000002010
2478,B,B-000002014
2479,A,A-000002011
2479,B,B-000002015
2481,A,A-000002012
2481,B,B-000002016
2483,A,A-000002013
2483,B,B-000002017
2484,A,A-000002014
2484,B,B-000002018
2485,A,A-000002015
2485,B,B-000002019
2486,A,A-000002016
2486,B,B-000002020
2487,A,A-000002017
2487,B,B-000002021
2489,A,A-000002018
2489,B,B-000002022
2490,A,A-000002019
2490,B,B-000002023
2491,A,A-000002020
2491,B,B-000002024
2492,A,A-000002021
2492,B,B-000002025
2493,A,A-000002022
2493,B,B-000002026
2494,A,A-000002023
2494,B,B-000002027
2496,A,A-000002024
2496,B,B-000002028
2497,A,A-000002025
2497,B,B-000002029
2498,A,A-000002026
2498,B,B-000002030
2499,A,A-000002027
2499,B,B-000002031
2500,A,A-000002028
2500,B,B-000002032
2501,A,A-000002029
2501,B,B-000002033
2502,A,A-000002030
2502,B,B-000002034
2503,A,A-000002031
2503,B,B-000002035
2504,A,A-000002032
2504,B,B-000002036
2505,A,A-000002033
2505,B,B-000002037
2506,A,A-000002034
2506,B,B-000002038
2507,A,A-000002035
2507,B,B-000002039
2508,A,A-000002036
2508,B,B-000002040
2509,A,A-000002037
2509,B,B-000002041
2510,A,A-000002038
2510,B,B-000002042
2511,A,A-000002039
2511,B,B-000002043
2512,A,A-000002040
2512,B,B-000002044
2513,A,A-000002041
2513,B,B-000002045
2514,A,A-000002042
2514,B,B-000002046
2516,A,A-000002043
2516,B,B-000002047
2518,A,A-000002044
2518,B,B-000002048
2519,A,A-000002045
2519,B,B-000002049
2521,A,A-000002046
2521,B,B-000002050
2523,A,A-000002047
2523,B,B-000002051
2524,A,A-000002048
2524,B,B-000002052
2525,A,A-000002049
2525,B,B-000002053
2526,A,A-000002050
2526,B,B-000002054
2527,A,A-000002051
2527,B,B-000002055
2528,A,A-000002052
2528,B,B-000002056
2529,A,A-000002053
2529,B,B-000002057
2530,A,A-000002054
2530,B,B-000002058
2531,A,A-000002055
2531,B,B-000002059
2532,A,A-000002056
2532,B,B-000002060
2533,A,A-000002057
2533,B,B-000002061
2536,A,A-000002058
2536,B,B-000002062
2537,A,A-000002059
2537,B,B-000002063
2539,A,A-000002060
2539,B,B-000002064
2540,A,A-000002061
2540,B,B-000002065
2541,A,A-000002062
2541,B,B-000002066
2542,A,A-000002063
2542,B,B-000002067
2544,A,A-000002064
2544,B,B-000002068
2545,A,A-000002065
2545,B,B-000002069
2546,A,A-000002066
2546,B,B-000002070
2547,A,A-000002067
2547,B,B-000002071
2548,A,A-000002068
2548,B,B-000002072
2549,A,A-000002069
2549,B,B-000002073
2550,A,A-000002070
2550,B,B-000002074
2552,A,A-000002071
2552,B,B-000002075
2554,A,A-000002072
2554,B,B-000002076
2555,A,A-000002073
2555,B,B-000002077
2556,A,A-000002074
2556,B,B-000002078
2557,A,A-000002075
2557,B,B-000002079
2559,A,A-000002076
2559,B,B-000002080
2560,A,A-000002077
2560,B,B-000002081
2561,A,A-000002078
2561,B,B-000002082
2562,A,A-000002079
2562,B,B-000002083
2564,A,A-000002080
2564,B,B-000002084
2565,A,A-000002081
2565,B,B-000002085
2566,A,A-000002082
2566,B,B-000002086
2567,A,A-000002083
2567,B,B-000002087
2568,A,A-000002084
2568,B,B-000002088
2569,A,A-000002085
2569,B,B-000002089
2570,A,A-000002086
2570,B,B-000002090
2571,A,A-000002087
2571,B,B-000002091
2572,A,A-000002088
2572,B,B-000002092
2574,A,A-000002089
2574,B,B-000002093
2575,A,A-000002090
2575,B,B-000002094
2576,A,A-000002091
2576,B,B-000002095
2577,A,A-000002092
2577,B,B-000002096
2578,A,A-000002093
2578,B,B-000002097
2580,A,A-000002094
2580,B,B-000002098
2582,A,A-000002095
2582,B,B-000002099
2583,A,A-000002096
2583,B,B-000002100
2584,A,A-000002097
2584,B,B-000002101
2585,A,A-000002098
2585,B,B-000002102
2586,A,A-000002099
2586,B,B-000002103
2588,A,A-000002100
2588,B,B-000002104
2589,A,A-000002101
2589,B,B-000002105
2590,A,A-000002102
2590,B,B-000002106
2594,A,A-000002103
2594,B,B-000002107
2595,A,A-000002104
2595,B,B-000002108
2596,A,A-000002105
2596,B,B-000002109
2597,A,A-000002106
2597,B,B-000002110
2598,A,A-000002107
2598,B,B-000002111
2600,A,A-000002108
2600,B,B-000002112
2601,A,A-000002109
2601,B,B-000002113
2602,A,A-000002110
2602,B,B-000002114
2603,A,A-000002111
2603,B,B-000002115
2604,A,A-000002112
2604,B,B-000002116
2605,A,A-000002113
2605,B,B-000002117
2606,A,A-000002114
2606,B,B-000002118
2609,A,A-000002115
2609,B,B-000002119
2610,A,A-000002116
2610,B,B-000002120
2611,A,A-000002117
2611,B,B-000002121
2612,A,A-000002118
2612,B,B-000002122
2613,A,A-000002119
2613,B,B-000002123
2615,A,A-000002120
2615,B,B-000002124
2616,A,A-000002121
2616,B,B-000002125
2617,A,A-000002122
2617,B,B-000002126
2618,A,A-000002123
2618,B,B-000002127
2619,A,A-000002124
2619,B,B-000002128
2620,A,A-000002125
2620,B,B-000002129
2621,A,A-000002126
2621,B,B-000002130
2622,A,A-000002127
2622,B,B-000002131
2623,A,A-000002128
2623,B,B-000002132
2624,A,A-000002129
2624,B,B-000002133
2625,A,A-000002130
2625,B,B-000002134
2626,A,A-000002131
2626,B,B-000002135
2628,A,A-000002132
2628,B,B-000002136
2629,A,A-000002133
2629,B,B-000002137
2631,A,A-000002134
2631,B,B-000002138
2632,A,A-000002135
2632,B,B-000002139
2633,A,A-000002136
2633,B,B-000002140
2634,A,A-000002137
2634,B,B-000002141
2635,A,A-000002138
2635,B,B-000002142
2636,A,A-000002139
2636,B,B-000002143
2637,A,A-000002140
2637,B,B-000002144
2639,A,A-000002141
2639,B,B-000002145
2640,A,A-000002142
2640,B,B-000002146
2641,A,A-000002143
2641,B,B-000002147
2642,A,A-000002144
2642,B,B-000002148
2643,A,A-000002145
2643,B,B-000002149
2645,A,A-000002146
2645,B,B-000002150
2646,A,A-000002147
2646,B,B-000002151
2647,A,A-000002148
2647,B,B-000002152
2650,A,A-000002149
2650,B,B-000002153
2652,A,A-000002150
2652,B,B-000002154
2653,A,A-000002151
2653,B,B-000002155
2654,A,A-000002152
2654,B,B-000002156
2655,A,A-000002153
2655,B,B-000002157
2656,A,A-000002154
2656,B,B-000002158
2657,A,A-000002155
2657,B,B-000002159
2658,A,A-000002156
2658,B,B-000002160
2659,A,A-000002157
2659,B,B-000002161
2660,A,A-000002158
2660,B,B-000002162
2661,A,A-000002159
2661,B,B-000002163
2662,A,A-000002160
2662,B,B-000002164
2663,A,A-000002161
2663,B,B-000002165
2664,A,A-000002162
2664,B,B-000002166
2665,A,A-000002163
2665,B,B-000002167
2666,A,A-000002164
2666,B,B-000002168
2667,A,A-000002165
2667,B,B-000002169
2668,A,A-000002166
2668,B,B-000002170
2669,A,A-000002167
2669,B,B-000002171
2670,A,A-000002168
2670,B,B-000002172
2672,A,A-000002169
2672,B,B-000002173
2674,A,A-000002170
2674,B,B-000002174
2675,A,A-000002171
2675,B,B-000002175
2677,A,A-000002172
2677,B,B-000002176
2678,A,A-000002173
2678,B,B-000002177
2680,A,A-000002174
2680,B,B-000002178
2681,A,A-000002175
2681,B,B-000002179
2682,A,A-000002176
2682,B,B-000002180
2683,A,A-000002177
2683,B,B-000002181
2684,A,A-000002178
2684,B,B-000002182
2685,A,A-000002179
2685,B,B-000002183
2686,A,A-000002180
2686,B,B-000002184
2687,A,A-000002181
2687,B,B-000002185
2688,A,A-000002182
2688,B,B-000002186
2689,A,A-000002183
2689,B,B-000002187
2691,A,A-000002184
2691,B,B-000002188
2693,A,A-000002185
2693,B,B-000002189
2694,A,A-000002186
2694,B,B-000002190
2695,A,A-000002187
2695,B,B-000002191
2697,A,A-000002188
2697,B,B-000002192
2698,A,A-000002189
2698,B,B-000002193
2699,A,A-000002190
2699,B,B-000002194
2701,A,A-000002191
2701,B,B-000002195
2703,A,A-000002192
2703,B,B-000002196
2706,A,A-000002193
2706,B,B-000002197
2707,A,A-000002194
2707,B,B-000002198
2708,A,A-000002195
2708,B,B-000002199
2709,A,A-000002196
2709,B,B-000002200
2710,A,A-000002197
2710,B,B-000002201
2713,A,A-000002198
2713,B,B-000002202
2715,A,A-000002199
2715,B,B-000002203
2717,A,A-000002200
2717,B,B-000002204
2719,A,A-000002201
2719,B,B-000002205
2720,A,A-000002202
2720,B,B-000002206
2721,A,A-000002203
2721,B,B-000002207
2722,A,A-000002204
2722,B,B-000002208
2723,A,A-000002205
2723,B,B-000002209
2724,A,A-000002206
2724,B,B-000002210
2726,A,A-000002207
2726,B,B-000002211
2727,A,A-000002208
2727,B,B-000002212
2728,A,A-000002209
2728,B,B-000002213
2729,A,A-000002210
2729,B,B-000002214
2731,A,A-000002211
2731,B,B-000002215
2732,A,A-000002212
2732,B,B-000002216
2733,A,A-000002213
2733,B,B-000002217
2735,A,A-000002214
2735,B,B-000002218
2736,A,A-000002215
2736,B,B-000002219
2737,A,A-000002216
2737,B,B-000002220
2738,A,A-000002217
2738,B,B-000002221
2740,A,A-000002218
2740,B,B-000002222
2741,A,A-000002219
2741,B,B-000002223
2742,A,A-000002220
2742,B,B-000002224
2744,A,A-000002221
2744,B,B-000002225
2745,A,A-000002222
2745,B,B-000002226
2746,A,A-000002223
2746,B,B-000002227
2747,A,A-000002224
2747,B,B-000002228
2749,A,A-000002225
2749,B,B-000002229
2751,A,A-000002226
2751,B,B-000002230
2752,A,A-000002227
2752,B,B-000002231
2753,A,A-000002228
2753,B,B-000002232
2754,A,A-000002229
2754,B,B-000002233
2756,A,A-000002230
2756,B,B-000002234
2757,A,A-000002231
2757,B,B-000002235
2758,A,A-000002232
2758,B,B-000002236
2759,A,A-000002233
2759,B,B-000002237
2760,A,A-000002234
2760,B,B-000002238
2761,A,A-000002235
2761,B,B-000002239
2762,A,A-000002236
2762,B,B-000002240
2764,A,A-000002237
2764,B,B-000002241
2765,A,A-000002238
2765,B,B-000002242
2766,A,A-000002239
2766,B,B-000002243
2767,A,A-000002240
2767,B,B-000002244
2768,A,A-000002241
2768,B,B-000002245
2770,A,A-000002242
2770,B,B-000002246
2771,A,A-000002243
2771,B,B-000002247
2772,A,A-000002244
2772,B,B-000002248
2773,A,A-000002245
2773,B,B-000002249
2774,A,A-000002246
2774,B,B-000002250
2775,A,A-000002247
2775,B,B-000002251
2777,A,A-000002248
2777,B,B-000002252
2778,A,A-000002249
2778,B,B-000002253
2779,A,A-000002250
2779,B,B-000002254
2780,A,A-000002251
2780,B,B-000002255
2781,A,A-000002252
2781,B,B-000002256
2783,B,B-000002257
2784,A,A-000002253
2784,B,B-000002258
2785,A,A-000002254
2785,B,B-000002259
2786,A,A-000002255
2786,B,B-000002260
2787,A,A-000002256
2787,B,B-000002261
2789,A,A-000002257
2789,B,B-000002262
2792,A,A-000002258
2792,B,B-000002263
2795,A,A-000002259
2795,B,B-000002264
2796,A,A-000002260
2796,B,B-000002265
2797,A,A-000002261
2797,B,B-000002266
2798,A,A-000002262
2798,B,B-000002267
2799,A,A-000002263
2799,B,B-000002268
2802,A,A-000002264
2802,B,B-000002269
2804,A,A-000002265
2804,B,B-000002270
2807,A,A-000002266
2807,B,B-000002271
2808,A,A-000002267
2808,B,B-000002272
2811,A,A-000002268
2811,B,B-000002273
2812,A,A-000002269
2812,B,B-000002274
2813,A,A-000002270
2813,B,B-000002275
2814,A,A-000002271
2814,B,B-000002276
2815,A,A-000002272
2815,B,B-000002277
2816,A,A-000002273
2816,B,B-000002278
2818,A,A-000002274
2818,B,B-000002279
2819,A,A-000002275
2819,B,B-000002280
2820,A,A-000002276
2820,B,B-000002281
2822,A,A-000002277
2822,B,B-000002282
2823,A,A-000002278
2823,B,B-000002283
2825,A,A-000002279
2825,B,B-000002284
2826,A,A-000002280
2826,B,B-000002285
2827,A,A-000002281
2827,B,B-000002286
2828,A,A-000002282
2828,B,B-000002287
2830,A,A-000002283
2830,B,B-000002288
2831,A,A-000002284
2831,B,B-000002289
2832,A,A-000002285
2832,B,B-000002290
2833,A,A-000002286
2833,B,B-000002291
2834,A,A-000002287
2834,B,B-000002292
2836,A,A-000002288
2836,B,B-000002293
2838,A,A-000002289
2838,B,B-000002294
2839,A,A-000002290
2839,B,B-000002295
2840,A,A-000002291
2840,B,B-000002296
2841,A,A-000002292
2841,B,B-000002297
2842,A,A-000002293
2842,B,B-000002298
2843,A,A-000002294
2843,B,B-000002299
2844,A,A-000002295
2844,B,B-000002300
2845,A,A-000002296
2845,B,B-000002301
2847,A,A-000002297
2847,B,B-000002302
2848,A,A-000002298
2848,B,B-000002303
2849,A,A-000002299
2849,B,B-000002304
2850,A,A-000002300
2850,B,B-000002305
2851,A,A-000002301
2851,B,B-000002306
2852,A,A-000002302
2852,B,B-000002307
2853,A,A-000002303
2853,B,B-000002308
2854,A,A-000002304
2854,B,B-000002309
2855,A,A-000002305
2855,B,B-000002310
2857,A,A-000002306
2857,B,B-000002311
2858,A,A-000002307
2858,B,B-000002312
2860,A,A-000002308
2860,B,B-000002313
2862,A,A-000002309
2862,B,B-000002314
2863,A,A-000002310
2863,B,B-000002315
2864,A,A-000002311
2864,B,B-000002316
2865,A,A-000002312
2865,B,B-000002317
2866,A,A-000002313
2866,B,B-000002318
2867,A,A-000002314
2867,B,B-000002319
2869,A,A-000002315
2869,B,B-000002320
2870,A,A-000002316
2870,B,B-000002321
2871,A,A-000002317
2871,B,B-000002322
2872,A,A-000002318
2872,B,B-000002323
2873,A,A-000002319
2873,B,B-000002324
2874,A,A-000002320
2874,B,B-000002325
2875,A,A-000002321
2875,B,B-000002326
2876,A,A-000002322
2876,B,B-000002327
2877,A,A-000002323
2877,B,B-000002328
2878,A,A-000002324
2878,B,B-000002329
2879,A,A-000002325
2879,B,B-000002330
2881,A,A-000002326
2881,B,B-000002331
2882,A,A-000002327
2882,B,B-000002332
2884,A,A-000002328
2884,B,B-000002333
2885,A,A-000002329
2885,B,B-000002334
2886,A,A-000002330
2886,B,B-000002335
2887,A,A-000002331
2887,B,B-000002336
2889,A,A-000002332
2889,B,B-000002337
2890,A,A-000002333
2890,B,B-000002338
2891,A,A-000002334
2891,B,B-000002339
2893,A,A-000002335
2893,B,B-000002340
2894,A,A-000002336
2894,B,B-000002341
2897,A,A-000002337
2897,B,B-000002342
2898,A,A-000002338
2898,B,B-000002343
2901,A,A-000002339
2901,B,B-000002344
2902,A,A-000002340
2902,B,B-000002345
2903,A,A-000002341
2903,B,B-000002346
2904,A,A-000002342
2904,B,B-000002347
2905,A,A-000002343
2905,B,B-000002348
2906,A,A-000002344
2906,B,B-000002349
2907,A,A-000002345
2907,B,B-000002350
2908,A,A-000002346
2908,B,B-000002351
2909,A,A-000002347
2909,B,B-000002352
2911,A,A-000002348
2911,B,B-000002353
2912,A,A-000002349
2912,B,B-000002354
2913,A,A-000002350
2913,B,B-000002355
2914,A,A-000002351
2914,B,B-000002356
2915,A,A-000002352
2915,B,B-000002357
2916,A,A-000002353
2916,B,B-000002358
2917,A,A-000002354
2917,B,B-000002359
2918,A,A-000002355
2918,B,B-000002360
2920,A,A-000002356
2920,B,B-000002361
2921,A,A-000002357
2921,B,B-000002362
2922,A,A-000002358
2922,B,B-000002363
2924,A,A-000002359
2924,B,B-000002364
2928,A,A-000002360
2928,B,B-000002365
2929,A,A-000002361
2929,B,B-000002366
2930,A,A-000002362
2930,B,B-000002367
2931,A,A-000002363
2931,B,B-000002368
2932,A,A-000002364
2932,B,B-000002369
2933,A,A-000002365
2933,B,B-000002370
2935,A,A-000002366
2935,B,B-000002371
2936,A,A-000002367
2936,B,B-000002372
2937,A,A-000002368
2937,B,B-000002373
2938,A,A-000002369
2938,B,B-000002374
2939,A,A-000002370
2939,B,B-000002375
2940,A,A-000002371
2940,B,B-000002376
2943,A,A-000002372
2943,B,B-000002377
2944,A,A-000002373
2944,B,B-000002378
2946,A,A-000002374
2946,B,B-000002379
2947,A,A-000002375
2947,B,B-000002380
2948,A,A-000002376
2948,B,B-000002381
2949,A,A-000002377
2949,B,B-000002382
2950,A,A-000002378
2950,B,B-000002383
2951,A,A-000002379
2951,B,B-000002384
2952,A,A-000002380
2952,B,B-000002385
2953,A,A-000002381
2953,B,B-000002386
2954,A,A-000002382
2954,B,B-000002387
2955,A,A-000002383
2955,B,B-000002388
2956,A,A-000002384
2956,B,B-000002389
2957,A,A-000002385
2957,B,B-000002390
2958,A,A-000002386
2958,B,B-000002391
2959,A,A-000002387
2959,B,B-000002392
2960,A,A-000002388
2960,B,B-000002393
2961,A,A-000002389
2961,B,B-000002394
2962,A,A-000002390
2962,B,B-000002395
2964,A,A-000002391
2964,B,B-000002396
2965,A,A-000002392
2965,B,B-000002397
2966,A,A-000002393
2966,B,B-000002398
2967,A,A-000002394
2967,B,B-000002399
2968,A,A-000002395
2968,B,B-000002400
2969,A,A-000002396
2969,B,B-000002401
2971,A,A-000002397
2971,B,B-000002402
2972,A,A-000002398
2972,B,B-000002403
2973,A,A-000002399
2973,B,B-000002404
2975,A,A-000002400
2975,B,B-000002405
2976,A,A-000002401
2976,B,B-000002406
2977,A,A-000002402
2977,B,B-000002407
2978,A,A-000002403
2978,B,B-000002408
2979,A,A-000002404
2979,B,B-000002409
2980,A,A-000002405
2980,B,B-000002410
2981,A,A-000002406
2981,B,B-000002411
2983,A,A-000002407
2983,B,B-000002412
2984,A,A-000002408
2984,B,B-000002413
2985,A,A-000002409
2985,B,B-000002414
2986,A,A-000002410
2986,B,B-000002415
2987,A,A-000002411
2987,B,B-000002416
2988,A,A-000002412
2988,B,B-000002417
2989,A,A-000002413
2989,B,B-000002418
2990,A,A-000002414
2990,B,B-000002419
2991,A,A-000002415
2991,B,B-000002420
2992,A,A-000002416
2992,B,B-000002421
2993,A,A-000002417
2993,B,B-000002422
2995,A,A-000002418
2995,B,B-000002423
2996,A,A-000002419
2996,B,B-000002424
2997,A,A-000002420
2997,B,B-000002425
2998,A,A-000002421
2998,B,B-000002426
2999,A,A-000002422
2999,B,B-000002427
3000,A,A-000002423
3000,B,B-000002428
3001,A,A-000002424
3001,B,B-000002429
3002,A,A-000002425
3002,B,B-000002430
3003,A,A-000002426
3003,B,B-000002431
3004,A,A-000002427
3004,B,B-000002432
3006,A,A-000002428
3006,B,B-000002433
3008,A,A-000002429
3008,B,B-000002434
3009,A,A-000002430
3009,B,B-000002435
3011,A,A-000002431
3011,B,B-000002436
3012,A,A-000002432
3012,B,B-000002437
3013,A,A-000002433
3013,B,B-000002438
3014,A,A-000002434
3014,B,B-000002439
3015,A,A-000002435
3015,B,B-000002440
3016,A,A-000002436
3016,B,B-000002441
3017,A,A-000002437
3017,B,B-000002442
3018,A,A-000002438
3018,B,B-000002443
3019,A,A-000002439
3019,B,B-000002444
3021,A,A-000002440
3021,B,B-000002445
3022,A,A-000002441
3022,B,B-000002446
3023,A,A-000002442
3023,B,B-000002447
3025,A,A-000002443
3025,B,B-000002448
3026,A,A-000002444
3026,B,B-000002449
3027,A,A-000002445
3027,B,B-000002450
3028,A,A-000002446
3028,B,B-000002451
3029,A,A-000002447
3029,B,B-000002452
3030,A,A-000002448
3030,B,B-000002453
3031,A,A-000002449
3031,B,B-000002454
3032,A,A-000002450
3032,B,B-000002455
3034,A,A-000002451
3034,B,B-000002456
3035,A,A-000002452
3035,B,B-000002457
3036,A,A-000002453
3036,B,B-000002458
3037,A,A-000002454
3037,B,B-000002459
3038,A,A-000002455
3038,B,B-000002460
3039,A,A-000002456
3039,B,B-000002461
3040,A,A-000002457
3040,B,B-000002462
3041,A,A-000002458
3041,B,B-000002463
3042,A,A-000002459
3042,B,B-000002464
3043,A,A-000002460
3043,B,B-000002465
3046,A,A-000002461
3046,B,B-000002466
3048,A,A-000002462
3048,B,B-000002467
3049,A,A-000002463
3049,B,B-000002468
3050,A,A-000002464
3050,B,B-000002469
3051,A,A-000002465
3051,B,B-000002470
3052,A,A-000002466
3052,B,B-000002471
3053,A,A-000002467
3053,B,B-000002472
3056,A,A-000002468
3056,B,B-000002473
3057,A,A-000002469
3057,B,B-000002474
3058,A,A-000002470
3058,B,B-000002475
3059,A,A-000002471
3059,B,B-000002476
3060,A,A-000002472
3060,B,B-000002477
3061,A,A-000002473
3061,B,B-000002478
3062,A,A-000002474
3062,B,B-000002479
3063,A,A-000002475
3063,B,B-000002480
3064,A,A-000002476
3064,B,B-000002481
3065,A,A-000002477
3065,B,B-000002482
3067,A,A-000002478
3067,B,B-000002483
3069,A,A-000002479
3069,B,B-000002484
3070,A,A-000002480
3070,B,B-000002485
3071,A,A-000002481
3071,B,B-000002486
3073,A,A-000002482
3073,B,B-000002487
3075,A,A-000002483
3075,B,B-000002488
3078,A,A-000002484
3078,B,B-000002489
3079,A,A-000002485
3079,B,B-000002490
3080,A,A-000002486
3080,B,B-000002491
3081,A,A-000002487
3081,B,B-000002492
3082,A,A-000002488
3082,B,B-000002493
3083,A,A-000002489
3083,B,B-000002494
3086,A,A-000002490
3086,B,B-000002495
3087,A,A-000002491
3087,B,B-000002496
3088,A,A-000002492
3088,B,B-000002497
3090,A,A-000002493
3090,B,B-000002498
3091,A,A-000002494
3091,B,B-000002499
3092,A,A-000002495
3092,B,B-000002500
3093,A,A-000002496
3093,B,B-000002501
3094,A,A-000002497
3094,B,B-000002502
3096,A,A-000002498
3096,B,B-000002503
3097,A,A-000002499
3097,B,B-000002504
3098,A,A-000002500
3098,B,B-000002505
3099,A,A-000002501
3099,B,B-000002506
3100,A,A-000002502
3100,B,B-000002507
3101,A,A-000002503
3101,B,B-000002508
3103,A,A-000002504
3103,B,B-000002509
3104,A,A-000002505
3104,B,B-000002510
3105,A,A-000002506
3105,B,B-000002511
3108,A,A-000002507
3108,B,B-000002512
3109,A,A-000002508
3109,B,B-000002513
3110,A,A-000002509
3110,B,B-000002514
3111,A,A-000002510
3111,B,B-000002515
3112,B,B-000002516
3113,A,A-000002511
3113,B,B-000002517
3114,A,A-000002512
3114,B,B-000002518
3115,A,A-000002513
3115,B,B-000002519
3116,A,A-000002514
3116,B,B-000002520
3117,A,A-000002515
3117,B,B-000002521
3118,A,A-000002516
3118,B,B-000002522
3120,A,A-000002517
3120,B,B-000002523
3121,A,A-000002518
3121,B,B-000002524
3122,A,A-000002519
3122,B,B-000002525
3123,A,A-000002520
3123,B,B-000002526
3124,A,A-000002521
3124,B,B-000002527
3125,A,A-000002522
3125,B,B-000002528
3127,A,A-000002523
3127,B,B-000002529
3129,A,A-000002524
3129,B,B-000002530
3130,A,A-000002525
3130,B,B-000002531
3131,A,A-000002526
3131,B,B-000002532
3133,A,A-000002527
3133,B,B-000002533
3134,A,A-000002528
3134,B,B-000002534
3135,A,A-000002529
3135,B,B-000002535
3136,A,A-000002530
3136,B,B-000002536
3137,A,A-000002531
3137,B,B-000002537
3138,A,A-000002532
3138,B,B-000002538
3139,A,A-000002533
3139,B,B-000002539
3140,A,A-000002534
3140,B,B-000002540
3141,A,A-000002535
3141,B,B-000002541
3142,A,A-000002536
3142,B,B-000002542
3144,A,A-000002537
3144,B,B-000002543
3145,A,A-000002538
3145,B,B-000002544
3146,A,A-000002539
3146,B,B-000002545
3147,A,A-000002540
3147,B,B-000002546
3149,A,A-000002541
3149,B,B-000002547
3150,A,A-000002542
3150,B,B-000002548
3151,A,A-000002543
3151,B,B-000002549
3152,A,A-000002544
3152,B,B-000002550
3153,A,A-000002545
3153,B,B-000002551
3155,A,A-000002546
3155,B,B-000002552
3156,A,A-000002547
3156,B,B-000002553
3157,A,A-000002548
3157,B,B-000002554
3158,A,A-000002549
3158,B,B-000002555
3161,A,A-000002550
3161,B,B-000002556
3162,A,A-000002551
3162,B,B-000002557
3163,A,A-000002552
3163,B,B-000002558
3164,A,A-000002553
3164,B,B-000002559
3165,A,A-000002554
3165,B,B-000002560
3166,A,A-000002555
3166,B,B-000002561
3167,A,A-000002556
3167,B,B-000002562
3168,A,A-000002557
3168,B,B-000002563
3170,A,A-000002558
3170,B,B-000002564
3171,A,A-000002559
3171,B,B-000002565
3173,A,A-000002560
3173,B,B-000002566
3174,A,A-000002561
3174,B,B-000002567
3175,A,A-000002562
3175,B,B-000002568
3177,A,A-000002563
3177,B,B-000002569
3178,A,A-000002564
3178,B,B-000002570
3179,A,A-000002565
3179,B,B-000002571
3182,A,A-000002566
3182,B,B-000002572
3183,A,A-000002567
3183,B,B-000002573
3184,A,A-000002568
3184,B,B-000002574
3186,A,A-000002569
3186,B,B-000002575
3187,A,A-000002570
3187,B,B-000002576
3188,A,A-000002571
3188,B,B-000002577
3190,A,A-000002572
3190,B,B-000002578
3191,A,A-000002573
3191,B,B-000002579
3192,A,A-000002574
3192,B,B-000002580
3193,A,A-000002575
3193,B,B-000002581
3194,A,A-000002576
3194,B,B-000002582
3195,A,A-000002577
3195,B,B-000002583
3196,A,A-000002578
3196,B,B-000002584
3198,A,A-000002579
3198,B,B-000002585
3199,A,A-000002580
3199,B,B-000002586
3200,A,A-000002581
3200,B,B-000002587
3201,A,A-000002582
3201,B,B-000002588
3203,A,A-000002583
3203,B,B-000002589
3204,A,A-000002584
3204,B,B-000002590
3205,A,A-000002585
3205,B,B-000002591
3206,A,A-000002586
3206,B,B-000002592
3207,A,A-000002587
3207,B,B-000002593
3208,A,A-000002588
3208,B,B-000002594
3209,A,A-000002589
3209,B,B-000002595
3210,A,A-000002590
3210,B,B-000002596
3211,A,A-000002591
3211,B,B-000002597
3214,A,A-000002592
3214,B,B-000002598
3216,A,A-000002593
3216,B,B-000002599
3217,A,A-000002594
3217,B,B-000002600
3218,A,A-000002595
3218,B,B-000002601
3219,A,A-000002596
3219,B,B-000002602
3220,A,A-000002597
3220,B,B-000002603
3222,A,A-000002598
3222,B,B-000002604
3223,A,A-000002599
3223,B,B-000002605
3224,A,A-000002600
3224,B,B-000002606
3226,A,A-000002601
3226,B,B-000002607
3227,A,A-000002602
3227,B,B-000002608
3228,A,A-000002603
3228,B,B-000002609
3229,A,A-000002604
3229,B,B-000002610
3230,A,A-000002605
3230,B,B-000002611
3231,A,A-000002606
3231,B,B-000002612
3232,A,A-000002607
3232,B,B-000002613
3233,A,A-000002608
3233,B,B-000002614
3235,A,A-000002609
3235,B,B-000002615
3236,A,A-000002610
3236,B,B-000002616
3237,A,A-000002611
3237,B,B-000002617
3239,A,A-000002612
3239,B,B-000002618
3240,A,A-000002613
3240,B,B-000002619
3241,A,A-000002614
3241,B,B-000002620
3242,A,A-000002615
3242,B,B-000002621
3243,A,A-000002616
3243,B,B-000002622
3244,A,A-000002617
3244,B,B-000002623
3245,A,A-000002618
3245,B,B-000002624
3247,A,A-000002619
3247,B,B-000002625
3248,A,A-000002620
3248,B,B-000002626
3249,A,A-000002621
3249,B,B-000002627
3250,A,A-000002622
3250,B,B-000002628
3251,A,A-000002623
3251,B,B-000002629
3253,A,A-000002624
3253,B,B-000002630
3254,A,A-000002625
3254,B,B-000002631
3255,A,A-000002626
3255,B,B-000002632
3256,A,A-000002627
3256,B,B-000002633
3259,A,A-000002628
3259,B,B-000002634
3260,A,A-000002629
3260,B,B-000002635
3261,A,A-000002630
3261,B,B-000002636
3264,A,A-000002631
3264,B,B-000002637
3266,A,A-000002632
3266,B,B-000002638
3267,A,A-000002633
3267,B,B-000002639
3268,A,A-000002634
3268,B,B-000002640
3269,A,A-000002635
3269,B,B-000002641
3270,A,A-000002636
3270,B,B-000002642
3271,A,A-000002637
3271,B,B-000002643
3272,A,A-000002638
3272,B,B-000002644
3273,A,A-000002639
3273,B,B-000002645
3274,A,A-000002640
3274,B,B-000002646
3276,A,A-000002641
3276,B,B-000002647
3277,A,A-000002642
3277,B,B-000002648
3278,A,A-000002643
3278,B,B-000002649
3279,A,A-000002644
3279,B,B-000002650
3280,A,A-000002645
3280,B,B-000002651
3281,A,A-000002646
3281,B,B-000002652
3282,A,A-000002647
3282,B,B-000002653
3283,A,A-000002648
3283,B,B-000002654
3284,A,A-000002649
3284,B,B-000002655
3285,A,A-000002650
3285,B,B-000002656
3286,A,A-000002651
3286,B,B-000002657
3287,A,A-000002652
3287,B,B-000002658
3288,A,A-000002653
3288,B,B-000002659
3289,A,A-000002654
3289,B,B-000002660
3290,A,A-000002655
3290,B,B-000002661
3291,A,A-000002656
3291,B,B-000002662
3292,A,A-000002657
3292,B,B-000002663
3294,A,A-000002658
3294,B,B-000002664
3295,A,A-000002659
3295,B,B-000002665
3296,A,A-000002660
3296,B,B-000002666
3297,A,A-000002661
3297,B,B-000002667
3298,A,A-000002662
3298,B,B-000002668
3300,A,A-000002663
3300,B,B-000002669
3301,A,A-000002664
3301,B,B-000002670
3302,A,A-000002665
3302,B,B-000002671
3303,A,A-000002666
3303,B,B-000002672
3304,A,A-000002667
3304,B,B-000002673
3305,A,A-000002668
3305,B,B-000002674
3306,A,A-000002669
3306,B,B-000002675
3307,A,A-000002670
3307,B,B-000002676
3308,A,A-000002671
3308,B,B-000002677
3309,A,A-000002672
3309,B,B-000002678
3311,A,A-000002673
3311,B,B-000002679
3312,A,A-000002674
3312,B,B-000002680
3313,A,A-000002675
3313,B,B-000002681
3314,A,A-000002676
3314,B,B-000002682
3315,A,A-000002677
3315,B,B-000002683
3316,A,A-000002678
3316,B,B-000002684
3317,A,A-000002679
3317,B,B-000002685
3318,A,A-000002680
3318,B,B-000002686
3319,A,A-000002681
3319,B,B-000002687
3320,A,A-000002682
3320,B,B-000002688
3321,A,A-000002683
3321,B,B-000002689
3322,A,A-000002684
3322,B,B-000002690
3324,A,A-000002685
3324,B,B-000002691
3325,A,A-000002686
3325,B,B-000002692
3326,A,A-000002687
3326,B,B-000002693
3327,A,A-000002688
3327,B,B-000002694
3329,A,A-000002689
3329,B,B-000002695
3331,A,A-000002690
3331,B,B-000002696
3333,A,A-000002691
3333,B,B-000002697
3334,A,A-000002692
3334,B,B-000002698
3335,A,A-000002693
3335,B,B-000002699
3336,A,A-000002694
3336,B,B-000002700
3337,A,A-000002695
3337,B,B-000002701
3340,A,A-000002696
3340,B,B-000002702
3341,A,A-000002697
3341,B,B-000002703
3342,A,A-000002698
3342,B,B-000002704
3344,A,A-000002699
3344,B,B-000002705
3345,A,A-000002700
3345,B,B-000002706
3347,A,A-000002701
3347,B,B-000002707
3348,A,A-000002702
3348,B,B-000002708
3349,A,A-000002703
3349,B,B-000002709
3350,A,A-000002704
3350,B,B-000002710
3351,A,A-000002705
3351,B,B-000002711
3352,A,A-000002706
3352,B,B-000002712
3353,A,A-000002707
3353,B,B-000002713
3354,A,A-000002708
3354,B,B-000002714
3355,A,A-000002709
3355,B,B-000002715
3356,A,A-000002710
3356,B,B-000002716
3357,A,A-000002711
3357,B,B-000002717
3358,A,A-000002712
3358,B,B-000002718
3359,A,A-000002713
3359,B,B-000002719
3361,A,A-000002714
3361,B,B-000002720
3362,A,A-000002715
3362,B,B-000002721
3363,A,A-000002716
3363,B,B-000002722
3364,A,A-000002717
3364,B,B-000002723
3365,A,A-000002718
3365,B,B-000002724
3366,A,A-000002719
3366,B,B-000002725
3367,A,A-000002720
3367,B,B-000002726
3368,A,A-000002721
3368,B,B-000002727
3369,A,A-000002722
3369,B,B-000002728
3370,A,A-000002723
3370,B,B-000002729
3371,A,A-000002724
3371,B,B-000002730
3372,A,A-000002725
3372,B,B-000002731
3374,A,A-000002726
3374,B,B-000002732
3376,A,A-000002727
3376,B,B-000002733
3377,A,A-000002728
3377,B,B-000002734
3378,A,A-000002729
3378,B,B-000002735
3379,A,A-000002730
3379,B,B-000002736
3380,A,A-000002731
3380,B,B-000002737
3382,A,A-000002732
3382,B,B-000002738
3383,A,A-000002733
3383,B,B-000002739
3384,A,A-000002734
3384,B,B-000002740
3385,A,A-000002735
3385,B,B-000002741
3386,A,A-000002736
3386,B,B-000002742
3387,A,A-000002737
3387,B,B-000002743
3390,A,A-000002738
3390,B,B-000002744
3391,A,A-000002739
3391,B,B-000002745
3392,A,A-000002740
3392,B,B-000002746
3393,A,A-000002741
3393,B,B-000002747
3394,A,A-000002742
3394,B,B-000002748
3395,A,A-000002743
3395,B,B-000002749
3396,A,A-000002744
3396,B,B-000002750
3397,A,A-000002745
3397,B,B-000002751
3398,A,A-000002746
3398,B,B-000002752
3399,A,A-000002747
3399,B,B-000002753
3400,A,A-000002748
3400,B,B-000002754
3401,A,A-000002749
3401,B,B-000002755
3402,A,A-000002750
3402,B,B-000002756
3403,A,A-000002751
3403,B,B-000002757
3404,A,A-000002752
3404,B,B-000002758
3405,A,A-000002753
3405,B,B-000002759
3406,A,A-000002754
3406,B,B-000002760
3407,A,A-000002755
3407,B,B-000002761
3408,A,A-000002756
3408,B,B-000002762
3409,A,A-000002757
3409,B,B-000002763
3410,A,A-000002758
3410,B,B-000002764
3411,A,A-000002759
3411,B,B-000002765
3412,A,A-000002760
3412,B,B-000002766
3413,A,A-000002761
3413,B,B-000002767
3414,A,A-000002762
3414,B,B-000002768
3415,A,A-000002763
3415,B,B-000002769
3416,A,A-000002764
3416,B,B-000002770
3417,A,A-000002765
3417,B,B-000002771
3418,A,A-000002766
3418,B,B-000002772
3420,A,A-000002767
3420,B,B-000002773
3421,A,A-000002768
3421,B,B-000002774
3422,A,A-000002769
3422,B,B-000002775
3423,A,A-000002770
3423,B,B-000002776
3424,A,A-000002771
3424,B,B-000002777
3426,A,A-000002772
3426,B,B-000002778
3427,A,A-000002773
3427,B,B-000002779
3428,A,A-000002774
3428,B,B-000002780
3429,A,A-000002775
3429,B,B-000002781
3430,A,A-000002776
3430,B,B-000002782
3431,A,A-000002777
3431,B,B-000002783
3432,A,A-000002778
3432,B,B-000002784
3433,A,A-000002779
3433,B,B-000002785
3434,A,A-000002780
3434,B,B-000002786
3435,A,A-000002781
3435,B,B-000002787
3438,A,A-000002782
3438,B,B-000002788
3439,A,A-000002783
3439,B,B-000002789
3441,A,A-000002784
3441,B,B-000002790
3444,A,A-000002785
3444,B,B-000002791
3445,A,A-000002786
3445,B,B-000002792
3446,A,A-000002787
3446,B,B-000002793
3447,A,A-000002788
3447,B,B-000002794
3448,A,A-000002789
3448,B,B-000002795
3449,A,A-000002790
3449,B,B-000002796
3450,A,A-000002791
3450,B,B-000002797
3451,A,A-000002792
3451,B,B-000002798
3452,A,A-000002793
3452,B,B-000002799
3453,A,A-000002794
3453,B,B-000002800
3454,A,A-000002795
3454,B,B-000002801
3455,A,A-000002796
3455,B,B-000002802
3456,A,A-000002797
3456,B,B-000002803
3458,A,A-000002798
3458,B,B-000002804
3459,A,A-000002799
3459,B,B-000002805
3460,A,A-000002800
3460,B,B-000002806
3461,A,A-000002801
3461,B,B-000002807
3462,A,A-000002802
3462,B,B-000002808
3463,A,A-000002803
3463,B,B-000002809
3464,A,A-000002804
3464,B,B-000002810
3466,A,A-000002805
3466,B,B-000002811
3467,A,A-000002806
3467,B,B-000002812
3469,A,A-000002807
3469,B,B-000002813
3470,A,A-000002808
3470,B,B-000002814
3471,A,A-000002809
3471,B,B-000002815
3472,A,A-000002810
3472,B,B-000002816
3473,A,A-000002811
3473,B,B-000002817
3474,A,A-000002812
3474,B,B-000002818
3475,A,A-000002813
3475,B,B-000002819
3476,A,A-000002814
3476,B,B-000002820
3477,A,A-000002815
3477,B,B-000002821
3478,A,A-000002816
3478,B,B-000002822
3480,A,A-000002817
3480,B,B-000002823
3481,A,A-000002818
3481,B,B-000002824
3482,A,A-000002819
3482,B,B-000002825
3483,A,A-000002820
3483,B,B-000002826
3484,A,A-000002821
3484,B,B-000002827
3485,A,A-000002822
3485,B,B-000002828
3487,A,A-000002823
3487,B,B-000002829
3488,A,A-000002824
3488,B,B-000002830
3489,A,A-000002825
3489,B,B-000002831
3490,A,A-000002826
3490,B,B-000002832
3491,A,A-000002827
3491,B,B-000002833
3492,A,A-000002828
3492,B,B-000002834
3493,A,A-000002829
3493,B,B-000002835
3494,A,A-000002830
3494,B,B-000002836
3495,A,A-000002831
3495,B,B-000002837
3496,A,A-000002832
3496,B,B-000002838
3497,A,A-000002833
3497,B,B-000002839
3499,A,A-000002834
3499,B,B-000002840
3500,A,A-000002835
3500,B,B-000002841
3501,A,A-000002836
3501,B,B-000002842
3502,A,A-000002837
3502,B,B-000002843
3503,A,A-000002838
3503,B,B-000002844
3504,A,A-000002839
3504,B,B-000002845
3505,A,A-000002840
3505,B,B-000002846
3506,A,A-000002841
3506,B,B-000002847
3507,A,A-000002842
3507,B,B-000002848
3508,A,A-000002843
3508,B,B-000002849
3509,A,A-000002844
3509,B,B-000002850
3511,A,A-000002845
3511,B,B-000002851
3512,A,A-000002846
3512,B,B-000002852
3513,A,A-000002847
3513,B,B-000002853
3514,A,A-000002848
3514,B,B-000002854
3515,A,A-000002849
3515,B,B-000002855
3516,A,A-000002850
3516,B,B-000002856
3518,A,A-000002851
3518,B,B-000002857
3519,A,A-000002852
3519,B,B-000002858
3520,A,A-000002853
3520,B,B-000002859
3521,A,A-000002854
3521,B,B-000002860
3523,A,A-000002855
3523,B,B-000002861
3524,A,A-000002856
3524,B,B-000002862
3525,A,A-000002857
3525,B,B-000002863
3526,A,A-000002858
3526,B,B-000002864
3527,A,A-000002859
3527,B,B-000002865
3528,A,A-000002860
3528,B,B-000002866
3530,A,A-000002861
3530,B,B-000002867
3531,A,A-000002862
3531,B,B-000002868
3532,A,A-000002863
3532,B,B-000002869
3534,A,A-000002864
3534,B,B-000002870
3535,A,A-000002865
3535,B,B-000002871
3536,A,A-000002866
3536,B,B-000002872
3537,A,A-000002867
3537,B,B-000002873
3538,A,A-000002868
3538,B,B-000002874
3539,A,A-000002869
3539,B,B-000002875
3540,A,A-000002870
3540,B,B-000002876
3541,A,A-000002871
3541,B,B-000002877
3543,A,A-000002872
3543,B,B-000002878
3544,A,A-000002873
3544,B,B-000002879
3546,A,A-000002874
3546,B,B-000002880
3547,A,A-000002875
3547,B,B-000002881
3548,A,A-000002876
3548,B,B-000002882
3549,A,A-000002877
3549,B,B-000002883
3550,A,A-000002878
3550,B,B-000002884
3551,A,A-000002879
3551,B,B-000002885
3552,A,A-000002880
3552,B,B-000002886
3553,A,A-000002881
3553,B,B-000002887
3554,A,A-000002882
3554,B,B-000002888
3555,A,A-000002883
3555,B,B-000002889
3556,A,A-000002884
3556,B,B-000002890
3558,A,A-000002885
3558,B,B-000002891
3559,A,A-000002886
3559,B,B-000002892
3561,A,A-000002887
3561,B,B-000002893
3562,A,A-000002888
3562,B,B-000002894
3563,A,A-000002889
3563,B,B-000002895
3564,A,A-000002890
3564,B,B-000002896
3565,A,A-000002891
3565,B,B-000002897
3566,A,A-000002892
3566,B,B-000002898
3567,A,A-000002893
3567,B,B-000002899
3568,A,A-000002894
3568,B,B-000002900
3569,A,A-000002895
3569,B,B-000002901
3570,A,A-000002896
3570,B,B-000002902
3572,A,A-000002897
3572,B,B-000002903
3573,A,A-000002898
3573,B,B-000002904
3575,A,A-000002899
3575,B,B-000002905
3577,A,A-000002900
3577,B,B-000002906
3578,A,A-000002901
3578,B,B-000002907
3579,A,A-000002902
3579,B,B-000002908
3580,A,A-000002903
3580,B,B-000002909
3581,A,A-000002904
3581,B,B-000002910
3582,A,A-000002905
3582,B,B-000002911
3583,A,A-000002906
3583,B,B-000002912
3584,A,A-000002907
3584,B,B-000002913
3585,A,A-000002908
3585,B,B-000002914
3586,A,A-000002909
3586,B,B-000002915
3587,A,A-000002910
3587,B,B-000002916
3590,A,A-000002911
3590,B,B-000002917
3591,A,A-000002912
3591,B,B-000002918
3592,A,A-000002913
3592,B,B-000002919
3593,A,A-000002914
3593,B,B-000002920
3594,A,A-000002915
3594,B,B-000002921
3595,A,A-000002916
3595,B,B-000002922
3596,A,A-000002917
3596,B,B-000002923
3597,A,A-000002918
3597,B,B-000002924
3598,A,A-000002919
3598,B,B-000002925
3599,A,A-000002920
3599,B,B-000002926
3600,A,A-000002921
3600,B,B-000002927
3601,A,A-000002922
3601,B,B-000002928
3603,A,A-000002923
3603,B,B-000002929
3604,A,A-000002924
3604,B,B-000002930
3605,A,A-000002925
3605,B,B-000002931
3606,A,A-000002926
3606,B,B-000002932
3607,A,A-000002927
3607,B,B-000002933
3609,A,A-000002928
3609,B,B-000002934
3610,A,A-000002929
3610,B,B-000002935
3611,A,A-000002930
3611,B,B-000002936
3612,A,A-000002931
3612,B,B-000002937
3613,A,A-000002932
3613,B,B-000002938
3615,A,A-000002933
3615,B,B-000002939
3616,A,A-000002934
3616,B,B-000002940
3617,A,A-000002935
3617,B,B-000002941
3618,A,A-000002936
3618,B,B-000002942
3619,A,A-000002937
3619,B,B-000002943
3620,A,A-000002938
3620,B,B-000002944
3621,A,A-000002939
3621,B,B-000002945
3623,A,A-000002940
3623,B,B-000002946
3624,A,A-000002941
3624,B,B-000002947
3625,A,A-000002942
3625,B,B-000002948
3626,A,A-000002943
3626,B,B-000002949
3627,A,A-000002944
3627,B,B-000002950
3628,A,A-000002945
3628,B,B-000002951
3629,A,A-000002946
3629,B,B-000002952
3631,A,A-000002947
3631,B,B-000002953
3632,A,A-000002948
3632,B,B-000002954
3633,A,A-000002949
3633,B,B-000002955
3634,A,A-000002950
3634,B,B-000002956
3636,A,A-000002951
3636,B,B-000002957
3638,A,A-000002952
3638,B,B-000002958
3639,A,A-000002953
3639,B,B-000002959
3642,A,A-000002954
3642,B,B-000002960
3643,A,A-000002955
3643,B,B-000002961
3644,A,A-000002956
3644,B,B-000002962
3645,A,A-000002957
3645,B,B-000002963
3646,A,A-000002958
3646,B,B-000002964
3647,A,A-000002959
3647,B,B-000002965
3648,A,A-000002960
3648,B,B-000002966
3649,A,A-000002961
3649,B,B-000002967
3650,A,A-000002962
3650,B,B-000002968
3651,A,A-000002963
3651,B,B-000002969
3653,A,A-000002964
3653,B,B-000002970
3654,A,A-000002965
3654,B,B-000002971
3655,A,A-000002966
3655,B,B-000002972
3656,A,A-000002967
3656,B,B-000002973
3657,A,A-000002968
3657,B,B-000002974
3658,A,A-000002969
3658,B,B-000002975
3659,A,A-000002970
3659,B,B-000002976
3660,A,A-000002971
3660,B,B-000002977
3661,A,A-000002972
3661,B,B-000002978
3662,A,A-000002973
3662,B,B-000002979
3664,A,A-000002974
3664,B,B-000002980
3665,A,A-000002975
3665,B,B-000002981
3666,A,A-000002976
3666,B,B-000002982
3667,A,A-000002977
3667,B,B-000002983
3669,A,A-000002978
3669,B,B-000002984
3670,A,A-000002979
3670,B,B-000002985
3672,A,A-000002980
3672,B,B-000002986
3674,A,A-000002981
3674,B,B-000002987
3675,A,A-000002982
3675,B,B-000002988
3677,A,A-000002983
3677,B,B-000002989
3679,A,A-000002984
3679,B,B-000002990
3680,A,A-000002985
3680,B,B-000002991
3682,A,A-000002986
3682,B,B-000002992
3683,A,A-000002987
3683,B,B-000002993
3686,A,A-000002988
3686,B,B-000002994
3687,A,A-000002989
3687,B,B-000002995
3688,A,A-000002990
3688,B,B-000002996
3689,A,A-000002991
3689,B,B-000002997
3690,A,A-000002992
3690,B,B-000002998
3692,A,A-000002993
3692,B,B-000002999
3693,A,A-000002994
3693,B,B-000003000
3694,A,A-000002995
3694,B,B-000003001
3695,A,A-000002996
3695,B,B-000003002
3696,A,A-000002997
3696,B,B-000003003
3697,A,A-000002998
3697,B,B-000003004
3698,A,A-000002999
3698,B,B-000003005
3699,A,A-000003000
3699,B,B-000003006
3700,A,A-000003001
3700,B,B-000003007
3701,A,A-000003002
3701,B,B-000003008
3702,A,A-000003003
3702,B,B-000003009
3703,A,A-000003004
3703,B,B-000003010
3704,A,A-000003005
3704,B,B-000003011
3705,A,A-000003006
3705,B,B-000003012
3706,A,A-000003007
3706,B,B-000003013
3707,A,A-000003008
3707,B,B-000003014
3708,A,A-000003009
3708,B,B-000003015
3709,A,A-000003010
3709,B,B-000003016
3711,A,A-000003011
3711,B,B-000003017
3712,A,A-000003012
3712,B,B-000003018
3713,A,A-000003013
3713,B,B-000003019
3714,A,A-000003014
3714,B,B-000003020
3716,A,A-000003015
3716,B,B-000003021
3717,A,A-000003016
3717,B,B-000003022
3721,A,A-000003017
3721,B,B-000003023
3723,A,A-000003018
3723,B,B-000003024
3725,A,A-000003019
3725,B,B-000003025
3726,A,A-000003020
3726,B,B-000003026
3727,A,A-000003021
3727,B,B-000003027
3728,A,A-000003022
3728,B,B-000003028
3729,A,A-000003023
3729,B,B-000003029
3730,A,A-000003024
3730,B,B-000003030
3731,A,A-000003025
3731,B,B-000003031
3732,A,A-000003026
3732,B,B-000003032
3734,A,A-000003027
3734,B,B-000003033
3735,A,A-000003028
3735,B,B-000003034
3736,A,A-000003029
3736,B,B-000003035
3738,A,A-000003030
3738,B,B-000003036
3739,A,A-000003031
3739,B,B-000003037
3740,A,A-000003032
3740,B,B-000003038
3741,A,A-000003033
3741,B,B-000003039
3742,A,A-000003034
3742,B,B-000003040
3743,A,A-000003035
3743,B,B-000003041
3744,A,A-000003036
3744,B,B-000003042
3745,A,A-000003037
3745,B,B-000003043
3746,A,A-000003038
3746,B,B-000003044
3747,A,A-000003039
3747,B,B-000003045
3748,A,A-000003040
3748,B,B-000003046
3749,A,A-000003041
3749,B,B-000003047
3750,A,A-000003042
3750,B,B-000003048
3751,A,A-000003043
3751,B,B-000003049
3752,A,A-000003044
3752,B,B-000003050
3753,A,A-000003045
3753,B,B-000003051
3755,A,A-000003046
3755,B,B-000003052
3756,A,A-000003047
3756,B,B-000003053
3757,A,A-000003048
3757,B,B-000003054
3758,A,A-000003049
3758,B,B-000003055
3759,A,A-000003050
3759,B,B-000003056
3760,A,A-000003051
3760,B,B-000003057
3761,A,A-000003052
3761,B,B-000003058
3762,A,A-000003053
3762,B,B-000003059
3763,A,A-000003054
3763,B,B-000003060
3764,A,A-000003055
3764,B,B-000003061
3765,A,A-000003056
3765,B,B-000003062
3766,A,A-000003057
3766,B,B-000003063
3767,A,A-000003058
3767,B,B-000003064
3770,A,A-000003059
3770,B,B-000003065
3771,A,A-000003060
3771,B,B-000003066
3772,A,A-000003061
3772,B,B-000003067
3773,A,A-000003062
3773,B,B-000003068
3774,A,A-000003063
3774,B,B-000003069
3775,A,A-000003064
3775,B,B-000003070
3776,A,A-000003065
3776,B,B-000003071
3777,A,A-000003066
3777,B,B-000003072
3778,A,A-000003067
3778,B,B-000003073
3779,A,A-000003068
3779,B,B-000003074
3780,A,A-000003069
3780,B,B-000003075
3781,A,A-000003070
3781,B,B-000003076
3782,A,A-000003071
3782,B,B-000003077
3783,A,A-000003072
3783,B,B-000003078
3784,A,A-000003073
3784,B,B-000003079
3785,A,A-000003074
3785,B,B-000003080
3786,A,A-000003075
3786,B,B-000003081
3788,A,A-000003076
3788,B,B-000003082
3789,A,A-000003077
3789,B,B-000003083
3790,A,A-000003078
3790,B,B-000003084
3791,A,A-000003079
3791,B,B-000003085
3792,A,A-000003080
3792,B,B-000003086
3793,A,A-000003081
3793,B,B-000003087
3794,A,A-000003082
3794,B,B-000003088
3795,A,A-000003083
3795,B,B-000003089
3796,A,A-000003084
3796,B,B-000003090
3797,A,A-000003085
3797,B,B-000003091
3798,A,A-000003086
3798,B,B-000003092
3799,A,A-000003087
3799,B,B-000003093
3800,A,A-000003088
3800,B,B-000003094
3802,A,A-000003089
3802,B,B-000003095
3803,A,A-000003090
3803,B,B-000003096
3805,A,A-000003091
3805,B,B-000003097
3806,A,A-000003092
3806,B,B-000003098
3808,A,A-000003093
3808,B,B-000003099
3809,A,A-000003094
3809,B,B-000003100
3810,A,A-000003095
3810,B,B-000003101
3811,A,A-000003096
3811,B,B-000003102
3813,A,A-000003097
3813,B,B-000003103
3814,A,A-000003098
3814,B,B-000003104
3815,A,A-000003099
3815,B,B-000003105
3816,A,A-000003100
3816,B,B-000003106
3818,A,A-000003101
3818,B,B-000003107
3819,A,A-000003102
3819,B,B-000003108
3820,A,A-000003103
3820,B,B-000003109
3821,A,A-000003104
3821,B,B-000003110
3823,A,A-000003105
3823,B,B-000003111
3824,A,A-000003106
3824,B,B-000003112
3825,A,A-000003107
3825,B,B-000003113
3826,A,A-000003108
3826,B,B-000003114
3827,A,A-000003109
3827,B,B-000003115
3828,A,A-000003110
3828,B,B-000003116
3829,A,A-000003111
3829,B,B-000003117
3831,A,A-000003112
3831,B,B-000003118
3832,A,A-000003113
3832,B,B-000003119
3834,A,A-000003114
3834,B,B-000003120
3835,A,A-000003115
3835,B,B-000003121
3836,A,A-000003116
3836,B,B-000003122
3839,A,A-000003117
3839,B,B-000003123
3840,A,A-000003118
3840,B,B-000003124
3841,A,A-000003119
3841,B,B-000003125
3843,A,A-000003120
3843,B,B-000003126
3844,A,A-000003121
3844,B,B-000003127
3845,A,A-000003122
3845,B,B-000003128
3846,A,A-000003123
3846,B,B-000003129
3847,A,A-000003124
3847,B,B-000003130
3848,A,A-000003125
3848,B,B-000003131
3849,A,A-000003126
3849,B,B-000003132
3850,A,A-000003127
3850,B,B-000003133
3851,A,A-000003128
3851,B,B-000003134
3852,A,A-000003129
3852,B,B-000003135
3853,A,A-000003130
3853,B,B-000003136
3855,A,A-000003131
3855,B,B-000003137
3856,A,A-000003132
3856,B,B-000003138
3857,A,A-000003133
3857,B,B-000003139
3858,A,A-000003134
3858,B,B-000003140
3859,A,A-000003135
3859,B,B-000003141
3860,A,A-000003136
3860,B,B-000003142
3861,A,A-000003137
3861,B,B-000003143
3864,A,A-000003138
3864,B,B-000003144
3865,A,A-000003139
3865,B,B-000003145
3866,A,A-000003140
3866,B,B-000003146
3867,A,A-000003141
3867,B,B-000003147
3868,A,A-000003142
3868,B,B-000003148
3869,A,A-000003143
3869,B,B-000003149
3870,A,A-000003144
3870,B,B-000003150
3871,A,A-000003145
3871,B,B-000003151
3872,A,A-000003146
3872,B,B-000003152
3873,A,A-000003147
3873,B,B-000003153
3874,A,A-000003148
3874,B,B-000003154
3875,A,A-000003149
3875,B,B-000003155
3876,A,A-000003150
3876,B,B-000003156
3878,A,A-000003151
3878,B,B-000003157
3879,A,A-000003152
3879,B,B-000003158
3880,A,A-000003153
3880,B,B-000003159
3881,A,A-000003154
3881,B,B-000003160
3883,A,A-000003155
3883,B,B-000003161
3884,A,A-000003156
3884,B,B-000003162
3885,A,A-000003157
3885,B,B-000003163
3886,A,A-000003158
3886,B,B-000003164
3888,A,A-000003159
3888,B,B-000003165
3889,A,A-000003160
3889,B,B-000003166
3890,A,A-000003161
3890,B,B-000003167
3892,A,A-000003162
3892,B,B-000003168
3893,A,A-000003163
3893,B,B-000003169
3894,A,A-000003164
3894,B,B-000003170
3895,A,A-000003165
3895,B,B-000003171
3896,A,A-000003166
3896,B,B-000003172
3897,A,A-000003167
3897,B,B-000003173
3898,A,A-000003168
3898,B,B-000003174
3900,A,A-000003169
3900,B,B-000003175
3902,A,A-000003170
3902,B,B-000003176
3903,A,A-000003171
3903,B,B-000003177
3904,A,A-000003172
3904,B,B-000003178
3905,A,A-000003173
3905,B,B-000003179
3906,A,A-000003174
3906,B,B-000003180
3907,A,A-000003175
3907,B,B-000003181
3908,A,A-000003176
3908,B,B-000003182
3909,A,A-000003177
3909,B,B-000003183
3911,A,A-000003178
3911,B,B-000003184
3912,A,A-000003179
3912,B,B-000003185
3913,A,A-000003180
3913,B,B-000003186
3915,A,A-000003181
3915,B,B-000003187
3916,A,A-000003182
3916,B,B-000003188
3917,A,A-000003183
3917,B,B-000003189
3919,A,A-000003184
3919,B,B-000003190
3921,A,A-000003185
3921,B,B-000003191
3923,A,A-000003186
3923,B,B-000003192
3924,A,A-000003187
3924,B,B-000003193
3925,A,A-000003188
3925,B,B-000003194
3927,A,A-000003189
3927,B,B-000003195
3929,A,A-000003190
3929,B,B-000003196
3930,A,A-000003191
3930,B,B-000003197
3931,A,A-000003192
3931,B,B-000003198
3932,A,A-000003193
3932,B,B-000003199
3933,A,A-000003194
3933,B,B-000003200
3934,A,A-000003195
3934,B,B-000003201
3935,A,A-000003196
3935,B,B-000003202
3937,A,A-000003197
3937,B,B-000003203
3938,A,A-000003198
3938,B,B-000003204
3939,A,A-000003199
3939,B,B-000003205
3941,A,A-000003200
3941,B,B-000003206
3943,A,A-000003201
3943,B,B-000003207
3944,A,A-000003202
3944,B,B-000003208
3945,A,A-000003203
3945,B,B-000003209
3946,A,A-000003204
3946,B,B-000003210
3947,A,A-000003205
3947,B,B-000003211
3948,A,A-000003206
3948,B,B-000003212
3949,A,A-000003207
3949,B,B-000003213
3950,A,A-000003208
3950,B,B-000003214
3953,A,A-000003209
3953,B,B-000003215
3954,A,A-000003210
3954,B,B-000003216
3955,A,A-000003211
3955,B,B-000003217
3956,A,A-000003212
3956,B,B-000003218
3957,A,A-000003213
3957,B,B-000003219
3958,A,A-000003214
3958,B,B-000003220
3959,A,A-000003215
3959,B,B-000003221
3960,A,A-000003216
3960,B,B-000003222
3961,A,A-000003217
3961,B,B-000003223
3962,A,A-000003218
3962,B,B-000003224
3963,A,A-000003219
3963,B,B-000003225
3964,A,A-000003220
3964,B,B-000003226
3965,A,A-000003221
3965,B,B-000003227
3966,A,A-000003222
3966,B,B-000003228
3967,A,A-000003223
3967,B,B-000003229
3968,A,A-000003224
3968,B,B-000003230
3969,A,A-000003225
3969,B,B-000003231
3970,A,A-000003226
3970,B,B-000003232
3971,A,A-000003227
3971,B,B-000003233
3972,A,A-000003228
3972,B,B-000003234
3973,A,A-000003229
3973,B,B-000003235
3974,A,A-000003230
3974,B,B-000003236
3975,A,A-000003231
3975,B,B-000003237
3976,A,A-000003232
3976,B,B-000003238
3977,A,A-000003233
3977,B,B-000003239
3978,A,A-000003234
3978,B,B-000003240
3979,A,A-000003235
3979,B,B-000003241
3980,A,A-000003236
3980,B,B-000003242
3981,A,A-000003237
3981,B,B-000003243
3982,A,A-000003238
3982,B,B-000003244
3983,A,A-000003239
3983,B,B-000003245
3984,A,A-000003240
3984,B,B-000003246
3985,A,A-000003241
3985,B,B-000003247
3986,A,A-000003242
3986,B,B-000003248
3987,A,A-000003243
3987,B,B-000003249
3988,A,A-000003244
3988,B,B-000003250
3989,A,A-000003245
3989,B,B-000003251
3990,A,A-000003246
3990,B,B-000003252
3992,A,A-000003247
3992,B,B-000003253
3993,A,A-000003248
3993,B,B-000003254
3994,A,A-000003249
3994,B,B-000003255
3995,A,A-000003250
3995,B,B-000003256
3996,A,A-000003251
3996,B,B-000003257
3997,A,A-000003252
3997,B,B-000003258
3998,A,A-000003253
3998,B,B-000003259
3999,A,A-000003254
3999,B,B-000003260
4000,A,A-000003255
4000,B,B-000003261
4001,A,A-000003256
4001,B,B-000003262
4002,A,A-000003257
4002,B,B-000003263
4003,A,A-000003258
4003,B,B-000003264
4004,A,A-000003259
4004,B,B-000003265
4005,A,A-000003260
4005,B,B-000003266
4006,A,A-000003261
4006,B,B-000003267
4007,A,A-000003262
4007,B,B-000003268
4008,A,A-000003263
4008,B,B-000003269
4009,A,A-000003264
4009,B,B-000003270
4011,A,A-000003265
4011,B,B-000003271
4014,A,A-000003266
4014,B,B-000003272
4015,A,A-000003267
4015,B,B-000003273
4016,A,A-000003268
4016,B,B-000003274
4017,A,A-000003269
4017,B,B-000003275
4018,A,A-000003270
4018,B,B-000003276
4019,A,A-000003271
4019,B,B-000003277
4020,A,A-000003272
4020,B,B-000003278
4021,A,A-000003273
4021,B,B-000003279
4022,A,A-000003274
4022,B,B-000003280
4023,A,A-000003275
4023,B,B-000003281
4025,A,A-000003276
4025,B,B-000003282
4026,A,A-000003277
4026,B,B-000003283
4027,A,A-000003278
4027,B,B-000003284
4029,A,A-000003279
4029,B,B-000003285
4030,A,A-000003280
4030,B,B-000003286
4031,A,A-000003281
4031,B,B-000003287
4033,A,A-000003282
4033,B,B-000003288
4034,A,A-000003283
4034,B,B-000003289
4035,A,A-000003284
4035,B,B-000003290
4036,A,A-000003285
4036,B,B-000003291
4037,A,A-000003286
4037,B,B-000003292
4038,A,A-000003287
4038,B,B-000003293
4039,A,A-000003288
4039,B,B-000003294
4040,A,A-000003289
4040,B,B-000003295
4042,A,A-000003290
4042,B,B-000003296
4043,A,A-000003291
4043,B,B-000003297
4044,A,A-000003292
4044,B,B-000003298
4045,A,A-000003293
4045,B,B-000003299
4046,A,A-000003294
4046,B,B-000003300
4047,A,A-000003295
4047,B,B-000003301
4048,A,A-000003296
4048,B,B-000003302
4049,A,A-000003297
4049,B,B-000003303
4050,A,A-000003298
4050,B,B-000003304
4052,A,A-000003299
4052,B,B-000003305
4054,A,A-000003300
4054,B,B-000003306
4055,A,A-000003301
4055,B,B-000003307
4056,A,A-000003302
4056,B,B-000003308
4057,A,A-000003303
4057,B,B-000003309
4058,A,A-000003304
4058,B,B-000003310
4060,A,A-000003305
4060,B,B-000003311
4061,A,A-000003306
4061,B,B-000003312
4062,A,A-000003307
4062,B,B-000003313
4063,A,A-000003308
4063,B,B-000003314
4064,A,A-000003309
4064,B,B-000003315
4065,A,A-000003310
4065,B,B-000003316
4066,A,A-000003311
4066,B,B-000003317
4067,A,A-000003312
4067,B,B-000003318
4068,A,A-000003313
4068,B,B-000003319
4069,A,A-000003314
4069,B,B-000003320
4070,A,A-000003315
4070,B,B-000003321
4071,A,A-000003316
4071,B,B-000003322
4073,A,A-000003317
4073,B,B-000003323
4075,A,A-000003318
4075,B,B-000003324
4076,A,A-000003319
4076,B,B-000003325
4077,A,A-000003320
4077,B,B-000003326
4079,A,A-000003321
4079,B,B-000003327
4081,A,A-000003322
4081,B,B-000003328
4082,A,A-000003323
4082,B,B-000003329
4083,A,A-000003324
4083,B,B-000003330
4084,A,A-000003325
4084,B,B-000003331
4085,A,A-000003326
4085,B,B-000003332
4086,A,A-000003327
4086,B,B-000003333
4088,A,A-000003328
4088,B,B-000003334
4089,A,A-000003329
4089,B,B-000003335
4090,A,A-000003330
4090,B,B-000003336
4091,A,A-000003331
4091,B,B-000003337
4092,A,A-000003332
4092,B,B-000003338
4095,A,A-000003333
4095,B,B-000003339
4097,A,A-000003334
4097,B,B-000003340
4098,A,A-000003335
4098,B,B-000003341
4099,A,A-000003336
4099,B,B-000003342
4100,A,A-000003337
4100,B,B-000003343
4101,A,A-000003338
4101,B,B-000003344
4102,A,A-000003339
4102,B,B-000003345
4103,A,A-000003340
4103,B,B-000003346
4104,A,A-000003341
4104,B,B-000003347
4105,A,A-000003342
4105,B,B-000003348
4106,A,A-000003343
4106,B,B-000003349
4107,A,A-000003344
4107,B,B-000003350
4108,A,A-000003345
4108,B,B-000003351
4109,A,A-000003346
4109,B,B-000003352
4111,A,A-000003347
4111,B,B-000003353
4112,A,A-000003348
4112,B,B-000003354
4113,A,A-000003349
4113,B,B-000003355
4114,A,A-000003350
4114,B,B-000003356
4115,A,A-000003351
4115,B,B-000003357
4116,A,A-000003352
4116,B,B-000003358
4118,A,A-000003353
4118,B,B-000003359
4119,A,A-000003354
4119,B,B-000003360
4120,A,A-000003355
4120,B,B-000003361
4121,A,A-000003356
4121,B,B-000003362
4122,A,A-000003357
4122,B,B-000003363
4123,A,A-000003358
4123,B,B-000003364
4124,A,A-000003359
4124,B,B-000003365
4126,A,A-000003360
4126,B,B-000003366
4127,A,A-000003361
4127,B,B-000003367
4128,A,A-000003362
4128,B,B-000003368
4129,A,A-000003363
4129,B,B-000003369
4130,A,A-000003364
4130,B,B-000003370
4131,A,A-000003365
4131,B,B-000003371
4132,A,A-000003366
4132,B,B-000003372
4135,A,A-000003367
4135,B,B-000003373
4136,A,A-000003368
4136,B,B-000003374
4137,A,A-000003369
4137,B,B-000003375
4138,A,A-000003370
4138,B,B-000003376
4139,A,A-000003371
4139,B,B-000003377
4140,A,A-000003372
4140,B,B-000003378
4141,A,A-000003373
4141,B,B-000003379
4142,A,A-000003374
4142,B,B-000003380
4143,A,A-000003375
4143,B,B-000003381
4144,A,A-000003376
4144,B,B-000003382
4145,A,A-000003377
4145,B,B-000003383
4147,A,A-000003378
4147,B,B-000003384
4148,A,A-000003379
4148,B,B-000003385
4149,A,A-000003380
4149,B,B-000003386
4150,A,A-000003381
4150,B,B-000003387
4151,A,A-000003382
4151,B,B-000003388
4152,A,A-000003383
4152,B,B-000003389
4153,A,A-000003384
4153,B,B-000003390
4154,A,A-000003385
4154,B,B-000003391
4155,A,A-000003386
4155,B,B-000003392
4156,A,A-000003387
4156,B,B-000003393
4157,A,A-000003388
4157,B,B-000003394
4158,A,A-000003389
4158,B,B-000003395
4159,A,A-000003390
4159,B,B-000003396
4160,A,A-000003391
4160,B,B-000003397
4162,A,A-000003392
4162,B,B-000003398
4163,A,A-000003393
4163,B,B-000003399
4164,A,A-000003394
4164,B,B-000003400
4165,A,A-000003395
4165,B,B-000003401
4166,A,A-000003396
4166,B,B-000003402
4167,A,A-000003397
4167,B,B-000003403
4168,A,A-000003398
4168,B,B-000003404
4169,A,A-000003399
4169,B,B-000003405
4170,A,A-000003400
4170,B,B-000003406
4171,A,A-000003401
4171,B,B-000003407
4172,A,A-000003402
4172,B,B-000003408
4173,A,A-000003403
4173,B,B-000003409
4174,A,A-000003404
4174,B,B-000003410
4176,A,A-000003405
4176,B,B-000003411
4177,A,A-000003406
4177,B,B-000003412
4178,A,A-000003407
4178,B,B-000003413
4180,A,A-000003408
4180,B,B-000003414
4181,A,A-000003409
4181,B,B-000003415
4182,A,A-000003410
4182,B,B-000003416
4183,A,A-000003411
4183,B,B-000003417
4184,A,A-000003412
4184,B,B-000003418
4186,A,A-000003413
4186,B,B-000003419
4187,A,A-000003414
4187,B,B-000003420
4188,A,A-000003415
4188,B,B-000003421
4189,A,A-000003416
4189,B,B-000003422
4191,A,A-000003417
4191,B,B-000003423
4192,A,A-000003418
4192,B,B-000003424
4194,A,A-000003419
4194,B,B-000003425
4195,A,A-000003420
4195,B,B-000003426
4196,A,A-000003421
4196,B,B-000003427
4197,A,A-000003422
4197,B,B-000003428
4198,A,A-000003423
4198,B,B-000003429
4199,A,A-000003424
4199,B,B-000003430
4202,A,A-000003425
4202,B,B-000003431
4203,A,A-000003426
4203,B,B-000003432
4204,A,A-000003427
4204,B,B-000003433
4205,A,A-000003428
4205,B,B-000003434
4207,A,A-000003429
4207,B,B-000003435
4209,A,A-000003430
4209,B,B-000003436
4210,A,A-000003431
4210,B,B-000003437
4211,A,A-000003432
4211,B,B-000003438
4212,A,A-000003433
4212,B,B-000003439
4213,A,A-000003434
4213,B,B-000003440
4214,A,A-000003435
4214,B,B-000003441
4215,A,A-000003436
4215,B,B-000003442
4216,A,A-000003437
4216,B,B-000003443
4217,A,A-000003438
4217,B,B-000003444
4218,A,A-000003439
4218,B,B-000003445
4219,A,A-000003440
4219,B,B-000003446
4220,A,A-000003441
4220,B,B-000003447
4221,A,A-000003442
4221,B,B-000003448
4222,A,A-000003443
4222,B,B-000003449
4224,A,A-000003444
4224,B,B-000003450
4225,A,A-000003445
4225,B,B-000003451
4228,A,A-000003446
4228,B,B-000003452
4229,A,A-000003447
4229,B,B-000003453
4230,A,A-000003448
4230,B,B-000003454
4231,A,A-000003449
4231,B,B-000003455
4232,A,A-000003450
4232,B,B-000003456
4233,A,A-000003451
4233,B,B-000003457
4234,A,A-000003452
4234,B,B-000003458
4235,A,A-000003453
4235,B,B-000003459
4237,A,A-000003454
4237,B,B-000003460
4238,A,A-000003455
4238,B,B-000003461
4239,A,A-000003456
4239,B,B-000003462
4240,A,A-000003457
4240,B,B-000003463
4241,A,A-000003458
4241,B,B-000003464
4242,A,A-000003459
4242,B,B-000003465
4243,A,A-000003460
4243,B,B-000003466
4244,A,A-000003461
4244,B,B-000003467
4245,A,A-000003462
4245,B,B-000003468
4246,A,A-000003463
4246,B,B-000003469
4247,A,A-000003464
4247,B,B-000003470
4248,A,A-000003465
4248,B,B-000003471
4250,A,A-000003466
4250,B,B-000003472
4251,A,A-000003467
4251,B,B-000003473
4252,A,A-000003468
4252,B,B-000003474
4253,A,A-000003469
4253,B,B-000003475
4254,A,A-000003470
4254,B,B-000003476
4255,A,A-000003471
4255,B,B-000003477
4256,A,A-000003472
4256,B,B-000003478
4258,A,A-000003473
4258,B,B-000003479
4259,A,A-000003474
4259,B,B-000003480
4260,A,A-000003475
4260,B,B-000003481
4261,A,A-000003476
4261,B,B-000003482
4262,A,A-000003477
4262,B,B-000003483
4263,A,A-000003478
4263,B,B-000003484
4264,A,A-000003479
4264,B,B-000003485
4265,A,A-000003480
4265,B,B-000003486
4266,A,A-000003481
4266,B,B-000003487
4268,A,A-000003482
4268,B,B-000003488
4269,A,A-000003483
4269,B,B-000003489
4270,A,A-000003484
4270,B,B-000003490
4271,A,A-000003485
4271,B,B-000003491
4272,A,A-000003486
4272,B,B-000003492
4274,A,A-000003487
4274,B,B-000003493
4275,A,A-000003488
4275,B,B-000003494
4276,A,A-000003489
4276,B,B-000003495
4277,A,A-000003490
4277,B,B-000003496
4278,A,A-000003491
4278,B,B-000003497
4279,A,A-000003492
4279,B,B-000003498
4280,A,A-000003493
4280,B,B-000003499
4281,A,A-000003494
4281,B,B-000003500
4282,A,A-000003495
4282,B,B-000003501
4283,A,A-000003496
4283,B,B-000003502
4285,A,A-000003497
4285,B,B-000003503
4286,A,A-000003498
4286,B,B-000003504
4287,A,A-000003499
4287,B,B-000003505
4288,A,A-000003500
4288,B,B-000003506
4289,A,A-000003501
4289,B,B-000003507
4290,A,A-000003502
4290,B,B-000003508
4291,A,A-000003503
4291,B,B-000003509
4293,A,A-000003504
4293,B,B-000003510
4294,A,A-000003505
4294,B,B-000003511
4295,A,A-000003506
4295,B,B-000003512
4296,A,A-000003507
4296,B,B-000003513
4297,A,A-000003508
4297,B,B-000003514
4299,A,A-000003509
4299,B,B-000003515
4300,A,A-000003510
4300,B,B-000003516
4301,A,A-000003511
4301,B,B-000003517
4302,A,A-000003512
4302,B,B-000003518
4303,A,A-000003513
4303,B,B-000003519
4304,A,A-000003514
4304,B,B-000003520
4305,A,A-000003515
4305,B,B-000003521
4306,A,A-000003516
4306,B,B-000003522
4307,A,A-000003517
4307,B,B-000003523
4308,A,A-000003518
4308,B,B-000003524
4310,A,A-000003519
4310,B,B-000003525
4311,A,A-000003520
4311,B,B-000003526
4312,A,A-000003521
4312,B,B-000003527
4313,A,A-000003522
4313,B,B-000003528
4315,A,A-000003523
4315,B,B-000003529
4316,A,A-000003524
4316,B,B-000003530
4317,A,A-000003525
4317,B,B-000003531
4318,A,A-000003526
4318,B,B-000003532
4319,A,A-000003527
4319,B,B-000003533
4320,A,A-000003528
4320,B,B-000003534
4321,A,A-000003529
4321,B,B-000003535
4324,A,A-000003530
4324,B,B-000003536
4325,A,A-000003531
4325,B,B-000003537
4326,A,A-000003532
4326,B,B-000003538
4327,A,A-000003533
4327,B,B-000003539
4328,A,A-000003534
4328,B,B-000003540
4330,A,A-000003535
4330,B,B-000003541
4331,A,A-000003536
4331,B,B-000003542
4332,A,A-000003537
4332,B,B-000003543
4335,A,A-000003538
4335,B,B-000003544
4337,A,A-000003539
4337,B,B-000003545
4339,A,A-000003540
4339,B,B-000003546
4340,A,A-000003541
4340,B,B-000003547
4341,A,A-000003542
4341,B,B-000003548
4343,A,A-000003543
4343,B,B-000003549
4344,A,A-000003544
4344,B,B-000003550
4345,A,A-000003545
4345,B,B-000003551
4346,A,A-000003546
4346,B,B-000003552
4347,A,A-000003547
4347,B,B-000003553
4348,A,A-000003548
4348,B,B-000003554
4349,A,A-000003549
4349,B,B-000003555
4350,A,A-000003550
4350,B,B-000003556
4351,A,A-000003551
4351,B,B-000003557
4353,A,A-000003552
4353,B,B-000003558
4354,A,A-000003553
4354,B,B-000003559
4355,A,A-000003554
4355,B,B-000003560
4356,A,A-000003555
4356,B,B-000003561
4357,A,A-000003556
4357,B,B-000003562
4358,A,A-000003557
4358,B,B-000003563
4359,A,A-000003558
4359,B,B-000003564
4360,A,A-000003559
4360,B,B-000003565
4361,A,A-000003560
4361,B,B-000003566
4362,A,A-000003561
4362,B,B-000003567
4363,A,A-000003562
4363,B,B-000003568
4364,A,A-000003563
4364,B,B-000003569
4365,A,A-000003564
4365,B,B-000003570
4366,A,A-000003565
4366,B,B-000003571
4367,A,A-000003566
4367,B,B-000003572
4368,A,A-000003567
4368,B,B-000003573
4369,A,A-000003568
4369,B,B-000003574
4370,A,A-000003569
4370,B,B-000003575
4371,A,A-000003570
4371,B,B-000003576
4372,A,A-000003571
4372,B,B-000003577
4375,A,A-000003572
4375,B,B-000003578
4376,A,A-000003573
4376,B,B-000003579
4377,A,A-000003574
4377,B,B-000003580
4379,A,A-000003575
4379,B,B-000003581
4380,A,A-000003576
4380,B,B-000003582
4382,A,A-000003577
4382,B,B-000003583
4383,A,A-000003578
4383,B,B-000003584
4384,A,A-000003579
4384,B,B-000003585
4386,A,A-000003580
4386,B,B-000003586
4387,A,A-000003581
4387,B,B-000003587
4389,A,A-000003582
4389,B,B-000003588
4390,A,A-000003583
4390,B,B-000003589
4391,A,A-000003584
4391,B,B-000003590
4392,A,A-000003585
4392,B,B-000003591
4393,A,A-000003586
4393,B,B-000003592
4396,A,A-000003587
4396,B,B-000003593
4397,A,A-000003588
4397,B,B-000003594
4399,A,A-000003589
4399,B,B-000003595
4400,A,A-000003590
4400,B,B-000003596
4402,A,A-000003591
4402,B,B-000003597
4403,A,A-000003592
4403,B,B-000003598
4404,A,A-000003593
4404,B,B-000003599
4405,A,A-000003594
4405,B,B-000003600
4406,A,A-000003595
4406,B,B-000003601
4407,A,A-000003596
4407,B,B-000003602
4408,A,A-000003597
4408,B,B-000003603
4409,A,A-000003598
4409,B,B-000003604
4412,A,A-000003599
4412,B,B-000003605
4413,A,A-000003600
4413,B,B-000003606
4414,A,A-000003601
4414,B,B-000003607
4415,A,A-000003602
4415,B,B-000003608
4417,A,A-000003603
4417,B,B-000003609
4418,A,A-000003604
4418,B,B-000003610
4419,A,A-000003605
4419,B,B-000003611
4420,A,A-000003606
4420,B,B-000003612
4421,A,A-000003607
4421,B,B-000003613
4422,A,A-000003608
4422,B,B-000003614
4423,A,A-000003609
4423,B,B-000003615
4424,A,A-000003610
4424,B,B-000003616
4425,A,A-000003611
4425,B,B-000003617
4426,A,A-000003612
4426,B,B-000003618
4427,A,A-000003613
4427,B,B-000003619
4428,A,A-000003614
4428,B,B-000003620
4431,A,A-000003615
4431,B,B-000003621
4432,A,A-000003616
4432,B,B-000003622
4433,A,A-000003617
4433,B,B-000003623
4434,A,A-000003618
4434,B,B-000003624
4435,A,A-000003619
4435,B,B-000003625
4436,A,A-000003620
4436,B,B-000003626
4437,A,A-000003621
4437,B,B-000003627
4438,A,A-000003622
4438,B,B-000003628
4439,A,A-000003623
4439,B,B-000003629
4440,A,A-000003624
4440,B,B-000003630
4441,A,A-000003625
4441,B,B-000003631
4442,A,A-000003626
4442,B,B-000003632
4443,A,A-000003627
4443,B,B-000003633
4444,A,A-000003628
4444,B,B-000003634
4445,A,A-000003629
4445,B,B-000003635
4446,A,A-000003630
4446,B,B-000003636
4447,A,A-000003631
4447,B,B-000003637
4451,A,A-000003632
4451,B,B-000003638
4452,A,A-000003633
4452,B,B-000003639
4453,A,A-000003634
4453,B,B-000003640
4454,A,A-000003635
4454,B,B-000003641
4456,A,A-000003636
4456,B,B-000003642
4457,A,A-000003637
4457,B,B-000003643
4459,A,A-000003638
4459,B,B-000003644
4462,A,A-000003639
4462,B,B-000003645
4463,A,A-000003640
4463,B,B-000003646
4464,A,A-000003641
4464,B,B-000003647
4465,A,A-000003642
4465,B,B-000003648
4466,A,A-000003643
4466,B,B-000003649
4467,A,A-000003644
4467,B,B-000003650
4468,A,A-000003645
4468,B,B-000003651
4470,A,A-000003646
4470,B,B-000003652
4472,A,A-000003647
4472,B,B-000003653
4473,A,A-000003648
4473,B,B-000003654
4474,A,A-000003649
4474,B,B-000003655
4475,A,A-000003650
4475,B,B-000003656
4476,A,A-000003651
4476,B,B-000003657
4477,A,A-000003652
4477,B,B-000003658
4478,A,A-000003653
4478,B,B-000003659
4479,A,A-000003654
4479,B,B-000003660
4480,A,A-000003655
4480,B,B-000003661
4481,A,A-000003656
4481,B,B-000003662
4483,A,A-000003657
4483,B,B-000003663
4484,A,A-000003658
4484,B,B-000003664
4485,A,A-000003659
4485,B,B-000003665
4487,A,A-000003660
4487,B,B-000003666
4488,A,A-000003661
4488,B,B-000003667
4489,A,A-000003662
4489,B,B-000003668
4490,A,A-000003663
4490,B,B-000003669
4491,A,A-000003664
4491,B,B-000003670
4492,A,A-000003665
4492,B,B-000003671
4493,A,A-000003666
4493,B,B-000003672
4494,A,A-000003667
4494,B,B-000003673
4495,A,A-000003668
4495,B,B-000003674
4496,A,A-000003669
4496,B,B-000003675
4497,A,A-000003670
4497,B,B-000003676
4498,A,A-000003671
4498,B,B-000003677
4499,A,A-000003672
4499,B,B-000003678
4500,A,A-000003673
4500,B,B-000003679
4501,A,A-000003674
4501,B,B-000003680
4504,A,A-000003675
4504,B,B-000003681
4506,A,A-000003676
4506,B,B-000003682
4508,A,A-000003677
4508,B,B-000003683
4509,A,A-000003678
4509,B,B-000003684
4510,A,A-000003679
4510,B,B-000003685
4511,A,A-000003680
4511,B,B-000003686
4512,A,A-000003681
4512,B,B-000003687
4513,A,A-000003682
4513,B,B-000003688
4514,A,A-000003683
4514,B,B-000003689
4515,A,A-000003684
4515,B,B-000003690
4516,A,A-000003685
4516,B,B-000003691
4517,A,A-000003686
4517,B,B-000003692
4518,A,A-000003687
4518,B,B-000003693
4521,A,A-000003688
4521,B,B-000003694
4522,A,A-000003689
4522,B,B-000003695
4523,A,A-000003690
4523,B,B-000003696
4524,A,A-000003691
4524,B,B-000003697
4525,A,A-000003692
4525,B,B-000003698
4527,A,A-000003693
4527,B,B-000003699
4528,A,A-000003694
4528,B,B-000003700
4529,A,A-000003695
4529,B,B-000003701
4530,A,A-000003696
4530,B,B-000003702
4532,A,A-000003697
4532,B,B-000003703
4533,A,A-000003698
4533,B,B-000003704
4534,A,A-000003699
4534,B,B-000003705
4535,A,A-000003700
4535,B,B-000003706
4536,A,A-000003701
4536,B,B-000003707
4537,A,A-000003702
4537,B,B-000003708
4538,A,A-000003703
4538,B,B-000003709
4539,A,A-000003704
4539,B,B-000003710
4540,A,A-000003705
4540,B,B-000003711
4541,A,A-000003706
4541,B,B-000003712
4543,A,A-000003707
4543,B,B-000003713
4544,A,A-000003708
4544,B,B-000003714
4545,A,A-000003709
4545,B,B-000003715
4546,A,A-000003710
4546,B,B-000003716
4547,A,A-000003711
4547,B,B-000003717
4548,A,A-000003712
4548,B,B-000003718
4549,A,A-000003713
4549,B,B-000003719
4551,A,A-000003714
4551,B,B-000003720
4552,A,A-000003715
4552,B,B-000003721
4553,A,A-000003716
4553,B,B-000003722
4554,A,A-000003717
4554,B,B-000003723
4555,A,A-000003718
4555,B,B-000003724
4556,A,A-000003719
4556,B,B-000003725
4557,A,A-000003720
4557,B,B-000003726
4558,A,A-000003721
4558,B,B-000003727
4559,A,A-000003722
4559,B,B-000003728
4561,A,A-000003723
4561,B,B-000003729
4562,A,A-000003724
4562,B,B-000003730
4563,A,A-000003725
4563,B,B-000003731
4567,A,A-000003726
4567,B,B-000003732
4568,A,A-000003727
4568,B,B-000003733
4569,A,A-000003728
4569,B,B-000003734
4570,A,A-000003729
4570,B,B-000003735
4571,A,A-000003730
4571,B,B-000003736
4572,A,A-000003731
4572,B,B-000003737
4573,A,A-000003732
4573,B,B-000003738
4574,A,A-000003733
4574,B,B-000003739
4576,A,A-000003734
4576,B,B-000003740
4577,A,A-000003735
4577,B,B-000003741
4578,A,A-000003736
4578,B,B-000003742
4579,A,A-000003737
4579,B,B-000003743
4580,A,A-000003738
4580,B,B-000003744
4581,A,A-000003739
4581,B,B-000003745
4582,A,A-000003740
4582,B,B-000003746
4583,A,A-000003741
4583,B,B-000003747
4585,A,A-000003742
4585,B,B-000003748
4586,A,A-000003743
4586,B,B-000003749
4587,A,A-000003744
4587,B,B-000003750
4588,A,A-000003745
4588,B,B-000003751
4589,A,A-000003746
4589,B,B-000003752
4590,A,A-000003747
4590,B,B-000003753
4591,A,A-000003748
4591,B,B-000003754
4592,A,A-000003749
4592,B,B-000003755
4593,A,A-000003750
4593,B,B-000003756
4595,A,A-000003751
4595,B,B-000003757
4596,A,A-000003752
4596,B,B-000003758
4598,A,A-000003753
4598,B,B-000003759
4599,A,A-000003754
4599,B,B-000003760
4600,A,A-000003755
4600,B,B-000003761
4602,A,A-000003756
4602,B,B-000003762
4603,A,A-000003757
4603,B,B-000003763
4604,A,A-000003758
4604,B,B-000003764
4606,A,A-000003759
4606,B,B-000003765
4607,A,A-000003760
4607,B,B-000003766
4610,A,A-000003761
4610,B,B-000003767
4611,A,A-000003762
4611,B,B-000003768
4612,A,A-000003763
4612,B,B-000003769
4613,A,A-000003764
4613,B,B-000003770
4614,A,A-000003765
4614,B,B-000003771
4615,A,A-000003766
4615,B,B-000003772
4616,A,A-000003767
4616,B,B-000003773
4617,A,A-000003768
4617,B,B-000003774
4619,A,A-000003769
4619,B,B-000003775
4620,A,A-000003770
4620,B,B-000003776
4621,A,A-000003771
4621,B,B-000003777
4623,A,A-000003772
4623,B,B-000003778
4624,A,A-000003773
4624,B,B-000003779
4625,A,A-000003774
4625,B,B-000003780
4627,A,A-000003775
4627,B,B-000003781
4628,A,A-000003776
4628,B,B-000003782
4629,A,A-000003777
4629,B,B-000003783
4630,A,A-000003778
4630,B,B-000003784
4631,A,A-000003779
4631,B,B-000003785
4632,A,A-000003780
4632,B,B-000003786
4633,A,A-000003781
4633,B,B-000003787
4634,A,A-000003782
4634,B,B-000003788
4636,A,A-000003783
4636,B,B-000003789
4637,A,A-000003784
4637,B,B-000003790
4638,A,A-000003785
4638,B,B-000003791
4639,A,A-000003786
4639,B,B-000003792
4640,A,A-000003787
4640,B,B-000003793
4641,A,A-000003788
4641,B,B-000003794
4642,A,A-000003789
4642,B,B-000003795
4643,A,A-000003790
4643,B,B-000003796
4644,A,A-000003791
4644,B,B-000003797
4646,A,A-000003792
4646,B,B-000003798
4647,A,A-000003793
4647,B,B-000003799
4648,A,A-000003794
4648,B,B-000003800
4649,A,A-000003795
4649,B,B-000003801
4651,A,A-000003796
4651,B,B-000003802
4652,A,A-000003797
4652,B,B-000003803
4653,A,A-000003798
4653,B,B-000003804
4654,A,A-000003799
4654,B,B-000003805
4655,A,A-000003800
4655,B,B-000003806
4656,A,A-000003801
4656,B,B-000003807
4657,A,A-000003802
4657,B,B-000003808
4658,A,A-000003803
4658,B,B-000003809
4659,A,A-000003804
4659,B,B-000003810
4661,A,A-000003805
4661,B,B-000003811
4662,A,A-000003806
4662,B,B-000003812
4663,A,A-000003807
4663,B,B-000003813
4664,A,A-000003808
4664,B,B-000003814
4665,A,A-000003809
4665,B,B-000003815
4666,A,A-000003810
4666,B,B-000003816
4667,A,A-000003811
4667,B,B-000003817
4668,A,A-000003812
4668,B,B-000003818
4669,A,A-000003813
4669,B,B-000003819
4670,A,A-000003814
4670,B,B-000003820
4671,A,A-000003815
4671,B,B-000003821
4672,A,A-000003816
4672,B,B-000003822
4673,A,A-000003817
4673,B,B-000003823
4674,A,A-000003818
4674,B,B-000003824
4675,A,A-000003819
4675,B,B-000003825
4676,A,A-000003820
4676,B,B-000003826
4677,A,A-000003821
4677,B,B-000003827
4678,A,A-000003822
4678,B,B-000003828
4680,A,A-000003823
4680,B,B-000003829
4681,A,A-000003824
4681,B,B-000003830
4682,A,A-000003825
4682,B,B-000003831
4683,A,A-000003826
4683,B,B-000003832
4684,A,A-000003827
4684,B,B-000003833
4685,A,A-000003828
4685,B,B-000003834
4686,A,A-000003829
4686,B,B-000003835
4687,A,A-000003830
4687,B,B-000003836
4688,A,A-000003831
4688,B,B-000003837
4689,A,A-000003832
4689,B,B-000003838
4690,A,A-000003833
4690,B,B-000003839
4691,A,A-000003834
4691,B,B-000003840
4692,A,A-000003835
4692,B,B-000003841
4693,A,A-000003836
4693,B,B-000003842
4694,A,A-000003837
4694,B,B-000003843
4696,A,A-000003838
4696,B,B-000003844
4697,A,A-000003839
4697,B,B-000003845
4698,A,A-000003840
4698,B,B-000003846
4699,A,A-000003841
4699,B,B-000003847
4700,A,A-000003842
4700,B,B-000003848
4703,A,A-000003843
4703,B,B-000003849
4704,A,A-000003844
4704,B,B-000003850
4705,A,A-000003845
4705,B,B-000003851
4706,A,A-000003846
4706,B,B-000003852
4708,A,A-000003847
4708,B,B-000003853
4710,A,A-000003848
4710,B,B-000003854
4711,A,A-000003849
4711,B,B-000003855
4713,A,A-000003850
4713,B,B-000003856
4714,A,A-000003851
4714,B,B-000003857
4715,A,A-000003852
4715,B,B-000003858
4716,A,A-000003853
4716,B,B-000003859
4718,A,A-000003854
4718,B,B-000003860
4719,A,A-000003855
4719,B,B-000003861
4721,A,A-000003856
4721,B,B-000003862
4723,A,A-000003857
4723,B,B-000003863
4724,A,A-000003858
4724,B,B-000003864
4725,A,A-000003859
4725,B,B-000003865
4726,A,A-000003860
4726,B,B-000003866
4727,A,A-000003861
4727,B,B-000003867
4728,A,A-000003862
4728,B,B-000003868
4729,A,A-000003863
4729,B,B-000003869
4730,A,A-000003864
4730,B,B-000003870
4732,A,A-000003865
4732,B,B-000003871
4733,A,A-000003866
4733,B,B-000003872
4734,A,A-000003867
4734,B,B-000003873
4735,A,A-000003868
4735,B,B-000003874
4736,A,A-000003869
4736,B,B-000003875
4738,A,A-000003870
4738,B,B-000003876
4740,A,A-000003871
4740,B,B-000003877
4741,A,A-000003872
4741,B,B-000003878
4742,A,A-000003873
4742,B,B-000003879
4743,A,A-000003874
4743,B,B-000003880
4744,A,A-000003875
4744,B,B-000003881
4745,A,A-000003876
4745,B,B-000003882
4746,A,A-000003877
4746,B,B-000003883
4747,A,A-000003878
4747,B,B-000003884
4748,A,A-000003879
4748,B,B-000003885
4749,A,A-000003880
4749,B,B-000003886
4751,A,A-000003881
4751,B,B-000003887
4752,A,A-000003882
4752,B,B-000003888
4753,A,A-000003883
4753,B,B-000003889
4754,A,A-000003884
4754,B,B-000003890
4755,A,A-000003885
4755,B,B-000003891
4756,A,A-000003886
4756,B,B-000003892
4757,A,A-000003887
4757,B,B-000003893
4758,A,A-000003888
4758,B,B-000003894
4759,A,A-000003889
4759,B,B-000003895
4760,A,A-000003890
4760,B,B-000003896
4761,A,A-000003891
4761,B,B-000003897
4762,A,A-000003892
4762,B,B-000003898
4763,A,A-000003893
4763,B,B-000003899
4764,A,A-000003894
4764,B,B-000003900
4765,A,A-000003895
4765,B,B-000003901
4766,A,A-000003896
4766,B,B-000003902
4768,A,A-000003897
4768,B,B-000003903
4769,A,A-000003898
4769,B,B-000003904
4770,A,A-000003899
4770,B,B-000003905
4771,A,A-000003900
4771,B,B-000003906
4772,A,A-000003901
4772,B,B-000003907
4773,A,A-000003902
4773,B,B-000003908
4774,A,A-000003903
4774,B,B-000003909
4775,A,A-000003904
4775,B,B-000003910
4777,A,A-000003905
4777,B,B-000003911
4780,A,A-000003906
4780,B,B-000003912
4781,A,A-000003907
4781,B,B-000003913
4783,A,A-000003908
4783,B,B-000003914
4784,A,A-000003909
4784,B,B-000003915
4785,A,A-000003910
4785,B,B-000003916
4787,A,A-000003911
4787,B,B-000003917
4789,A,A-000003912
4789,B,B-000003918
4790,A,A-000003913
4790,B,B-000003919
4792,A,A-000003914
4792,B,B-000003920
4793,A,A-000003915
4793,B,B-000003921
4794,A,A-000003916
4794,B,B-000003922
4796,A,A-000003917
4796,B,B-000003923
4798,A,A-000003918
4798,B,B-000003924
4799,A,A-000003919
4799,B,B-000003925
4800,A,A-000003920
4800,B,B-000003926
4801,A,A-000003921
4801,B,B-000003927
4802,A,A-000003922
4802,B,B-000003928
4804,A,A-000003923
4804,B,B-000003929
4805,A,A-000003924
4805,B,B-000003930
4807,A,A-000003925
4807,B,B-000003931
4808,A,A-000003926
4808,B,B-000003932
4809,A,A-000003927
4809,B,B-000003933
4810,A,A-000003928
4810,B,B-000003934
4811,A,A-000003929
4811,B,B-000003935
4812,A,A-000003930
4812,B,B-000003936
4813,A,A-000003931
4813,B,B-000003937
4814,A,A-000003932
4814,B,B-000003938
4815,A,A-000003933
4815,B,B-000003939
4816,A,A-000003934
4816,B,B-000003940
4817,A,A-000003935
4817,B,B-000003941
4818,A,A-000003936
4818,B,B-000003942
4819,A,A-000003937
4819,B,B-000003943
4820,A,A-000003938
4820,B,B-000003944
4821,A,A-000003939
4821,B,B-000003945
4822,A,A-000003940
4822,B,B-000003946
4823,A,A-000003941
4823,B,B-000003947
4824,A,A-000003942
4824,B,B-000003948
4825,A,A-000003943
4825,B,B-000003949
4826,A,A-000003944
4826,B,B-000003950
4827,A,A-000003945
4827,B,B-000003951
4828,A,A-000003946
4828,B,B-000003952
4830,A,A-000003947
4830,B,B-000003953
4831,A,A-000003948
4831,B,B-000003954
4832,A,A-000003949
4832,B,B-000003955
4833,A,A-000003950
4833,B,B-000003956
4834,A,A-000003951
4834,B,B-000003957
4835,A,A-000003952
4835,B,B-000003958
4836,A,A-000003953
4836,B,B-000003959
4837,A,A-000003954
4837,B,B-000003960
4838,A,A-000003955
4838,B,B-000003961
4839,A,A-000003956
4839,B,B-000003962
4840,A,A-000003957
4840,B,B-000003963
4841,A,A-000003958
4841,B,B-000003964
4843,A,A-000003959
4843,B,B-000003965
4845,A,A-000003960
4845,B,B-000003966
4846,A,A-000003961
4846,B,B-000003967
4848,A,A-000003962
4848,B,B-000003968
4849,A,A-000003963
4849,B,B-000003969
4850,A,A-000003964
4850,B,B-000003970
4851,A,A-000003965
4851,B,B-000003971
4852,A,A-000003966
4852,B,B-000003972
4853,A,A-000003967
4853,B,B-000003973
4854,A,A-000003968
4854,B,B-000003974
4856,A,A-000003969
4856,B,B-000003975
4859,A,A-000003970
4859,B,B-000003976
4860,A,A-000003971
4860,B,B-000003977
4861,A,A-000003972
4861,B,B-000003978
4862,A,A-000003973
4862,B,B-000003979
4863,A,A-000003974
4863,B,B-000003980
4864,A,A-000003975
4864,B,B-000003981
4866,A,A-000003976
4866,B,B-000003982
4867,A,A-000003977
4867,B,B-000003983
4868,A,A-000003978
4868,B,B-000003984
4869,A,A-000003979
4869,B,B-000003985
4870,A,A-000003980
4870,B,B-000003986
4871,A,A-000003981
4871,B,B-000003987
4872,A,A-000003982
4872,B,B-000003988
4873,A,A-000003983
4873,B,B-000003989
4874,A,A-000003984
4874,B,B-000003990
4875,A,A-000003985
4875,B,B-000003991
4876,A,A-000003986
4876,B,B-000003992
4877,A,A-000003987
4877,B,B-000003993
4879,A,A-000003988
4879,B,B-000003994
4880,A,A-000003989
4880,B,B-000003995
4882,A,A-000003990
4882,B,B-000003996
4883,A,A-000003991
4883,B,B-000003997
4884,A,A-000003992
4884,B,B-000003998
4885,A,A-000003993
4885,B,B-000003999
4887,A,A-000003994
4887,B,B-000004000
4890,A,A-000003995
4890,B,B-000004001
4892,A,A-000003996
4892,B,B-000004002
4893,A,A-000003997
4893,B,B-000004003
4894,A,A-000003998
4894,B,B-000004004
4895,A,A-000003999
4895,B,B-000004005
4896,A,A-000004000
4896,B,B-000004006
4897,A,A-000004001
4897,B,B-000004007
4898,A,A-000004002
4898,B,B-000004008
4899,A,A-000004003
4899,B,B-000004009
4900,A,A-000004004
4900,B,B-000004010
4901,A,A-000004005
4901,B,B-000004011
4902,A,A-000004006
4902,B,B-000004012
4903,A,A-000004007
4903,B,B-000004013
4904,A,A-000004008
4904,B,B-000004014
4905,A,A-000004009
4905,B,B-000004015
4906,A,A-000004010
4906,B,B-000004016
4907,A,A-000004011
4907,B,B-000004017
4908,A,A-000004012
4908,B,B-000004018
4910,A,A-000004013
4910,B,B-000004019
4911,A,A-000004014
4911,B,B-000004020
4912,A,A-000004015
4912,B,B-000004021
4914,A,A-000004016
4914,B,B-000004022
4915,A,A-000004017
4915,B,B-000004023
4916,A,A-000004018
4916,B,B-000004024
4917,A,A-000004019
4917,B,B-000004025
4920,A,A-000004020
4920,B,B-000004026
4921,A,A-000004021
4921,B,B-000004027
4922,A,A-000004022
4922,B,B-000004028
4925,A,A-000004023
4925,B,B-000004029
4926,A,A-000004024
4926,B,B-000004030
4927,A,A-000004025
4927,B,B-000004031
4929,A,A-000004026
4929,B,B-000004032
4930,A,A-000004027
4930,B,B-000004033
4932,A,A-000004028
4932,B,B-000004034
4933,A,A-000004029
4933,B,B-000004035
4934,A,A-000004030
4934,B,B-000004036
4935,A,A-000004031
4935,B,B-000004037
4936,A,A-000004032
4936,B,B-000004038
4937,A,A-000004033
4937,B,B-000004039
4939,A,A-000004034
4939,B,B-000004040
4940,A,A-000004035
4940,B,B-000004041
4942,A,A-000004036
4942,B,B-000004042
4943,A,A-000004037
4943,B,B-000004043
4944,A,A-000004038
4944,B,B-000004044
4946,A,A-000004039
4946,B,B-000004045
4947,A,A-000004040
4947,B,B-000004046
4948,A,A-000004041
4948,B,B-000004047
4949,A,A-000004042
4949,B,B-000004048
4950,A,A-000004043
4950,B,B-000004049
4951,A,A-000004044
4951,B,B-000004050
4952,A,A-000004045
4952,B,B-000004051
4953,A,A-000004046
4953,B,B-000004052
4954,A,A-000004047
4954,B,B-000004053
4955,A,A-000004048
4955,B,B-000004054
4956,A,A-000004049
4956,B,B-000004055
4957,A,A-000004050
4957,B,B-000004056
4958,A,A-000004051
4958,B,B-000004057
4961,A,A-000004052
4961,B,B-000004058
4962,A,A-000004053
4962,B,B-000004059
4963,A,A-000004054
4963,B,B-000004060
4964,A,A-000004055
4964,B,B-000004061
4965,A,A-000004056
4965,B,B-000004062
4968,A,A-000004057
4968,B,B-000004063
4969,A,A-000004058
4969,B,B-000004064
4970,A,A-000004059
4970,B,B-000004065
4971,A,A-000004060
4971,B,B-000004066
4973,A,A-000004061
4973,B,B-000004067
4977,A,A-000004062
4977,B,B-000004068
4979,A,A-000004063
4979,B,B-000004069
4980,A,A-000004064
4980,B,B-000004070
4981,A,A-000004065
4981,B,B-000004071
4982,A,A-000004066
4982,B,B-000004072
4983,A,A-000004067
4983,B,B-000004073
4984,A,A-000004068
4984,B,B-000004074
4985,A,A-000004069
4985,B,B-000004075
4986,A,A-000004070
4986,B,B-000004076
4987,A,A-000004071
4987,B,B-000004077
4988,A,A-000004072
4988,B,B-000004078
4989,A,A-000004073
4989,B,B-000004079
4991,A,A-000004074
4991,B,B-000004080
4993,A,A-000004075
4993,B,B-000004081
4995,A,A-000004076
4995,B,B-000004082
4996,A,A-000004077
4996,B,B-000004083
4997,A,A-000004078
4997,B,B-000004084
4999,A,A-000004079
4999,B,B-000004085
5000,A,A-000004080
5000,B,B-000004086
5001,A,A-000004081
5001,B,B-000004087
5004,A,A-000004082
5004,B,B-000004088
5005,A,A-000004083
5005,B,B-000004089
5006,A,A-000004084
5006,B,B-000004090
5007,A,A-000004085
5007,B,B-000004091
5008,A,A-000004086
5008,B,B-000004092
5009,A,A-000004087
5009,B,B-000004093
5010,A,A-000004088
5010,B,B-000004094
5011,A,A-000004089
5011,B,B-000004095
5012,A,A-000004090
5012,B,B-000004096
5013,A,A-000004091
5013,B,B-000004097
5014,A,A-000004092
5014,B,B-000004098
5015,A,A-000004093
5015,B,B-000004099
5017,A,A-000004094
5017,B,B-000004100
5018,A,A-000004095
5018,B,B-000004101
5019,A,A-000004096
5019,B,B-000004102
5020,A,A-000004097
5020,B,B-000004103
5021,A,A-000004098
5021,B,B-000004104
5022,A,A-000004099
5022,B,B-000004105
5023,A,A-000004100
5023,B,B-000004106
5024,A,A-000004101
5024,B,B-000004107
5025,A,A-000004102
5025,B,B-000004108
5027,A,A-000004103
5027,B,B-000004109
5028,A,A-000004104
5028,B,B-000004110
5029,A,A-000004105
5029,B,B-000004111
5030,A,A-000004106
5030,B,B-000004112
5031,A,A-000004107
5031,B,B-000004113
5034,A,A-000004108
5034,B,B-000004114
5036,A,A-000004109
5036,B,B-000004115
5037,A,A-000004110
5037,B,B-000004116
5038,A,A-000004111
5038,B,B-000004117
5039,A,A-000004112
5039,B,B-000004118
5040,A,A-000004113
5040,B,B-000004119
5041,A,A-000004114
5041,B,B-000004120
5042,A,A-000004115
5042,B,B-000004121
5043,A,A-000004116
5043,B,B-000004122
5046,A,A-000004117
5046,B,B-000004123
5047,A,A-000004118
5047,B,B-000004124
5048,A,A-000004119
5048,B,B-000004125
5049,A,A-000004120
5049,B,B-000004126
5050,A,A-000004121
5050,B,B-000004127
5051,A,A-000004122
5051,B,B-000004128
5052,A,A-000004123
5052,B,B-000004129
5053,A,A-000004124
5053,B,B-000004130
5054,A,A-000004125
5054,B,B-000004131
5056,A,A-000004126
5056,B,B-000004132
5057,A,A-000004127
5057,B,B-000004133
5058,A,A-000004128
5058,B,B-000004134
5059,A,A-000004129
5059,B,B-000004135
5060,A,A-000004130
5060,B,B-000004136
5061,A,A-000004131
5061,B,B-000004137
5063,A,A-000004132
5063,B,B-000004138
5064,A,A-000004133
5064,B,B-000004139
5065,A,A-000004134
5065,B,B-000004140
5066,A,A-000004135
5066,B,B-000004141
5067,A,A-000004136
5067,B,B-000004142
5068,A,A-000004137
5068,B,B-000004143
5072,A,A-000004138
5072,B,B-000004144
5073,A,A-000004139
5073,B,B-000004145
5074,A,A-000004140
5074,B,B-000004146
5075,A,A-000004141
5075,B,B-000004147
5076,A,A-000004142
5076,B,B-000004148
5078,A,A-000004143
5078,B,B-000004149
5079,A,A-000004144
5079,B,B-000004150
5080,A,A-000004145
5080,B,B-000004151
5083,A,A-000004146
5083,B,B-000004152
5084,A,A-000004147
5084,B,B-000004153
5085,A,A-000004148
5085,B,B-000004154
5086,A,A-000004149
5086,B,B-000004155
5088,A,A-000004150
5088,B,B-000004156
5089,A,A-000004151
5089,B,B-000004157
5092,A,A-000004152
5092,B,B-000004158
5093,A,A-000004153
5093,B,B-000004159
5096,A,A-000004154
5096,B,B-000004160
5097,A,A-000004155
5097,B,B-000004161
5098,A,A-000004156
5098,B,B-000004162
5099,A,A-000004157
5099,B,B-000004163
5100,A,A-000004158
5100,B,B-000004164
5101,A,A-000004159
5101,B,B-000004165
5102,A,A-000004160
5102,B,B-000004166
5103,A,A-000004161
5103,B,B-000004167
5104,A,A-000004162
5104,B,B-000004168
5105,A,A-000004163
5105,B,B-000004169
5107,A,A-000004164
5107,B,B-000004170
5108,A,A-000004165
5108,B,B-000004171
5109,A,A-000004166
5109,B,B-000004172
5110,A,A-000004167
5110,B,B-000004173
5111,A,A-000004168
5111,B,B-000004174
5112,A,A-000004169
5112,B,B-000004175
5113,A,A-000004170
5113,B,B-000004176
5114,A,A-000004171
5114,B,B-000004177
5115,A,A-000004172
5115,B,B-000004178
5116,A,A-000004173
5116,B,B-000004179
5118,A,A-000004174
5118,B,B-000004180
5119,A,A-000004175
5119,B,B-000004181
5120,A,A-000004176
5120,B,B-000004182
5121,A,A-000004177
5121,B,B-000004183
5122,A,A-000004178
5122,B,B-000004184
5123,A,A-000004179
5123,B,B-000004185
5124,A,A-000004180
5124,B,B-000004186
5125,A,A-000004181
5125,B,B-000004187
5126,A,A-000004182
5126,B,B-000004188
5127,A,A-000004183
5127,B,B-000004189
5128,A,A-000004184
5128,B,B-000004190
5129,A,A-000004185
5129,B,B-000004191
5130,A,A-000004186
5130,B,B-000004192
5131,A,A-000004187
5131,B,B-000004193
5132,A,A-000004188
5132,B,B-000004194
5135,A,A-000004189
5135,B,B-000004195
5136,A,A-000004190
5136,B,B-000004196
5137,A,A-000004191
5137,B,B-000004197
5139,A,A-000004192
5139,B,B-000004198
5140,A,A-000004193
5140,B,B-000004199
5141,A,A-000004194
5141,B,B-000004200
5142,A,A-000004195
5142,B,B-000004201
5143,A,A-000004196
5143,B,B-000004202
5144,A,A-000004197
5144,B,B-000004203
5145,A,A-000004198
5145,B,B-000004204
5146,A,A-000004199
5146,B,B-000004205
5147,A,A-000004200
5147,B,B-000004206
5148,A,A-000004201
5148,B,B-000004207
5149,A,A-000004202
5149,B,B-000004208
5152,A,A-000004203
5152,B,B-000004209
5153,A,A-000004204
5153,B,B-000004210
5155,A,A-000004205
5155,B,B-000004211
5158,A,A-000004206
5158,B,B-000004212
5159,A,A-000004207
5159,B,B-000004213
5160,A,A-000004208
5160,B,B-000004214
5161,A,A-000004209
5161,B,B-000004215
5162,A,A-000004210
5162,B,B-000004216
5163,A,A-000004211
5163,B,B-000004217
5164,A,A-000004212
5164,B,B-000004218
5165,A,A-000004213
5165,B,B-000004219
5167,A,A-000004214
5167,B,B-000004220
5169,A,A-000004215
5169,B,B-000004221
5170,A,A-000004216
5170,B,B-000004222
5171,A,A-000004217
5171,B,B-000004223
5172,A,A-000004218
5172,B,B-000004224
5173,A,A-000004219
5173,B,B-000004225
5174,A,A-000004220
5174,B,B-000004226
5175,A,A-000004221
5175,B,B-000004227
5176,A,A-000004222
5176,B,B-000004228
5177,A,A-000004223
5177,B,B-000004229
5179,A,A-000004224
5179,B,B-000004230
5180,A,A-000004225
5180,B,B-000004231
5182,A,A-000004226
5182,B,B-000004232
5183,A,A-000004227
5183,B,B-000004233
5184,A,A-000004228
5184,B,B-000004234
5185,A,A-000004229
5185,B,B-000004235
5186,A,A-000004230
5186,B,B-000004236
5187,A,A-000004231
5187,B,B-000004237
5188,A,A-000004232
5188,B,B-000004238
5189,A,A-000004233
5189,B,B-000004239
5190,A,A-000004234
5190,B,B-000004240
5191,A,A-000004235
5191,B,B-000004241
5192,A,A-000004236
5192,B,B-000004242
5194,A,A-000004237
5194,B,B-000004243
5195,A,A-000004238
5195,B,B-000004244
5196,A,A-000004239
5196,B,B-000004245
5197,A,A-000004240
5197,B,B-000004246
5198,A,A-000004241
5198,B,B-000004247
5199,A,A-000004242
5199,B,B-000004248
5200,A,A-000004243
5200,B,B-000004249
5202,A,A-000004244
5202,B,B-000004250
5203,A,A-000004245
5203,B,B-000004251
5204,A,A-000004246
5204,B,B-000004252
5205,A,A-000004247
5205,B,B-000004253
5206,A,A-000004248
5206,B,B-000004254
5207,A,A-000004249
5207,B,B-000004255
5208,A,A-000004250
5208,B,B-000004256
5209,A,A-000004251
5209,B,B-000004257
5210,A,A-000004252
5210,B,B-000004258
5211,A,A-000004253
5211,B,B-000004259
5212,A,A-000004254
5212,B,B-000004260
5213,A,A-000004255
5213,B,B-000004261
5214,A,A-000004256
5214,B,B-000004262
5216,A,A-000004257
5216,B,B-000004263
5217,A,A-000004258
5217,B,B-000004264
5218,A,A-000004259
5218,B,B-000004265
5219,A,A-000004260
5219,B,B-000004266
5221,A,A-000004261
5221,B,B-000004267
5224,A,A-000004262
5224,B,B-000004268
5225,A,A-000004263
5225,B,B-000004269
5226,A,A-000004264
5226,B,B-000004270
5227,A,A-000004265
5227,B,B-000004271
5231,A,A-000004266
5231,B,B-000004272
5232,A,A-000004267
5232,B,B-000004273
5233,A,A-000004268
5233,B,B-000004274
5235,A,A-000004269
5235,B,B-000004275
5236,A,A-000004270
5236,B,B-000004276
5237,A,A-000004271
5237,B,B-000004277
5238,A,A-000004272
5238,B,B-000004278
5239,A,A-000004273
5239,B,B-000004279
5240,A,A-000004274
5240,B,B-000004280
5241,A,A-000004275
5241,B,B-000004281
5243,A,A-000004276
5243,B,B-000004282
5244,A,A-000004277
5244,B,B-000004283
5245,A,A-000004278
5245,B,B-000004284
5246,A,A-000004279
5246,B,B-000004285
5247,A,A-000004280
5247,B,B-000004286
5248,A,A-000004281
5248,B,B-000004287
5249,A,A-000004282
5249,B,B-000004288
5250,A,A-000004283
5250,B,B-000004289
5251,A,A-000004284
5251,B,B-000004290
5253,A,A-000004285
5253,B,B-000004291
5254,A,A-000004286
5254,B,B-000004292
5255,A,A-000004287
5255,B,B-000004293
5256,A,A-000004288
5256,B,B-000004294
5257,A,A-000004289
5257,B,B-000004295
5258,A,A-000004290
5258,B,B-000004296
5260,A,A-000004291
5260,B,B-000004297
5261,A,A-000004292
5261,B,B-000004298
5262,A,A-000004293
5262,B,B-000004299
5263,A,A-000004294
5263,B,B-000004300
5264,A,A-000004295
5264,B,B-000004301
5265,A,A-000004296
5265,B,B-000004302
5266,A,A-000004297
5266,B,B-000004303
5267,A,A-000004298
5267,B,B-000004304
5268,A,A-000004299
5268,B,B-000004305
5269,A,A-000004300
5269,B,B-000004306
5270,A,A-000004301
5270,B,B-000004307
5271,A,A-000004302
5271,B,B-000004308
5272,A,A-000004303
5272,B,B-000004309
5273,A,A-000004304
5273,B,B-000004310
5275,A,A-000004305
5275,B,B-000004311
5276,A,A-000004306
5276,B,B-000004312
5277,A,A-000004307
5277,B,B-000004313
5278,A,A-000004308
5278,B,B-000004314
5279,A,A-000004309
5279,B,B-000004315
5280,A,A-000004310
5280,B,B-000004316
5281,A,A-000004311
5281,B,B-000004317
5282,A,A-000004312
5282,B,B-000004318
5283,A,A-000004313
5283,B,B-000004319
5284,A,A-000004314
5284,B,B-000004320
5286,A,A-000004315
5286,B,B-000004321
5287,A,A-000004316
5287,B,B-000004322
5288,A,A-000004317
5288,B,B-000004323
5289,A,A-000004318
5289,B,B-000004324
5291,A,A-000004319
5291,B,B-000004325
5292,A,A-000004320
5292,B,B-000004326
5293,A,A-000004321
5293,B,B-000004327
5294,A,A-000004322
5294,B,B-000004328
5295,A,A-000004323
5295,B,B-000004329
5296,A,A-000004324
5296,B,B-000004330
5297,A,A-000004325
5297,B,B-000004331
5298,A,A-000004326
5298,B,B-000004332
5299,A,A-000004327
5299,B,B-000004333
5300,A,A-000004328
5300,B,B-000004334
5301,A,A-000004329
5301,B,B-000004335
5302,A,A-000004330
5302,B,B-000004336
5304,A,A-000004331
5304,B,B-000004337
5306,A,A-000004332
5306,B,B-000004338
5307,A,A-000004333
5307,B,B-000004339
5308,A,A-000004334
5308,B,B-000004340
5309,A,A-000004335
5309,B,B-000004341
5310,A,A-000004336
5310,B,B-000004342
5311,A,A-000004337
5311,B,B-000004343
5312,A,A-000004338
5312,B,B-000004344
5314,A,A-000004339
5314,B,B-000004345
5315,A,A-000004340
5315,B,B-000004346
5317,A,A-000004341
5317,B,B-000004347
5318,A,A-000004342
5318,B,B-000004348
5319,A,A-000004343
5319,B,B-000004349
5320,A,A-000004344
5320,B,B-000004350
5321,A,A-000004345
5321,B,B-000004351
5323,A,A-000004346
5323,B,B-000004352
5324,A,A-000004347
5324,B,B-000004353
5325,A,A-000004348
5325,B,B-000004354
5326,A,A-000004349
5326,B,B-000004355
5327,A,A-000004350
5327,B,B-000004356
5328,A,A-000004351
5328,B,B-000004357
5330,A,A-000004352
5330,B,B-000004358
5332,A,A-000004353
5332,B,B-000004359
5333,A,A-000004354
5333,B,B-000004360
5334,A,A-000004355
5334,B,B-000004361
5335,A,A-000004356
5335,B,B-000004362
5336,A,A-000004357
5336,B,B-000004363
5337,A,A-000004358
5337,B,B-000004364
5338,A,A-000004359
5338,B,B-000004365
5339,A,A-000004360
5339,B,B-000004366
5340,A,A-000004361
5340,B,B-000004367
5341,A,A-000004362
5341,B,B-000004368
5343,A,A-000004363
5343,B,B-000004369
5344,A,A-000004364
5344,B,B-000004370
5345,A,A-000004365
5345,B,B-000004371
5346,A,A-000004366
5346,B,B-000004372
5347,A,A-000004367
5347,B,B-000004373
5348,A,A-000004368
5348,B,B-000004374
5349,A,A-000004369
5349,B,B-000004375
5350,A,A-000004370
5350,B,B-000004376
5351,A,A-000004371
5351,B,B-000004377
5352,A,A-000004372
5352,B,B-000004378
5353,A,A-000004373
5353,B,B-000004379
5354,A,A-000004374
5354,B,B-000004380
5355,A,A-000004375
5355,B,B-000004381
5356,A,A-000004376
5356,B,B-000004382
5357,A,A-000004377
5357,B,B-000004383
5359,A,A-000004378
5359,B,B-000004384
5360,A,A-000004379
5360,B,B-000004385
5362,A,A-000004380
5362,B,B-000004386
5363,A,A-000004381
5363,B,B-000004387
5364,A,A-000004382
5364,B,B-000004388
5365,A,A-000004383
5365,B,B-000004389
5367,A,A-000004384
5367,B,B-000004390
5368,A,A-000004385
5368,B,B-000004391
5371,A,A-000004386
5371,B,B-000004392
5372,A,A-000004387
5372,B,B-000004393
5373,A,A-000004388
5373,B,B-000004394
5374,A,A-000004389
5374,B,B-000004395
5375,A,A-000004390
5375,B,B-000004396
5376,A,A-000004391
5376,B,B-000004397
5377,A,A-000004392
5377,B,B-000004398
5378,A,A-000004393
5378,B,B-000004399
5380,A,A-000004394
5380,B,B-000004400
5381,A,A-000004395
5381,B,B-000004401
5382,A,A-000004396
5382,B,B-000004402
5383,A,A-000004397
5383,B,B-000004403
5384,A,A-000004398
5384,B,B-000004404
5385,A,A-000004399
5385,B,B-000004405
5386,A,A-000004400
5386,B,B-000004406
5387,A,A-000004401
5387,B,B-000004407
5388,A,A-000004402
5388,B,B-000004408
5389,A,A-000004403
5389,B,B-000004409
5390,A,A-000004404
5390,B,B-000004410
5391,A,A-000004405
5391,B,B-000004411
5392,A,A-000004406
5392,B,B-000004412
5393,A,A-000004407
5393,B,B-000004413
5397,A,A-000004408
5397,B,B-000004414
5398,A,A-000004409
5398,B,B-000004415
5399,A,A-000004410
5399,B,B-000004416
5400,A,A-000004411
5400,B,B-000004417
5401,A,A-000004412
5401,B,B-000004418
5403,A,A-000004413
5403,B,B-000004419
5404,A,A-000004414
5404,B,B-000004420
5405,A,A-000004415
5405,B,B-000004421
5406,A,A-000004416
5406,B,B-000004422
5408,A,A-000004417
5408,B,B-000004423
5409,A,A-000004418
5409,B,B-000004424
5410,A,A-000004419
5410,B,B-000004425
5411,A,A-000004420
5411,B,B-000004426
5412,A,A-000004421
5412,B,B-000004427
5413,A,A-000004422
5413,B,B-000004428
5414,A,A-000004423
5414,B,B-000004429
5415,A,A-000004424
5415,B,B-000004430
5416,A,A-000004425
5416,B,B-000004431
5418,A,A-000004426
5418,B,B-000004432
5419,A,A-000004427
5419,B,B-000004433
5422,A,A-000004428
5422,B,B-000004434
5423,A,A-000004429
5423,B,B-000004435
5424,A,A-000004430
5424,B,B-000004436
5426,A,A-000004431
5426,B,B-000004437
5428,A,A-000004432
5428,B,B-000004438
5429,A,A-000004433
5429,B,B-000004439
5430,A,A-000004434
5430,B,B-000004440
5431,A,A-000004435
5431,B,B-000004441
5432,A,A-000004436
5432,B,B-000004442
5434,A,A-000004437
5434,B,B-000004443
5436,A,A-000004438
5436,B,B-000004444
5437,A,A-000004439
5437,B,B-000004445
5438,A,A-000004440
5438,B,B-000004446
5439,A,A-000004441
5439,B,B-000004447
5440,A,A-000004442
5440,B,B-000004448
5441,A,A-000004443
5441,B,B-000004449
5444,A,A-000004444
5444,B,B-000004450
5445,A,A-000004445
5445,B,B-000004451
5447,A,A-000004446
5447,B,B-000004452
5448,A,A-000004447
5448,B,B-000004453
5449,A,A-000004448
5449,B,B-000004454
5451,A,A-000004449
5451,B,B-000004455
5452,A,A-000004450
5452,B,B-000004456
5453,A,A-000004451
5453,B,B-000004457
5454,A,A-000004452
5454,B,B-000004458
5455,A,A-000004453
5455,B,B-000004459
5457,A,A-000004454
5457,B,B-000004460
5459,A,A-000004455
5459,B,B-000004461
5460,A,A-000004456
5460,B,B-000004462
5462,A,A-000004457
5462,B,B-000004463
5466,A,A-000004458
5466,B,B-000004464
5468,A,A-000004459
5468,B,B-000004465
5469,A,A-000004460
5469,B,B-000004466
5470,A,A-000004461
5470,B,B-000004467
5471,A,A-000004462
5471,B,B-000004468
5472,A,A-000004463
5472,B,B-000004469
5473,A,A-000004464
5473,B,B-000004470
5475,A,A-000004465
5475,B,B-000004471
5478,A,A-000004466
5478,B,B-000004472
5479,A,A-000004467
5479,B,B-000004473
5480,A,A-000004468
5480,B,B-000004474
5481,A,A-000004469
5481,B,B-000004475
5482,A,A-000004470
5482,B,B-000004476
5484,A,A-000004471
5484,B,B-000004477
5485,A,A-000004472
5485,B,B-000004478
5486,A,A-000004473
5486,B,B-000004479
5487,A,A-000004474
5487,B,B-000004480
5489,A,A-000004475
5489,B,B-000004481
5490,A,A-000004476
5490,B,B-000004482
5492,A,A-000004477
5492,B,B-000004483
5493,A,A-000004478
5493,B,B-000004484
5494,A,A-000004479
5494,B,B-000004485
5498,A,A-000004480
5498,B,B-000004486
5499,A,A-000004481
5499,B,B-000004487
5501,A,A-000004482
5501,B,B-000004488
5502,A,A-000004483
5502,B,B-000004489
5503,A,A-000004484
5503,B,B-000004490
5504,A,A-000004485
5504,B,B-000004491
5505,A,A-000004486
5505,B,B-000004492
5506,A,A-000004487
5506,B,B-000004493
5507,A,A-000004488
5507,B,B-000004494
5508,A,A-000004489
5508,B,B-000004495
5509,A,A-000004490
5509,B,B-000004496
5510,A,A-000004491
5510,B,B-000004497
5511,A,A-000004492
5511,B,B-000004498
5512,A,A-000004493
5512,B,B-000004499
5513,A,A-000004494
5513,B,B-000004500
5515,A,A-000004495
5515,B,B-000004501
5516,A,A-000004496
5516,B,B-000004502
5517,A,A-000004497
5517,B,B-000004503
5518,A,A-000004498
5518,B,B-000004504
5519,A,A-000004499
5519,B,B-000004505
5520,A,A-000004500
5520,B,B-000004506
5521,A,A-000004501
5521,B,B-000004507
5522,A,A-000004502
5522,B,B-000004508
5523,A,A-000004503
5523,B,B-000004509
5525,A,A-000004504
5525,B,B-000004510
5526,A,A-000004505
5526,B,B-000004511
5527,A,A-000004506
5527,B,B-000004512
5529,A,A-000004507
5529,B,B-000004513
5530,A,A-000004508
5530,B,B-000004514
5531,A,A-000004509
5531,B,B-000004515
5532,A,A-000004510
5532,B,B-000004516
5533,A,A-000004511
5533,B,B-000004517
5535,A,A-000004512
5535,B,B-000004518
5536,A,A-000004513
5536,B,B-000004519
5537,A,A-000004514
5537,B,B-000004520
5538,A,A-000004515
5538,B,B-000004521
5539,A,A-000004516
5539,B,B-000004522
5540,A,A-000004517
5540,B,B-000004523
5541,A,A-000004518
5541,B,B-000004524
5542,A,A-000004519
5542,B,B-000004525
5543,A,A-000004520
5543,B,B-000004526
5544,A,A-000004521
5544,B,B-000004527
5545,A,A-000004522
5545,B,B-000004528
5546,A,A-000004523
5546,B,B-000004529
5547,A,A-000004524
5547,B,B-000004530
5548,A,A-000004525
5548,B,B-000004531
5549,A,A-000004526
5549,B,B-000004532
5550,A,A-000004527
5550,B,B-000004533
5551,A,A-000004528
5551,B,B-000004534
5552,A,A-000004529
5552,B,B-000004535
5553,A,A-000004530
5553,B,B-000004536
5554,A,A-000004531
5554,B,B-000004537
5555,A,A-000004532
5555,B,B-000004538
5556,A,A-000004533
5556,B,B-000004539
5557,A,A-000004534
5557,B,B-000004540
5558,A,A-000004535
5558,B,B-000004541
5559,A,A-000004536
5559,B,B-000004542
5560,A,A-000004537
5560,B,B-000004543
5561,A,A-000004538
5561,B,B-000004544
5562,A,A-000004539
5562,B,B-000004545
5563,A,A-000004540
5563,B,B-000004546
5565,A,A-000004541
5565,B,B-000004547
5566,A,A-000004542
5566,B,B-000004548
5567,A,A-000004543
5567,B,B-000004549
5568,A,A-000004544
5568,B,B-000004550
5569,A,A-000004545
5569,B,B-000004551
5570,A,A-000004546
5570,B,B-000004552
5571,A,A-000004547
5571,B,B-000004553
5572,A,A-000004548
5572,B,B-000004554
5575,A,A-000004549
5575,B,B-000004555
5577,A,A-000004550
5577,B,B-000004556
5580,A,A-000004551
5580,B,B-000004557
5581,A,A-000004552
5581,B,B-000004558
5582,A,A-000004553
5582,B,B-000004559
5583,A,A-000004554
5583,B,B-000004560
5585,A,A-000004555
5585,B,B-000004561
5586,A,A-000004556
5586,B,B-000004562
5587,A,A-000004557
5587,B,B-000004563
5588,A,A-000004558
5588,B,B-000004564
5589,A,A-000004559
5589,B,B-000004565
5590,A,A-000004560
5590,B,B-000004566
5591,A,A-000004561
5591,B,B-000004567
5592,A,A-000004562
5592,B,B-000004568
5593,A,A-000004563
5593,B,B-000004569
5594,A,A-000004564
5594,B,B-000004570
5595,A,A-000004565
5595,B,B-000004571
5596,A,A-000004566
5596,B,B-000004572
5597,A,A-000004567
5597,B,B-000004573
5598,A,A-000004568
5598,B,B-000004574
5599,A,A-000004569
5599,B,B-000004575
5601,A,A-000004570
5601,B,B-000004576
5603,A,A-000004571
5603,B,B-000004577
5604,A,A-000004572
5604,B,B-000004578
5605,A,A-000004573
5605,B,B-000004579
5606,A,A-000004574
5606,B,B-000004580
5607,A,A-000004575
5607,B,B-000004581
5608,A,A-000004576
5608,B,B-000004582
5609,A,A-000004577
5609,B,B-000004583
5610,A,A-000004578
5610,B,B-000004584
5611,A,A-000004579
5611,B,B-000004585
5612,A,A-000004580
5612,B,B-000004586
5614,A,A-000004581
5614,B,B-000004587
5615,A,A-000004582
5615,B,B-000004588
5616,A,A-000004583
5616,B,B-000004589
5617,A,A-000004584
5617,B,B-000004590
5618,A,A-000004585
5618,B,B-000004591
5619,A,A-000004586
5619,B,B-000004592
5621,A,A-000004587
5621,B,B-000004593
5622,A,A-000004588
5622,B,B-000004594
5624,A,A-000004589
5624,B,B-000004595
5625,A,A-000004590
5625,B,B-000004596
5626,A,A-000004591
5626,B,B-000004597
5627,A,A-000004592
5627,B,B-000004598
5628,A,A-000004593
5628,B,B-000004599
5629,A,A-000004594
5629,B,B-000004600
5630,A,A-000004595
5630,B,B-000004601
5631,A,A-000004596
5631,B,B-000004602
5633,A,A-000004597
5633,B,B-000004603
5634,A,A-000004598
5634,B,B-000004604
5635,A,A-000004599
5635,B,B-000004605
5636,A,A-000004600
5636,B,B-000004606
5637,A,A-000004601
5637,B,B-000004607
5638,A,A-000004602
5638,B,B-000004608
5639,A,A-000004603
5639,B,B-000004609
5640,A,A-000004604
5640,B,B-000004610
5641,A,A-000004605
5641,B,B-000004611
5642,A,A-000004606
5642,B,B-000004612
5643,A,A-000004607
5643,B,B-000004613
5644,A,A-000004608
5644,B,B-000004614
5645,A,A-000004609
5645,B,B-000004615
5647,A,A-000004610
5647,B,B-000004616
5648,A,A-000004611
5648,B,B-000004617
5649,A,A-000004612
5649,B,B-000004618
5650,A,A-000004613
5650,B,B-000004619
5651,A,A-000004614
5651,B,B-000004620
5652,A,A-000004615
5652,B,B-000004621
5653,A,A-000004616
5653,B,B-000004622
5654,A,A-000004617
5654,B,B-000004623
5655,A,A-000004618
5655,B,B-000004624
5656,A,A-000004619
5656,B,B-000004625
5657,A,A-000004620
5657,B,B-000004626
5658,A,A-000004621
5658,B,B-000004627
5659,A,A-000004622
5659,B,B-000004628
5660,A,A-000004623
5660,B,B-000004629
5661,A,A-000004624
5661,B,B-000004630
5662,A,A-000004625
5662,B,B-000004631
5663,A,A-000004626
5663,B,B-000004632
5664,A,A-000004627
5664,B,B-000004633
5665,A,A-000004628
5665,B,B-000004634
5666,A,A-000004629
5666,B,B-000004635
5667,A,A-000004630
5667,B,B-000004636
5668,A,A-000004631
5668,B,B-000004637
5669,A,A-000004632
5669,B,B-000004638
5670,A,A-000004633
5670,B,B-000004639
5671,A,A-000004634
5671,B,B-000004640
5672,A,A-000004635
5672,B,B-000004641
5673,A,A-000004636
5673,B,B-000004642
5674,A,A-000004637
5674,B,B-000004643
5675,A,A-000004638
5675,B,B-000004644
5677,A,A-000004639
5677,B,B-000004645
5680,A,A-000004640
5680,B,B-000004646
5681,A,A-000004641
5681,B,B-000004647
5683,A,A-000004642
5683,B,B-000004648
5684,A,A-000004643
5684,B,B-000004649
5685,A,A-000004644
5685,B,B-000004650
5686,A,A-000004645
5686,B,B-000004651
5687,A,A-000004646
5687,B,B-000004652
5689,A,A-000004647
5689,B,B-000004653
5690,B,B-000004654
5691,A,A-000004648
5691,B,B-000004655
5692,A,A-000004649
5692,B,B-000004656
5694,A,A-000004650
5694,B,B-000004657
5696,A,A-000004651
5696,B,B-000004658
5697,A,A-000004652
5697,B,B-000004659
5699,A,A-000004653
5699,B,B-000004660
5700,A,A-000004654
5700,B,B-000004661
5701,A,A-000004655
5701,B,B-000004662
5702,A,A-000004656
5702,B,B-000004663
5703,A,A-000004657
5703,B,B-000004664
5704,A,A-000004658
5704,B,B-000004665
5707,A,A-000004659
5707,B,B-000004666
5709,A,A-000004660
5709,B,B-000004667
5711,A,A-000004661
5711,B,B-000004668
5712,A,A-000004662
5712,B,B-000004669
5713,A,A-000004663
5713,B,B-000004670
5714,A,A-000004664
5714,B,B-000004671
5715,A,A-000004665
5715,B,B-000004672
5716,A,A-000004666
5716,B,B-000004673
5717,A,A-000004667
5717,B,B-000004674
5718,A,A-000004668
5718,B,B-000004675
5719,A,A-000004669
5719,B,B-000004676
5720,A,A-000004670
5720,B,B-000004677
5723,A,A-000004671
5723,B,B-000004678
5724,A,A-000004672
5724,B,B-000004679
5725,A,A-000004673
5725,B,B-000004680
5726,A,A-000004674
5726,B,B-000004681
5728,A,A-000004675
5728,B,B-000004682
5729,A,A-000004676
5729,B,B-000004683
5730,A,A-000004677
5730,B,B-000004684
5731,A,A-000004678
5731,B,B-000004685
5733,A,A-000004679
5733,B,B-000004686
5734,A,A-000004680
5734,B,B-000004687
5735,A,A-000004681
5735,B,B-000004688
5736,A,A-000004682
5736,B,B-000004689
5738,A,A-000004683
5738,B,B-000004690
5739,A,A-000004684
5739,B,B-000004691
5740,A,A-000004685
5740,B,B-000004692
5741,A,A-000004686
5741,B,B-000004693
5742,A,A-000004687
5742,B,B-000004694
5743,A,A-000004688
5743,B,B-000004695
5744,A,A-000004689
5744,B,B-000004696
5745,A,A-000004690
5745,B,B-000004697
5746,A,A-000004691
5746,B,B-000004698
5748,A,A-000004692
5748,B,B-000004699
5749,A,A-000004693
5749,B,B-000004700
5750,A,A-000004694
5750,B,B-000004701
5754,A,A-000004695
5754,B,B-000004702
5755,A,A-000004696
5755,B,B-000004703
5757,A,A-000004697
5757,B,B-000004704
5759,A,A-000004698
5759,B,B-000004705
5760,A,A-000004699
5760,B,B-000004706
5762,A,A-000004700
5762,B,B-000004707
5763,A,A-000004701
5763,B,B-000004708
5764,A,A-000004702
5764,B,B-000004709
5765,A,A-000004703
5765,B,B-000004710
5767,A,A-000004704
5767,B,B-000004711
5769,A,A-000004705
5769,B,B-000004712
5770,A,A-000004706
5770,B,B-000004713
5771,A,A-000004707
5771,B,B-000004714
5772,A,A-000004708
5772,B,B-000004715
5773,A,A-000004709
5773,B,B-000004716
5774,A,A-000004710
5774,B,B-000004717
5775,A,A-000004711
5775,B,B-000004718
5776,A,A-000004712
5776,B,B-000004719
5777,A,A-000004713
5777,B,B-000004720
5778,A,A-000004714
5778,B,B-000004721
5781,A,A-000004715
5781,B,B-000004722
5782,A,A-000004716
5782,B,B-000004723
5784,A,A-000004717
5784,B,B-000004724
5785,A,A-000004718
5785,B,B-000004725
5786,A,A-000004719
5786,B,B-000004726
5787,A,A-000004720
5787,B,B-000004727
5788,A,A-000004721
5788,B,B-000004728
5789,A,A-000004722
5789,B,B-000004729
5791,A,A-000004723
5791,B,B-000004730
5792,A,A-000004724
5792,B,B-000004731
5793,A,A-000004725
5793,B,B-000004732
5794,A,A-000004726
5794,B,B-000004733
5795,A,A-000004727
5795,B,B-000004734
5796,A,A-000004728
5796,B,B-000004735
5797,A,A-000004729
5797,B,B-000004736
5798,A,A-000004730
5798,B,B-000004737
5799,A,A-000004731
5799,B,B-000004738
5800,A,A-000004732
5800,B,B-000004739
5801,A,A-000004733
5801,B,B-000004740
5802,A,A-000004734
5802,B,B-000004741
5804,A,A-000004735
5804,B,B-000004742
5805,A,A-000004736
5805,B,B-000004743
5806,A,A-000004737
5806,B,B-000004744
5807,A,A-000004738
5807,B,B-000004745
5809,A,A-000004739
5809,B,B-000004746
5810,A,A-000004740
5810,B,B-000004747
5811,A,A-000004741
5811,B,B-000004748
5812,A,A-000004742
5812,B,B-000004749
5813,A,A-000004743
5813,B,B-000004750
5815,A,A-000004744
5815,B,B-000004751
5816,A,A-000004745
5816,B,B-000004752
5817,A,A-000004746
5817,B,B-000004753
5818,A,A-000004747
5818,B,B-000004754
5819,A,A-000004748
5819,B,B-000004755
5820,A,A-000004749
5820,B,B-000004756
5821,A,A-000004750
5821,B,B-000004757
5824,A,A-000004751
5824,B,B-000004758
5825,A,A-000004752
5825,B,B-000004759
5826,A,A-000004753
5826,B,B-000004760
5827,A,A-000004754
5827,B,B-000004761
5829,A,A-000004755
5829,B,B-000004762
5830,A,A-000004756
5830,B,B-000004763
5833,A,A-000004757
5833,B,B-000004764
5835,A,A-000004758
5835,B,B-000004765
5837,A,A-000004759
5837,B,B-000004766
5838,A,A-000004760
5838,B,B-000004767
5839,A,A-000004761
5839,B,B-000004768
5840,A,A-000004762
5840,B,B-000004769
5844,A,A-000004763
5844,B,B-000004770
5845,A,A-000004764
5845,B,B-000004771
5846,A,A-000004765
5846,B,B-000004772
5847,A,A-000004766
5847,B,B-000004773
5848,A,A-000004767
5848,B,B-000004774
5849,A,A-000004768
5849,B,B-000004775
5850,A,A-000004769
5850,B,B-000004776
5851,A,A-000004770
5851,B,B-000004777
5852,A,A-000004771
5852,B,B-000004778
5853,A,A-000004772
5853,B,B-000004779
5854,A,A-000004773
5854,B,B-000004780
5855,A,A-000004774
5855,B,B-000004781
5856,A,A-000004775
5856,B,B-000004782
5858,A,A-000004776
5858,B,B-000004783
5859,A,A-000004777
5859,B,B-000004784
5860,A,A-000004778
5860,B,B-000004785
5862,A,A-000004779
5862,B,B-000004786
5863,A,A-000004780
5863,B,B-000004787
5864,A,A-000004781
5864,B,B-000004788
5865,A,A-000004782
5865,B,B-000004789
5866,A,A-000004783
5866,B,B-000004790
5867,A,A-000004784
5867,B,B-000004791
5868,A,A-000004785
5868,B,B-000004792
5869,A,A-000004786
5869,B,B-000004793
5870,A,A-000004787
5870,B,B-000004794
5871,A,A-000004788
5871,B,B-000004795
5873,A,A-000004789
5873,B,B-000004796
5874,A,A-000004790
5874,B,B-000004797
5875,A,A-000004791
5875,B,B-000004798
5876,A,A-000004792
5876,B,B-000004799
5877,A,A-000004793
5877,B,B-000004800
5878,A,A-000004794
5878,B,B-000004801
5879,A,A-000004795
5879,B,B-000004802
5880,A,A-000004796
5880,B,B-000004803
5881,A,A-000004797
5881,B,B-000004804
5882,A,A-000004798
5882,B,B-000004805
5883,A,A-000004799
5883,B,B-000004806
5884,A,A-000004800
5884,B,B-000004807
5885,A,A-000004801
5885,B,B-000004808
5886,A,A-000004802
5886,B,B-000004809
5888,A,A-000004803
5888,B,B-000004810
5889,A,A-000004804
5889,B,B-000004811
5891,A,A-000004805
5891,B,B-000004812
5893,A,A-000004806
5893,B,B-000004813
5894,A,A-000004807
5894,B,B-000004814
5895,A,A-000004808
5895,B,B-000004815
5896,A,A-000004809
5896,B,B-000004816
5897,A,A-000004810
5897,B,B-000004817
5898,A,A-000004811
5898,B,B-000004818
5899,A,A-000004812
5899,B,B-000004819
5900,A,A-000004813
5900,B,B-000004820
5901,A,A-000004814
5901,B,B-000004821
5902,A,A-000004815
5902,B,B-000004822
5903,A,A-000004816
5903,B,B-000004823
5904,A,A-000004817
5904,B,B-000004824
5905,A,A-000004818
5905,B,B-000004825
5906,A,A-000004819
5906,B,B-000004826
5907,A,A-000004820
5907,B,B-000004827
5908,A,A-000004821
5908,B,B-000004828
5909,A,A-000004822
5909,B,B-000004829
5910,A,A-000004823
5910,B,B-000004830
5911,A,A-000004824
5911,B,B-000004831
5913,A,A-000004825
5913,B,B-000004832
5915,A,A-000004826
5915,B,B-000004833
5917,A,A-000004827
5917,B,B-000004834
5918,A,A-000004828
5918,B,B-000004835
5919,A,A-000004829
5919,B,B-000004836
5921,A,A-000004830
5921,B,B-000004837
5922,A,A-000004831
5922,B,B-000004838
5924,A,A-000004832
5924,B,B-000004839
5925,A,A-000004833
5925,B,B-000004840
5926,A,A-000004834
5926,B,B-000004841
5927,A,A-000004835
5927,B,B-000004842
5928,A,A-000004836
5928,B,B-000004843
5929,A,A-000004837
5929,B,B-000004844
5931,A,A-000004838
5931,B,B-000004845
5932,A,A-000004839
5932,B,B-000004846
5933,A,A-000004840
5933,B,B-000004847
5934,A,A-000004841
5934,B,B-000004848
5935,A,A-000004842
5935,B,B-000004849
5936,A,A-000004843
5936,B,B-000004850
5937,A,A-000004844
5937,B,B-000004851
5938,A,A-000004845
5938,B,B-000004852
5939,A,A-000004846
5939,B,B-000004853
5940,A,A-000004847
5940,B,B-000004854
5941,A,A-000004848
5941,B,B-000004855
5944,A,A-000004849
5944,B,B-000004856
5945,A,A-000004850
5945,B,B-000004857
5946,A,A-000004851
5946,B,B-000004858
5947,A,A-000004852
5947,B,B-000004859
5948,A,A-000004853
5948,B,B-000004860
5949,A,A-000004854
5949,B,B-000004861
5950,A,A-000004855
5950,B,B-000004862
5952,A,A-000004856
5952,B,B-000004863
5953,A,A-000004857
5953,B,B-000004864
5954,A,A-000004858
5954,B,B-000004865
5957,A,A-000004859
5957,B,B-000004866
5958,A,A-000004860
5958,B,B-000004867
5960,A,A-000004861
5960,B,B-000004868
5961,A,A-000004862
5961,B,B-000004869
5962,A,A-000004863
5962,B,B-000004870
5963,A,A-000004864
5963,B,B-000004871
5965,A,A-000004865
5965,B,B-000004872
5966,A,A-000004866
5966,B,B-000004873
5967,A,A-000004867
5967,B,B-000004874
5968,A,A-000004868
5968,B,B-000004875
5969,A,A-000004869
5969,B,B-000004876
5970,A,A-000004870
5970,B,B-000004877
5971,A,A-000004871
5971,B,B-000004878
5972,A,A-000004872
5972,B,B-000004879
5973,A,A-000004873
5973,B,B-000004880
5974,A,A-000004874
5974,B,B-000004881
5975,A,A-000004875
5975,B,B-000004882
5978,A,A-000004876
5978,B,B-000004883
5979,A,A-000004877
5979,B,B-000004884
5980,A,A-000004878
5980,B,B-000004885
5981,A,A-000004879
5981,B,B-000004886
5983,A,A-000004880
5983,B,B-000004887
5984,A,A-000004881
5984,B,B-000004888
5985,A,A-000004882
5985,B,B-000004889
5986,A,A-000004883
5986,B,B-000004890
5987,A,A-000004884
5987,B,B-000004891
5989,A,A-000004885
5989,B,B-000004892
5990,A,A-000004886
5990,B,B-000004893
5991,A,A-000004887
5991,B,B-000004894
5992,A,A-000004888
5992,B,B-000004895
5993,A,A-000004889
5993,B,B-000004896
5994,A,A-000004890
5994,B,B-000004897
5996,A,A-000004891
5996,B,B-000004898
5997,A,A-000004892
5997,B,B-000004899
5998,A,A-000004893
5998,B,B-000004900
5999,A,A-000004894
5999,B,B-000004901
6001,A,A-000004895
6001,B,B-000004902
6002,A,A-000004896
6002,B,B-000004903
6003,A,A-000004897
6003,B,B-000004904
6004,A,A-000004898
6004,B,B-000004905
6005,A,A-000004899
6005,B,B-000004906
6006,A,A-000004900
6006,B,B-000004907
6007,A,A-000004901
6007,B,B-000004908
6010,A,A-000004902
6010,B,B-000004909
6013,A,A-000004903
6013,B,B-000004910
6014,A,A-000004904
6014,B,B-000004911
6015,A,A-000004905
6015,B,B-000004912
6016,A,A-000004906
6016,B,B-000004913
6017,A,A-000004907
6017,B,B-000004914
6020,A,A-000004908
6020,B,B-000004915
6021,A,A-000004909
6021,B,B-000004916
6023,A,A-000004910
6023,B,B-000004917
6024,A,A-000004911
6024,B,B-000004918
6025,A,A-000004912
6025,B,B-000004919
6026,A,A-000004913
6026,B,B-000004920
6027,A,A-000004914
6027,B,B-000004921
6028,A,A-000004915
6028,B,B-000004922
6029,A,A-000004916
6029,B,B-000004923
6030,A,A-000004917
6030,B,B-000004924
6031,A,A-000004918
6031,B,B-000004925
6032,A,A-000004919
6032,B,B-000004926
6033,A,A-000004920
6033,B,B-000004927
6035,A,A-000004921
6035,B,B-000004928
6036,A,A-000004922
6036,B,B-000004929
6037,A,A-000004923
6037,B,B-000004930
6038,A,A-000004924
6038,B,B-000004931
6040,A,A-000004925
6040,B,B-000004932
6041,A,A-000004926
6041,B,B-000004933
6042,A,A-000004927
6042,B,B-000004934
6043,A,A-000004928
6043,B,B-000004935
6044,A,A-000004929
6044,B,B-000004936
6045,A,A-000004930
6045,B,B-000004937
6046,A,A-000004931
6046,B,B-000004938
6048,A,A-000004932
6048,B,B-000004939
6051,A,A-000004933
6051,B,B-000004940
6052,A,A-000004934
6052,B,B-000004941
6053,A,A-000004935
6053,B,B-000004942
6054,A,A-000004936
6054,B,B-000004943
6055,A,A-000004937
6055,B,B-000004944
6056,A,A-000004938
6056,B,B-000004945
6057,A,A-000004939
6057,B,B-000004946
6058,A,A-000004940
6058,B,B-000004947
6059,A,A-000004941
6059,B,B-000004948
6060,A,A-000004942
6060,B,B-000004949
6062,A,A-000004943
6062,B,B-000004950
6063,A,A-000004944
6063,B,B-000004951
6065,A,A-000004945
6065,B,B-000004952
6066,A,A-000004946
6066,B,B-000004953
6067,A,A-000004947
6067,B,B-000004954
6068,A,A-000004948
6068,B,B-000004955
6069,A,A-000004949
6069,B,B-000004956
6070,A,A-000004950
6070,B,B-000004957
6072,A,A-000004951
6072,B,B-000004958
6073,A,A-000004952
6073,B,B-000004959
6075,A,A-000004953
6075,B,B-000004960
6076,A,A-000004954
6076,B,B-000004961
6077,A,A-000004955
6077,B,B-000004962
6078,A,A-000004956
6078,B,B-000004963
6079,A,A-000004957
6079,B,B-000004964
6080,A,A-000004958
6080,B,B-000004965
6081,A,A-000004959
6081,B,B-000004966
6082,A,A-000004960
6082,B,B-000004967
6084,A,A-000004961
6084,B,B-000004968
6085,A,A-000004962
6085,B,B-000004969
6087,A,A-000004963
6087,B,B-000004970
6088,A,A-000004964
6088,B,B-000004971
6089,A,A-000004965
6089,B,B-000004972
6090,A,A-000004966
6090,B,B-000004973
6091,A,A-000004967
6091,B,B-000004974
6092,A,A-000004968
6092,B,B-000004975
6093,A,A-000004969
6093,B,B-000004976
6094,A,A-000004970
6094,B,B-000004977
6095,A,A-000004971
6095,B,B-000004978
6096,A,A-000004972
6096,B,B-000004979
6099,A,A-000004973
6099,B,B-000004980
6100,A,A-000004974
6100,B,B-000004981
6101,A,A-000004975
6101,B,B-000004982
6102,A,A-000004976
6102,B,B-000004983
6103,A,A-000004977
6103,B,B-000004984
6104,A,A-000004978
6104,B,B-000004985
6105,A,A-000004979
6105,B,B-000004986
6107,A,A-000004980
6107,B,B-000004987
6108,A,A-000004981
6108,B,B-000004988
6110,A,A-000004982
6110,B,B-000004989
6111,A,A-000004983
6111,B,B-000004990
6114,A,A-000004984
6114,B,B-000004991
6115,A,A-000004985
6115,B,B-000004992
6116,A,A-000004986
6116,B,B-000004993
6117,A,A-000004987
6117,B,B-000004994
6120,A,A-000004988
6120,B,B-000004995
6121,A,A-000004989
6121,B,B-000004996
6122,A,A-000004990
6122,B,B-000004997
6123,A,A-000004991
6123,B,B-000004998
6124,A,A-000004992
6124,B,B-000004999
6126,A,A-000004993
6126,B,B-000005000
6127,A,A-000004994
6127,B,B-000005001
6128,A,A-000004995
6128,B,B-000005002
6130,A,A-000004996
6130,B,B-000005003
6132,A,A-000004997
6132,B,B-000005004
6133,A,A-000004998
6133,B,B-000005005
6134,A,A-000004999
6134,B,B-000005006
6135,A,A-000005000
6135,B,B-000005007
6136,A,A-000005001
6136,B,B-000005008
6137,A,A-000005002
6137,B,B-000005009
6139,A,A-000005003
6139,B,B-000005010
6141,A,A-000005004
6141,B,B-000005011
6142,A,A-000005005
6142,B,B-000005012
6143,A,A-000005006
6143,B,B-000005013
6144,A,A-000005007
6144,B,B-000005014
6145,A,A-000005008
6145,B,B-000005015
6146,A,A-000005009
6146,B,B-000005016
6148,A,A-000005010
6148,B,B-000005017
6149,A,A-000005011
6149,B,B-000005018
6150,A,A-000005012
6150,B,B-000005019
6151,A,A-000005013
6151,B,B-000005020
6152,A,A-000005014
6152,B,B-000005021
6153,A,A-000005015
6153,B,B-000005022
6154,A,A-000005016
6154,B,B-000005023
6155,A,A-000005017
6155,B,B-000005024
6156,A,A-000005018
6156,B,B-000005025
6157,A,A-000005019
6157,B,B-000005026
6158,A,A-000005020
6158,B,B-000005027
6159,A,A-000005021
6159,B,B-000005028
6160,A,A-000005022
6160,B,B-000005029
6161,A,A-000005023
6161,B,B-000005030
6163,A,A-000005024
6163,B,B-000005031
6164,A,A-000005025
6164,B,B-000005032
6165,A,A-000005026
6165,B,B-000005033
6166,A,A-000005027
6166,B,B-000005034
6167,A,A-000005028
6167,B,B-000005035
6168,A,A-000005029
6168,B,B-000005036
6169,A,A-000005030
6169,B,B-000005037
6170,A,A-000005031
6170,B,B-000005038
6174,A,A-000005032
6174,B,B-000005039
6175,A,A-000005033
6175,B,B-000005040
6176,A,A-000005034
6176,B,B-000005041
6177,A,A-000005035
6177,B,B-000005042
6178,A,A-000005036
6178,B,B-000005043
6179,A,A-000005037
6179,B,B-000005044
6180,A,A-000005038
6180,B,B-000005045
6181,A,A-000005039
6181,B,B-000005046
6183,A,A-000005040
6183,B,B-000005047
6184,A,A-000005041
6184,B,B-000005048
6188,A,A-000005042
6188,B,B-000005049
6189,A,A-000005043
6189,B,B-000005050
6190,A,A-000005044
6190,B,B-000005051
6191,A,A-000005045
6191,B,B-000005052
6194,A,A-000005046
6194,B,B-000005053
6195,A,A-000005047
6195,B,B-000005054
6196,A,A-000005048
6196,B,B-000005055
6197,A,A-000005049
6197,B,B-000005056
6198,A,A-000005050
6198,B,B-000005057
6199,A,A-000005051
6199,B,B-000005058
6201,A,A-000005052
6201,B,B-000005059
6202,A,A-000005053
6202,B,B-000005060
6203,A,A-000005054
6203,B,B-000005061
6204,A,A-000005055
6204,B,B-000005062
6205,A,A-000005056
6205,B,B-000005063
6207,A,A-000005057
6207,B,B-000005064
6208,A,A-000005058
6208,B,B-000005065
6209,A,A-000005059
6209,B,B-000005066
6210,A,A-000005060
6210,B,B-000005067
6211,A,A-000005061
6211,B,B-000005068
6212,A,A-000005062
6212,B,B-000005069
6213,A,A-000005063
6213,B,B-000005070
6214,A,A-000005064
6214,B,B-000005071
6215,A,A-000005065
6215,B,B-000005072
6216,A,A-000005066
6216,B,B-000005073
6217,A,A-000005067
6217,B,B-000005074
6219,A,A-000005068
6219,B,B-000005075
6221,A,A-000005069
6221,B,B-000005076
6222,A,A-000005070
6222,B,B-000005077
6223,A,A-000005071
6223,B,B-000005078
6224,A,A-000005072
6224,B,B-000005079
6225,A,A-000005073
6225,B,B-000005080
6227,A,A-000005074
6227,B,B-000005081
6229,A,A-000005075
6229,B,B-000005082
6230,A,A-000005076
6230,B,B-000005083
6231,A,A-000005077
6231,B,B-000005084
6232,A,A-000005078
6232,B,B-000005085
6233,A,A-000005079
6233,B,B-000005086
6234,A,A-000005080
6234,B,B-000005087
6235,A,A-000005081
6235,B,B-000005088
6237,A,A-000005082
6237,B,B-000005089
6238,A,A-000005083
6238,B,B-000005090
6241,A,A-000005084
6241,B,B-000005091
6242,A,A-000005085
6242,B,B-000005092
6244,A,A-000005086
6244,B,B-000005093
6245,A,A-000005087
6245,B,B-000005094
6246,A,A-000005088
6246,B,B-000005095
6248,A,A-000005089
6248,B,B-000005096
6250,A,A-000005090
6250,B,B-000005097
6251,A,A-000005091
6251,B,B-000005098
6252,A,A-000005092
6252,B,B-000005099
6253,A,A-000005093
6253,B,B-000005100
6254,A,A-000005094
6254,B,B-000005101
6255,A,A-000005095
6255,B,B-000005102
6256,A,A-000005096
6256,B,B-000005103
6257,A,A-000005097
6257,B,B-000005104
6259,A,A-000005098
6259,B,B-000005105
6261,A,A-000005099
6261,B,B-000005106
6262,A,A-000005100
6262,B,B-000005107
6263,A,A-000005101
6263,B,B-000005108
6264,A,A-000005102
6264,B,B-000005109
6265,A,A-000005103
6265,B,B-000005110
6267,A,A-000005104
6267,B,B-000005111
6268,A,A-000005105
6268,B,B-000005112
6269,A,A-000005106
6269,B,B-000005113
6270,A,A-000005107
6270,B,B-000005114
6271,A,A-000005108
6271,B,B-000005115
6272,A,A-000005109
6272,B,B-000005116
6273,A,A-000005110
6273,B,B-000005117
6274,A,A-000005111
6274,B,B-000005118
6275,A,A-000005112
6275,B,B-000005119
6276,A,A-000005113
6276,B,B-000005120
6277,A,A-000005114
6277,B,B-000005121
6279,A,A-000005115
6279,B,B-000005122
6280,A,A-000005116
6280,B,B-000005123
6282,A,A-000005117
6282,B,B-000005124
6283,A,A-000005118
6283,B,B-000005125
6284,A,A-000005119
6284,B,B-000005126
6285,A,A-000005120
6285,B,B-000005127
6286,A,A-000005121
6286,B,B-000005128
6287,A,A-000005122
6287,B,B-000005129
6288,A,A-000005123
6288,B,B-000005130
6289,A,A-000005124
6289,B,B-000005131
6290,A,A-000005125
6290,B,B-000005132
6291,A,A-000005126
6291,B,B-000005133
6292,A,A-000005127
6292,B,B-000005134
6293,A,A-000005128
6293,B,B-000005135
6294,A,A-000005129
6294,B,B-000005136
6296,A,A-000005130
6296,B,B-000005137
6297,A,A-000005131
6297,B,B-000005138
6298,A,A-000005132
6298,B,B-000005139
6299,A,A-000005133
6299,B,B-000005140
6300,A,A-000005134
6300,B,B-000005141
6303,A,A-000005135
6303,B,B-000005142
6304,A,A-000005136
6304,B,B-000005143
6305,A,A-000005137
6305,B,B-000005144
6306,A,A-000005138
6306,B,B-000005145
6308,A,A-000005139
6308,B,B-000005146
6310,A,A-000005140
6310,B,B-000005147
6311,A,A-000005141
6311,B,B-000005148
6312,A,A-000005142
6312,B,B-000005149
6313,A,A-000005143
6313,B,B-000005150
6314,A,A-000005144
6314,B,B-000005151
6315,A,A-000005145
6315,B,B-000005152
6316,A,A-000005146
6316,B,B-000005153
6317,A,A-000005147
6317,B,B-000005154
6318,A,A-000005148
6318,B,B-000005155
6319,A,A-000005149
6319,B,B-000005156
6320,A,A-000005150
6320,B,B-000005157
6321,A,A-000005151
6321,B,B-000005158
6322,A,A-000005152
6322,B,B-000005159
6323,A,A-000005153
6323,B,B-000005160
6324,A,A-000005154
6324,B,B-000005161
6325,A,A-000005155
6325,B,B-000005162
6326,A,A-000005156
6326,B,B-000005163
6327,A,A-000005157
6327,B,B-000005164
6328,A,A-000005158
6328,B,B-000005165
6329,A,A-000005159
6329,B,B-000005166
6330,A,A-000005160
6330,B,B-000005167
6331,A,A-000005161
6331,B,B-000005168
6332,A,A-000005162
6332,B,B-000005169
6333,A,A-000005163
6333,B,B-000005170
6334,A,A-000005164
6334,B,B-000005171
6335,A,A-000005165
6335,B,B-000005172
6337,A,A-000005166
6337,B,B-000005173
6338,A,A-000005167
6338,B,B-000005174
6342,A,A-000005168
6342,B,B-000005175
6343,A,A-000005169
6343,B,B-000005176
6344,A,A-000005170
6344,B,B-000005177
6345,A,A-000005171
6345,B,B-000005178
6346,A,A-000005172
6346,B,B-000005179
6348,A,A-000005173
6348,B,B-000005180
6349,A,A-000005174
6349,B,B-000005181
6350,A,A-000005175
6350,B,B-000005182
6351,A,A-000005176
6351,B,B-000005183
6352,A,A-000005177
6352,B,B-000005184
6353,A,A-000005178
6353,B,B-000005185
6354,A,A-000005179
6354,B,B-000005186
6355,A,A-000005180
6355,B,B-000005187
6356,A,A-000005181
6356,B,B-000005188
6357,A,A-000005182
6357,B,B-000005189
6358,A,A-000005183
6358,B,B-000005190
6359,A,A-000005184
6359,B,B-000005191
6360,A,A-000005185
6360,B,B-000005192
6361,A,A-000005186
6361,B,B-000005193
6362,A,A-000005187
6362,B,B-000005194
6363,A,A-000005188
6363,B,B-000005195
6365,A,A-000005189
6365,B,B-000005196
6366,A,A-000005190
6366,B,B-000005197
6367,A,A-000005191
6367,B,B-000005198
6368,A,A-000005192
6368,B,B-000005199
6369,A,A-000005193
6369,B,B-000005200
6370,A,A-000005194
6370,B,B-000005201
6371,A,A-000005195
6371,B,B-000005202
6373,A,A-000005196
6373,B,B-000005203
6374,A,A-000005197
6374,B,B-000005204
6375,A,A-000005198
6375,B,B-000005205
6376,A,A-000005199
6376,B,B-000005206
6377,A,A-000005200
6377,B,B-000005207
6378,A,A-000005201
6378,B,B-000005208
6379,A,A-000005202
6379,B,B-000005209
6381,A,A-000005203
6381,B,B-000005210
6382,A,A-000005204
6382,B,B-000005211
6384,A,A-000005205
6384,B,B-000005212
6385,A,A-000005206
6385,B,B-000005213
6386,A,A-000005207
6386,B,B-000005214
6387,A,A-000005208
6387,B,B-000005215
6388,A,A-000005209
6388,B,B-000005216
6389,A,A-000005210
6389,B,B-000005217
6390,A,A-000005211
6390,B,B-000005218
6391,A,A-000005212
6391,B,B-000005219
6392,A,A-000005213
6392,B,B-000005220
6393,A,A-000005214
6393,B,B-000005221
6394,A,A-000005215
6394,B,B-000005222
6395,A,A-000005216
6395,B,B-000005223
6396,A,A-000005217
6396,B,B-000005224
6398,A,A-000005218
6398,B,B-000005225
6402,A,A-000005219
6402,B,B-000005226
6403,A,A-000005220
6403,B,B-000005227
6404,A,A-000005221
6404,B,B-000005228
6405,A,A-000005222
6405,B,B-000005229
6406,A,A-000005223
6406,B,B-000005230
6408,A,A-000005224
6408,B,B-000005231
6409,A,A-000005225
6409,B,B-000005232
6411,A,A-000005226
6411,B,B-000005233
6412,A,A-000005227
6412,B,B-000005234
6413,B,B-000005235
6414,A,A-000005228
6414,B,B-000005236
6415,A,A-000005229
6415,B,B-000005237
6416,A,A-000005230
6416,B,B-000005238
6417,A,A-000005231
6417,B,B-000005239
6418,A,A-000005232
6418,B,B-000005240
6419,A,A-000005233
6419,B,B-000005241
6421,A,A-000005234
6421,B,B-000005242
6423,A,A-000005235
6423,B,B-000005243
6424,A,A-000005236
6424,B,B-000005244
6425,A,A-000005237
6425,B,B-000005245
6426,A,A-000005238
6426,B,B-000005246
6428,A,A-000005239
6428,B,B-000005247
6429,A,A-000005240
6429,B,B-000005248
6430,A,A-000005241
6430,B,B-000005249
6431,A,A-000005242
6431,B,B-000005250
6432,A,A-000005243
6432,B,B-000005251
6433,A,A-000005244
6433,B,B-000005252
6436,A,A-000005245
6436,B,B-000005253
6437,A,A-000005246
6437,B,B-000005254
6438,A,A-000005247
6438,B,B-000005255
6439,A,A-000005248
6439,B,B-000005256
6441,A,A-000005249
6441,B,B-000005257
6442,A,A-000005250
6442,B,B-000005258
6443,A,A-000005251
6443,B,B-000005259
6444,A,A-000005252
6444,B,B-000005260
6445,A,A-000005253
6445,B,B-000005261
6446,A,A-000005254
6446,B,B-000005262
6447,A,A-000005255
6447,B,B-000005263
6448,A,A-000005256
6448,B,B-000005264
6450,A,A-000005257
6450,B,B-000005265
6451,A,A-000005258
6451,B,B-000005266
6452,A,A-000005259
6452,B,B-000005267
6453,A,A-000005260
6453,B,B-000005268
6454,A,A-000005261
6454,B,B-000005269
6455,A,A-000005262
6455,B,B-000005270
6456,A,A-000005263
6456,B,B-000005271
6457,A,A-000005264
6457,B,B-000005272
6458,A,A-000005265
6458,B,B-000005273
6459,A,A-000005266
6459,B,B-000005274
6460,A,A-000005267
6460,B,B-000005275
6461,A,A-000005268
6461,B,B-000005276
6462,A,A-000005269
6462,B,B-000005277
6463,A,A-000005270
6463,B,B-000005278
6464,A,A-000005271
6464,B,B-000005279
6465,A,A-000005272
6465,B,B-000005280
6466,A,A-000005273
6466,B,B-000005281
6467,A,A-000005274
6467,B,B-000005282
6468,A,A-000005275
6468,B,B-000005283
6469,A,A-000005276
6469,B,B-000005284
6470,A,A-000005277
6470,B,B-000005285
6471,A,A-000005278
6471,B,B-000005286
6472,A,A-000005279
6472,B,B-000005287
6473,A,A-000005280
6473,B,B-000005288
6474,A,A-000005281
6474,B,B-000005289
6476,A,A-000005282
6476,B,B-000005290
6477,A,A-000005283
6477,B,B-000005291
6481,A,A-000005284
6481,B,B-000005292
6482,A,A-000005285
6482,B,B-000005293
6483,A,A-000005286
6483,B,B-000005294
6484,A,A-000005287
6484,B,B-000005295
6485,A,A-000005288
6485,B,B-000005296
6486,A,A-000005289
6486,B,B-000005297
6487,A,A-000005290
6487,B,B-000005298
6488,A,A-000005291
6488,B,B-000005299
6489,A,A-000005292
6489,B,B-000005300
6490,A,A-000005293
6490,B,B-000005301
6491,A,A-000005294
6491,B,B-000005302
6492,A,A-000005295
6492,B,B-000005303
6493,A,A-000005296
6493,B,B-000005304
6494,A,A-000005297
6494,B,B-000005305
6495,A,A-000005298
6495,B,B-000005306
6496,A,A-000005299
6496,B,B-000005307
6497,A,A-000005300
6497,B,B-000005308
6498,A,A-000005301
6498,B,B-000005309
6499,A,A-000005302
6499,B,B-000005310
6500,A,A-000005303
6500,B,B-000005311
6501,A,A-000005304
6501,B,B-000005312
6503,A,A-000005305
6503,B,B-000005313
6504,A,A-000005306
6504,B,B-000005314
6505,A,A-000005307
6505,B,B-000005315
6507,A,A-000005308
6507,B,B-000005316
6509,A,A-000005309
6509,B,B-000005317
6510,A,A-000005310
6510,B,B-000005318
6511,A,A-000005311
6511,B,B-000005319
6512,A,A-000005312
6512,B,B-000005320
6513,A,A-000005313
6513,B,B-000005321
6515,A,A-000005314
6515,B,B-000005322
6516,A,A-000005315
6516,B,B-000005323
6517,A,A-000005316
6517,B,B-000005324
6518,A,A-000005317
6518,B,B-000005325
6519,A,A-000005318
6519,B,B-000005326
6520,A,A-000005319
6520,B,B-000005327
6522,A,A-000005320
6522,B,B-000005328
6523,A,A-000005321
6523,B,B-000005329
6525,A,A-000005322
6525,B,B-000005330
6526,A,A-000005323
6526,B,B-000005331
6528,A,A-000005324
6528,B,B-000005332
6530,A,A-000005325
6530,B,B-000005333
6531,A,A-000005326
6531,B,B-000005334
6532,A,A-000005327
6532,B,B-000005335
6533,A,A-000005328
6533,B,B-000005336
6536,A,A-000005329
6536,B,B-000005337
6537,A,A-000005330
6537,B,B-000005338
6538,A,A-000005331
6538,B,B-000005339
6540,A,A-000005332
6540,B,B-000005340
6541,A,A-000005333
6541,B,B-000005341
6542,A,A-000005334
6542,B,B-000005342
6543,A,A-000005335
6543,B,B-000005343
6544,A,A-000005336
6544,B,B-000005344
6545,A,A-000005337
6545,B,B-000005345
6546,A,A-000005338
6546,B,B-000005346
6547,A,A-000005339
6547,B,B-000005347
6550,A,A-000005340
6550,B,B-000005348
6551,A,A-000005341
6551,B,B-000005349
6552,A,A-000005342
6552,B,B-000005350
6554,A,A-000005343
6554,B,B-000005351
6555,A,A-000005344
6555,B,B-000005352
6557,A,A-000005345
6557,B,B-000005353
6558,A,A-000005346
6558,B,B-000005354
6559,A,A-000005347
6559,B,B-000005355
6560,A,A-000005348
6560,B,B-000005356
6561,A,A-000005349
6561,B,B-000005357
6562,A,A-000005350
6562,B,B-000005358
6563,A,A-000005351
6563,B,B-000005359
6564,A,A-000005352
6564,B,B-000005360
6565,A,A-000005353
6565,B,B-000005361
6567,A,A-000005354
6567,B,B-000005362
6568,A,A-000005355
6568,B,B-000005363
6570,A,A-000005356
6570,B,B-000005364
6571,A,A-000005357
6571,B,B-000005365
6572,A,A-000005358
6572,B,B-000005366
6573,A,A-000005359
6573,B,B-000005367
6575,A,A-000005360
6575,B,B-000005368
6576,A,A-000005361
6576,B,B-000005369
6577,A,A-000005362
6577,B,B-000005370
6578,A,A-000005363
6578,B,B-000005371
6580,A,A-000005364
6580,B,B-000005372
6581,A,A-000005365
6581,B,B-000005373
6582,A,A-000005366
6582,B,B-000005374
6584,A,A-000005367
6584,B,B-000005375
6585,A,A-000005368
6585,B,B-000005376
6586,A,A-000005369
6586,B,B-000005377
6587,A,A-000005370
6587,B,B-000005378
6588,A,A-000005371
6588,B,B-000005379
6589,A,A-000005372
6589,B,B-000005380
6591,A,A-000005373
6591,B,B-000005381
6592,A,A-000005374
6592,B,B-000005382
6593,A,A-000005375
6593,B,B-000005383
6594,A,A-000005376
6594,B,B-000005384
6595,A,A-000005377
6595,B,B-000005385
6596,A,A-000005378
6596,B,B-000005386
6597,A,A-000005379
6597,B,B-000005387
6598,A,A-000005380
6598,B,B-000005388
6599,A,A-000005381
6599,B,B-000005389
6601,A,A-000005382
6601,B,B-000005390
6602,A,A-000005383
6602,B,B-000005391
6603,A,A-000005384
6603,B,B-000005392
6604,A,A-000005385
6604,B,B-000005393
6605,A,A-000005386
6605,B,B-000005394
6606,A,A-000005387
6606,B,B-000005395
6607,A,A-000005388
6607,B,B-000005396
6608,A,A-000005389
6608,B,B-000005397
6609,A,A-000005390
6609,B,B-000005398
6611,A,A-000005391
6611,B,B-000005399
6612,A,A-000005392
6612,B,B-000005400
6613,A,A-000005393
6613,B,B-000005401
6614,A,A-000005394
6614,B,B-000005402
6615,A,A-000005395
6615,B,B-000005403
6616,A,A-000005396
6616,B,B-000005404
6617,A,A-000005397
6617,B,B-000005405
6618,A,A-000005398
6618,B,B-000005406
6619,A,A-000005399
6619,B,B-000005407
6621,A,A-000005400
6621,B,B-000005408
6622,A,A-000005401
6622,B,B-000005409
6624,A,A-000005402
6624,B,B-000005410
6627,A,A-000005403
6627,B,B-000005411
6628,A,A-000005404
6628,B,B-000005412
6629,A,A-000005405
6629,B,B-000005413
6630,A,A-000005406
6630,B,B-000005414
6631,A,A-000005407
6631,B,B-000005415
6632,A,A-000005408
6632,B,B-000005416
6633,A,A-000005409
6633,B,B-000005417
6634,A,A-000005410
6634,B,B-000005418
6635,A,A-000005411
6635,B,B-000005419
6636,A,A-000005412
6636,B,B-000005420
6637,A,A-000005413
6637,B,B-000005421
6639,A,A-000005414
6639,B,B-000005422
6640,A,A-000005415
6640,B,B-000005423
6641,A,A-000005416
6641,B,B-000005424
6643,A,A-000005417
6643,B,B-000005425
6644,A,A-000005418
6644,B,B-000005426
6645,A,A-000005419
6645,B,B-000005427
6647,A,A-000005420
6647,B,B-000005428
6648,A,A-000005421
6648,B,B-000005429
6649,A,A-000005422
6649,B,B-000005430
6651,A,A-000005423
6651,B,B-000005431
6653,A,A-000005424
6653,B,B-000005432
6654,A,A-000005425
6654,B,B-000005433
6656,A,A-000005426
6656,B,B-000005434
6657,A,A-000005427
6657,B,B-000005435
6659,A,A-000005428
6659,B,B-000005436
6660,A,A-000005429
6660,B,B-000005437
6661,A,A-000005430
6661,B,B-000005438
6662,A,A-000005431
6662,B,B-000005439
6663,A,A-000005432
6663,B,B-000005440
6664,A,A-000005433
6664,B,B-000005441
6665,A,A-000005434
6665,B,B-000005442
6667,A,A-000005435
6667,B,B-000005443
6668,A,A-000005436
6668,B,B-000005444
6669,A,A-000005437
6669,B,B-000005445
6670,A,A-000005438
6670,B,B-000005446
6671,A,A-000005439
6671,B,B-000005447
6672,A,A-000005440
6672,B,B-000005448
6673,A,A-000005441
6673,B,B-000005449
6674,A,A-000005442
6674,B,B-000005450
6675,A,A-000005443
6675,B,B-000005451
6676,A,A-000005444
6676,B,B-000005452
6677,A,A-000005445
6677,B,B-000005453
6678,A,A-000005446
6678,B,B-000005454
6680,A,A-000005447
6680,B,B-000005455
6681,A,A-000005448
6681,B,B-000005456
6682,A,A-000005449
6682,B,B-000005457
6683,A,A-000005450
6683,B,B-000005458
6684,A,A-000005451
6684,B,B-000005459
6685,A,A-000005452
6685,B,B-000005460
6688,A,A-000005453
6688,B,B-000005461
6690,A,A-000005454
6690,B,B-000005462
6691,A,A-000005455
6691,B,B-000005463
6692,A,A-000005456
6692,B,B-000005464
6693,A,A-000005457
6693,B,B-000005465
6694,A,A-000005458
6694,B,B-000005466
6695,A,A-000005459
6695,B,B-000005467
6696,A,A-000005460
6696,B,B-000005468
6697,A,A-000005461
6697,B,B-000005469
6698,A,A-000005462
6698,B,B-000005470
6699,A,A-000005463
6699,B,B-000005471
6700,A,A-000005464
6700,B,B-000005472
6701,A,A-000005465
6701,B,B-000005473
6702,A,A-000005466
6702,B,B-000005474
6704,A,A-000005467
6704,B,B-000005475
6705,A,A-000005468
6705,B,B-000005476
6706,A,A-000005469
6706,B,B-000005477
6707,A,A-000005470
6707,B,B-000005478
6708,A,A-000005471
6708,B,B-000005479
6709,A,A-000005472
6709,B,B-000005480
6710,A,A-000005473
6710,B,B-000005481
6711,A,A-000005474
6711,B,B-000005482
6712,A,A-000005475
6712,B,B-000005483
6715,A,A-000005476
6715,B,B-000005484
6716,A,A-000005477
6716,B,B-000005485
6717,A,A-000005478
6717,B,B-000005486
6718,A,A-000005479
6718,B,B-000005487
6720,A,A-000005480
6720,B,B-000005488
6721,A,A-000005481
6721,B,B-000005489
6722,A,A-000005482
6722,B,B-000005490
6723,A,A-000005483
6723,B,B-000005491
6724,A,A-000005484
6724,B,B-000005492
6726,A,A-000005485
6726,B,B-000005493
6727,A,A-000005486
6727,B,B-000005494
6729,A,A-000005487
6729,B,B-000005495
6730,A,A-000005488
6730,B,B-000005496
6731,A,A-000005489
6731,B,B-000005497
6732,A,A-000005490
6732,B,B-000005498
6737,A,A-000005491
6737,B,B-000005499
6738,A,A-000005492
6738,B,B-000005500
6740,A,A-000005493
6740,B,B-000005501
6741,A,A-000005494
6741,B,B-000005502
6742,A,A-000005495
6742,B,B-000005503
6743,A,A-000005496
6743,B,B-000005504
6745,A,A-000005497
6745,B,B-000005505
6746,A,A-000005498
6746,B,B-000005506
6747,A,A-000005499
6747,B,B-000005507
6748,A,A-000005500
6748,B,B-000005508
6749,A,A-000005501
6749,B,B-000005509
6750,A,A-000005502
6750,B,B-000005510
6753,A,A-000005503
6753,B,B-000005511
6754,A,A-000005504
6754,B,B-000005512
6755,A,A-000005505
6755,B,B-000005513
6756,A,A-000005506
6756,B,B-000005514
6757,A,A-000005507
6757,B,B-000005515
6760,A,A-000005508
6760,B,B-000005516
6761,A,A-000005509
6761,B,B-000005517
6762,A,A-000005510
6762,B,B-000005518
6763,A,A-000005511
6763,B,B-000005519
6765,A,A-000005512
6765,B,B-000005520
6766,A,A-000005513
6766,B,B-000005521
6767,A,A-000005514
6767,B,B-000005522
6769,A,A-000005515
6769,B,B-000005523
6770,A,A-000005516
6770,B,B-000005524
6771,A,A-000005517
6771,B,B-000005525
6773,A,A-000005518
6773,B,B-000005526
6774,A,A-000005519
6774,B,B-000005527
6775,A,A-000005520
6775,B,B-000005528
6776,A,A-000005521
6776,B,B-000005529
6777,A,A-000005522
6777,B,B-000005530
6778,A,A-000005523
6778,B,B-000005531
6779,A,A-000005524
6779,B,B-000005532
6780,A,A-000005525
6780,B,B-000005533
6781,A,A-000005526
6781,B,B-000005534
6782,A,A-000005527
6782,B,B-000005535
6783,A,A-000005528
6783,B,B-000005536
6784,A,A-000005529
6784,B,B-000005537
6785,A,A-000005530
6785,B,B-000005538
6786,A,A-000005531
6786,B,B-000005539
6787,A,A-000005532
6787,B,B-000005540
6788,A,A-000005533
6788,B,B-000005541
6789,A,A-000005534
6789,B,B-000005542
6791,A,A-000005535
6791,B,B-000005543
6792,A,A-000005536
6792,B,B-000005544
6793,A,A-000005537
6793,B,B-000005545
6794,A,A-000005538
6794,B,B-000005546
6795,A,A-000005539
6795,B,B-000005547
6797,A,A-000005540
6797,B,B-000005548
6798,A,A-000005541
6798,B,B-000005549
6799,A,A-000005542
6799,B,B-000005550
6800,A,A-000005543
6800,B,B-000005551
6801,A,A-000005544
6801,B,B-000005552
6802,A,A-000005545
6802,B,B-000005553
6803,A,A-000005546
6803,B,B-000005554
6804,A,A-000005547
6804,B,B-000005555
6806,A,A-000005548
6806,B,B-000005556
6807,A,A-000005549
6807,B,B-000005557
6808,A,A-000005550
6808,B,B-000005558
6809,A,A-000005551
6809,B,B-000005559
6811,A,A-000005552
6811,B,B-000005560
6812,A,A-000005553
6812,B,B-000005561
6814,A,A-000005554
6814,B,B-000005562
6815,A,A-000005555
6815,B,B-000005563
6816,A,A-000005556
6816,B,B-000005564
6817,A,A-000005557
6817,B,B-000005565
6818,A,A-000005558
6818,B,B-000005566
6819,A,A-000005559
6819,B,B-000005567
6820,A,A-000005560
6820,B,B-000005568
6822,A,A-000005561
6822,B,B-000005569
6823,A,A-000005562
6823,B,B-000005570
6824,A,A-000005563
6824,B,B-000005571
6825,A,A-000005564
6825,B,B-000005572
6826,A,A-000005565
6826,B,B-000005573
6827,A,A-000005566
6827,B,B-000005574
6828,A,A-000005567
6828,B,B-000005575
6830,A,A-000005568
6830,B,B-000005576
6831,A,A-000005569
6831,B,B-000005577
6832,A,A-000005570
6832,B,B-000005578
6833,A,A-000005571
6833,B,B-000005579
6834,A,A-000005572
6834,B,B-000005580
6835,A,A-000005573
6835,B,B-000005581
6836,A,A-000005574
6836,B,B-000005582
6837,A,A-000005575
6837,B,B-000005583
6838,A,A-000005576
6838,B,B-000005584
6839,A,A-000005577
6839,B,B-000005585
6840,A,A-000005578
6840,B,B-000005586
6841,A,A-000005579
6841,B,B-000005587
6842,A,A-000005580
6842,B,B-000005588
6844,A,A-000005581
6844,B,B-000005589
6845,A,A-000005582
6845,B,B-000005590
6846,A,A-000005583
6846,B,B-000005591
6848,A,A-000005584
6848,B,B-000005592
6849,A,A-000005585
6849,B,B-000005593
6850,A,A-000005586
6850,B,B-000005594
6852,A,A-000005587
6852,B,B-000005595
6853,A,A-000005588
6853,B,B-000005596
6854,A,A-000005589
6854,B,B-000005597
6855,A,A-000005590
6855,B,B-000005598
6856,A,A-000005591
6856,B,B-000005599
6857,A,A-000005592
6857,B,B-000005600
6858,A,A-000005593
6858,B,B-000005601
6859,A,A-000005594
6859,B,B-000005602
6862,A,A-000005595
6862,B,B-000005603
6864,A,A-000005596
6864,B,B-000005604
6865,A,A-000005597
6865,B,B-000005605
6866,A,A-000005598
6866,B,B-000005606
6867,A,A-000005599
6867,B,B-000005607
6868,A,A-000005600
6868,B,B-000005608
6869,A,A-000005601
6869,B,B-000005609
6870,A,A-000005602
6870,B,B-000005610
6871,A,A-000005603
6871,B,B-000005611
6872,A,A-000005604
6872,B,B-000005612
6873,A,A-000005605
6873,B,B-000005613
6874,A,A-000005606
6874,B,B-000005614
6875,A,A-000005607
6875,B,B-000005615
6877,A,A-000005608
6877,B,B-000005616
6878,A,A-000005609
6878,B,B-000005617
6879,A,A-000005610
6879,B,B-000005618
6880,A,A-000005611
6880,B,B-000005619
6881,A,A-000005612
6881,B,B-000005620
6882,A,A-000005613
6882,B,B-000005621
6884,A,A-000005614
6884,B,B-000005622
6885,A,A-000005615
6885,B,B-000005623
6886,A,A-000005616
6886,B,B-000005624
6887,A,A-000005617
6887,B,B-000005625
6888,A,A-000005618
6888,B,B-000005626
6889,A,A-000005619
6889,B,B-000005627
6890,A,A-000005620
6890,B,B-000005628
6891,A,A-000005621
6891,B,B-000005629
6892,A,A-000005622
6892,B,B-000005630
6893,A,A-000005623
6893,B,B-000005631
6895,A,A-000005624
6895,B,B-000005632
6896,A,A-000005625
6896,B,B-000005633
6898,A,A-000005626
6898,B,B-000005634
6899,A,A-000005627
6899,B,B-000005635
6900,A,A-000005628
6900,B,B-000005636
6901,A,A-000005629
6901,B,B-000005637
6902,A,A-000005630
6902,B,B-000005638
6903,A,A-000005631
6903,B,B-000005639
6904,A,A-000005632
6904,B,B-000005640
6905,A,A-000005633
6905,B,B-000005641
6906,A,A-000005634
6906,B,B-000005642
6907,A,A-000005635
6907,B,B-000005643
6908,A,A-000005636
6908,B,B-000005644
6910,A,A-000005637
6910,B,B-000005645
6911,A,A-000005638
6911,B,B-000005646
6912,A,A-000005639
6912,B,B-000005647
6913,A,A-000005640
6913,B,B-000005648
6914,A,A-000005641
6914,B,B-000005649
6915,A,A-000005642
6915,B,B-000005650
6916,A,A-000005643
6916,B,B-000005651
6917,A,A-000005644
6917,B,B-000005652
6919,A,A-000005645
6919,B,B-000005653
6920,A,A-000005646
6920,B,B-000005654
6921,A,A-000005647
6921,B,B-000005655
6923,A,A-000005648
6923,B,B-000005656
6924,A,A-000005649
6924,B,B-000005657
6926,A,A-000005650
6926,B,B-000005658
6927,A,A-000005651
6927,B,B-000005659
6929,A,A-000005652
6929,B,B-000005660
6931,A,A-000005653
6931,B,B-000005661
6932,A,A-000005654
6932,B,B-000005662
6933,A,A-000005655
6933,B,B-000005663
6934,A,A-000005656
6934,B,B-000005664
6935,A,A-000005657
6935,B,B-000005665
6937,A,A-000005658
6937,B,B-000005666
6938,A,A-000005659
6938,B,B-000005667
6939,A,A-000005660
6939,B,B-000005668
6940,A,A-000005661
6940,B,B-000005669
6941,A,A-000005662
6941,B,B-000005670
6944,A,A-000005663
6944,B,B-000005671
6945,A,A-000005664
6945,B,B-000005672
6946,A,A-000005665
6946,B,B-000005673
6948,A,A-000005666
6948,B,B-000005674
6949,A,A-000005667
6949,B,B-000005675
6953,A,A-000005668
6953,B,B-000005676
6954,A,A-000005669
6954,B,B-000005677
6955,A,A-000005670
6955,B,B-000005678
6957,A,A-000005671
6957,B,B-000005679
6958,A,A-000005672
6958,B,B-000005680
6959,A,A-000005673
6959,B,B-000005681
6960,A,A-000005674
6960,B,B-000005682
6961,A,A-000005675
6961,B,B-000005683
6962,A,A-000005676
6962,B,B-000005684
6964,A,A-000005677
6964,B,B-000005685
6965,A,A-000005678
6965,B,B-000005686
6966,A,A-000005679
6966,B,B-000005687
6967,A,A-000005680
6967,B,B-000005688
6968,A,A-000005681
6968,B,B-000005689
6969,A,A-000005682
6969,B,B-000005690
6970,A,A-000005683
6970,B,B-000005691
6971,A,A-000005684
6971,B,B-000005692
6972,A,A-000005685
6972,B,B-000005693
6973,A,A-000005686
6973,B,B-000005694
6975,A,A-000005687
6975,B,B-000005695
6976,A,A-000005688
6976,B,B-000005696
6977,A,A-000005689
6977,B,B-000005697
6978,A,A-000005690
6978,B,B-000005698
6980,A,A-000005691
6980,B,B-000005699
6981,A,A-000005692
6981,B,B-000005700
6982,A,A-000005693
6982,B,B-000005701
6983,A,A-000005694
6983,B,B-000005702
6984,A,A-000005695
6984,B,B-000005703
6985,A,A-000005696
6985,B,B-000005704
6986,A,A-000005697
6986,B,B-000005705
6988,A,A-000005698
6988,B,B-000005706
6990,A,A-000005699
6990,B,B-000005707
6991,A,A-000005700
6991,B,B-000005708
6992,A,A-000005701
6992,B,B-000005709
6993,A,A-000005702
6993,B,B-000005710
6994,A,A-000005703
6994,B,B-000005711
6995,A,A-000005704
6995,B,B-000005712
6996,A,A-000005705
6996,B,B-000005713
6997,A,A-000005706
6997,B,B-000005714
6998,A,A-000005707
6998,B,B-000005715
6999,A,A-000005708
6999,B,B-000005716
7000,A,A-000005709
7000,B,B-000005717
7001,A,A-000005710
7001,B,B-000005718
7004,A,A-000005711
7004,B,B-000005719
7005,A,A-000005712
7005,B,B-000005720
7006,A,A-000005713
7006,B,B-000005721
7007,A,A-000005714
7007,B,B-000005722
7009,A,A-000005715
7009,B,B-000005723
7010,A,A-000005716
7010,B,B-000005724
7011,A,A-000005717
7011,B,B-000005725
7012,A,A-000005718
7012,B,B-000005726
7013,A,A-000005719
7013,B,B-000005727
7017,A,A-000005720
7017,B,B-000005728
7018,A,A-000005721
7018,B,B-000005729
7019,A,A-000005722
7019,B,B-000005730
7020,A,A-000005723
7020,B,B-000005731
7021,A,A-000005724
7021,B,B-000005732
7022,A,A-000005725
7022,B,B-000005733
7024,A,A-000005726
7024,B,B-000005734
7025,A,A-000005727
7025,B,B-000005735
7027,A,A-000005728
7027,B,B-000005736
7030,A,A-000005729
7030,B,B-000005737
7031,A,A-000005730
7031,B,B-000005738
7032,A,A-000005731
7032,B,B-000005739
7035,A,A-000005732
7035,B,B-000005740
7036,A,A-000005733
7036,B,B-000005741
7037,A,A-000005734
7037,B,B-000005742
7038,A,A-000005735
7038,B,B-000005743
7039,A,A-000005736
7039,B,B-000005744
7040,A,A-000005737
7040,B,B-000005745
7041,A,A-000005738
7041,B,B-000005746
7042,A,A-000005739
7042,B,B-000005747
7045,A,A-000005740
7045,B,B-000005748
7046,A,A-000005741
7046,B,B-000005749
7047,A,A-000005742
7047,B,B-000005750
7048,A,A-000005743
7048,B,B-000005751
7049,A,A-000005744
7049,B,B-000005752
7050,A,A-000005745
7050,B,B-000005753
7051,A,A-000005746
7051,B,B-000005754
7052,A,A-000005747
7052,B,B-000005755
7053,A,A-000005748
7053,B,B-000005756
7054,A,A-000005749
7054,B,B-000005757
7055,A,A-000005750
7055,B,B-000005758
7056,A,A-000005751
7056,B,B-000005759
7057,A,A-000005752
7057,B,B-000005760
7058,A,A-000005753
7058,B,B-000005761
7059,A,A-000005754
7059,B,B-000005762
7060,A,A-000005755
7060,B,B-000005763
7061,A,A-000005756
7061,B,B-000005764
7062,A,A-000005757
7062,B,B-000005765
7063,A,A-000005758
7063,B,B-000005766
7064,A,A-000005759
7064,B,B-000005767
7065,A,A-000005760
7065,B,B-000005768
7067,A,A-000005761
7067,B,B-000005769
7068,A,A-000005762
7068,B,B-000005770
7069,A,A-000005763
7069,B,B-000005771
7071,A,A-000005764
7071,B,B-000005772
7072,A,A-000005765
7072,B,B-000005773
7073,A,A-000005766
7073,B,B-000005774
7074,A,A-000005767
7074,B,B-000005775
7075,A,A-000005768
7075,B,B-000005776
7076,A,A-000005769
7076,B,B-000005777
7077,A,A-000005770
7077,B,B-000005778
7080,A,A-000005771
7080,B,B-000005779
7081,A,A-000005772
7081,B,B-000005780
7083,A,A-000005773
7083,B,B-000005781
7084,A,A-000005774
7084,B,B-000005782
7085,A,A-000005775
7085,B,B-000005783
7086,A,A-000005776
7086,B,B-000005784
7087,A,A-000005777
7087,B,B-000005785
7088,A,A-000005778
7088,B,B-000005786
7089,A,A-000005779
7089,B,B-000005787
7090,A,A-000005780
7090,B,B-000005788
7092,A,A-000005781
7092,B,B-000005789
7093,A,A-000005782
7093,B,B-000005790
7094,A,A-000005783
7094,B,B-000005791
7095,A,A-000005784
7095,B,B-000005792
7096,A,A-000005785
7096,B,B-000005793
7097,A,A-000005786
7097,B,B-000005794
7098,A,A-000005787
7098,B,B-000005795
7100,A,A-000005788
7100,B,B-000005796
7101,A,A-000005789
7101,B,B-000005797
7102,A,A-000005790
7102,B,B-000005798
7103,A,A-000005791
7103,B,B-000005799
7104,A,A-000005792
7104,B,B-000005800
7105,A,A-000005793
7105,B,B-000005801
7106,A,A-000005794
7106,B,B-000005802
7107,A,A-000005795
7107,B,B-000005803
7108,A,A-000005796
7108,B,B-000005804
7109,A,A-000005797
7109,B,B-000005805
7110,A,A-000005798
7110,B,B-000005806
7111,A,A-000005799
7111,B,B-000005807
7112,A,A-000005800
7112,B,B-000005808
7113,A,A-000005801
7113,B,B-000005809
7114,A,A-000005802
7114,B,B-000005810
7115,A,A-000005803
7115,B,B-000005811
7116,A,A-000005804
7116,B,B-000005812
7118,A,A-000005805
7118,B,B-000005813
7119,A,A-000005806
7119,B,B-000005814
7120,A,A-000005807
7120,B,B-000005815
7121,A,A-000005808
7121,B,B-000005816
7122,A,A-000005809
7122,B,B-000005817
7123,A,A-000005810
7123,B,B-000005818
7124,A,A-000005811
7124,B,B-000005819
7127,A,A-000005812
7127,B,B-000005820
7128,A,A-000005813
7128,B,B-000005821
7129,A,A-000005814
7129,B,B-000005822
7130,A,A-000005815
7130,B,B-000005823
7131,A,A-000005816
7131,B,B-000005824
7132,A,A-000005817
7132,B,B-000005825
7133,A,A-000005818
7133,B,B-000005826
7134,A,A-000005819
7134,B,B-000005827
7135,A,A-000005820
7135,B,B-000005828
7137,A,A-000005821
7137,B,B-000005829
7138,A,A-000005822
7138,B,B-000005830
7139,A,A-000005823
7139,B,B-000005831
7140,A,A-000005824
7140,B,B-000005832
7141,A,A-000005825
7141,B,B-000005833
7143,A,A-000005826
7143,B,B-000005834
7144,A,A-000005827
7144,B,B-000005835
7145,A,A-000005828
7145,B,B-000005836
7146,A,A-000005829
7146,B,B-000005837
7147,A,A-000005830
7147,B,B-000005838
7148,A,A-000005831
7148,B,B-000005839
7149,A,A-000005832
7149,B,B-000005840
7150,A,A-000005833
7150,B,B-000005841
7152,A,A-000005834
7152,B,B-000005842
7153,A,A-000005835
7153,B,B-000005843
7154,A,A-000005836
7154,B,B-000005844
7155,A,A-000005837
7155,B,B-000005845
7156,A,A-000005838
7156,B,B-000005846
7157,A,A-000005839
7157,B,B-000005847
7158,A,A-000005840
7158,B,B-000005848
7160,A,A-000005841
7160,B,B-000005849
7161,A,A-000005842
7161,B,B-000005850
7163,A,A-000005843
7163,B,B-000005851
7165,A,A-000005844
7165,B,B-000005852
7166,A,A-000005845
7166,B,B-000005853
7167,A,A-000005846
7167,B,B-000005854
7169,A,A-000005847
7169,B,B-000005855
7170,A,A-000005848
7170,B,B-000005856
7171,A,A-000005849
7171,B,B-000005857
7172,A,A-000005850
7172,B,B-000005858
7173,A,A-000005851
7173,B,B-000005859
7174,A,A-000005852
7174,B,B-000005860
7175,A,A-000005853
7175,B,B-000005861
7177,A,A-000005854
7177,B,B-000005862
7178,A,A-000005855
7178,B,B-000005863
7180,A,A-000005856
7180,B,B-000005864
7181,A,A-000005857
7181,B,B-000005865
7182,A,A-000005858
7182,B,B-000005866
7183,A,A-000005859
7183,B,B-000005867
7185,A,A-000005860
7185,B,B-000005868
7186,A,A-000005861
7186,B,B-000005869
7187,A,A-000005862
7187,B,B-000005870
7188,A,A-000005863
7188,B,B-000005871
7190,A,A-000005864
7190,B,B-000005872
7191,A,A-000005865
7191,B,B-000005873
7193,A,A-000005866
7193,B,B-000005874
7194,A,A-000005867
7194,B,B-000005875
7195,A,A-000005868
7195,B,B-000005876
7196,A,A-000005869
7196,B,B-000005877
7197,A,A-000005870
7197,B,B-000005878
7198,A,A-000005871
7198,B,B-000005879
7199,A,A-000005872
7199,B,B-000005880
7200,A,A-000005873
7200,B,B-000005881
7201,A,A-000005874
7201,B,B-000005882
7202,A,A-000005875
7202,B,B-000005883
7203,A,A-000005876
7203,B,B-000005884
7204,A,A-000005877
7204,B,B-000005885
7205,A,A-000005878
7205,B,B-000005886
7206,A,A-000005879
7206,B,B-000005887
7207,A,A-000005880
7207,B,B-000005888
7208,A,A-000005881
7208,B,B-000005889
7209,A,A-000005882
7209,B,B-000005890
7210,A,A-000005883
7210,B,B-000005891
7211,A,A-000005884
7211,B,B-000005892
7212,A,A-000005885
7212,B,B-000005893
7213,A,A-000005886
7213,B,B-000005894
7214,A,A-000005887
7214,B,B-000005895
7215,A,A-000005888
7215,B,B-000005896
7217,A,A-000005889
7217,B,B-000005897
7218,A,A-000005890
7218,B,B-000005898
7219,A,A-000005891
7219,B,B-000005899
7220,A,A-000005892
7220,B,B-000005900
7221,A,A-000005893
7221,B,B-000005901
7223,A,A-000005894
7223,B,B-000005902
7224,A,A-000005895
7224,B,B-000005903
7226,A,A-000005896
7226,B,B-000005904
7227,A,A-000005897
7227,B,B-000005905
7228,A,A-000005898
7228,B,B-000005906
7229,A,A-000005899
7229,B,B-000005907
7231,A,A-000005900
7231,B,B-000005908
7232,A,A-000005901
7232,B,B-000005909
7233,A,A-000005902
7233,B,B-000005910
7234,A,A-000005903
7234,B,B-000005911
7235,A,A-000005904
7235,B,B-000005912
7236,A,A-000005905
7236,B,B-000005913
7237,A,A-000005906
7237,B,B-000005914
7238,A,A-000005907
7238,B,B-000005915
7240,A,A-000005908
7240,B,B-000005916
7241,A,A-000005909
7241,B,B-000005917
7242,A,A-000005910
7242,B,B-000005918
7243,A,A-000005911
7243,B,B-000005919
7247,A,A-000005912
7247,B,B-000005920
7248,A,A-000005913
7248,B,B-000005921
7249,A,A-000005914
7249,B,B-000005922
7250,A,A-000005915
7250,B,B-000005923
7251,A,A-000005916
7251,B,B-000005924
7252,A,A-000005917
7252,B,B-000005925
7253,A,A-000005918
7253,B,B-000005926
7254,A,A-000005919
7254,B,B-000005927
7256,A,A-000005920
7256,B,B-000005928
7257,A,A-000005921
7257,B,B-000005929
7259,A,A-000005922
7259,B,B-000005930
7260,A,A-000005923
7260,B,B-000005931
7261,A,A-000005924
7261,B,B-000005932
7262,A,A-000005925
7262,B,B-000005933
7263,A,A-000005926
7263,B,B-000005934
7265,A,A-000005927
7265,B,B-000005935
7266,A,A-000005928
7266,B,B-000005936
7268,A,A-000005929
7268,B,B-000005937
7269,A,A-000005930
7269,B,B-000005938
7270,A,A-000005931
7270,B,B-000005939
7272,A,A-000005932
7272,B,B-000005940
7273,A,A-000005933
7273,B,B-000005941
7276,A,A-000005934
7276,B,B-000005942
7277,A,A-000005935
7277,B,B-000005943
7278,A,A-000005936
7278,B,B-000005944
7280,A,A-000005937
7280,B,B-000005945
7281,A,A-000005938
7281,B,B-000005946
7282,A,A-000005939
7282,B,B-000005947
7283,A,A-000005940
7283,B,B-000005948
7285,A,A-000005941
7285,B,B-000005949
7286,A,A-000005942
7286,B,B-000005950
7287,A,A-000005943
7287,B,B-000005951
7289,A,A-000005944
7289,B,B-000005952
7290,A,A-000005945
7290,B,B-000005953
7291,A,A-000005946
7291,B,B-000005954
7292,A,A-000005947
7292,B,B-000005955
7295,A,A-000005948
7295,B,B-000005956
7296,A,A-000005949
7296,B,B-000005957
7297,A,A-000005950
7297,B,B-000005958
7298,A,A-000005951
7298,B,B-000005959
7300,A,A-000005952
7300,B,B-000005960
7302,A,A-000005953
7302,B,B-000005961
7303,A,A-000005954
7303,B,B-000005962
7304,A,A-000005955
7304,B,B-000005963
7305,A,A-000005956
7305,B,B-000005964
7307,A,A-000005957
7307,B,B-000005965
7310,A,A-000005958
7310,B,B-000005966
7312,A,A-000005959
7312,B,B-000005967
7313,A,A-000005960
7313,B,B-000005968
7314,A,A-000005961
7314,B,B-000005969
7315,A,A-000005962
7315,B,B-000005970
7316,A,A-000005963
7316,B,B-000005971
7317,A,A-000005964
7317,B,B-000005972
7318,A,A-000005965
7318,B,B-000005973
7319,A,A-000005966
7319,B,B-000005974
7321,A,A-000005967
7321,B,B-000005975
7322,A,A-000005968
7322,B,B-000005976
7323,A,A-000005969
7323,B,B-000005977
7324,A,A-000005970
7324,B,B-000005978
7325,A,A-000005971
7325,B,B-000005979
7326,A,A-000005972
7326,B,B-000005980
7327,A,A-000005973
7327,B,B-000005981
7328,A,A-000005974
7328,B,B-000005982
7329,A,A-000005975
7329,B,B-000005983
7330,A,A-000005976
7330,B,B-000005984
7331,A,A-000005977
7331,B,B-000005985
7332,A,A-000005978
7332,B,B-000005986
7333,A,A-000005979
7333,B,B-000005987
7334,A,A-000005980
7334,B,B-000005988
7335,A,A-000005981
7335,B,B-000005989
7336,A,A-000005982
7336,B,B-000005990
7337,A,A-000005983
7337,B,B-000005991
7339,A,A-000005984
7339,B,B-000005992
7342,A,A-000005985
7342,B,B-000005993
7343,A,A-000005986
7343,B,B-000005994
7345,A,A-000005987
7345,B,B-000005995
7346,A,A-000005988
7346,B,B-000005996
7347,A,A-000005989
7347,B,B-000005997
7348,A,A-000005990
7348,B,B-000005998
7349,A,A-000005991
7349,B,B-000005999
7350,A,A-000005992
7350,B,B-000006000
7351,A,A-000005993
7351,B,B-000006001
7352,A,A-000005994
7352,B,B-000006002
7354,A,A-000005995
7354,B,B-000006003
7355,A,A-000005996
7355,B,B-000006004
7356,A,A-000005997
7356,B,B-000006005
7357,A,A-000005998
7357,B,B-000006006
7358,A,A-000005999
7358,B,B-000006007
7359,A,A-000006000
7359,B,B-000006008
7360,A,A-000006001
7360,B,B-000006009
7361,A,A-000006002
7361,B,B-000006010
7362,A,A-000006003
7362,B,B-000006011
7363,A,A-000006004
7363,B,B-000006012
7365,A,A-000006005
7365,B,B-000006013
7366,A,A-000006006
7366,B,B-000006014
7367,A,A-000006007
7367,B,B-000006015
7368,A,A-000006008
7368,B,B-000006016
7369,A,A-000006009
7369,B,B-000006017
7371,A,A-000006010
7371,B,B-000006018
7372,A,A-000006011
7372,B,B-000006019
7373,A,A-000006012
7373,B,B-000006020
7374,A,A-000006013
7374,B,B-000006021
7375,A,A-000006014
7375,B,B-000006022
7376,A,A-000006015
7376,B,B-000006023
7377,A,A-000006016
7377,B,B-000006024
7378,A,A-000006017
7378,B,B-000006025
7379,A,A-000006018
7379,B,B-000006026
7380,A,A-000006019
7380,B,B-000006027
7381,A,A-000006020
7381,B,B-000006028
7382,A,A-000006021
7382,B,B-000006029
7383,A,A-000006022
7383,B,B-000006030
7384,A,A-000006023
7384,B,B-000006031
7386,A,A-000006024
7386,B,B-000006032
7387,A,A-000006025
7387,B,B-000006033
7389,A,A-000006026
7389,B,B-000006034
7390,A,A-000006027
7390,B,B-000006035
7391,A,A-000006028
7391,B,B-000006036
7392,A,A-000006029
7392,B,B-000006037
7393,A,A-000006030
7393,B,B-000006038
7394,A,A-000006031
7394,B,B-000006039
7395,A,A-000006032
7395,B,B-000006040
7396,A,A-000006033
7396,B,B-000006041
7397,A,A-000006034
7397,B,B-000006042
7401,A,A-000006035
7401,B,B-000006043
7402,A,A-000006036
7402,B,B-000006044
7403,A,A-000006037
7403,B,B-000006045
7404,A,A-000006038
7404,B,B-000006046
7405,A,A-000006039
7405,B,B-000006047
7406,A,A-000006040
7406,B,B-000006048
7407,A,A-000006041
7407,B,B-000006049
7408,A,A-000006042
7408,B,B-000006050
7412,A,A-000006043
7412,B,B-000006051
7414,A,A-000006044
7414,B,B-000006052
7416,A,A-000006045
7416,B,B-000006053
7417,A,A-000006046
7417,B,B-000006054
7418,A,A-000006047
7418,B,B-000006055
7419,A,A-000006048
7419,B,B-000006056
7420,A,A-000006049
7420,B,B-000006057
7421,A,A-000006050
7421,B,B-000006058
7422,A,A-000006051
7422,B,B-000006059
7423,A,A-000006052
7423,B,B-000006060
7424,A,A-000006053
7424,B,B-000006061
7425,A,A-000006054
7425,B,B-000006062
7426,A,A-000006055
7426,B,B-000006063
7427,A,A-000006056
7427,B,B-000006064
7428,A,A-000006057
7428,B,B-000006065
7429,A,A-000006058
7429,B,B-000006066
7430,A,A-000006059
7430,B,B-000006067
7432,A,A-000006060
7432,B,B-000006068
7433,A,A-000006061
7433,B,B-000006069
7434,A,A-000006062
7434,B,B-000006070
7436,A,A-000006063
7436,B,B-000006071
7437,A,A-000006064
7437,B,B-000006072
7438,A,A-000006065
7438,B,B-000006073
7439,A,A-000006066
7439,B,B-000006074
7440,A,A-000006067
7440,B,B-000006075
7441,A,A-000006068
7441,B,B-000006076
7442,A,A-000006069
7442,B,B-000006077
7443,A,A-000006070
7443,B,B-000006078
7444,A,A-000006071
7444,B,B-000006079
7445,A,A-000006072
7445,B,B-000006080
7446,A,A-000006073
7446,B,B-000006081
7447,A,A-000006074
7447,B,B-000006082
7449,A,A-000006075
7449,B,B-000006083
7451,A,A-000006076
7451,B,B-000006084
7452,A,A-000006077
7452,B,B-000006085
7453,A,A-000006078
7453,B,B-000006086
7454,A,A-000006079
7454,B,B-000006087
7455,A,A-000006080
7455,B,B-000006088
7456,A,A-000006081
7456,B,B-000006089
7457,A,A-000006082
7457,B,B-000006090
7458,A,A-000006083
7458,B,B-000006091
7459,A,A-000006084
7459,B,B-000006092
7460,A,A-000006085
7460,B,B-000006093
7461,A,A-000006086
7461,B,B-000006094
7464,A,A-000006087
7464,B,B-000006095
7465,A,A-000006088
7465,B,B-000006096
7466,A,A-000006089
7466,B,B-000006097
7467,A,A-000006090
7467,B,B-000006098
7469,A,A-000006091
7469,B,B-000006099
7470,A,A-000006092
7470,B,B-000006100
7471,A,A-000006093
7471,B,B-000006101
7472,A,A-000006094
7472,B,B-000006102
7474,A,A-000006095
7474,B,B-000006103
7475,A,A-000006096
7475,B,B-000006104
7478,A,A-000006097
7478,B,B-000006105
7479,A,A-000006098
7479,B,B-000006106
7480,A,A-000006099
7480,B,B-000006107
7481,A,A-000006100
7481,B,B-000006108
7482,A,A-000006101
7482,B,B-000006109
7483,A,A-000006102
7483,B,B-000006110
7484,A,A-000006103
7484,B,B-000006111
7485,A,A-000006104
7485,B,B-000006112
7486,A,A-000006105
7486,B,B-000006113
7487,A,A-000006106
7487,B,B-000006114
7488,A,A-000006107
7488,B,B-000006115
7489,A,A-000006108
7489,B,B-000006116
7490,A,A-000006109
7490,B,B-000006117
7491,A,A-000006110
7491,B,B-000006118
7492,A,A-000006111
7492,B,B-000006119
7493,A,A-000006112
7493,B,B-000006120
7494,A,A-000006113
7494,B,B-000006121
7495,A,A-000006114
7495,B,B-000006122
7496,A,A-000006115
7496,B,B-000006123
7497,A,A-000006116
7497,B,B-000006124
7498,A,A-000006117
7498,B,B-000006125
7499,A,A-000006118
7499,B,B-000006126
7500,A,A-000006119
7500,B,B-000006127
7502,A,A-000006120
7502,B,B-000006128
7503,A,A-000006121
7503,B,B-000006129
7504,A,A-000006122
7504,B,B-000006130
7505,A,A-000006123
7505,B,B-000006131
7506,A,A-000006124
7506,B,B-000006132
7507,A,A-000006125
7507,B,B-000006133
7508,A,A-000006126
7508,B,B-000006134
7509,B,B-000006135
7510,A,A-000006127
7510,B,B-000006136
7511,A,A-000006128
7511,B,B-000006137
7512,A,A-000006129
7512,B,B-000006138
7513,A,A-000006130
7513,B,B-000006139
7514,A,A-000006131
7514,B,B-000006140
7516,A,A-000006132
7516,B,B-000006141
7517,A,A-000006133
7517,B,B-000006142
7518,A,A-000006134
7518,B,B-000006143
7519,A,A-000006135
7519,B,B-000006144
7521,A,A-000006136
7521,B,B-000006145
7522,A,A-000006137
7522,B,B-000006146
7523,A,A-000006138
7523,B,B-000006147
7524,A,A-000006139
7524,B,B-000006148
7525,A,A-000006140
7525,B,B-000006149
7526,A,A-000006141
7526,B,B-000006150
7527,A,A-000006142
7527,B,B-000006151
7528,A,A-000006143
7528,B,B-000006152
7530,A,A-000006144
7530,B,B-000006153
7531,A,A-000006145
7531,B,B-000006154
7532,A,A-000006146
7532,B,B-000006155
7533,A,A-000006147
7533,B,B-000006156
7534,A,A-000006148
7534,B,B-000006157
7535,A,A-000006149
7535,B,B-000006158
7536,A,A-000006150
7536,B,B-000006159
7538,A,A-000006151
7538,B,B-000006160
7539,A,A-000006152
7539,B,B-000006161
7540,A,A-000006153
7540,B,B-000006162
7541,A,A-000006154
7541,B,B-000006163
7542,A,A-000006155
7542,B,B-000006164
7543,A,A-000006156
7543,B,B-000006165
7544,A,A-000006157
7544,B,B-000006166
7545,A,A-000006158
7545,B,B-000006167
7546,A,A-000006159
7546,B,B-000006168
7547,A,A-000006160
7547,B,B-000006169
7548,A,A-000006161
7548,B,B-000006170
7549,A,A-000006162
7549,B,B-000006171
7550,A,A-000006163
7550,B,B-000006172
7551,A,A-000006164
7551,B,B-000006173
7552,A,A-000006165
7552,B,B-000006174
7553,A,A-000006166
7553,B,B-000006175
7554,A,A-000006167
7554,B,B-000006176
7555,A,A-000006168
7555,B,B-000006177
7556,A,A-000006169
7556,B,B-000006178
7557,A,A-000006170
7557,B,B-000006179
7558,A,A-000006171
7558,B,B-000006180
7559,A,A-000006172
7559,B,B-000006181
7560,A,A-000006173
7560,B,B-000006182
7561,A,A-000006174
7561,B,B-000006183
7562,A,A-000006175
7562,B,B-000006184
7563,A,A-000006176
7563,B,B-000006185
7564,A,A-000006177
7564,B,B-000006186
7565,A,A-000006178
7565,B,B-000006187
7567,A,A-000006179
7567,B,B-000006188
7568,A,A-000006180
7568,B,B-000006189
7569,A,A-000006181
7569,B,B-000006190
7570,A,A-000006182
7570,B,B-000006191
7571,A,A-000006183
7571,B,B-000006192
7572,A,A-000006184
7572,B,B-000006193
7573,A,A-000006185
7573,B,B-000006194
7574,A,A-000006186
7574,B,B-000006195
7575,A,A-000006187
7575,B,B-000006196
7576,A,A-000006188
7576,B,B-000006197
7577,A,A-000006189
7577,B,B-000006198
7578,A,A-000006190
7578,B,B-000006199
7579,A,A-000006191
7579,B,B-000006200
7580,A,A-000006192
7580,B,B-000006201
7581,A,A-000006193
7581,B,B-000006202
7582,A,A-000006194
7582,B,B-000006203
7583,A,A-000006195
7583,B,B-000006204
7584,A,A-000006196
7584,B,B-000006205
7585,A,A-000006197
7585,B,B-000006206
7586,A,A-000006198
7586,B,B-000006207
7588,A,A-000006199
7588,B,B-000006208
7589,A,A-000006200
7589,B,B-000006209
7590,A,A-000006201
7590,B,B-000006210
7592,A,A-000006202
7592,B,B-000006211
7593,A,A-000006203
7593,B,B-000006212
7594,A,A-000006204
7594,B,B-000006213
7595,A,A-000006205
7595,B,B-000006214
7596,A,A-000006206
7596,B,B-000006215
7597,A,A-000006207
7597,B,B-000006216
7598,A,A-000006208
7598,B,B-000006217
7599,A,A-000006209
7599,B,B-000006218
7600,A,A-000006210
7600,B,B-000006219
7603,A,A-000006211
7603,B,B-000006220
7604,A,A-000006212
7604,B,B-000006221
7605,A,A-000006213
7605,B,B-000006222
7606,A,A-000006214
7606,B,B-000006223
7607,A,A-000006215
7607,B,B-000006224
7609,A,A-000006216
7609,B,B-000006225
7610,A,A-000006217
7610,B,B-000006226
7611,A,A-000006218
7611,B,B-000006227
7612,A,A-000006219
7612,B,B-000006228
7613,A,A-000006220
7613,B,B-000006229
7614,A,A-000006221
7614,B,B-000006230
7615,A,A-000006222
7615,B,B-000006231
7616,A,A-000006223
7616,B,B-000006232
7617,A,A-000006224
7617,B,B-000006233
7619,A,A-000006225
7619,B,B-000006234
7620,A,A-000006226
7620,B,B-000006235
7622,A,A-000006227
7622,B,B-000006236
7626,A,A-000006228
7626,B,B-000006237
7627,A,A-000006229
7627,B,B-000006238
7628,A,A-000006230
7628,B,B-000006239
7629,A,A-000006231
7629,B,B-000006240
7631,A,A-000006232
7631,B,B-000006241
7632,A,A-000006233
7632,B,B-000006242
7633,A,A-000006234
7633,B,B-000006243
7634,A,A-000006235
7634,B,B-000006244
7635,A,A-000006236
7635,B,B-000006245
7638,A,A-000006237
7638,B,B-000006246
7639,A,A-000006238
7639,B,B-000006247
7640,A,A-000006239
7640,B,B-000006248
7643,A,A-000006240
7643,B,B-000006249
7644,A,A-000006241
7644,B,B-000006250
7646,A,A-000006242
7646,B,B-000006251
7648,A,A-000006243
7648,B,B-000006252
7649,A,A-000006244
7649,B,B-000006253
7650,A,A-000006245
7650,B,B-000006254
7651,A,A-000006246
7651,B,B-000006255
7652,A,A-000006247
7652,B,B-000006256
7653,A,A-000006248
7653,B,B-000006257
7654,A,A-000006249
7654,B,B-000006258
7655,A,A-000006250
7655,B,B-000006259
7656,A,A-000006251
7656,B,B-000006260
7657,A,A-000006252
7657,B,B-000006261
7658,A,A-000006253
7658,B,B-000006262
7659,A,A-000006254
7659,B,B-000006263
7660,A,A-000006255
7660,B,B-000006264
7661,A,A-000006256
7661,B,B-000006265
7663,A,A-000006257
7663,B,B-000006266
7664,A,A-000006258
7664,B,B-000006267
7665,A,A-000006259
7665,B,B-000006268
7666,A,A-000006260
7666,B,B-000006269
7667,A,A-000006261
7667,B,B-000006270
7668,A,A-000006262
7668,B,B-000006271
7669,A,A-000006263
7669,B,B-000006272
7670,A,A-000006264
7670,B,B-000006273
7673,A,A-000006265
7673,B,B-000006274
7674,A,A-000006266
7674,B,B-000006275
7676,A,A-000006267
7676,B,B-000006276
7677,A,A-000006268
7677,B,B-000006277
7678,A,A-000006269
7678,B,B-000006278
7679,A,A-000006270
7679,B,B-000006279
7680,A,A-000006271
7680,B,B-000006280
7681,A,A-000006272
7681,B,B-000006281
7682,A,A-000006273
7682,B,B-000006282
7683,A,A-000006274
7683,B,B-000006283
7684,A,A-000006275
7684,B,B-000006284
7685,A,A-000006276
7685,B,B-000006285
7686,A,A-000006277
7686,B,B-000006286
7687,A,A-000006278
7687,B,B-000006287
7688,A,A-000006279
7688,B,B-000006288
7690,A,A-000006280
7690,B,B-000006289
7693,A,A-000006281
7693,B,B-000006290
7694,A,A-000006282
7694,B,B-000006291
7697,A,A-000006283
7697,B,B-000006292
7698,A,A-000006284
7698,B,B-000006293
7699,A,A-000006285
7699,B,B-000006294
7700,A,A-000006286
7700,B,B-000006295
7701,A,A-000006287
7701,B,B-000006296
7702,A,A-000006288
7702,B,B-000006297
7703,A,A-000006289
7703,B,B-000006298
7704,A,A-000006290
7704,B,B-000006299
7705,A,A-000006291
7705,B,B-000006300
7706,A,A-000006292
7706,B,B-000006301
7708,A,A-000006293
7708,B,B-000006302
7709,A,A-000006294
7709,B,B-000006303
7710,A,A-000006295
7710,B,B-000006304
7711,A,A-000006296
7711,B,B-000006305
7712,A,A-000006297
7712,B,B-000006306
7713,A,A-000006298
7713,B,B-000006307
7715,A,A-000006299
7715,B,B-000006308
7716,A,A-000006300
7716,B,B-000006309
7717,A,A-000006301
7717,B,B-000006310
7718,A,A-000006302
7718,B,B-000006311
7719,A,A-000006303
7719,B,B-000006312
7720,A,A-000006304
7720,B,B-000006313
7721,A,A-000006305
7721,B,B-000006314
7722,A,A-000006306
7722,B,B-000006315
7724,A,A-000006307
7724,B,B-000006316
7725,A,A-000006308
7725,B,B-000006317
7726,A,A-000006309
7726,B,B-000006318
7727,A,A-000006310
7727,B,B-000006319
7728,A,A-000006311
7728,B,B-000006320
7729,A,A-000006312
7729,B,B-000006321
7730,A,A-000006313
7730,B,B-000006322
7731,A,A-000006314
7731,B,B-000006323
7732,A,A-000006315
7732,B,B-000006324
7733,A,A-000006316
7733,B,B-000006325
7734,A,A-000006317
7734,B,B-000006326
7735,A,A-000006318
7735,B,B-000006327
7736,A,A-000006319
7736,B,B-000006328
7737,A,A-000006320
7737,B,B-000006329
7740,A,A-000006321
7740,B,B-000006330
7741,A,A-000006322
7741,B,B-000006331
7742,A,A-000006323
7742,B,B-000006332
7744,A,A-000006324
7744,B,B-000006333
7745,A,A-000006325
7745,B,B-000006334
7746,A,A-000006326
7746,B,B-000006335
7747,A,A-000006327
7747,B,B-000006336
7749,A,A-000006328
7749,B,B-000006337
7750,A,A-000006329
7750,B,B-000006338
7751,A,A-000006330
7751,B,B-000006339
7752,A,A-000006331
7752,B,B-000006340
7753,A,A-000006332
7753,B,B-000006341
7754,A,A-000006333
7754,B,B-000006342
7755,A,A-000006334
7755,B,B-000006343
7756,A,A-000006335
7756,B,B-000006344
7757,A,A-000006336
7757,B,B-000006345
7758,A,A-000006337
7758,B,B-000006346
7759,A,A-000006338
7759,B,B-000006347
7761,A,A-000006339
7761,B,B-000006348
7762,A,A-000006340
7762,B,B-000006349
7763,A,A-000006341
7763,B,B-000006350
7764,A,A-000006342
7764,B,B-000006351
7765,A,A-000006343
7765,B,B-000006352
7766,A,A-000006344
7766,B,B-000006353
7767,A,A-000006345
7767,B,B-000006354
7770,A,A-000006346
7770,B,B-000006355
7771,A,A-000006347
7771,B,B-000006356
7772,A,A-000006348
7772,B,B-000006357
7773,A,A-000006349
7773,B,B-000006358
7774,A,A-000006350
7774,B,B-000006359
7775,A,A-000006351
7775,B,B-000006360
7776,A,A-000006352
7776,B,B-000006361
7777,A,A-000006353
7777,B,B-000006362
7778,A,A-000006354
7778,B,B-000006363
7779,A,A-000006355
7779,B,B-000006364
7781,A,A-000006356
7781,B,B-000006365
7782,A,A-000006357
7782,B,B-000006366
7784,A,A-000006358
7784,B,B-000006367
7785,A,A-000006359
7785,B,B-000006368
7787,A,A-000006360
7787,B,B-000006369
7788,A,A-000006361
7788,B,B-000006370
7789,A,A-000006362
7789,B,B-000006371
7790,A,A-000006363
7790,B,B-000006372
7791,A,A-000006364
7791,B,B-000006373
7793,A,A-000006365
7793,B,B-000006374
7794,A,A-000006366
7794,B,B-000006375
7795,A,A-000006367
7795,B,B-000006376
7797,A,A-000006368
7797,B,B-000006377
7798,A,A-000006369
7798,B,B-000006378
7801,A,A-000006370
7801,B,B-000006379
7802,A,A-000006371
7802,B,B-000006380
7803,A,A-000006372
7803,B,B-000006381
7804,A,A-000006373
7804,B,B-000006382
7805,A,A-000006374
7805,B,B-000006383
7806,A,A-000006375
7806,B,B-000006384
7807,A,A-000006376
7807,B,B-000006385
7808,A,A-000006377
7808,B,B-000006386
7809,A,A-000006378
7809,B,B-000006387
7810,A,A-000006379
7810,B,B-000006388
7812,A,A-000006380
7812,B,B-000006389
7814,A,A-000006381
7814,B,B-000006390
7815,A,A-000006382
7815,B,B-000006391
7816,A,A-000006383
7816,B,B-000006392
7817,A,A-000006384
7817,B,B-000006393
7818,A,A-000006385
7818,B,B-000006394
7819,A,A-000006386
7819,B,B-000006395
7820,A,A-000006387
7820,B,B-000006396
7821,A,A-000006388
7821,B,B-000006397
7822,A,A-000006389
7822,B,B-000006398
7823,A,A-000006390
7823,B,B-000006399
7824,A,A-000006391
7824,B,B-000006400
7825,A,A-000006392
7825,B,B-000006401
7826,A,A-000006393
7826,B,B-000006402
7827,A,A-000006394
7827,B,B-000006403
7828,A,A-000006395
7828,B,B-000006404
7829,A,A-000006396
7829,B,B-000006405
7831,A,A-000006397
7831,B,B-000006406
7832,A,A-000006398
7832,B,B-000006407
7833,A,A-000006399
7833,B,B-000006408
7834,A,A-000006400
7834,B,B-000006409
7835,A,A-000006401
7835,B,B-000006410
7836,A,A-000006402
7836,B,B-000006411
7837,A,A-000006403
7837,B,B-000006412
7839,A,A-000006404
7839,B,B-000006413
7840,A,A-000006405
7840,B,B-000006414
7842,A,A-000006406
7842,B,B-000006415
7843,A,A-000006407
7843,B,B-000006416
7844,A,A-000006408
7844,B,B-000006417
7846,A,A-000006409
7846,B,B-000006418
7847,A,A-000006410
7847,B,B-000006419
7848,A,A-000006411
7848,B,B-000006420
7849,A,A-000006412
7849,B,B-000006421
7850,A,A-000006413
7850,B,B-000006422
7851,A,A-000006414
7851,B,B-000006423
7852,A,A-000006415
7852,B,B-000006424
7853,A,A-000006416
7853,B,B-000006425
7854,A,A-000006417
7854,B,B-000006426
7855,A,A-000006418
7855,B,B-000006427
7857,A,A-000006419
7857,B,B-000006428
7859,A,A-000006420
7859,B,B-000006429
7860,A,A-000006421
7860,B,B-000006430
7863,A,A-000006422
7863,B,B-000006431
7864,A,A-000006423
7864,B,B-000006432
7865,A,A-000006424
7865,B,B-000006433
7867,A,A-000006425
7867,B,B-000006434
7868,A,A-000006426
7868,B,B-000006435
7869,A,A-000006427
7869,B,B-000006436
7870,A,A-000006428
7870,B,B-000006437
7871,A,A-000006429
7871,B,B-000006438
7872,A,A-000006430
7872,B,B-000006439
7873,A,A-000006431
7873,B,B-000006440
7875,A,A-000006432
7875,B,B-000006441
7876,A,A-000006433
7876,B,B-000006442
7877,A,A-000006434
7877,B,B-000006443
7878,A,A-000006435
7878,B,B-000006444
7879,A,A-000006436
7879,B,B-000006445
7880,A,A-000006437
7880,B,B-000006446
7881,A,A-000006438
7881,B,B-000006447
7883,A,A-000006439
7883,B,B-000006448
7884,A,A-000006440
7884,B,B-000006449
7885,A,A-000006441
7885,B,B-000006450
7886,A,A-000006442
7886,B,B-000006451
7888,A,A-000006443
7888,B,B-000006452
7889,A,A-000006444
7889,B,B-000006453
7890,A,A-000006445
7890,B,B-000006454
7891,A,A-000006446
7891,B,B-000006455
7892,A,A-000006447
7892,B,B-000006456
7893,A,A-000006448
7893,B,B-000006457
7894,A,A-000006449
7894,B,B-000006458
7895,A,A-000006450
7895,B,B-000006459
7896,A,A-000006451
7896,B,B-000006460
7897,A,A-000006452
7897,B,B-000006461
7898,A,A-000006453
7898,B,B-000006462
7899,A,A-000006454
7899,B,B-000006463
7900,A,A-000006455
7900,B,B-000006464
7901,A,A-000006456
7901,B,B-000006465
7902,A,A-000006457
7902,B,B-000006466
7905,A,A-000006458
7905,B,B-000006467
7906,A,A-000006459
7906,B,B-000006468
7907,A,A-000006460
7907,B,B-000006469
7908,A,A-000006461
7908,B,B-000006470
7909,A,A-000006462
7909,B,B-000006471
7911,A,A-000006463
7911,B,B-000006472
7912,A,A-000006464
7912,B,B-000006473
7914,A,A-000006465
7914,B,B-000006474
7915,A,A-000006466
7915,B,B-000006475
7916,A,A-000006467
7916,B,B-000006476
7917,A,A-000006468
7917,B,B-000006477
7920,A,A-000006469
7920,B,B-000006478
7921,A,A-000006470
7921,B,B-000006479
7922,A,A-000006471
7922,B,B-000006480
7923,A,A-000006472
7923,B,B-000006481
7924,A,A-000006473
7924,B,B-000006482
7926,A,A-000006474
7926,B,B-000006483
7927,A,A-000006475
7927,B,B-000006484
7928,A,A-000006476
7928,B,B-000006485
7929,A,A-000006477
7929,B,B-000006486
7930,A,A-000006478
7930,B,B-000006487
7932,A,A-000006479
7932,B,B-000006488
7933,A,A-000006480
7933,B,B-000006489
7934,A,A-000006481
7934,B,B-000006490
7936,A,A-000006482
7936,B,B-000006491
7938,A,A-000006483
7938,B,B-000006492
7940,A,A-000006484
7940,B,B-000006493
7941,A,A-000006485
7941,B,B-000006494
7943,A,A-000006486
7943,B,B-000006495
7944,A,A-000006487
7944,B,B-000006496
7945,A,A-000006488
7945,B,B-000006497
7947,A,A-000006489
7947,B,B-000006498
7948,A,A-000006490
7948,B,B-000006499
7949,A,A-000006491
7949,B,B-000006500
7950,A,A-000006492
7950,B,B-000006501
7951,A,A-000006493
7951,B,B-000006502
7952,A,A-000006494
7952,B,B-000006503
7953,A,A-000006495
7953,B,B-000006504
7954,A,A-000006496
7954,B,B-000006505
7955,A,A-000006497
7955,B,B-000006506
7956,A,A-000006498
7956,B,B-000006507
7957,A,A-000006499
7957,B,B-000006508
7959,A,A-000006500
7959,B,B-000006509
7960,A,A-000006501
7960,B,B-000006510
7961,A,A-000006502
7961,B,B-000006511
7962,A,A-000006503
7962,B,B-000006512
7963,A,A-000006504
7963,B,B-000006513
7964,A,A-000006505
7964,B,B-000006514
7965,A,A-000006506
7965,B,B-000006515
7966,A,A-000006507
7966,B,B-000006516
7967,A,A-000006508
7967,B,B-000006517
7969,A,A-000006509
7969,B,B-000006518
7970,A,A-000006510
7970,B,B-000006519
7972,A,A-000006511
7972,B,B-000006520
7973,A,A-000006512
7973,B,B-000006521
7974,A,A-000006513
7974,B,B-000006522
7975,A,A-000006514
7975,B,B-000006523
7976,A,A-000006515
7976,B,B-000006524
7977,A,A-000006516
7977,B,B-000006525
7979,A,A-000006517
7979,B,B-000006526
7981,A,A-000006518
7981,B,B-000006527
7982,A,A-000006519
7982,B,B-000006528
7983,A,A-000006520
7983,B,B-000006529
7984,A,A-000006521
7984,B,B-000006530
7985,A,A-000006522
7985,B,B-000006531
7986,A,A-000006523
7986,B,B-000006532
7987,A,A-000006524
7987,B,B-000006533
7988,A,A-000006525
7988,B,B-000006534
7990,A,A-000006526
7990,B,B-000006535
7991,A,A-000006527
7991,B,B-000006536
7992,A,A-000006528
7992,B,B-000006537
7993,A,A-000006529
7993,B,B-000006538
7994,A,A-000006530
7994,B,B-000006539
7995,A,A-000006531
7995,B,B-000006540
7998,A,A-000006532
7998,B,B-000006541
7999,A,A-000006533
7999,B,B-000006542
8000,A,A-000006534
8000,B,B-000006543
8001,A,A-000006535
8001,B,B-000006544
8002,A,A-000006536
8002,B,B-000006545
8005,A,A-000006537
8005,B,B-000006546
8006,A,A-000006538
8006,B,B-000006547
8007,A,A-000006539
8007,B,B-000006548
8008,A,A-000006540
8008,B,B-000006549
8009,A,A-000006541
8009,B,B-000006550
8012,A,A-000006542
8012,B,B-000006551
8013,A,A-000006543
8013,B,B-000006552
8014,A,A-000006544
8014,B,B-000006553
8015,A,A-000006545
8015,B,B-000006554
8016,A,A-000006546
8016,B,B-000006555
8017,A,A-000006547
8017,B,B-000006556
8018,A,A-000006548
8018,B,B-000006557
8019,A,A-000006549
8019,B,B-000006558
8021,A,A-000006550
8021,B,B-000006559
8022,A,A-000006551
8022,B,B-000006560
8023,A,A-000006552
8023,B,B-000006561
8024,A,A-000006553
8024,B,B-000006562
8025,A,A-000006554
8025,B,B-000006563
8027,A,A-000006555
8027,B,B-000006564
8028,A,A-000006556
8028,B,B-000006565
8029,A,A-000006557
8029,B,B-000006566
8030,A,A-000006558
8030,B,B-000006567
8031,A,A-000006559
8031,B,B-000006568
8032,A,A-000006560
8032,B,B-000006569
8033,A,A-000006561
8033,B,B-000006570
8034,A,A-000006562
8034,B,B-000006571
8035,A,A-000006563
8035,B,B-000006572
8036,A,A-000006564
8036,B,B-000006573
8037,A,A-000006565
8037,B,B-000006574
8038,A,A-000006566
8038,B,B-000006575
8041,A,A-000006567
8041,B,B-000006576
8042,A,A-000006568
8042,B,B-000006577
8044,A,A-000006569
8044,B,B-000006578
8045,A,A-000006570
8045,B,B-000006579
8046,A,A-000006571
8046,B,B-000006580
8047,A,A-000006572
8047,B,B-000006581
8051,A,A-000006573
8051,B,B-000006582
8052,A,A-000006574
8052,B,B-000006583
8053,A,A-000006575
8053,B,B-000006584
8054,A,A-000006576
8054,B,B-000006585
8055,A,A-000006577
8055,B,B-000006586
8056,A,A-000006578
8056,B,B-000006587
8057,A,A-000006579
8057,B,B-000006588
8058,A,A-000006580
8058,B,B-000006589
8059,A,A-000006581
8059,B,B-000006590
8060,A,A-000006582
8060,B,B-000006591
8061,A,A-000006583
8061,B,B-000006592
8062,A,A-000006584
8062,B,B-000006593
8063,A,A-000006585
8063,B,B-000006594
8064,A,A-000006586
8064,B,B-000006595
8066,A,A-000006587
8066,B,B-000006596
8067,A,A-000006588
8067,B,B-000006597
8069,A,A-000006589
8069,B,B-000006598
8071,A,A-000006590
8071,B,B-000006599
8073,A,A-000006591
8073,B,B-000006600
8074,A,A-000006592
8074,B,B-000006601
8075,A,A-000006593
8075,B,B-000006602
8076,A,A-000006594
8076,B,B-000006603
8077,A,A-000006595
8077,B,B-000006604
8078,A,A-000006596
8078,B,B-000006605
8081,A,A-000006597
8081,B,B-000006606
8082,A,A-000006598
8082,B,B-000006607
8083,A,A-000006599
8083,B,B-000006608
8084,A,A-000006600
8084,B,B-000006609
8085,A,A-000006601
8085,B,B-000006610
8087,A,A-000006602
8087,B,B-000006611
8088,A,A-000006603
8088,B,B-000006612
8089,A,A-000006604
8089,B,B-000006613
8090,A,A-000006605
8090,B,B-000006614
8091,A,A-000006606
8091,B,B-000006615
8092,A,A-000006607
8092,B,B-000006616
8093,A,A-000006608
8093,B,B-000006617
8094,A,A-000006609
8094,B,B-000006618
8095,A,A-000006610
8095,B,B-000006619
8096,A,A-000006611
8096,B,B-000006620
8097,A,A-000006612
8097,B,B-000006621
8098,A,A-000006613
8098,B,B-000006622
8099,B,B-000006623
8100,A,A-000006614
8100,B,B-000006624
8101,A,A-000006615
8101,B,B-000006625
8102,A,A-000006616
8102,B,B-000006626
8104,A,A-000006617
8104,B,B-000006627
8106,A,A-000006618
8106,B,B-000006628
8107,A,A-000006619
8107,B,B-000006629
8108,A,A-000006620
8108,B,B-000006630
8109,A,A-000006621
8109,B,B-000006631
8110,A,A-000006622
8110,B,B-000006632
8111,A,A-000006623
8111,B,B-000006633
8112,A,A-000006624
8112,B,B-000006634
8113,A,A-000006625
8113,B,B-000006635
8114,A,A-000006626
8114,B,B-000006636
8117,A,A-000006627
8117,B,B-000006637
8118,A,A-000006628
8118,B,B-000006638
8119,A,A-000006629
8119,B,B-000006639
8120,A,A-000006630
8120,B,B-000006640
8121,A,A-000006631
8121,B,B-000006641
8122,A,A-000006632
8122,B,B-000006642
8123,A,A-000006633
8123,B,B-000006643
8124,A,A-000006634
8124,B,B-000006644
8125,A,A-000006635
8125,B,B-000006645
8126,A,A-000006636
8126,B,B-000006646
8127,A,A-000006637
8127,B,B-000006647
8128,A,A-000006638
8128,B,B-000006648
8129,A,A-000006639
8129,B,B-000006649
8131,A,A-000006640
8131,B,B-000006650
8132,A,A-000006641
8132,B,B-000006651
8133,A,A-000006642
8133,B,B-000006652
8134,A,A-000006643
8134,B,B-000006653
8135,A,A-000006644
8135,B,B-000006654
8138,A,A-000006645
8138,B,B-000006655
8139,A,A-000006646
8139,B,B-000006656
8140,A,A-000006647
8140,B,B-000006657
8142,A,A-000006648
8142,B,B-000006658
8143,A,A-000006649
8143,B,B-000006659
8144,A,A-000006650
8144,B,B-000006660
8146,A,A-000006651
8146,B,B-000006661
8147,A,A-000006652
8147,B,B-000006662
8149,A,A-000006653
8149,B,B-000006663
8150,A,A-000006654
8150,B,B-000006664
8151,A,A-000006655
8151,B,B-000006665
8153,A,A-000006656
8153,B,B-000006666
8154,A,A-000006657
8154,B,B-000006667
8155,A,A-000006658
8155,B,B-000006668
8156,A,A-000006659
8156,B,B-000006669
8157,A,A-000006660
8157,B,B-000006670
8158,A,A-000006661
8158,B,B-000006671
8159,A,A-000006662
8159,B,B-000006672
8160,A,A-000006663
8160,B,B-000006673
8161,A,A-000006664
8161,B,B-000006674
8162,A,A-000006665
8162,B,B-000006675
8163,A,A-000006666
8163,B,B-000006676
8164,A,A-000006667
8164,B,B-000006677
8165,A,A-000006668
8165,B,B-000006678
8166,A,A-000006669
8166,B,B-000006679
8167,A,A-000006670
8167,B,B-000006680
8168,A,A-000006671
8168,B,B-000006681
8170,A,A-000006672
8170,B,B-000006682
8171,A,A-000006673
8171,B,B-000006683
8172,A,A-000006674
8172,B,B-000006684
8174,A,A-000006675
8174,B,B-000006685
8175,A,A-000006676
8175,B,B-000006686
8176,A,A-000006677
8176,B,B-000006687
8178,A,A-000006678
8178,B,B-000006688
8179,A,A-000006679
8179,B,B-000006689
8180,A,A-000006680
8180,B,B-000006690
8182,A,A-000006681
8182,B,B-000006691
8183,A,A-000006682
8183,B,B-000006692
8184,A,A-000006683
8184,B,B-000006693
8186,A,A-000006684
8186,B,B-000006694
8189,A,A-000006685
8189,B,B-000006695
8190,A,A-000006686
8190,B,B-000006696
8191,A,A-000006687
8191,B,B-000006697
8193,A,A-000006688
8193,B,B-000006698
8194,A,A-000006689
8194,B,B-000006699
8195,A,A-000006690
8195,B,B-000006700
8196,A,A-000006691
8196,B,B-000006701
8197,A,A-000006692
8197,B,B-000006702
8198,A,A-000006693
8198,B,B-000006703
8199,A,A-000006694
8199,B,B-000006704
8200,A,A-000006695
8200,B,B-000006705
8201,A,A-000006696
8201,B,B-000006706
8202,A,A-000006697
8202,B,B-000006707
8203,A,A-000006698
8203,B,B-000006708
8204,A,A-000006699
8204,B,B-000006709
8205,A,A-000006700
8205,B,B-000006710
8206,A,A-000006701
8206,B,B-000006711
8208,A,A-000006702
8208,B,B-000006712
8209,A,A-000006703
8209,B,B-000006713
8210,A,A-000006704
8210,B,B-000006714
8211,A,A-000006705
8211,B,B-000006715
8212,A,A-000006706
8212,B,B-000006716
8213,A,A-000006707
8213,B,B-000006717
8214,A,A-000006708
8214,B,B-000006718
8215,A,A-000006709
8215,B,B-000006719
8216,A,A-000006710
8216,B,B-000006720
8217,A,A-000006711
8217,B,B-000006721
8218,A,A-000006712
8218,B,B-000006722
8219,A,A-000006713
8219,B,B-000006723
8220,A,A-000006714
8220,B,B-000006724
8221,A,A-000006715
8221,B,B-000006725
8223,A,A-000006716
8223,B,B-000006726
8225,A,A-000006717
8225,B,B-000006727
8226,A,A-000006718
8226,B,B-000006728
8227,A,A-000006719
8227,B,B-000006729
8228,A,A-000006720
8228,B,B-000006730
8229,A,A-000006721
8229,B,B-000006731
8230,A,A-000006722
8230,B,B-000006732
8231,A,A-000006723
8231,B,B-000006733
8235,A,A-000006724
8235,B,B-000006734
8236,A,A-000006725
8236,B,B-000006735
8237,A,A-000006726
8237,B,B-000006736
8238,A,A-000006727
8238,B,B-000006737
8239,A,A-000006728
8239,B,B-000006738
8240,A,A-000006729
8240,B,B-000006739
8241,A,A-000006730
8241,B,B-000006740
8242,A,A-000006731
8242,B,B-000006741
8243,A,A-000006732
8243,B,B-000006742
8245,A,A-000006733
8245,B,B-000006743
8246,A,A-000006734
8246,B,B-000006744
8247,A,A-000006735
8247,B,B-000006745
8248,A,A-000006736
8248,B,B-000006746
8249,A,A-000006737
8249,B,B-000006747
8250,A,A-000006738
8250,B,B-000006748
8251,A,A-000006739
8251,B,B-000006749
8252,A,A-000006740
8252,B,B-000006750
8253,A,A-000006741
8253,B,B-000006751
8254,A,A-000006742
8254,B,B-000006752
8256,A,A-000006743
8256,B,B-000006753
8257,A,A-000006744
8257,B,B-000006754
8258,A,A-000006745
8258,B,B-000006755
8259,A,A-000006746
8259,B,B-000006756
8260,A,A-000006747
8260,B,B-000006757
8261,A,A-000006748
8261,B,B-000006758
8262,A,A-000006749
8262,B,B-000006759
8263,A,A-000006750
8263,B,B-000006760
8264,A,A-000006751
8264,B,B-000006761
8266,A,A-000006752
8266,B,B-000006762
8270,A,A-000006753
8270,B,B-000006763
8271,A,A-000006754
8271,B,B-000006764
8272,A,A-000006755
8272,B,B-000006765
8273,A,A-000006756
8273,B,B-000006766
8276,A,A-000006757
8276,B,B-000006767
8277,A,A-000006758
8277,B,B-000006768
8278,A,A-000006759
8278,B,B-000006769
8279,A,A-000006760
8279,B,B-000006770
8280,A,A-000006761
8280,B,B-000006771
8281,A,A-000006762
8281,B,B-000006772
8282,A,A-000006763
8282,B,B-000006773
8283,A,A-000006764
8283,B,B-000006774
8284,A,A-000006765
8284,B,B-000006775
8285,A,A-000006766
8285,B,B-000006776
8287,B,B-000006777
8288,A,A-000006767
8288,B,B-000006778
8289,A,A-000006768
8289,B,B-000006779
8290,A,A-000006769
8290,B,B-000006780
8291,A,A-000006770
8291,B,B-000006781
8292,A,A-000006771
8292,B,B-000006782
8293,A,A-000006772
8293,B,B-000006783
8294,A,A-000006773
8294,B,B-000006784
8295,A,A-000006774
8295,B,B-000006785
8296,A,A-000006775
8296,B,B-000006786
8297,A,A-000006776
8297,B,B-000006787
8298,A,A-000006777
8298,B,B-000006788
8299,A,A-000006778
8299,B,B-000006789
8300,A,A-000006779
8300,B,B-000006790
8302,A,A-000006780
8302,B,B-000006791
8303,A,A-000006781
8303,B,B-000006792
8304,A,A-000006782
8304,B,B-000006793
8305,A,A-000006783
8305,B,B-000006794
8306,A,A-000006784
8306,B,B-000006795
8307,A,A-000006785
8307,B,B-000006796
8308,A,A-000006786
8308,B,B-000006797
8309,A,A-000006787
8309,B,B-000006798
8310,A,A-000006788
8310,B,B-000006799
8311,A,A-000006789
8311,B,B-000006800
8312,A,A-000006790
8312,B,B-000006801
8313,A,A-000006791
8313,B,B-000006802
8314,A,A-000006792
8314,B,B-000006803
8315,A,A-000006793
8315,B,B-000006804
8316,A,A-000006794
8316,B,B-000006805
8318,A,A-000006795
8318,B,B-000006806
8320,A,A-000006796
8320,B,B-000006807
8321,A,A-000006797
8321,B,B-000006808
8322,A,A-000006798
8322,B,B-000006809
8323,A,A-000006799
8323,B,B-000006810
8324,A,A-000006800
8324,B,B-000006811
8325,A,A-000006801
8325,B,B-000006812
8326,A,A-000006802
8326,B,B-000006813
8327,A,A-000006803
8327,B,B-000006814
8328,A,A-000006804
8328,B,B-000006815
8329,A,A-000006805
8329,B,B-000006816
8330,A,A-000006806
8330,B,B-000006817
8331,A,A-000006807
8331,B,B-000006818
8332,A,A-000006808
8332,B,B-000006819
8333,A,A-000006809
8333,B,B-000006820
8335,A,A-000006810
8335,B,B-000006821
8336,A,A-000006811
8336,B,B-000006822
8337,A,A-000006812
8337,B,B-000006823
8338,A,A-000006813
8338,B,B-000006824
8340,A,A-000006814
8340,B,B-000006825
8341,A,A-000006815
8341,B,B-000006826
8342,A,A-000006816
8342,B,B-000006827
8343,A,A-000006817
8343,B,B-000006828
8344,A,A-000006818
8344,B,B-000006829
8345,A,A-000006819
8345,B,B-000006830
8346,A,A-000006820
8346,B,B-000006831
8348,A,A-000006821
8348,B,B-000006832
8349,A,A-000006822
8349,B,B-000006833
8350,A,A-000006823
8350,B,B-000006834
8351,A,A-000006824
8351,B,B-000006835
8352,A,A-000006825
8352,B,B-000006836
8353,A,A-000006826
8353,B,B-000006837
8354,A,A-000006827
8354,B,B-000006838
8355,A,A-000006828
8355,B,B-000006839
8356,A,A-000006829
8356,B,B-000006840
8357,A,A-000006830
8357,B,B-000006841
8358,A,A-000006831
8358,B,B-000006842
8361,A,A-000006832
8361,B,B-000006843
8362,A,A-000006833
8362,B,B-000006844
8363,A,A-000006834
8363,B,B-000006845
8364,A,A-000006835
8364,B,B-000006846
8365,A,A-000006836
8365,B,B-000006847
8366,A,A-000006837
8366,B,B-000006848
8368,A,A-000006838
8368,B,B-000006849
8370,A,A-000006839
8370,B,B-000006850
8371,A,A-000006840
8371,B,B-000006851
8372,A,A-000006841
8372,B,B-000006852
8375,A,A-000006842
8375,B,B-000006853
8376,A,A-000006843
8376,B,B-000006854
8377,A,A-000006844
8377,B,B-000006855
8378,A,A-000006845
8378,B,B-000006856
8379,A,A-000006846
8379,B,B-000006857
8380,A,A-000006847
8380,B,B-000006858
8381,A,A-000006848
8381,B,B-000006859
8383,A,A-000006849
8383,B,B-000006860
8384,A,A-000006850
8384,B,B-000006861
8385,A,A-000006851
8385,B,B-000006862
8387,A,A-000006852
8387,B,B-000006863
8388,A,A-000006853
8388,B,B-000006864
8390,A,A-000006854
8390,B,B-000006865
8391,A,A-000006855
8391,B,B-000006866
8392,A,A-000006856
8392,B,B-000006867
8393,A,A-000006857
8393,B,B-000006868
8394,A,A-000006858
8394,B,B-000006869
8395,A,A-000006859
8395,B,B-000006870
8396,A,A-000006860
8396,B,B-000006871
8397,A,A-000006861
8397,B,B-000006872
8398,A,A-000006862
8398,B,B-000006873
8399,A,A-000006863
8399,B,B-000006874
8400,A,A-000006864
8400,B,B-000006875
8401,A,A-000006865
8401,B,B-000006876
8402,A,A-000006866
8402,B,B-000006877
8403,A,A-000006867
8403,B,B-000006878
8404,A,A-000006868
8404,B,B-000006879
8406,A,A-000006869
8406,B,B-000006880
8408,A,A-000006870
8408,B,B-000006881
8409,A,A-000006871
8409,B,B-000006882
8410,A,A-000006872
8410,B,B-000006883
8412,A,A-000006873
8412,B,B-000006884
8413,A,A-000006874
8413,B,B-000006885
8414,A,A-000006875
8414,B,B-000006886
8415,A,A-000006876
8415,B,B-000006887
8416,A,A-000006877
8416,B,B-000006888
8417,A,A-000006878
8417,B,B-000006889
8418,A,A-000006879
8418,B,B-000006890
8420,A,A-000006880
8420,B,B-000006891
8421,A,A-000006881
8421,B,B-000006892
8423,A,A-000006882
8423,B,B-000006893
8425,A,A-000006883
8425,B,B-000006894
8426,A,A-000006884
8426,B,B-000006895
8427,A,A-000006885
8427,B,B-000006896
8428,A,A-000006886
8428,B,B-000006897
8429,A,A-000006887
8429,B,B-000006898
8430,A,A-000006888
8430,B,B-000006899
8431,A,A-000006889
8431,B,B-000006900
8432,A,A-000006890
8432,B,B-000006901
8434,A,A-000006891
8434,B,B-000006902
8435,A,A-000006892
8435,B,B-000006903
8436,A,A-000006893
8436,B,B-000006904
8437,A,A-000006894
8437,B,B-000006905
8438,A,A-000006895
8438,B,B-000006906
8439,A,A-000006896
8439,B,B-000006907
8441,A,A-000006897
8441,B,B-000006908
8442,A,A-000006898
8442,B,B-000006909
8443,A,A-000006899
8443,B,B-000006910
8444,A,A-000006900
8444,B,B-000006911
8445,A,A-000006901
8445,B,B-000006912
8446,A,A-000006902
8446,B,B-000006913
8447,A,A-000006903
8447,B,B-000006914
8448,A,A-000006904
8448,B,B-000006915
8449,A,A-000006905
8449,B,B-000006916
8450,A,A-000006906
8450,B,B-000006917
8451,A,A-000006907
8451,B,B-000006918
8452,A,A-000006908
8452,B,B-000006919
8453,A,A-000006909
8453,B,B-000006920
8454,A,A-000006910
8454,B,B-000006921
8455,A,A-000006911
8455,B,B-000006922
8456,A,A-000006912
8456,B,B-000006923
8457,A,A-000006913
8457,B,B-000006924
8458,A,A-000006914
8458,B,B-000006925
8459,A,A-000006915
8459,B,B-000006926
8461,A,A-000006916
8461,B,B-000006927
8463,A,A-000006917
8463,B,B-000006928
8464,A,A-000006918
8464,B,B-000006929
8465,A,A-000006919
8465,B,B-000006930
8466,A,A-000006920
8466,B,B-000006931
8467,A,A-000006921
8467,B,B-000006932
8468,A,A-000006922
8468,B,B-000006933
8469,A,A-000006923
8469,B,B-000006934
8470,A,A-000006924
8470,B,B-000006935
8471,A,A-000006925
8471,B,B-000006936
8472,A,A-000006926
8472,B,B-000006937
8473,A,A-000006927
8473,B,B-000006938
8474,A,A-000006928
8474,B,B-000006939
8475,A,A-000006929
8475,B,B-000006940
8477,A,A-000006930
8477,B,B-000006941
8478,A,A-000006931
8478,B,B-000006942
8479,A,A-000006932
8479,B,B-000006943
8480,A,A-000006933
8480,B,B-000006944
8481,A,A-000006934
8481,B,B-000006945
8482,A,A-000006935
8482,B,B-000006946
8484,A,A-000006936
8484,B,B-000006947
8485,A,A-000006937
8485,B,B-000006948
8486,A,A-000006938
8486,B,B-000006949
8487,A,A-000006939
8487,B,B-000006950
8488,A,A-000006940
8488,B,B-000006951
8489,A,A-000006941
8489,B,B-000006952
8490,A,A-000006942
8490,B,B-000006953
8491,A,A-000006943
8491,B,B-000006954
8492,A,A-000006944
8492,B,B-000006955
8493,A,A-000006945
8493,B,B-000006956
8497,A,A-000006946
8497,B,B-000006957
8498,A,A-000006947
8498,B,B-000006958
8499,A,A-000006948
8499,B,B-000006959
8500,A,A-000006949
8500,B,B-000006960
8501,A,A-000006950
8501,B,B-000006961
8502,A,A-000006951
8502,B,B-000006962
8503,A,A-000006952
8503,B,B-000006963
8504,A,A-000006953
8504,B,B-000006964
8505,A,A-000006954
8505,B,B-000006965
8506,A,A-000006955
8506,B,B-000006966
8507,A,A-000006956
8507,B,B-000006967
8508,A,A-000006957
8508,B,B-000006968
8509,A,A-000006958
8509,B,B-000006969
8510,A,A-000006959
8510,B,B-000006970
8511,A,A-000006960
8511,B,B-000006971
8512,A,A-000006961
8512,B,B-000006972
8513,A,A-000006962
8513,B,B-000006973
8514,A,A-000006963
8514,B,B-000006974
8515,A,A-000006964
8515,B,B-000006975
8516,A,A-000006965
8516,B,B-000006976
8517,A,A-000006966
8517,B,B-000006977
8519,A,A-000006967
8519,B,B-000006978
8520,A,A-000006968
8520,B,B-000006979
8524,A,A-000006969
8524,B,B-000006980
8525,A,A-000006970
8525,B,B-000006981
8526,A,A-000006971
8526,B,B-000006982
8527,A,A-000006972
8527,B,B-000006983
8529,A,A-000006973
8529,B,B-000006984
8530,A,A-000006974
8530,B,B-000006985
8531,A,A-000006975
8531,B,B-000006986
8532,A,A-000006976
8532,B,B-000006987
8533,A,A-000006977
8533,B,B-000006988
8534,A,A-000006978
8534,B,B-000006989
8535,A,A-000006979
8535,B,B-000006990
8537,A,A-000006980
8537,B,B-000006991
8538,A,A-000006981
8538,B,B-000006992
8539,A,A-000006982
8539,B,B-000006993
8540,A,A-000006983
8540,B,B-000006994
8541,A,A-000006984
8541,B,B-000006995
8543,A,A-000006985
8543,B,B-000006996
8544,A,A-000006986
8544,B,B-000006997
8545,A,A-000006987
8545,B,B-000006998
8546,A,A-000006988
8546,B,B-000006999
8547,A,A-000006989
8547,B,B-000007000
8548,A,A-000006990
8548,B,B-000007001
8549,A,A-000006991
8549,B,B-000007002
8550,A,A-000006992
8550,B,B-000007003
8551,A,A-000006993
8551,B,B-000007004
8552,A,A-000006994
8552,B,B-000007005
8553,A,A-000006995
8553,B,B-000007006
8554,A,A-000006996
8554,B,B-000007007
8555,A,A-000006997
8555,B,B-000007008
8556,A,A-000006998
8556,B,B-000007009
8557,A,A-000006999
8557,B,B-000007010
8558,A,A-000007000
8558,B,B-000007011
8559,A,A-000007001
8559,B,B-000007012
8560,A,A-000007002
8560,B,B-000007013
8563,A,A-000007003
8563,B,B-000007014
8564,A,A-000007004
8564,B,B-000007015
8565,A,A-000007005
8565,B,B-000007016
8566,A,A-000007006
8566,B,B-000007017
8567,A,A-000007007
8567,B,B-000007018
8568,A,A-000007008
8568,B,B-000007019
8569,A,A-000007009
8569,B,B-000007020
8570,A,A-000007010
8570,B,B-000007021
8571,A,A-000007011
8571,B,B-000007022
8572,A,A-000007012
8572,B,B-000007023
8573,A,A-000007013
8573,B,B-000007024
8574,A,A-000007014
8574,B,B-000007025
8575,A,A-000007015
8575,B,B-000007026
8576,A,A-000007016
8576,B,B-000007027
8577,A,A-000007017
8577,B,B-000007028
8578,A,A-000007018
8578,B,B-000007029
8579,A,A-000007019
8579,B,B-000007030
8580,A,A-000007020
8580,B,B-000007031
8581,A,A-000007021
8581,B,B-000007032
8582,A,A-000007022
8582,B,B-000007033
8583,A,A-000007023
8583,B,B-000007034
8584,A,A-000007024
8584,B,B-000007035
8585,A,A-000007025
8585,B,B-000007036
8586,A,A-000007026
8586,B,B-000007037
8587,A,A-000007027
8587,B,B-000007038
8588,A,A-000007028
8588,B,B-000007039
8589,A,A-000007029
8589,B,B-000007040
8590,A,A-000007030
8590,B,B-000007041
8591,A,A-000007031
8591,B,B-000007042
8592,A,A-000007032
8592,B,B-000007043
8593,A,A-000007033
8593,B,B-000007044
8594,A,A-000007034
8594,B,B-000007045
8595,A,A-000007035
8595,B,B-000007046
8597,A,A-000007036
8597,B,B-000007047
8598,A,A-000007037
8598,B,B-000007048
8600,A,A-000007038
8600,B,B-000007049
8601,A,A-000007039
8601,B,B-000007050
8604,A,A-000007040
8604,B,B-000007051
8606,A,A-000007041
8606,B,B-000007052
8607,A,A-000007042
8607,B,B-000007053
8608,A,A-000007043
8608,B,B-000007054
8609,A,A-000007044
8609,B,B-000007055
8610,A,A-000007045
8610,B,B-000007056
8611,A,A-000007046
8611,B,B-000007057
8612,A,A-000007047
8612,B,B-000007058
8613,A,A-000007048
8613,B,B-000007059
8614,A,A-000007049
8614,B,B-000007060
8615,A,A-000007050
8615,B,B-000007061
8616,A,A-000007051
8616,B,B-000007062
8618,A,A-000007052
8618,B,B-000007063
8619,A,A-000007053
8619,B,B-000007064
8620,A,A-000007054
8620,B,B-000007065
8625,A,A-000007055
8625,B,B-000007066
8628,A,A-000007056
8628,B,B-000007067
8629,A,A-000007057
8629,B,B-000007068
8630,A,A-000007058
8630,B,B-000007069
8631,A,A-000007059
8631,B,B-000007070
8632,A,A-000007060
8632,B,B-000007071
8633,A,A-000007061
8633,B,B-000007072
8635,A,A-000007062
8635,B,B-000007073
8636,A,A-000007063
8636,B,B-000007074
8637,A,A-000007064
8637,B,B-000007075
8639,A,A-000007065
8639,B,B-000007076
8640,A,A-000007066
8640,B,B-000007077
8641,A,A-000007067
8641,B,B-000007078
8642,A,A-000007068
8642,B,B-000007079
8643,A,A-000007069
8643,B,B-000007080
8644,A,A-000007070
8644,B,B-000007081
8646,A,A-000007071
8646,B,B-000007082
8648,A,A-000007072
8648,B,B-000007083
8649,A,A-000007073
8649,B,B-000007084
8651,A,A-000007074
8651,B,B-000007085
8652,A,A-000007075
8652,B,B-000007086
8653,A,A-000007076
8653,B,B-000007087
8654,A,A-000007077
8654,B,B-000007088
8655,A,A-000007078
8655,B,B-000007089
8656,A,A-000007079
8656,B,B-000007090
8657,A,A-000007080
8657,B,B-000007091
8659,A,A-000007081
8659,B,B-000007092
8660,A,A-000007082
8660,B,B-000007093
8661,A,A-000007083
8661,B,B-000007094
8662,A,A-000007084
8662,B,B-000007095
8663,A,A-000007085
8663,B,B-000007096
8664,A,A-000007086
8664,B,B-000007097
8665,A,A-000007087
8665,B,B-000007098
8666,A,A-000007088
8666,B,B-000007099
8667,A,A-000007089
8667,B,B-000007100
8668,A,A-000007090
8668,B,B-000007101
8669,A,A-000007091
8669,B,B-000007102
8672,A,A-000007092
8672,B,B-000007103
8673,A,A-000007093
8673,B,B-000007104
8674,A,A-000007094
8674,B,B-000007105
8675,A,A-000007095
8675,B,B-000007106
8676,A,A-000007096
8676,B,B-000007107
8677,A,A-000007097
8677,B,B-000007108
8679,A,A-000007098
8679,B,B-000007109
8680,A,A-000007099
8680,B,B-000007110
8681,A,A-000007100
8681,B,B-000007111
8682,A,A-000007101
8682,B,B-000007112
8683,A,A-000007102
8683,B,B-000007113
8684,A,A-000007103
8684,B,B-000007114
8685,A,A-000007104
8685,B,B-000007115
8686,A,A-000007105
8686,B,B-000007116
8687,A,A-000007106
8687,B,B-000007117
8688,A,A-000007107
8688,B,B-000007118
8692,A,A-000007108
8692,B,B-000007119
8693,A,A-000007109
8693,B,B-000007120
8694,A,A-000007110
8694,B,B-000007121
8696,A,A-000007111
8696,B,B-000007122
8697,A,A-000007112
8697,B,B-000007123
8698,A,A-000007113
8698,B,B-000007124
8699,A,A-000007114
8699,B,B-000007125
8700,A,A-000007115
8700,B,B-000007126
8701,A,A-000007116
8701,B,B-000007127
8703,A,A-000007117
8703,B,B-000007128
8704,A,A-000007118
8704,B,B-000007129
8705,A,A-000007119
8705,B,B-000007130
8706,A,A-000007120
8706,B,B-000007131
8707,A,A-000007121
8707,B,B-000007132
8708,A,A-000007122
8708,B,B-000007133
8709,A,A-000007123
8709,B,B-000007134
8710,A,A-000007124
8710,B,B-000007135
8711,A,A-000007125
8711,B,B-000007136
8712,A,A-000007126
8712,B,B-000007137
8713,A,A-000007127
8713,B,B-000007138
8714,A,A-000007128
8714,B,B-000007139
8715,A,A-000007129
8715,B,B-000007140
8716,A,A-000007130
8716,B,B-000007141
8717,A,A-000007131
8717,B,B-000007142
8718,A,A-000007132
8718,B,B-000007143
8722,A,A-000007133
8722,B,B-000007144
8723,A,A-000007134
8723,B,B-000007145
8724,A,A-000007135
8724,B,B-000007146
8726,A,A-000007136
8726,B,B-000007147
8727,A,A-000007137
8727,B,B-000007148
8728,A,A-000007138
8728,B,B-000007149
8729,A,A-000007139
8729,B,B-000007150
8730,A,A-000007140
8730,B,B-000007151
8732,A,A-000007141
8732,B,B-000007152
8733,A,A-000007142
8733,B,B-000007153
8734,A,A-000007143
8734,B,B-000007154
8736,A,A-000007144
8736,B,B-000007155
8737,A,A-000007145
8737,B,B-000007156
8738,A,A-000007146
8738,B,B-000007157
8739,A,A-000007147
8739,B,B-000007158
8740,A,A-000007148
8740,B,B-000007159
8741,A,A-000007149
8741,B,B-000007160
8745,A,A-000007150
8745,B,B-000007161
8746,A,A-000007151
8746,B,B-000007162
8748,A,A-000007152
8748,B,B-000007163
8749,A,A-000007153
8749,B,B-000007164
8750,A,A-000007154
8750,B,B-000007165
8751,A,A-000007155
8751,B,B-000007166
8753,A,A-000007156
8753,B,B-000007167
8754,A,A-000007157
8754,B,B-000007168
8755,A,A-000007158
8755,B,B-000007169
8756,A,A-000007159
8756,B,B-000007170
8757,A,A-000007160
8757,B,B-000007171
8761,A,A-000007161
8761,B,B-000007172
8762,A,A-000007162
8762,B,B-000007173
8763,A,A-000007163
8763,B,B-000007174
8764,A,A-000007164
8764,B,B-000007175
8765,A,A-000007165
8765,B,B-000007176
8766,A,A-000007166
8766,B,B-000007177
8767,A,A-000007167
8767,B,B-000007178
8768,A,A-000007168
8768,B,B-000007179
8769,A,A-000007169
8769,B,B-000007180
8770,A,A-000007170
8770,B,B-000007181
8771,A,A-000007171
8771,B,B-000007182
8773,A,A-000007172
8773,B,B-000007183
8774,A,A-000007173
8774,B,B-000007184
8775,A,A-000007174
8775,B,B-000007185
8776,A,A-000007175
8776,B,B-000007186
8777,A,A-000007176
8777,B,B-000007187
8778,A,A-000007177
8778,B,B-000007188
8779,A,A-000007178
8779,B,B-000007189
8780,A,A-000007179
8780,B,B-000007190
8781,A,A-000007180
8781,B,B-000007191
8782,A,A-000007181
8782,B,B-000007192
8784,A,A-000007182
8784,B,B-000007193
8786,A,A-000007183
8786,B,B-000007194
8787,A,A-000007184
8787,B,B-000007195
8788,A,A-000007185
8788,B,B-000007196
8789,A,A-000007186
8789,B,B-000007197
8790,A,A-000007187
8790,B,B-000007198
8791,A,A-000007188
8791,B,B-000007199
8794,A,A-000007189
8794,B,B-000007200
8795,A,A-000007190
8795,B,B-000007201
8796,A,A-000007191
8796,B,B-000007202
8798,A,A-000007192
8798,B,B-000007203
8799,A,A-000007193
8799,B,B-000007204
8800,A,A-000007194
8800,B,B-000007205
8801,A,A-000007195
8801,B,B-000007206
8802,A,A-000007196
8802,B,B-000007207
8803,A,A-000007197
8803,B,B-000007208
8805,A,A-000007198
8805,B,B-000007209
8807,A,A-000007199
8807,B,B-000007210
8808,A,A-000007200
8808,B,B-000007211
8809,A,A-000007201
8809,B,B-000007212
8810,A,A-000007202
8810,B,B-000007213
8812,A,A-000007203
8812,B,B-000007214
8813,A,A-000007204
8813,B,B-000007215
8814,A,A-000007205
8814,B,B-000007216
8815,A,A-000007206
8815,B,B-000007217
8817,A,A-000007207
8817,B,B-000007218
8819,A,A-000007208
8819,B,B-000007219
8820,A,A-000007209
8820,B,B-000007220
8821,A,A-000007210
8821,B,B-000007221
8822,A,A-000007211
8822,B,B-000007222
8823,A,A-000007212
8823,B,B-000007223
8824,A,A-000007213
8824,B,B-000007224
8825,A,A-000007214
8825,B,B-000007225
8826,A,A-000007215
8826,B,B-000007226
8827,A,A-000007216
8827,B,B-000007227
8828,A,A-000007217
8828,B,B-000007228
8829,A,A-000007218
8829,B,B-000007229
8830,A,A-000007219
8830,B,B-000007230
8831,A,A-000007220
8831,B,B-000007231
8832,A,A-000007221
8832,B,B-000007232
8833,A,A-000007222
8833,B,B-000007233
8834,A,A-000007223
8834,B,B-000007234
8835,A,A-000007224
8835,B,B-000007235
8836,A,A-000007225
8836,B,B-000007236
8837,A,A-000007226
8837,B,B-000007237
8838,A,A-000007227
8838,B,B-000007238
8839,A,A-000007228
8839,B,B-000007239
8840,A,A-000007229
8840,B,B-000007240
8841,A,A-000007230
8841,B,B-000007241
8842,A,A-000007231
8842,B,B-000007242
8844,A,A-000007232
8844,B,B-000007243
8845,A,A-000007233
8845,B,B-000007244
8846,A,A-000007234
8846,B,B-000007245
8847,A,A-000007235
8847,B,B-000007246
8848,A,A-000007236
8848,B,B-000007247
8849,A,A-000007237
8849,B,B-000007248
8850,A,A-000007238
8850,B,B-000007249
8851,A,A-000007239
8851,B,B-000007250
8852,A,A-000007240
8852,B,B-000007251
8853,A,A-000007241
8853,B,B-000007252
8854,A,A-000007242
8854,B,B-000007253
8856,A,A-000007243
8856,B,B-000007254
8857,A,A-000007244
8857,B,B-000007255
8858,A,A-000007245
8858,B,B-000007256
8860,A,A-000007246
8860,B,B-000007257
8861,A,A-000007247
8861,B,B-000007258
8862,A,A-000007248
8862,B,B-000007259
8864,A,A-000007249
8864,B,B-000007260
8865,A,A-000007250
8865,B,B-000007261
8866,A,A-000007251
8866,B,B-000007262
8867,A,A-000007252
8867,B,B-000007263
8868,A,A-000007253
8868,B,B-000007264
8870,A,A-000007254
8870,B,B-000007265
8871,A,A-000007255
8871,B,B-000007266
8872,A,A-000007256
8872,B,B-000007267
8873,A,A-000007257
8873,B,B-000007268
8874,A,A-000007258
8874,B,B-000007269
8875,A,A-000007259
8875,B,B-000007270
8877,A,A-000007260
8877,B,B-000007271
8878,A,A-000007261
8878,B,B-000007272
8879,A,A-000007262
8879,B,B-000007273
8880,A,A-000007263
8880,B,B-000007274
8881,A,A-000007264
8881,B,B-000007275
8882,A,A-000007265
8882,B,B-000007276
8883,A,A-000007266
8883,B,B-000007277
8885,A,A-000007267
8885,B,B-000007278
8886,A,A-000007268
8886,B,B-000007279
8887,A,A-000007269
8887,B,B-000007280
8888,A,A-000007270
8888,B,B-000007281
8889,A,A-000007271
8889,B,B-000007282
8890,A,A-000007272
8890,B,B-000007283
8891,A,A-000007273
8891,B,B-000007284
8892,A,A-000007274
8892,B,B-000007285
8894,A,A-000007275
8894,B,B-000007286
8895,A,A-000007276
8895,B,B-000007287
8896,A,A-000007277
8896,B,B-000007288
8897,A,A-000007278
8897,B,B-000007289
8899,A,A-000007279
8899,B,B-000007290
8900,A,A-000007280
8900,B,B-000007291
8901,A,A-000007281
8901,B,B-000007292
8905,A,A-000007282
8905,B,B-000007293
8906,A,A-000007283
8906,B,B-000007294
8907,A,A-000007284
8907,B,B-000007295
8909,A,A-000007285
8909,B,B-000007296
8910,A,A-000007286
8910,B,B-000007297
8911,A,A-000007287
8911,B,B-000007298
8912,A,A-000007288
8912,B,B-000007299
8914,A,A-000007289
8914,B,B-000007300
8915,A,A-000007290
8915,B,B-000007301
8916,A,A-000007291
8916,B,B-000007302
8918,A,A-000007292
8918,B,B-000007303
8919,A,A-000007293
8919,B,B-000007304
8922,A,A-000007294
8922,B,B-000007305
8923,A,A-000007295
8923,B,B-000007306
8925,A,A-000007296
8925,B,B-000007307
8926,A,A-000007297
8926,B,B-000007308
8927,A,A-000007298
8927,B,B-000007309
8930,A,A-000007299
8930,B,B-000007310
8931,A,A-000007300
8931,B,B-000007311
8932,A,A-000007301
8932,B,B-000007312
8933,A,A-000007302
8933,B,B-000007313
8934,A,A-000007303
8934,B,B-000007314
8935,A,A-000007304
8935,B,B-000007315
8936,A,A-000007305
8936,B,B-000007316
8937,A,A-000007306
8937,B,B-000007317
8939,A,A-000007307
8939,B,B-000007318
8940,A,A-000007308
8940,B,B-000007319
8942,A,A-000007309
8942,B,B-000007320
8943,A,A-000007310
8943,B,B-000007321
8944,A,A-000007311
8944,B,B-000007322
8945,A,A-000007312
8945,B,B-000007323
8946,A,A-000007313
8946,B,B-000007324
8947,A,A-000007314
8947,B,B-000007325
8948,A,A-000007315
8948,B,B-000007326
8949,A,A-000007316
8949,B,B-000007327
8951,A,A-000007317
8951,B,B-000007328
8952,A,A-000007318
8952,B,B-000007329
8953,A,A-000007319
8953,B,B-000007330
8954,A,A-000007320
8954,B,B-000007331
8956,A,A-000007321
8956,B,B-000007332
8957,A,A-000007322
8957,B,B-000007333
8959,A,A-000007323
8959,B,B-000007334
8960,A,A-000007324
8960,B,B-000007335
8961,A,A-000007325
8961,B,B-000007336
8963,A,A-000007326
8963,B,B-000007337
8964,A,A-000007327
8964,B,B-000007338
8965,A,A-000007328
8965,B,B-000007339
8966,A,A-000007329
8966,B,B-000007340
8967,A,A-000007330
8967,B,B-000007341
8969,A,A-000007331
8969,B,B-000007342
8970,A,A-000007332
8970,B,B-000007343
8973,A,A-000007333
8973,B,B-000007344
8974,A,A-000007334
8974,B,B-000007345
8975,A,A-000007335
8975,B,B-000007346
8976,A,A-000007336
8976,B,B-000007347
8977,A,A-000007337
8977,B,B-000007348
8978,A,A-000007338
8978,B,B-000007349
8979,A,A-000007339
8979,B,B-000007350
8981,A,A-000007340
8981,B,B-000007351
8982,A,A-000007341
8982,B,B-000007352
8983,A,A-000007342
8983,B,B-000007353
8984,A,A-000007343
8984,B,B-000007354
8986,A,A-000007344
8986,B,B-000007355
8987,A,A-000007345
8987,B,B-000007356
8988,A,A-000007346
8988,B,B-000007357
8989,A,A-000007347
8989,B,B-000007358
8990,A,A-000007348
8990,B,B-000007359
8992,A,A-000007349
8992,B,B-000007360
8993,A,A-000007350
8993,B,B-000007361
8994,A,A-000007351
8994,B,B-000007362
8995,A,A-000007352
8995,B,B-000007363
8996,A,A-000007353
8996,B,B-000007364
8997,A,A-000007354
8997,B,B-000007365
8998,A,A-000007355
8998,B,B-000007366
9001,A,A-000007356
9001,B,B-000007367
9002,A,A-000007357
9002,B,B-000007368
9003,A,A-000007358
9003,B,B-000007369
9004,A,A-000007359
9004,B,B-000007370
9005,A,A-000007360
9005,B,B-000007371
9006,A,A-000007361
9006,B,B-000007372
9007,A,A-000007362
9007,B,B-000007373
9008,A,A-000007363
9008,B,B-000007374
9010,A,A-000007364
9010,B,B-000007375
9012,A,A-000007365
9012,B,B-000007376
9014,A,A-000007366
9014,B,B-000007377
9015,A,A-000007367
9015,B,B-000007378
9016,A,A-000007368
9016,B,B-000007379
9017,A,A-000007369
9017,B,B-000007380
9018,A,A-000007370
9018,B,B-000007381
9020,A,A-000007371
9020,B,B-000007382
9021,A,A-000007372
9021,B,B-000007383
9023,A,A-000007373
9023,B,B-000007384
9024,A,A-000007374
9024,B,B-000007385
9027,A,A-000007375
9027,B,B-000007386
9028,A,A-000007376
9028,B,B-000007387
9029,A,A-000007377
9029,B,B-000007388
9030,A,A-000007378
9030,B,B-000007389
9031,A,A-000007379
9031,B,B-000007390
9032,A,A-000007380
9032,B,B-000007391
9033,A,A-000007381
9033,B,B-000007392
9036,A,A-000007382
9036,B,B-000007393
9037,A,A-000007383
9037,B,B-000007394
9038,A,A-000007384
9038,B,B-000007395
9039,A,A-000007385
9039,B,B-000007396
9040,A,A-000007386
9040,B,B-000007397
9041,A,A-000007387
9041,B,B-000007398
9042,A,A-000007388
9042,B,B-000007399
9043,A,A-000007389
9043,B,B-000007400
9044,A,A-000007390
9044,B,B-000007401
9045,A,A-000007391
9045,B,B-000007402
9046,A,A-000007392
9046,B,B-000007403
9047,A,A-000007393
9047,B,B-000007404
9048,A,A-000007394
9048,B,B-000007405
9049,A,A-000007395
9049,B,B-000007406
9050,A,A-000007396
9050,B,B-000007407
9051,A,A-000007397
9051,B,B-000007408
9052,A,A-000007398
9052,B,B-000007409
9053,A,A-000007399
9053,B,B-000007410
9054,A,A-000007400
9054,B,B-000007411
9056,A,A-000007401
9056,B,B-000007412
9057,A,A-000007402
9057,B,B-000007413
9058,A,A-000007403
9058,B,B-000007414
9059,A,A-000007404
9059,B,B-000007415
9060,A,A-000007405
9060,B,B-000007416
9061,A,A-000007406
9061,B,B-000007417
9062,A,A-000007407
9062,B,B-000007418
9063,A,A-000007408
9063,B,B-000007419
9064,A,A-000007409
9064,B,B-000007420
9065,A,A-000007410
9065,B,B-000007421
9066,A,A-000007411
9066,B,B-000007422
9070,A,A-000007412
9070,B,B-000007423
9071,A,A-000007413
9071,B,B-000007424
9072,A,A-000007414
9072,B,B-000007425
9073,A,A-000007415
9073,B,B-000007426
9074,A,A-000007416
9074,B,B-000007427
9075,A,A-000007417
9075,B,B-000007428
9076,A,A-000007418
9076,B,B-000007429
9077,A,A-000007419
9077,B,B-000007430
9078,A,A-000007420
9078,B,B-000007431
9079,A,A-000007421
9079,B,B-000007432
9080,A,A-000007422
9080,B,B-000007433
9081,A,A-000007423
9081,B,B-000007434
9082,A,A-000007424
9082,B,B-000007435
9083,A,A-000007425
9083,B,B-000007436
9084,A,A-000007426
9084,B,B-000007437
9085,A,A-000007427
9085,B,B-000007438
9086,A,A-000007428
9086,B,B-000007439
9087,A,A-000007429
9087,B,B-000007440
9088,A,A-000007430
9088,B,B-000007441
9090,A,A-000007431
9090,B,B-000007442
9091,A,A-000007432
9091,B,B-000007443
9092,A,A-000007433
9092,B,B-000007444
9093,A,A-000007434
9093,B,B-000007445
9094,A,A-000007435
9094,B,B-000007446
9095,A,A-000007436
9095,B,B-000007447
9096,A,A-000007437
9096,B,B-000007448
9097,A,A-000007438
9097,B,B-000007449
9098,A,A-000007439
9098,B,B-000007450
9099,A,A-000007440
9099,B,B-000007451
9101,A,A-000007441
9101,B,B-000007452
9102,A,A-000007442
9102,B,B-000007453
9103,A,A-000007443
9103,B,B-000007454
9105,A,A-000007444
9105,B,B-000007455
9106,A,A-000007445
9106,B,B-000007456
9108,A,A-000007446
9108,B,B-000007457
9109,A,A-000007447
9109,B,B-000007458
9110,A,A-000007448
9110,B,B-000007459
9111,A,A-000007449
9111,B,B-000007460
9112,A,A-000007450
9112,B,B-000007461
9114,A,A-000007451
9114,B,B-000007462
9115,A,A-000007452
9115,B,B-000007463
9116,A,A-000007453
9116,B,B-000007464
9117,A,A-000007454
9117,B,B-000007465
9118,A,A-000007455
9118,B,B-000007466
9119,A,A-000007456
9119,B,B-000007467
9120,A,A-000007457
9120,B,B-000007468
9121,A,A-000007458
9121,B,B-000007469
9123,A,A-000007459
9123,B,B-000007470
9124,A,A-000007460
9124,B,B-000007471
9128,A,A-000007461
9128,B,B-000007472
9130,A,A-000007462
9130,B,B-000007473
9132,A,A-000007463
9132,B,B-000007474
9134,A,A-000007464
9134,B,B-000007475
9137,A,A-000007465
9137,B,B-000007476
9138,A,A-000007466
9138,B,B-000007477
9139,A,A-000007467
9139,B,B-000007478
9140,A,A-000007468
9140,B,B-000007479
9141,A,A-000007469
9141,B,B-000007480
9142,A,A-000007470
9142,B,B-000007481
9143,A,A-000007471
9143,B,B-000007482
9144,A,A-000007472
9144,B,B-000007483
9145,A,A-000007473
9145,B,B-000007484
9146,A,A-000007474
9146,B,B-000007485
9147,A,A-000007475
9147,B,B-000007486
9148,A,A-000007476
9148,B,B-000007487
9149,A,A-000007477
9149,B,B-000007488
9150,A,A-000007478
9150,B,B-000007489
9152,A,A-000007479
9152,B,B-000007490
9153,A,A-000007480
9153,B,B-000007491
9154,A,A-000007481
9154,B,B-000007492
9155,A,A-000007482
9155,B,B-000007493
9157,A,A-000007483
9157,B,B-000007494
9158,A,A-000007484
9158,B,B-000007495
9159,A,A-000007485
9159,B,B-000007496
9160,A,A-000007486
9160,B,B-000007497
9161,A,A-000007487
9161,B,B-000007498
9162,A,A-000007488
9162,B,B-000007499
9163,A,A-000007489
9163,B,B-000007500
9165,A,A-000007490
9165,B,B-000007501
9166,A,A-000007491
9166,B,B-000007502
9168,A,A-000007492
9168,B,B-000007503
9172,A,A-000007493
9172,B,B-000007504
9173,A,A-000007494
9173,B,B-000007505
9174,A,A-000007495
9174,B,B-000007506
9175,A,A-000007496
9175,B,B-000007507
9176,A,A-000007497
9176,B,B-000007508
9179,A,A-000007498
9179,B,B-000007509
9180,A,A-000007499
9180,B,B-000007510
9181,A,A-000007500
9181,B,B-000007511
9182,A,A-000007501
9182,B,B-000007512
9183,A,A-000007502
9183,B,B-000007513
9185,A,A-000007503
9185,B,B-000007514
9186,A,A-000007504
9186,B,B-000007515
9187,A,A-000007505
9187,B,B-000007516
9188,A,A-000007506
9188,B,B-000007517
9190,A,A-000007507
9190,B,B-000007518
9191,A,A-000007508
9191,B,B-000007519
9192,A,A-000007509
9192,B,B-000007520
9193,A,A-000007510
9193,B,B-000007521
9194,A,A-000007511
9194,B,B-000007522
9195,A,A-000007512
9195,B,B-000007523
9196,A,A-000007513
9196,B,B-000007524
9197,A,A-000007514
9197,B,B-000007525
9198,A,A-000007515
9198,B,B-000007526
9199,A,A-000007516
9199,B,B-000007527
9200,A,A-000007517
9200,B,B-000007528
9201,A,A-000007518
9201,B,B-000007529
9202,A,A-000007519
9202,B,B-000007530
9203,A,A-000007520
9203,B,B-000007531
9204,A,A-000007521
9204,B,B-000007532
9205,A,A-000007522
9205,B,B-000007533
9207,A,A-000007523
9207,B,B-000007534
9208,A,A-000007524
9208,B,B-000007535
9210,A,A-000007525
9210,B,B-000007536
9212,A,A-000007526
9212,B,B-000007537
9214,A,A-000007527
9214,B,B-000007538
9216,A,A-000007528
9216,B,B-000007539
9217,A,A-000007529
9217,B,B-000007540
9218,A,A-000007530
9218,B,B-000007541
9219,A,A-000007531
9219,B,B-000007542
9221,A,A-000007532
9221,B,B-000007543
9222,A,A-000007533
9222,B,B-000007544
9223,A,A-000007534
9223,B,B-000007545
9224,A,A-000007535
9224,B,B-000007546
9225,A,A-000007536
9225,B,B-000007547
9226,A,A-000007537
9226,B,B-000007548
9227,A,A-000007538
9227,B,B-000007549
9228,A,A-000007539
9228,B,B-000007550
9229,A,A-000007540
9229,B,B-000007551
9230,A,A-000007541
9230,B,B-000007552
9231,A,A-000007542
9231,B,B-000007553
9232,A,A-000007543
9232,B,B-000007554
9233,A,A-000007544
9233,B,B-000007555
9234,A,A-000007545
9234,B,B-000007556
9235,A,A-000007546
9235,B,B-000007557
9236,A,A-000007547
9236,B,B-000007558
9237,A,A-000007548
9237,B,B-000007559
9239,A,A-000007549
9239,B,B-000007560
9240,A,A-000007550
9240,B,B-000007561
9241,A,A-000007551
9241,B,B-000007562
9242,A,A-000007552
9242,B,B-000007563
9243,A,A-000007553
9243,B,B-000007564
9244,A,A-000007554
9244,B,B-000007565
9245,A,A-000007555
9245,B,B-000007566
9246,A,A-000007556
9246,B,B-000007567
9247,A,A-000007557
9247,B,B-000007568
9248,A,A-000007558
9248,B,B-000007569
9249,A,A-000007559
9249,B,B-000007570
9250,A,A-000007560
9250,B,B-000007571
9251,A,A-000007561
9251,B,B-000007572
9252,A,A-000007562
9252,B,B-000007573
9253,A,A-000007563
9253,B,B-000007574
9254,A,A-000007564
9254,B,B-000007575
9255,A,A-000007565
9255,B,B-000007576
9257,A,A-000007566
9257,B,B-000007577
9258,A,A-000007567
9258,B,B-000007578
9259,A,A-000007568
9259,B,B-000007579
9260,A,A-000007569
9260,B,B-000007580
9261,A,A-000007570
9261,B,B-000007581
9262,A,A-000007571
9262,B,B-000007582
9263,A,A-000007572
9263,B,B-000007583
9264,A,A-000007573
9264,B,B-000007584
9265,A,A-000007574
9265,B,B-000007585
9266,A,A-000007575
9266,B,B-000007586
9268,A,A-000007576
9268,B,B-000007587
9269,A,A-000007577
9269,B,B-000007588
9271,A,A-000007578
9271,B,B-000007589
9272,A,A-000007579
9272,B,B-000007590
9273,A,A-000007580
9273,B,B-000007591
9274,A,A-000007581
9274,B,B-000007592
9275,A,A-000007582
9275,B,B-000007593
9276,A,A-000007583
9276,B,B-000007594
9277,A,A-000007584
9277,B,B-000007595
9278,A,A-000007585
9278,B,B-000007596
9279,A,A-000007586
9279,B,B-000007597
9280,A,A-000007587
9280,B,B-000007598
9281,A,A-000007588
9281,B,B-000007599
9282,A,A-000007589
9282,B,B-000007600
9283,A,A-000007590
9283,B,B-000007601
9285,A,A-000007591
9285,B,B-000007602
9288,A,A-000007592
9288,B,B-000007603
9289,A,A-000007593
9289,B,B-000007604
9292,A,A-000007594
9292,B,B-000007605
9294,A,A-000007595
9294,B,B-000007606
9295,A,A-000007596
9295,B,B-000007607
9296,A,A-000007597
9296,B,B-000007608
9297,B,B-000007609
9298,A,A-000007598
9298,B,B-000007610
9300,A,A-000007599
9300,B,B-000007611
9301,A,A-000007600
9301,B,B-000007612
9302,A,A-000007601
9302,B,B-000007613
9303,A,A-000007602
9303,B,B-000007614
9305,A,A-000007603
9305,B,B-000007615
9306,A,A-000007604
9306,B,B-000007616
9307,A,A-000007605
9307,B,B-000007617
9308,A,A-000007606
9308,B,B-000007618
9309,A,A-000007607
9309,B,B-000007619
9310,A,A-000007608
9310,B,B-000007620
9311,A,A-000007609
9311,B,B-000007621
9313,A,A-000007610
9313,B,B-000007622
9314,A,A-000007611
9314,B,B-000007623
9315,A,A-000007612
9315,B,B-000007624
9316,A,A-000007613
9316,B,B-000007625
9317,A,A-000007614
9317,B,B-000007626
9319,A,A-000007615
9319,B,B-000007627
9320,A,A-000007616
9320,B,B-000007628
9321,A,A-000007617
9321,B,B-000007629
9322,A,A-000007618
9322,B,B-000007630
9323,A,A-000007619
9323,B,B-000007631
9324,A,A-000007620
9324,B,B-000007632
9325,A,A-000007621
9325,B,B-000007633
9326,A,A-000007622
9326,B,B-000007634
9329,A,A-000007623
9329,B,B-000007635
9330,A,A-000007624
9330,B,B-000007636
9331,A,A-000007625
9331,B,B-000007637
9332,A,A-000007626
9332,B,B-000007638
9333,A,A-000007627
9333,B,B-000007639
9334,A,A-000007628
9334,B,B-000007640
9335,A,A-000007629
9335,B,B-000007641
9336,A,A-000007630
9336,B,B-000007642
9337,A,A-000007631
9337,B,B-000007643
9338,A,A-000007632
9338,B,B-000007644
9339,A,A-000007633
9339,B,B-000007645
9340,A,A-000007634
9340,B,B-000007646
9341,A,A-000007635
9341,B,B-000007647
9342,A,A-000007636
9342,B,B-000007648
9343,A,A-000007637
9343,B,B-000007649
9344,A,A-000007638
9344,B,B-000007650
9345,A,A-000007639
9345,B,B-000007651
9347,A,A-000007640
9347,B,B-000007652
9348,A,A-000007641
9348,B,B-000007653
9350,A,A-000007642
9350,B,B-000007654
9352,A,A-000007643
9352,B,B-000007655
9353,A,A-000007644
9353,B,B-000007656
9354,A,A-000007645
9354,B,B-000007657
9355,A,A-000007646
9355,B,B-000007658
9356,A,A-000007647
9356,B,B-000007659
9357,A,A-000007648
9357,B,B-000007660
9358,A,A-000007649
9358,B,B-000007661
9359,A,A-000007650
9359,B,B-000007662
9361,A,A-000007651
9361,B,B-000007663
9363,A,A-000007652
9363,B,B-000007664
9364,A,A-000007653
9364,B,B-000007665
9365,A,A-000007654
9365,B,B-000007666
9366,A,A-000007655
9366,B,B-000007667
9367,A,A-000007656
9367,B,B-000007668
9368,A,A-000007657
9368,B,B-000007669
9369,A,A-000007658
9369,B,B-000007670
9370,A,A-000007659
9370,B,B-000007671
9372,A,A-000007660
9372,B,B-000007672
9373,A,A-000007661
9373,B,B-000007673
9374,A,A-000007662
9374,B,B-000007674
9377,A,A-000007663
9377,B,B-000007675
9378,A,A-000007664
9378,B,B-000007676
9379,A,A-000007665
9379,B,B-000007677
9380,A,A-000007666
9380,B,B-000007678
9381,A,A-000007667
9381,B,B-000007679
9382,A,A-000007668
9382,B,B-000007680
9383,A,A-000007669
9383,B,B-000007681
9384,A,A-000007670
9384,B,B-000007682
9387,A,A-000007671
9387,B,B-000007683
9389,A,A-000007672
9389,B,B-000007684
9391,A,A-000007673
9391,B,B-000007685
9393,A,A-000007674
9393,B,B-000007686
9394,A,A-000007675
9394,B,B-000007687
9396,A,A-000007676
9396,B,B-000007688
9399,A,A-000007677
9399,B,B-000007689
9401,A,A-000007678
9401,B,B-000007690
9402,A,A-000007679
9402,B,B-000007691
9404,A,A-000007680
9404,B,B-000007692
9405,A,A-000007681
9405,B,B-000007693
9406,A,A-000007682
9406,B,B-000007694
9407,A,A-000007683
9407,B,B-000007695
9408,A,A-000007684
9408,B,B-000007696
9409,A,A-000007685
9409,B,B-000007697
9411,A,A-000007686
9411,B,B-000007698
9413,A,A-000007687
9413,B,B-000007699
9415,A,A-000007688
9415,B,B-000007700
9416,A,A-000007689
9416,B,B-000007701
9417,A,A-000007690
9417,B,B-000007702
9418,A,A-000007691
9418,B,B-000007703
9419,A,A-000007692
9419,B,B-000007704
9420,A,A-000007693
9420,B,B-000007705
9421,A,A-000007694
9421,B,B-000007706
9423,A,A-000007695
9423,B,B-000007707
9424,A,A-000007696
9424,B,B-000007708
9425,A,A-000007697
9425,B,B-000007709
9426,A,A-000007698
9426,B,B-000007710
9427,A,A-000007699
9427,B,B-000007711
9428,A,A-000007700
9428,B,B-000007712
9430,A,A-000007701
9430,B,B-000007713
9431,A,A-000007702
9431,B,B-000007714
9432,A,A-000007703
9432,B,B-000007715
9433,A,A-000007704
9433,B,B-000007716
9434,A,A-000007705
9434,B,B-000007717
9435,A,A-000007706
9435,B,B-000007718
9436,A,A-000007707
9436,B,B-000007719
9437,A,A-000007708
9437,B,B-000007720
9438,A,A-000007709
9438,B,B-000007721
9439,A,A-000007710
9439,B,B-000007722
9440,A,A-000007711
9440,B,B-000007723
9441,A,A-000007712
9441,B,B-000007724
9442,A,A-000007713
9442,B,B-000007725
9443,A,A-000007714
9443,B,B-000007726
9444,A,A-000007715
9444,B,B-000007727
9445,A,A-000007716
9445,B,B-000007728
9447,A,A-000007717
9447,B,B-000007729
9448,A,A-000007718
9448,B,B-000007730
9450,A,A-000007719
9450,B,B-000007731
9451,A,A-000007720
9451,B,B-000007732
9453,A,A-000007721
9453,B,B-000007733
9455,A,A-000007722
9455,B,B-000007734
9456,A,A-000007723
9456,B,B-000007735
9457,A,A-000007724
9457,B,B-000007736
9458,A,A-000007725
9458,B,B-000007737
9459,A,A-000007726
9459,B,B-000007738
9460,A,A-000007727
9460,B,B-000007739
9461,A,A-000007728
9461,B,B-000007740
9462,A,A-000007729
9462,B,B-000007741
9463,A,A-000007730
9463,B,B-000007742
9464,A,A-000007731
9464,B,B-000007743
9465,A,A-000007732
9465,B,B-000007744
9466,A,A-000007733
9466,B,B-000007745
9467,A,A-000007734
9467,B,B-000007746
9468,A,A-000007735
9468,B,B-000007747
9469,A,A-000007736
9469,B,B-000007748
9470,A,A-000007737
9470,B,B-000007749
9471,A,A-000007738
9471,B,B-000007750
9472,A,A-000007739
9472,B,B-000007751
9473,A,A-000007740
9473,B,B-000007752
9474,A,A-000007741
9474,B,B-000007753
9476,A,A-000007742
9476,B,B-000007754
9477,A,A-000007743
9477,B,B-000007755
9478,A,A-000007744
9478,B,B-000007756
9480,A,A-000007745
9480,B,B-000007757
9481,A,A-000007746
9481,B,B-000007758
9482,A,A-000007747
9482,B,B-000007759
9483,A,A-000007748
9483,B,B-000007760
9484,A,A-000007749
9484,B,B-000007761
9486,A,A-000007750
9486,B,B-000007762
9487,A,A-000007751
9487,B,B-000007763
9488,A,A-000007752
9488,B,B-000007764
9490,A,A-000007753
9490,B,B-000007765
9492,A,A-000007754
9492,B,B-000007766
9493,A,A-000007755
9493,B,B-000007767
9494,A,A-000007756
9494,B,B-000007768
9495,A,A-000007757
9495,B,B-000007769
9496,A,A-000007758
9496,B,B-000007770
9497,A,A-000007759
9497,B,B-000007771
9498,A,A-000007760
9498,B,B-000007772
9499,A,A-000007761
9499,B,B-000007773
9500,A,A-000007762
9500,B,B-000007774
9501,A,A-000007763
9501,B,B-000007775
9502,A,A-000007764
9502,B,B-000007776
9503,A,A-000007765
9503,B,B-000007777
9504,A,A-000007766
9504,B,B-000007778
9505,A,A-000007767
9505,B,B-000007779
9506,A,A-000007768
9506,B,B-000007780
9508,A,A-000007769
9508,B,B-000007781
9509,A,A-000007770
9509,B,B-000007782
9510,A,A-000007771
9510,B,B-000007783
9511,A,A-000007772
9511,B,B-000007784
9512,A,A-000007773
9512,B,B-000007785
9514,A,A-000007774
9514,B,B-000007786
9515,A,A-000007775
9515,B,B-000007787
9516,A,A-000007776
9516,B,B-000007788
9517,A,A-000007777
9517,B,B-000007789
9518,A,A-000007778
9518,B,B-000007790
9519,A,A-000007779
9519,B,B-000007791
9521,A,A-000007780
9521,B,B-000007792
9522,A,A-000007781
9522,B,B-000007793
9523,A,A-000007782
9523,B,B-000007794
9525,A,A-000007783
9525,B,B-000007795
9526,A,A-000007784
9526,B,B-000007796
9527,A,A-000007785
9527,B,B-000007797
9531,A,A-000007786
9531,B,B-000007798
9532,A,A-000007787
9532,B,B-000007799
9533,A,A-000007788
9533,B,B-000007800
9535,A,A-000007789
9535,B,B-000007801
9536,A,A-000007790
9536,B,B-000007802
9537,A,A-000007791
9537,B,B-000007803
9541,A,A-000007792
9541,B,B-000007804
9542,A,A-000007793
9542,B,B-000007805
9544,A,A-000007794
9544,B,B-000007806
9546,A,A-000007795
9546,B,B-000007807
9547,A,A-000007796
9547,B,B-000007808
9549,A,A-000007797
9549,B,B-000007809
9550,A,A-000007798
9550,B,B-000007810
9551,A,A-000007799
9551,B,B-000007811
9552,A,A-000007800
9552,B,B-000007812
9553,A,A-000007801
9553,B,B-000007813
9554,A,A-000007802
9554,B,B-000007814
9555,A,A-000007803
9555,B,B-000007815
9556,A,A-000007804
9556,B,B-000007816
9557,A,A-000007805
9557,B,B-000007817
9558,A,A-000007806
9558,B,B-000007818
9559,A,A-000007807
9559,B,B-000007819
9560,A,A-000007808
9560,B,B-000007820
9561,A,A-000007809
9561,B,B-000007821
9562,A,A-000007810
9562,B,B-000007822
9563,A,A-000007811
9563,B,B-000007823
9564,A,A-000007812
9564,B,B-000007824
9565,A,A-000007813
9565,B,B-000007825
9566,A,A-000007814
9566,B,B-000007826
9567,A,A-000007815
9567,B,B-000007827
9568,A,A-000007816
9568,B,B-000007828
9569,A,A-000007817
9569,B,B-000007829
9571,A,A-000007818
9571,B,B-000007830
9572,A,A-000007819
9572,B,B-000007831
9573,A,A-000007820
9573,B,B-000007832
9574,A,A-000007821
9574,B,B-000007833
9575,A,A-000007822
9575,B,B-000007834
9576,A,A-000007823
9576,B,B-000007835
9577,A,A-000007824
9577,B,B-000007836
9578,A,A-000007825
9578,B,B-000007837
9579,A,A-000007826
9579,B,B-000007838
9580,A,A-000007827
9580,B,B-000007839
9581,A,A-000007828
9581,B,B-000007840
9583,A,A-000007829
9583,B,B-000007841
9584,A,A-000007830
9584,B,B-000007842
9587,A,A-000007831
9587,B,B-000007843
9588,A,A-000007832
9588,B,B-000007844
9590,A,A-000007833
9590,B,B-000007845
9591,A,A-000007834
9591,B,B-000007846
9592,A,A-000007835
9592,B,B-000007847
9593,A,A-000007836
9593,B,B-000007848
9595,A,A-000007837
9595,B,B-000007849
9597,A,A-000007838
9597,B,B-000007850
9598,A,A-000007839
9598,B,B-000007851
9599,A,A-000007840
9599,B,B-000007852
9600,A,A-000007841
9600,B,B-000007853
9601,A,A-000007842
9601,B,B-000007854
9602,A,A-000007843
9602,B,B-000007855
9603,B,B-000007856
9604,A,A-000007844
9604,B,B-000007857
9606,A,A-000007845
9606,B,B-000007858
9607,A,A-000007846
9607,B,B-000007859
9608,A,A-000007847
9608,B,B-000007860
9609,A,A-000007848
9609,B,B-000007861
9610,A,A-000007849
9610,B,B-000007862
9611,A,A-000007850
9611,B,B-000007863
9613,A,A-000007851
9613,B,B-000007864
9614,A,A-000007852
9614,B,B-000007865
9615,A,A-000007853
9615,B,B-000007866
9616,A,A-000007854
9616,B,B-000007867
9617,A,A-000007855
9617,B,B-000007868
9618,A,A-000007856
9618,B,B-000007869
9619,A,A-000007857
9619,B,B-000007870
9621,A,A-000007858
9621,B,B-000007871
9622,A,A-000007859
9622,B,B-000007872
9623,A,A-000007860
9623,B,B-000007873
9624,A,A-000007861
9624,B,B-000007874
9626,A,A-000007862
9626,B,B-000007875
9627,A,A-000007863
9627,B,B-000007876
9628,A,A-000007864
9628,B,B-000007877
9630,A,A-000007865
9630,B,B-000007878
9631,A,A-000007866
9631,B,B-000007879
9633,A,A-000007867
9633,B,B-000007880
9634,A,A-000007868
9634,B,B-000007881
9635,A,A-000007869
9635,B,B-000007882
9637,A,A-000007870
9637,B,B-000007883
9639,A,A-000007871
9639,B,B-000007884
9641,A,A-000007872
9641,B,B-000007885
9643,A,A-000007873
9643,B,B-000007886
9644,A,A-000007874
9644,B,B-000007887
9646,A,A-000007875
9646,B,B-000007888
9647,A,A-000007876
9647,B,B-000007889
9648,A,A-000007877
9648,B,B-000007890
9650,A,A-000007878
9650,B,B-000007891
9653,A,A-000007879
9653,B,B-000007892
9654,A,A-000007880
9654,B,B-000007893
9655,A,A-000007881
9655,B,B-000007894
9656,A,A-000007882
9656,B,B-000007895
9657,A,A-000007883
9657,B,B-000007896
9661,A,A-000007884
9661,B,B-000007897
9663,A,A-000007885
9663,B,B-000007898
9664,A,A-000007886
9664,B,B-000007899
9665,A,A-000007887
9665,B,B-000007900
9666,A,A-000007888
9666,B,B-000007901
9667,A,A-000007889
9667,B,B-000007902
9668,A,A-000007890
9668,B,B-000007903
9670,A,A-000007891
9670,B,B-000007904
9671,A,A-000007892
9671,B,B-000007905
9672,A,A-000007893
9672,B,B-000007906
9673,A,A-000007894
9673,B,B-000007907
9674,A,A-000007895
9674,B,B-000007908
9675,A,A-000007896
9675,B,B-000007909
9676,A,A-000007897
9676,B,B-000007910
9677,A,A-000007898
9677,B,B-000007911
9678,A,A-000007899
9678,B,B-000007912
9679,A,A-000007900
9679,B,B-000007913
9680,A,A-000007901
9680,B,B-000007914
9682,A,A-000007902
9682,B,B-000007915
9683,A,A-000007903
9683,B,B-000007916
9684,A,A-000007904
9684,B,B-000007917
9685,A,A-000007905
9685,B,B-000007918
9686,A,A-000007906
9686,B,B-000007919
9687,A,A-000007907
9687,B,B-000007920
9688,A,A-000007908
9688,B,B-000007921
9689,A,A-000007909
9689,B,B-000007922
9690,A,A-000007910
9690,B,B-000007923
9691,A,A-000007911
9691,B,B-000007924
9692,A,A-000007912
9692,B,B-000007925
9693,A,A-000007913
9693,B,B-000007926
9694,A,A-000007914
9694,B,B-000007927
9695,A,A-000007915
9695,B,B-000007928
9696,A,A-000007916
9696,B,B-000007929
9698,A,A-000007917
9698,B,B-000007930
9699,A,A-000007918
9699,B,B-000007931
9700,A,A-000007919
9700,B,B-000007932
9701,A,A-000007920
9701,B,B-000007933
9702,A,A-000007921
9702,B,B-000007934
9703,A,A-000007922
9703,B,B-000007935
9705,A,A-000007923
9705,B,B-000007936
9707,A,A-000007924
9707,B,B-000007937
9708,A,A-000007925
9708,B,B-000007938
9709,A,A-000007926
9709,B,B-000007939
9710,A,A-000007927
9710,B,B-000007940
9712,A,A-000007928
9712,B,B-000007941
9713,A,A-000007929
9713,B,B-000007942
9714,A,A-000007930
9714,B,B-000007943
9715,A,A-000007931
9715,B,B-000007944
9717,A,A-000007932
9717,B,B-000007945
9718,A,A-000007933
9718,B,B-000007946
9719,A,A-000007934
9719,B,B-000007947
9720,A,A-000007935
9720,B,B-000007948
9721,A,A-000007936
9721,B,B-000007949
9722,A,A-000007937
9722,B,B-000007950
9723,A,A-000007938
9723,B,B-000007951
9724,A,A-000007939
9724,B,B-000007952
9725,A,A-000007940
9725,B,B-000007953
9728,A,A-000007941
9728,B,B-000007954
9729,A,A-000007942
9729,B,B-000007955
9730,A,A-000007943
9730,B,B-000007956
9733,A,A-000007944
9733,B,B-000007957
9734,A,A-000007945
9734,B,B-000007958
9735,A,A-000007946
9735,B,B-000007959
9736,A,A-000007947
9736,B,B-000007960
9737,A,A-000007948
9737,B,B-000007961
9738,A,A-000007949
9738,B,B-000007962
9739,A,A-000007950
9739,B,B-000007963
9740,A,A-000007951
9740,B,B-000007964
9742,A,A-000007952
9742,B,B-000007965
9743,A,A-000007953
9743,B,B-000007966
9744,A,A-000007954
9744,B,B-000007967
9747,A,A-000007955
9747,B,B-000007968
9748,A,A-000007956
9748,B,B-000007969
9749,A,A-000007957
9749,B,B-000007970
9750,A,A-000007958
9750,B,B-000007971
9751,A,A-000007959
9751,B,B-000007972
9752,A,A-000007960
9752,B,B-000007973
9753,A,A-000007961
9753,B,B-000007974
9754,A,A-000007962
9754,B,B-000007975
9755,A,A-000007963
9755,B,B-000007976
9756,A,A-000007964
9756,B,B-000007977
9757,A,A-000007965
9757,B,B-000007978
9758,A,A-000007966
9758,B,B-000007979
9759,A,A-000007967
9759,B,B-000007980
9760,A,A-000007968
9760,B,B-000007981
9763,A,A-000007969
9763,B,B-000007982
9764,A,A-000007970
9764,B,B-000007983
9765,A,A-000007971
9765,B,B-000007984
9767,A,A-000007972
9767,B,B-000007985
9768,A,A-000007973
9768,B,B-000007986
9769,A,A-000007974
9769,B,B-000007987
9770,A,A-000007975
9770,B,B-000007988
9771,A,A-000007976
9771,B,B-000007989
9772,A,A-000007977
9772,B,B-000007990
9774,A,A-000007978
9774,B,B-000007991
9775,A,A-000007979
9775,B,B-000007992
9776,A,A-000007980
9776,B,B-000007993
9777,A,A-000007981
9777,B,B-000007994
9778,A,A-000007982
9778,B,B-000007995
9780,A,A-000007983
9780,B,B-000007996
9781,A,A-000007984
9781,B,B-000007997
9782,A,A-000007985
9782,B,B-000007998
9783,A,A-000007986
9783,B,B-000007999
9784,A,A-000007987
9784,B,B-000008000
9786,A,A-000007988
9786,B,B-000008001
9787,A,A-000007989
9787,B,B-000008002
9788,A,A-000007990
9788,B,B-000008003
9789,A,A-000007991
9789,B,B-000008004
9790,A,A-000007992
9790,B,B-000008005
9791,A,A-000007993
9791,B,B-000008006
9793,A,A-000007994
9793,B,B-000008007
9795,A,A-000007995
9795,B,B-000008008
9798,A,A-000007996
9798,B,B-000008009
9799,A,A-000007997
9799,B,B-000008010
9800,A,A-000007998
9800,B,B-000008011
9801,A,A-000007999
9801,B,B-000008012
9802,A,A-000008000
9802,B,B-000008013
9803,A,A-000008001
9803,B,B-000008014
9804,A,A-000008002
9804,B,B-000008015
9805,A,A-000008003
9805,B,B-000008016
9807,A,A-000008004
9807,B,B-000008017
9808,A,A-000008005
9808,B,B-000008018
9809,A,A-000008006
9809,B,B-000008019
9811,A,A-000008007
9811,B,B-000008020
9812,A,A-000008008
9812,B,B-000008021
9813,A,A-000008009
9813,B,B-000008022
9814,A,A-000008010
9814,B,B-000008023
9815,A,A-000008011
9815,B,B-000008024
9817,A,A-000008012
9817,B,B-000008025
9818,A,A-000008013
9818,B,B-000008026
9819,A,A-000008014
9819,B,B-000008027
9820,A,A-000008015
9820,B,B-000008028
9821,A,A-000008016
9821,B,B-000008029
9822,A,A-000008017
9822,B,B-000008030
9823,A,A-000008018
9823,B,B-000008031
9824,A,A-000008019
9824,B,B-000008032
9825,A,A-000008020
9825,B,B-000008033
9826,A,A-000008021
9826,B,B-000008034
9827,A,A-000008022
9827,B,B-000008035
9828,A,A-000008023
9828,B,B-000008036
9829,A,A-000008024
9829,B,B-000008037
9831,A,A-000008025
9831,B,B-000008038
9832,A,A-000008026
9832,B,B-000008039
9834,A,A-000008027
9834,B,B-000008040
9835,A,A-000008028
9835,B,B-000008041
9836,A,A-000008029
9836,B,B-000008042
9837,A,A-000008030
9837,B,B-000008043
9838,A,A-000008031
9838,B,B-000008044
9839,A,A-000008032
9839,B,B-000008045
9842,A,A-000008033
9842,B,B-000008046
9843,A,A-000008034
9843,B,B-000008047
9844,A,A-000008035
9844,B,B-000008048
9845,A,A-000008036
9845,B,B-000008049
9846,A,A-000008037
9846,B,B-000008050
9847,A,A-000008038
9847,B,B-000008051
9848,A,A-000008039
9848,B,B-000008052
9849,A,A-000008040
9849,B,B-000008053
9850,A,A-000008041
9850,B,B-000008054
9851,A,A-000008042
9851,B,B-000008055
9852,A,A-000008043
9852,B,B-000008056
9853,A,A-000008044
9853,B,B-000008057
9854,A,A-000008045
9854,B,B-000008058
9855,A,A-000008046
9855,B,B-000008059
9856,A,A-000008047
9856,B,B-000008060
9857,A,A-000008048
9857,B,B-000008061
9858,A,A-000008049
9858,B,B-000008062
9859,A,A-000008050
9859,B,B-000008063
9860,A,A-000008051
9860,B,B-000008064
9861,A,A-000008052
9861,B,B-000008065
9862,A,A-000008053
9862,B,B-000008066
9863,A,A-000008054
9863,B,B-000008067
9864,A,A-000008055
9864,B,B-000008068
9865,A,A-000008056
9865,B,B-000008069
9866,A,A-000008057
9866,B,B-000008070
9867,A,A-000008058
9867,B,B-000008071
9869,A,A-000008059
9869,B,B-000008072
9870,A,A-000008060
9870,B,B-000008073
9871,A,A-000008061
9871,B,B-000008074
9872,A,A-000008062
9872,B,B-000008075
9873,A,A-000008063
9873,B,B-000008076
9874,A,A-000008064
9874,B,B-000008077
9875,A,A-000008065
9875,B,B-000008078
9876,A,A-000008066
9876,B,B-000008079
9877,A,A-000008067
9877,B,B-000008080
9878,A,A-000008068
9878,B,B-000008081
9879,A,A-000008069
9879,B,B-000008082
9880,A,A-000008070
9880,B,B-000008083
9881,A,A-000008071
9881,B,B-000008084
9883,A,A-000008072
9883,B,B-000008085
9884,A,A-000008073
9884,B,B-000008086
9885,A,A-000008074
9885,B,B-000008087
9886,A,A-000008075
9886,B,B-000008088
9887,A,A-000008076
9887,B,B-000008089
9888,A,A-000008077
9888,B,B-000008090
9889,A,A-000008078
9889,B,B-000008091
9890,A,A-000008079
9890,B,B-000008092
9892,A,A-000008080
9892,B,B-000008093
9893,A,A-000008081
9893,B,B-000008094
9894,A,A-000008082
9894,B,B-000008095
9895,A,A-000008083
9895,B,B-000008096
9896,A,A-000008084
9896,B,B-000008097
9897,A,A-000008085
9897,B,B-000008098
9898,A,A-000008086
9898,B,B-000008099
9899,A,A-000008087
9899,B,B-000008100
9901,A,A-000008088
9901,B,B-000008101
9903,A,A-000008089
9903,B,B-000008102
9904,A,A-000008090
9904,B,B-000008103
9905,A,A-000008091
9905,B,B-000008104
9906,A,A-000008092
9906,B,B-000008105
9908,A,A-000008093
9908,B,B-000008106
9910,A,A-000008094
9910,B,B-000008107
9911,A,A-000008095
9911,B,B-000008108
9912,A,A-000008096
9912,B,B-000008109
9913,A,A-000008097
9913,B,B-000008110
9915,A,A-000008098
9915,B,B-000008111
9916,A,A-000008099
9916,B,B-000008112
9917,A,A-000008100
9917,B,B-000008113
9918,A,A-000008101
9918,B,B-000008114
9919,A,A-000008102
9919,B,B-000008115
9920,A,A-000008103
9920,B,B-000008116
9921,A,A-000008104
9921,B,B-000008117
9923,A,A-000008105
9923,B,B-000008118
9925,A,A-000008106
9925,B,B-000008119
9927,A,A-000008107
9927,B,B-000008120
9929,A,A-000008108
9929,B,B-000008121
9930,A,A-000008109
9930,B,B-000008122
9931,A,A-000008110
9931,B,B-000008123
9932,A,A-000008111
9932,B,B-000008124
9933,A,A-000008112
9933,B,B-000008125
9935,A,A-000008113
9935,B,B-000008126
9936,A,A-000008114
9936,B,B-000008127
9937,A,A-000008115
9937,B,B-000008128
9938,A,A-000008116
9938,B,B-000008129
9939,A,A-000008117
9939,B,B-000008130
9940,A,A-000008118
9940,B,B-000008131
9942,A,A-000008119
9942,B,B-000008132
9944,A,A-000008120
9944,B,B-000008133
9945,A,A-000008121
9945,B,B-000008134
9946,A,A-000008122
9946,B,B-000008135
9947,A,A-000008123
9947,B,B-000008136
9948,A,A-000008124
9948,B,B-000008137
9949,A,A-000008125
9949,B,B-000008138
9950,A,A-000008126
9950,B,B-000008139
9951,A,A-000008127
9951,B,B-000008140
9952,A,A-000008128
9952,B,B-000008141
9953,A,A-000008129
9953,B,B-000008142
9954,A,A-000008130
9954,B,B-000008143
9956,A,A-000008131
9956,B,B-000008144
9957,A,A-000008132
9957,B,B-000008145
9958,A,A-000008133
9958,B,B-000008146
9960,A,A-000008134
9960,B,B-000008147
9961,A,A-000008135
9961,B,B-000008148
9962,A,A-000008136
9962,B,B-000008149
9963,A,A-000008137
9963,B,B-000008150
9965,A,A-000008138
9965,B,B-000008151
9966,A,A-000008139
9966,B,B-000008152
9967,A,A-000008140
9967,B,B-000008153
9968,A,A-000008141
9968,B,B-000008154
9969,A,A-000008142
9969,B,B-000008155
9970,A,A-000008143
9970,B,B-000008156
9971,A,A-000008144
9971,B,B-000008157
9972,A,A-000008145
9972,B,B-000008158
9974,A,A-000008146
9974,B,B-000008159
9975,A,A-000008147
9975,B,B-000008160
9976,A,A-000008148
9976,B,B-000008161
9977,A,A-000008149
9977,B,B-000008162
9978,A,A-000008150
9978,B,B-000008163
9979,A,A-000008151
9979,B,B-000008164
9980,A,A-000008152
9980,B,B-000008165
9983,A,A-000008153
9983,B,B-000008166
9986,A,A-000008154
9986,B,B-000008167
9987,A,A-000008155
9987,B,B-000008168
9988,A,A-000008156
9988,B,B-000008169
9989,A,A-000008157
9989,B,B-000008170
9990,A,A-000008158
9990,B,B-000008171
9991,A,A-000008159
9991,B,B-000008172
9993,A,A-000008160
9993,B,B-000008173
9994,A,A-000008161
9994,B,B-000008174
9996,A,A-000008162
9996,B,B-000008175
9997,A,A-000008163
9997,B,B-000008176
9998,A,A-000008164
9998,B,B-000008177
9999,A,A-000008165
9999,B,B-000008178
10000,A,A-000008166
10000,B,B-000008179
