PersonKey,A_RecordKey,B_RecordKey
1,A-000000001,B-000000001
2,A-000000002,B-000000002
3,A-000000003,B-000000003
4,A-000000004,B-000000004
5,A-000000005,B-000000005
6,A-000000006,B-000000006
8,A-000000007,B-000000007
9,A-000000008,B-000000008
10,A-000000009,B-000000009
12,A-000000010,B-000000010
13,A-000000011,B-000000011
16,A-000000012,B-000000012
17,A-000000013,B-000000013
18,A-000000014,B-000000014
20,A-000000015,B-000000015
21,A-000000016,B-000000016
22,A-000000017,B-000000017
23,A-000000018,B-000000018
24,A-000000019,B-000000019
25,A-000000020,B-000000020
26,A-000000021,B-000000021
27,A-000000022,B-000000022
28,A-000000023,B-000000023
29,A-000000024,B-000000024
30,A-000000025,B-000000025
31,A-000000026,B-000000026
32,A-000000027,B-000000027
33,A-000000028,B-000000028
36,A-000000029,B-000000029
37,A-000000030,B-000000030
38,A-000000031,B-000000031
39,A-000000032,B-000000032
40,A-000000033,B-000000033
41,A-000000034,B-000000034
42,A-000000035,B-000000035
43,A-000000036,B-000000036
44,A-000000037,B-000000037
45,A-000000038,B-000000038
46,A-000000039,B-000000039
48,A-000000040,B-000000040
49,A-000000041,B-000000041
50,A-000000042,B-000000042
51,A-000000043,B-000000043
53,A-000000044,B-000000044
54,A-000000045,B-000000045
55,A-000000046,B-000000046
56,A-000000047,B-000000047
57,A-000000048,B-000000048
58,A-000000049,B-000000049
59,A-000000050,B-000000050
60,A-000000051,B-000000051
61,A-000000052,B-000000052
62,A-000000053,B-000000053
66,A-000000054,B-000000054
67,A-000000055,B-000000055
68,A-000000056,B-000000056
69,A-000000057,B-000000057
70,A-000000058,B-000000058
71,A-000000059,B-000000059
73,A-000000060,B-000000060
74,A-000000061,B-000000061
75,A-000000062,B-000000062
76,A-000000063,B-000000063
77,A-000000064,B-000000064
79,A-000000065,B-000000065
80,A-000000066,B-000000066
81,A-000000067,B-000000067
83,A-000000068,B-000000068
85,A-000000069,B-000000069
86,A-000000070,B-000000070
87,A-000000071,B-000000071
90,A-000000072,B-000000072
91,A-000000073,B-000000073
92,A-000000074,B-000000074
93,A-000000075,B-000000075
94,A-000000076,B-000000076
95,A-000000077,B-000000077
96,A-000000078,B-000000078
97,A-000000079,B-000000079
98,A-000000080,B-000000080
99,A-000000081,B-000000081
100,A-000000082,B-000000082
101,A-000000083,B-000000083
102,A-000000084,B-000000084
103,A-000000085,B-000000085
104,A-000000086,B-000000086
105,A-000000087,B-000000087
106,A-000000088,B-000000088
107,A-000000089,B-000000089
108,A-000000090,B-000000090
109,A-000000091,B-000000091
111,A-000000092,B-000000092
112,A-000000093,B-000000093
113,A-000000094,B-000000094
114,A-000000095,B-000000095
115,A-000000096,B-000000096
116,A-000000097,B-000000097
118,A-000000098,B-000000098
120,A-000000099,B-000000099
122,A-000000100,B-000000100
123,A-000000101,B-000000101
125,A-000000102,B-000000102
126,A-000000103,B-000000103
128,A-000000104,B-000000104
129,A-000000105,B-000000105
131,A-000000106,B-000000106
133,A-000000107,B-000000107
134,A-000000108,B-000000108
135,A-000000109,B-000000109
136,A-000000110,B-000000110
137,A-000000111,B-000000111
138,A-000000112,B-000000112
139,A-000000113,B-000000113
140,A-000000114,B-000000114
141,A-000000115,B-000000115
142,A-000000116,B-000000116
143,A-000000117,B-000000117
144,A-000000118,B-000000118
145,A-000000119,B-000000119
146,A-000000120,B-000000120
147,A-000000121,B-000000121
148,A-000000122,B-000000122
149,A-000000123,B-000000123
150,A-000000124,B-000000124
151,A-000000125,B-000000125
152,A-000000126,B-000000126
153,A-000000127,B-000000127
154,A-000000128,B-000000128
155,A-000000129,B-000000129
156,A-000000130,B-000000130
157,A-000000131,B-000000131
158,A-000000132,B-000000132
159,A-000000133,B-000000133
160,A-000000134,B-000000134
161,A-000000135,B-000000135
162,A-000000136,B-000000136
163,A-000000137,B-000000137
164,A-000000138,B-000000138
165,A-000000139,B-000000139
166,A-000000140,B-000000140
167,A-000000141,B-000000141
168,A-000000142,B-000000142
169,A-000000143,B-000000143
170,A-000000144,B-000000144
171,A-000000145,B-000000145
173,A-000000146,B-000000146
175,A-000000147,B-000000147
176,A-000000148,B-000000148
178,A-000000149,B-000000149
179,A-000000150,B-000000150
180,A-000000151,B-000000151
181,A-000000152,B-000000152
182,A-000000153,B-000000153
183,A-000000154,B-000000154
185,A-000000155,B-000000155
187,A-000000156,B-000000156
188,A-000000157,B-000000157
189,A-000000158,B-000000158
190,A-000000159,B-000000159
191,A-000000160,B-000000160
192,A-000000161,B-000000161
193,A-000000162,B-000000162
194,A-000000163,B-000000163
195,A-000000164,B-000000164
196,A-000000165,B-000000165
198,A-000000166,B-000000166
199,A-000000167,B-000000167
200,A-000000168,B-000000168
203,A-000000169,B-000000169
204,A-000000170,B-000000170
205,A-000000171,B-000000171
207,A-000000172,B-000000172
208,A-000000173,B-000000173
212,A-000000174,B-000000174
213,A-000000175,B-000000175
214,A-000000176,B-000000176
215,A-000000177,B-000000177
216,A-000000178,B-000000178
217,A-000000179,B-000000179
218,A-000000180,B-000000180
219,A-000000181,B-000000181
220,A-000000182,B-000000182
221,A-000000183,B-000000183
222,A-000000184,B-000000184
223,A-000000185,B-000000185
224,A-000000186,B-000000186
225,A-000000187,B-000000187
227,A-000000188,B-000000188
228,A-000000189,B-000000189
229,A-000000190,B-000000190
230,A-000000191,B-000000191
231,A-000000192,B-000000192
232,A-000000193,B-000000193
233,A-000000194,B-000000194
236,A-000000195,B-000000195
237,A-000000196,B-000000196
238,A-000000197,B-000000197
239,A-000000198,B-000000198
240,A-000000199,B-000000199
241,A-000000200,B-000000200
242,A-000000201,B-000000201
243,A-000000202,B-000000202
244,A-000000203,B-000000203
246,A-000000204,B-000000204
247,A-000000205,B-000000205
251,A-000000206,B-000000206
252,A-000000207,B-000000207
253,A-000000208,B-000000208
254,A-000000209,B-000000209
255,A-000000210,B-000000210
256,A-000000211,B-000000211
257,A-000000212,B-000000212
258,A-000000213,B-000000213
259,A-000000214,B-000000214
262,A-000000215,B-000000215
264,A-000000216,B-000000216
265,A-000000217,B-000000217
266,A-000000218,B-000000218
268,A-000000219,B-000000219
269,A-000000220,B-000000220
271,A-000000221,B-000000221
272,A-000000222,B-000000222
273,A-000000223,B-000000223
274,A-000000224,B-000000224
276,A-000000225,B-000000225
278,A-000000226,B-000000226
279,A-000000227,B-000000227
280,A-000000228,B-000000228
281,A-000000229,B-000000229
282,A-000000230,B-000000230
283,A-000000231,B-000000231
284,A-000000232,B-000000232
285,A-000000233,B-000000233
287,A-000000234,B-000000234
288,A-000000235,B-000000235
289,A-000000236,B-000000236
291,A-000000237,B-000000237
292,A-000000238,B-000000238
294,A-000000239,B-000000239
295,A-000000240,B-000000240
296,A-000000241,B-000000241
297,A-000000242,B-000000242
299,A-000000243,B-000000243
300,A-000000244,B-000000244
301,A-000000245,B-000000245
302,A-000000246,B-000000246
308,A-000000247,B-000000247
309,A-000000248,B-000000248
310,A-000000249,B-000000249
311,A-000000250,B-000000250
314,A-000000251,B-000000251
315,A-000000252,B-000000252
317,A-000000253,B-000000253
319,A-000000254,B-000000254
322,A-000000255,B-000000255
323,A-000000256,B-000000256
324,A-000000257,B-000000257
326,A-000000258,B-000000258
327,A-000000259,B-000000259
329,A-000000260,B-000000260
330,A-000000261,B-000000261
332,A-000000262,B-000000262
333,A-000000263,B-000000263
334,A-000000264,B-000000264
335,A-000000265,B-000000265
337,A-000000266,B-000000266
338,A-000000267,B-000000267
339,A-000000268,B-000000268
340,A-000000269,B-000000269
341,A-000000270,B-000000270
343,A-000000271,B-000000271
344,A-000000272,B-000000272
345,A-000000273,B-000000273
346,A-000000274,B-000000274
347,A-000000275,B-000000275
348,A-000000276,B-000000276
349,A-000000277,B-000000277
350,A-000000278,B-000000278
351,A-000000279,B-000000279
353,A-000000280,B-000000280
354,A-000000281,B-000000281
355,A-000000282,B-000000282
356,A-000000283,B-000000283
357,A-000000284,B-000000284
358,A-000000285,B-000000285
360,A-000000286,B-000000286
361,A-000000287,B-000000287
362,A-000000288,B-000000288
363,A-000000289,B-000000289
365,A-000000290,B-000000290
366,A-000000291,B-000000291
369,A-000000292,B-000000292
370,A-000000293,B-000000293
371,A-000000294,B-000000294
372,A-000000295,B-000000295
373,A-000000296,B-000000296
374,A-000000297,B-000000297
375,A-000000298,B-000000298
376,A-000000299,B-000000299
377,A-000000300,B-000000300
378,A-000000301,B-000000301
380,A-000000302,B-000000302
381,A-000000303,B-000000303
382,A-000000304,B-000000304
383,A-000000305,B-000000305
384,A-000000306,B-000000306
385,A-000000307,B-000000307
386,A-000000308,B-000000308
387,A-000000309,B-000000309
388,A-000000310,B-000000310
389,A-000000311,B-000000311
390,A-000000312,B-000000312
391,A-000000313,B-000000313
393,A-000000314,B-000000314
394,A-000000315,B-000000315
395,A-000000316,B-000000316
396,A-000000317,B-000000317
397,A-000000318,B-000000318
398,A-000000319,B-000000319
399,A-000000320,B-000000320
400,A-000000321,B-000000321
401,A-000000322,B-000000322
402,A-000000323,B-000000323
403,A-000000324,B-000000324
404,A-000000325,B-000000325
405,A-000000326,B-000000326
406,A-000000327,B-000000327
407,A-000000328,B-000000328
408,A-000000329,B-000000329
409,A-000000330,B-000000330
410,A-000000331,B-000000331
411,A-000000332,B-000000332
412,A-000000333,B-000000333
413,A-000000334,B-000000334
414,A-000000335,B-000000335
415,A-000000336,B-000000336
416,A-000000337,B-000000337
417,A-000000338,B-000000338
418,A-000000339,B-000000339
419,A-000000340,B-000000340
421,A-000000341,B-000000341
422,A-000000342,B-000000342
424,A-000000343,B-000000343
425,A-000000344,B-000000344
426,A-000000345,B-000000345
427,A-000000346,B-000000346
428,A-000000347,B-000000347
429,A-000000348,B-000000348
430,A-000000349,B-000000349
432,A-000000350,B-000000350
434,A-000000351,B-000000351
435,A-000000352,B-000000352
436,A-000000353,B-000000353
439,A-000000354,B-000000354
440,A-000000355,B-000000355
441,A-000000356,B-000000356
442,A-000000357,B-000000357
443,A-000000358,B-000000358
444,A-000000359,B-000000359
445,A-000000360,B-000000360
449,A-000000361,B-000000361
450,A-000000362,B-000000362
451,A-000000363,B-000000363
453,A-000000364,B-000000364
454,A-000000365,B-000000365
455,A-000000366,B-000000366
456,A-000000367,B-000000367
457,A-000000368,B-000000368
458,A-000000369,B-000000369
459,A-000000370,B-000000370
460,A-000000371,B-000000371
461,A-000000372,B-000000372
462,A-000000373,B-000000373
463,A-000000374,B-000000374
464,A-000000375,B-000000375
465,A-000000376,B-000000376
466,A-000000377,B-000000377
467,A-000000378,B-000000378
468,A-000000379,B-000000379
469,A-000000380,B-000000380
470,A-000000381,B-000000381
471,A-000000382,B-000000382
473,A-000000383,B-000000383
474,A-000000384,B-000000384
475,A-000000385,B-000000385
476,A-000000386,B-000000386
477,A-000000387,B-000000387
478,A-000000388,B-000000388
479,A-000000389,B-000000389
480,A-000000390,B-000000390
481,A-000000391,B-000000391
482,A-000000392,B-000000392
483,A-000000393,B-000000393
486,A-000000394,B-000000394
487,A-000000395,B-000000395
488,A-000000396,B-000000396
489,A-000000397,B-000000397
490,A-000000398,B-000000398
491,A-000000399,B-000000399
492,A-000000400,B-000000400
493,A-000000401,B-000000401
494,A-000000402,B-000000402
495,A-000000403,B-000000403
496,A-000000404,B-000000404
497,A-000000405,B-000000405
498,A-000000406,B-000000406
499,A-000000407,B-000000407
500,A-000000408,B-000000408
501,A-000000409,B-000000409
502,A-000000410,B-000000410
503,A-000000411,B-000000411
504,A-000000412,B-000000412
505,A-000000413,B-000000413
506,A-000000414,B-000000414
507,A-000000415,B-000000415
508,A-000000416,B-000000416
509,A-000000417,B-000000417
510,A-000000418,B-000000418
511,A-000000419,B-000000419
512,A-000000420,B-000000420
513,A-000000421,B-000000421
514,A-000000422,B-000000422
515,A-000000423,B-000000423
516,A-000000424,B-000000424
517,A-000000425,B-000000425
518,A-000000426,B-000000426
519,A-000000427,B-000000427
520,A-000000428,B-000000428
521,A-000000429,B-000000429
522,A-000000430,B-000000430
523,A-000000431,B-000000431
524,A-000000432,B-000000432
525,A-000000433,B-000000433
526,A-000000434,B-000000434
527,A-000000435,B-000000435
528,A-000000436,B-000000436
529,A-000000437,B-000000437
530,A-000000438,B-000000438
532,A-000000439,B-000000439
533,A-000000440,B-000000440
534,A-000000441,B-000000441
535,A-000000442,B-000000442
536,A-000000443,B-000000443
537,A-000000444,B-000000444
538,A-000000445,B-000000445
539,A-000000446,B-000000446
542,A-000000447,B-000000447
543,A-000000448,B-000000448
544,A-000000449,B-000000449
545,A-000000450,B-000000450
546,A-000000451,B-000000451
547,A-000000452,B-000000452
548,A-000000453,B-000000453
552,A-000000454,B-000000454
554,A-000000455,B-000000455
556,A-000000456,B-000000456
557,A-000000457,B-000000457
558,A-000000458,B-000000458
559,A-000000459,B-000000459
560,A-000000460,B-000000460
561,A-000000461,B-000000461
562,A-000000462,B-000000462
563,A-000000463,B-000000463
564,A-000000464,B-000000464
566,A-000000465,B-000000465
567,A-000000466,B-000000466
568,A-000000467,B-000000467
569,A-000000468,B-000000468
572,A-000000469,B-000000469
573,A-000000470,B-000000470
574,A-000000471,B-000000471
577,A-000000472,B-000000472
580,A-000000473,B-000000473
581,A-000000474,B-000000474
582,A-000000475,B-000000475
583,A-000000476,B-000000476
584,A-000000477,B-000000477
585,A-000000478,B-000000478
588,A-000000479,B-000000479
589,A-000000480,B-000000480
590,A-000000481,B-000000481
591,A-000000482,B-000000482
592,A-000000483,B-000000483
593,A-000000484,B-000000484
595,A-000000485,B-000000485
596,A-000000486,B-000000486
598,A-000000487,B-000000487
599,A-000000488,B-000000488
600,A-000000489,B-000000489
601,A-000000490,B-000000490
602,A-000000491,B-000000491
603,A-000000492,B-000000492
604,A-000000493,B-000000493
605,A-000000494,B-000000494
608,A-000000495,B-000000495
609,A-000000496,B-000000496
610,A-000000497,B-000000497
611,A-000000498,B-000000498
612,A-000000499,B-000000499
613,A-000000500,B-000000500
615,A-000000501,B-000000501
616,A-000000502,B-000000502
617,A-000000503,B-000000503
618,A-000000504,B-000000504
619,A-000000505,B-000000505
622,A-000000506,B-000000506
623,A-000000507,B-000000507
625,A-000000508,B-000000508
627,A-000000509,B-000000509
628,A-000000510,B-000000510
629,A-000000511,B-000000511
631,A-000000512,B-000000512
633,A-000000513,B-000000513
634,A-000000514,B-000000514
636,A-000000515,B-000000515
638,A-000000516,B-000000516
639,A-000000517,B-000000517
640,A-000000518,B-000000518
641,A-000000519,B-000000519
642,A-000000520,B-000000520
643,A-000000521,B-000000521
644,A-000000522,B-000000522
645,A-000000523,B-000000523
646,A-000000524,B-000000524
647,A-000000525,B-000000525
648,A-000000526,B-000000526
649,A-000000527,B-000000527
650,A-000000528,B-000000528
651,A-000000529,B-000000529
653,A-000000530,B-000000530
654,A-000000531,B-000000531
655,A-000000532,B-000000532
657,A-000000533,B-000000533
658,A-000000534,B-000000534
660,A-000000535,B-000000535
661,A-000000536,B-000000536
662,A-000000537,B-000000537
663,A-000000538,B-000000538
664,A-000000539,B-000000539
665,A-000000540,B-000000540
667,A-000000541,B-000000541
669,A-000000542,B-000000542
670,A-000000543,B-000000543
672,A-000000544,B-000000544
673,A-000000545,B-000000545
674,A-000000546,B-000000546
677,A-000000547,B-000000547
678,A-000000548,B-000000548
679,A-000000549,B-000000549
680,A-000000550,B-000000550
681,A-000000551,B-000000551
682,A-000000552,B-000000552
683,A-000000553,B-000000553
684,A-000000554,B-000000554
685,A-000000555,B-000000555
687,A-000000556,B-000000556
689,A-000000557,B-000000557
690,A-000000558,B-000000558
691,A-000000559,B-000000559
692,A-000000560,B-000000560
693,A-000000561,B-000000561
694,A-000000562,B-000000562
695,A-000000563,B-000000563
696,A-000000564,B-000000564
697,A-000000565,B-000000565
699,A-000000566,B-000000566
700,A-000000567,B-000000567
701,A-000000568,B-000000568
702,A-000000569,B-000000569
703,A-000000570,B-000000570
704,A-000000571,B-000000571
705,A-000000572,B-000000572
706,A-000000573,B-000000573
707,A-000000574,B-000000574
709,A-000000575,B-000000575
710,A-000000576,B-000000576
711,A-000000577,B-000000577
712,A-000000578,B-000000578
713,A-000000579,B-000000579
714,A-000000580,B-000000580
715,A-000000581,B-000000581
716,A-000000582,B-000000582
717,A-000000583,B-000000583
718,A-000000584,B-000000584
719,A-000000585,B-000000585
720,A-000000586,B-000000586
721,A-000000587,B-000000587
722,A-000000588,B-000000588
724,A-000000589,B-000000589
726,A-000000590,B-000000590
727,A-000000591,B-000000591
728,A-000000592,B-000000592
729,A-000000593,B-000000593
730,A-000000594,B-000000594
731,A-000000595,B-000000595
732,A-000000596,B-000000596
734,A-000000597,B-000000597
735,A-000000598,B-000000598
736,A-000000599,B-000000599
737,A-000000600,B-000000600
738,A-000000601,B-000000601
739,A-000000602,B-000000602
740,A-000000603,B-000000603
741,A-000000604,B-000000604
742,A-000000605,B-000000605
743,A-000000606,B-000000606
744,A-000000607,B-000000607
745,A-000000608,B-000000608
746,A-000000609,B-000000609
748,A-000000610,B-000000610
749,A-000000611,B-000000611
750,A-000000612,B-000000612
751,A-000000613,B-000000613
752,A-000000614,B-000000614
753,A-000000615,B-000000615
754,A-000000616,B-000000616
755,A-000000617,B-000000617
757,A-000000618,B-000000618
758,A-000000619,B-000000619
759,A-000000620,B-000000620
761,A-000000621,B-000000621
762,A-000000622,B-000000622
764,A-000000623,B-000000623
765,A-000000624,B-000000624
766,A-000000625,B-000000625
767,A-000000626,B-000000626
768,A-000000627,B-000000627
769,A-000000628,B-000000628
770,A-000000629,B-000000629
771,A-000000630,B-000000630
772,A-000000631,B-000000631
773,A-000000632,B-000000632
774,A-000000633,B-000000633
776,A-000000634,B-000000634
777,A-000000635,B-000000635
778,A-000000636,B-000000636
779,A-000000637,B-000000637
780,A-000000638,B-000000638
781,A-000000639,B-000000639
782,A-000000640,B-000000640
783,A-000000641,B-000000641
785,A-000000642,B-000000642
786,A-000000643,B-000000643
787,A-000000644,B-000000644
788,A-000000645,B-000000645
789,A-000000646,B-000000646
790,A-000000647,B-000000647
791,A-000000648,B-000000648
792,A-000000649,B-000000649
793,A-000000650,B-000000650
794,A-000000651,B-000000651
795,A-000000652,B-000000652
797,A-000000653,B-000000653
799,A-000000654,B-000000654
800,A-000000655,B-000000655
802,A-000000656,B-000000656
804,A-000000657,B-000000657
805,A-000000658,B-000000658
810,A-000000659,B-000000659
811,A-000000660,B-000000660
812,A-000000661,B-000000661
813,A-000000662,B-000000662
814,A-000000663,B-000000663
815,A-000000664,B-000000664
819,A-000000665,B-000000665
820,A-000000666,B-000000666
821,A-000000667,B-000000667
822,A-000000668,B-000000668
823,A-000000669,B-000000669
824,A-000000670,B-000000670
826,A-000000671,B-000000671
827,A-000000672,B-000000672
828,A-000000673,B-000000673
829,A-000000674,B-000000674
831,A-000000675,B-000000675
832,A-000000676,B-000000676
833,A-000000677,B-000000677
834,A-000000678,B-000000678
836,A-000000679,B-000000679
837,A-000000680,B-000000680
839,A-000000681,B-000000681
840,A-000000682,B-000000682
841,A-000000683,B-000000683
843,A-000000684,B-000000684
844,A-000000685,B-000000685
846,A-000000686,B-000000686
847,A-000000687,B-000000687
848,A-000000688,B-000000688
849,A-000000689,B-000000689
850,A-000000690,B-000000690
851,A-000000691,B-000000691
852,A-000000692,B-000000692
853,A-000000693,B-000000693
854,A-000000694,B-000000694
855,A-000000695,B-000000695
858,A-000000696,B-000000696
859,A-000000697,B-000000697
860,A-000000698,B-000000698
862,A-000000699,B-000000699
863,A-000000700,B-000000700
864,A-000000701,B-000000701
865,A-000000702,B-000000702
866,A-000000703,B-000000703
867,A-000000704,B-000000704
868,A-000000705,B-000000705
869,A-000000706,B-000000706
870,A-000000707,B-000000707
871,A-000000708,B-000000708
872,A-000000709,B-000000709
874,A-000000710,B-000000710
875,A-000000711,B-000000711
876,A-000000712,B-000000712
877,A-000000713,B-000000713
878,A-000000714,B-000000714
879,A-000000715,B-000000715
880,A-000000716,B-000000716
881,A-000000717,B-000000717
882,A-000000718,B-000000718
883,A-000000719,B-000000719
884,A-000000720,B-000000720
885,A-000000721,B-000000721
887,A-000000722,B-000000722
889,A-000000723,B-000000723
891,A-000000724,B-000000724
892,A-000000725,B-000000725
895,A-000000726,B-000000726
896,A-000000727,B-000000727
897,A-000000728,B-000000728
899,A-000000729,B-000000729
900,A-000000730,B-000000730
901,A-000000731,B-000000731
902,A-000000732,B-000000732
903,A-000000733,B-000000733
904,A-000000734,B-000000734
906,A-000000735,B-000000735
907,A-000000736,B-000000736
908,A-000000737,B-000000737
909,A-000000738,B-000000738
910,A-000000739,B-000000739
912,A-000000740,B-000000740
913,A-000000741,B-000000741
915,A-000000742,B-000000742
916,A-000000743,B-000000743
917,A-000000744,B-000000744
919,A-000000745,B-000000745
920,A-000000746,B-000000746
921,A-000000747,B-000000747
922,A-000000748,B-000000748
924,A-000000749,B-000000749
925,A-000000750,B-000000750
926,A-000000751,B-000000751
927,A-000000752,B-000000752
928,A-000000753,B-000000753
929,A-000000754,B-000000754
930,A-000000755,B-000000755
931,A-000000756,B-000000756
932,A-000000757,B-000000757
933,A-000000758,B-000000758
934,A-000000759,B-000000759
935,A-000000760,B-000000760
937,A-000000761,B-000000761
938,A-000000762,B-000000762
939,A-000000763,B-000000763
940,A-000000764,B-000000764
941,A-000000765,B-000000765
943,A-000000766,B-000000766
944,A-000000767,B-000000767
945,A-000000768,B-000000768
946,A-000000769,B-000000769
947,A-000000770,B-000000770
949,A-000000771,B-000000771
950,A-000000772,B-000000772
951,A-000000773,B-000000773
952,A-000000774,B-000000774
953,A-000000775,B-000000775
954,A-000000776,B-000000776
955,A-000000777,B-000000777
956,A-000000778,B-000000778
958,A-000000779,B-000000779
960,A-000000780,B-000000780
961,A-000000781,B-000000781
963,A-000000782,B-000000782
964,A-000000783,B-000000783
965,A-000000784,B-000000784
966,A-000000785,B-000000785
968,A-000000786,B-000000786
969,A-000000787,B-000000787
971,A-000000788,B-000000788
972,A-000000789,B-000000789
973,A-000000790,B-000000790
974,A-000000791,B-000000791
977,A-000000792,B-000000792
978,A-000000793,B-000000793
979,A-000000794,B-000000794
981,A-000000795,B-000000795
982,A-000000796,B-000000796
983,A-000000797,B-000000797
985,A-000000798,B-000000798
986,A-000000799,B-000000799
987,A-000000800,B-000000800
989,A-000000801,B-000000801
990,A-000000802,B-000000802
992,A-000000803,B-000000803
993,A-000000804,B-000000804
994,A-000000805,B-000000805
995,A-000000806,B-000000806
996,A-000000807,B-000000807
997,A-000000808,B-000000808
998,A-000000809,B-000000809
999,A-000000810,B-000000810
1000,A-000000811,B-000000811
1001,A-000000812,B-000000812
1002,A-000000813,B-000000813
1003,A-000000814,B-000000814
1005,A-000000815,B-000000815
1006,A-000000816,B-000000816
1007,A-000000817,B-000000817
1008,A-000000818,B-000000818
1009,A-000000819,B-000000819
1010,A-000000820,B-000000820
1011,A-000000821,B-000000821
1012,A-000000822,B-000000822
1013,A-000000823,B-000000823
1014,A-000000824,B-000000824
1016,A-000000825,B-000000825
1017,A-000000826,B-000000826
1018,A-000000827,B-000000827
1019,A-000000828,B-000000828
1020,A-000000829,B-000000829
1021,A-000000830,B-000000830
1022,A-000000831,B-000000831
1024,A-000000832,B-000000832
1025,A-000000833,B-000000833
1027,A-000000834,B-000000834
1028,A-000000835,B-000000835
1029,A-000000836,B-000000836
1030,A-000000837,B-000000837
1032,A-000000838,B-000000838
1033,A-000000839,B-000000839
1036,A-000000840,B-000000840
1037,A-000000841,B-000000841
1038,A-000000842,B-000000842
1039,A-000000843,B-000000843
1040,A-000000844,B-000000844
1042,A-000000845,B-000000845
1043,A-000000846,B-000000846
1044,A-000000847,B-000000847
1045,A-000000848,B-000000848
1046,A-000000849,B-000000849
1047,A-000000850,B-000000850
1048,A-000000851,B-000000851
1050,A-000000852,B-000000852
1051,A-000000853,B-000000853
1052,A-000000854,B-000000854
1053,A-000000855,B-000000855
1054,A-000000856,B-000000856
1056,A-000000857,B-000000857
1057,A-000000858,B-000000858
1058,A-000000859,B-000000859
1059,A-000000860,B-000000860
1060,A-000000861,B-000000861
1062,A-000000862,B-000000862
1063,A-000000863,B-000000863
1064,A-000000864,B-000000864
1065,A-000000865,B-000000865
1066,A-000000866,B-000000866
1068,A-000000867,B-000000867
1070,A-000000868,B-000000868
1071,A-000000869,B-000000869
1072,A-000000870,B-000000870
1073,A-000000871,B-000000871
1075,A-000000872,B-000000872
1076,A-000000873,B-000000873
1077,A-000000874,B-000000874
1078,A-000000875,B-000000875
1079,A-000000876,B-000000876
1080,A-000000877,B-000000877
1081,A-000000878,B-000000878
1082,A-000000879,B-000000879
1084,A-000000880,B-000000880
1085,A-000000881,B-000000881
1086,A-000000882,B-000000882
1087,A-000000883,B-000000883
1088,A-000000884,B-000000884
1089,A-000000885,B-000000885
1090,A-000000886,B-000000886
1091,A-000000887,B-000000887
1092,A-000000888,B-000000888
1093,A-000000889,B-000000889
1094,A-000000890,B-000000890
1096,A-000000891,B-000000891
1097,A-000000892,B-000000892
1099,A-000000893,B-000000893
1100,A-000000894,B-000000894
1101,A-000000895,B-000000895
1102,A-000000896,B-000000896
1103,A-000000897,B-000000897
1104,A-000000898,B-000000898
1105,A-000000899,B-000000899
1106,A-000000900,B-000000900
1107,A-000000901,B-000000901
1109,A-000000902,B-000000902
1110,A-000000903,B-000000903
1111,A-000000904,B-000000904
1113,A-000000905,B-000000905
1114,A-000000906,B-000000906
1116,A-000000907,B-000000907
1117,A-000000908,B-000000908
1118,A-000000909,B-000000909
1119,A-000000910,B-000000910
1120,A-000000911,B-000000911
1121,A-000000912,B-000000912
1122,A-000000913,B-000000913
1123,A-000000914,B-000000914
1124,A-000000915,B-000000915
1125,A-000000916,B-000000916
1126,A-000000917,B-000000917
1127,A-000000918,B-000000918
1128,A-000000919,B-000000919
1132,A-000000920,B-000000920
1133,A-000000921,B-000000921
1135,A-000000922,B-000000922
1136,A-000000923,B-000000923
1137,A-000000924,B-000000924
1138,A-000000925,B-000000925
1139,A-000000926,B-000000926
1140,A-000000927,B-000000927
1142,A-000000928,B-000000928
1143,A-000000929,B-000000929
1144,A-000000930,B-000000930
1145,A-000000931,B-000000931
1146,A-000000932,B-000000932
1148,A-000000933,B-000000933
1149,A-000000934,B-000000934
1150,A-000000935,B-000000935
1151,A-000000936,B-000000936
1152,A-000000937,B-000000937
1153,A-000000938,B-000000938
1154,A-000000939,B-000000939
1155,A-000000940,B-000000940
1158,A-000000941,B-000000941
1160,A-000000942,B-000000942
1161,A-000000943,B-000000943
1162,A-000000944,B-000000944
1164,A-000000945,B-000000945
1166,A-000000946,B-000000946
1167,A-000000947,B-000000947
1168,A-000000948,B-000000948
1169,A-000000949,B-000000949
1170,A-000000950,B-000000950
1171,A-000000951,B-000000951
1173,A-000000952,B-000000952
1174,A-000000953,B-000000953
1175,A-000000954,B-000000954
1176,A-000000955,B-000000955
1177,A-000000956,B-000000956
1178,A-000000957,B-000000957
1179,A-000000958,B-000000958
1180,A-000000959,B-000000959
1181,A-000000960,B-000000960
1182,A-000000961,B-000000961
1183,A-000000962,B-000000962
1185,A-000000963,B-000000963
1186,A-000000964,B-000000964
1187,A-000000965,B-000000965
1188,A-000000966,B-000000966
1190,A-000000967,B-000000967
1191,A-000000968,B-000000968
1192,A-000000969,B-000000969
1193,A-000000970,B-000000970
1194,A-000000971,B-000000971
1195,A-000000972,B-000000972
1196,A-000000973,B-000000973
1197,A-000000974,B-000000974
1198,A-000000975,B-000000975
1199,A-000000976,B-000000976
1200,A-000000977,B-000000977
1204,A-000000978,B-000000978
1205,A-000000979,B-000000979
1206,A-000000980,B-000000980
1207,A-000000981,B-000000981
1208,A-000000982,B-000000982
1209,A-000000983,B-000000983
1210,A-000000984,B-000000984
1211,A-000000985,B-000000985
1212,A-000000986,B-000000986
1213,A-000000987,B-000000987
1214,A-000000988,B-000000988
1215,A-000000989,B-000000989
1216,A-000000990,B-000000990
1217,A-000000991,B-000000991
1219,A-000000992,B-000000992
1224,A-000000993,B-000000993
1225,A-000000994,B-000000994
1226,A-000000995,B-000000995
1229,A-000000996,B-000000996
1230,A-000000997,B-000000997
1232,A-000000998,B-000000998
1233,A-000000999,B-000000999
1234,A-000001000,B-000001000
1235,A-000001001,B-000001001
1236,A-000001002,B-000001002
1238,A-000001003,B-000001003
1239,A-000001004,B-000001004
1241,A-000001005,B-000001005
1242,A-000001006,B-000001006
1243,A-000001007,B-000001007
1244,A-000001008,B-000001008
1245,A-000001009,B-000001009
1246,A-000001010,B-000001010
1247,A-000001011,B-000001011
1248,A-000001012,B-000001012
1249,A-000001013,B-000001013
1250,A-000001014,B-000001014
1251,A-000001015,B-000001015
1253,A-000001016,B-000001016
1254,A-000001017,B-000001017
1255,A-000001018,B-000001018
1256,A-000001019,B-000001019
1257,A-000001020,B-000001020
1259,A-000001021,B-000001021
1262,A-000001022,B-000001022
1263,A-000001023,B-000001023
1264,A-000001024,B-000001024
1265,A-000001025,B-000001025
1266,A-000001026,B-000001026
1267,A-000001027,B-000001027
1268,A-000001028,B-000001028
1269,A-000001029,B-000001029
1270,A-000001030,B-000001030
1271,A-000001031,B-000001031
1272,A-000001032,B-000001032
1274,A-000001033,B-000001033
1275,A-000001034,B-000001034
1277,A-000001035,B-000001035
1278,A-000001036,B-000001036
1280,A-000001037,B-000001037
1281,A-000001038,B-000001038
1282,A-000001039,B-000001039
1283,A-000001040,B-000001040
1284,A-000001041,B-000001041
1285,A-000001042,B-000001042
1286,A-000001043,B-000001043
1287,A-000001044,B-000001044
1288,A-000001045,B-000001045
1290,A-000001046,B-000001046
1291,A-000001047,B-000001047
1292,A-000001048,B-000001048
1293,A-000001049,B-000001049
1294,A-000001050,B-000001050
1295,A-000001051,B-000001051
1297,A-000001052,B-000001052
1298,A-000001053,B-000001053
1300,A-000001054,B-000001054
1302,A-000001055,B-000001055
1303,A-000001056,B-000001056
1304,A-000001057,B-000001057
1305,A-000001058,B-000001058
1307,A-000001059,B-000001059
1308,A-000001060,B-000001060
1309,A-000001061,B-000001061
1312,A-000001062,B-000001062
1313,A-000001063,B-000001063
1314,A-000001064,B-000001064
1316,A-000001065,B-000001065
1317,A-000001066,B-000001066
1318,A-000001067,B-000001067
1319,A-000001068,B-000001068
1320,A-000001069,B-000001069
1321,A-000001070,B-000001070
1322,A-000001071,B-000001071
1323,A-000001072,B-000001072
1324,A-000001073,B-000001073
1325,A-000001074,B-000001074
1326,A-000001075,B-000001075
1327,A-000001076,B-000001076
1329,A-000001077,B-000001077
1331,A-000001078,B-000001078
1332,A-000001079,B-000001079
1333,A-000001080,B-000001080
1335,A-000001081,B-000001081
1336,A-000001082,B-000001082
1337,A-000001083,B-000001083
1338,A-000001084,B-000001084
1339,A-000001085,B-000001085
1340,A-000001086,B-000001086
1342,A-000001087,B-000001087
1344,A-000001088,B-000001088
1345,A-000001089,B-000001089
1346,A-000001090,B-000001090
1347,A-000001091,B-000001091
1348,A-000001092,B-000001092
1349,A-000001093,B-000001093
1351,A-000001094,B-000001094
1352,A-000001095,B-000001095
1353,A-000001096,B-000001096
1355,A-000001097,B-000001097
1356,A-000001098,B-000001098
1357,A-000001099,B-000001099
1358,A-000001100,B-000001100
1359,A-000001101,B-000001101
1360,A-000001102,B-000001102
1361,A-000001103,B-000001103
1362,A-000001104,B-000001104
1363,A-000001105,B-000001105
1364,A-000001106,B-000001106
1365,A-000001107,B-000001107
1368,A-000001108,B-000001108
1369,A-000001109,B-000001109
1370,A-000001110,B-000001110
1371,A-000001111,B-000001111
1372,A-000001112,B-000001112
1373,A-000001113,B-000001113
1374,A-000001114,B-000001114
1375,A-000001115,B-000001115
1377,A-000001116,B-000001116
1379,A-000001117,B-000001117
1380,A-000001118,B-000001118
1381,A-000001119,B-000001119
1382,A-000001120,B-000001120
1383,A-000001121,B-000001121
1384,A-000001122,B-000001122
1385,A-000001123,B-000001123
1387,A-000001124,B-000001124
1388,A-000001125,B-000001125
1389,A-000001126,B-000001126
1390,A-000001127,B-000001127
1391,A-000001128,B-000001128
1392,A-000001129,B-000001129
1393,A-000001130,B-000001130
1394,A-000001131,B-000001131
1395,A-000001132,B-000001132
1397,A-000001133,B-000001133
1398,A-000001134,B-000001134
1401,A-000001135,B-000001135
1403,A-000001136,B-000001136
1404,A-000001137,B-000001137
1405,A-000001138,B-000001138
1407,A-000001139,B-000001139
1408,A-000001140,B-000001140
1409,A-000001141,B-000001141
1411,A-000001142,B-000001142
1412,A-000001143,B-000001143
1413,A-000001144,B-000001144
1414,A-000001145,B-000001145
1415,A-000001146,B-000001146
1416,A-000001147,B-000001147
1417,A-000001148,B-000001148
1418,A-000001149,B-000001149
1420,A-000001150,B-000001150
1421,A-000001151,B-000001151
1422,A-000001152,B-000001152
1423,A-000001153,B-000001153
1425,A-000001154,B-000001154
1426,A-000001155,B-000001155
1430,A-000001156,B-000001156
1432,A-000001157,B-000001157
1433,A-000001158,B-000001158
1434,A-000001159,B-000001159
1435,A-000001160,B-000001160
1436,A-000001161,B-000001161
1437,A-000001162,B-000001162
1438,,B-000001163
1440,A-000001163,B-000001164
1441,A-000001164,B-000001165
1442,A-000001165,B-000001166
1444,A-000001166,B-000001167
1445,A-000001167,B-000001168
1446,A-000001168,B-000001169
1447,A-000001169,B-000001170
1448,A-000001170,B-000001171
1449,A-000001171,B-000001172
1450,A-000001172,B-000001173
1451,A-000001173,B-000001174
1452,A-000001174,B-000001175
1455,A-000001175,B-000001176
1456,A-000001176,B-000001177
1457,A-000001177,B-000001178
1458,A-000001178,B-000001179
1459,A-000001179,B-000001180
1460,A-000001180,B-000001181
1461,A-000001181,B-000001182
1462,A-000001182,B-000001183
1463,A-000001183,B-000001184
1464,A-000001184,B-000001185
1465,A-000001185,B-000001186
1466,A-000001186,B-000001187
1467,A-000001187,B-000001188
1468,A-000001188,B-000001189
1469,A-000001189,B-000001190
1470,A-000001190,B-000001191
1471,A-000001191,B-000001192
1472,A-000001192,B-000001193
1473,A-000001193,B-000001194
1474,A-000001194,B-000001195
1475,A-000001195,B-000001196
1478,A-000001196,B-000001197
1479,A-000001197,B-000001198
1480,A-000001198,B-000001199
1482,A-000001199,B-000001200
1483,A-000001200,B-000001201
1484,A-000001201,B-000001202
1485,A-000001202,B-000001203
1487,A-000001203,B-000001204
1488,A-000001204,B-000001205
1489,A-000001205,B-000001206
1491,A-000001206,B-000001207
1492,A-000001207,B-000001208
1493,A-000001208,B-000001209
1495,A-000001209,B-000001210
1497,A-000001210,B-000001211
1498,A-000001211,B-000001212
1500,A-000001212,B-000001213
1503,A-000001213,B-000001214
1505,A-000001214,B-000001215
1508,A-000001215,B-000001216
1509,A-000001216,B-000001217
1510,A-000001217,B-000001218
1511,A-000001218,B-000001219
1512,A-000001219,B-000001220
1513,A-000001220,B-000001221
1516,A-000001221,B-000001222
1517,A-000001222,B-000001223
1519,A-000001223,B-000001224
1520,A-000001224,B-000001225
1521,A-000001225,B-000001226
1523,A-000001226,B-000001227
1524,A-000001227,B-000001228
1525,A-000001228,B-000001229
1528,A-000001229,B-000001230
1529,A-000001230,B-000001231
1530,A-000001231,B-000001232
1531,A-000001232,B-000001233
1532,A-000001233,B-000001234
1534,A-000001234,B-000001235
1535,A-000001235,B-000001236
1536,A-000001236,B-000001237
1537,A-000001237,B-000001238
1538,A-000001238,B-000001239
1539,A-000001239,B-000001240
1540,A-000001240,B-000001241
1541,A-000001241,B-000001242
1542,A-000001242,B-000001243
1543,A-000001243,B-000001244
1544,A-000001244,B-000001245
1545,A-000001245,B-000001246
1546,A-000001246,B-000001247
1547,A-000001247,B-000001248
1548,,B-000001249
1550,A-000001248,B-000001250
1551,A-000001249,B-000001251
1552,A-000001250,B-000001252
1553,A-000001251,B-000001253
1554,A-000001252,B-000001254
1555,A-000001253,B-000001255
1556,A-000001254,B-000001256
1557,A-000001255,B-000001257
1559,A-000001256,B-000001258
1560,A-000001257,B-000001259
1562,A-000001258,B-000001260
1563,A-000001259,B-000001261
1564,A-000001260,B-000001262
1565,A-000001261,B-000001263
1566,A-000001262,B-000001264
1567,A-000001263,B-000001265
1569,A-000001264,B-000001266
1572,A-000001265,B-000001267
1573,A-000001266,B-000001268
1574,A-000001267,B-000001269
1575,A-000001268,B-000001270
1576,A-000001269,B-000001271
1577,A-000001270,B-000001272
1578,A-000001271,B-000001273
1580,A-000001272,B-000001274
1581,A-000001273,B-000001275
1582,A-000001274,B-000001276
1583,A-000001275,B-000001277
1584,A-000001276,B-000001278
1585,A-000001277,B-000001279
1588,A-000001278,B-000001280
1589,A-000001279,B-000001281
1590,A-000001280,B-000001282
1591,A-000001281,B-000001283
1592,A-000001282,B-000001284
1593,A-000001283,B-000001285
1594,A-000001284,B-000001286
1595,A-000001285,B-000001287
1596,A-000001286,B-000001288
1597,A-000001287,B-000001289
1598,A-000001288,B-000001290
1599,A-000001289,B-000001291
1600,A-000001290,B-000001292
1603,A-000001291,B-000001293
1605,A-000001292,B-000001294
1607,A-000001293,B-000001295
1608,A-000001294,B-000001296
1609,A-000001295,B-000001297
1610,A-000001296,B-000001298
1611,A-000001297,B-000001299
1613,A-000001298,B-000001300
1614,A-000001299,B-000001301
1615,A-000001300,B-000001302
1616,A-000001301,B-000001303
1617,A-000001302,B-000001304
1618,A-000001303,B-000001305
1619,A-000001304,B-000001306
1620,A-000001305,B-000001307
1621,A-000001306,B-000001308
1622,A-000001307,B-000001309
1623,A-000001308,B-000001310
1625,A-000001309,B-000001311
1626,A-000001310,B-000001312
1627,A-000001311,B-000001313
1628,A-000001312,B-000001314
1631,A-000001313,B-000001315
1632,A-000001314,B-000001316
1633,A-000001315,B-000001317
1635,A-000001316,B-000001318
1637,A-000001317,B-000001319
1638,A-000001318,B-000001320
1639,A-000001319,B-000001321
1640,A-000001320,B-000001322
1641,A-000001321,B-000001323
1642,A-000001322,B-000001324
1643,A-000001323,B-000001325
1644,A-000001324,B-000001326
1645,A-000001325,B-000001327
1646,A-000001326,B-000001328
1647,A-000001327,B-000001329
1649,A-000001328,B-000001330
1650,A-000001329,B-000001331
1651,A-000001330,B-000001332
1652,A-000001331,B-000001333
1653,A-000001332,B-000001334
1654,A-000001333,B-000001335
1655,A-000001334,B-000001336
1656,A-000001335,B-000001337
1657,A-000001336,B-000001338
1658,A-000001337,B-000001339
1659,A-000001338,B-000001340
1660,A-000001339,B-000001341
1662,A-000001340,B-000001342
1664,A-000001341,B-000001343
1666,A-000001342,B-000001344
1667,A-000001343,B-000001345
1669,A-000001344,B-000001346
1670,A-000001345,B-000001347
1672,A-000001346,B-000001348
1673,A-000001347,B-000001349
1676,A-000001348,B-000001350
1677,A-000001349,B-000001351
1678,A-000001350,B-000001352
1679,A-000001351,B-000001353
1680,A-000001352,B-000001354
1681,A-000001353,B-000001355
1682,A-000001354,B-000001356
1683,A-000001355,B-000001357
1684,A-000001356,B-000001358
1685,A-000001357,B-000001359
1686,A-000001358,B-000001360
1687,A-000001359,B-000001361
1688,A-000001360,B-000001362
1689,A-000001361,B-000001363
1690,A-000001362,B-000001364
1691,A-000001363,B-000001365
1693,A-000001364,B-000001366
1694,A-000001365,B-000001367
1695,A-000001366,B-000001368
1696,A-000001367,B-000001369
1697,A-000001368,B-000001370
1698,A-000001369,B-000001371
1699,A-000001370,B-000001372
1700,A-000001371,B-000001373
1701,A-000001372,B-000001374
1702,A-000001373,B-000001375
1704,A-000001374,B-000001376
1705,A-000001375,B-000001377
1706,A-000001376,B-000001378
1707,A-000001377,B-000001379
1709,A-000001378,B-000001380
1711,A-000001379,B-000001381
1715,A-000001380,B-000001382
1716,A-000001381,B-000001383
1717,A-000001382,B-000001384
1718,A-000001383,B-000001385
1719,A-000001384,B-000001386
1720,A-000001385,B-000001387
1721,A-000001386,B-000001388
1722,A-000001387,B-000001389
1724,A-000001388,B-000001390
1725,A-000001389,B-000001391
1726,A-000001390,B-000001392
1728,A-000001391,B-000001393
1729,A-000001392,B-000001394
1730,A-000001393,B-000001395
1731,A-000001394,B-000001396
1732,A-000001395,B-000001397
1733,A-000001396,B-000001398
1734,A-000001397,B-000001399
1735,A-000001398,B-000001400
1736,A-000001399,B-000001401
1737,A-000001400,B-000001402
1738,A-000001401,B-000001403
1742,A-000001402,B-000001404
1743,A-000001403,B-000001405
1744,A-000001404,B-000001406
1745,A-000001405,B-000001407
1746,A-000001406,B-000001408
1747,A-000001407,B-000001409
1748,A-000001408,B-000001410
1749,A-000001409,B-000001411
1750,A-000001410,B-000001412
1753,A-000001411,B-000001413
1754,A-000001412,B-000001414
1755,A-000001413,B-000001415
1756,A-000001414,B-000001416
1757,A-000001415,B-000001417
1761,A-000001416,B-000001418
1762,A-000001417,B-000001419
1763,A-000001418,B-000001420
1764,A-000001419,B-000001421
1765,A-000001420,B-000001422
1766,,B-000001423
1767,A-000001421,B-000001424
1768,A-000001422,B-000001425
1769,A-000001423,B-000001426
1770,A-000001424,B-000001427
1771,A-000001425,B-000001428
1772,A-000001426,B-000001429
1774,A-000001427,B-000001430
1775,A-000001428,B-000001431
1776,A-000001429,B-000001432
1778,A-000001430,B-000001433
1779,A-000001431,B-000001434
1780,A-000001432,B-000001435
1781,A-000001433,B-000001436
1782,A-000001434,B-000001437
1784,A-000001435,B-000001438
1785,A-000001436,B-000001439
1786,A-000001437,B-000001440
1787,A-000001438,B-000001441
1789,A-000001439,B-000001442
1790,A-000001440,B-000001443
1791,A-000001441,B-000001444
1794,A-000001442,B-000001445
1795,A-000001443,B-000001446
1797,A-000001444,B-000001447
1798,A-000001445,B-000001448
1799,A-000001446,B-000001449
1800,A-000001447,B-000001450
1801,A-000001448,B-000001451
1802,A-000001449,B-000001452
1803,A-000001450,B-000001453
1805,A-000001451,B-000001454
1806,A-000001452,B-000001455
1807,A-000001453,B-000001456
1808,A-000001454,B-000001457
1809,A-000001455,B-000001458
1810,A-000001456,B-000001459
1811,A-000001457,B-000001460
1814,A-000001458,B-000001461
1815,A-000001459,B-000001462
1817,A-000001460,B-000001463
1818,A-000001461,B-000001464
1819,A-000001462,B-000001465
1822,A-000001463,B-000001466
1823,A-000001464,B-000001467
1824,A-000001465,B-000001468
1825,A-000001466,B-000001469
1826,A-000001467,B-000001470
1828,A-000001468,B-000001471
1829,A-000001469,B-000001472
1830,A-000001470,B-000001473
1831,A-000001471,B-000001474
1832,A-000001472,B-000001475
1833,A-000001473,B-000001476
1834,A-000001474,B-000001477
1835,A-000001475,B-000001478
1837,A-000001476,B-000001479
1838,A-000001477,B-000001480
1839,A-000001478,B-000001481
1842,A-000001479,B-000001482
1843,A-000001480,B-000001483
1844,A-000001481,B-000001484
1846,A-000001482,B-000001485
1848,A-000001483,B-000001486
1850,A-000001484,B-000001487
1851,A-000001485,B-000001488
1852,A-000001486,B-000001489
1855,A-000001487,B-000001490
1856,A-000001488,B-000001491
1857,A-000001489,B-000001492
1858,A-000001490,B-000001493
1859,A-000001491,B-000001494
1860,A-000001492,B-000001495
1861,A-000001493,B-000001496
1862,A-000001494,B-000001497
1863,A-000001495,B-000001498
1864,A-000001496,B-000001499
1866,A-000001497,B-000001500
1867,A-000001498,B-000001501
1869,A-000001499,B-000001502
1870,A-000001500,B-000001503
1872,A-000001501,B-000001504
1874,A-000001502,B-000001505
1875,A-000001503,B-000001506
1876,A-000001504,B-000001507
1877,A-000001505,B-000001508
1878,A-000001506,B-000001509
1879,A-000001507,B-000001510
1880,A-000001508,B-000001511
1882,A-000001509,B-000001512
1883,A-000001510,B-000001513
1884,A-000001511,B-000001514
1886,A-000001512,B-000001515
1887,A-000001513,B-000001516
1888,A-000001514,B-000001517
1889,A-000001515,B-000001518
1890,A-000001516,B-000001519
1891,A-000001517,B-000001520
1893,A-000001518,B-000001521
1894,A-000001519,B-000001522
1895,A-000001520,B-000001523
1896,A-000001521,B-000001524
1897,A-000001522,B-000001525
1898,A-000001523,B-000001526
1899,A-000001524,B-000001527
1901,A-000001525,B-000001528
1902,A-000001526,B-000001529
1903,A-000001527,B-000001530
1904,A-000001528,B-000001531
1905,A-000001529,B-000001532
1906,A-000001530,B-000001533
1908,A-000001531,B-000001534
1909,A-000001532,B-000001535
1910,A-000001533,B-000001536
1911,A-000001534,B-000001537
1912,A-000001535,B-000001538
1913,A-000001536,B-000001539
1915,A-000001537,B-000001540
1916,A-000001538,B-000001541
1917,A-000001539,B-000001542
1918,A-000001540,B-000001543
1919,A-000001541,B-000001544
1920,A-000001542,B-000001545
1921,A-000001543,B-000001546
1922,A-000001544,B-000001547
1923,A-000001545,B-000001548
1924,A-000001546,B-000001549
1925,A-000001547,B-000001550
1926,A-000001548,B-000001551
1927,A-000001549,B-000001552
1930,A-000001550,B-000001553
1931,A-000001551,B-000001554
1933,A-000001552,B-000001555
1935,A-000001553,B-000001556
1936,A-000001554,B-000001557
1937,A-000001555,B-000001558
1938,A-000001556,B-000001559
1940,A-000001557,B-000001560
1941,A-000001558,B-000001561
1942,A-000001559,B-000001562
1943,A-000001560,B-000001563
1944,A-000001561,B-000001564
1945,A-000001562,B-000001565
1946,A-000001563,B-000001566
1947,A-000001564,B-000001567
1948,A-000001565,B-000001568
1950,A-000001566,B-000001569
1951,A-000001567,B-000001570
1952,A-000001568,B-000001571
1953,A-000001569,B-000001572
1954,A-000001570,B-000001573
1955,A-000001571,B-000001574
1956,A-000001572,B-000001575
1957,A-000001573,B-000001576
1958,A-000001574,B-000001577
1959,A-000001575,B-000001578
1960,A-000001576,B-000001579
1961,A-000001577,B-000001580
1962,A-000001578,B-000001581
1963,A-000001579,B-000001582
1964,A-000001580,B-000001583
1965,A-000001581,B-000001584
1966,A-000001582,B-000001585
1967,A-000001583,B-000001586
1968,A-000001584,B-000001587
1969,A-000001585,B-000001588
1970,A-000001586,B-000001589
1971,A-000001587,B-000001590
1972,A-000001588,B-000001591
1973,A-000001589,B-000001592
1974,A-000001590,B-000001593
1975,A-000001591,B-000001594
1976,A-000001592,B-000001595
1977,A-000001593,B-000001596
1978,A-000001594,B-000001597
1979,A-000001595,B-000001598
1981,A-000001596,B-000001599
1982,A-000001597,B-000001600
1983,A-000001598,B-000001601
1984,A-000001599,B-000001602
1985,A-000001600,B-000001603
1986,A-000001601,B-000001604
1988,A-000001602,B-000001605
1989,A-000001603,B-000001606
1990,A-000001604,B-000001607
1991,A-000001605,B-000001608
1993,A-000001606,B-000001609
1994,A-000001607,B-000001610
1995,A-000001608,B-000001611
1996,A-000001609,B-000001612
1997,A-000001610,B-000001613
1998,A-000001611,B-000001614
2000,A-000001612,B-000001615
2001,A-000001613,B-000001616
2002,A-000001614,B-000001617
2003,A-000001615,B-000001618
2004,A-000001616,B-000001619
2005,A-000001617,B-000001620
2006,A-000001618,B-000001621
2007,A-000001619,B-000001622
2008,A-000001620,B-000001623
2010,A-000001621,B-000001624
2011,A-000001622,B-000001625
2012,A-000001623,B-000001626
2013,A-000001624,B-000001627
2015,A-000001625,B-000001628
2017,A-000001626,B-000001629
2018,A-000001627,B-000001630
2019,A-000001628,B-000001631
2020,A-000001629,B-000001632
2022,A-000001630,B-000001633
2023,A-000001631,B-000001634
2024,A-000001632,B-000001635
2025,A-000001633,B-000001636
2027,A-000001634,B-000001637
2028,A-000001635,B-000001638
2029,A-000001636,B-000001639
2030,A-000001637,B-000001640
2031,A-000001638,B-000001641
2032,A-000001639,B-000001642
2033,A-000001640,B-000001643
2035,A-000001641,B-000001644
2036,A-000001642,B-000001645
2038,A-000001643,B-000001646
2039,A-000001644,B-000001647
2040,A-000001645,B-000001648
2041,A-000001646,B-000001649
2042,A-000001647,B-000001650
2043,A-000001648,B-000001651
2044,A-000001649,B-000001652
2045,A-000001650,B-000001653
2046,A-000001651,B-000001654
2047,A-000001652,B-000001655
2048,A-000001653,B-000001656
2049,A-000001654,B-000001657
2050,A-000001655,B-000001658
2051,A-000001656,B-000001659
2052,A-000001657,B-000001660
2053,A-000001658,B-000001661
2054,A-000001659,B-000001662
2055,A-000001660,B-000001663
2057,A-000001661,B-000001664
2058,A-000001662,B-000001665
2059,A-000001663,B-000001666
2060,A-000001664,B-000001667
2061,A-000001665,B-000001668
2062,A-000001666,B-000001669
2063,A-000001667,B-000001670
2064,A-000001668,B-000001671
2065,A-000001669,B-000001672
2066,A-000001670,B-000001673
2067,A-000001671,B-000001674
2068,A-000001672,B-000001675
2069,A-000001673,B-000001676
2070,A-000001674,B-000001677
2071,A-000001675,B-000001678
2072,A-000001676,B-000001679
2074,A-000001677,B-000001680
2075,A-000001678,B-000001681
2076,A-000001679,B-000001682
2077,A-000001680,B-000001683
2078,A-000001681,B-000001684
2079,A-000001682,B-000001685
2081,A-000001683,B-000001686
2082,A-000001684,B-000001687
2083,A-000001685,B-000001688
2084,A-000001686,B-000001689
2085,A-000001687,B-000001690
2087,A-000001688,B-000001691
2088,A-000001689,B-000001692
2089,A-000001690,B-000001693
2090,A-000001691,B-000001694
2092,A-000001692,B-000001695
2093,A-000001693,B-000001696
2094,A-000001694,B-000001697
2095,A-000001695,B-000001698
2097,A-000001696,B-000001699
2098,A-000001697,B-000001700
2100,A-000001698,B-000001701
2102,A-000001699,B-000001702
2103,A-000001700,B-000001703
2104,A-000001701,B-000001704
2105,A-000001702,B-000001705
2106,A-000001703,B-000001706
2107,A-000001704,B-000001707
2109,A-000001705,B-000001708
2110,A-000001706,B-000001709
2111,A-000001707,B-000001710
2112,A-000001708,B-000001711
2113,A-000001709,B-000001712
2115,A-000001710,B-000001713
2116,A-000001711,B-000001714
2117,A-000001712,B-000001715
2118,A-000001713,B-000001716
2119,A-000001714,B-000001717
2120,A-000001715,B-000001718
2121,A-000001716,B-000001719
2122,A-000001717,B-000001720
2123,A-000001718,B-000001721
2124,A-000001719,B-000001722
2126,A-000001720,B-000001723
2127,A-000001721,B-000001724
2129,A-000001722,B-000001725
2130,A-000001723,B-000001726
2131,A-000001724,B-000001727
2133,A-000001725,B-000001728
2134,A-000001726,B-000001729
2135,A-000001727,B-000001730
2136,A-000001728,B-000001731
2137,A-000001729,B-000001732
2138,A-000001730,B-000001733
2139,A-000001731,B-000001734
2140,A-000001732,B-000001735
2141,A-000001733,B-000001736
2142,A-000001734,B-000001737
2144,A-000001735,B-000001738
2145,A-000001736,B-000001739
2146,A-000001737,B-000001740
2147,A-000001738,B-000001741
2148,A-000001739,B-000001742
2150,A-000001740,B-000001743
2151,A-000001741,B-000001744
2152,A-000001742,B-000001745
2153,A-000001743,B-000001746
2154,A-000001744,B-000001747
2155,A-000001745,B-000001748
2156,A-000001746,B-000001749
2157,A-000001747,B-000001750
2158,A-000001748,B-000001751
2159,A-000001749,B-000001752
2160,A-000001750,B-000001753
2161,A-000001751,B-000001754
2163,A-000001752,B-000001755
2164,A-000001753,B-000001756
2165,A-000001754,B-000001757
2166,A-000001755,B-000001758
2168,A-000001756,B-000001759
2170,A-000001757,B-000001760
2171,A-000001758,B-000001761
2172,A-000001759,B-000001762
2173,A-000001760,B-000001763
2174,A-000001761,B-000001764
2175,A-000001762,B-000001765
2176,A-000001763,B-000001766
2177,A-000001764,B-000001767
2178,A-000001765,B-000001768
2179,A-000001766,B-000001769
2180,A-000001767,B-000001770
2181,A-000001768,B-000001771
2182,A-000001769,B-000001772
2183,A-000001770,B-000001773
2184,A-000001771,B-000001774
2186,A-000001772,B-000001775
2188,A-000001773,B-000001776
2193,A-000001774,B-000001777
2195,A-000001775,B-000001778
2196,A-000001776,B-000001779
2197,A-000001777,B-000001780
2198,A-000001778,B-000001781
2199,A-000001779,B-000001782
2201,A-000001780,B-000001783
2202,A-000001781,B-000001784
2203,A-000001782,B-000001785
2204,A-000001783,B-000001786
2205,A-000001784,B-000001787
2206,A-000001785,B-000001788
2207,A-000001786,B-000001789
2208,A-000001787,B-000001790
2210,A-000001788,B-000001791
2211,A-000001789,B-000001792
2212,A-000001790,B-000001793
2214,A-000001791,B-000001794
2216,A-000001792,B-000001795
2217,A-000001793,B-000001796
2218,A-000001794,B-000001797
2219,A-000001795,B-000001798
2220,A-000001796,B-000001799
2221,A-000001797,B-000001800
2222,A-000001798,B-000001801
2223,A-000001799,B-000001802
2224,A-000001800,B-000001803
2225,A-000001801,B-000001804
2226,A-000001802,B-000001805
2227,A-000001803,B-000001806
2228,A-000001804,B-000001807
2230,A-000001805,B-000001808
2231,A-000001806,B-000001809
2232,A-000001807,B-000001810
2233,A-000001808,B-000001811
2234,A-000001809,B-000001812
2235,A-000001810,B-000001813
2236,A-000001811,B-000001814
2239,A-000001812,B-000001815
2241,A-000001813,B-000001816
2242,A-000001814,B-000001817
2243,A-000001815,B-000001818
2244,A-000001816,B-000001819
2246,A-000001817,B-000001820
2247,A-000001818,B-000001821
2249,A-000001819,B-000001822
2250,A-000001820,B-000001823
2251,A-000001821,B-000001824
2252,A-000001822,B-000001825
2253,A-000001823,B-000001826
2254,A-000001824,B-000001827
2255,A-000001825,B-000001828
2256,A-000001826,B-000001829
2258,A-000001827,B-000001830
2260,A-000001828,B-000001831
2261,A-000001829,B-000001832
2262,A-000001830,B-000001833
2263,A-000001831,B-000001834
2264,A-000001832,B-000001835
2265,A-000001833,B-000001836
2266,A-000001834,B-000001837
2267,A-000001835,B-000001838
2268,A-000001836,B-000001839
2269,A-000001837,B-000001840
2270,A-000001838,B-000001841
2271,A-000001839,B-000001842
2272,A-000001840,B-000001843
2273,A-000001841,B-000001844
2274,A-000001842,B-000001845
2275,A-000001843,B-000001846
2277,A-000001844,B-000001847
2278,A-000001845,B-000001848
2279,A-000001846,B-000001849
2281,A-000001847,B-000001850
2283,A-000001848,B-000001851
2284,A-000001849,B-000001852
2285,A-000001850,B-000001853
2286,A-000001851,B-000001854
2287,A-000001852,B-000001855
2288,A-000001853,B-000001856
2289,A-000001854,B-000001857
2290,A-000001855,B-000001858
2291,A-000001856,B-000001859
2292,A-000001857,B-000001860
2293,A-000001858,B-000001861
2294,A-000001859,B-000001862
2295,A-000001860,B-000001863
2296,A-000001861,B-000001864
2298,A-000001862,B-000001865
2299,A-000001863,B-000001866
2300,A-000001864,B-000001867
2301,A-000001865,B-000001868
2302,A-000001866,B-000001869
2303,A-000001867,B-000001870
2304,A-000001868,B-000001871
2305,A-000001869,B-000001872
2306,A-000001870,B-000001873
2307,A-000001871,B-000001874
2308,A-000001872,B-000001875
2309,A-000001873,B-000001876
2310,A-000001874,B-000001877
2311,A-000001875,B-000001878
2312,A-000001876,B-000001879
2313,A-000001877,B-000001880
2314,A-000001878,B-000001881
2315,A-000001879,B-000001882
2316,A-000001880,B-000001883
2318,A-000001881,B-000001884
2319,A-000001882,B-000001885
2320,A-000001883,B-000001886
2321,A-000001884,B-000001887
2322,A-000001885,B-000001888
2323,A-000001886,B-000001889
2325,A-000001887,B-000001890
2326,A-000001888,B-000001891
2327,A-000001889,B-000001892
2329,A-000001890,B-000001893
2330,A-000001891,B-000001894
2332,A-000001892,B-000001895
2333,A-000001893,B-000001896
2334,A-000001894,B-000001897
2335,A-000001895,B-000001898
2336,A-000001896,B-000001899
2337,A-000001897,B-000001900
2338,A-000001898,B-000001901
2339,A-000001899,B-000001902
2340,A-000001900,B-000001903
2341,A-000001901,B-000001904
2342,A-000001902,B-000001905
2343,A-000001903,B-000001906
2344,A-000001904,B-000001907
2345,A-000001905,B-000001908
2346,A-000001906,B-000001909
2347,A-000001907,B-000001910
2348,A-000001908,B-000001911
2350,A-000001909,B-000001912
2351,A-000001910,B-000001913
2352,A-000001911,B-000001914
2353,A-000001912,B-000001915
2354,A-000001913,B-000001916
2355,A-000001914,B-000001917
2356,A-000001915,B-000001918
2357,A-000001916,B-000001919
2358,A-000001917,B-000001920
2359,A-000001918,B-000001921
2360,A-000001919,B-000001922
2361,A-000001920,B-000001923
2362,A-000001921,B-000001924
2363,A-000001922,B-000001925
2364,A-000001923,B-000001926
2365,A-000001924,B-000001927
2367,A-000001925,B-000001928
2368,A-000001926,B-000001929
2370,A-000001927,B-000001930
2371,A-000001928,B-000001931
2373,A-000001929,B-000001932
2374,A-000001930,B-000001933
2375,A-000001931,B-000001934
2377,A-000001932,B-000001935
2378,A-000001933,B-000001936
2380,A-000001934,B-000001937
2381,A-000001935,B-000001938
2382,A-000001936,B-000001939
2383,A-000001937,B-000001940
2384,A-000001938,B-000001941
2385,A-000001939,B-000001942
2386,A-000001940,B-000001943
2387,A-000001941,B-000001944
2388,A-000001942,B-000001945
2389,A-000001943,B-000001946
2390,A-000001944,B-000001947
2391,A-000001945,B-000001948
2392,A-000001946,B-000001949
2393,A-000001947,B-000001950
2394,A-000001948,B-000001951
2395,A-000001949,B-000001952
2396,A-000001950,B-000001953
2397,A-000001951,B-000001954
2399,A-000001952,B-000001955
2400,A-000001953,B-000001956
2401,A-000001954,B-000001957
2403,,B-000001958
2404,A-000001955,B-000001959
2405,A-000001956,B-000001960
2406,A-000001957,B-000001961
2407,A-000001958,B-000001962
2408,A-000001959,B-000001963
2409,A-000001960,B-000001964
2411,A-000001961,B-000001965
2412,A-000001962,B-000001966
2413,A-000001963,B-000001967
2414,A-000001964,B-000001968
2415,A-000001965,B-000001969
2417,A-000001966,B-000001970
2418,A-000001967,B-000001971
2419,A-000001968,B-000001972
2420,A-000001969,B-000001973
2421,A-000001970,B-000001974
2422,A-000001971,B-000001975
2423,A-000001972,B-000001976
2424,A-000001973,B-000001977
2425,A-000001974,B-000001978
2426,A-000001975,B-000001979
2429,A-000001976,B-000001980
2430,A-000001977,B-000001981
2434,A-000001978,B-000001982
2435,A-000001979,B-000001983
2436,A-000001980,B-000001984
2437,A-000001981,B-000001985
2438,A-000001982,B-000001986
2439,A-000001983,B-000001987
2440,A-000001984,B-000001988
2441,A-000001985,B-000001989
2442,A-000001986,B-000001990
2443,A-000001987,B-000001991
2444,A-000001988,B-000001992
2446,A-000001989,B-000001993
2448,A-000001990,B-000001994
2451,A-000001991,B-000001995
2452,A-000001992,B-000001996
2453,A-000001993,B-000001997
2455,A-000001994,B-000001998
2456,A-000001995,B-000001999
2457,A-000001996,B-000002000
2459,A-000001997,B-000002001
2460,A-000001998,B-000002002
2461,A-000001999,B-000002003
2462,A-000002000,B-000002004
2463,A-000002001,B-000002005
2467,A-000002002,B-000002006
2469,A-000002003,B-000002007
2470,A-000002004,B-000002008
2471,A-000002005,B-000002009
2472,A-000002006,B-000002010
2473,A-000002007,B-000002011
2474,A-000002008,B-000002012
2477,A-000002009,B-000002013
2478,A-000002010,B-000002014
2479,A-000002011,B-000002015
2481,A-000002012,B-000002016
2483,A-000002013,B-000002017
2484,A-000002014,B-000002018
2485,A-000002015,B-000002019
2486,A-000002016,B-000002020
2487,A-000002017,B-000002021
2489,A-000002018,B-000002022
2490,A-000002019,B-000002023
2491,A-000002020,B-000002024
2492,A-000002021,B-000002025
2493,A-000002022,B-000002026
2494,A-000002023,B-000002027
2496,A-000002024,B-000002028
2497,A-000002025,B-000002029
2498,A-000002026,B-000002030
2499,A-000002027,B-000002031
2500,A-000002028,B-000002032
2501,A-000002029,B-000002033
2502,A-000002030,B-000002034
2503,A-000002031,B-000002035
2504,A-000002032,B-000002036
2505,A-000002033,B-000002037
2506,A-000002034,B-000002038
2507,A-000002035,B-000002039
2508,A-000002036,B-000002040
2509,A-000002037,B-000002041
2510,A-000002038,B-000002042
2511,A-000002039,B-000002043
2512,A-000002040,B-000002044
2513,A-000002041,B-000002045
2514,A-000002042,B-000002046
2516,A-000002043,B-000002047
2518,A-000002044,B-000002048
2519,A-000002045,B-000002049
2521,A-000002046,B-000002050
2523,A-000002047,B-000002051
2524,A-000002048,B-000002052
2525,A-000002049,B-000002053
2526,A-000002050,B-000002054
2527,A-000002051,B-000002055
2528,A-000002052,B-000002056
2529,A-000002053,B-000002057
2530,A-000002054,B-000002058
2531,A-000002055,B-000002059
2532,A-000002056,B-000002060
2533,A-000002057,B-000002061
2536,A-000002058,B-000002062
2537,A-000002059,B-000002063
2539,A-000002060,B-000002064
2540,A-000002061,B-000002065
2541,A-000002062,B-000002066
2542,A-000002063,B-000002067
2544,A-000002064,B-000002068
2545,A-000002065,B-000002069
2546,A-000002066,B-000002070
2547,A-000002067,B-000002071
2548,A-000002068,B-000002072
2549,A-000002069,B-000002073
2550,A-000002070,B-000002074
2552,A-000002071,B-000002075
2554,A-000002072,B-000002076
2555,A-000002073,B-000002077
2556,A-000002074,B-000002078
2557,A-000002075,B-000002079
2559,A-000002076,B-000002080
2560,A-000002077,B-000002081
2561,A-000002078,B-000002082
2562,A-000002079,B-000002083
2564,A-000002080,B-000002084
2565,A-000002081,B-000002085
2566,A-000002082,B-000002086
2567,A-000002083,B-000002087
2568,A-000002084,B-000002088
2569,A-000002085,B-000002089
2570,A-000002086,B-000002090
2571,A-000002087,B-000002091
2572,A-000002088,B-000002092
2574,A-000002089,B-000002093
2575,A-000002090,B-000002094
2576,A-000002091,B-000002095
2577,A-000002092,B-000002096
2578,A-000002093,B-000002097
2580,A-000002094,B-000002098
2582,A-000002095,B-000002099
2583,A-000002096,B-000002100
2584,A-000002097,B-000002101
2585,A-000002098,B-000002102
2586,A-000002099,B-000002103
2588,A-000002100,B-000002104
2589,A-000002101,B-000002105
2590,A-000002102,B-000002106
2594,A-000002103,B-000002107
2595,A-000002104,B-000002108
2596,A-000002105,B-000002109
2597,A-000002106,B-000002110
2598,A-000002107,B-000002111
2600,A-000002108,B-000002112
2601,A-000002109,B-000002113
2602,A-000002110,B-000002114
2603,A-000002111,B-000002115
2604,A-000002112,B-000002116
2605,A-000002113,B-000002117
2606,A-000002114,B-000002118
2609,A-000002115,B-000002119
2610,A-000002116,B-000002120
2611,A-000002117,B-000002121
2612,A-000002118,B-000002122
2613,A-000002119,B-000002123
2615,A-000002120,B-000002124
2616,A-000002121,B-000002125
2617,A-000002122,B-000002126
2618,A-000002123,B-000002127
2619,A-000002124,B-000002128
2620,A-000002125,B-000002129
2621,A-000002126,B-000002130
2622,A-000002127,B-000002131
2623,A-000002128,B-000002132
2624,A-000002129,B-000002133
2625,A-000002130,B-000002134
2626,A-000002131,B-000002135
2628,A-000002132,B-000002136
2629,A-000002133,B-000002137
2631,A-000002134,B-000002138
2632,A-000002135,B-000002139
2633,A-000002136,B-000002140
2634,A-000002137,B-000002141
2635,A-000002138,B-000002142
2636,A-000002139,B-000002143
2637,A-000002140,B-000002144
2639,A-000002141,B-000002145
2640,A-000002142,B-000002146
2641,A-000002143,B-000002147
2642,A-000002144,B-000002148
2643,A-000002145,B-000002149
2645,A-000002146,B-000002150
2646,A-000002147,B-000002151
2647,A-000002148,B-000002152
2650,A-000002149,B-000002153
2652,A-000002150,B-000002154
2653,A-000002151,B-000002155
2654,A-000002152,B-000002156
2655,A-000002153,B-000002157
2656,A-000002154,B-000002158
2657,A-000002155,B-000002159
2658,A-000002156,B-000002160
2659,A-000002157,B-000002161
2660,A-000002158,B-000002162
2661,A-000002159,B-000002163
2662,A-000002160,B-000002164
2663,A-000002161,B-000002165
2664,A-000002162,B-000002166
2665,A-000002163,B-000002167
2666,A-000002164,B-000002168
2667,A-000002165,B-000002169
2668,A-000002166,B-000002170
2669,A-000002167,B-000002171
2670,A-000002168,B-000002172
2672,A-000002169,B-000002173
2674,A-000002170,B-000002174
2675,A-000002171,B-000002175
2677,A-000002172,B-000002176
2678,A-000002173,B-000002177
2680,A-000002174,B-000002178
2681,A-000002175,B-000002179
2682,A-000002176,B-000002180
2683,A-000002177,B-000002181
2684,A-000002178,B-000002182
2685,A-000002179,B-000002183
2686,A-000002180,B-000002184
2687,A-000002181,B-000002185
2688,A-000002182,B-000002186
2689,A-000002183,B-000002187
2691,A-000002184,B-000002188
2693,A-000002185,B-000002189
2694,A-000002186,B-000002190
2695,A-000002187,B-000002191
2697,A-000002188,B-000002192
2698,A-000002189,B-000002193
2699,A-000002190,B-000002194
2701,A-000002191,B-000002195
2703,A-000002192,B-000002196
2706,A-000002193,B-000002197
2707,A-000002194,B-000002198
2708,A-000002195,B-000002199
2709,A-000002196,B-000002200
2710,A-000002197,B-000002201
2713,A-000002198,B-000002202
2715,A-000002199,B-000002203
2717,A-000002200,B-000002204
2719,A-000002201,B-000002205
2720,A-000002202,B-000002206
2721,A-000002203,B-000002207
2722,A-000002204,B-000002208
2723,A-000002205,B-000002209
2724,A-000002206,B-000002210
2726,A-000002207,B-000002211
2727,A-000002208,B-000002212
2728,A-000002209,B-000002213
2729,A-000002210,B-000002214
2731,A-000002211,B-000002215
2732,A-000002212,B-000002216
2733,A-000002213,B-000002217
2735,A-000002214,B-000002218
2736,A-000002215,B-000002219
2737,A-000002216,B-000002220
2738,A-000002217,B-000002221
2740,A-000002218,B-000002222
2741,A-000002219,B-000002223
2742,A-000002220,B-000002224
2744,A-000002221,B-000002225
2745,A-000002222,B-000002226
2746,A-000002223,B-000002227
2747,A-000002224,B-000002228
2749,A-000002225,B-000002229
2751,A-000002226,B-000002230
2752,A-000002227,B-000002231
2753,A-000002228,B-000002232
2754,A-000002229,B-000002233
2756,A-000002230,B-000002234
2757,A-000002231,B-000002235
2758,A-000002232,B-000002236
2759,A-000002233,B-000002237
2760,A-000002234,B-000002238
2761,A-000002235,B-000002239
2762,A-000002236,B-000002240
2764,A-000002237,B-000002241
2765,A-000002238,B-000002242
2766,A-000002239,B-000002243
2767,A-000002240,B-000002244
2768,A-000002241,B-000002245
2770,A-000002242,B-000002246
2771,A-000002243,B-000002247
2772,A-000002244,B-000002248
2773,A-000002245,B-000002249
2774,A-000002246,B-000002250
2775,A-000002247,B-000002251
2777,A-000002248,B-000002252
2778,A-000002249,B-000002253
2779,A-000002250,B-000002254
2780,A-000002251,B-000002255
2781,A-000002252,B-000002256
2783,,B-000002257
2784,A-000002253,B-000002258
2785,A-000002254,B-000002259
2786,A-000002255,B-000002260
2787,A-000002256,B-000002261
2789,A-000002257,B-000002262
2792,A-000002258,B-000002263
2795,A-000002259,B-000002264
2796,A-000002260,B-000002265
2797,A-000002261,B-000002266
2798,A-000002262,B-000002267
2799,A-000002263,B-000002268
2802,A-000002264,B-000002269
2804,A-000002265,B-000002270
2807,A-000002266,B-000002271
2808,A-000002267,B-000002272
2811,A-000002268,B-000002273
2812,A-000002269,B-000002274
2813,A-000002270,B-000002275
2814,A-000002271,B-000002276
2815,A-000002272,B-000002277
2816,A-000002273,B-000002278
2818,A-000002274,B-000002279
2819,A-000002275,B-000002280
2820,A-000002276,B-000002281
2822,A-000002277,B-000002282
2823,A-000002278,B-000002283
2825,A-000002279,B-000002284
2826,A-000002280,B-000002285
2827,A-000002281,B-000002286
2828,A-000002282,B-000002287
2830,A-000002283,B-000002288
2831,A-000002284,B-000002289
2832,A-000002285,B-000002290
2833,A-000002286,B-000002291
2834,A-000002287,B-000002292
2836,A-000002288,B-000002293
2838,A-000002289,B-000002294
2839,A-000002290,B-000002295
2840,A-000002291,B-000002296
2841,A-000002292,B-000002297
2842,A-000002293,B-000002298
2843,A-000002294,B-000002299
2844,A-000002295,B-000002300
2845,A-000002296,B-000002301
2847,A-000002297,B-000002302
2848,A-000002298,B-000002303
2849,A-000002299,B-000002304
2850,A-000002300,B-000002305
2851,A-000002301,B-000002306
2852,A-000002302,B-000002307
2853,A-000002303,B-000002308
2854,A-000002304,B-000002309
2855,A-000002305,B-000002310
2857,A-000002306,B-000002311
2858,A-000002307,B-000002312
2860,A-000002308,B-000002313
2862,A-000002309,B-000002314
2863,A-000002310,B-000002315
2864,A-000002311,B-000002316
2865,A-000002312,B-000002317
2866,A-000002313,B-000002318
2867,A-000002314,B-000002319
2869,A-000002315,B-000002320
2870,A-000002316,B-000002321
2871,A-000002317,B-000002322
2872,A-000002318,B-000002323
2873,A-000002319,B-000002324
2874,A-000002320,B-000002325
2875,A-000002321,B-000002326
2876,A-000002322,B-000002327
2877,A-000002323,B-000002328
2878,A-000002324,B-000002329
2879,A-000002325,B-000002330
2881,A-000002326,B-000002331
2882,A-000002327,B-000002332
2884,A-000002328,B-000002333
2885,A-000002329,B-000002334
2886,A-000002330,B-000002335
2887,A-000002331,B-000002336
2889,A-000002332,B-000002337
2890,A-000002333,B-000002338
2891,A-000002334,B-000002339
2893,A-000002335,B-000002340
2894,A-000002336,B-000002341
2897,A-000002337,B-000002342
2898,A-000002338,B-000002343
2901,A-000002339,B-000002344
2902,A-000002340,B-000002345
2903,A-000002341,B-000002346
2904,A-000002342,B-000002347
2905,A-000002343,B-000002348
2906,A-000002344,B-000002349
2907,A-000002345,B-000002350
2908,A-000002346,B-000002351
2909,A-000002347,B-000002352
2911,A-000002348,B-000002353
2912,A-000002349,B-000002354
2913,A-000002350,B-000002355
2914,A-000002351,B-000002356
2915,A-000002352,B-000002357
2916,A-000002353,B-000002358
2917,A-000002354,B-000002359
2918,A-000002355,B-000002360
2920,A-000002356,B-000002361
2921,A-000002357,B-000002362
2922,A-000002358,B-000002363
2924,A-000002359,B-000002364
2928,A-000002360,B-000002365
2929,A-000002361,B-000002366
2930,A-000002362,B-000002367
2931,A-000002363,B-000002368
2932,A-000002364,B-000002369
2933,A-000002365,B-000002370
2935,A-000002366,B-000002371
2936,A-000002367,B-000002372
2937,A-000002368,B-000002373
2938,A-000002369,B-000002374
2939,A-000002370,B-000002375
2940,A-000002371,B-000002376
2943,A-000002372,B-000002377
2944,A-000002373,B-000002378
2946,A-000002374,B-000002379
2947,A-000002375,B-000002380
2948,A-000002376,B-000002381
2949,A-000002377,B-000002382
2950,A-000002378,B-000002383
2951,A-000002379,B-000002384
2952,A-000002380,B-000002385
2953,A-000002381,B-000002386
2954,A-000002382,B-000002387
2955,A-000002383,B-000002388
2956,A-000002384,B-000002389
2957,A-000002385,B-000002390
2958,A-000002386,B-000002391
2959,A-000002387,B-000002392
2960,A-000002388,B-000002393
2961,A-000002389,B-000002394
2962,A-000002390,B-000002395
2964,A-000002391,B-000002396
2965,A-000002392,B-000002397
2966,A-000002393,B-000002398
2967,A-000002394,B-000002399
2968,A-000002395,B-000002400
2969,A-000002396,B-000002401
2971,A-000002397,B-000002402
2972,A-000002398,B-000002403
2973,A-000002399,B-000002404
2975,A-000002400,B-000002405
2976,A-000002401,B-000002406
2977,A-000002402,B-000002407
2978,A-000002403,B-000002408
2979,A-000002404,B-000002409
2980,A-000002405,B-000002410
2981,A-000002406,B-000002411
2983,A-000002407,B-000002412
2984,A-000002408,B-000002413
2985,A-000002409,B-000002414
2986,A-000002410,B-000002415
2987,A-000002411,B-000002416
2988,A-000002412,B-000002417
2989,A-000002413,B-000002418
2990,A-000002414,B-000002419
2991,A-000002415,B-000002420
2992,A-000002416,B-000002421
2993,A-000002417,B-000002422
2995,A-000002418,B-000002423
2996,A-000002419,B-000002424
2997,A-000002420,B-000002425
2998,A-000002421,B-000002426
2999,A-000002422,B-000002427
3000,A-000002423,B-000002428
3001,A-000002424,B-000002429
3002,A-000002425,B-000002430
3003,A-000002426,B-000002431
3004,A-000002427,B-000002432
3006,A-000002428,B-000002433
3008,A-000002429,B-000002434
3009,A-000002430,B-000002435
3011,A-000002431,B-000002436
3012,A-000002432,B-000002437
3013,A-000002433,B-000002438
3014,A-000002434,B-000002439
3015,A-000002435,B-000002440
3016,A-000002436,B-000002441
3017,A-000002437,B-000002442
3018,A-000002438,B-000002443
3019,A-000002439,B-000002444
3021,A-000002440,B-000002445
3022,A-000002441,B-000002446
3023,A-000002442,B-000002447
3025,A-000002443,B-000002448
3026,A-000002444,B-000002449
3027,A-000002445,B-000002450
3028,A-000002446,B-000002451
3029,A-000002447,B-000002452
3030,A-000002448,B-000002453
3031,A-000002449,B-000002454
3032,A-000002450,B-000002455
3034,A-000002451,B-000002456
3035,A-000002452,B-000002457
3036,A-000002453,B-000002458
3037,A-000002454,B-000002459
3038,A-000002455,B-000002460
3039,A-000002456,B-000002461
3040,A-000002457,B-000002462
3041,A-000002458,B-000002463
3042,A-000002459,B-000002464
3043,A-000002460,B-000002465
3046,A-000002461,B-000002466
3048,A-000002462,B-000002467
3049,A-000002463,B-000002468
3050,A-000002464,B-000002469
3051,A-000002465,B-000002470
3052,A-000002466,B-000002471
3053,A-000002467,B-000002472
3056,A-000002468,B-000002473
3057,A-000002469,B-000002474
3058,A-000002470,B-000002475
3059,A-000002471,B-000002476
3060,A-000002472,B-000002477
3061,A-000002473,B-000002478
3062,A-000002474,B-000002479
3063,A-000002475,B-000002480
3064,A-000002476,B-000002481
3065,A-000002477,B-000002482
3067,A-000002478,B-000002483
3069,A-000002479,B-000002484
3070,A-000002480,B-000002485
3071,A-000002481,B-000002486
3073,A-000002482,B-000002487
3075,A-000002483,B-000002488
3078,A-000002484,B-000002489
3079,A-000002485,B-000002490
3080,A-000002486,B-000002491
3081,A-000002487,B-000002492
3082,A-000002488,B-000002493
3083,A-000002489,B-000002494
3086,A-000002490,B-000002495
3087,A-000002491,B-000002496
3088,A-000002492,B-000002497
3090,A-000002493,B-000002498
3091,A-000002494,B-000002499
3092,A-000002495,B-000002500
3093,A-000002496,B-000002501
3094,A-000002497,B-000002502
3096,A-000002498,B-000002503
3097,A-000002499,B-000002504
3098,A-000002500,B-000002505
3099,A-000002501,B-000002506
3100,A-000002502,B-000002507
3101,A-000002503,B-000002508
3103,A-000002504,B-000002509
3104,A-000002505,B-000002510
3105,A-000002506,B-000002511
3108,A-000002507,B-000002512
3109,A-000002508,B-000002513
3110,A-000002509,B-000002514
3111,A-000002510,B-000002515
3112,,B-000002516
3113,A-000002511,B-000002517
3114,A-000002512,B-000002518
3115,A-000002513,B-000002519
3116,A-000002514,B-000002520
3117,A-000002515,B-000002521
3118,A-000002516,B-000002522
3120,A-000002517,B-000002523
3121,A-000002518,B-000002524
3122,A-000002519,B-000002525
3123,A-000002520,B-000002526
3124,A-000002521,B-000002527
3125,A-000002522,B-000002528
3127,A-000002523,B-000002529
3129,A-000002524,B-000002530
3130,A-000002525,B-000002531
3131,A-000002526,B-000002532
3133,A-000002527,B-000002533
3134,A-000002528,B-000002534
3135,A-000002529,B-000002535
3136,A-000002530,B-000002536
3137,A-000002531,B-000002537
3138,A-000002532,B-000002538
3139,A-000002533,B-000002539
3140,A-000002534,B-000002540
3141,A-000002535,B-000002541
3142,A-000002536,B-000002542
3144,A-000002537,B-000002543
3145,A-000002538,B-000002544
3146,A-000002539,B-000002545
3147,A-000002540,B-000002546
3149,A-000002541,B-000002547
3150,A-000002542,B-000002548
3151,A-000002543,B-000002549
3152,A-000002544,B-000002550
3153,A-000002545,B-000002551
3155,A-000002546,B-000002552
3156,A-000002547,B-000002553
3157,A-000002548,B-000002554
3158,A-000002549,B-000002555
3161,A-000002550,B-000002556
3162,A-000002551,B-000002557
3163,A-000002552,B-000002558
3164,A-000002553,B-000002559
3165,A-000002554,B-000002560
3166,A-000002555,B-000002561
3167,A-000002556,B-000002562
3168,A-000002557,B-000002563
3170,A-000002558,B-000002564
3171,A-000002559,B-000002565
3173,A-000002560,B-000002566
3174,A-000002561,B-000002567
3175,A-000002562,B-000002568
3177,A-000002563,B-000002569
3178,A-000002564,B-000002570
3179,A-000002565,B-000002571
3182,A-000002566,B-000002572
3183,A-000002567,B-000002573
3184,A-000002568,B-000002574
3186,A-000002569,B-000002575
3187,A-000002570,B-000002576
3188,A-000002571,B-000002577
3190,A-000002572,B-000002578
3191,A-000002573,B-000002579
3192,A-000002574,B-000002580
3193,A-000002575,B-000002581
3194,A-000002576,B-000002582
3195,A-000002577,B-000002583
3196,A-000002578,B-000002584
3198,A-000002579,B-000002585
3199,A-000002580,B-000002586
3200,A-000002581,B-000002587
3201,A-000002582,B-000002588
3203,A-000002583,B-000002589
3204,A-000002584,B-000002590
3205,A-000002585,B-000002591
3206,A-000002586,B-000002592
3207,A-000002587,B-000002593
3208,A-000002588,B-000002594
3209,A-000002589,B-000002595
3210,A-000002590,B-000002596
3211,A-000002591,B-000002597
3214,A-000002592,B-000002598
3216,A-000002593,B-000002599
3217,A-000002594,B-000002600
3218,A-000002595,B-000002601
3219,A-000002596,B-000002602
3220,A-000002597,B-000002603
3222,A-000002598,B-000002604
3223,A-000002599,B-000002605
3224,A-000002600,B-000002606
3226,A-000002601,B-000002607
3227,A-000002602,B-000002608
3228,A-000002603,B-000002609
3229,A-000002604,B-000002610
3230,A-000002605,B-000002611
3231,A-000002606,B-000002612
3232,A-000002607,B-000002613
3233,A-000002608,B-000002614
3235,A-000002609,B-000002615
3236,A-000002610,B-000002616
3237,A-000002611,B-000002617
3239,A-000002612,B-000002618
3240,A-000002613,B-000002619
3241,A-000002614,B-000002620
3242,A-000002615,B-000002621
3243,A-000002616,B-000002622
3244,A-000002617,B-000002623
3245,A-000002618,B-000002624
3247,A-000002619,B-000002625
3248,A-000002620,B-000002626
3249,A-000002621,B-000002627
3250,A-000002622,B-000002628
3251,A-000002623,B-000002629
3253,A-000002624,B-000002630
3254,A-000002625,B-000002631
3255,A-000002626,B-000002632
3256,A-000002627,B-000002633
3259,A-000002628,B-000002634
3260,A-000002629,B-000002635
3261,A-000002630,B-000002636
3264,A-000002631,B-000002637
3266,A-000002632,B-000002638
3267,A-000002633,B-000002639
3268,A-000002634,B-000002640
3269,A-000002635,B-000002641
3270,A-000002636,B-000002642
3271,A-000002637,B-000002643
3272,A-000002638,B-000002644
3273,A-000002639,B-000002645
3274,A-000002640,B-000002646
3276,A-000002641,B-000002647
3277,A-000002642,B-000002648
3278,A-000002643,B-000002649
3279,A-000002644,B-000002650
3280,A-000002645,B-000002651
3281,A-000002646,B-000002652
3282,A-000002647,B-000002653
3283,A-000002648,B-000002654
3284,A-000002649,B-000002655
3285,A-000002650,B-000002656
3286,A-000002651,B-000002657
3287,A-000002652,B-000002658
3288,A-000002653,B-000002659
3289,A-000002654,B-000002660
3290,A-000002655,B-000002661
3291,A-000002656,B-000002662
3292,A-000002657,B-000002663
3294,A-000002658,B-000002664
3295,A-000002659,B-000002665
3296,A-000002660,B-000002666
3297,A-000002661,B-000002667
3298,A-000002662,B-000002668
3300,A-000002663,B-000002669
3301,A-000002664,B-000002670
3302,A-000002665,B-000002671
3303,A-000002666,B-000002672
3304,A-000002667,B-000002673
3305,A-000002668,B-000002674
3306,A-000002669,B-000002675
3307,A-000002670,B-000002676
3308,A-000002671,B-000002677
3309,A-000002672,B-000002678
3311,A-000002673,B-000002679
3312,A-000002674,B-000002680
3313,A-000002675,B-000002681
3314,A-000002676,B-000002682
3315,A-000002677,B-000002683
3316,A-000002678,B-000002684
3317,A-000002679,B-000002685
3318,A-000002680,B-000002686
3319,A-000002681,B-000002687
3320,A-000002682,B-000002688
3321,A-000002683,B-000002689
3322,A-000002684,B-000002690
3324,A-000002685,B-000002691
3325,A-000002686,B-000002692
3326,A-000002687,B-000002693
3327,A-000002688,B-000002694
3329,A-000002689,B-000002695
3331,A-000002690,B-000002696
3333,A-000002691,B-000002697
3334,A-000002692,B-000002698
3335,A-000002693,B-000002699
3336,A-000002694,B-000002700
3337,A-000002695,B-000002701
3340,A-000002696,B-000002702
3341,A-000002697,B-000002703
3342,A-000002698,B-000002704
3344,A-000002699,B-000002705
3345,A-000002700,B-000002706
3347,A-000002701,B-000002707
3348,A-000002702,B-000002708
3349,A-000002703,B-000002709
3350,A-000002704,B-000002710
3351,A-000002705,B-000002711
3352,A-000002706,B-000002712
3353,A-000002707,B-000002713
3354,A-000002708,B-000002714
3355,A-000002709,B-000002715
3356,A-000002710,B-000002716
3357,A-000002711,B-000002717
3358,A-000002712,B-000002718
3359,A-000002713,B-000002719
3361,A-000002714,B-000002720
3362,A-000002715,B-000002721
3363,A-000002716,B-000002722
3364,A-000002717,B-000002723
3365,A-000002718,B-000002724
3366,A-000002719,B-000002725
3367,A-000002720,B-000002726
3368,A-000002721,B-000002727
3369,A-000002722,B-000002728
3370,A-000002723,B-000002729
3371,A-000002724,B-000002730
3372,A-000002725,B-000002731
3374,A-000002726,B-000002732
3376,A-000002727,B-000002733
3377,A-000002728,B-000002734
3378,A-000002729,B-000002735
3379,A-000002730,B-000002736
3380,A-000002731,B-000002737
3382,A-000002732,B-000002738
3383,A-000002733,B-000002739
3384,A-000002734,B-000002740
3385,A-000002735,B-000002741
3386,A-000002736,B-000002742
3387,A-000002737,B-000002743
3390,A-000002738,B-000002744
3391,A-000002739,B-000002745
3392,A-000002740,B-000002746
3393,A-000002741,B-000002747
3394,A-000002742,B-000002748
3395,A-000002743,B-000002749
3396,A-000002744,B-000002750
3397,A-000002745,B-000002751
3398,A-000002746,B-000002752
3399,A-000002747,B-000002753
3400,A-000002748,B-000002754
3401,A-000002749,B-000002755
3402,A-000002750,B-000002756
3403,A-000002751,B-000002757
3404,A-000002752,B-000002758
3405,A-000002753,B-000002759
3406,A-000002754,B-000002760
3407,A-000002755,B-000002761
3408,A-000002756,B-000002762
3409,A-000002757,B-000002763
3410,A-000002758,B-000002764
3411,A-000002759,B-000002765
3412,A-000002760,B-000002766
3413,A-000002761,B-000002767
3414,A-000002762,B-000002768
3415,A-000002763,B-000002769
3416,A-000002764,B-000002770
3417,A-000002765,B-000002771
3418,A-000002766,B-000002772
3420,A-000002767,B-000002773
3421,A-000002768,B-000002774
3422,A-000002769,B-000002775
3423,A-000002770,B-000002776
3424,A-000002771,B-000002777
3426,A-000002772,B-000002778
3427,A-000002773,B-000002779
3428,A-000002774,B-000002780
3429,A-000002775,B-000002781
3430,A-000002776,B-000002782
3431,A-000002777,B-000002783
3432,A-000002778,B-000002784
3433,A-000002779,B-000002785
3434,A-000002780,B-000002786
3435,A-000002781,B-000002787
3438,A-000002782,B-000002788
3439,A-000002783,B-000002789
3441,A-000002784,B-000002790
3444,A-000002785,B-000002791
3445,A-000002786,B-000002792
3446,A-000002787,B-000002793
3447,A-000002788,B-000002794
3448,A-000002789,B-000002795
3449,A-000002790,B-000002796
3450,A-000002791,B-000002797
3451,A-000002792,B-000002798
3452,A-000002793,B-000002799
3453,A-000002794,B-000002800
3454,A-000002795,B-000002801
3455,A-000002796,B-000002802
3456,A-000002797,B-000002803
3458,A-000002798,B-000002804
3459,A-000002799,B-000002805
3460,A-000002800,B-000002806
3461,A-000002801,B-000002807
3462,A-000002802,B-000002808
3463,A-000002803,B-000002809
3464,A-000002804,B-000002810
3466,A-000002805,B-000002811
3467,A-000002806,B-000002812
3469,A-000002807,B-000002813
3470,A-000002808,B-000002814
3471,A-000002809,B-000002815
3472,A-000002810,B-000002816
3473,A-000002811,B-000002817
3474,A-000002812,B-000002818
3475,A-000002813,B-000002819
3476,A-000002814,B-000002820
3477,A-000002815,B-000002821
3478,A-000002816,B-000002822
3480,A-000002817,B-000002823
3481,A-000002818,B-000002824
3482,A-000002819,B-000002825
3483,A-000002820,B-000002826
3484,A-000002821,B-000002827
3485,A-000002822,B-000002828
3487,A-000002823,B-000002829
3488,A-000002824,B-000002830
3489,A-000002825,B-000002831
3490,A-000002826,B-000002832
3491,A-000002827,B-000002833
3492,A-000002828,B-000002834
3493,A-000002829,B-000002835
3494,A-000002830,B-000002836
3495,A-000002831,B-000002837
3496,A-000002832,B-000002838
3497,A-000002833,B-000002839
3499,A-000002834,B-000002840
3500,A-000002835,B-000002841
3501,A-000002836,B-000002842
3502,A-000002837,B-000002843
3503,A-000002838,B-000002844
3504,A-000002839,B-000002845
3505,A-000002840,B-000002846
3506,A-000002841,B-000002847
3507,A-000002842,B-000002848
3508,A-000002843,B-000002849
3509,A-000002844,B-000002850
3511,A-000002845,B-000002851
3512,A-000002846,B-000002852
3513,A-000002847,B-000002853
3514,A-000002848,B-000002854
3515,A-000002849,B-000002855
3516,A-000002850,B-000002856
3518,A-000002851,B-000002857
3519,A-000002852,B-000002858
3520,A-000002853,B-000002859
3521,A-000002854,B-000002860
3523,A-000002855,B-000002861
3524,A-000002856,B-000002862
3525,A-000002857,B-000002863
3526,A-000002858,B-000002864
3527,A-000002859,B-000002865
3528,A-000002860,B-000002866
3530,A-000002861,B-000002867
3531,A-000002862,B-000002868
3532,A-000002863,B-000002869
3534,A-000002864,B-000002870
3535,A-000002865,B-000002871
3536,A-000002866,B-000002872
3537,A-000002867,B-000002873
3538,A-000002868,B-000002874
3539,A-000002869,B-000002875
3540,A-000002870,B-000002876
3541,A-000002871,B-000002877
3543,A-000002872,B-000002878
3544,A-000002873,B-000002879
3546,A-000002874,B-000002880
3547,A-000002875,B-000002881
3548,A-000002876,B-000002882
3549,A-000002877,B-000002883
3550,A-000002878,B-000002884
3551,A-000002879,B-000002885
3552,A-000002880,B-000002886
3553,A-000002881,B-000002887
3554,A-000002882,B-000002888
3555,A-000002883,B-000002889
3556,A-000002884,B-000002890
3558,A-000002885,B-000002891
3559,A-000002886,B-000002892
3561,A-000002887,B-000002893
3562,A-000002888,B-000002894
3563,A-000002889,B-000002895
3564,A-000002890,B-000002896
3565,A-000002891,B-000002897
3566,A-000002892,B-000002898
3567,A-000002893,B-000002899
3568,A-000002894,B-000002900
3569,A-000002895,B-000002901
3570,A-000002896,B-000002902
3572,A-000002897,B-000002903
3573,A-000002898,B-000002904
3575,A-000002899,B-000002905
3577,A-000002900,B-000002906
3578,A-000002901,B-000002907
3579,A-000002902,B-000002908
3580,A-000002903,B-000002909
3581,A-000002904,B-000002910
3582,A-000002905,B-000002911
3583,A-000002906,B-000002912
3584,A-000002907,B-000002913
3585,A-000002908,B-000002914
3586,A-000002909,B-000002915
3587,A-000002910,B-000002916
3590,A-000002911,B-000002917
3591,A-000002912,B-000002918
3592,A-000002913,B-000002919
3593,A-000002914,B-000002920
3594,A-000002915,B-000002921
3595,A-000002916,B-000002922
3596,A-000002917,B-000002923
3597,A-000002918,B-000002924
3598,A-000002919,B-000002925
3599,A-000002920,B-000002926
3600,A-000002921,B-000002927
3601,A-000002922,B-000002928
3603,A-000002923,B-000002929
3604,A-000002924,B-000002930
3605,A-000002925,B-000002931
3606,A-000002926,B-000002932
3607,A-000002927,B-000002933
3609,A-000002928,B-000002934
3610,A-000002929,B-000002935
3611,A-000002930,B-000002936
3612,A-000002931,B-000002937
3613,A-000002932,B-000002938
3615,A-000002933,B-000002939
3616,A-000002934,B-000002940
3617,A-000002935,B-000002941
3618,A-000002936,B-000002942
3619,A-000002937,B-000002943
3620,A-000002938,B-000002944
3621,A-000002939,B-000002945
3623,A-000002940,B-000002946
3624,A-000002941,B-000002947
3625,A-000002942,B-000002948
3626,A-000002943,B-000002949
3627,A-000002944,B-000002950
3628,A-000002945,B-000002951
3629,A-000002946,B-000002952
3631,A-000002947,B-000002953
3632,A-000002948,B-000002954
3633,A-000002949,B-000002955
3634,A-000002950,B-000002956
3636,A-000002951,B-000002957
3638,A-000002952,B-000002958
3639,A-000002953,B-000002959
3642,A-000002954,B-000002960
3643,A-000002955,B-000002961
3644,A-000002956,B-000002962
3645,A-000002957,B-000002963
3646,A-000002958,B-000002964
3647,A-000002959,B-000002965
3648,A-000002960,B-000002966
3649,A-000002961,B-000002967
3650,A-000002962,B-000002968
3651,A-000002963,B-000002969
3653,A-000002964,B-000002970
3654,A-000002965,B-000002971
3655,A-000002966,B-000002972
3656,A-000002967,B-000002973
3657,A-000002968,B-000002974
3658,A-000002969,B-000002975
3659,A-000002970,B-000002976
3660,A-000002971,B-000002977
3661,A-000002972,B-000002978
3662,A-000002973,B-000002979
3664,A-000002974,B-000002980
3665,A-000002975,B-000002981
3666,A-000002976,B-000002982
3667,A-000002977,B-000002983
3669,A-000002978,B-000002984
3670,A-000002979,B-000002985
3672,A-000002980,B-000002986
3674,A-000002981,B-000002987
3675,A-000002982,B-000002988
3677,A-000002983,B-000002989
3679,A-000002984,B-000002990
3680,A-000002985,B-000002991
3682,A-000002986,B-000002992
3683,A-000002987,B-000002993
3686,A-000002988,B-000002994
3687,A-000002989,B-000002995
3688,A-000002990,B-000002996
3689,A-000002991,B-000002997
3690,A-000002992,B-000002998
3692,A-000002993,B-000002999
3693,A-000002994,B-000003000
3694,A-000002995,B-000003001
3695,A-000002996,B-000003002
3696,A-000002997,B-000003003
3697,A-000002998,B-000003004
3698,A-000002999,B-000003005
3699,A-000003000,B-000003006
3700,A-000003001,B-000003007
3701,A-000003002,B-000003008
3702,A-000003003,B-000003009
3703,A-000003004,B-000003010
3704,A-000003005,B-000003011
3705,A-000003006,B-000003012
3706,A-000003007,B-000003013
3707,A-000003008,B-000003014
3708,A-000003009,B-000003015
3709,A-000003010,B-000003016
3711,A-000003011,B-000003017
3712,A-000003012,B-000003018
3713,A-000003013,B-000003019
3714,A-000003014,B-000003020
3716,A-000003015,B-000003021
3717,A-000003016,B-000003022
3721,A-000003017,B-000003023
3723,A-000003018,B-000003024
3725,A-000003019,B-000003025
3726,A-000003020,B-000003026
3727,A-000003021,B-000003027
3728,A-000003022,B-000003028
3729,A-000003023,B-000003029
3730,A-000003024,B-000003030
3731,A-000003025,B-000003031
3732,A-000003026,B-000003032
3734,A-000003027,B-000003033
3735,A-000003028,B-000003034
3736,A-000003029,B-000003035
3738,A-000003030,B-000003036
3739,A-000003031,B-000003037
3740,A-000003032,B-000003038
3741,A-000003033,B-000003039
3742,A-000003034,B-000003040
3743,A-000003035,B-000003041
3744,A-000003036,B-000003042
3745,A-000003037,B-000003043
3746,A-000003038,B-000003044
3747,A-000003039,B-000003045
3748,A-000003040,B-000003046
3749,A-000003041,B-000003047
3750,A-000003042,B-000003048
3751,A-000003043,B-000003049
3752,A-000003044,B-000003050
3753,A-000003045,B-000003051
3755,A-000003046,B-000003052
3756,A-000003047,B-000003053
3757,A-000003048,B-000003054
3758,A-000003049,B-000003055
3759,A-000003050,B-000003056
3760,A-000003051,B-000003057
3761,A-000003052,B-000003058
3762,A-000003053,B-000003059
3763,A-000003054,B-000003060
3764,A-000003055,B-000003061
3765,A-000003056,B-000003062
3766,A-000003057,B-000003063
3767,A-000003058,B-000003064
3770,A-000003059,B-000003065
3771,A-000003060,B-000003066
3772,A-000003061,B-000003067
3773,A-000003062,B-000003068
3774,A-000003063,B-000003069
3775,A-000003064,B-000003070
3776,A-000003065,B-000003071
3777,A-000003066,B-000003072
3778,A-000003067,B-000003073
3779,A-000003068,B-000003074
3780,A-000003069,B-000003075
3781,A-000003070,B-000003076
3782,A-000003071,B-000003077
3783,A-000003072,B-000003078
3784,A-000003073,B-000003079
3785,A-000003074,B-000003080
3786,A-000003075,B-000003081
3788,A-000003076,B-000003082
3789,A-000003077,B-000003083
3790,A-000003078,B-000003084
3791,A-000003079,B-000003085
3792,A-000003080,B-000003086
3793,A-000003081,B-000003087
3794,A-000003082,B-000003088
3795,A-000003083,B-000003089
3796,A-000003084,B-000003090
3797,A-000003085,B-000003091
3798,A-000003086,B-000003092
3799,A-000003087,B-000003093
3800,A-000003088,B-000003094
3802,A-000003089,B-000003095
3803,A-000003090,B-000003096
3805,A-000003091,B-000003097
3806,A-000003092,B-000003098
3808,A-000003093,B-000003099
3809,A-000003094,B-000003100
3810,A-000003095,B-000003101
3811,A-000003096,B-000003102
3813,A-000003097,B-000003103
3814,A-000003098,B-000003104
3815,A-000003099,B-000003105
3816,A-000003100,B-000003106
3818,A-000003101,B-000003107
3819,A-000003102,B-000003108
3820,A-000003103,B-000003109
3821,A-000003104,B-000003110
3823,A-000003105,B-000003111
3824,A-000003106,B-000003112
3825,A-000003107,B-000003113
3826,A-000003108,B-000003114
3827,A-000003109,B-000003115
3828,A-000003110,B-000003116
3829,A-000003111,B-000003117
3831,A-000003112,B-000003118
3832,A-000003113,B-000003119
3834,A-000003114,B-000003120
3835,A-000003115,B-000003121
3836,A-000003116,B-000003122
3839,A-000003117,B-000003123
3840,A-000003118,B-000003124
3841,A-000003119,B-000003125
3843,A-000003120,B-000003126
3844,A-000003121,B-000003127
3845,A-000003122,B-000003128
3846,A-000003123,B-000003129
3847,A-000003124,B-000003130
3848,A-000003125,B-000003131
3849,A-000003126,B-000003132
3850,A-000003127,B-000003133
3851,A-000003128,B-000003134
3852,A-000003129,B-000003135
3853,A-000003130,B-000003136
3855,A-000003131,B-000003137
3856,A-000003132,B-000003138
3857,A-000003133,B-000003139
3858,A-000003134,B-000003140
3859,A-000003135,B-000003141
3860,A-000003136,B-000003142
3861,A-000003137,B-000003143
3864,A-000003138,B-000003144
3865,A-000003139,B-000003145
3866,A-000003140,B-000003146
3867,A-000003141,B-000003147
3868,A-000003142,B-000003148
3869,A-000003143,B-000003149
3870,A-000003144,B-000003150
3871,A-000003145,B-000003151
3872,A-000003146,B-000003152
3873,A-000003147,B-000003153
3874,A-000003148,B-000003154
3875,A-000003149,B-000003155
3876,A-000003150,B-000003156
3878,A-000003151,B-000003157
3879,A-000003152,B-000003158
3880,A-000003153,B-000003159
3881,A-000003154,B-000003160
3883,A-000003155,B-000003161
3884,A-000003156,B-000003162
3885,A-000003157,B-000003163
3886,A-000003158,B-000003164
3888,A-000003159,B-000003165
3889,A-000003160,B-000003166
3890,A-000003161,B-000003167
3892,A-000003162,B-000003168
3893,A-000003163,B-000003169
3894,A-000003164,B-000003170
3895,A-000003165,B-000003171
3896,A-000003166,B-000003172
3897,A-000003167,B-000003173
3898,A-000003168,B-000003174
3900,A-000003169,B-000003175
3902,A-000003170,B-000003176
3903,A-000003171,B-000003177
3904,A-000003172,B-000003178
3905,A-000003173,B-000003179
3906,A-000003174,B-000003180
3907,A-000003175,B-000003181
3908,A-000003176,B-000003182
3909,A-000003177,B-000003183
3911,A-000003178,B-000003184
3912,A-000003179,B-000003185
3913,A-000003180,B-000003186
3915,A-000003181,B-000003187
3916,A-000003182,B-000003188
3917,A-000003183,B-000003189
3919,A-000003184,B-000003190
3921,A-000003185,B-000003191
3923,A-000003186,B-000003192
3924,A-000003187,B-000003193
3925,A-000003188,B-000003194
3927,A-000003189,B-000003195
3929,A-000003190,B-000003196
3930,A-000003191,B-000003197
3931,A-000003192,B-000003198
3932,A-000003193,B-000003199
3933,A-000003194,B-000003200
3934,A-000003195,B-000003201
3935,A-000003196,B-000003202
3937,A-000003197,B-000003203
3938,A-000003198,B-000003204
3939,A-000003199,B-000003205
3941,A-000003200,B-000003206
3943,A-000003201,B-000003207
3944,A-000003202,B-000003208
3945,A-000003203,B-000003209
3946,A-000003204,B-000003210
3947,A-000003205,B-000003211
3948,A-000003206,B-000003212
3949,A-000003207,B-000003213
3950,A-000003208,B-000003214
3953,A-000003209,B-000003215
3954,A-000003210,B-000003216
3955,A-000003211,B-000003217
3956,A-000003212,B-000003218
3957,A-000003213,B-000003219
3958,A-000003214,B-000003220
3959,A-000003215,B-000003221
3960,A-000003216,B-000003222
3961,A-000003217,B-000003223
3962,A-000003218,B-000003224
3963,A-000003219,B-000003225
3964,A-000003220,B-000003226
3965,A-000003221,B-000003227
3966,A-000003222,B-000003228
3967,A-000003223,B-000003229
3968,A-000003224,B-000003230
3969,A-000003225,B-000003231
3970,A-000003226,B-000003232
3971,A-000003227,B-000003233
3972,A-000003228,B-000003234
3973,A-000003229,B-000003235
3974,A-000003230,B-000003236
3975,A-000003231,B-000003237
3976,A-000003232,B-000003238
3977,A-000003233,B-000003239
3978,A-000003234,B-000003240
3979,A-000003235,B-000003241
3980,A-000003236,B-000003242
3981,A-000003237,B-000003243
3982,A-000003238,B-000003244
3983,A-000003239,B-000003245
3984,A-000003240,B-000003246
3985,A-000003241,B-000003247
3986,A-000003242,B-000003248
3987,A-000003243,B-000003249
3988,A-000003244,B-000003250
3989,A-000003245,B-000003251
3990,A-000003246,B-000003252
3992,A-000003247,B-000003253
3993,A-000003248,B-000003254
3994,A-000003249,B-000003255
3995,A-000003250,B-000003256
3996,A-000003251,B-000003257
3997,A-000003252,B-000003258
3998,A-000003253,B-000003259
3999,A-000003254,B-000003260
4000,A-000003255,B-000003261
4001,A-000003256,B-000003262
4002,A-000003257,B-000003263
4003,A-000003258,B-000003264
4004,A-000003259,B-000003265
4005,A-000003260,B-000003266
4006,A-000003261,B-000003267
4007,A-000003262,B-000003268
4008,A-000003263,B-000003269
4009,A-000003264,B-000003270
4011,A-000003265,B-000003271
4014,A-000003266,B-000003272
4015,A-000003267,B-000003273
4016,A-000003268,B-000003274
4017,A-000003269,B-000003275
4018,A-000003270,B-000003276
4019,A-000003271,B-000003277
4020,A-000003272,B-000003278
4021,A-000003273,B-000003279
4022,A-000003274,B-000003280
4023,A-000003275,B-000003281
4025,A-000003276,B-000003282
4026,A-000003277,B-000003283
4027,A-000003278,B-000003284
4029,A-000003279,B-000003285
4030,A-000003280,B-000003286
4031,A-000003281,B-000003287
4033,A-000003282,B-000003288
4034,A-000003283,B-000003289
4035,A-000003284,B-000003290
4036,A-000003285,B-000003291
4037,A-000003286,B-000003292
4038,A-000003287,B-000003293
4039,A-000003288,B-000003294
4040,A-000003289,B-000003295
4042,A-000003290,B-000003296
4043,A-000003291,B-000003297
4044,A-000003292,B-000003298
4045,A-000003293,B-000003299
4046,A-000003294,B-000003300
4047,A-000003295,B-000003301
4048,A-000003296,B-000003302
4049,A-000003297,B-000003303
4050,A-000003298,B-000003304
4052,A-000003299,B-000003305
4054,A-000003300,B-000003306
4055,A-000003301,B-000003307
4056,A-000003302,B-000003308
4057,A-000003303,B-000003309
4058,A-000003304,B-000003310
4060,A-000003305,B-000003311
4061,A-000003306,B-000003312
4062,A-000003307,B-000003313
4063,A-000003308,B-000003314
4064,A-000003309,B-000003315
4065,A-000003310,B-000003316
4066,A-000003311,B-000003317
4067,A-000003312,B-000003318
4068,A-000003313,B-000003319
4069,A-000003314,B-000003320
4070,A-000003315,B-000003321
4071,A-000003316,B-000003322
4073,A-000003317,B-000003323
4075,A-000003318,B-000003324
4076,A-000003319,B-000003325
4077,A-000003320,B-000003326
4079,A-000003321,B-000003327
4081,A-000003322,B-000003328
4082,A-000003323,B-000003329
4083,A-000003324,B-000003330
4084,A-000003325,B-000003331
4085,A-000003326,B-000003332
4086,A-000003327,B-000003333
4088,A-000003328,B-000003334
4089,A-000003329,B-000003335
4090,A-000003330,B-000003336
4091,A-000003331,B-000003337
4092,A-000003332,B-000003338
4095,A-000003333,B-000003339
4097,A-000003334,B-000003340
4098,A-000003335,B-000003341
4099,A-000003336,B-000003342
4100,A-000003337,B-000003343
4101,A-000003338,B-000003344
4102,A-000003339,B-000003345
4103,A-000003340,B-000003346
4104,A-000003341,B-000003347
4105,A-000003342,B-000003348
4106,A-000003343,B-000003349
4107,A-000003344,B-000003350
4108,A-000003345,B-000003351
4109,A-000003346,B-000003352
4111,A-000003347,B-000003353
4112,A-000003348,B-000003354
4113,A-000003349,B-000003355
4114,A-000003350,B-000003356
4115,A-000003351,B-000003357
4116,A-000003352,B-000003358
4118,A-000003353,B-000003359
4119,A-000003354,B-000003360
4120,A-000003355,B-000003361
4121,A-000003356,B-000003362
4122,A-000003357,B-000003363
4123,A-000003358,B-000003364
4124,A-000003359,B-000003365
4126,A-000003360,B-000003366
4127,A-000003361,B-000003367
4128,A-000003362,B-000003368
4129,A-000003363,B-000003369
4130,A-000003364,B-000003370
4131,A-000003365,B-000003371
4132,A-000003366,B-000003372
4135,A-000003367,B-000003373
4136,A-000003368,B-000003374
4137,A-000003369,B-000003375
4138,A-000003370,B-000003376
4139,A-000003371,B-000003377
4140,A-000003372,B-000003378
4141,A-000003373,B-000003379
4142,A-000003374,B-000003380
4143,A-000003375,B-000003381
4144,A-000003376,B-000003382
4145,A-000003377,B-000003383
4147,A-000003378,B-000003384
4148,A-000003379,B-000003385
4149,A-000003380,B-000003386
4150,A-000003381,B-000003387
4151,A-000003382,B-000003388
4152,A-000003383,B-000003389
4153,A-000003384,B-000003390
4154,A-000003385,B-000003391
4155,A-000003386,B-000003392
4156,A-000003387,B-000003393
4157,A-000003388,B-000003394
4158,A-000003389,B-000003395
4159,A-000003390,B-000003396
4160,A-000003391,B-000003397
4162,A-000003392,B-000003398
4163,A-000003393,B-000003399
4164,A-000003394,B-000003400
4165,A-000003395,B-000003401
4166,A-000003396,B-000003402
4167,A-000003397,B-000003403
4168,A-000003398,B-000003404
4169,A-000003399,B-000003405
4170,A-000003400,B-000003406
4171,A-000003401,B-000003407
4172,A-000003402,B-000003408
4173,A-000003403,B-000003409
4174,A-000003404,B-000003410
4176,A-000003405,B-000003411
4177,A-000003406,B-000003412
4178,A-000003407,B-000003413
4180,A-000003408,B-000003414
4181,A-000003409,B-000003415
4182,A-000003410,B-000003416
4183,A-000003411,B-000003417
4184,A-000003412,B-000003418
4186,A-000003413,B-000003419
4187,A-000003414,B-000003420
4188,A-000003415,B-000003421
4189,A-000003416,B-000003422
4191,A-000003417,B-000003423
4192,A-000003418,B-000003424
4194,A-000003419,B-000003425
4195,A-000003420,B-000003426
4196,A-000003421,B-000003427
4197,A-000003422,B-000003428
4198,A-000003423,B-000003429
4199,A-000003424,B-000003430
4202,A-000003425,B-000003431
4203,A-000003426,B-000003432
4204,A-000003427,B-000003433
4205,A-000003428,B-000003434
4207,A-000003429,B-000003435
4209,A-000003430,B-000003436
4210,A-000003431,B-000003437
4211,A-000003432,B-000003438
4212,A-000003433,B-000003439
4213,A-000003434,B-000003440
4214,A-000003435,B-000003441
4215,A-000003436,B-000003442
4216,A-000003437,B-000003443
4217,A-000003438,B-000003444
4218,A-000003439,B-000003445
4219,A-000003440,B-000003446
4220,A-000003441,B-000003447
4221,A-000003442,B-000003448
4222,A-000003443,B-000003449
4224,A-000003444,B-000003450
4225,A-000003445,B-000003451
4228,A-000003446,B-000003452
4229,A-000003447,B-000003453
4230,A-000003448,B-000003454
4231,A-000003449,B-000003455
4232,A-000003450,B-000003456
4233,A-000003451,B-000003457
4234,A-000003452,B-000003458
4235,A-000003453,B-000003459
4237,A-000003454,B-000003460
4238,A-000003455,B-000003461
4239,A-000003456,B-000003462
4240,A-000003457,B-000003463
4241,A-000003458,B-000003464
4242,A-000003459,B-000003465
4243,A-000003460,B-000003466
4244,A-000003461,B-000003467
4245,A-000003462,B-000003468
4246,A-000003463,B-000003469
4247,A-000003464,B-000003470
4248,A-000003465,B-000003471
4250,A-000003466,B-000003472
4251,A-000003467,B-000003473
4252,A-000003468,B-000003474
4253,A-000003469,B-000003475
4254,A-000003470,B-000003476
4255,A-000003471,B-000003477
4256,A-000003472,B-000003478
4258,A-000003473,B-000003479
4259,A-000003474,B-000003480
4260,A-000003475,B-000003481
4261,A-000003476,B-000003482
4262,A-000003477,B-000003483
4263,A-000003478,B-000003484
4264,A-000003479,B-000003485
4265,A-000003480,B-000003486
4266,A-000003481,B-000003487
4268,A-000003482,B-000003488
4269,A-000003483,B-000003489
4270,A-000003484,B-000003490
4271,A-000003485,B-000003491
4272,A-000003486,B-000003492
4274,A-000003487,B-000003493
4275,A-000003488,B-000003494
4276,A-000003489,B-000003495
4277,A-000003490,B-000003496
4278,A-000003491,B-000003497
4279,A-000003492,B-000003498
4280,A-000003493,B-000003499
4281,A-000003494,B-000003500
4282,A-000003495,B-000003501
4283,A-000003496,B-000003502
4285,A-000003497,B-000003503
4286,A-000003498,B-000003504
4287,A-000003499,B-000003505
4288,A-000003500,B-000003506
4289,A-000003501,B-000003507
4290,A-000003502,B-000003508
4291,A-000003503,B-000003509
4293,A-000003504,B-000003510
4294,A-000003505,B-000003511
4295,A-000003506,B-000003512
4296,A-000003507,B-000003513
4297,A-000003508,B-000003514
4299,A-000003509,B-000003515
4300,A-000003510,B-000003516
4301,A-000003511,B-000003517
4302,A-000003512,B-000003518
4303,A-000003513,B-000003519
4304,A-000003514,B-000003520
4305,A-000003515,B-000003521
4306,A-000003516,B-000003522
4307,A-000003517,B-000003523
4308,A-000003518,B-000003524
4310,A-000003519,B-000003525
4311,A-000003520,B-000003526
4312,A-000003521,B-000003527
4313,A-000003522,B-000003528
4315,A-000003523,B-000003529
4316,A-000003524,B-000003530
4317,A-000003525,B-000003531
4318,A-000003526,B-000003532
4319,A-000003527,B-000003533
4320,A-000003528,B-000003534
4321,A-000003529,B-000003535
4324,A-000003530,B-000003536
4325,A-000003531,B-000003537
4326,A-000003532,B-000003538
4327,A-000003533,B-000003539
4328,A-000003534,B-000003540
4330,A-000003535,B-000003541
4331,A-000003536,B-000003542
4332,A-000003537,B-000003543
4335,A-000003538,B-000003544
4337,A-000003539,B-000003545
4339,A-000003540,B-000003546
4340,A-000003541,B-000003547
4341,A-000003542,B-000003548
4343,A-000003543,B-000003549
4344,A-000003544,B-000003550
4345,A-000003545,B-000003551
4346,A-000003546,B-000003552
4347,A-000003547,B-000003553
4348,A-000003548,B-000003554
4349,A-000003549,B-000003555
4350,A-000003550,B-000003556
4351,A-000003551,B-000003557
4353,A-000003552,B-000003558
4354,A-000003553,B-000003559
4355,A-000003554,B-000003560
4356,A-000003555,B-000003561
4357,A-000003556,B-000003562
4358,A-000003557,B-000003563
4359,A-000003558,B-000003564
4360,A-000003559,B-000003565
4361,A-000003560,B-000003566
4362,A-000003561,B-000003567
4363,A-000003562,B-000003568
4364,A-000003563,B-000003569
4365,A-000003564,B-000003570
4366,A-000003565,B-000003571
4367,A-000003566,B-000003572
4368,A-000003567,B-000003573
4369,A-000003568,B-000003574
4370,A-000003569,B-000003575
4371,A-000003570,B-000003576
4372,A-000003571,B-000003577
4375,A-000003572,B-000003578
4376,A-000003573,B-000003579
4377,A-000003574,B-000003580
4379,A-000003575,B-000003581
4380,A-000003576,B-000003582
4382,A-000003577,B-000003583
4383,A-000003578,B-000003584
4384,A-000003579,B-000003585
4386,A-000003580,B-000003586
4387,A-000003581,B-000003587
4389,A-000003582,B-000003588
4390,A-000003583,B-000003589
4391,A-000003584,B-000003590
4392,A-000003585,B-000003591
4393,A-000003586,B-000003592
4396,A-000003587,B-000003593
4397,A-000003588,B-000003594
4399,A-000003589,B-000003595
4400,A-000003590,B-000003596
4402,A-000003591,B-000003597
4403,A-000003592,B-000003598
4404,A-000003593,B-000003599
4405,A-000003594,B-000003600
4406,A-000003595,B-000003601
4407,A-000003596,B-000003602
4408,A-000003597,B-000003603
4409,A-000003598,B-000003604
4412,A-000003599,B-000003605
4413,A-000003600,B-000003606
4414,A-000003601,B-000003607
4415,A-000003602,B-000003608
4417,A-000003603,B-000003609
4418,A-000003604,B-000003610
4419,A-000003605,B-000003611
4420,A-000003606,B-000003612
4421,A-000003607,B-000003613
4422,A-000003608,B-000003614
4423,A-000003609,B-000003615
4424,A-000003610,B-000003616
4425,A-000003611,B-000003617
4426,A-000003612,B-000003618
4427,A-000003613,B-000003619
4428,A-000003614,B-000003620
4431,A-000003615,B-000003621
4432,A-000003616,B-000003622
4433,A-000003617,B-000003623
4434,A-000003618,B-000003624
4435,A-000003619,B-000003625
4436,A-000003620,B-000003626
4437,A-000003621,B-000003627
4438,A-000003622,B-000003628
4439,A-000003623,B-000003629
4440,A-000003624,B-000003630
4441,A-000003625,B-000003631
4442,A-000003626,B-000003632
4443,A-000003627,B-000003633
4444,A-000003628,B-000003634
4445,A-000003629,B-000003635
4446,A-000003630,B-000003636
4447,A-000003631,B-000003637
4451,A-000003632,B-000003638
4452,A-000003633,B-000003639
4453,A-000003634,B-000003640
4454,A-000003635,B-000003641
4456,A-000003636,B-000003642
4457,A-000003637,B-000003643
4459,A-000003638,B-000003644
4462,A-000003639,B-000003645
4463,A-000003640,B-000003646
4464,A-000003641,B-000003647
4465,A-000003642,B-000003648
4466,A-000003643,B-000003649
4467,A-000003644,B-000003650
4468,A-000003645,B-000003651
4470,A-000003646,B-000003652
4472,A-000003647,B-000003653
4473,A-000003648,B-000003654
4474,A-000003649,B-000003655
4475,A-000003650,B-000003656
4476,A-000003651,B-000003657
4477,A-000003652,B-000003658
4478,A-000003653,B-000003659
4479,A-000003654,B-000003660
4480,A-000003655,B-000003661
4481,A-000003656,B-000003662
4483,A-000003657,B-000003663
4484,A-000003658,B-000003664
4485,A-000003659,B-000003665
4487,A-000003660,B-000003666
4488,A-000003661,B-000003667
4489,A-000003662,B-000003668
4490,A-000003663,B-000003669
4491,A-000003664,B-000003670
4492,A-000003665,B-000003671
4493,A-000003666,B-000003672
4494,A-000003667,B-000003673
4495,A-000003668,B-000003674
4496,A-000003669,B-000003675
4497,A-000003670,B-000003676
4498,A-000003671,B-000003677
4499,A-000003672,B-000003678
4500,A-000003673,B-000003679
4501,A-000003674,B-000003680
4504,A-000003675,B-000003681
4506,A-000003676,B-000003682
4508,A-000003677,B-000003683
4509,A-000003678,B-000003684
4510,A-000003679,B-000003685
4511,A-000003680,B-000003686
4512,A-000003681,B-000003687
4513,A-000003682,B-000003688
4514,A-000003683,B-000003689
4515,A-000003684,B-000003690
4516,A-000003685,B-000003691
4517,A-000003686,B-000003692
4518,A-000003687,B-000003693
4521,A-000003688,B-000003694
4522,A-000003689,B-000003695
4523,A-000003690,B-000003696
4524,A-000003691,B-000003697
4525,A-000003692,B-000003698
4527,A-000003693,B-000003699
4528,A-000003694,B-000003700
4529,A-000003695,B-000003701
4530,A-000003696,B-000003702
4532,A-000003697,B-000003703
4533,A-000003698,B-000003704
4534,A-000003699,B-000003705
4535,A-000003700,B-000003706
4536,A-000003701,B-000003707
4537,A-000003702,B-000003708
4538,A-000003703,B-000003709
4539,A-000003704,B-000003710
4540,A-000003705,B-000003711
4541,A-000003706,B-000003712
4543,A-000003707,B-000003713
4544,A-000003708,B-000003714
4545,A-000003709,B-000003715
4546,A-000003710,B-000003716
4547,A-000003711,B-000003717
4548,A-000003712,B-000003718
4549,A-000003713,B-000003719
4551,A-000003714,B-000003720
4552,A-000003715,B-000003721
4553,A-000003716,B-000003722
4554,A-000003717,B-000003723
4555,A-000003718,B-000003724
4556,A-000003719,B-000003725
4557,A-000003720,B-000003726
4558,A-000003721,B-000003727
4559,A-000003722,B-000003728
4561,A-000003723,B-000003729
4562,A-000003724,B-000003730
4563,A-000003725,B-000003731
4567,A-000003726,B-000003732
4568,A-000003727,B-000003733
4569,A-000003728,B-000003734
4570,A-000003729,B-000003735
4571,A-000003730,B-000003736
4572,A-000003731,B-000003737
4573,A-000003732,B-000003738
4574,A-000003733,B-000003739
4576,A-000003734,B-000003740
4577,A-000003735,B-000003741
4578,A-000003736,B-000003742
4579,A-000003737,B-000003743
4580,A-000003738,B-000003744
4581,A-000003739,B-000003745
4582,A-000003740,B-000003746
4583,A-000003741,B-000003747
4585,A-000003742,B-000003748
4586,A-000003743,B-000003749
4587,A-000003744,B-000003750
4588,A-000003745,B-000003751
4589,A-000003746,B-000003752
4590,A-000003747,B-000003753
4591,A-000003748,B-000003754
4592,A-000003749,B-000003755
4593,A-000003750,B-000003756
4595,A-000003751,B-000003757
4596,A-000003752,B-000003758
4598,A-000003753,B-000003759
4599,A-000003754,B-000003760
4600,A-000003755,B-000003761
4602,A-000003756,B-000003762
4603,A-000003757,B-000003763
4604,A-000003758,B-000003764
4606,A-000003759,B-000003765
4607,A-000003760,B-000003766
4610,A-000003761,B-000003767
4611,A-000003762,B-000003768
4612,A-000003763,B-000003769
4613,A-000003764,B-000003770
4614,A-000003765,B-000003771
4615,A-000003766,B-000003772
4616,A-000003767,B-000003773
4617,A-000003768,B-000003774
4619,A-000003769,B-000003775
4620,A-000003770,B-000003776
4621,A-000003771,B-000003777
4623,A-000003772,B-000003778
4624,A-000003773,B-000003779
4625,A-000003774,B-000003780
4627,A-000003775,B-000003781
4628,A-000003776,B-000003782
4629,A-000003777,B-000003783
4630,A-000003778,B-000003784
4631,A-000003779,B-000003785
4632,A-000003780,B-000003786
4633,A-000003781,B-000003787
4634,A-000003782,B-000003788
4636,A-000003783,B-000003789
4637,A-000003784,B-000003790
4638,A-000003785,B-000003791
4639,A-000003786,B-000003792
4640,A-000003787,B-000003793
4641,A-000003788,B-000003794
4642,A-000003789,B-000003795
4643,A-000003790,B-000003796
4644,A-000003791,B-000003797
4646,A-000003792,B-000003798
4647,A-000003793,B-000003799
4648,A-000003794,B-000003800
4649,A-000003795,B-000003801
4651,A-000003796,B-000003802
4652,A-000003797,B-000003803
4653,A-000003798,B-000003804
4654,A-000003799,B-000003805
4655,A-000003800,B-000003806
4656,A-000003801,B-000003807
4657,A-000003802,B-000003808
4658,A-000003803,B-000003809
4659,A-000003804,B-000003810
4661,A-000003805,B-000003811
4662,A-000003806,B-000003812
4663,A-000003807,B-000003813
4664,A-000003808,B-000003814
4665,A-000003809,B-000003815
4666,A-000003810,B-000003816
4667,A-000003811,B-000003817
4668,A-000003812,B-000003818
4669,A-000003813,B-000003819
4670,A-000003814,B-000003820
4671,A-000003815,B-000003821
4672,A-000003816,B-000003822
4673,A-000003817,B-000003823
4674,A-000003818,B-000003824
4675,A-000003819,B-000003825
4676,A-000003820,B-000003826
4677,A-000003821,B-000003827
4678,A-000003822,B-000003828
4680,A-000003823,B-000003829
4681,A-000003824,B-000003830
4682,A-000003825,B-000003831
4683,A-000003826,B-000003832
4684,A-000003827,B-000003833
4685,A-000003828,B-000003834
4686,A-000003829,B-000003835
4687,A-000003830,B-000003836
4688,A-000003831,B-000003837
4689,A-000003832,B-000003838
4690,A-000003833,B-000003839
4691,A-000003834,B-000003840
4692,A-000003835,B-000003841
4693,A-000003836,B-000003842
4694,A-000003837,B-000003843
4696,A-000003838,B-000003844
4697,A-000003839,B-000003845
4698,A-000003840,B-000003846
4699,A-000003841,B-000003847
4700,A-000003842,B-000003848
4703,A-000003843,B-000003849
4704,A-000003844,B-000003850
4705,A-000003845,B-000003851
4706,A-000003846,B-000003852
4708,A-000003847,B-000003853
4710,A-000003848,B-000003854
4711,A-000003849,B-000003855
4713,A-000003850,B-000003856
4714,A-000003851,B-000003857
4715,A-000003852,B-000003858
4716,A-000003853,B-000003859
4718,A-000003854,B-000003860
4719,A-000003855,B-000003861
4721,A-000003856,B-000003862
4723,A-000003857,B-000003863
4724,A-000003858,B-000003864
4725,A-000003859,B-000003865
4726,A-000003860,B-000003866
4727,A-000003861,B-000003867
4728,A-000003862,B-000003868
4729,A-000003863,B-000003869
4730,A-000003864,B-000003870
4732,A-000003865,B-000003871
4733,A-000003866,B-000003872
4734,A-000003867,B-000003873
4735,A-000003868,B-000003874
4736,A-000003869,B-000003875
4738,A-000003870,B-000003876
4740,A-000003871,B-000003877
4741,A-000003872,B-000003878
4742,A-000003873,B-000003879
4743,A-000003874,B-000003880
4744,A-000003875,B-000003881
4745,A-000003876,B-000003882
4746,A-000003877,B-000003883
4747,A-000003878,B-000003884
4748,A-000003879,B-000003885
4749,A-000003880,B-000003886
4751,A-000003881,B-000003887
4752,A-000003882,B-000003888
4753,A-000003883,B-000003889
4754,A-000003884,B-000003890
4755,A-000003885,B-000003891
4756,A-000003886,B-000003892
4757,A-000003887,B-000003893
4758,A-000003888,B-000003894
4759,A-000003889,B-000003895
4760,A-000003890,B-000003896
4761,A-000003891,B-000003897
4762,A-000003892,B-000003898
4763,A-000003893,B-000003899
4764,A-000003894,B-000003900
4765,A-000003895,B-000003901
4766,A-000003896,B-000003902
4768,A-000003897,B-000003903
4769,A-000003898,B-000003904
4770,A-000003899,B-000003905
4771,A-000003900,B-000003906
4772,A-000003901,B-000003907
4773,A-000003902,B-000003908
4774,A-000003903,B-000003909
4775,A-000003904,B-000003910
4777,A-000003905,B-000003911
4780,A-000003906,B-000003912
4781,A-000003907,B-000003913
4783,A-000003908,B-000003914
4784,A-000003909,B-000003915
4785,A-000003910,B-000003916
4787,A-000003911,B-000003917
4789,A-000003912,B-000003918
4790,A-000003913,B-000003919
4792,A-000003914,B-000003920
4793,A-000003915,B-000003921
4794,A-000003916,B-000003922
4796,A-000003917,B-000003923
4798,A-000003918,B-000003924
4799,A-000003919,B-000003925
4800,A-000003920,B-000003926
4801,A-000003921,B-000003927
4802,A-000003922,B-000003928
4804,A-000003923,B-000003929
4805,A-000003924,B-000003930
4807,A-000003925,B-000003931
4808,A-000003926,B-000003932
4809,A-000003927,B-000003933
4810,A-000003928,B-000003934
4811,A-000003929,B-000003935
4812,A-000003930,B-000003936
4813,A-000003931,B-000003937
4814,A-000003932,B-000003938
4815,A-000003933,B-000003939
4816,A-000003934,B-000003940
4817,A-000003935,B-000003941
4818,A-000003936,B-000003942
4819,A-000003937,B-000003943
4820,A-000003938,B-000003944
4821,A-000003939,B-000003945
4822,A-000003940,B-000003946
4823,A-000003941,B-000003947
4824,A-000003942,B-000003948
4825,A-000003943,B-000003949
4826,A-000003944,B-000003950
4827,A-000003945,B-000003951
4828,A-000003946,B-000003952
4830,A-000003947,B-000003953
4831,A-000003948,B-000003954
4832,A-000003949,B-000003955
4833,A-000003950,B-000003956
4834,A-000003951,B-000003957
4835,A-000003952,B-000003958
4836,A-000003953,B-000003959
4837,A-000003954,B-000003960
4838,A-000003955,B-000003961
4839,A-000003956,B-000003962
4840,A-000003957,B-000003963
4841,A-000003958,B-000003964
4843,A-000003959,B-000003965
4845,A-000003960,B-000003966
4846,A-000003961,B-000003967
4848,A-000003962,B-000003968
4849,A-000003963,B-000003969
4850,A-000003964,B-000003970
4851,A-000003965,B-000003971
4852,A-000003966,B-000003972
4853,A-000003967,B-000003973
4854,A-000003968,B-000003974
4856,A-000003969,B-000003975
4859,A-000003970,B-000003976
4860,A-000003971,B-000003977
4861,A-000003972,B-000003978
4862,A-000003973,B-000003979
4863,A-000003974,B-000003980
4864,A-000003975,B-000003981
4866,A-000003976,B-000003982
4867,A-000003977,B-000003983
4868,A-000003978,B-000003984
4869,A-000003979,B-000003985
4870,A-000003980,B-000003986
4871,A-000003981,B-000003987
4872,A-000003982,B-000003988
4873,A-000003983,B-000003989
4874,A-000003984,B-000003990
4875,A-000003985,B-000003991
4876,A-000003986,B-000003992
4877,A-000003987,B-000003993
4879,A-000003988,B-000003994
4880,A-000003989,B-000003995
4882,A-000003990,B-000003996
4883,A-000003991,B-000003997
4884,A-000003992,B-000003998
4885,A-000003993,B-000003999
4887,A-000003994,B-000004000
4890,A-000003995,B-000004001
4892,A-000003996,B-000004002
4893,A-000003997,B-000004003
4894,A-000003998,B-000004004
4895,A-000003999,B-000004005
4896,A-000004000,B-000004006
4897,A-000004001,B-000004007
4898,A-000004002,B-000004008
4899,A-000004003,B-000004009
4900,A-000004004,B-000004010
4901,A-000004005,B-000004011
4902,A-000004006,B-000004012
4903,A-000004007,B-000004013
4904,A-000004008,B-000004014
4905,A-000004009,B-000004015
4906,A-000004010,B-000004016
4907,A-000004011,B-000004017
4908,A-000004012,B-000004018
4910,A-000004013,B-000004019
4911,A-000004014,B-000004020
4912,A-000004015,B-000004021
4914,A-000004016,B-000004022
4915,A-000004017,B-000004023
4916,A-000004018,B-000004024
4917,A-000004019,B-000004025
4920,A-000004020,B-000004026
4921,A-000004021,B-000004027
4922,A-000004022,B-000004028
4925,A-000004023,B-000004029
4926,A-000004024,B-000004030
4927,A-000004025,B-000004031
4929,A-000004026,B-000004032
4930,A-000004027,B-000004033
4932,A-000004028,B-000004034
4933,A-000004029,B-000004035
4934,A-000004030,B-000004036
4935,A-000004031,B-000004037
4936,A-000004032,B-000004038
4937,A-000004033,B-000004039
4939,A-000004034,B-000004040
4940,A-000004035,B-000004041
4942,A-000004036,B-000004042
4943,A-000004037,B-000004043
4944,A-000004038,B-000004044
4946,A-000004039,B-000004045
4947,A-000004040,B-000004046
4948,A-000004041,B-000004047
4949,A-000004042,B-000004048
4950,A-000004043,B-000004049
4951,A-000004044,B-000004050
4952,A-000004045,B-000004051
4953,A-000004046,B-000004052
4954,A-000004047,B-000004053
4955,A-000004048,B-000004054
4956,A-000004049,B-000004055
4957,A-000004050,B-000004056
4958,A-000004051,B-000004057
4961,A-000004052,B-000004058
4962,A-000004053,B-000004059
4963,A-000004054,B-000004060
4964,A-000004055,B-000004061
4965,A-000004056,B-000004062
4968,A-000004057,B-000004063
4969,A-000004058,B-000004064
4970,A-000004059,B-000004065
4971,A-000004060,B-000004066
4973,A-000004061,B-000004067
4977,A-000004062,B-000004068
4979,A-000004063,B-000004069
4980,A-000004064,B-000004070
4981,A-000004065,B-000004071
4982,A-000004066,B-000004072
4983,A-000004067,B-000004073
4984,A-000004068,B-000004074
4985,A-000004069,B-000004075
4986,A-000004070,B-000004076
4987,A-000004071,B-000004077
4988,A-000004072,B-000004078
4989,A-000004073,B-000004079
4991,A-000004074,B-000004080
4993,A-000004075,B-000004081
4995,A-000004076,B-000004082
4996,A-000004077,B-000004083
4997,A-000004078,B-000004084
4999,A-000004079,B-000004085
5000,A-000004080,B-000004086
5001,A-000004081,B-000004087
5004,A-000004082,B-000004088
5005,A-000004083,B-000004089
5006,A-000004084,B-000004090
5007,A-000004085,B-000004091
5008,A-000004086,B-000004092
5009,A-000004087,B-000004093
5010,A-000004088,B-000004094
5011,A-000004089,B-000004095
5012,A-000004090,B-000004096
5013,A-000004091,B-000004097
5014,A-000004092,B-000004098
5015,A-000004093,B-000004099
5017,A-000004094,B-000004100
5018,A-000004095,B-000004101
5019,A-000004096,B-000004102
5020,A-000004097,B-000004103
5021,A-000004098,B-000004104
5022,A-000004099,B-000004105
5023,A-000004100,B-000004106
5024,A-000004101,B-000004107
5025,A-000004102,B-000004108
5027,A-000004103,B-000004109
5028,A-000004104,B-000004110
5029,A-000004105,B-000004111
5030,A-000004106,B-000004112
5031,A-000004107,B-000004113
5034,A-000004108,B-000004114
5036,A-000004109,B-000004115
5037,A-000004110,B-000004116
5038,A-000004111,B-000004117
5039,A-000004112,B-000004118
5040,A-000004113,B-000004119
5041,A-000004114,B-000004120
5042,A-000004115,B-000004121
5043,A-000004116,B-000004122
5046,A-000004117,B-000004123
5047,A-000004118,B-000004124
5048,A-000004119,B-000004125
5049,A-000004120,B-000004126
5050,A-000004121,B-000004127
5051,A-000004122,B-000004128
5052,A-000004123,B-000004129
5053,A-000004124,B-000004130
5054,A-000004125,B-000004131
5056,A-000004126,B-000004132
5057,A-000004127,B-000004133
5058,A-000004128,B-000004134
5059,A-000004129,B-000004135
5060,A-000004130,B-000004136
5061,A-000004131,B-000004137
5063,A-000004132,B-000004138
5064,A-000004133,B-000004139
5065,A-000004134,B-000004140
5066,A-000004135,B-000004141
5067,A-000004136,B-000004142
5068,A-000004137,B-000004143
5072,A-000004138,B-000004144
5073,A-000004139,B-000004145
5074,A-000004140,B-000004146
5075,A-000004141,B-000004147
5076,A-000004142,B-000004148
5078,A-000004143,B-000004149
5079,A-000004144,B-000004150
5080,A-000004145,B-000004151
5083,A-000004146,B-000004152
5084,A-000004147,B-000004153
5085,A-000004148,B-000004154
5086,A-000004149,B-000004155
5088,A-000004150,B-000004156
5089,A-000004151,B-000004157
5092,A-000004152,B-000004158
5093,A-000004153,B-000004159
5096,A-000004154,B-000004160
5097,A-000004155,B-000004161
5098,A-000004156,B-000004162
5099,A-000004157,B-000004163
5100,A-000004158,B-000004164
5101,A-000004159,B-000004165
5102,A-000004160,B-000004166
5103,A-000004161,B-000004167
5104,A-000004162,B-000004168
5105,A-000004163,B-000004169
5107,A-000004164,B-000004170
5108,A-000004165,B-000004171
5109,A-000004166,B-000004172
5110,A-000004167,B-000004173
5111,A-000004168,B-000004174
5112,A-000004169,B-000004175
5113,A-000004170,B-000004176
5114,A-000004171,B-000004177
5115,A-000004172,B-000004178
5116,A-000004173,B-000004179
5118,A-000004174,B-000004180
5119,A-000004175,B-000004181
5120,A-000004176,B-000004182
5121,A-000004177,B-000004183
5122,A-000004178,B-000004184
5123,A-000004179,B-000004185
5124,A-000004180,B-000004186
5125,A-000004181,B-000004187
5126,A-000004182,B-000004188
5127,A-000004183,B-000004189
5128,A-000004184,B-000004190
5129,A-000004185,B-000004191
5130,A-000004186,B-000004192
5131,A-000004187,B-000004193
5132,A-000004188,B-000004194
5135,A-000004189,B-000004195
5136,A-000004190,B-000004196
5137,A-000004191,B-000004197
5139,A-000004192,B-000004198
5140,A-000004193,B-000004199
5141,A-000004194,B-000004200
5142,A-000004195,B-000004201
5143,A-000004196,B-000004202
5144,A-000004197,B-000004203
5145,A-000004198,B-000004204
5146,A-000004199,B-000004205
5147,A-000004200,B-000004206
5148,A-000004201,B-000004207
5149,A-000004202,B-000004208
5152,A-000004203,B-000004209
5153,A-000004204,B-000004210
5155,A-000004205,B-000004211
5158,A-000004206,B-000004212
5159,A-000004207,B-000004213
5160,A-000004208,B-000004214
5161,A-000004209,B-000004215
5162,A-000004210,B-000004216
5163,A-000004211,B-000004217
5164,A-000004212,B-000004218
5165,A-000004213,B-000004219
5167,A-000004214,B-000004220
5169,A-000004215,B-000004221
5170,A-000004216,B-000004222
5171,A-000004217,B-000004223
5172,A-000004218,B-000004224
5173,A-000004219,B-000004225
5174,A-000004220,B-000004226
5175,A-000004221,B-000004227
5176,A-000004222,B-000004228
5177,A-000004223,B-000004229
5179,A-000004224,B-000004230
5180,A-000004225,B-000004231
5182,A-000004226,B-000004232
5183,A-000004227,B-000004233
5184,A-000004228,B-000004234
5185,A-000004229,B-000004235
5186,A-000004230,B-000004236
5187,A-000004231,B-000004237
5188,A-000004232,B-000004238
5189,A-000004233,B-000004239
5190,A-000004234,B-000004240
5191,A-000004235,B-000004241
5192,A-000004236,B-000004242
5194,A-000004237,B-000004243
5195,A-000004238,B-000004244
5196,A-000004239,B-000004245
5197,A-000004240,B-000004246
5198,A-000004241,B-000004247
5199,A-000004242,B-000004248
5200,A-000004243,B-000004249
5202,A-000004244,B-000004250
5203,A-000004245,B-000004251
5204,A-000004246,B-000004252
5205,A-000004247,B-000004253
5206,A-000004248,B-000004254
5207,A-000004249,B-000004255
5208,A-000004250,B-000004256
5209,A-000004251,B-000004257
5210,A-000004252,B-000004258
5211,A-000004253,B-000004259
5212,A-000004254,B-000004260
5213,A-000004255,B-000004261
5214,A-000004256,B-000004262
5216,A-000004257,B-000004263
5217,A-000004258,B-000004264
5218,A-000004259,B-000004265
5219,A-000004260,B-000004266
5221,A-000004261,B-000004267
5224,A-000004262,B-000004268
5225,A-000004263,B-000004269
5226,A-000004264,B-000004270
5227,A-000004265,B-000004271
5231,A-000004266,B-000004272
5232,A-000004267,B-000004273
5233,A-000004268,B-000004274
5235,A-000004269,B-000004275
5236,A-000004270,B-000004276
5237,A-000004271,B-000004277
5238,A-000004272,B-000004278
5239,A-000004273,B-000004279
5240,A-000004274,B-000004280
5241,A-000004275,B-000004281
5243,A-000004276,B-000004282
5244,A-000004277,B-000004283
5245,A-000004278,B-000004284
5246,A-000004279,B-000004285
5247,A-000004280,B-000004286
5248,A-000004281,B-000004287
5249,A-000004282,B-000004288
5250,A-000004283,B-000004289
5251,A-000004284,B-000004290
5253,A-000004285,B-000004291
5254,A-000004286,B-000004292
5255,A-000004287,B-000004293
5256,A-000004288,B-000004294
5257,A-000004289,B-000004295
5258,A-000004290,B-000004296
5260,A-000004291,B-000004297
5261,A-000004292,B-000004298
5262,A-000004293,B-000004299
5263,A-000004294,B-000004300
5264,A-000004295,B-000004301
5265,A-000004296,B-000004302
5266,A-000004297,B-000004303
5267,A-000004298,B-000004304
5268,A-000004299,B-000004305
5269,A-000004300,B-000004306
5270,A-000004301,B-000004307
5271,A-000004302,B-000004308
5272,A-000004303,B-000004309
5273,A-000004304,B-000004310
5275,A-000004305,B-000004311
5276,A-000004306,B-000004312
5277,A-000004307,B-000004313
5278,A-000004308,B-000004314
5279,A-000004309,B-000004315
5280,A-000004310,B-000004316
5281,A-000004311,B-000004317
5282,A-000004312,B-000004318
5283,A-000004313,B-000004319
5284,A-000004314,B-000004320
5286,A-000004315,B-000004321
5287,A-000004316,B-000004322
5288,A-000004317,B-000004323
5289,A-000004318,B-000004324
5291,A-000004319,B-000004325
5292,A-000004320,B-000004326
5293,A-000004321,B-000004327
5294,A-000004322,B-000004328
5295,A-000004323,B-000004329
5296,A-000004324,B-000004330
5297,A-000004325,B-000004331
5298,A-000004326,B-000004332
5299,A-000004327,B-000004333
5300,A-000004328,B-000004334
5301,A-000004329,B-000004335
5302,A-000004330,B-000004336
5304,A-000004331,B-000004337
5306,A-000004332,B-000004338
5307,A-000004333,B-000004339
5308,A-000004334,B-000004340
5309,A-000004335,B-000004341
5310,A-000004336,B-000004342
5311,A-000004337,B-000004343
5312,A-000004338,B-000004344
5314,A-000004339,B-000004345
5315,A-000004340,B-000004346
5317,A-000004341,B-000004347
5318,A-000004342,B-000004348
5319,A-000004343,B-000004349
5320,A-000004344,B-000004350
5321,A-000004345,B-000004351
5323,A-000004346,B-000004352
5324,A-000004347,B-000004353
5325,A-000004348,B-000004354
5326,A-000004349,B-000004355
5327,A-000004350,B-000004356
5328,A-000004351,B-000004357
5330,A-000004352,B-000004358
5332,A-000004353,B-000004359
5333,A-000004354,B-000004360
5334,A-000004355,B-000004361
5335,A-000004356,B-000004362
5336,A-000004357,B-000004363
5337,A-000004358,B-000004364
5338,A-000004359,B-000004365
5339,A-000004360,B-000004366
5340,A-000004361,B-000004367
5341,A-000004362,B-000004368
5343,A-000004363,B-000004369
5344,A-000004364,B-000004370
5345,A-000004365,B-000004371
5346,A-000004366,B-000004372
5347,A-000004367,B-000004373
5348,A-000004368,B-000004374
5349,A-000004369,B-000004375
5350,A-000004370,B-000004376
5351,A-000004371,B-000004377
5352,A-000004372,B-000004378
5353,A-000004373,B-000004379
5354,A-000004374,B-000004380
5355,A-000004375,B-000004381
5356,A-000004376,B-000004382
5357,A-000004377,B-000004383
5359,A-000004378,B-000004384
5360,A-000004379,B-000004385
5362,A-000004380,B-000004386
5363,A-000004381,B-000004387
5364,A-000004382,B-000004388
5365,A-000004383,B-000004389
5367,A-000004384,B-000004390
5368,A-000004385,B-000004391
5371,A-000004386,B-000004392
5372,A-000004387,B-000004393
5373,A-000004388,B-000004394
5374,A-000004389,B-000004395
5375,A-000004390,B-000004396
5376,A-000004391,B-000004397
5377,A-000004392,B-000004398
5378,A-000004393,B-000004399
5380,A-000004394,B-000004400
5381,A-000004395,B-000004401
5382,A-000004396,B-000004402
5383,A-000004397,B-000004403
5384,A-000004398,B-000004404
5385,A-000004399,B-000004405
5386,A-000004400,B-000004406
5387,A-000004401,B-000004407
5388,A-000004402,B-000004408
5389,A-000004403,B-000004409
5390,A-000004404,B-000004410
5391,A-000004405,B-000004411
5392,A-000004406,B-000004412
5393,A-000004407,B-000004413
5397,A-000004408,B-000004414
5398,A-000004409,B-000004415
5399,A-000004410,B-000004416
5400,A-000004411,B-000004417
5401,A-000004412,B-000004418
5403,A-000004413,B-000004419
5404,A-000004414,B-000004420
5405,A-000004415,B-000004421
5406,A-000004416,B-000004422
5408,A-000004417,B-000004423
5409,A-000004418,B-000004424
5410,A-000004419,B-000004425
5411,A-000004420,B-000004426
5412,A-000004421,B-000004427
5413,A-000004422,B-000004428
5414,A-000004423,B-000004429
5415,A-000004424,B-000004430
5416,A-000004425,B-000004431
5418,A-000004426,B-000004432
5419,A-000004427,B-000004433
5422,A-000004428,B-000004434
5423,A-000004429,B-000004435
5424,A-000004430,B-000004436
5426,A-000004431,B-000004437
5428,A-000004432,B-000004438
5429,A-000004433,B-000004439
5430,A-000004434,B-000004440
5431,A-000004435,B-000004441
5432,A-000004436,B-000004442
5434,A-000004437,B-000004443
5436,A-000004438,B-000004444
5437,A-000004439,B-000004445
5438,A-000004440,B-000004446
5439,A-000004441,B-000004447
5440,A-000004442,B-000004448
5441,A-000004443,B-000004449
5444,A-000004444,B-000004450
5445,A-000004445,B-000004451
5447,A-000004446,B-000004452
5448,A-000004447,B-000004453
5449,A-000004448,B-000004454
5451,A-000004449,B-000004455
5452,A-000004450,B-000004456
5453,A-000004451,B-000004457
5454,A-000004452,B-000004458
5455,A-000004453,B-000004459
5457,A-000004454,B-000004460
5459,A-000004455,B-000004461
5460,A-000004456,B-000004462
5462,A-000004457,B-000004463
5466,A-000004458,B-000004464
5468,A-000004459,B-000004465
5469,A-000004460,B-000004466
5470,A-000004461,B-000004467
5471,A-000004462,B-000004468
5472,A-000004463,B-000004469
5473,A-000004464,B-000004470
5475,A-000004465,B-000004471
5478,A-000004466,B-000004472
5479,A-000004467,B-000004473
5480,A-000004468,B-000004474
5481,A-000004469,B-000004475
5482,A-000004470,B-000004476
5484,A-000004471,B-000004477
5485,A-000004472,B-000004478
5486,A-000004473,B-000004479
5487,A-000004474,B-000004480
5489,A-000004475,B-000004481
5490,A-000004476,B-000004482
5492,A-000004477,B-000004483
5493,A-000004478,B-000004484
5494,A-000004479,B-000004485
5498,A-000004480,B-000004486
5499,A-000004481,B-000004487
5501,A-000004482,B-000004488
5502,A-000004483,B-000004489
5503,A-000004484,B-000004490
5504,A-000004485,B-000004491
5505,A-000004486,B-000004492
5506,A-000004487,B-000004493
5507,A-000004488,B-000004494
5508,A-000004489,B-000004495
5509,A-000004490,B-000004496
5510,A-000004491,B-000004497
5511,A-000004492,B-000004498
5512,A-000004493,B-000004499
5513,A-000004494,B-000004500
5515,A-000004495,B-000004501
5516,A-000004496,B-000004502
5517,A-000004497,B-000004503
5518,A-000004498,B-000004504
5519,A-000004499,B-000004505
5520,A-000004500,B-000004506
5521,A-000004501,B-000004507
5522,A-000004502,B-000004508
5523,A-000004503,B-000004509
5525,A-000004504,B-000004510
5526,A-000004505,B-000004511
5527,A-000004506,B-000004512
5529,A-000004507,B-000004513
5530,A-000004508,B-000004514
5531,A-000004509,B-000004515
5532,A-000004510,B-000004516
5533,A-000004511,B-000004517
5535,A-000004512,B-000004518
5536,A-000004513,B-000004519
5537,A-000004514,B-000004520
5538,A-000004515,B-000004521
5539,A-000004516,B-000004522
5540,A-000004517,B-000004523
5541,A-000004518,B-000004524
5542,A-000004519,B-000004525
5543,A-000004520,B-000004526
5544,A-000004521,B-000004527
5545,A-000004522,B-000004528
5546,A-000004523,B-000004529
5547,A-000004524,B-000004530
5548,A-000004525,B-000004531
5549,A-000004526,B-000004532
5550,A-000004527,B-000004533
5551,A-000004528,B-000004534
5552,A-000004529,B-000004535
5553,A-000004530,B-000004536
5554,A-000004531,B-000004537
5555,A-000004532,B-000004538
5556,A-000004533,B-000004539
5557,A-000004534,B-000004540
5558,A-000004535,B-000004541
5559,A-000004536,B-000004542
5560,A-000004537,B-000004543
5561,A-000004538,B-000004544
5562,A-000004539,B-000004545
5563,A-000004540,B-000004546
5565,A-000004541,B-000004547
5566,A-000004542,B-000004548
5567,A-000004543,B-000004549
5568,A-000004544,B-000004550
5569,A-000004545,B-000004551
5570,A-000004546,B-000004552
5571,A-000004547,B-000004553
5572,A-000004548,B-000004554
5575,A-000004549,B-000004555
5577,A-000004550,B-000004556
5580,A-000004551,B-000004557
5581,A-000004552,B-000004558
5582,A-000004553,B-000004559
5583,A-000004554,B-000004560
5585,A-000004555,B-000004561
5586,A-000004556,B-000004562
5587,A-000004557,B-000004563
5588,A-000004558,B-000004564
5589,A-000004559,B-000004565
5590,A-000004560,B-000004566
5591,A-000004561,B-000004567
5592,A-000004562,B-000004568
5593,A-000004563,B-000004569
5594,A-000004564,B-000004570
5595,A-000004565,B-000004571
5596,A-000004566,B-000004572
5597,A-000004567,B-000004573
5598,A-000004568,B-000004574
5599,A-000004569,B-000004575
5601,A-000004570,B-000004576
5603,A-000004571,B-000004577
5604,A-000004572,B-000004578
5605,A-000004573,B-000004579
5606,A-000004574,B-000004580
5607,A-000004575,B-000004581
5608,A-000004576,B-000004582
5609,A-000004577,B-000004583
5610,A-000004578,B-000004584
5611,A-000004579,B-000004585
5612,A-000004580,B-000004586
5614,A-000004581,B-000004587
5615,A-000004582,B-000004588
5616,A-000004583,B-000004589
5617,A-000004584,B-000004590
5618,A-000004585,B-000004591
5619,A-000004586,B-000004592
5621,A-000004587,B-000004593
5622,A-000004588,B-000004594
5624,A-000004589,B-000004595
5625,A-000004590,B-000004596
5626,A-000004591,B-000004597
5627,A-000004592,B-000004598
5628,A-000004593,B-000004599
5629,A-000004594,B-000004600
5630,A-000004595,B-000004601
5631,A-000004596,B-000004602
5633,A-000004597,B-000004603
5634,A-000004598,B-000004604
5635,A-000004599,B-000004605
5636,A-000004600,B-000004606
5637,A-000004601,B-000004607
5638,A-000004602,B-000004608
5639,A-000004603,B-000004609
5640,A-000004604,B-000004610
5641,A-000004605,B-000004611
5642,A-000004606,B-000004612
5643,A-000004607,B-000004613
5644,A-000004608,B-000004614
5645,A-000004609,B-000004615
5647,A-000004610,B-000004616
5648,A-000004611,B-000004617
5649,A-000004612,B-000004618
5650,A-000004613,B-000004619
5651,A-000004614,B-000004620
5652,A-000004615,B-000004621
5653,A-000004616,B-000004622
5654,A-000004617,B-000004623
5655,A-000004618,B-000004624
5656,A-000004619,B-000004625
5657,A-000004620,B-000004626
5658,A-000004621,B-000004627
5659,A-000004622,B-000004628
5660,A-000004623,B-000004629
5661,A-000004624,B-000004630
5662,A-000004625,B-000004631
5663,A-000004626,B-000004632
5664,A-000004627,B-000004633
5665,A-000004628,B-000004634
5666,A-000004629,B-000004635
5667,A-000004630,B-000004636
5668,A-000004631,B-000004637
5669,A-000004632,B-000004638
5670,A-000004633,B-000004639
5671,A-000004634,B-000004640
5672,A-000004635,B-000004641
5673,A-000004636,B-000004642
5674,A-000004637,B-000004643
5675,A-000004638,B-000004644
5677,A-000004639,B-000004645
5680,A-000004640,B-000004646
5681,A-000004641,B-000004647
5683,A-000004642,B-000004648
5684,A-000004643,B-000004649
5685,A-000004644,B-000004650
5686,A-000004645,B-000004651
5687,A-000004646,B-000004652
5689,A-000004647,B-000004653
5690,,B-000004654
5691,A-000004648,B-000004655
5692,A-000004649,B-000004656
5694,A-000004650,B-000004657
5696,A-000004651,B-000004658
5697,A-000004652,B-000004659
5699,A-000004653,B-000004660
5700,A-000004654,B-000004661
5701,A-000004655,B-000004662
5702,A-000004656,B-000004663
5703,A-000004657,B-000004664
5704,A-000004658,B-000004665
5707,A-000004659,B-000004666
5709,A-000004660,B-000004667
5711,A-000004661,B-000004668
5712,A-000004662,B-000004669
5713,A-000004663,B-000004670
5714,A-000004664,B-000004671
5715,A-000004665,B-000004672
5716,A-000004666,B-000004673
5717,A-000004667,B-000004674
5718,A-000004668,B-000004675
5719,A-000004669,B-000004676
5720,A-000004670,B-000004677
5723,A-000004671,B-000004678
5724,A-000004672,B-000004679
5725,A-000004673,B-000004680
5726,A-000004674,B-000004681
5728,A-000004675,B-000004682
5729,A-000004676,B-000004683
5730,A-000004677,B-000004684
5731,A-000004678,B-000004685
5733,A-000004679,B-000004686
5734,A-000004680,B-000004687
5735,A-000004681,B-000004688
5736,A-000004682,B-000004689
5738,A-000004683,B-000004690
5739,A-000004684,B-000004691
5740,A-000004685,B-000004692
5741,A-000004686,B-000004693
5742,A-000004687,B-000004694
5743,A-000004688,B-000004695
5744,A-000004689,B-000004696
5745,A-000004690,B-000004697
5746,A-000004691,B-000004698
5748,A-000004692,B-000004699
5749,A-000004693,B-000004700
5750,A-000004694,B-000004701
5754,A-000004695,B-000004702
5755,A-000004696,B-000004703
5757,A-000004697,B-000004704
5759,A-000004698,B-000004705
5760,A-000004699,B-000004706
5762,A-000004700,B-000004707
5763,A-000004701,B-000004708
5764,A-000004702,B-000004709
5765,A-000004703,B-000004710
5767,A-000004704,B-000004711
5769,A-000004705,B-000004712
5770,A-000004706,B-000004713
5771,A-000004707,B-000004714
5772,A-000004708,B-000004715
5773,A-000004709,B-000004716
5774,A-000004710,B-000004717
5775,A-000004711,B-000004718
5776,A-000004712,B-000004719
5777,A-000004713,B-000004720
5778,A-000004714,B-000004721
5781,A-000004715,B-000004722
5782,A-000004716,B-000004723
5784,A-000004717,B-000004724
5785,A-000004718,B-000004725
5786,A-000004719,B-000004726
5787,A-000004720,B-000004727
5788,A-000004721,B-000004728
5789,A-000004722,B-000004729
5791,A-000004723,B-000004730
5792,A-000004724,B-000004731
5793,A-000004725,B-000004732
5794,A-000004726,B-000004733
5795,A-000004727,B-000004734
5796,A-000004728,B-000004735
5797,A-000004729,B-000004736
5798,A-000004730,B-000004737
5799,A-000004731,B-000004738
5800,A-000004732,B-000004739
5801,A-000004733,B-000004740
5802,A-000004734,B-000004741
5804,A-000004735,B-000004742
5805,A-000004736,B-000004743
5806,A-000004737,B-000004744
5807,A-000004738,B-000004745
5809,A-000004739,B-000004746
5810,A-000004740,B-000004747
5811,A-000004741,B-000004748
5812,A-000004742,B-000004749
5813,A-000004743,B-000004750
5815,A-000004744,B-000004751
5816,A-000004745,B-000004752
5817,A-000004746,B-000004753
5818,A-000004747,B-000004754
5819,A-000004748,B-000004755
5820,A-000004749,B-000004756
5821,A-000004750,B-000004757
5824,A-000004751,B-000004758
5825,A-000004752,B-000004759
5826,A-000004753,B-000004760
5827,A-000004754,B-000004761
5829,A-000004755,B-000004762
5830,A-000004756,B-000004763
5833,A-000004757,B-000004764
5835,A-000004758,B-000004765
5837,A-000004759,B-000004766
5838,A-000004760,B-000004767
5839,A-000004761,B-000004768
5840,A-000004762,B-000004769
5844,A-000004763,B-000004770
5845,A-000004764,B-000004771
5846,A-000004765,B-000004772
5847,A-000004766,B-000004773
5848,A-000004767,B-000004774
5849,A-000004768,B-000004775
5850,A-000004769,B-000004776
5851,A-000004770,B-000004777
5852,A-000004771,B-000004778
5853,A-000004772,B-000004779
5854,A-000004773,B-000004780
5855,A-000004774,B-000004781
5856,A-000004775,B-000004782
5858,A-000004776,B-000004783
5859,A-000004777,B-000004784
5860,A-000004778,B-000004785
5862,A-000004779,B-000004786
5863,A-000004780,B-000004787
5864,A-000004781,B-000004788
5865,A-000004782,B-000004789
5866,A-000004783,B-000004790
5867,A-000004784,B-000004791
5868,A-000004785,B-000004792
5869,A-000004786,B-000004793
5870,A-000004787,B-000004794
5871,A-000004788,B-000004795
5873,A-000004789,B-000004796
5874,A-000004790,B-000004797
5875,A-000004791,B-000004798
5876,A-000004792,B-000004799
5877,A-000004793,B-000004800
5878,A-000004794,B-000004801
5879,A-000004795,B-000004802
5880,A-000004796,B-000004803
5881,A-000004797,B-000004804
5882,A-000004798,B-000004805
5883,A-000004799,B-000004806
5884,A-000004800,B-000004807
5885,A-000004801,B-000004808
5886,A-000004802,B-000004809
5888,A-000004803,B-000004810
5889,A-000004804,B-000004811
5891,A-000004805,B-000004812
5893,A-000004806,B-000004813
5894,A-000004807,B-000004814
5895,A-000004808,B-000004815
5896,A-000004809,B-000004816
5897,A-000004810,B-000004817
5898,A-000004811,B-000004818
5899,A-000004812,B-000004819
5900,A-000004813,B-000004820
5901,A-000004814,B-000004821
5902,A-000004815,B-000004822
5903,A-000004816,B-000004823
5904,A-000004817,B-000004824
5905,A-000004818,B-000004825
5906,A-000004819,B-000004826
5907,A-000004820,B-000004827
5908,A-000004821,B-000004828
5909,A-000004822,B-000004829
5910,A-000004823,B-000004830
5911,A-000004824,B-000004831
5913,A-000004825,B-000004832
5915,A-000004826,B-000004833
5917,A-000004827,B-000004834
5918,A-000004828,B-000004835
5919,A-000004829,B-000004836
5921,A-000004830,B-000004837
5922,A-000004831,B-000004838
5924,A-000004832,B-000004839
5925,A-000004833,B-000004840
5926,A-000004834,B-000004841
5927,A-000004835,B-000004842
5928,A-000004836,B-000004843
5929,A-000004837,B-000004844
5931,A-000004838,B-000004845
5932,A-000004839,B-000004846
5933,A-000004840,B-000004847
5934,A-000004841,B-000004848
5935,A-000004842,B-000004849
5936,A-000004843,B-000004850
5937,A-000004844,B-000004851
5938,A-000004845,B-000004852
5939,A-000004846,B-000004853
5940,A-000004847,B-000004854
5941,A-000004848,B-000004855
5944,A-000004849,B-000004856
5945,A-000004850,B-000004857
5946,A-000004851,B-000004858
5947,A-000004852,B-000004859
5948,A-000004853,B-000004860
5949,A-000004854,B-000004861
5950,A-000004855,B-000004862
5952,A-000004856,B-000004863
5953,A-000004857,B-000004864
5954,A-000004858,B-000004865
5957,A-000004859,B-000004866
5958,A-000004860,B-000004867
5960,A-000004861,B-000004868
5961,A-000004862,B-000004869
5962,A-000004863,B-000004870
5963,A-000004864,B-000004871
5965,A-000004865,B-000004872
5966,A-000004866,B-000004873
5967,A-000004867,B-000004874
5968,A-000004868,B-000004875
5969,A-000004869,B-000004876
5970,A-000004870,B-000004877
5971,A-000004871,B-000004878
5972,A-000004872,B-000004879
5973,A-000004873,B-000004880
5974,A-000004874,B-000004881
5975,A-000004875,B-000004882
5978,A-000004876,B-000004883
5979,A-000004877,B-000004884
5980,A-000004878,B-000004885
5981,A-000004879,B-000004886
5983,A-000004880,B-000004887
5984,A-000004881,B-000004888
5985,A-000004882,B-000004889
5986,A-000004883,B-000004890
5987,A-000004884,B-000004891
5989,A-000004885,B-000004892
5990,A-000004886,B-000004893
5991,A-000004887,B-000004894
5992,A-000004888,B-000004895
5993,A-000004889,B-000004896
5994,A-000004890,B-000004897
5996,A-000004891,B-000004898
5997,A-000004892,B-000004899
5998,A-000004893,B-000004900
5999,A-000004894,B-000004901
6001,A-000004895,B-000004902
6002,A-000004896,B-000004903
6003,A-000004897,B-000004904
6004,A-000004898,B-000004905
6005,A-000004899,B-000004906
6006,A-000004900,B-000004907
6007,A-000004901,B-000004908
6010,A-000004902,B-000004909
6013,A-000004903,B-000004910
6014,A-000004904,B-000004911
6015,A-000004905,B-000004912
6016,A-000004906,B-000004913
6017,A-000004907,B-000004914
6020,A-000004908,B-000004915
6021,A-000004909,B-000004916
6023,A-000004910,B-000004917
6024,A-000004911,B-000004918
6025,A-000004912,B-000004919
6026,A-000004913,B-000004920
6027,A-000004914,B-000004921
6028,A-000004915,B-000004922
6029,A-000004916,B-000004923
6030,A-000004917,B-000004924
6031,A-000004918,B-000004925
6032,A-000004919,B-000004926
6033,A-000004920,B-000004927
6035,A-000004921,B-000004928
6036,A-000004922,B-000004929
6037,A-000004923,B-000004930
6038,A-000004924,B-000004931
6040,A-000004925,B-000004932
6041,A-000004926,B-000004933
6042,A-000004927,B-000004934
6043,A-000004928,B-000004935
6044,A-000004929,B-000004936
6045,A-000004930,B-000004937
6046,A-000004931,B-000004938
6048,A-000004932,B-000004939
6051,A-000004933,B-000004940
6052,A-000004934,B-000004941
6053,A-000004935,B-000004942
6054,A-000004936,B-000004943
6055,A-000004937,B-000004944
6056,A-000004938,B-000004945
6057,A-000004939,B-000004946
6058,A-000004940,B-000004947
6059,A-000004941,B-000004948
6060,A-000004942,B-000004949
6062,A-000004943,B-000004950
6063,A-000004944,B-000004951
6065,A-000004945,B-000004952
6066,A-000004946,B-000004953
6067,A-000004947,B-000004954
6068,A-000004948,B-000004955
6069,A-000004949,B-000004956
6070,A-000004950,B-000004957
6072,A-000004951,B-000004958
6073,A-000004952,B-000004959
6075,A-000004953,B-000004960
6076,A-000004954,B-000004961
6077,A-000004955,B-000004962
6078,A-000004956,B-000004963
6079,A-000004957,B-000004964
6080,A-000004958,B-000004965
6081,A-000004959,B-000004966
6082,A-000004960,B-000004967
6084,A-000004961,B-000004968
6085,A-000004962,B-000004969
6087,A-000004963,B-000004970
6088,A-000004964,B-000004971
6089,A-000004965,B-000004972
6090,A-000004966,B-000004973
6091,A-000004967,B-000004974
6092,A-000004968,B-000004975
6093,A-000004969,B-000004976
6094,A-000004970,B-000004977
6095,A-000004971,B-000004978
6096,A-000004972,B-000004979
6099,A-000004973,B-000004980
6100,A-000004974,B-000004981
6101,A-000004975,B-000004982
6102,A-000004976,B-000004983
6103,A-000004977,B-000004984
6104,A-000004978,B-000004985
6105,A-000004979,B-000004986
6107,A-000004980,B-000004987
6108,A-000004981,B-000004988
6110,A-000004982,B-000004989
6111,A-000004983,B-000004990
6114,A-000004984,B-000004991
6115,A-000004985,B-000004992
6116,A-000004986,B-000004993
6117,A-000004987,B-000004994
6120,A-000004988,B-000004995
6121,A-000004989,B-000004996
6122,A-000004990,B-000004997
6123,A-000004991,B-000004998
6124,A-000004992,B-000004999
6126,A-000004993,B-000005000
6127,A-000004994,B-000005001
6128,A-000004995,B-000005002
6130,A-000004996,B-000005003
6132,A-000004997,B-000005004
6133,A-000004998,B-000005005
6134,A-000004999,B-000005006
6135,A-000005000,B-000005007
6136,A-000005001,B-000005008
6137,A-000005002,B-000005009
6139,A-000005003,B-000005010
6141,A-000005004,B-000005011
6142,A-000005005,B-000005012
6143,A-000005006,B-000005013
6144,A-000005007,B-000005014
6145,A-000005008,B-000005015
6146,A-000005009,B-000005016
6148,A-000005010,B-000005017
6149,A-000005011,B-000005018
6150,A-000005012,B-000005019
6151,A-000005013,B-000005020
6152,A-000005014,B-000005021
6153,A-000005015,B-000005022
6154,A-000005016,B-000005023
6155,A-000005017,B-000005024
6156,A-000005018,B-000005025
6157,A-000005019,B-000005026
6158,A-000005020,B-000005027
6159,A-000005021,B-000005028
6160,A-000005022,B-000005029
6161,A-000005023,B-000005030
6163,A-000005024,B-000005031
6164,A-000005025,B-000005032
6165,A-000005026,B-000005033
6166,A-000005027,B-000005034
6167,A-000005028,B-000005035
6168,A-000005029,B-000005036
6169,A-000005030,B-000005037
6170,A-000005031,B-000005038
6174,A-000005032,B-000005039
6175,A-000005033,B-000005040
6176,A-000005034,B-000005041
6177,A-000005035,B-000005042
6178,A-000005036,B-000005043
6179,A-000005037,B-000005044
6180,A-000005038,B-000005045
6181,A-000005039,B-000005046
6183,A-000005040,B-000005047
6184,A-000005041,B-000005048
6188,A-000005042,B-000005049
6189,A-000005043,B-000005050
6190,A-000005044,B-000005051
6191,A-000005045,B-000005052
6194,A-000005046,B-000005053
6195,A-000005047,B-000005054
6196,A-000005048,B-000005055
6197,A-000005049,B-000005056
6198,A-000005050,B-000005057
6199,A-000005051,B-000005058
6201,A-000005052,B-000005059
6202,A-000005053,B-000005060
6203,A-000005054,B-000005061
6204,A-000005055,B-000005062
6205,A-000005056,B-000005063
6207,A-000005057,B-000005064
6208,A-000005058,B-000005065
6209,A-000005059,B-000005066
6210,A-000005060,B-000005067
6211,A-000005061,B-000005068
6212,A-000005062,B-000005069
6213,A-000005063,B-000005070
6214,A-000005064,B-000005071
6215,A-000005065,B-000005072
6216,A-000005066,B-000005073
6217,A-000005067,B-000005074
6219,A-000005068,B-000005075
6221,A-000005069,B-000005076
6222,A-000005070,B-000005077
6223,A-000005071,B-000005078
6224,A-000005072,B-000005079
6225,A-000005073,B-000005080
6227,A-000005074,B-000005081
6229,A-000005075,B-000005082
6230,A-000005076,B-000005083
6231,A-000005077,B-000005084
6232,A-000005078,B-000005085
6233,A-000005079,B-000005086
6234,A-000005080,B-000005087
6235,A-000005081,B-000005088
6237,A-000005082,B-000005089
6238,A-000005083,B-000005090
6241,A-000005084,B-000005091
6242,A-000005085,B-000005092
6244,A-000005086,B-000005093
6245,A-000005087,B-000005094
6246,A-000005088,B-000005095
6248,A-000005089,B-000005096
6250,A-000005090,B-000005097
6251,A-000005091,B-000005098
6252,A-000005092,B-000005099
6253,A-000005093,B-000005100
6254,A-000005094,B-000005101
6255,A-000005095,B-000005102
6256,A-000005096,B-000005103
6257,A-000005097,B-000005104
6259,A-000005098,B-000005105
6261,A-000005099,B-000005106
6262,A-000005100,B-000005107
6263,A-000005101,B-000005108
6264,A-000005102,B-000005109
6265,A-000005103,B-000005110
6267,A-000005104,B-000005111
6268,A-000005105,B-000005112
6269,A-000005106,B-000005113
6270,A-000005107,B-000005114
6271,A-000005108,B-000005115
6272,A-000005109,B-000005116
6273,A-000005110,B-000005117
6274,A-000005111,B-000005118
6275,A-000005112,B-000005119
6276,A-000005113,B-000005120
6277,A-000005114,B-000005121
6279,A-000005115,B-000005122
6280,A-000005116,B-000005123
6282,A-000005117,B-000005124
6283,A-000005118,B-000005125
6284,A-000005119,B-000005126
6285,A-000005120,B-000005127
6286,A-000005121,B-000005128
6287,A-000005122,B-000005129
6288,A-000005123,B-000005130
6289,A-000005124,B-000005131
6290,A-000005125,B-000005132
6291,A-000005126,B-000005133
6292,A-000005127,B-000005134
6293,A-000005128,B-000005135
6294,A-000005129,B-000005136
6296,A-000005130,B-000005137
6297,A-000005131,B-000005138
6298,A-000005132,B-000005139
6299,A-000005133,B-000005140
6300,A-000005134,B-000005141
6303,A-000005135,B-000005142
6304,A-000005136,B-000005143
6305,A-000005137,B-000005144
6306,A-000005138,B-000005145
6308,A-000005139,B-000005146
6310,A-000005140,B-000005147
6311,A-000005141,B-000005148
6312,A-000005142,B-000005149
6313,A-000005143,B-000005150
6314,A-000005144,B-000005151
6315,A-000005145,B-000005152
6316,A-000005146,B-000005153
6317,A-000005147,B-000005154
6318,A-000005148,B-000005155
6319,A-000005149,B-000005156
6320,A-000005150,B-000005157
6321,A-000005151,B-000005158
6322,A-000005152,B-000005159
6323,A-000005153,B-000005160
6324,A-000005154,B-000005161
6325,A-000005155,B-000005162
6326,A-000005156,B-000005163
6327,A-000005157,B-000005164
6328,A-000005158,B-000005165
6329,A-000005159,B-000005166
6330,A-000005160,B-000005167
6331,A-000005161,B-000005168
6332,A-000005162,B-000005169
6333,A-000005163,B-000005170
6334,A-000005164,B-000005171
6335,A-000005165,B-000005172
6337,A-000005166,B-000005173
6338,A-000005167,B-000005174
6342,A-000005168,B-000005175
6343,A-000005169,B-000005176
6344,A-000005170,B-000005177
6345,A-000005171,B-000005178
6346,A-000005172,B-000005179
6348,A-000005173,B-000005180
6349,A-000005174,B-000005181
6350,A-000005175,B-000005182
6351,A-000005176,B-000005183
6352,A-000005177,B-000005184
6353,A-000005178,B-000005185
6354,A-000005179,B-000005186
6355,A-000005180,B-000005187
6356,A-000005181,B-000005188
6357,A-000005182,B-000005189
6358,A-000005183,B-000005190
6359,A-000005184,B-000005191
6360,A-000005185,B-000005192
6361,A-000005186,B-000005193
6362,A-000005187,B-000005194
6363,A-000005188,B-000005195
6365,A-000005189,B-000005196
6366,A-000005190,B-000005197
6367,A-000005191,B-000005198
6368,A-000005192,B-000005199
6369,A-000005193,B-000005200
6370,A-000005194,B-000005201
6371,A-000005195,B-000005202
6373,A-000005196,B-000005203
6374,A-000005197,B-000005204
6375,A-000005198,B-000005205
6376,A-000005199,B-000005206
6377,A-000005200,B-000005207
6378,A-000005201,B-000005208
6379,A-000005202,B-000005209
6381,A-000005203,B-000005210
6382,A-000005204,B-000005211
6384,A-000005205,B-000005212
6385,A-000005206,B-000005213
6386,A-000005207,B-000005214
6387,A-000005208,B-000005215
6388,A-000005209,B-000005216
6389,A-000005210,B-000005217
6390,A-000005211,B-000005218
6391,A-000005212,B-000005219
6392,A-000005213,B-000005220
6393,A-000005214,B-000005221
6394,A-000005215,B-000005222
6395,A-000005216,B-000005223
6396,A-000005217,B-000005224
6398,A-000005218,B-000005225
6402,A-000005219,B-000005226
6403,A-000005220,B-000005227
6404,A-000005221,B-000005228
6405,A-000005222,B-000005229
6406,A-000005223,B-000005230
6408,A-000005224,B-000005231
6409,A-000005225,B-000005232
6411,A-000005226,B-000005233
6412,A-000005227,B-000005234
6413,,B-000005235
6414,A-000005228,B-000005236
6415,A-000005229,B-000005237
6416,A-000005230,B-000005238
6417,A-000005231,B-000005239
6418,A-000005232,B-000005240
6419,A-000005233,B-000005241
6421,A-000005234,B-000005242
6423,A-000005235,B-000005243
6424,A-000005236,B-000005244
6425,A-000005237,B-000005245
6426,A-000005238,B-000005246
6428,A-000005239,B-000005247
6429,A-000005240,B-000005248
6430,A-000005241,B-000005249
6431,A-000005242,B-000005250
6432,A-000005243,B-000005251
6433,A-000005244,B-000005252
6436,A-000005245,B-000005253
6437,A-000005246,B-000005254
6438,A-000005247,B-000005255
6439,A-000005248,B-000005256
6441,A-000005249,B-000005257
6442,A-000005250,B-000005258
6443,A-000005251,B-000005259
6444,A-000005252,B-000005260
6445,A-000005253,B-000005261
6446,A-000005254,B-000005262
6447,A-000005255,B-000005263
6448,A-000005256,B-000005264
6450,A-000005257,B-000005265
6451,A-000005258,B-000005266
6452,A-000005259,B-000005267
6453,A-000005260,B-000005268
6454,A-000005261,B-000005269
6455,A-000005262,B-000005270
6456,A-000005263,B-000005271
6457,A-000005264,B-000005272
6458,A-000005265,B-000005273
6459,A-000005266,B-000005274
6460,A-000005267,B-000005275
6461,A-000005268,B-000005276
6462,A-000005269,B-000005277
6463,A-000005270,B-000005278
6464,A-000005271,B-000005279
6465,A-000005272,B-000005280
6466,A-000005273,B-000005281
6467,A-000005274,B-000005282
6468,A-000005275,B-000005283
6469,A-000005276,B-000005284
6470,A-000005277,B-000005285
6471,A-000005278,B-000005286
6472,A-000005279,B-000005287
6473,A-000005280,B-000005288
6474,A-000005281,B-000005289
6476,A-000005282,B-000005290
6477,A-000005283,B-000005291
6481,A-000005284,B-000005292
6482,A-000005285,B-000005293
6483,A-000005286,B-000005294
6484,A-000005287,B-000005295
6485,A-000005288,B-000005296
6486,A-000005289,B-000005297
6487,A-000005290,B-000005298
6488,A-000005291,B-000005299
6489,A-000005292,B-000005300
6490,A-000005293,B-000005301
6491,A-000005294,B-000005302
6492,A-000005295,B-000005303
6493,A-000005296,B-000005304
6494,A-000005297,B-000005305
6495,A-000005298,B-000005306
6496,A-000005299,B-000005307
6497,A-000005300,B-000005308
6498,A-000005301,B-000005309
6499,A-000005302,B-000005310
6500,A-000005303,B-000005311
6501,A-000005304,B-000005312
6503,A-000005305,B-000005313
6504,A-000005306,B-000005314
6505,A-000005307,B-000005315
6507,A-000005308,B-000005316
6509,A-000005309,B-000005317
6510,A-000005310,B-000005318
6511,A-000005311,B-000005319
6512,A-000005312,B-000005320
6513,A-000005313,B-000005321
6515,A-000005314,B-000005322
6516,A-000005315,B-000005323
6517,A-000005316,B-000005324
6518,A-000005317,B-000005325
6519,A-000005318,B-000005326
6520,A-000005319,B-000005327
6522,A-000005320,B-000005328
6523,A-000005321,B-000005329
6525,A-000005322,B-000005330
6526,A-000005323,B-000005331
6528,A-000005324,B-000005332
6530,A-000005325,B-000005333
6531,A-000005326,B-000005334
6532,A-000005327,B-000005335
6533,A-000005328,B-000005336
6536,A-000005329,B-000005337
6537,A-000005330,B-000005338
6538,A-000005331,B-000005339
6540,A-000005332,B-000005340
6541,A-000005333,B-000005341
6542,A-000005334,B-000005342
6543,A-000005335,B-000005343
6544,A-000005336,B-000005344
6545,A-000005337,B-000005345
6546,A-000005338,B-000005346
6547,A-000005339,B-000005347
6550,A-000005340,B-000005348
6551,A-000005341,B-000005349
6552,A-000005342,B-000005350
6554,A-000005343,B-000005351
6555,A-000005344,B-000005352
6557,A-000005345,B-000005353
6558,A-000005346,B-000005354
6559,A-000005347,B-000005355
6560,A-000005348,B-000005356
6561,A-000005349,B-000005357
6562,A-000005350,B-000005358
6563,A-000005351,B-000005359
6564,A-000005352,B-000005360
6565,A-000005353,B-000005361
6567,A-000005354,B-000005362
6568,A-000005355,B-000005363
6570,A-000005356,B-000005364
6571,A-000005357,B-000005365
6572,A-000005358,B-000005366
6573,A-000005359,B-000005367
6575,A-000005360,B-000005368
6576,A-000005361,B-000005369
6577,A-000005362,B-000005370
6578,A-000005363,B-000005371
6580,A-000005364,B-000005372
6581,A-000005365,B-000005373
6582,A-000005366,B-000005374
6584,A-000005367,B-000005375
6585,A-000005368,B-000005376
6586,A-000005369,B-000005377
6587,A-000005370,B-000005378
6588,A-000005371,B-000005379
6589,A-000005372,B-000005380
6591,A-000005373,B-000005381
6592,A-000005374,B-000005382
6593,A-000005375,B-000005383
6594,A-000005376,B-000005384
6595,A-000005377,B-000005385
6596,A-000005378,B-000005386
6597,A-000005379,B-000005387
6598,A-000005380,B-000005388
6599,A-000005381,B-000005389
6601,A-000005382,B-000005390
6602,A-000005383,B-000005391
6603,A-000005384,B-000005392
6604,A-000005385,B-000005393
6605,A-000005386,B-000005394
6606,A-000005387,B-000005395
6607,A-000005388,B-000005396
6608,A-000005389,B-000005397
6609,A-000005390,B-000005398
6611,A-000005391,B-000005399
6612,A-000005392,B-000005400
6613,A-000005393,B-000005401
6614,A-000005394,B-000005402
6615,A-000005395,B-000005403
6616,A-000005396,B-000005404
6617,A-000005397,B-000005405
6618,A-000005398,B-000005406
6619,A-000005399,B-000005407
6621,A-000005400,B-000005408
6622,A-000005401,B-000005409
6624,A-000005402,B-000005410
6627,A-000005403,B-000005411
6628,A-000005404,B-000005412
6629,A-000005405,B-000005413
6630,A-000005406,B-000005414
6631,A-000005407,B-000005415
6632,A-000005408,B-000005416
6633,A-000005409,B-000005417
6634,A-000005410,B-000005418
6635,A-000005411,B-000005419
6636,A-000005412,B-000005420
6637,A-000005413,B-000005421
6639,A-000005414,B-000005422
6640,A-000005415,B-000005423
6641,A-000005416,B-000005424
6643,A-000005417,B-000005425
6644,A-000005418,B-000005426
6645,A-000005419,B-000005427
6647,A-000005420,B-000005428
6648,A-000005421,B-000005429
6649,A-000005422,B-000005430
6651,A-000005423,B-000005431
6653,A-000005424,B-000005432
6654,A-000005425,B-000005433
6656,A-000005426,B-000005434
6657,A-000005427,B-000005435
6659,A-000005428,B-000005436
6660,A-000005429,B-000005437
6661,A-000005430,B-000005438
6662,A-000005431,B-000005439
6663,A-000005432,B-000005440
6664,A-000005433,B-000005441
6665,A-000005434,B-000005442
6667,A-000005435,B-000005443
6668,A-000005436,B-000005444
6669,A-000005437,B-000005445
6670,A-000005438,B-000005446
6671,A-000005439,B-000005447
6672,A-000005440,B-000005448
6673,A-000005441,B-000005449
6674,A-000005442,B-000005450
6675,A-000005443,B-000005451
6676,A-000005444,B-000005452
6677,A-000005445,B-000005453
6678,A-000005446,B-000005454
6680,A-000005447,B-000005455
6681,A-000005448,B-000005456
6682,A-000005449,B-000005457
6683,A-000005450,B-000005458
6684,A-000005451,B-000005459
6685,A-000005452,B-000005460
6688,A-000005453,B-000005461
6690,A-000005454,B-000005462
6691,A-000005455,B-000005463
6692,A-000005456,B-000005464
6693,A-000005457,B-000005465
6694,A-000005458,B-000005466
6695,A-000005459,B-000005467
6696,A-000005460,B-000005468
6697,A-000005461,B-000005469
6698,A-000005462,B-000005470
6699,A-000005463,B-000005471
6700,A-000005464,B-000005472
6701,A-000005465,B-000005473
6702,A-000005466,B-000005474
6704,A-000005467,B-000005475
6705,A-000005468,B-000005476
6706,A-000005469,B-000005477
6707,A-000005470,B-000005478
6708,A-000005471,B-000005479
6709,A-000005472,B-000005480
6710,A-000005473,B-000005481
6711,A-000005474,B-000005482
6712,A-000005475,B-000005483
6715,A-000005476,B-000005484
6716,A-000005477,B-000005485
6717,A-000005478,B-000005486
6718,A-000005479,B-000005487
6720,A-000005480,B-000005488
6721,A-000005481,B-000005489
6722,A-000005482,B-000005490
6723,A-000005483,B-000005491
6724,A-000005484,B-000005492
6726,A-000005485,B-000005493
6727,A-000005486,B-000005494
6729,A-000005487,B-000005495
6730,A-000005488,B-000005496
6731,A-000005489,B-000005497
6732,A-000005490,B-000005498
6737,A-000005491,B-000005499
6738,A-000005492,B-000005500
6740,A-000005493,B-000005501
6741,A-000005494,B-000005502
6742,A-000005495,B-000005503
6743,A-000005496,B-000005504
6745,A-000005497,B-000005505
6746,A-000005498,B-000005506
6747,A-000005499,B-000005507
6748,A-000005500,B-000005508
6749,A-000005501,B-000005509
6750,A-000005502,B-000005510
6753,A-000005503,B-000005511
6754,A-000005504,B-000005512
6755,A-000005505,B-000005513
6756,A-000005506,B-000005514
6757,A-000005507,B-000005515
6760,A-000005508,B-000005516
6761,A-000005509,B-000005517
6762,A-000005510,B-000005518
6763,A-000005511,B-000005519
6765,A-000005512,B-000005520
6766,A-000005513,B-000005521
6767,A-000005514,B-000005522
6769,A-000005515,B-000005523
6770,A-000005516,B-000005524
6771,A-000005517,B-000005525
6773,A-000005518,B-000005526
6774,A-000005519,B-000005527
6775,A-000005520,B-000005528
6776,A-000005521,B-000005529
6777,A-000005522,B-000005530
6778,A-000005523,B-000005531
6779,A-000005524,B-000005532
6780,A-000005525,B-000005533
6781,A-000005526,B-000005534
6782,A-000005527,B-000005535
6783,A-000005528,B-000005536
6784,A-000005529,B-000005537
6785,A-000005530,B-000005538
6786,A-000005531,B-000005539
6787,A-000005532,B-000005540
6788,A-000005533,B-000005541
6789,A-000005534,B-000005542
6791,A-000005535,B-000005543
6792,A-000005536,B-000005544
6793,A-000005537,B-000005545
6794,A-000005538,B-000005546
6795,A-000005539,B-000005547
6797,A-000005540,B-000005548
6798,A-000005541,B-000005549
6799,A-000005542,B-000005550
6800,A-000005543,B-000005551
6801,A-000005544,B-000005552
6802,A-000005545,B-000005553
6803,A-000005546,B-000005554
6804,A-000005547,B-000005555
6806,A-000005548,B-000005556
6807,A-000005549,B-000005557
6808,A-000005550,B-000005558
6809,A-000005551,B-000005559
6811,A-000005552,B-000005560
6812,A-000005553,B-000005561
6814,A-000005554,B-000005562
6815,A-000005555,B-000005563
6816,A-000005556,B-000005564
6817,A-000005557,B-000005565
6818,A-000005558,B-000005566
6819,A-000005559,B-000005567
6820,A-000005560,B-000005568
6822,A-000005561,B-000005569
6823,A-000005562,B-000005570
6824,A-000005563,B-000005571
6825,A-000005564,B-000005572
6826,A-000005565,B-000005573
6827,A-000005566,B-000005574
6828,A-000005567,B-000005575
6830,A-000005568,B-000005576
6831,A-000005569,B-000005577
6832,A-000005570,B-000005578
6833,A-000005571,B-000005579
6834,A-000005572,B-000005580
6835,A-000005573,B-000005581
6836,A-000005574,B-000005582
6837,A-000005575,B-000005583
6838,A-000005576,B-000005584
6839,A-000005577,B-000005585
6840,A-000005578,B-000005586
6841,A-000005579,B-000005587
6842,A-000005580,B-000005588
6844,A-000005581,B-000005589
6845,A-000005582,B-000005590
6846,A-000005583,B-000005591
6848,A-000005584,B-000005592
6849,A-000005585,B-000005593
6850,A-000005586,B-000005594
6852,A-000005587,B-000005595
6853,A-000005588,B-000005596
6854,A-000005589,B-000005597
6855,A-000005590,B-000005598
6856,A-000005591,B-000005599
6857,A-000005592,B-000005600
6858,A-000005593,B-000005601
6859,A-000005594,B-000005602
6862,A-000005595,B-000005603
6864,A-000005596,B-000005604
6865,A-000005597,B-000005605
6866,A-000005598,B-000005606
6867,A-000005599,B-000005607
6868,A-000005600,B-000005608
6869,A-000005601,B-000005609
6870,A-000005602,B-000005610
6871,A-000005603,B-000005611
6872,A-000005604,B-000005612
6873,A-000005605,B-000005613
6874,A-000005606,B-000005614
6875,A-000005607,B-000005615
6877,A-000005608,B-000005616
6878,A-000005609,B-000005617
6879,A-000005610,B-000005618
6880,A-000005611,B-000005619
6881,A-000005612,B-000005620
6882,A-000005613,B-000005621
6884,A-000005614,B-000005622
6885,A-000005615,B-000005623
6886,A-000005616,B-000005624
6887,A-000005617,B-000005625
6888,A-000005618,B-000005626
6889,A-000005619,B-000005627
6890,A-000005620,B-000005628
6891,A-000005621,B-000005629
6892,A-000005622,B-000005630
6893,A-000005623,B-000005631
6895,A-000005624,B-000005632
6896,A-000005625,B-000005633
6898,A-000005626,B-000005634
6899,A-000005627,B-000005635
6900,A-000005628,B-000005636
6901,A-000005629,B-000005637
6902,A-000005630,B-000005638
6903,A-000005631,B-000005639
6904,A-000005632,B-000005640
6905,A-000005633,B-000005641
6906,A-000005634,B-000005642
6907,A-000005635,B-000005643
6908,A-000005636,B-000005644
6910,A-000005637,B-000005645
6911,A-000005638,B-000005646
6912,A-000005639,B-000005647
6913,A-000005640,B-000005648
6914,A-000005641,B-000005649
6915,A-000005642,B-000005650
6916,A-000005643,B-000005651
6917,A-000005644,B-000005652
6919,A-000005645,B-000005653
6920,A-000005646,B-000005654
6921,A-000005647,B-000005655
6923,A-000005648,B-000005656
6924,A-000005649,B-000005657
6926,A-000005650,B-000005658
6927,A-000005651,B-000005659
6929,A-000005652,B-000005660
6931,A-000005653,B-000005661
6932,A-000005654,B-000005662
6933,A-000005655,B-000005663
6934,A-000005656,B-000005664
6935,A-000005657,B-000005665
6937,A-000005658,B-000005666
6938,A-000005659,B-000005667
6939,A-000005660,B-000005668
6940,A-000005661,B-000005669
6941,A-000005662,B-000005670
6944,A-000005663,B-000005671
6945,A-000005664,B-000005672
6946,A-000005665,B-000005673
6948,A-000005666,B-000005674
6949,A-000005667,B-000005675
6953,A-000005668,B-000005676
6954,A-000005669,B-000005677
6955,A-000005670,B-000005678
6957,A-000005671,B-000005679
6958,A-000005672,B-000005680
6959,A-000005673,B-000005681
6960,A-000005674,B-000005682
6961,A-000005675,B-000005683
6962,A-000005676,B-000005684
6964,A-000005677,B-000005685
6965,A-000005678,B-000005686
6966,A-000005679,B-000005687
6967,A-000005680,B-000005688
6968,A-000005681,B-000005689
6969,A-000005682,B-000005690
6970,A-000005683,B-000005691
6971,A-000005684,B-000005692
6972,A-000005685,B-000005693
6973,A-000005686,B-000005694
6975,A-000005687,B-000005695
6976,A-000005688,B-000005696
6977,A-000005689,B-000005697
6978,A-000005690,B-000005698
6980,A-000005691,B-000005699
6981,A-000005692,B-000005700
6982,A-000005693,B-000005701
6983,A-000005694,B-000005702
6984,A-000005695,B-000005703
6985,A-000005696,B-000005704
6986,A-000005697,B-000005705
6988,A-000005698,B-000005706
6990,A-000005699,B-000005707
6991,A-000005700,B-000005708
6992,A-000005701,B-000005709
6993,A-000005702,B-000005710
6994,A-000005703,B-000005711
6995,A-000005704,B-000005712
6996,A-000005705,B-000005713
6997,A-000005706,B-000005714
6998,A-000005707,B-000005715
6999,A-000005708,B-000005716
7000,A-000005709,B-000005717
7001,A-000005710,B-000005718
7004,A-000005711,B-000005719
7005,A-000005712,B-000005720
7006,A-000005713,B-000005721
7007,A-000005714,B-000005722
7009,A-000005715,B-000005723
7010,A-000005716,B-000005724
7011,A-000005717,B-000005725
7012,A-000005718,B-000005726
7013,A-000005719,B-000005727
7017,A-000005720,B-000005728
7018,A-000005721,B-000005729
7019,A-000005722,B-000005730
7020,A-000005723,B-000005731
7021,A-000005724,B-000005732
7022,A-000005725,B-000005733
7024,A-000005726,B-000005734
7025,A-000005727,B-000005735
7027,A-000005728,B-000005736
7030,A-000005729,B-000005737
7031,A-000005730,B-000005738
7032,A-000005731,B-000005739
7035,A-000005732,B-000005740
7036,A-000005733,B-000005741
7037,A-000005734,B-000005742
7038,A-000005735,B-000005743
7039,A-000005736,B-000005744
7040,A-000005737,B-000005745
7041,A-000005738,B-000005746
7042,A-000005739,B-000005747
7045,A-000005740,B-000005748
7046,A-000005741,B-000005749
7047,A-000005742,B-000005750
7048,A-000005743,B-000005751
7049,A-000005744,B-000005752
7050,A-000005745,B-000005753
7051,A-000005746,B-000005754
7052,A-000005747,B-000005755
7053,A-000005748,B-000005756
7054,A-000005749,B-000005757
7055,A-000005750,B-000005758
7056,A-000005751,B-000005759
7057,A-000005752,B-000005760
7058,A-000005753,B-000005761
7059,A-000005754,B-000005762
7060,A-000005755,B-000005763
7061,A-000005756,B-000005764
7062,A-000005757,B-000005765
7063,A-000005758,B-000005766
7064,A-000005759,B-000005767
7065,A-000005760,B-000005768
7067,A-000005761,B-000005769
7068,A-000005762,B-000005770
7069,A-000005763,B-000005771
7071,A-000005764,B-000005772
7072,A-000005765,B-000005773
7073,A-000005766,B-000005774
7074,A-000005767,B-000005775
7075,A-000005768,B-000005776
7076,A-000005769,B-000005777
7077,A-000005770,B-000005778
7080,A-000005771,B-000005779
7081,A-000005772,B-000005780
7083,A-000005773,B-000005781
7084,A-000005774,B-000005782
7085,A-000005775,B-000005783
7086,A-000005776,B-000005784
7087,A-000005777,B-000005785
7088,A-000005778,B-000005786
7089,A-000005779,B-000005787
7090,A-000005780,B-000005788
7092,A-000005781,B-000005789
7093,A-000005782,B-000005790
7094,A-000005783,B-000005791
7095,A-000005784,B-000005792
7096,A-000005785,B-000005793
7097,A-000005786,B-000005794
7098,A-000005787,B-000005795
7100,A-000005788,B-000005796
7101,A-000005789,B-000005797
7102,A-000005790,B-000005798
7103,A-000005791,B-000005799
7104,A-000005792,B-000005800
7105,A-000005793,B-000005801
7106,A-000005794,B-000005802
7107,A-000005795,B-000005803
7108,A-000005796,B-000005804
7109,A-000005797,B-000005805
7110,A-000005798,B-000005806
7111,A-000005799,B-000005807
7112,A-000005800,B-000005808
7113,A-000005801,B-000005809
7114,A-000005802,B-000005810
7115,A-000005803,B-000005811
7116,A-000005804,B-000005812
7118,A-000005805,B-000005813
7119,A-000005806,B-000005814
7120,A-000005807,B-000005815
7121,A-000005808,B-000005816
7122,A-000005809,B-000005817
7123,A-000005810,B-000005818
7124,A-000005811,B-000005819
7127,A-000005812,B-000005820
7128,A-000005813,B-000005821
7129,A-000005814,B-000005822
7130,A-000005815,B-000005823
7131,A-000005816,B-000005824
7132,A-000005817,B-000005825
7133,A-000005818,B-000005826
7134,A-000005819,B-000005827
7135,A-000005820,B-000005828
7137,A-000005821,B-000005829
7138,A-000005822,B-000005830
7139,A-000005823,B-000005831
7140,A-000005824,B-000005832
7141,A-000005825,B-000005833
7143,A-000005826,B-000005834
7144,A-000005827,B-000005835
7145,A-000005828,B-000005836
7146,A-000005829,B-000005837
7147,A-000005830,B-000005838
7148,A-000005831,B-000005839
7149,A-000005832,B-000005840
7150,A-000005833,B-000005841
7152,A-000005834,B-000005842
7153,A-000005835,B-000005843
7154,A-000005836,B-000005844
7155,A-000005837,B-000005845
7156,A-000005838,B-000005846
7157,A-000005839,B-000005847
7158,A-000005840,B-000005848
7160,A-000005841,B-000005849
7161,A-000005842,B-000005850
7163,A-000005843,B-000005851
7165,A-000005844,B-000005852
7166,A-000005845,B-000005853
7167,A-000005846,B-000005854
7169,A-000005847,B-000005855
7170,A-000005848,B-000005856
7171,A-000005849,B-000005857
7172,A-000005850,B-000005858
7173,A-000005851,B-000005859
7174,A-000005852,B-000005860
7175,A-000005853,B-000005861
7177,A-000005854,B-000005862
7178,A-000005855,B-000005863
7180,A-000005856,B-000005864
7181,A-000005857,B-000005865
7182,A-000005858,B-000005866
7183,A-000005859,B-000005867
7185,A-000005860,B-000005868
7186,A-000005861,B-000005869
7187,A-000005862,B-000005870
7188,A-000005863,B-000005871
7190,A-000005864,B-000005872
7191,A-000005865,B-000005873
7193,A-000005866,B-000005874
7194,A-000005867,B-000005875
7195,A-000005868,B-000005876
7196,A-000005869,B-000005877
7197,A-000005870,B-000005878
7198,A-000005871,B-000005879
7199,A-000005872,B-000005880
7200,A-000005873,B-000005881
7201,A-000005874,B-000005882
7202,A-000005875,B-000005883
7203,A-000005876,B-000005884
7204,A-000005877,B-000005885
7205,A-000005878,B-000005886
7206,A-000005879,B-000005887
7207,A-000005880,B-000005888
7208,A-000005881,B-000005889
7209,A-000005882,B-000005890
7210,A-000005883,B-000005891
7211,A-000005884,B-000005892
7212,A-000005885,B-000005893
7213,A-000005886,B-000005894
7214,A-000005887,B-000005895
7215,A-000005888,B-000005896
7217,A-000005889,B-000005897
7218,A-000005890,B-000005898
7219,A-000005891,B-000005899
7220,A-000005892,B-000005900
7221,A-000005893,B-000005901
7223,A-000005894,B-000005902
7224,A-000005895,B-000005903
7226,A-000005896,B-000005904
7227,A-000005897,B-000005905
7228,A-000005898,B-000005906
7229,A-000005899,B-000005907
7231,A-000005900,B-000005908
7232,A-000005901,B-000005909
7233,A-000005902,B-000005910
7234,A-000005903,B-000005911
7235,A-000005904,B-000005912
7236,A-000005905,B-000005913
7237,A-000005906,B-000005914
7238,A-000005907,B-000005915
7240,A-000005908,B-000005916
7241,A-000005909,B-000005917
7242,A-000005910,B-000005918
7243,A-000005911,B-000005919
7247,A-000005912,B-000005920
7248,A-000005913,B-000005921
7249,A-000005914,B-000005922
7250,A-000005915,B-000005923
7251,A-000005916,B-000005924
7252,A-000005917,B-000005925
7253,A-000005918,B-000005926
7254,A-000005919,B-000005927
7256,A-000005920,B-000005928
7257,A-000005921,B-000005929
7259,A-000005922,B-000005930
7260,A-000005923,B-000005931
7261,A-000005924,B-000005932
7262,A-000005925,B-000005933
7263,A-000005926,B-000005934
7265,A-000005927,B-000005935
7266,A-000005928,B-000005936
7268,A-000005929,B-000005937
7269,A-000005930,B-000005938
7270,A-000005931,B-000005939
7272,A-000005932,B-000005940
7273,A-000005933,B-000005941
7276,A-000005934,B-000005942
7277,A-000005935,B-000005943
7278,A-000005936,B-000005944
7280,A-000005937,B-000005945
7281,A-000005938,B-000005946
7282,A-000005939,B-000005947
7283,A-000005940,B-000005948
7285,A-000005941,B-000005949
7286,A-000005942,B-000005950
7287,A-000005943,B-000005951
7289,A-000005944,B-000005952
7290,A-000005945,B-000005953
7291,A-000005946,B-000005954
7292,A-000005947,B-000005955
7295,A-000005948,B-000005956
7296,A-000005949,B-000005957
7297,A-000005950,B-000005958
7298,A-000005951,B-000005959
7300,A-000005952,B-000005960
7302,A-000005953,B-000005961
7303,A-000005954,B-000005962
7304,A-000005955,B-000005963
7305,A-000005956,B-000005964
7307,A-000005957,B-000005965
7310,A-000005958,B-000005966
7312,A-000005959,B-000005967
7313,A-000005960,B-000005968
7314,A-000005961,B-000005969
7315,A-000005962,B-000005970
7316,A-000005963,B-000005971
7317,A-000005964,B-000005972
7318,A-000005965,B-000005973
7319,A-000005966,B-000005974
7321,A-000005967,B-000005975
7322,A-000005968,B-000005976
7323,A-000005969,B-000005977
7324,A-000005970,B-000005978
7325,A-000005971,B-000005979
7326,A-000005972,B-000005980
7327,A-000005973,B-000005981
7328,A-000005974,B-000005982
7329,A-000005975,B-000005983
7330,A-000005976,B-000005984
7331,A-000005977,B-000005985
7332,A-000005978,B-000005986
7333,A-000005979,B-000005987
7334,A-000005980,B-000005988
7335,A-000005981,B-000005989
7336,A-000005982,B-000005990
7337,A-000005983,B-000005991
7339,A-000005984,B-000005992
7342,A-000005985,B-000005993
7343,A-000005986,B-000005994
7345,A-000005987,B-000005995
7346,A-000005988,B-000005996
7347,A-000005989,B-000005997
7348,A-000005990,B-000005998
7349,A-000005991,B-000005999
7350,A-000005992,B-000006000
7351,A-000005993,B-000006001
7352,A-000005994,B-000006002
7354,A-000005995,B-000006003
7355,A-000005996,B-000006004
7356,A-000005997,B-000006005
7357,A-000005998,B-000006006
7358,A-000005999,B-000006007
7359,A-000006000,B-000006008
7360,A-000006001,B-000006009
7361,A-000006002,B-000006010
7362,A-000006003,B-000006011
7363,A-000006004,B-000006012
7365,A-000006005,B-000006013
7366,A-000006006,B-000006014
7367,A-000006007,B-000006015
7368,A-000006008,B-000006016
7369,A-000006009,B-000006017
7371,A-000006010,B-000006018
7372,A-000006011,B-000006019
7373,A-000006012,B-000006020
7374,A-000006013,B-000006021
7375,A-000006014,B-000006022
7376,A-000006015,B-000006023
7377,A-000006016,B-000006024
7378,A-000006017,B-000006025
7379,A-000006018,B-000006026
7380,A-000006019,B-000006027
7381,A-000006020,B-000006028
7382,A-000006021,B-000006029
7383,A-000006022,B-000006030
7384,A-000006023,B-000006031
7386,A-000006024,B-000006032
7387,A-000006025,B-000006033
7389,A-000006026,B-000006034
7390,A-000006027,B-000006035
7391,A-000006028,B-000006036
7392,A-000006029,B-000006037
7393,A-000006030,B-000006038
7394,A-000006031,B-000006039
7395,A-000006032,B-000006040
7396,A-000006033,B-000006041
7397,A-000006034,B-000006042
7401,A-000006035,B-000006043
7402,A-000006036,B-000006044
7403,A-000006037,B-000006045
7404,A-000006038,B-000006046
7405,A-000006039,B-000006047
7406,A-000006040,B-000006048
7407,A-000006041,B-000006049
7408,A-000006042,B-000006050
7412,A-000006043,B-000006051
7414,A-000006044,B-000006052
7416,A-000006045,B-000006053
7417,A-000006046,B-000006054
7418,A-000006047,B-000006055
7419,A-000006048,B-000006056
7420,A-000006049,B-000006057
7421,A-000006050,B-000006058
7422,A-000006051,B-000006059
7423,A-000006052,B-000006060
7424,A-000006053,B-000006061
7425,A-000006054,B-000006062
7426,A-000006055,B-000006063
7427,A-000006056,B-000006064
7428,A-000006057,B-000006065
7429,A-000006058,B-000006066
7430,A-000006059,B-000006067
7432,A-000006060,B-000006068
7433,A-000006061,B-000006069
7434,A-000006062,B-000006070
7436,A-000006063,B-000006071
7437,A-000006064,B-000006072
7438,A-000006065,B-000006073
7439,A-000006066,B-000006074
7440,A-000006067,B-000006075
7441,A-000006068,B-000006076
7442,A-000006069,B-000006077
7443,A-000006070,B-000006078
7444,A-000006071,B-000006079
7445,A-000006072,B-000006080
7446,A-000006073,B-000006081
7447,A-000006074,B-000006082
7449,A-000006075,B-000006083
7451,A-000006076,B-000006084
7452,A-000006077,B-000006085
7453,A-000006078,B-000006086
7454,A-000006079,B-000006087
7455,A-000006080,B-000006088
7456,A-000006081,B-000006089
7457,A-000006082,B-000006090
7458,A-000006083,B-000006091
7459,A-000006084,B-000006092
7460,A-000006085,B-000006093
7461,A-000006086,B-000006094
7464,A-000006087,B-000006095
7465,A-000006088,B-000006096
7466,A-000006089,B-000006097
7467,A-000006090,B-000006098
7469,A-000006091,B-000006099
7470,A-000006092,B-000006100
7471,A-000006093,B-000006101
7472,A-000006094,B-000006102
7474,A-000006095,B-000006103
7475,A-000006096,B-000006104
7478,A-000006097,B-000006105
7479,A-000006098,B-000006106
7480,A-000006099,B-000006107
7481,A-000006100,B-000006108
7482,A-000006101,B-000006109
7483,A-000006102,B-000006110
7484,A-000006103,B-000006111
7485,A-000006104,B-000006112
7486,A-000006105,B-000006113
7487,A-000006106,B-000006114
7488,A-000006107,B-000006115
7489,A-000006108,B-000006116
7490,A-000006109,B-000006117
7491,A-000006110,B-000006118
7492,A-000006111,B-000006119
7493,A-000006112,B-000006120
7494,A-000006113,B-000006121
7495,A-000006114,B-000006122
7496,A-000006115,B-000006123
7497,A-000006116,B-000006124
7498,A-000006117,B-000006125
7499,A-000006118,B-000006126
7500,A-000006119,B-000006127
7502,A-000006120,B-000006128
7503,A-000006121,B-000006129
7504,A-000006122,B-000006130
7505,A-000006123,B-000006131
7506,A-000006124,B-000006132
7507,A-000006125,B-000006133
7508,A-000006126,B-000006134
7509,,B-000006135
7510,A-000006127,B-000006136
7511,A-000006128,B-000006137
7512,A-000006129,B-000006138
7513,A-000006130,B-000006139
7514,A-000006131,B-000006140
7516,A-000006132,B-000006141
7517,A-000006133,B-000006142
7518,A-000006134,B-000006143
7519,A-000006135,B-000006144
7521,A-000006136,B-000006145
7522,A-000006137,B-000006146
7523,A-000006138,B-000006147
7524,A-000006139,B-000006148
7525,A-000006140,B-000006149
7526,A-000006141,B-000006150
7527,A-000006142,B-000006151
7528,A-000006143,B-000006152
7530,A-000006144,B-000006153
7531,A-000006145,B-000006154
7532,A-000006146,B-000006155
7533,A-000006147,B-000006156
7534,A-000006148,B-000006157
7535,A-000006149,B-000006158
7536,A-000006150,B-000006159
7538,A-000006151,B-000006160
7539,A-000006152,B-000006161
7540,A-000006153,B-000006162
7541,A-000006154,B-000006163
7542,A-000006155,B-000006164
7543,A-000006156,B-000006165
7544,A-000006157,B-000006166
7545,A-000006158,B-000006167
7546,A-000006159,B-000006168
7547,A-000006160,B-000006169
7548,A-000006161,B-000006170
7549,A-000006162,B-000006171
7550,A-000006163,B-000006172
7551,A-000006164,B-000006173
7552,A-000006165,B-000006174
7553,A-000006166,B-000006175
7554,A-000006167,B-000006176
7555,A-000006168,B-000006177
7556,A-000006169,B-000006178
7557,A-000006170,B-000006179
7558,A-000006171,B-000006180
7559,A-000006172,B-000006181
7560,A-000006173,B-000006182
7561,A-000006174,B-000006183
7562,A-000006175,B-000006184
7563,A-000006176,B-000006185
7564,A-000006177,B-000006186
7565,A-000006178,B-000006187
7567,A-000006179,B-000006188
7568,A-000006180,B-000006189
7569,A-000006181,B-000006190
7570,A-000006182,B-000006191
7571,A-000006183,B-000006192
7572,A-000006184,B-000006193
7573,A-000006185,B-000006194
7574,A-000006186,B-000006195
7575,A-000006187,B-000006196
7576,A-000006188,B-000006197
7577,A-000006189,B-000006198
7578,A-000006190,B-000006199
7579,A-000006191,B-000006200
7580,A-000006192,B-000006201
7581,A-000006193,B-000006202
7582,A-000006194,B-000006203
7583,A-000006195,B-000006204
7584,A-000006196,B-000006205
7585,A-000006197,B-000006206
7586,A-000006198,B-000006207
7588,A-000006199,B-000006208
7589,A-000006200,B-000006209
7590,A-000006201,B-000006210
7592,A-000006202,B-000006211
7593,A-000006203,B-000006212
7594,A-000006204,B-000006213
7595,A-000006205,B-000006214
7596,A-000006206,B-000006215
7597,A-000006207,B-000006216
7598,A-000006208,B-000006217
7599,A-000006209,B-000006218
7600,A-000006210,B-000006219
7603,A-000006211,B-000006220
7604,A-000006212,B-000006221
7605,A-000006213,B-000006222
7606,A-000006214,B-000006223
7607,A-000006215,B-000006224
7609,A-000006216,B-000006225
7610,A-000006217,B-000006226
7611,A-000006218,B-000006227
7612,A-000006219,B-000006228
7613,A-000006220,B-000006229
7614,A-000006221,B-000006230
7615,A-000006222,B-000006231
7616,A-000006223,B-000006232
7617,A-000006224,B-000006233
7619,A-000006225,B-000006234
7620,A-000006226,B-000006235
7622,A-000006227,B-000006236
7626,A-000006228,B-000006237
7627,A-000006229,B-000006238
7628,A-000006230,B-000006239
7629,A-000006231,B-000006240
7631,A-000006232,B-000006241
7632,A-000006233,B-000006242
7633,A-000006234,B-000006243
7634,A-000006235,B-000006244
7635,A-000006236,B-000006245
7638,A-000006237,B-000006246
7639,A-000006238,B-000006247
7640,A-000006239,B-000006248
7643,A-000006240,B-000006249
7644,A-000006241,B-000006250
7646,A-000006242,B-000006251
7648,A-000006243,B-000006252
7649,A-000006244,B-000006253
7650,A-000006245,B-000006254
7651,A-000006246,B-000006255
7652,A-000006247,B-000006256
7653,A-000006248,B-000006257
7654,A-000006249,B-000006258
7655,A-000006250,B-000006259
7656,A-000006251,B-000006260
7657,A-000006252,B-000006261
7658,A-000006253,B-000006262
7659,A-000006254,B-000006263
7660,A-000006255,B-000006264
7661,A-000006256,B-000006265
7663,A-000006257,B-000006266
7664,A-000006258,B-000006267
7665,A-000006259,B-000006268
7666,A-000006260,B-000006269
7667,A-000006261,B-000006270
7668,A-000006262,B-000006271
7669,A-000006263,B-000006272
7670,A-000006264,B-000006273
7673,A-000006265,B-000006274
7674,A-000006266,B-000006275
7676,A-000006267,B-000006276
7677,A-000006268,B-000006277
7678,A-000006269,B-000006278
7679,A-000006270,B-000006279
7680,A-000006271,B-000006280
7681,A-000006272,B-000006281
7682,A-000006273,B-000006282
7683,A-000006274,B-000006283
7684,A-000006275,B-000006284
7685,A-000006276,B-000006285
7686,A-000006277,B-000006286
7687,A-000006278,B-000006287
7688,A-000006279,B-000006288
7690,A-000006280,B-000006289
7693,A-000006281,B-000006290
7694,A-000006282,B-000006291
7697,A-000006283,B-000006292
7698,A-000006284,B-000006293
7699,A-000006285,B-000006294
7700,A-000006286,B-000006295
7701,A-000006287,B-000006296
7702,A-000006288,B-000006297
7703,A-000006289,B-000006298
7704,A-000006290,B-000006299
7705,A-000006291,B-000006300
7706,A-000006292,B-000006301
7708,A-000006293,B-000006302
7709,A-000006294,B-000006303
7710,A-000006295,B-000006304
7711,A-000006296,B-000006305
7712,A-000006297,B-000006306
7713,A-000006298,B-000006307
7715,A-000006299,B-000006308
7716,A-000006300,B-000006309
7717,A-000006301,B-000006310
7718,A-000006302,B-000006311
7719,A-000006303,B-000006312
7720,A-000006304,B-000006313
7721,A-000006305,B-000006314
7722,A-000006306,B-000006315
7724,A-000006307,B-000006316
7725,A-000006308,B-000006317
7726,A-000006309,B-000006318
7727,A-000006310,B-000006319
7728,A-000006311,B-000006320
7729,A-000006312,B-000006321
7730,A-000006313,B-000006322
7731,A-000006314,B-000006323
7732,A-000006315,B-000006324
7733,A-000006316,B-000006325
7734,A-000006317,B-000006326
7735,A-000006318,B-000006327
7736,A-000006319,B-000006328
7737,A-000006320,B-000006329
7740,A-000006321,B-000006330
7741,A-000006322,B-000006331
7742,A-000006323,B-000006332
7744,A-000006324,B-000006333
7745,A-000006325,B-000006334
7746,A-000006326,B-000006335
7747,A-000006327,B-000006336
7749,A-000006328,B-000006337
7750,A-000006329,B-000006338
7751,A-000006330,B-000006339
7752,A-000006331,B-000006340
7753,A-000006332,B-000006341
7754,A-000006333,B-000006342
7755,A-000006334,B-000006343
7756,A-000006335,B-000006344
7757,A-000006336,B-000006345
7758,A-000006337,B-000006346
7759,A-000006338,B-000006347
7761,A-000006339,B-000006348
7762,A-000006340,B-000006349
7763,A-000006341,B-000006350
7764,A-000006342,B-000006351
7765,A-000006343,B-000006352
7766,A-000006344,B-000006353
7767,A-000006345,B-000006354
7770,A-000006346,B-000006355
7771,A-000006347,B-000006356
7772,A-000006348,B-000006357
7773,A-000006349,B-000006358
7774,A-000006350,B-000006359
7775,A-000006351,B-000006360
7776,A-000006352,B-000006361
7777,A-000006353,B-000006362
7778,A-000006354,B-000006363
7779,A-000006355,B-000006364
7781,A-000006356,B-000006365
7782,A-000006357,B-000006366
7784,A-000006358,B-000006367
7785,A-000006359,B-000006368
7787,A-000006360,B-000006369
7788,A-000006361,B-000006370
7789,A-000006362,B-000006371
7790,A-000006363,B-000006372
7791,A-000006364,B-000006373
7793,A-000006365,B-000006374
7794,A-000006366,B-000006375
7795,A-000006367,B-000006376
7797,A-000006368,B-000006377
7798,A-000006369,B-000006378
7801,A-000006370,B-000006379
7802,A-000006371,B-000006380
7803,A-000006372,B-000006381
7804,A-000006373,B-000006382
7805,A-000006374,B-000006383
7806,A-000006375,B-000006384
7807,A-000006376,B-000006385
7808,A-000006377,B-000006386
7809,A-000006378,B-000006387
7810,A-000006379,B-000006388
7812,A-000006380,B-000006389
7814,A-000006381,B-000006390
7815,A-000006382,B-000006391
7816,A-000006383,B-000006392
7817,A-000006384,B-000006393
7818,A-000006385,B-000006394
7819,A-000006386,B-000006395
7820,A-000006387,B-000006396
7821,A-000006388,B-000006397
7822,A-000006389,B-000006398
7823,A-000006390,B-000006399
7824,A-000006391,B-000006400
7825,A-000006392,B-000006401
7826,A-000006393,B-000006402
7827,A-000006394,B-000006403
7828,A-000006395,B-000006404
7829,A-000006396,B-000006405
7831,A-000006397,B-000006406
7832,A-000006398,B-000006407
7833,A-000006399,B-000006408
7834,A-000006400,B-000006409
7835,A-000006401,B-000006410
7836,A-000006402,B-000006411
7837,A-000006403,B-000006412
7839,A-000006404,B-000006413
7840,A-000006405,B-000006414
7842,A-000006406,B-000006415
7843,A-000006407,B-000006416
7844,A-000006408,B-000006417
7846,A-000006409,B-000006418
7847,A-000006410,B-000006419
7848,A-000006411,B-000006420
7849,A-000006412,B-000006421
7850,A-000006413,B-000006422
7851,A-000006414,B-000006423
7852,A-000006415,B-000006424
7853,A-000006416,B-000006425
7854,A-000006417,B-000006426
7855,A-000006418,B-000006427
7857,A-000006419,B-000006428
7859,A-000006420,B-000006429
7860,A-000006421,B-000006430
7863,A-000006422,B-000006431
7864,A-000006423,B-000006432
7865,A-000006424,B-000006433
7867,A-000006425,B-000006434
7868,A-000006426,B-000006435
7869,A-000006427,B-000006436
7870,A-000006428,B-000006437
7871,A-000006429,B-000006438
7872,A-000006430,B-000006439
7873,A-000006431,B-000006440
7875,A-000006432,B-000006441
7876,A-000006433,B-000006442
7877,A-000006434,B-000006443
7878,A-000006435,B-000006444
7879,A-000006436,B-000006445
7880,A-000006437,B-000006446
7881,A-000006438,B-000006447
7883,A-000006439,B-000006448
7884,A-000006440,B-000006449
7885,A-000006441,B-000006450
7886,A-000006442,B-000006451
7888,A-000006443,B-000006452
7889,A-000006444,B-000006453
7890,A-000006445,B-000006454
7891,A-000006446,B-000006455
7892,A-000006447,B-000006456
7893,A-000006448,B-000006457
7894,A-000006449,B-000006458
7895,A-000006450,B-000006459
7896,A-000006451,B-000006460
7897,A-000006452,B-000006461
7898,A-000006453,B-000006462
7899,A-000006454,B-000006463
7900,A-000006455,B-000006464
7901,A-000006456,B-000006465
7902,A-000006457,B-000006466
7905,A-000006458,B-000006467
7906,A-000006459,B-000006468
7907,A-000006460,B-000006469
7908,A-000006461,B-000006470
7909,A-000006462,B-000006471
7911,A-000006463,B-000006472
7912,A-000006464,B-000006473
7914,A-000006465,B-000006474
7915,A-000006466,B-000006475
7916,A-000006467,B-000006476
7917,A-000006468,B-000006477
7920,A-000006469,B-000006478
7921,A-000006470,B-000006479
7922,A-000006471,B-000006480
7923,A-000006472,B-000006481
7924,A-000006473,B-000006482
7926,A-000006474,B-000006483
7927,A-000006475,B-000006484
7928,A-000006476,B-000006485
7929,A-000006477,B-000006486
7930,A-000006478,B-000006487
7932,A-000006479,B-000006488
7933,A-000006480,B-000006489
7934,A-000006481,B-000006490
7936,A-000006482,B-000006491
7938,A-000006483,B-000006492
7940,A-000006484,B-000006493
7941,A-000006485,B-000006494
7943,A-000006486,B-000006495
7944,A-000006487,B-000006496
7945,A-000006488,B-000006497
7947,A-000006489,B-000006498
7948,A-000006490,B-000006499
7949,A-000006491,B-000006500
7950,A-000006492,B-000006501
7951,A-000006493,B-000006502
7952,A-000006494,B-000006503
7953,A-000006495,B-000006504
7954,A-000006496,B-000006505
7955,A-000006497,B-000006506
7956,A-000006498,B-000006507
7957,A-000006499,B-000006508
7959,A-000006500,B-000006509
7960,A-000006501,B-000006510
7961,A-000006502,B-000006511
7962,A-000006503,B-000006512
7963,A-000006504,B-000006513
7964,A-000006505,B-000006514
7965,A-000006506,B-000006515
7966,A-000006507,B-000006516
7967,A-000006508,B-000006517
7969,A-000006509,B-000006518
7970,A-000006510,B-000006519
7972,A-000006511,B-000006520
7973,A-000006512,B-000006521
7974,A-000006513,B-000006522
7975,A-000006514,B-000006523
7976,A-000006515,B-000006524
7977,A-000006516,B-000006525
7979,A-000006517,B-000006526
7981,A-000006518,B-000006527
7982,A-000006519,B-000006528
7983,A-000006520,B-000006529
7984,A-000006521,B-000006530
7985,A-000006522,B-000006531
7986,A-000006523,B-000006532
7987,A-000006524,B-000006533
7988,A-000006525,B-000006534
7990,A-000006526,B-000006535
7991,A-000006527,B-000006536
7992,A-000006528,B-000006537
7993,A-000006529,B-000006538
7994,A-000006530,B-000006539
7995,A-000006531,B-000006540
7998,A-000006532,B-000006541
7999,A-000006533,B-000006542
8000,A-000006534,B-000006543
8001,A-000006535,B-000006544
8002,A-000006536,B-000006545
8005,A-000006537,B-000006546
8006,A-000006538,B-000006547
8007,A-000006539,B-000006548
8008,A-000006540,B-000006549
8009,A-000006541,B-000006550
8012,A-000006542,B-000006551
8013,A-000006543,B-000006552
8014,A-000006544,B-000006553
8015,A-000006545,B-000006554
8016,A-000006546,B-000006555
8017,A-000006547,B-000006556
8018,A-000006548,B-000006557
8019,A-000006549,B-000006558
8021,A-000006550,B-000006559
8022,A-000006551,B-000006560
8023,A-000006552,B-000006561
8024,A-000006553,B-000006562
8025,A-000006554,B-000006563
8027,A-000006555,B-000006564
8028,A-000006556,B-000006565
8029,A-000006557,B-000006566
8030,A-000006558,B-000006567
8031,A-000006559,B-000006568
8032,A-000006560,B-000006569
8033,A-000006561,B-000006570
8034,A-000006562,B-000006571
8035,A-000006563,B-000006572
8036,A-000006564,B-000006573
8037,A-000006565,B-000006574
8038,A-000006566,B-000006575
8041,A-000006567,B-000006576
8042,A-000006568,B-000006577
8044,A-000006569,B-000006578
8045,A-000006570,B-000006579
8046,A-000006571,B-000006580
8047,A-000006572,B-000006581
8051,A-000006573,B-000006582
8052,A-000006574,B-000006583
8053,A-000006575,B-000006584
8054,A-000006576,B-000006585
8055,A-000006577,B-000006586
8056,A-000006578,B-000006587
8057,A-000006579,B-000006588
8058,A-000006580,B-000006589
8059,A-000006581,B-000006590
8060,A-000006582,B-000006591
8061,A-000006583,B-000006592
8062,A-000006584,B-000006593
8063,A-000006585,B-000006594
8064,A-000006586,B-000006595
8066,A-000006587,B-000006596
8067,A-000006588,B-000006597
8069,A-000006589,B-000006598
8071,A-000006590,B-000006599
8073,A-000006591,B-000006600
8074,A-000006592,B-000006601
8075,A-000006593,B-000006602
8076,A-000006594,B-000006603
8077,A-000006595,B-000006604
8078,A-000006596,B-000006605
8081,A-000006597,B-000006606
8082,A-000006598,B-000006607
8083,A-000006599,B-000006608
8084,A-000006600,B-000006609
8085,A-000006601,B-000006610
8087,A-000006602,B-000006611
8088,A-000006603,B-000006612
8089,A-000006604,B-000006613
8090,A-000006605,B-000006614
8091,A-000006606,B-000006615
8092,A-000006607,B-000006616
8093,A-000006608,B-000006617
8094,A-000006609,B-000006618
8095,A-000006610,B-000006619
8096,A-000006611,B-000006620
8097,A-000006612,B-000006621
8098,A-000006613,B-000006622
8099,,B-000006623
8100,A-000006614,B-000006624
8101,A-000006615,B-000006625
8102,A-000006616,B-000006626
8104,A-000006617,B-000006627
8106,A-000006618,B-000006628
8107,A-000006619,B-000006629
8108,A-000006620,B-000006630
8109,A-000006621,B-000006631
8110,A-000006622,B-000006632
8111,A-000006623,B-000006633
8112,A-000006624,B-000006634
8113,A-000006625,B-000006635
8114,A-000006626,B-000006636
8117,A-000006627,B-000006637
8118,A-000006628,B-000006638
8119,A-000006629,B-000006639
8120,A-000006630,B-000006640
8121,A-000006631,B-000006641
8122,A-000006632,B-000006642
8123,A-000006633,B-000006643
8124,A-000006634,B-000006644
8125,A-000006635,B-000006645
8126,A-000006636,B-000006646
8127,A-000006637,B-000006647
8128,A-000006638,B-000006648
8129,A-000006639,B-000006649
8131,A-000006640,B-000006650
8132,A-000006641,B-000006651
8133,A-000006642,B-000006652
8134,A-000006643,B-000006653
8135,A-000006644,B-000006654
8138,A-000006645,B-000006655
8139,A-000006646,B-000006656
8140,A-000006647,B-000006657
8142,A-000006648,B-000006658
8143,A-000006649,B-000006659
8144,A-000006650,B-000006660
8146,A-000006651,B-000006661
8147,A-000006652,B-000006662
8149,A-000006653,B-000006663
8150,A-000006654,B-000006664
8151,A-000006655,B-000006665
8153,A-000006656,B-000006666
8154,A-000006657,B-000006667
8155,A-000006658,B-000006668
8156,A-000006659,B-000006669
8157,A-000006660,B-000006670
8158,A-000006661,B-000006671
8159,A-000006662,B-000006672
8160,A-000006663,B-000006673
8161,A-000006664,B-000006674
8162,A-000006665,B-000006675
8163,A-000006666,B-000006676
8164,A-000006667,B-000006677
8165,A-000006668,B-000006678
8166,A-000006669,B-000006679
8167,A-000006670,B-000006680
8168,A-000006671,B-000006681
8170,A-000006672,B-000006682
8171,A-000006673,B-000006683
8172,A-000006674,B-000006684
8174,A-000006675,B-000006685
8175,A-000006676,B-000006686
8176,A-000006677,B-000006687
8178,A-000006678,B-000006688
8179,A-000006679,B-000006689
8180,A-000006680,B-000006690
8182,A-000006681,B-000006691
8183,A-000006682,B-000006692
8184,A-000006683,B-000006693
8186,A-000006684,B-000006694
8189,A-000006685,B-000006695
8190,A-000006686,B-000006696
8191,A-000006687,B-000006697
8193,A-000006688,B-000006698
8194,A-000006689,B-000006699
8195,A-000006690,B-000006700
8196,A-000006691,B-000006701
8197,A-000006692,B-000006702
8198,A-000006693,B-000006703
8199,A-000006694,B-000006704
8200,A-000006695,B-000006705
8201,A-000006696,B-000006706
8202,A-000006697,B-000006707
8203,A-000006698,B-000006708
8204,A-000006699,B-000006709
8205,A-000006700,B-000006710
8206,A-000006701,B-000006711
8208,A-000006702,B-000006712
8209,A-000006703,B-000006713
8210,A-000006704,B-000006714
8211,A-000006705,B-000006715
8212,A-000006706,B-000006716
8213,A-000006707,B-000006717
8214,A-000006708,B-000006718
8215,A-000006709,B-000006719
8216,A-000006710,B-000006720
8217,A-000006711,B-000006721
8218,A-000006712,B-000006722
8219,A-000006713,B-000006723
8220,A-000006714,B-000006724
8221,A-000006715,B-000006725
8223,A-000006716,B-000006726
8225,A-000006717,B-000006727
8226,A-000006718,B-000006728
8227,A-000006719,B-000006729
8228,A-000006720,B-000006730
8229,A-000006721,B-000006731
8230,A-000006722,B-000006732
8231,A-000006723,B-000006733
8235,A-000006724,B-000006734
8236,A-000006725,B-000006735
8237,A-000006726,B-000006736
8238,A-000006727,B-000006737
8239,A-000006728,B-000006738
8240,A-000006729,B-000006739
8241,A-000006730,B-000006740
8242,A-000006731,B-000006741
8243,A-000006732,B-000006742
8245,A-000006733,B-000006743
8246,A-000006734,B-000006744
8247,A-000006735,B-000006745
8248,A-000006736,B-000006746
8249,A-000006737,B-000006747
8250,A-000006738,B-000006748
8251,A-000006739,B-000006749
8252,A-000006740,B-000006750
8253,A-000006741,B-000006751
8254,A-000006742,B-000006752
8256,A-000006743,B-000006753
8257,A-000006744,B-000006754
8258,A-000006745,B-000006755
8259,A-000006746,B-000006756
8260,A-000006747,B-000006757
8261,A-000006748,B-000006758
8262,A-000006749,B-000006759
8263,A-000006750,B-000006760
8264,A-000006751,B-000006761
8266,A-000006752,B-000006762
8270,A-000006753,B-000006763
8271,A-000006754,B-000006764
8272,A-000006755,B-000006765
8273,A-000006756,B-000006766
8276,A-000006757,B-000006767
8277,A-000006758,B-000006768
8278,A-000006759,B-000006769
8279,A-000006760,B-000006770
8280,A-000006761,B-000006771
8281,A-000006762,B-000006772
8282,A-000006763,B-000006773
8283,A-000006764,B-000006774
8284,A-000006765,B-000006775
8285,A-000006766,B-000006776
8287,,B-000006777
8288,A-000006767,B-000006778
8289,A-000006768,B-000006779
8290,A-000006769,B-000006780
8291,A-000006770,B-000006781
8292,A-000006771,B-000006782
8293,A-000006772,B-000006783
8294,A-000006773,B-000006784
8295,A-000006774,B-000006785
8296,A-000006775,B-000006786
8297,A-000006776,B-000006787
8298,A-000006777,B-000006788
8299,A-000006778,B-000006789
8300,A-000006779,B-000006790
8302,A-000006780,B-000006791
8303,A-000006781,B-000006792
8304,A-000006782,B-000006793
8305,A-000006783,B-000006794
8306,A-000006784,B-000006795
8307,A-000006785,B-000006796
8308,A-000006786,B-000006797
8309,A-000006787,B-000006798
8310,A-000006788,B-000006799
8311,A-000006789,B-000006800
8312,A-000006790,B-000006801
8313,A-000006791,B-000006802
8314,A-000006792,B-000006803
8315,A-000006793,B-000006804
8316,A-000006794,B-000006805
8318,A-000006795,B-000006806
8320,A-000006796,B-000006807
8321,A-000006797,B-000006808
8322,A-000006798,B-000006809
8323,A-000006799,B-000006810
8324,A-000006800,B-000006811
8325,A-000006801,B-000006812
8326,A-000006802,B-000006813
8327,A-000006803,B-000006814
8328,A-000006804,B-000006815
8329,A-000006805,B-000006816
8330,A-000006806,B-000006817
8331,A-000006807,B-000006818
8332,A-000006808,B-000006819
8333,A-000006809,B-000006820
8335,A-000006810,B-000006821
8336,A-000006811,B-000006822
8337,A-000006812,B-000006823
8338,A-000006813,B-000006824
8340,A-000006814,B-000006825
8341,A-000006815,B-000006826
8342,A-000006816,B-000006827
8343,A-000006817,B-000006828
8344,A-000006818,B-000006829
8345,A-000006819,B-000006830
8346,A-000006820,B-000006831
8348,A-000006821,B-000006832
8349,A-000006822,B-000006833
8350,A-000006823,B-000006834
8351,A-000006824,B-000006835
8352,A-000006825,B-000006836
8353,A-000006826,B-000006837
8354,A-000006827,B-000006838
8355,A-000006828,B-000006839
8356,A-000006829,B-000006840
8357,A-000006830,B-000006841
8358,A-000006831,B-000006842
8361,A-000006832,B-000006843
8362,A-000006833,B-000006844
8363,A-000006834,B-000006845
8364,A-000006835,B-000006846
8365,A-000006836,B-000006847
8366,A-000006837,B-000006848
8368,A-000006838,B-000006849
8370,A-000006839,B-000006850
8371,A-000006840,B-000006851
8372,A-000006841,B-000006852
8375,A-000006842,B-000006853
8376,A-000006843,B-000006854
8377,A-000006844,B-000006855
8378,A-000006845,B-000006856
8379,A-000006846,B-000006857
8380,A-000006847,B-000006858
8381,A-000006848,B-000006859
8383,A-000006849,B-000006860
8384,A-000006850,B-000006861
8385,A-000006851,B-000006862
8387,A-000006852,B-000006863
8388,A-000006853,B-000006864
8390,A-000006854,B-000006865
8391,A-000006855,B-000006866
8392,A-000006856,B-000006867
8393,A-000006857,B-000006868
8394,A-000006858,B-000006869
8395,A-000006859,B-000006870
8396,A-000006860,B-000006871
8397,A-000006861,B-000006872
8398,A-000006862,B-000006873
8399,A-000006863,B-000006874
8400,A-000006864,B-000006875
8401,A-000006865,B-000006876
8402,A-000006866,B-000006877
8403,A-000006867,B-000006878
8404,A-000006868,B-000006879
8406,A-000006869,B-000006880
8408,A-000006870,B-000006881
8409,A-000006871,B-000006882
8410,A-000006872,B-000006883
8412,A-000006873,B-000006884
8413,A-000006874,B-000006885
8414,A-000006875,B-000006886
8415,A-000006876,B-000006887
8416,A-000006877,B-000006888
8417,A-000006878,B-000006889
8418,A-000006879,B-000006890
8420,A-000006880,B-000006891
8421,A-000006881,B-000006892
8423,A-000006882,B-000006893
8425,A-000006883,B-000006894
8426,A-000006884,B-000006895
8427,A-000006885,B-000006896
8428,A-000006886,B-000006897
8429,A-000006887,B-000006898
8430,A-000006888,B-000006899
8431,A-000006889,B-000006900
8432,A-000006890,B-000006901
8434,A-000006891,B-000006902
8435,A-000006892,B-000006903
8436,A-000006893,B-000006904
8437,A-000006894,B-000006905
8438,A-000006895,B-000006906
8439,A-000006896,B-000006907
8441,A-000006897,B-000006908
8442,A-000006898,B-000006909
8443,A-000006899,B-000006910
8444,A-000006900,B-000006911
8445,A-000006901,B-000006912
8446,A-000006902,B-000006913
8447,A-000006903,B-000006914
8448,A-000006904,B-000006915
8449,A-000006905,B-000006916
8450,A-000006906,B-000006917
8451,A-000006907,B-000006918
8452,A-000006908,B-000006919
8453,A-000006909,B-000006920
8454,A-000006910,B-000006921
8455,A-000006911,B-000006922
8456,A-000006912,B-000006923
8457,A-000006913,B-000006924
8458,A-000006914,B-000006925
8459,A-000006915,B-000006926
8461,A-000006916,B-000006927
8463,A-000006917,B-000006928
8464,A-000006918,B-000006929
8465,A-000006919,B-000006930
8466,A-000006920,B-000006931
8467,A-000006921,B-000006932
8468,A-000006922,B-000006933
8469,A-000006923,B-000006934
8470,A-000006924,B-000006935
8471,A-000006925,B-000006936
8472,A-000006926,B-000006937
8473,A-000006927,B-000006938
8474,A-000006928,B-000006939
8475,A-000006929,B-000006940
8477,A-000006930,B-000006941
8478,A-000006931,B-000006942
8479,A-000006932,B-000006943
8480,A-000006933,B-000006944
8481,A-000006934,B-000006945
8482,A-000006935,B-000006946
8484,A-000006936,B-000006947
8485,A-000006937,B-000006948
8486,A-000006938,B-000006949
8487,A-000006939,B-000006950
8488,A-000006940,B-000006951
8489,A-000006941,B-000006952
8490,A-000006942,B-000006953
8491,A-000006943,B-000006954
8492,A-000006944,B-000006955
8493,A-000006945,B-000006956
8497,A-000006946,B-000006957
8498,A-000006947,B-000006958
8499,A-000006948,B-000006959
8500,A-000006949,B-000006960
8501,A-000006950,B-000006961
8502,A-000006951,B-000006962
8503,A-000006952,B-000006963
8504,A-000006953,B-000006964
8505,A-000006954,B-000006965
8506,A-000006955,B-000006966
8507,A-000006956,B-000006967
8508,A-000006957,B-000006968
8509,A-000006958,B-000006969
8510,A-000006959,B-000006970
8511,A-000006960,B-000006971
8512,A-000006961,B-000006972
8513,A-000006962,B-000006973
8514,A-000006963,B-000006974
8515,A-000006964,B-000006975
8516,A-000006965,B-000006976
8517,A-000006966,B-000006977
8519,A-000006967,B-000006978
8520,A-000006968,B-000006979
8524,A-000006969,B-000006980
8525,A-000006970,B-000006981
8526,A-000006971,B-000006982
8527,A-000006972,B-000006983
8529,A-000006973,B-000006984
8530,A-000006974,B-000006985
8531,A-000006975,B-000006986
8532,A-000006976,B-000006987
8533,A-000006977,B-000006988
8534,A-000006978,B-000006989
8535,A-000006979,B-000006990
8537,A-000006980,B-000006991
8538,A-000006981,B-000006992
8539,A-000006982,B-000006993
8540,A-000006983,B-000006994
8541,A-000006984,B-000006995
8543,A-000006985,B-000006996
8544,A-000006986,B-000006997
8545,A-000006987,B-000006998
8546,A-000006988,B-000006999
8547,A-000006989,B-000007000
8548,A-000006990,B-000007001
8549,A-000006991,B-000007002
8550,A-000006992,B-000007003
8551,A-000006993,B-000007004
8552,A-000006994,B-000007005
8553,A-000006995,B-000007006
8554,A-000006996,B-000007007
8555,A-000006997,B-000007008
8556,A-000006998,B-000007009
8557,A-000006999,B-000007010
8558,A-000007000,B-000007011
8559,A-000007001,B-000007012
8560,A-000007002,B-000007013
8563,A-000007003,B-000007014
8564,A-000007004,B-000007015
8565,A-000007005,B-000007016
8566,A-000007006,B-000007017
8567,A-000007007,B-000007018
8568,A-000007008,B-000007019
8569,A-000007009,B-000007020
8570,A-000007010,B-000007021
8571,A-000007011,B-000007022
8572,A-000007012,B-000007023
8573,A-000007013,B-000007024
8574,A-000007014,B-000007025
8575,A-000007015,B-000007026
8576,A-000007016,B-000007027
8577,A-000007017,B-000007028
8578,A-000007018,B-000007029
8579,A-000007019,B-000007030
8580,A-000007020,B-000007031
8581,A-000007021,B-000007032
8582,A-000007022,B-000007033
8583,A-000007023,B-000007034
8584,A-000007024,B-000007035
8585,A-000007025,B-000007036
8586,A-000007026,B-000007037
8587,A-000007027,B-000007038
8588,A-000007028,B-000007039
8589,A-000007029,B-000007040
8590,A-000007030,B-000007041
8591,A-000007031,B-000007042
8592,A-000007032,B-000007043
8593,A-000007033,B-000007044
8594,A-000007034,B-000007045
8595,A-000007035,B-000007046
8597,A-000007036,B-000007047
8598,A-000007037,B-000007048
8600,A-000007038,B-000007049
8601,A-000007039,B-000007050
8604,A-000007040,B-000007051
8606,A-000007041,B-000007052
8607,A-000007042,B-000007053
8608,A-000007043,B-000007054
8609,A-000007044,B-000007055
8610,A-000007045,B-000007056
8611,A-000007046,B-000007057
8612,A-000007047,B-000007058
8613,A-000007048,B-000007059
8614,A-000007049,B-000007060
8615,A-000007050,B-000007061
8616,A-000007051,B-000007062
8618,A-000007052,B-000007063
8619,A-000007053,B-000007064
8620,A-000007054,B-000007065
8625,A-000007055,B-000007066
8628,A-000007056,B-000007067
8629,A-000007057,B-000007068
8630,A-000007058,B-000007069
8631,A-000007059,B-000007070
8632,A-000007060,B-000007071
8633,A-000007061,B-000007072
8635,A-000007062,B-000007073
8636,A-000007063,B-000007074
8637,A-000007064,B-000007075
8639,A-000007065,B-000007076
8640,A-000007066,B-000007077
8641,A-000007067,B-000007078
8642,A-000007068,B-000007079
8643,A-000007069,B-000007080
8644,A-000007070,B-000007081
8646,A-000007071,B-000007082
8648,A-000007072,B-000007083
8649,A-000007073,B-000007084
8651,A-000007074,B-000007085
8652,A-000007075,B-000007086
8653,A-000007076,B-000007087
8654,A-000007077,B-000007088
8655,A-000007078,B-000007089
8656,A-000007079,B-000007090
8657,A-000007080,B-000007091
8659,A-000007081,B-000007092
8660,A-000007082,B-000007093
8661,A-000007083,B-000007094
8662,A-000007084,B-000007095
8663,A-000007085,B-000007096
8664,A-000007086,B-000007097
8665,A-000007087,B-000007098
8666,A-000007088,B-000007099
8667,A-000007089,B-000007100
8668,A-000007090,B-000007101
8669,A-000007091,B-000007102
8672,A-000007092,B-000007103
8673,A-000007093,B-000007104
8674,A-000007094,B-000007105
8675,A-000007095,B-000007106
8676,A-000007096,B-000007107
8677,A-000007097,B-000007108
8679,A-000007098,B-000007109
8680,A-000007099,B-000007110
8681,A-000007100,B-000007111
8682,A-000007101,B-000007112
8683,A-000007102,B-000007113
8684,A-000007103,B-000007114
8685,A-000007104,B-000007115
8686,A-000007105,B-000007116
8687,A-000007106,B-000007117
8688,A-000007107,B-000007118
8692,A-000007108,B-000007119
8693,A-000007109,B-000007120
8694,A-000007110,B-000007121
8696,A-000007111,B-000007122
8697,A-000007112,B-000007123
8698,A-000007113,B-000007124
8699,A-000007114,B-000007125
8700,A-000007115,B-000007126
8701,A-000007116,B-000007127
8703,A-000007117,B-000007128
8704,A-000007118,B-000007129
8705,A-000007119,B-000007130
8706,A-000007120,B-000007131
8707,A-000007121,B-000007132
8708,A-000007122,B-000007133
8709,A-000007123,B-000007134
8710,A-000007124,B-000007135
8711,A-000007125,B-000007136
8712,A-000007126,B-000007137
8713,A-000007127,B-000007138
8714,A-000007128,B-000007139
8715,A-000007129,B-000007140
8716,A-000007130,B-000007141
8717,A-000007131,B-000007142
8718,A-000007132,B-000007143
8722,A-000007133,B-000007144
8723,A-000007134,B-000007145
8724,A-000007135,B-000007146
8726,A-000007136,B-000007147
8727,A-000007137,B-000007148
8728,A-000007138,B-000007149
8729,A-000007139,B-000007150
8730,A-000007140,B-000007151
8732,A-000007141,B-000007152
8733,A-000007142,B-000007153
8734,A-000007143,B-000007154
8736,A-000007144,B-000007155
8737,A-000007145,B-000007156
8738,A-000007146,B-000007157
8739,A-000007147,B-000007158
8740,A-000007148,B-000007159
8741,A-000007149,B-000007160
8745,A-000007150,B-000007161
8746,A-000007151,B-000007162
8748,A-000007152,B-000007163
8749,A-000007153,B-000007164
8750,A-000007154,B-000007165
8751,A-000007155,B-000007166
8753,A-000007156,B-000007167
8754,A-000007157,B-000007168
8755,A-000007158,B-000007169
8756,A-000007159,B-000007170
8757,A-000007160,B-000007171
8761,A-000007161,B-000007172
8762,A-000007162,B-000007173
8763,A-000007163,B-000007174
8764,A-000007164,B-000007175
8765,A-000007165,B-000007176
8766,A-000007166,B-000007177
8767,A-000007167,B-000007178
8768,A-000007168,B-000007179
8769,A-000007169,B-000007180
8770,A-000007170,B-000007181
8771,A-000007171,B-000007182
8773,A-000007172,B-000007183
8774,A-000007173,B-000007184
8775,A-000007174,B-000007185
8776,A-000007175,B-000007186
8777,A-000007176,B-000007187
8778,A-000007177,B-000007188
8779,A-000007178,B-000007189
8780,A-000007179,B-000007190
8781,A-000007180,B-000007191
8782,A-000007181,B-000007192
8784,A-000007182,B-000007193
8786,A-000007183,B-000007194
8787,A-000007184,B-000007195
8788,A-000007185,B-000007196
8789,A-000007186,B-000007197
8790,A-000007187,B-000007198
8791,A-000007188,B-000007199
8794,A-000007189,B-000007200
8795,A-000007190,B-000007201
8796,A-000007191,B-000007202
8798,A-000007192,B-000007203
8799,A-000007193,B-000007204
8800,A-000007194,B-000007205
8801,A-000007195,B-000007206
8802,A-000007196,B-000007207
8803,A-000007197,B-000007208
8805,A-000007198,B-000007209
8807,A-000007199,B-000007210
8808,A-000007200,B-000007211
8809,A-000007201,B-000007212
8810,A-000007202,B-000007213
8812,A-000007203,B-000007214
8813,A-000007204,B-000007215
8814,A-000007205,B-000007216
8815,A-000007206,B-000007217
8817,A-000007207,B-000007218
8819,A-000007208,B-000007219
8820,A-000007209,B-000007220
8821,A-000007210,B-000007221
8822,A-000007211,B-000007222
8823,A-000007212,B-000007223
8824,A-000007213,B-000007224
8825,A-000007214,B-000007225
8826,A-000007215,B-000007226
8827,A-000007216,B-000007227
8828,A-000007217,B-000007228
8829,A-000007218,B-000007229
8830,A-000007219,B-000007230
8831,A-000007220,B-000007231
8832,A-000007221,B-000007232
8833,A-000007222,B-000007233
8834,A-000007223,B-000007234
8835,A-000007224,B-000007235
8836,A-000007225,B-000007236
8837,A-000007226,B-000007237
8838,A-000007227,B-000007238
8839,A-000007228,B-000007239
8840,A-000007229,B-000007240
8841,A-000007230,B-000007241
8842,A-000007231,B-000007242
8844,A-000007232,B-000007243
8845,A-000007233,B-000007244
8846,A-000007234,B-000007245
8847,A-000007235,B-000007246
8848,A-000007236,B-000007247
8849,A-000007237,B-000007248
8850,A-000007238,B-000007249
8851,A-000007239,B-000007250
8852,A-000007240,B-000007251
8853,A-000007241,B-000007252
8854,A-000007242,B-000007253
8856,A-000007243,B-000007254
8857,A-000007244,B-000007255
8858,A-000007245,B-000007256
8860,A-000007246,B-000007257
8861,A-000007247,B-000007258
8862,A-000007248,B-000007259
8864,A-000007249,B-000007260
8865,A-000007250,B-000007261
8866,A-000007251,B-000007262
8867,A-000007252,B-000007263
8868,A-000007253,B-000007264
8870,A-000007254,B-000007265
8871,A-000007255,B-000007266
8872,A-000007256,B-000007267
8873,A-000007257,B-000007268
8874,A-000007258,B-000007269
8875,A-000007259,B-000007270
8877,A-000007260,B-000007271
8878,A-000007261,B-000007272
8879,A-000007262,B-000007273
8880,A-000007263,B-000007274
8881,A-000007264,B-000007275
8882,A-000007265,B-000007276
8883,A-000007266,B-000007277
8885,A-000007267,B-000007278
8886,A-000007268,B-000007279
8887,A-000007269,B-000007280
8888,A-000007270,B-000007281
8889,A-000007271,B-000007282
8890,A-000007272,B-000007283
8891,A-000007273,B-000007284
8892,A-000007274,B-000007285
8894,A-000007275,B-000007286
8895,A-000007276,B-000007287
8896,A-000007277,B-000007288
8897,A-000007278,B-000007289
8899,A-000007279,B-000007290
8900,A-000007280,B-000007291
8901,A-000007281,B-000007292
8905,A-000007282,B-000007293
8906,A-000007283,B-000007294
8907,A-000007284,B-000007295
8909,A-000007285,B-000007296
8910,A-000007286,B-000007297
8911,A-000007287,B-000007298
8912,A-000007288,B-000007299
8914,A-000007289,B-000007300
8915,A-000007290,B-000007301
8916,A-000007291,B-000007302
8918,A-000007292,B-000007303
8919,A-000007293,B-000007304
8922,A-000007294,B-000007305
8923,A-000007295,B-000007306
8925,A-000007296,B-000007307
8926,A-000007297,B-000007308
8927,A-000007298,B-000007309
8930,A-000007299,B-000007310
8931,A-000007300,B-000007311
8932,A-000007301,B-000007312
8933,A-000007302,B-000007313
8934,A-000007303,B-000007314
8935,A-000007304,B-000007315
8936,A-000007305,B-000007316
8937,A-000007306,B-000007317
8939,A-000007307,B-000007318
8940,A-000007308,B-000007319
8942,A-000007309,B-000007320
8943,A-000007310,B-000007321
8944,A-000007311,B-000007322
8945,A-000007312,B-000007323
8946,A-000007313,B-000007324
8947,A-000007314,B-000007325
8948,A-000007315,B-000007326
8949,A-000007316,B-000007327
8951,A-000007317,B-000007328
8952,A-000007318,B-000007329
8953,A-000007319,B-000007330
8954,A-000007320,B-000007331
8956,A-000007321,B-000007332
8957,A-000007322,B-000007333
8959,A-000007323,B-000007334
8960,A-000007324,B-000007335
8961,A-000007325,B-000007336
8963,A-000007326,B-000007337
8964,A-000007327,B-000007338
8965,A-000007328,B-000007339
8966,A-000007329,B-000007340
8967,A-000007330,B-000007341
8969,A-000007331,B-000007342
8970,A-000007332,B-000007343
8973,A-000007333,B-000007344
8974,A-000007334,B-000007345
8975,A-000007335,B-000007346
8976,A-000007336,B-000007347
8977,A-000007337,B-000007348
8978,A-000007338,B-000007349
8979,A-000007339,B-000007350
8981,A-000007340,B-000007351
8982,A-000007341,B-000007352
8983,A-000007342,B-000007353
8984,A-000007343,B-000007354
8986,A-000007344,B-000007355
8987,A-000007345,B-000007356
8988,A-000007346,B-000007357
8989,A-000007347,B-000007358
8990,A-000007348,B-000007359
8992,A-000007349,B-000007360
8993,A-000007350,B-000007361
8994,A-000007351,B-000007362
8995,A-000007352,B-000007363
8996,A-000007353,B-000007364
8997,A-000007354,B-000007365
8998,A-000007355,B-000007366
9001,A-000007356,B-000007367
9002,A-000007357,B-000007368
9003,A-000007358,B-000007369
9004,A-000007359,B-000007370
9005,A-000007360,B-000007371
9006,A-000007361,B-000007372
9007,A-000007362,B-000007373
9008,A-000007363,B-000007374
9010,A-000007364,B-000007375
9012,A-000007365,B-000007376
9014,A-000007366,B-000007377
9015,A-000007367,B-000007378
9016,A-000007368,B-000007379
9017,A-000007369,B-000007380
9018,A-000007370,B-000007381
9020,A-000007371,B-000007382
9021,A-000007372,B-000007383
9023,A-000007373,B-000007384
9024,A-000007374,B-000007385
9027,A-000007375,B-000007386
9028,A-000007376,B-000007387
9029,A-000007377,B-000007388
9030,A-000007378,B-000007389
9031,A-000007379,B-000007390
9032,A-000007380,B-000007391
9033,A-000007381,B-000007392
9036,A-000007382,B-000007393
9037,A-000007383,B-000007394
9038,A-000007384,B-000007395
9039,A-000007385,B-000007396
9040,A-000007386,B-000007397
9041,A-000007387,B-000007398
9042,A-000007388,B-000007399
9043,A-000007389,B-000007400
9044,A-000007390,B-000007401
9045,A-000007391,B-000007402
9046,A-000007392,B-000007403
9047,A-000007393,B-000007404
9048,A-000007394,B-000007405
9049,A-000007395,B-000007406
9050,A-000007396,B-000007407
9051,A-000007397,B-000007408
9052,A-000007398,B-000007409
9053,A-000007399,B-000007410
9054,A-000007400,B-000007411
9056,A-000007401,B-000007412
9057,A-000007402,B-000007413
9058,A-000007403,B-000007414
9059,A-000007404,B-000007415
9060,A-000007405,B-000007416
9061,A-000007406,B-000007417
9062,A-000007407,B-000007418
9063,A-000007408,B-000007419
9064,A-000007409,B-000007420
9065,A-000007410,B-000007421
9066,A-000007411,B-000007422
9070,A-000007412,B-000007423
9071,A-000007413,B-000007424
9072,A-000007414,B-000007425
9073,A-000007415,B-000007426
9074,A-000007416,B-000007427
9075,A-000007417,B-000007428
9076,A-000007418,B-000007429
9077,A-000007419,B-000007430
9078,A-000007420,B-000007431
9079,A-000007421,B-000007432
9080,A-000007422,B-000007433
9081,A-000007423,B-000007434
9082,A-000007424,B-000007435
9083,A-000007425,B-000007436
9084,A-000007426,B-000007437
9085,A-000007427,B-000007438
9086,A-000007428,B-000007439
9087,A-000007429,B-000007440
9088,A-000007430,B-000007441
9090,A-000007431,B-000007442
9091,A-000007432,B-000007443
9092,A-000007433,B-000007444
9093,A-000007434,B-000007445
9094,A-000007435,B-000007446
9095,A-000007436,B-000007447
9096,A-000007437,B-000007448
9097,A-000007438,B-000007449
9098,A-000007439,B-000007450
9099,A-000007440,B-000007451
9101,A-000007441,B-000007452
9102,A-000007442,B-000007453
9103,A-000007443,B-000007454
9105,A-000007444,B-000007455
9106,A-000007445,B-000007456
9108,A-000007446,B-000007457
9109,A-000007447,B-000007458
9110,A-000007448,B-000007459
9111,A-000007449,B-000007460
9112,A-000007450,B-000007461
9114,A-000007451,B-000007462
9115,A-000007452,B-000007463
9116,A-000007453,B-000007464
9117,A-000007454,B-000007465
9118,A-000007455,B-000007466
9119,A-000007456,B-000007467
9120,A-000007457,B-000007468
9121,A-000007458,B-000007469
9123,A-000007459,B-000007470
9124,A-000007460,B-000007471
9128,A-000007461,B-000007472
9130,A-000007462,B-000007473
9132,A-000007463,B-000007474
9134,A-000007464,B-000007475
9137,A-000007465,B-000007476
9138,A-000007466,B-000007477
9139,A-000007467,B-000007478
9140,A-000007468,B-000007479
9141,A-000007469,B-000007480
9142,A-000007470,B-000007481
9143,A-000007471,B-000007482
9144,A-000007472,B-000007483
9145,A-000007473,B-000007484
9146,A-000007474,B-000007485
9147,A-000007475,B-000007486
9148,A-000007476,B-000007487
9149,A-000007477,B-000007488
9150,A-000007478,B-000007489
9152,A-000007479,B-000007490
9153,A-000007480,B-000007491
9154,A-000007481,B-000007492
9155,A-000007482,B-000007493
9157,A-000007483,B-000007494
9158,A-000007484,B-000007495
9159,A-000007485,B-000007496
9160,A-000007486,B-000007497
9161,A-000007487,B-000007498
9162,A-000007488,B-000007499
9163,A-000007489,B-000007500
9165,A-000007490,B-000007501
9166,A-000007491,B-000007502
9168,A-000007492,B-000007503
9172,A-000007493,B-000007504
9173,A-000007494,B-000007505
9174,A-000007495,B-000007506
9175,A-000007496,B-000007507
9176,A-000007497,B-000007508
9179,A-000007498,B-000007509
9180,A-000007499,B-000007510
9181,A-000007500,B-000007511
9182,A-000007501,B-000007512
9183,A-000007502,B-000007513
9185,A-000007503,B-000007514
9186,A-000007504,B-000007515
9187,A-000007505,B-000007516
9188,A-000007506,B-000007517
9190,A-000007507,B-000007518
9191,A-000007508,B-000007519
9192,A-000007509,B-000007520
9193,A-000007510,B-000007521
9194,A-000007511,B-000007522
9195,A-000007512,B-000007523
9196,A-000007513,B-000007524
9197,A-000007514,B-000007525
9198,A-000007515,B-000007526
9199,A-000007516,B-000007527
9200,A-000007517,B-000007528
9201,A-000007518,B-000007529
9202,A-000007519,B-000007530
9203,A-000007520,B-000007531
9204,A-000007521,B-000007532
9205,A-000007522,B-000007533
9207,A-000007523,B-000007534
9208,A-000007524,B-000007535
9210,A-000007525,B-000007536
9212,A-000007526,B-000007537
9214,A-000007527,B-000007538
9216,A-000007528,B-000007539
9217,A-000007529,B-000007540
9218,A-000007530,B-000007541
9219,A-000007531,B-000007542
9221,A-000007532,B-000007543
9222,A-000007533,B-000007544
9223,A-000007534,B-000007545
9224,A-000007535,B-000007546
9225,A-000007536,B-000007547
9226,A-000007537,B-000007548
9227,A-000007538,B-000007549
9228,A-000007539,B-000007550
9229,A-000007540,B-000007551
9230,A-000007541,B-000007552
9231,A-000007542,B-000007553
9232,A-000007543,B-000007554
9233,A-000007544,B-000007555
9234,A-000007545,B-000007556
9235,A-000007546,B-000007557
9236,A-000007547,B-000007558
9237,A-000007548,B-000007559
9239,A-000007549,B-000007560
9240,A-000007550,B-000007561
9241,A-000007551,B-000007562
9242,A-000007552,B-000007563
9243,A-000007553,B-000007564
9244,A-000007554,B-000007565
9245,A-000007555,B-000007566
9246,A-000007556,B-000007567
9247,A-000007557,B-000007568
9248,A-000007558,B-000007569
9249,A-000007559,B-000007570
9250,A-000007560,B-000007571
9251,A-000007561,B-000007572
9252,A-000007562,B-000007573
9253,A-000007563,B-000007574
9254,A-000007564,B-000007575
9255,A-000007565,B-000007576
9257,A-000007566,B-000007577
9258,A-000007567,B-000007578
9259,A-000007568,B-000007579
9260,A-000007569,B-000007580
9261,A-000007570,B-000007581
9262,A-000007571,B-000007582
9263,A-000007572,B-000007583
9264,A-000007573,B-000007584
9265,A-000007574,B-000007585
9266,A-000007575,B-000007586
9268,A-000007576,B-000007587
9269,A-000007577,B-000007588
9271,A-000007578,B-000007589
9272,A-000007579,B-000007590
9273,A-000007580,B-000007591
9274,A-000007581,B-000007592
9275,A-000007582,B-000007593
9276,A-000007583,B-000007594
9277,A-000007584,B-000007595
9278,A-000007585,B-000007596
9279,A-000007586,B-000007597
9280,A-000007587,B-000007598
9281,A-000007588,B-000007599
9282,A-000007589,B-000007600
9283,A-000007590,B-000007601
9285,A-000007591,B-000007602
9288,A-000007592,B-000007603
9289,A-000007593,B-000007604
9292,A-000007594,B-000007605
9294,A-000007595,B-000007606
9295,A-000007596,B-000007607
9296,A-000007597,B-000007608
9297,,B-000007609
9298,A-000007598,B-000007610
9300,A-000007599,B-000007611
9301,A-000007600,B-000007612
9302,A-000007601,B-000007613
9303,A-000007602,B-000007614
9305,A-000007603,B-000007615
9306,A-000007604,B-000007616
9307,A-000007605,B-000007617
9308,A-000007606,B-000007618
9309,A-000007607,B-000007619
9310,A-000007608,B-000007620
9311,A-000007609,B-000007621
9313,A-000007610,B-000007622
9314,A-000007611,B-000007623
9315,A-000007612,B-000007624
9316,A-000007613,B-000007625
9317,A-000007614,B-000007626
9319,A-000007615,B-000007627
9320,A-000007616,B-000007628
9321,A-000007617,B-000007629
9322,A-000007618,B-000007630
9323,A-000007619,B-000007631
9324,A-000007620,B-000007632
9325,A-000007621,B-000007633
9326,A-000007622,B-000007634
9329,A-000007623,B-000007635
9330,A-000007624,B-000007636
9331,A-000007625,B-000007637
9332,A-000007626,B-000007638
9333,A-000007627,B-000007639
9334,A-000007628,B-000007640
9335,A-000007629,B-000007641
9336,A-000007630,B-000007642
9337,A-000007631,B-000007643
9338,A-000007632,B-000007644
9339,A-000007633,B-000007645
9340,A-000007634,B-000007646
9341,A-000007635,B-000007647
9342,A-000007636,B-000007648
9343,A-000007637,B-000007649
9344,A-000007638,B-000007650
9345,A-000007639,B-000007651
9347,A-000007640,B-000007652
9348,A-000007641,B-000007653
9350,A-000007642,B-000007654
9352,A-000007643,B-000007655
9353,A-000007644,B-000007656
9354,A-000007645,B-000007657
9355,A-000007646,B-000007658
9356,A-000007647,B-000007659
9357,A-000007648,B-000007660
9358,A-000007649,B-000007661
9359,A-000007650,B-000007662
9361,A-000007651,B-000007663
9363,A-000007652,B-000007664
9364,A-000007653,B-000007665
9365,A-000007654,B-000007666
9366,A-000007655,B-000007667
9367,A-000007656,B-000007668
9368,A-000007657,B-000007669
9369,A-000007658,B-000007670
9370,A-000007659,B-000007671
9372,A-000007660,B-000007672
9373,A-000007661,B-000007673
9374,A-000007662,B-000007674
9377,A-000007663,B-000007675
9378,A-000007664,B-000007676
9379,A-000007665,B-000007677
9380,A-000007666,B-000007678
9381,A-000007667,B-000007679
9382,A-000007668,B-000007680
9383,A-000007669,B-000007681
9384,A-000007670,B-000007682
9387,A-000007671,B-000007683
9389,A-000007672,B-000007684
9391,A-000007673,B-000007685
9393,A-000007674,B-000007686
9394,A-000007675,B-000007687
9396,A-000007676,B-000007688
9399,A-000007677,B-000007689
9401,A-000007678,B-000007690
9402,A-000007679,B-000007691
9404,A-000007680,B-000007692
9405,A-000007681,B-000007693
9406,A-000007682,B-000007694
9407,A-000007683,B-000007695
9408,A-000007684,B-000007696
9409,A-000007685,B-000007697
9411,A-000007686,B-000007698
9413,A-000007687,B-000007699
9415,A-000007688,B-000007700
9416,A-000007689,B-000007701
9417,A-000007690,B-000007702
9418,A-000007691,B-000007703
9419,A-000007692,B-000007704
9420,A-000007693,B-000007705
9421,A-000007694,B-000007706
9423,A-000007695,B-000007707
9424,A-000007696,B-000007708
9425,A-000007697,B-000007709
9426,A-000007698,B-000007710
9427,A-000007699,B-000007711
9428,A-000007700,B-000007712
9430,A-000007701,B-000007713
9431,A-000007702,B-000007714
9432,A-000007703,B-000007715
9433,A-000007704,B-000007716
9434,A-000007705,B-000007717
9435,A-000007706,B-000007718
9436,A-000007707,B-000007719
9437,A-000007708,B-000007720
9438,A-000007709,B-000007721
9439,A-000007710,B-000007722
9440,A-000007711,B-000007723
9441,A-000007712,B-000007724
9442,A-000007713,B-000007725
9443,A-000007714,B-000007726
9444,A-000007715,B-000007727
9445,A-000007716,B-000007728
9447,A-000007717,B-000007729
9448,A-000007718,B-000007730
9450,A-000007719,B-000007731
9451,A-000007720,B-000007732
9453,A-000007721,B-000007733
9455,A-000007722,B-000007734
9456,A-000007723,B-000007735
9457,A-000007724,B-000007736
9458,A-000007725,B-000007737
9459,A-000007726,B-000007738
9460,A-000007727,B-000007739
9461,A-000007728,B-000007740
9462,A-000007729,B-000007741
9463,A-000007730,B-000007742
9464,A-000007731,B-000007743
9465,A-000007732,B-000007744
9466,A-000007733,B-000007745
9467,A-000007734,B-000007746
9468,A-000007735,B-000007747
9469,A-000007736,B-000007748
9470,A-000007737,B-000007749
9471,A-000007738,B-000007750
9472,A-000007739,B-000007751
9473,A-000007740,B-000007752
9474,A-000007741,B-000007753
9476,A-000007742,B-000007754
9477,A-000007743,B-000007755
9478,A-000007744,B-000007756
9480,A-000007745,B-000007757
9481,A-000007746,B-000007758
9482,A-000007747,B-000007759
9483,A-000007748,B-000007760
9484,A-000007749,B-000007761
9486,A-000007750,B-000007762
9487,A-000007751,B-000007763
9488,A-000007752,B-000007764
9490,A-000007753,B-000007765
9492,A-000007754,B-000007766
9493,A-000007755,B-000007767
9494,A-000007756,B-000007768
9495,A-000007757,B-000007769
9496,A-000007758,B-000007770
9497,A-000007759,B-000007771
9498,A-000007760,B-000007772
9499,A-000007761,B-000007773
9500,A-000007762,B-000007774
9501,A-000007763,B-000007775
9502,A-000007764,B-000007776
9503,A-000007765,B-000007777
9504,A-000007766,B-000007778
9505,A-000007767,B-000007779
9506,A-000007768,B-000007780
9508,A-000007769,B-000007781
9509,A-000007770,B-000007782
9510,A-000007771,B-000007783
9511,A-000007772,B-000007784
9512,A-000007773,B-000007785
9514,A-000007774,B-000007786
9515,A-000007775,B-000007787
9516,A-000007776,B-000007788
9517,A-000007777,B-000007789
9518,A-000007778,B-000007790
9519,A-000007779,B-000007791
9521,A-000007780,B-000007792
9522,A-000007781,B-000007793
9523,A-000007782,B-000007794
9525,A-000007783,B-000007795
9526,A-000007784,B-000007796
9527,A-000007785,B-000007797
9531,A-000007786,B-000007798
9532,A-000007787,B-000007799
9533,A-000007788,B-000007800
9535,A-000007789,B-000007801
9536,A-000007790,B-000007802
9537,A-000007791,B-000007803
9541,A-000007792,B-000007804
9542,A-000007793,B-000007805
9544,A-000007794,B-000007806
9546,A-000007795,B-000007807
9547,A-000007796,B-000007808
9549,A-000007797,B-000007809
9550,A-000007798,B-000007810
9551,A-000007799,B-000007811
9552,A-000007800,B-000007812
9553,A-000007801,B-000007813
9554,A-000007802,B-000007814
9555,A-000007803,B-000007815
9556,A-000007804,B-000007816
9557,A-000007805,B-000007817
9558,A-000007806,B-000007818
9559,A-000007807,B-000007819
9560,A-000007808,B-000007820
9561,A-000007809,B-000007821
9562,A-000007810,B-000007822
9563,A-000007811,B-000007823
9564,A-000007812,B-000007824
9565,A-000007813,B-000007825
9566,A-000007814,B-000007826
9567,A-000007815,B-000007827
9568,A-000007816,B-000007828
9569,A-000007817,B-000007829
9571,A-000007818,B-000007830
9572,A-000007819,B-000007831
9573,A-000007820,B-000007832
9574,A-000007821,B-000007833
9575,A-000007822,B-000007834
9576,A-000007823,B-000007835
9577,A-000007824,B-000007836
9578,A-000007825,B-000007837
9579,A-000007826,B-000007838
9580,A-000007827,B-000007839
9581,A-000007828,B-000007840
9583,A-000007829,B-000007841
9584,A-000007830,B-000007842
9587,A-000007831,B-000007843
9588,A-000007832,B-000007844
9590,A-000007833,B-000007845
9591,A-000007834,B-000007846
9592,A-000007835,B-000007847
9593,A-000007836,B-000007848
9595,A-000007837,B-000007849
9597,A-000007838,B-000007850
9598,A-000007839,B-000007851
9599,A-000007840,B-000007852
9600,A-000007841,B-000007853
9601,A-000007842,B-000007854
9602,A-000007843,B-000007855
9603,,B-000007856
9604,A-000007844,B-000007857
9606,A-000007845,B-000007858
9607,A-000007846,B-000007859
9608,A-000007847,B-000007860
9609,A-000007848,B-000007861
9610,A-000007849,B-000007862
9611,A-000007850,B-000007863
9613,A-000007851,B-000007864
9614,A-000007852,B-000007865
9615,A-000007853,B-000007866
9616,A-000007854,B-000007867
9617,A-000007855,B-000007868
9618,A-000007856,B-000007869
9619,A-000007857,B-000007870
9621,A-000007858,B-000007871
9622,A-000007859,B-000007872
9623,A-000007860,B-000007873
9624,A-000007861,B-000007874
9626,A-000007862,B-000007875
9627,A-000007863,B-000007876
9628,A-000007864,B-000007877
9630,A-000007865,B-000007878
9631,A-000007866,B-000007879
9633,A-000007867,B-000007880
9634,A-000007868,B-000007881
9635,A-000007869,B-000007882
9637,A-000007870,B-000007883
9639,A-000007871,B-000007884
9641,A-000007872,B-000007885
9643,A-000007873,B-000007886
9644,A-000007874,B-000007887
9646,A-000007875,B-000007888
9647,A-000007876,B-000007889
9648,A-000007877,B-000007890
9650,A-000007878,B-000007891
9653,A-000007879,B-000007892
9654,A-000007880,B-000007893
9655,A-000007881,B-000007894
9656,A-000007882,B-000007895
9657,A-000007883,B-000007896
9661,A-000007884,B-000007897
9663,A-000007885,B-000007898
9664,A-000007886,B-000007899
9665,A-000007887,B-000007900
9666,A-000007888,B-000007901
9667,A-000007889,B-000007902
9668,A-000007890,B-000007903
9670,A-000007891,B-000007904
9671,A-000007892,B-000007905
9672,A-000007893,B-000007906
9673,A-000007894,B-000007907
9674,A-000007895,B-000007908
9675,A-000007896,B-000007909
9676,A-000007897,B-000007910
9677,A-000007898,B-000007911
9678,A-000007899,B-000007912
9679,A-000007900,B-000007913
9680,A-000007901,B-000007914
9682,A-000007902,B-000007915
9683,A-000007903,B-000007916
9684,A-000007904,B-000007917
9685,A-000007905,B-000007918
9686,A-000007906,B-000007919
9687,A-000007907,B-000007920
9688,A-000007908,B-000007921
9689,A-000007909,B-000007922
9690,A-000007910,B-000007923
9691,A-000007911,B-000007924
9692,A-000007912,B-000007925
9693,A-000007913,B-000007926
9694,A-000007914,B-000007927
9695,A-000007915,B-000007928
9696,A-000007916,B-000007929
9698,A-000007917,B-000007930
9699,A-000007918,B-000007931
9700,A-000007919,B-000007932
9701,A-000007920,B-000007933
9702,A-000007921,B-000007934
9703,A-000007922,B-000007935
9705,A-000007923,B-000007936
9707,A-000007924,B-000007937
9708,A-000007925,B-000007938
9709,A-000007926,B-000007939
9710,A-000007927,B-000007940
9712,A-000007928,B-000007941
9713,A-000007929,B-000007942
9714,A-000007930,B-000007943
9715,A-000007931,B-000007944
9717,A-000007932,B-000007945
9718,A-000007933,B-000007946
9719,A-000007934,B-000007947
9720,A-000007935,B-000007948
9721,A-000007936,B-000007949
9722,A-000007937,B-000007950
9723,A-000007938,B-000007951
9724,A-000007939,B-000007952
9725,A-000007940,B-000007953
9728,A-000007941,B-000007954
9729,A-000007942,B-000007955
9730,A-000007943,B-000007956
9733,A-000007944,B-000007957
9734,A-000007945,B-000007958
9735,A-000007946,B-000007959
9736,A-000007947,B-000007960
9737,A-000007948,B-000007961
9738,A-000007949,B-000007962
9739,A-000007950,B-000007963
9740,A-000007951,B-000007964
9742,A-000007952,B-000007965
9743,A-000007953,B-000007966
9744,A-000007954,B-000007967
9747,A-000007955,B-000007968
9748,A-000007956,B-000007969
9749,A-000007957,B-000007970
9750,A-000007958,B-000007971
9751,A-000007959,B-000007972
9752,A-000007960,B-000007973
9753,A-000007961,B-000007974
9754,A-000007962,B-000007975
9755,A-000007963,B-000007976
9756,A-000007964,B-000007977
9757,A-000007965,B-000007978
9758,A-000007966,B-000007979
9759,A-000007967,B-000007980
9760,A-000007968,B-000007981
9763,A-000007969,B-000007982
9764,A-000007970,B-000007983
9765,A-000007971,B-000007984
9767,A-000007972,B-000007985
9768,A-000007973,B-000007986
9769,A-000007974,B-000007987
9770,A-000007975,B-000007988
9771,A-000007976,B-000007989
9772,A-000007977,B-000007990
9774,A-000007978,B-000007991
9775,A-000007979,B-000007992
9776,A-000007980,B-000007993
9777,A-000007981,B-000007994
9778,A-000007982,B-000007995
9780,A-000007983,B-000007996
9781,A-000007984,B-000007997
9782,A-000007985,B-000007998
9783,A-000007986,B-000007999
9784,A-000007987,B-000008000
9786,A-000007988,B-000008001
9787,A-000007989,B-000008002
9788,A-000007990,B-000008003
9789,A-000007991,B-000008004
9790,A-000007992,B-000008005
9791,A-000007993,B-000008006
9793,A-000007994,B-000008007
9795,A-000007995,B-000008008
9798,A-000007996,B-000008009
9799,A-000007997,B-000008010
9800,A-000007998,B-000008011
9801,A-000007999,B-000008012
9802,A-000008000,B-000008013
9803,A-000008001,B-000008014
9804,A-000008002,B-000008015
9805,A-000008003,B-000008016
9807,A-000008004,B-000008017
9808,A-000008005,B-000008018
9809,A-000008006,B-000008019
9811,A-000008007,B-000008020
9812,A-000008008,B-000008021
9813,A-000008009,B-000008022
9814,A-000008010,B-000008023
9815,A-000008011,B-000008024
9817,A-000008012,B-000008025
9818,A-000008013,B-000008026
9819,A-000008014,B-000008027
9820,A-000008015,B-000008028
9821,A-000008016,B-000008029
9822,A-000008017,B-000008030
9823,A-000008018,B-000008031
9824,A-000008019,B-000008032
9825,A-000008020,B-000008033
9826,A-000008021,B-000008034
9827,A-000008022,B-000008035
9828,A-000008023,B-000008036
9829,A-000008024,B-000008037
9831,A-000008025,B-000008038
9832,A-000008026,B-000008039
9834,A-000008027,B-000008040
9835,A-000008028,B-000008041
9836,A-000008029,B-000008042
9837,A-000008030,B-000008043
9838,A-000008031,B-000008044
9839,A-000008032,B-000008045
9842,A-000008033,B-000008046
9843,A-000008034,B-000008047
9844,A-000008035,B-000008048
9845,A-000008036,B-000008049
9846,A-000008037,B-000008050
9847,A-000008038,B-000008051
9848,A-000008039,B-000008052
9849,A-000008040,B-000008053
9850,A-000008041,B-000008054
9851,A-000008042,B-000008055
9852,A-000008043,B-000008056
9853,A-000008044,B-000008057
9854,A-000008045,B-000008058
9855,A-000008046,B-000008059
9856,A-000008047,B-000008060
9857,A-000008048,B-000008061
9858,A-000008049,B-000008062
9859,A-000008050,B-000008063
9860,A-000008051,B-000008064
9861,A-000008052,B-000008065
9862,A-000008053,B-000008066
9863,A-000008054,B-000008067
9864,A-000008055,B-000008068
9865,A-000008056,B-000008069
9866,A-000008057,B-000008070
9867,A-000008058,B-000008071
9869,A-000008059,B-000008072
9870,A-000008060,B-000008073
9871,A-000008061,B-000008074
9872,A-000008062,B-000008075
9873,A-000008063,B-000008076
9874,A-000008064,B-000008077
9875,A-000008065,B-000008078
9876,A-000008066,B-000008079
9877,A-000008067,B-000008080
9878,A-000008068,B-000008081
9879,A-000008069,B-000008082
9880,A-000008070,B-000008083
9881,A-000008071,B-000008084
9883,A-000008072,B-000008085
9884,A-000008073,B-000008086
9885,A-000008074,B-000008087
9886,A-000008075,B-000008088
9887,A-000008076,B-000008089
9888,A-000008077,B-000008090
9889,A-000008078,B-000008091
9890,A-000008079,B-000008092
9892,A-000008080,B-000008093
9893,A-000008081,B-000008094
9894,A-000008082,B-000008095
9895,A-000008083,B-000008096
9896,A-000008084,B-000008097
9897,A-000008085,B-000008098
9898,A-000008086,B-000008099
9899,A-000008087,B-000008100
9901,A-000008088,B-000008101
9903,A-000008089,B-000008102
9904,A-000008090,B-000008103
9905,A-000008091,B-000008104
9906,A-000008092,B-000008105
9908,A-000008093,B-000008106
9910,A-000008094,B-000008107
9911,A-000008095,B-000008108
9912,A-000008096,B-000008109
9913,A-000008097,B-000008110
9915,A-000008098,B-000008111
9916,A-000008099,B-000008112
9917,A-000008100,B-000008113
9918,A-000008101,B-000008114
9919,A-000008102,B-000008115
9920,A-000008103,B-000008116
9921,A-000008104,B-000008117
9923,A-000008105,B-000008118
9925,A-000008106,B-000008119
9927,A-000008107,B-000008120
9929,A-000008108,B-000008121
9930,A-000008109,B-000008122
9931,A-000008110,B-000008123
9932,A-000008111,B-000008124
9933,A-000008112,B-000008125
9935,A-000008113,B-000008126
9936,A-000008114,B-000008127
9937,A-000008115,B-000008128
9938,A-000008116,B-000008129
9939,A-000008117,B-000008130
9940,A-000008118,B-000008131
9942,A-000008119,B-000008132
9944,A-000008120,B-000008133
9945,A-000008121,B-000008134
9946,A-000008122,B-000008135
9947,A-000008123,B-000008136
9948,A-000008124,B-000008137
9949,A-000008125,B-000008138
9950,A-000008126,B-000008139
9951,A-000008127,B-000008140
9952,A-000008128,B-000008141
9953,A-000008129,B-000008142
9954,A-000008130,B-000008143
9956,A-000008131,B-000008144
9957,A-000008132,B-000008145
9958,A-000008133,B-000008146
9960,A-000008134,B-000008147
9961,A-000008135,B-000008148
9962,A-000008136,B-000008149
9963,A-000008137,B-000008150
9965,A-000008138,B-000008151
9966,A-000008139,B-000008152
9967,A-000008140,B-000008153
9968,A-000008141,B-000008154
9969,A-000008142,B-000008155
9970,A-000008143,B-000008156
9971,A-000008144,B-000008157
9972,A-000008145,B-000008158
9974,A-000008146,B-000008159
9975,A-000008147,B-000008160
9976,A-000008148,B-000008161
9977,A-000008149,B-000008162
9978,A-000008150,B-000008163
9979,A-000008151,B-000008164
9980,A-000008152,B-000008165
9983,A-000008153,B-000008166
9986,A-000008154,B-000008167
9987,A-000008155,B-000008168
9988,A-000008156,B-000008169
9989,A-000008157,B-000008170
9990,A-000008158,B-000008171
9991,A-000008159,B-000008172
9993,A-000008160,B-000008173
9994,A-000008161,B-000008174
9996,A-000008162,B-000008175
9997,A-000008163,B-000008176
9998,A-000008164,B-000008177
9999,A-000008165,B-000008178
10000,A-000008166,B-000008179
