scenario,family,seed,run_id,topology,records,true_pairs,candidate_pairs,total_possible_pairs,candidate_recall,candidate_seconds,evaluation_seconds,score_artifact,score_sha256,matcher,threshold,tp,fp,fn,predicted,precision,recall,f1,oracle_threshold,oracle_precision,oracle_recall,oracle_f1,closure_tp,closure_fp,closure_fn,closure_precision,closure_recall,closure_f1,b3_precision,b3_recall,b3_f1,predicted_clusters,truth_clusters
adoption_blended_family,household_formation,20260720,2026-07-24_e2_adoption_blended_family_s20260720_seed20260720,link,16342,8165,46535,66765205,1.0,10.46899680000206,21.127581900000223,paper_experiments\results\E2_E6\E2\scores\adoption_blended_family\seed_20260720.parquet,fc82d1c494475dc440fe2c1add3c33ba8d5174727b111770f730e76128da84d8,baseline,0.65,6050,91,2115,6141,0.9851815665201107,0.7409675443968157,0.845798965469034,1.0000000000000002,1.0,0.7409675443968157,0.8512135068589518,6050,91,2115,0.9851815665201107,0.7409675443968157,0.845798965469034,0.992616162852364,0.8705788765145025,0.9276008636860639,10202,8177
adoption_blended_family,household_formation,20260720,2026-07-24_e2_adoption_blended_family_s20260720_seed20260720,link,16342,8165,46535,66765205,1.0,10.46899680000206,21.127581900000223,paper_experiments\results\E2_E6\E2\scores\adoption_blended_family\seed_20260720.parquet,fc82d1c494475dc440fe2c1add3c33ba8d5174727b111770f730e76128da84d8,learned,0.6500030591266042,6099,4,2066,6103,0.9993445846305096,0.7469687691365585,0.8549201009251473,0.006297369377908123,0.9824646269198211,0.9949785670545009,0.9886820007301935,6099,4,2066,0.9993445846305096,0.7469687691365585,0.8549201009251473,0.999755231917758,0.8735772855219679,0.932416913233025,10241,8177
adoption_blended_family,household_formation,20260720,2026-07-24_e2_adoption_blended_family_s20260720_seed20260720,link,16342,8165,46535,66765205,1.0,10.46899680000206,21.127581900000223,paper_experiments\results\E2_E6\E2\scores\adoption_blended_family\seed_20260720.parquet,fc82d1c494475dc440fe2c1add3c33ba8d5174727b111770f730e76128da84d8,splink,0.9986013472769922,6050,2167,2115,8217,0.7362784471218207,0.7409675443968157,0.7386155536564522,0.3880054100290566,0.7881274131274131,1.0,0.8815114709851553,6050,2172,2115,0.7358306981269764,0.7409675443968157,0.738390187343626,0.8241484110471995,0.8705788765145025,0.8467276157486914,8140,8177
adoption_blended_family,household_formation,20260721,2026-07-24_e2_adoption_blended_family_s20260721_seed20260721,link,16336,8164,45997,66716208,1.0,10.665885800000979,21.19204529999115,paper_experiments\results\E2_E6\E2\scores\adoption_blended_family\seed_20260721.parquet,cb287b1bf241549a3e06b56172c87badeec19f8861002e6f9d651538d1c750bf,baseline,0.65,6053,100,2111,6153,0.9837477653177312,0.7414257716805488,0.8455682056296712,1.0000000000000002,1.0,0.7410583047525723,0.8512733924299986,6053,100,2111,0.9837477653177312,0.7414257716805488,0.8455682056296712,0.9920829252366962,0.8707761998041136,0.9274799021737445,10189,8172
adoption_blended_family,household_formation,20260721,2026-07-24_e2_adoption_blended_family_s20260721_seed20260721,link,16336,8164,45997,66716208,1.0,10.665885800000979,21.19204529999115,paper_experiments\results\E2_E6\E2\scores\adoption_blended_family\seed_20260721.parquet,cb287b1bf241549a3e06b56172c87badeec19f8861002e6f9d651538d1c750bf,learned,0.6500030591266042,6088,3,2076,6091,0.9995074700377606,0.7457128858402744,0.854156436338127,0.0062973693779081056,0.9777537277537277,0.9959578637922587,0.9867718446601942,6088,3,2076,0.9995074700377606,0.7457128858402744,0.854156436338127,0.9998163565132223,0.8729187071498531,0.93206820147606,10246,8172
adoption_blended_family,household_formation,20260721,2026-07-24_e2_adoption_blended_family_s20260721_seed20260721,link,16336,8164,45997,66716208,1.0,10.665885800000979,21.19204529999115,paper_experiments\results\E2_E6\E2\scores\adoption_blended_family\seed_20260721.parquet,cb287b1bf241549a3e06b56172c87badeec19f8861002e6f9d651538d1c750bf,splink,0.9986013472769922,6053,2184,2111,8237,0.734854922908826,0.7414257716805488,0.738125724041217,0.3880054100290566,0.7875747636503955,1.0,0.8811656772800862,6053,2193,2111,0.7340528741207858,0.7414257716805488,0.7377209018890921,0.8233839373163565,0.8707761998041136,0.8464171954071912,8128,8172
adoption_blended_family,household_formation,20260722,2026-07-24_e2_adoption_blended_family_s20260722_seed20260722,link,16372,8183,46732,67010587,1.0,13.193287200003397,26.92917810000654,paper_experiments\results\E2_E6\E2\scores\adoption_blended_family\seed_20260722.parquet,9fb6d639d3c8908ee4919b29b64c01e87ace03f460fff316dd61938f4a3cb56a,baseline,0.65,6055,75,2128,6130,0.9877650897226754,0.7399486740804107,0.846083979598966,1.0000000000000002,1.0,0.739337651228156,0.8501370055504813,6055,76,2128,0.9876039797749143,0.7399486740804107,0.8460248707559034,0.9939327306783939,0.8700219887612998,0.9278587317826135,10244,8189
adoption_blended_family,household_formation,20260722,2026-07-24_e2_adoption_blended_family_s20260722_seed20260722,link,16372,8183,46732,67010587,1.0,13.193287200003397,26.92917810000654,paper_experiments\results\E2_E6\E2\scores\adoption_blended_family\seed_20260722.parquet,9fb6d639d3c8908ee4919b29b64c01e87ace03f460fff316dd61938f4a3cb56a,learned,0.6500030591266042,6092,0,2091,6092,1.0,0.7444702431870952,0.8535201401050788,0.006297369377908123,0.9827482205332368,0.9954784308933154,0.9890723652258377,6092,0,2091,1.0,0.7444702431870952,0.8535201401050788,1.0,0.8722819447837772,0.931784817146772,10280,8189
adoption_blended_family,household_formation,20260722,2026-07-24_e2_adoption_blended_family_s20260722_seed20260722,link,16372,8183,46732,67010587,1.0,13.193287200003397,26.92917810000654,paper_experiments\results\E2_E6\E2\scores\adoption_blended_family\seed_20260722.parquet,9fb6d639d3c8908ee4919b29b64c01e87ace03f460fff316dd61938f4a3cb56a,splink,0.9986013472769922,6055,2181,2128,8236,0.7351869839728024,0.7399486740804107,0.7375601437359156,0.3880054100290566,0.7878116876865312,1.0,0.8813139472267096,6055,2189,2128,0.7344735565259582,0.7399486740804107,0.7372009496560542,0.823595162472514,0.8700219887612998,0.8461722304435958,8158,8189
adoption_blended_family,household_formation,20260723,2026-07-24_e2_adoption_blended_family_s20260723_seed20260723,link,16348,8169,45818,66814251,1.0,13.109831100009615,26.608217799992417,paper_experiments\results\E2_E6\E2\scores\adoption_blended_family\seed_20260723.parquet,77f625bf1ea17b1c0f347aaa6a73f5a81db4724676ffe892f71c72a0ad25fb59,baseline,0.65,6056,76,2113,6132,0.9876060013046314,0.7413392092055331,0.8469337808544858,1.0000000000000002,1.0,0.7406047251805606,0.850974048807933,6056,79,2113,0.9871230643846781,0.7413392092055331,0.8467561521252795,0.993842264089389,0.8707487154391974,0.9282323944566221,10220,8179
adoption_blended_family,household_formation,20260723,2026-07-24_e2_adoption_blended_family_s20260723_seed20260723,link,16348,8169,45818,66814251,1.0,13.109831100009615,26.608217799992417,paper_experiments\results\E2_E6\E2\scores\adoption_blended_family\seed_20260723.parquet,77f625bf1ea17b1c0f347aaa6a73f5a81db4724676ffe892f71c72a0ad25fb59,learned,0.6500030591266042,6086,0,2083,6086,1.0,0.7450116293303954,0.8538758330410383,0.006297369377908123,0.981899360444069,0.9960827518668136,0.9889402041808458,6086,0,2083,1.0,0.7450116293303954,0.8538758330410383,1.0,0.8725838022999756,0.9319570117270441,10262,8179
adoption_blended_family,household_formation,20260723,2026-07-24_e2_adoption_blended_family_s20260723_seed20260723,link,16348,8169,45818,66814251,1.0,13.109831100009615,26.608217799992417,paper_experiments\results\E2_E6\E2\scores\adoption_blended_family\seed_20260723.parquet,77f625bf1ea17b1c0f347aaa6a73f5a81db4724676ffe892f71c72a0ad25fb59,splink,0.9986013472769922,6056,2160,2113,8216,0.7370983446932814,0.7413392092055331,0.7392126945376869,0.3880054100290566,0.7881331403762663,1.0,0.8815150534153448,6056,2168,2113,0.7363813229571985,0.7413392092055331,0.7388519490026231,0.8242007177228611,0.8707487154391974,0.8468355482232577,8143,8179
adoption_blended_family,household_formation,20260724,2026-07-24_e2_adoption_blended_family_s20260724_seed20260724,link,16322,8155,45886,66601885,1.0,13.09387969999807,26.7065561000054,paper_experiments\results\E2_E6\E2\scores\adoption_blended_family\seed_20260724.parquet,70c97c455793f517b0a4a079a79b12f87e8be6a4fa49c7dc5b28a0ae1969abef,baseline,0.65,6054,101,2101,6155,0.9835905767668562,0.7423666462293071,0.8461215932914046,1.0000000000000002,1.0,0.7418761496014715,0.8518127419922562,6054,104,2101,0.9831113998051315,0.7423666462293071,0.8459442464892055,0.9917902217865457,0.8712780296532288,0.9276364723618973,10171,8167
adoption_blended_family,household_formation,20260724,2026-07-24_e2_adoption_blended_family_s20260724_seed20260724,link,16322,8155,45886,66601885,1.0,13.09387969999807,26.7065561000054,paper_experiments\results\E2_E6\E2\scores\adoption_blended_family\seed_20260724.parquet,70c97c455793f517b0a4a079a79b12f87e8be6a4fa49c7dc5b28a0ae1969abef,learned,0.6500030591266042,6103,2,2052,6105,0.9996723996723996,0.7483752299202943,0.8559607293127629,0.006297369377908123,0.9786412453240014,0.9944819129368485,0.9864979929448973,6103,2,2052,0.9996723996723996,0.7483752299202943,0.8559607293127629,0.9998774659968142,0.8742801127312829,0.932870313159499,10218,8167
adoption_blended_family,household_formation,20260724,2026-07-24_e2_adoption_blended_family_s20260724_seed20260724,link,16322,8155,45886,66601885,1.0,13.09387969999807,26.7065561000054,paper_experiments\results\E2_E6\E2\scores\adoption_blended_family\seed_20260724.parquet,70c97c455793f517b0a4a079a79b12f87e8be6a4fa49c7dc5b28a0ae1969abef,splink,0.9986013472769922,6055,2146,2100,8201,0.7383245945616388,0.7424892703862661,0.7404010760577159,0.3880054100290566,0.7896010844306739,1.0,0.8824325055456366,6055,2152,2100,0.7377848178384306,0.7424892703862661,0.7401295685124069,0.8250091900502389,0.8713392966548217,0.8475415671085819,8131,8167
adoption_blended_family,household_formation,20260725,2026-07-24_e2_adoption_blended_family_s20260725_seed20260725,link,16336,8162,45404,66716188,1.0,10.52275639999425,21.230367599986494,paper_experiments\results\E2_E6\E2\scores\adoption_blended_family\seed_20260725.parquet,d3c2872979647622a7969b45691513e892ff5b9c5d508842acc3065bd17b1834,baseline,0.65,6055,109,2107,6164,0.9823166774821545,0.741852487135506,0.8453162082926148,1.0000000000000002,1.0,0.7412398921832885,0.8513931888544892,6055,111,2107,0.9819980538436588,0.741852487135506,0.8451982132886655,0.9913157035586027,0.8710210577864839,0.9272832611544739,10178,8174
adoption_blended_family,household_formation,20260725,2026-07-24_e2_adoption_blended_family_s20260725_seed20260725,link,16336,8162,45404,66716188,1.0,10.52275639999425,21.230367599986494,paper_experiments\results\E2_E6\E2\scores\adoption_blended_family\seed_20260725.parquet,d3c2872979647622a7969b45691513e892ff5b9c5d508842acc3065bd17b1834,learned,0.6500030591266042,6099,2,2063,6101,0.9996721848877234,0.7472433227150208,0.855219799481175,0.0062973693779081056,0.980815637065637,0.9959568733153639,0.9883282674772036,6099,2,2063,0.9996721848877234,0.7472433227150208,0.855219799481175,0.9998775710088149,0.8737144955925563,0.9325482779108579,10236,8174
adoption_blended_family,household_formation,20260725,2026-07-24_e2_adoption_blended_family_s20260725_seed20260725,link,16336,8162,45404,66716188,1.0,10.52275639999425,21.230367599986494,paper_experiments\results\E2_E6\E2\scores\adoption_blended_family\seed_20260725.parquet,d3c2872979647622a7969b45691513e892ff5b9c5d508842acc3065bd17b1834,splink,0.9986013472769922,6055,2168,2107,8223,0.7363492642587863,0.741852487135506,0.7390906316753126,0.3880054100290566,0.7882182520521487,1.0,0.8815682885996652,6055,2178,2107,0.7354548767156565,0.741852487135506,0.7386398292162244,0.8238695723147241,0.8710210577864839,0.8467894430601909,8131,8174
adoption_blended_family,household_formation,20260726,2026-07-24_e2_adoption_blended_family_s20260726_seed20260726,link,16321,8156,45298,66593740,1.0,10.508133999988786,20.497168200003216,paper_experiments\results\E2_E6\E2\scores\adoption_blended_family\seed_20260726.parquet,1d9a0ca82f46e49ce93ed74887b25f0e6d9d7bfd3e209a95a06063a4e3363cc7,baseline,0.65,6053,108,2103,6161,0.9824703781853595,0.7421530161844041,0.8455682056296709,1.0000000000000002,1.0,0.7417851888180481,0.8517527805152754,6053,110,2103,0.9821515495700146,0.7421530161844041,0.8454501012640547,0.9911872230051264,0.8711476012499234,0.9272987439902323,10161,8165
adoption_blended_family,household_formation,20260726,2026-07-24_e2_adoption_blended_family_s20260726_seed20260726,link,16321,8156,45298,66593740,1.0,10.508133999988786,20.497168200003216,paper_experiments\results\E2_E6\E2\scores\adoption_blended_family\seed_20260726.parquet,1d9a0ca82f46e49ce93ed74887b25f0e6d9d7bfd3e209a95a06063a4e3363cc7,learned,0.6500030591266042,6090,6,2066,6096,0.9990157480314961,0.7466895537027954,0.8546168958742634,0.0062973693779081056,0.9820953302685701,0.99534085335949,0.9886737303617099,6090,6,2066,0.9990157480314961,0.7466895537027954,0.8546168958742634,0.9996323754671895,0.8734146192022547,0.9322708218701202,10228,8165
adoption_blended_family,household_formation,20260726,2026-07-24_e2_adoption_blended_family_s20260726_seed20260726,link,16321,8156,45298,66593740,1.0,10.508133999988786,20.497168200003216,paper_experiments\results\E2_E6\E2\scores\adoption_blended_family\seed_20260726.parquet,1d9a0ca82f46e49ce93ed74887b25f0e6d9d7bfd3e209a95a06063a4e3363cc7,splink,0.9986013472769922,6053,2160,2103,8213,0.7370023134055765,0.7421530161844041,0.7395686969271182,0.3880054100290566,0.7888577231840603,1.0,0.8819680994863477,6053,2170,2103,0.7361060440228627,0.7421530161844041,0.7391171622199159,0.8244633703000224,0.8711476012499234,0.8471628214327531,8126,8165
adoption_blended_family,household_formation,20260727,2026-07-24_e2_adoption_blended_family_s20260727_seed20260727,link,16341,8164,44820,66757028,1.0,13.27228560000367,26.485662200007937,paper_experiments\results\E2_E6\E2\scores\adoption_blended_family\seed_20260727.parquet,104c9c3601ee3a84af5fd6ee4efa8bc7f835283abee23cd1d98286d7811056d5,baseline,0.65,6053,89,2111,6142,0.9855096059915337,0.7414257716805488,0.8462183699147211,1.0000000000000002,1.0,0.7410583047525723,0.8512733924299986,6053,90,2111,0.9853491779260948,0.7414257716805488,0.8461592227580905,0.9928890520775961,0.870815739550823,0.927854473584735,10202,8177
adoption_blended_family,household_formation,20260727,2026-07-24_e2_adoption_blended_family_s20260727_seed20260727,link,16341,8164,44820,66757028,1.0,13.27228560000367,26.485662200007937,paper_experiments\results\E2_E6\E2\scores\adoption_blended_family\seed_20260727.parquet,104c9c3601ee3a84af5fd6ee4efa8bc7f835283abee23cd1d98286d7811056d5,learned,0.6500030591266042,6093,2,2071,6095,0.9996718621821165,0.7463253307202352,0.8546181359141595,0.0062973693779081056,0.9766770858379418,0.9951004409603136,0.985802693847834,6093,2,2071,0.9996718621821165,0.7463253307202352,0.8546181359141595,0.9998776084694939,0.8732635701609449,0.9322913831134423,10247,8177
adoption_blended_family,household_formation,20260727,2026-07-24_e2_adoption_blended_family_s20260727_seed20260727,link,16341,8164,44820,66757028,1.0,13.27228560000367,26.485662200007937,paper_experiments\results\E2_E6\E2\scores\adoption_blended_family\seed_20260727.parquet,104c9c3601ee3a84af5fd6ee4efa8bc7f835283abee23cd1d98286d7811056d5,splink,0.9986013472769922,6053,2171,2111,8224,0.7360165369649806,0.7414257716805488,0.7387112521357091,0.3880054100290566,0.7868915662650603,1.0,0.8807379038783105,6053,2176,2111,0.7355693279863896,0.7414257716805488,0.7384859391203564,0.824062174897497,0.870815739550823,0.8467941037544325,8138,8177
adoption_blended_family,household_formation,20260728,2026-07-24_e2_adoption_blended_family_s20260728_seed20260728,link,16323,8156,45791,66610052,1.0,13.501795199990738,26.518898800000898,paper_experiments\results\E2_E6\E2\scores\adoption_blended_family\seed_20260728.parquet,677163ef49217e467e7e23c0b8c66f105d4728aa9d90770a5348e050c7aeb3f6,baseline,0.65,6054,91,2102,6145,0.9851912123677787,0.7422756253065228,0.8466540801342564,1.0000000000000002,1.0,0.7417851888180481,0.8517527805152754,6054,92,2102,0.9850309144158802,0.7422756253065228,0.8465948818347084,0.9925667258878067,0.8712246523310666,0.9279457033473176,10179,8167
adoption_blended_family,household_formation,20260728,2026-07-24_e2_adoption_blended_family_s20260728_seed20260728,link,16323,8156,45791,66610052,1.0,13.501795199990738,26.518898800000898,paper_experiments\results\E2_E6\E2\scores\adoption_blended_family\seed_20260728.parquet,677163ef49217e467e7e23c0b8c66f105d4728aa9d90770a5348e050c7aeb3f6,learned,0.6500030591266042,6098,4,2058,6102,0.9993444772205834,0.7476704266797449,0.8553794361060457,0.006297369377908123,0.9804442298406567,0.9958312898479647,0.9880778588807787,6098,4,2058,0.9993444772205834,0.7476704266797449,0.8553794361060457,0.9997549470072903,0.873920235250873,0.9326121056146349,10223,8167
adoption_blended_family,household_formation,20260728,2026-07-24_e2_adoption_blended_family_s20260728_seed20260728,link,16323,8156,45791,66610052,1.0,13.501795199990738,26.518898800000898,paper_experiments\results\E2_E6\E2\scores\adoption_blended_family\seed_20260728.parquet,677163ef49217e467e7e23c0b8c66f105d4728aa9d90770a5348e050c7aeb3f6,splink,0.9986013472769922,6054,2151,2102,8205,0.7378427787934186,0.7422756253065228,0.7400525640242039,0.3880054100290566,0.7893157843801413,1.0,0.8822543133755205,6054,2159,2102,0.7371240715938147,0.7422756253065228,0.7396908791007393,0.8251220159692867,0.8712246523310666,0.8475468545752097,8134,8167
adoption_blended_family,household_formation,20260729,2026-07-24_e2_adoption_blended_family_s20260729_seed20260729,link,16306,8149,44508,66471393,1.0,13.119618699987768,27.139994500001194,paper_experiments\results\E2_E6\E2\scores\adoption_blended_family\seed_20260729.parquet,60eb40b3993bb3ab5755050e6bc98b658912492774ef3073356d26452a8c5bf2,baseline,0.65,6053,104,2096,6157,0.9831086568133831,0.7427905264449626,0.8462183699147211,1.0000000000000002,1.0,0.7424223831144926,0.8521726882174802,6053,106,2096,0.9827894138658874,0.7427905264449626,0.8461000838691641,0.9916288482767079,0.8714583588862995,0.9276680612921228,10153,8157
adoption_blended_family,household_formation,20260729,2026-07-24_e2_adoption_blended_family_s20260729_seed20260729,link,16306,8149,44508,66471393,1.0,13.119618699987768,27.139994500001194,paper_experiments\results\E2_E6\E2\scores\adoption_blended_family\seed_20260729.parquet,60eb40b3993bb3ab5755050e6bc98b658912492774ef3073356d26452a8c5bf2,learned,0.6500030591266042,6083,1,2066,6084,0.9998356344510191,0.7464719597496625,0.8547741164898476,0.006297369377908123,0.9829256478566238,0.9960731378083201,0.9894557201194611,6083,1,2066,0.9998356344510191,0.7464719597496625,0.8547741164898476,0.999938672881148,0.8732981724518583,0.9323376462155868,10222,8157
adoption_blended_family,household_formation,20260729,2026-07-24_e2_adoption_blended_family_s20260729_seed20260729,link,16306,8149,44508,66471393,1.0,13.119618699987768,27.139994500001194,paper_experiments\results\E2_E6\E2\scores\adoption_blended_family\seed_20260729.parquet,60eb40b3993bb3ab5755050e6bc98b658912492774ef3073356d26452a8c5bf2,splink,0.9986013472769922,6053,2162,2096,8215,0.7368228849665247,0.7427905264449626,0.7397946712295284,0.3880054100290566,0.7877235379410343,1.0,0.8812587866335028,6053,2168,2096,0.7362851234642988,0.7427905264449626,0.7395235186316432,0.8245410687272579,0.8714583588862995,0.8473507654403971,8116,8157
asymmetric_source_coverage,emission_noise_coverage,20260720,2026-07-24_e2_asymmetric_source_coverage_s20260720_seed20260720,link,14261,4169,30152,44091828,1.0,9.203554299994721,18.541918200004147,paper_experiments\results\E2_E6\E2\scores\asymmetric_source_coverage\seed_20260720.parquet,0a0b4c091a070b7d68cff5cf0bf277c58eb6f2b97874790151de6ea318226b7e,baseline,0.65,4146,9,23,4155,0.9978339350180505,0.9944830894698968,0.996155694377703,0.6000000000000001,0.9971181556195965,0.9959222835212281,0.9965198607944317,4146,9,23,0.9978339350180505,0.9944830894698968,0.996155694377703,0.9992987869013393,0.9891779445106701,0.9942126094451748,10112,9964
asymmetric_source_coverage,emission_noise_coverage,20260720,2026-07-24_e2_asymmetric_source_coverage_s20260720_seed20260720,link,14261,4169,30152,44091828,1.0,9.203554299994721,18.541918200004147,paper_experiments\results\E2_E6\E2\scores\asymmetric_source_coverage\seed_20260720.parquet,0a0b4c091a070b7d68cff5cf0bf277c58eb6f2b97874790151de6ea318226b7e,learned,0.6500030591266042,4159,0,10,4159,1.0,0.9976013432477813,0.9987992315081652,0.6304418257279977,0.9997596731554914,0.9978412089230031,0.9987995198079231,4159,0,10,1.0,0.9976013432477813,0.9987992315081652,1.0,0.9900895215389289,0.9950200840948062,10105,9964
asymmetric_source_coverage,emission_noise_coverage,20260720,2026-07-24_e2_asymmetric_source_coverage_s20260720_seed20260720,link,14261,4169,30152,44091828,1.0,9.203554299994721,18.541918200004147,paper_experiments\results\E2_E6\E2\scores\asymmetric_source_coverage\seed_20260720.parquet,0a0b4c091a070b7d68cff5cf0bf277c58eb6f2b97874790151de6ea318226b7e,splink,0.9986013472769922,4146,28,23,4174,0.9932918064206996,0.9944830894698968,0.9938870909744697,0.5827268764206824,0.9918951132300358,0.998081074598225,0.9949784791965566,4146,34,23,0.991866028708134,0.9944830894698968,0.9931728350700683,0.9974055115349555,0.9891779445106701,0.9932746905157971,10096,9964
asymmetric_source_coverage,emission_noise_coverage,20260721,2026-07-24_e2_asymmetric_source_coverage_s20260721_seed20260721,link,14260,4178,30135,44087296,1.0,9.096078500006115,18.45929799998703,paper_experiments\results\E2_E6\E2\scores\asymmetric_source_coverage\seed_20260721.parquet,80cc894efc43275d66ae16c638b924866f2eb6c4973f5fc59ec2aa3f8f4d68b1,baseline,0.65,4161,3,17,4164,0.9992795389048992,0.9959310674964098,0.997602493406857,0.6000000000000001,0.9988003838771593,0.9964097654380086,0.9976036424634556,4161,3,17,0.9992795389048992,0.9959310674964098,0.997602493406857,0.9997428705002338,0.9902641421224871,0.9949809319457705,10098,9963
asymmetric_source_coverage,emission_noise_coverage,20260721,2026-07-24_e2_asymmetric_source_coverage_s20260721_seed20260721,link,14260,4178,30135,44087296,1.0,9.096078500006115,18.45929799998703,paper_experiments\results\E2_E6\E2\scores\asymmetric_source_coverage\seed_20260721.parquet,80cc894efc43275d66ae16c638b924866f2eb6c4973f5fc59ec2aa3f8f4d68b1,learned,0.6500030591266042,4167,0,11,4167,1.0,0.9973671613212063,0.998681845416417,0.35129923122999834,0.9992812649736463,0.998324557204404,0.9988026819923371,4167,0,11,1.0,0.9973671613212063,0.998681845416417,1.0,0.9906498363721364,0.9953029591357445,10096,9963
asymmetric_source_coverage,emission_noise_coverage,20260721,2026-07-24_e2_asymmetric_source_coverage_s20260721_seed20260721,link,14260,4178,30135,44087296,1.0,9.096078500006115,18.45929799998703,paper_experiments\results\E2_E6\E2\scores\asymmetric_source_coverage\seed_20260721.parquet,80cc894efc43275d66ae16c638b924866f2eb6c4973f5fc59ec2aa3f8f4d68b1,splink,0.9986013472769922,4161,20,17,4181,0.9952164553934465,0.9959310674964098,0.995573633209714,0.5827268764206824,0.9938006676204101,0.9976065102920058,0.9956999522216914,4161,21,17,0.9949784791965567,0.9959310674964098,0.9954545454545455,0.9982468443197756,0.9902641421224871,0.9942394702937236,10084,9963
asymmetric_source_coverage,emission_noise_coverage,20260722,2026-07-24_e2_asymmetric_source_coverage_s20260722_seed20260722,link,14278,4183,30239,44168872,1.0,11.133821199997328,23.067516100010835,paper_experiments\results\E2_E6\E2\scores\asymmetric_source_coverage\seed_20260722.parquet,f3b9c42d0b02f573c9e7d422cb01449540374dbf29e8b24d3a6a9aaf943321a1,baseline,0.65,4169,6,14,4175,0.998562874251497,0.9966531197704996,0.9976070830342187,0.6000000000000001,0.9980865821573787,0.9976093712646426,0.9978479196556671,4169,6,14,0.998562874251497,0.9966531197704996,0.9976070830342187,0.999556427137321,0.990218051080917,0.9948653257545339,10109,9974
asymmetric_source_coverage,emission_noise_coverage,20260722,2026-07-24_e2_asymmetric_source_coverage_s20260722_seed20260722,link,14278,4183,30239,44168872,1.0,11.133821199997328,23.067516100010835,paper_experiments\results\E2_E6\E2\scores\asymmetric_source_coverage\seed_20260722.parquet,f3b9c42d0b02f573c9e7d422cb01449540374dbf29e8b24d3a6a9aaf943321a1,learned,0.6500030591266042,4180,3,3,4183,0.9992828113793928,0.9992828113793928,0.9992828113793928,0.3724000734235433,0.9992831541218637,0.9997609371264643,0.9995219885277247,4180,3,3,0.9992828113793928,0.9992828113793928,0.9992828113793928,0.9997665405985899,0.9910118130457113,0.9953699267498398,10100,9974
asymmetric_source_coverage,emission_noise_coverage,20260722,2026-07-24_e2_asymmetric_source_coverage_s20260722_seed20260722,link,14278,4183,30239,44168872,1.0,11.133821199997328,23.067516100010835,paper_experiments\results\E2_E6\E2\scores\asymmetric_source_coverage\seed_20260722.parquet,f3b9c42d0b02f573c9e7d422cb01449540374dbf29e8b24d3a6a9aaf943321a1,splink,0.9986013472769922,4169,23,14,4192,0.9945133587786259,0.9966531197704996,0.9955820895522388,0.5827268764206824,0.9938183547313362,0.9992828113793928,0.9965430921444749,4169,25,14,0.9940391034811635,0.9966531197704996,0.9953443953682704,0.998080963720409,0.99028808890134,0.9941692552780989,10095,9974
asymmetric_source_coverage,emission_noise_coverage,20260723,2026-07-24_e2_asymmetric_source_coverage_s20260723_seed20260723,link,14264,4172,29922,44105424,1.0,11.223579999990761,22.813011000005645,paper_experiments\results\E2_E6\E2\scores\asymmetric_source_coverage\seed_20260723.parquet,9e41bd79c1a1e942ea360b97cd0899b68a29f10e4a98266f10870e4859cf916a,baseline,0.65,4154,2,18,4156,0.9995187680461982,0.9956855225311602,0.9975984630163305,0.5944444444444446,0.9985594237695078,0.9968839884947267,0.9977210027587861,4154,2,18,0.9995187680461982,0.9956855225311602,0.9975984630163305,0.9998130491680687,0.9898345485137409,0.9947987767024556,10109,9966
asymmetric_source_coverage,emission_noise_coverage,20260723,2026-07-24_e2_asymmetric_source_coverage_s20260723_seed20260723,link,14264,4172,29922,44105424,1.0,11.223579999990761,22.813011000005645,paper_experiments\results\E2_E6\E2\scores\asymmetric_source_coverage\seed_20260723.parquet,9e41bd79c1a1e942ea360b97cd0899b68a29f10e4a98266f10870e4859cf916a,learned,0.6500030591266042,4164,1,8,4165,0.9997599039615847,0.9980824544582934,0.9989204749910039,0.46074441027842555,0.9995202686495562,0.9988015340364333,0.9991607720896775,4164,1,8,0.9997599039615847,0.9980824544582934,0.9989204749910039,0.9999065245840344,0.9905356141334829,0.9951990104500961,10100,9966
asymmetric_source_coverage,emission_noise_coverage,20260723,2026-07-24_e2_asymmetric_source_coverage_s20260723_seed20260723,link,14264,4172,29922,44105424,1.0,11.223579999990761,22.813011000005645,paper_experiments\results\E2_E6\E2\scores\asymmetric_source_coverage\seed_20260723.parquet,9e41bd79c1a1e942ea360b97cd0899b68a29f10e4a98266f10870e4859cf916a,splink,0.9986013472769922,4154,15,18,4169,0.9964020148716719,0.9956855225311602,0.9960436398513367,0.5827268764206824,0.9947468958930277,0.99856184084372,0.9966507177033492,4154,18,18,0.9956855225311602,0.9956855225311602,0.9956855225311602,0.9985464572817349,0.9898345485137409,0.9941714176836465,10098,9966
asymmetric_source_coverage,emission_noise_coverage,20260724,2026-07-24_e2_asymmetric_source_coverage_s20260724_seed20260724,link,14251,4182,30615,44046508,0.9997608799617408,11.299393799999962,22.905897600008757,paper_experiments\results\E2_E6\E2\scores\asymmetric_source_coverage\seed_20260724.parquet,69537722591161ecbdc8ad87fa0e44f3bc42ad6f98d7c8c300402f51949bea85,baseline,0.65,4161,1,21,4162,0.9997597308986065,0.9949784791965567,0.9973633748801535,0.6000000000000001,0.9985625299472928,0.9966523194643712,0.9976065102920058,4161,1,21,0.9997597308986065,0.9949784791965567,0.9973633748801535,0.9999064393142003,0.9905620658199424,0.9952123187068331,10091,9958
asymmetric_source_coverage,emission_noise_coverage,20260724,2026-07-24_e2_asymmetric_source_coverage_s20260724_seed20260724,link,14251,4182,30615,44046508,0.9997608799617408,11.299393799999962,22.905897600008757,paper_experiments\results\E2_E6\E2\scores\asymmetric_source_coverage\seed_20260724.parquet,69537722591161ecbdc8ad87fa0e44f3bc42ad6f98d7c8c300402f51949bea85,learned,0.6500030591266042,4179,0,3,4179,1.0,0.9992826398852224,0.9996411912450663,0.4379478511039682,0.9997608227696724,0.9995217599234816,0.9996412770536889,4179,0,3,1.0,0.9992826398852224,0.9996411912450663,1.0,0.9918602203354151,0.9959134784753046,10074,9958
asymmetric_source_coverage,emission_noise_coverage,20260724,2026-07-24_e2_asymmetric_source_coverage_s20260724_seed20260724,link,14251,4182,30615,44046508,0.9997608799617408,11.299393799999962,22.905897600008757,paper_experiments\results\E2_E6\E2\scores\asymmetric_source_coverage\seed_20260724.parquet,69537722591161ecbdc8ad87fa0e44f3bc42ad6f98d7c8c300402f51949bea85,splink,0.9986013472769922,4161,28,21,4189,0.9933158271663881,0.9949784791965567,0.9941464580097957,0.5827268764206824,0.9919278252611586,0.9990435198469632,0.9954729568739576,4161,30,21,0.9928418038654259,0.9949784791965567,0.9939089931924041,0.9975206418263046,0.9905620658199424,0.994029175813665,10069,9958
asymmetric_source_coverage,emission_noise_coverage,20260725,2026-07-24_e2_asymmetric_source_coverage_s20260725_seed20260725,link,14258,4161,29456,44078232,0.9997596731554914,10.012270399995032,19.805299999992712,paper_experiments\results\E2_E6\E2\scores\asymmetric_source_coverage\seed_20260725.parquet,967625f481281b15d5fe34860ba141981a5749d3151082d5f53e9abb301c7e00,baseline,0.65,4142,5,19,4147,0.9987943091391367,0.9954337899543378,0.9971112181030333,0.6000000000000001,0.9985552612569227,0.9966354241768806,0.997594419052201,4142,5,19,0.9987943091391367,0.9954337899543378,0.9971112181030333,0.9996259409921915,0.9889886379576378,0.9942788394632717,10116,9962
asymmetric_source_coverage,emission_noise_coverage,20260725,2026-07-24_e2_asymmetric_source_coverage_s20260725_seed20260725,link,14258,4161,29456,44078232,0.9997596731554914,10.012270399995032,19.805299999992712,paper_experiments\results\E2_E6\E2\scores\asymmetric_source_coverage\seed_20260725.parquet,967625f481281b15d5fe34860ba141981a5749d3151082d5f53e9abb301c7e00,learned,0.6500030591266042,4154,0,7,4154,1.0,0.9983177120884402,0.9991581479254359,0.6304418257279977,1.0,0.9985580389329488,0.9992784992784992,4154,0,7,1.0,0.9983177120884402,0.9991581479254359,1.0,0.9897601346612428,0.9948537187169545,10108,9962
asymmetric_source_coverage,emission_noise_coverage,20260725,2026-07-24_e2_asymmetric_source_coverage_s20260725_seed20260725,link,14258,4161,29456,44078232,0.9997596731554914,10.012270399995032,19.805299999992712,paper_experiments\results\E2_E6\E2\scores\asymmetric_source_coverage\seed_20260725.parquet,967625f481281b15d5fe34860ba141981a5749d3151082d5f53e9abb301c7e00,splink,0.9986013472769922,4142,31,19,4173,0.9925712916367122,0.9954337899543378,0.994000479961603,0.5827268764206824,0.9921203438395415,0.9985580389329488,0.9953287818900467,4142,31,19,0.9925712916367122,0.9954337899543378,0.994000479961603,0.9975569271052509,0.9890587740216019,0.9932896742735199,10096,9962
asymmetric_source_coverage,emission_noise_coverage,20260726,2026-07-24_e2_asymmetric_source_coverage_s20260726_seed20260726,link,14252,4165,29938,44051040,0.9997599039615847,8.93873480000184,18.363081699993927,paper_experiments\results\E2_E6\E2\scores\asymmetric_source_coverage\seed_20260726.parquet,952995cde7577c19fbec9f7b4e401d67f21d6aa70f3fd72c59d64cf9a2c0d36f,baseline,0.65,4146,5,19,4151,0.9987954709708504,0.995438175270108,0.9971139971139972,0.65,0.9987954709708504,0.995438175270108,0.9971139971139972,4146,5,19,0.9987954709708504,0.995438175270108,0.9971139971139972,0.9995907007203667,0.9895921040321827,0.9945662734802541,10103,9959
asymmetric_source_coverage,emission_noise_coverage,20260726,2026-07-24_e2_asymmetric_source_coverage_s20260726_seed20260726,link,14252,4165,29938,44051040,0.9997599039615847,8.93873480000184,18.363081699993927,paper_experiments\results\E2_E6\E2\scores\asymmetric_source_coverage\seed_20260726.parquet,952995cde7577c19fbec9f7b4e401d67f21d6aa70f3fd72c59d64cf9a2c0d36f,learned,0.6500030591266042,4156,2,9,4158,0.9995189995189995,0.9978391356542617,0.9986783611678481,0.6304418257279977,0.9995191151719163,0.9980792316926771,0.9987986544930322,4156,2,9,0.9995189995189995,0.9978391356542617,0.9986783611678481,0.9998128917578818,0.9902937599401255,0.9950305597649632,10095,9959
asymmetric_source_coverage,emission_noise_coverage,20260726,2026-07-24_e2_asymmetric_source_coverage_s20260726_seed20260726,link,14252,4165,29938,44051040,0.9997599039615847,8.93873480000184,18.363081699993927,paper_experiments\results\E2_E6\E2\scores\asymmetric_source_coverage\seed_20260726.parquet,952995cde7577c19fbec9f7b4e401d67f21d6aa70f3fd72c59d64cf9a2c0d36f,splink,0.9986013472769922,4146,31,19,4177,0.9925784055542255,0.995438175270108,0.9940062335171421,0.5827268764206824,0.9900023803856225,0.9985594237695078,0.9942624910351422,4146,35,19,0.9916287969385315,0.995438175270108,0.99352983465133,0.9973524183740293,0.9895921040321827,0.9934571066585264,10082,9959
asymmetric_source_coverage,emission_noise_coverage,20260727,2026-07-24_e2_asymmetric_source_coverage_s20260727_seed20260727,link,14260,4176,29143,44087296,0.9997605363984674,11.38383029999386,23.11885440000333,paper_experiments\results\E2_E6\E2\scores\asymmetric_source_coverage\seed_20260727.parquet,07352047c90185cded5b2d22febedf9f433b830efc03809b5ea56f0cb52ea5ea,baseline,0.65,4162,3,14,4165,0.999279711884754,0.9966475095785441,0.9979618750749312,0.6000000000000001,0.9980838323353294,0.9978448275862069,0.9979643156508202,4162,3,14,0.999279711884754,0.9966475095785441,0.9979618750749312,0.9997194950911641,0.9903927068723702,0.9950342456867762,10097,9963
asymmetric_source_coverage,emission_noise_coverage,20260727,2026-07-24_e2_asymmetric_source_coverage_s20260727_seed20260727,link,14260,4176,29143,44087296,0.9997605363984674,11.38383029999386,23.11885440000333,paper_experiments\results\E2_E6\E2\scores\asymmetric_source_coverage\seed_20260727.parquet,07352047c90185cded5b2d22febedf9f433b830efc03809b5ea56f0cb52ea5ea,learned,0.6500030591266042,4170,2,6,4172,0.9995206136145733,0.9985632183908046,0.9990416866315286,0.5584081875283505,0.9995207284926911,0.9988026819923371,0.9991615762366751,4170,2,6,0.9995206136145733,0.9985632183908046,0.9990416866315286,0.9998129967274426,0.9909537166900421,0.995363643991463,10090,9963
asymmetric_source_coverage,emission_noise_coverage,20260727,2026-07-24_e2_asymmetric_source_coverage_s20260727_seed20260727,link,14260,4176,29143,44087296,0.9997605363984674,11.38383029999386,23.11885440000333,paper_experiments\results\E2_E6\E2\scores\asymmetric_source_coverage\seed_20260727.parquet,07352047c90185cded5b2d22febedf9f433b830efc03809b5ea56f0cb52ea5ea,splink,0.9986013472769922,4162,33,14,4195,0.9921334922526818,0.9966475095785441,0.9943853780910287,0.5827268764206824,0.9916765755053508,0.9985632183908046,0.9951079823410095,4162,38,14,0.9909523809523809,0.9966475095785441,0.9937917860553964,0.997183263207106,0.9903927068723702,0.9937763850666982,10075,9963
asymmetric_source_coverage,emission_noise_coverage,20260728,2026-07-24_e2_asymmetric_source_coverage_s20260728_seed20260728,link,14252,4172,30560,44051040,1.0,11.302463799991529,22.98171480000019,paper_experiments\results\E2_E6\E2\scores\asymmetric_source_coverage\seed_20260728.parquet,057790053a6865e4cbee7c2321f8417fae3f16361a985895450acee3574d8e57,baseline,0.65,4138,5,34,4143,0.9987931450639633,0.9918504314477469,0.9953096812988573,0.6000000000000001,0.9975938402309913,0.9937679769894535,0.9956772334293947,4138,5,34,0.9987931450639633,0.9918504314477469,0.9953096812988573,0.9996257835157638,0.9889606137150342,0.994264598941018,10113,9959
asymmetric_source_coverage,emission_noise_coverage,20260728,2026-07-24_e2_asymmetric_source_coverage_s20260728_seed20260728,link,14252,4172,30560,44051040,1.0,11.302463799991529,22.98171480000019,paper_experiments\results\E2_E6\E2\scores\asymmetric_source_coverage\seed_20260728.parquet,057790053a6865e4cbee7c2321f8417fae3f16361a985895450acee3574d8e57,learned,0.6500030591266042,4158,0,14,4158,1.0,0.9966442953020134,0.9983193277310924,0.3761702945034975,0.9997596731554914,0.99712368168744,0.9984399375975038,4158,0,14,1.0,0.9966442953020134,0.9983193277310924,1.0,0.9903639255309196,0.9951586368977673,10096,9959
asymmetric_source_coverage,emission_noise_coverage,20260728,2026-07-24_e2_asymmetric_source_coverage_s20260728_seed20260728,link,14252,4172,30560,44051040,1.0,11.302463799991529,22.98171480000019,paper_experiments\results\E2_E6\E2\scores\asymmetric_source_coverage\seed_20260728.parquet,057790053a6865e4cbee7c2321f8417fae3f16361a985895450acee3574d8e57,splink,0.9986013472769922,4138,26,34,4164,0.9937560038424592,0.9918504314477469,0.9928023032629559,0.5827268764206824,0.9921278625954199,0.9968839884947267,0.9945002391200383,4138,26,34,0.9937560038424592,0.9918504314477469,0.9928023032629559,0.9980002806623631,0.9889606137150342,0.9934598842327921,10098,9959
asymmetric_source_coverage,emission_noise_coverage,20260729,2026-07-24_e2_asymmetric_source_coverage_s20260729_seed20260729,link,14244,4149,29620,44014784,1.0,11.027163700011442,22.8846404000069,paper_experiments\results\E2_E6\E2\scores\asymmetric_source_coverage\seed_20260729.parquet,bdfc0dae2ac7214cf05fb96c9cc7ffbf1bab9bcff053b2edce6568231f5b580d,baseline,0.65,4125,7,24,4132,0.9983059051306873,0.9942154736080984,0.9962564907619853,0.6000000000000001,0.9973449191407193,0.9959026271390696,0.9966232513265798,4125,8,24,0.9980643600290346,0.9942154736080984,0.9961361989857523,0.9993634746793971,0.9883459702330806,0.993824188465334,10115,9955
asymmetric_source_coverage,emission_noise_coverage,20260729,2026-07-24_e2_asymmetric_source_coverage_s20260729_seed20260729,link,14244,4149,29620,44014784,1.0,11.027163700011442,22.8846404000069,paper_experiments\results\E2_E6\E2\scores\asymmetric_source_coverage\seed_20260729.parquet,bdfc0dae2ac7214cf05fb96c9cc7ffbf1bab9bcff053b2edce6568231f5b580d,learned,0.6500030591266042,4142,0,7,4142,1.0,0.9983128464690287,0.9991557110119407,0.43224373303706876,0.9997587454764777,0.9987948903350204,0.999276585483482,4142,0,7,1.0,0.9983128464690287,0.9991557110119407,1.0,0.9895394552092109,0.9947422280249832,10104,9955
asymmetric_source_coverage,emission_noise_coverage,20260729,2026-07-24_e2_asymmetric_source_coverage_s20260729_seed20260729,link,14244,4149,29620,44014784,1.0,11.027163700011442,22.8846404000069,paper_experiments\results\E2_E6\E2\scores\asymmetric_source_coverage\seed_20260729.parquet,bdfc0dae2ac7214cf05fb96c9cc7ffbf1bab9bcff053b2edce6568231f5b580d,splink,0.9986013472769922,4125,25,24,4150,0.9939759036144579,0.9942154736080984,0.9940956741776118,0.5827268764206824,0.9920977011494253,0.9985538684020245,0.9953153153153154,4125,31,24,0.9925409047160731,0.9942154736080984,0.9933774834437087,0.9975264438828044,0.9883459702330806,0.9929149868889543,10098,9955
clean_baseline_linkage,clean_mobility,20260720,2026-07-24_e2_clean_baseline_linkage_s20260720_seed20260720,link,19527,9516,66561,95308902,1.0,12.471498699989752,25.09882070000458,paper_experiments\results\E2_E6\E2\scores\clean_baseline_linkage\seed_20260720.parquet,037a9a118941d6f547d970be076adf71983956599d3ce501413d00cd5d4578c3,baseline,0.65,9511,12,5,9523,0.9987398928908957,0.9994745691467003,0.9991070959609223,0.65,0.9987398928908957,0.9994745691467003,0.9991070959609223,9511,12,5,0.9987398928908957,0.9994745691467003,0.9991070959609223,0.9993854662774619,0.9989757771291033,0.9991805797075727,10012,9998
clean_baseline_linkage,clean_mobility,20260720,2026-07-24_e2_clean_baseline_linkage_s20260720_seed20260720,link,19527,9516,66561,95308902,1.0,12.471498699989752,25.09882070000458,paper_experiments\results\E2_E6\E2\scores\clean_baseline_linkage\seed_20260720.parquet,037a9a118941d6f547d970be076adf71983956599d3ce501413d00cd5d4578c3,learned,0.6500030591266042,9516,4,0,9520,0.9995798319327731,1.0,0.9997898718218113,0.6500030591266042,0.9995798319327731,1.0,0.9997898718218113,9516,4,0,0.9995798319327731,1.0,0.9997898718218113,0.9997951554258206,0.9992318328468275,0.9995134147646272,10011,9998
clean_baseline_linkage,clean_mobility,20260720,2026-07-24_e2_clean_baseline_linkage_s20260720_seed20260720,link,19527,9516,66561,95308902,1.0,12.471498699989752,25.09882070000458,paper_experiments\results\E2_E6\E2\scores\clean_baseline_linkage\seed_20260720.parquet,037a9a118941d6f547d970be076adf71983956599d3ce501413d00cd5d4578c3,splink,0.9986013472769922,9511,42,5,9553,0.9956034753480582,0.9994745691467003,0.9975352666631706,0.9986013472769922,0.9956034753480582,0.9994745691467003,0.9975352666631706,9511,43,5,0.9954992673225874,0.9994745691467003,0.9974829575249083,0.9977467096840272,0.9989757771291033,0.998360865134974,9995,9998
clean_baseline_linkage,clean_mobility,20260721,2026-07-24_e2_clean_baseline_linkage_s20260721_seed20260721,link,19526,9516,66619,95299008,1.0,12.631697800010443,25.22595540000475,paper_experiments\results\E2_E6\E2\scores\clean_baseline_linkage\seed_20260721.parquet,bab054e05958c2b32e853dc211e8158d934decec85fa3d2a1640883c275426f9,baseline,0.65,9511,10,5,9521,0.9989496901585968,0.9994745691467003,0.9992120607238535,0.6166666666666668,0.9988449018166544,0.9995796553173603,0.9992121434949315,9511,11,5,0.9988447805082966,0.9994745691467003,0.9991595755856707,0.9994195773157156,0.9989757246747926,0.999197601704414,10012,9998
clean_baseline_linkage,clean_mobility,20260721,2026-07-24_e2_clean_baseline_linkage_s20260721_seed20260721,link,19526,9516,66619,95299008,1.0,12.631697800010443,25.22595540000475,paper_experiments\results\E2_E6\E2\scores\clean_baseline_linkage\seed_20260721.parquet,bab054e05958c2b32e853dc211e8158d934decec85fa3d2a1640883c275426f9,learned,0.6500030591266042,9516,1,0,9517,0.999894924871283,1.0,0.9999474596753007,0.6500030591266042,0.999894924871283,1.0,0.9999474596753007,9516,1,0,0.999894924871283,1.0,0.9999474596753007,0.9999317149783193,0.9992317935060945,0.9995816317184449,10012,9998
clean_baseline_linkage,clean_mobility,20260721,2026-07-24_e2_clean_baseline_linkage_s20260721_seed20260721,link,19526,9516,66619,95299008,1.0,12.631697800010443,25.22595540000475,paper_experiments\results\E2_E6\E2\scores\clean_baseline_linkage\seed_20260721.parquet,bab054e05958c2b32e853dc211e8158d934decec85fa3d2a1640883c275426f9,splink,0.9986013472769922,9511,41,5,9552,0.9957077051926299,0.9994745691467003,0.9975875812880218,0.9986013472769922,0.9957077051926299,0.9994745691467003,0.9975875812880218,9511,41,5,0.9957077051926299,0.9994745691467003,0.9975875812880218,0.9977943937997199,0.9989757246747926,0.998384709787256,9994,9998
clean_baseline_linkage,clean_mobility,20260722,2026-07-24_e2_clean_baseline_linkage_s20260722_seed20260722,link,19545,9536,67018,95486994,1.0,12.589723400000366,26.505749100004323,paper_experiments\results\E2_E6\E2\scores\clean_baseline_linkage\seed_20260722.parquet,cd9cf955bd12f89b9009b8b0429b293d3b8fe8de16881b03dc9778c9189a5e50,baseline,0.65,9532,13,4,9545,0.9986380303823992,0.9995805369127517,0.9991090613699491,0.65,0.9986380303823992,0.9995805369127517,0.9991090613699491,9532,13,4,0.9986380303823992,0.9995805369127517,0.9991090613699491,0.9993178135925642,0.9992325402916347,0.9992751751228969,10007,9999
clean_baseline_linkage,clean_mobility,20260722,2026-07-24_e2_clean_baseline_linkage_s20260722_seed20260722,link,19545,9536,67018,95486994,1.0,12.589723400000366,26.505749100004323,paper_experiments\results\E2_E6\E2\scores\clean_baseline_linkage\seed_20260722.parquet,cd9cf955bd12f89b9009b8b0429b293d3b8fe8de16881b03dc9778c9189a5e50,learned,0.6500030591266042,9534,6,2,9540,0.9993710691823899,0.9997902684563759,0.9995806248689453,0.8136698834838333,1.0,0.9996854026845637,0.9998426765955215,9534,6,2,0.9993710691823899,0.9997902684563759,0.9995806248689453,0.9997066598448026,0.9993348682527501,0.9995207294749603,10009,9999
clean_baseline_linkage,clean_mobility,20260722,2026-07-24_e2_clean_baseline_linkage_s20260722_seed20260722,link,19545,9536,67018,95486994,1.0,12.589723400000366,26.505749100004323,paper_experiments\results\E2_E6\E2\scores\clean_baseline_linkage\seed_20260722.parquet,cd9cf955bd12f89b9009b8b0429b293d3b8fe8de16881b03dc9778c9189a5e50,splink,0.9986013472769922,9531,50,5,9581,0.9947813380649202,0.9994756711409396,0.997122979547,0.9986013472769922,0.9947813380649202,0.9994756711409396,0.997122979547,9531,51,5,0.9946775203506575,0.9994756711409396,0.9970708233078774,0.9973053636906284,0.999181376311077,0.9982424885967137,9987,9999
clean_baseline_linkage,clean_mobility,20260723,2026-07-24_e2_clean_baseline_linkage_s20260723_seed20260723,link,19530,9519,65461,95338584,1.0,16.21837569998752,32.07046149999951,paper_experiments\results\E2_E6\E2\scores\clean_baseline_linkage\seed_20260723.parquet,bca517c532c16e58316824d0ede50f51fbe3f4ad7860678d3f0ed32b8c853a6e,baseline,0.65,9511,11,8,9522,0.9988447805082966,0.9991595755856708,0.9990021532482538,0.65,0.9988447805082966,0.9991595755856708,0.9990021532482538,9511,11,8,0.9988447805082966,0.9991595755856708,0.9990021532482538,0.9994196961938898,0.9989076634237923,0.9991636142095898,10013,9998
clean_baseline_linkage,clean_mobility,20260723,2026-07-24_e2_clean_baseline_linkage_s20260723_seed20260723,link,19530,9519,65461,95338584,1.0,16.21837569998752,32.07046149999951,paper_experiments\results\E2_E6\E2\scores\clean_baseline_linkage\seed_20260723.parquet,bca517c532c16e58316824d0ede50f51fbe3f4ad7860678d3f0ed32b8c853a6e,learned,0.6500030591266042,9517,3,2,9520,0.9996848739495798,0.9997898938964177,0.9997373811649771,0.9228379103134963,0.9998949359109056,0.9997898938964177,0.9998424121447707,9517,3,2,0.9996848739495798,0.9997898938964177,0.9997373811649771,0.9998293224099676,0.9992148830858507,0.9995220083188611,10011,9998
clean_baseline_linkage,clean_mobility,20260723,2026-07-24_e2_clean_baseline_linkage_s20260723_seed20260723,link,19530,9519,65461,95338584,1.0,16.21837569998752,32.07046149999951,paper_experiments\results\E2_E6\E2\scores\clean_baseline_linkage\seed_20260723.parquet,bca517c532c16e58316824d0ede50f51fbe3f4ad7860678d3f0ed32b8c853a6e,splink,0.9986013472769922,9510,30,9,9540,0.9968553459119497,0.9990545225338796,0.9979537226507162,0.9986013472769922,0.9968553459119497,0.9990545225338796,0.9979537226507162,9510,30,9,0.9968553459119497,0.9990545225338796,0.9979537226507162,0.9984775558969107,0.9988564601467826,0.9986669720818312,10005,9998
clean_baseline_linkage,clean_mobility,20260724,2026-07-24_e2_clean_baseline_linkage_s20260724_seed20260724,link,19517,9511,66365,95209962,1.0,16.186876300009317,31.94052209999063,paper_experiments\results\E2_E6\E2\scores\clean_baseline_linkage\seed_20260724.parquet,bcf02b1930a9fecb837aff17b6c843dc76f152d5b25603b2869f2fc2f1f14672,baseline,0.65,9507,3,4,9510,0.9996845425867508,0.9995794343391862,0.9996319857000157,0.65,0.9996845425867508,0.9995794343391862,0.9996319857000157,9507,3,4,0.9996845425867508,0.9995794343391862,0.9996319857000157,0.9998462878516166,0.9993851514064661,0.9996156664468993,10008,9998
clean_baseline_linkage,clean_mobility,20260724,2026-07-24_e2_clean_baseline_linkage_s20260724_seed20260724,link,19517,9511,66365,95209962,1.0,16.186876300009317,31.94052209999063,paper_experiments\results\E2_E6\E2\scores\clean_baseline_linkage\seed_20260724.parquet,bcf02b1930a9fecb837aff17b6c843dc76f152d5b25603b2869f2fc2f1f14672,learned,0.6500030591266042,9511,0,0,9511,1.0,1.0,1.0,0.8136698834838333,1.0,1.0,1.0,9511,0,0,1.0,1.0,1.0,1.0,0.9995901009376441,0.9997950084559013,10006,9998
clean_baseline_linkage,clean_mobility,20260724,2026-07-24_e2_clean_baseline_linkage_s20260724_seed20260724,link,19517,9511,66365,95209962,1.0,16.186876300009317,31.94052209999063,paper_experiments\results\E2_E6\E2\scores\clean_baseline_linkage\seed_20260724.parquet,bcf02b1930a9fecb837aff17b6c843dc76f152d5b25603b2869f2fc2f1f14672,splink,0.9986013472769922,9506,43,5,9549,0.9954969106712744,0.9994742929239827,0.9974816369359916,0.9986013472769922,0.9954969106712744,0.9994742929239827,0.9974816369359916,9506,43,5,0.9954969106712744,0.9994742929239827,0.9974816369359916,0.9977421393315228,0.9993339140236717,0.9985373923135062,9987,9998
clean_baseline_linkage,clean_mobility,20260725,2026-07-24_e2_clean_baseline_linkage_s20260725_seed20260725,link,19524,9520,65482,95279220,1.0,16.374043999996502,32.296426800006884,paper_experiments\results\E2_E6\E2\scores\clean_baseline_linkage\seed_20260725.parquet,352958132e81378d4ba7dd3d86a316cb72e9b71bf8eb02b51d5c0449f9755c6f,baseline,0.65,9514,13,6,9527,0.9986354571218642,0.9993697478991597,0.9990024675801964,0.628125,0.9986356003358522,0.9994747899159664,0.9990550188996221,9514,15,6,0.9984258579074404,0.9993697478991597,0.9988975799254555,0.9992146418083727,0.9993853718500307,0.9992999995369104,10002,9998
clean_baseline_linkage,clean_mobility,20260725,2026-07-24_e2_clean_baseline_linkage_s20260725_seed20260725,link,19524,9520,65482,95279220,1.0,16.374043999996502,32.296426800006884,paper_experiments\results\E2_E6\E2\scores\clean_baseline_linkage\seed_20260725.parquet,352958132e81378d4ba7dd3d86a316cb72e9b71bf8eb02b51d5c0449f9755c6f,learned,0.6500030591266042,9519,6,1,9525,0.9993700787401575,0.9998949579831933,0.999632449461801,0.9215396718679068,0.9997898938964177,0.9996848739495798,0.9997373811649771,9519,7,1,0.9992651690111274,0.9998949579831933,0.9995799642969653,0.9996243939083522,0.9996414669125179,0.9996329303375365,10001,9998
clean_baseline_linkage,clean_mobility,20260725,2026-07-24_e2_clean_baseline_linkage_s20260725_seed20260725,link,19524,9520,65482,95279220,1.0,16.374043999996502,32.296426800006884,paper_experiments\results\E2_E6\E2\scores\clean_baseline_linkage\seed_20260725.parquet,352958132e81378d4ba7dd3d86a316cb72e9b71bf8eb02b51d5c0449f9755c6f,splink,0.9986013472769922,9514,41,6,9555,0.99570905285191,0.9993697478991597,0.9975360419397117,0.5827268764206824,0.9952948557089084,0.9998949579831933,0.9975896038566339,9514,43,6,0.9955006801297478,0.9993697478991597,0.9974314619699114,0.9977258758451139,0.9993853718500307,0.9985549343699597,9986,9998
clean_baseline_linkage,clean_mobility,20260726,2026-07-24_e2_clean_baseline_linkage_s20260726_seed20260726,link,19518,9511,65829,95219856,1.0,12.822374900002615,25.55542780000542,paper_experiments\results\E2_E6\E2\scores\clean_baseline_linkage\seed_20260726.parquet,2552724e801edeba432587e5525411a764c4b50cebab718c234a813ae47aa47f,baseline,0.65,9504,12,7,9516,0.9987389659520807,0.9992640100935759,0.9990014190361066,0.65,0.9987389659520807,0.9992640100935759,0.9990014190361066,9504,14,7,0.9985291027526791,0.9992640100935759,0.9988964212517736,0.9993903063838507,0.9990777743621273,0.9992340159352044,10010,9998
clean_baseline_linkage,clean_mobility,20260726,2026-07-24_e2_clean_baseline_linkage_s20260726_seed20260726,link,19518,9511,65829,95219856,1.0,12.822374900002615,25.55542780000542,paper_experiments\results\E2_E6\E2\scores\clean_baseline_linkage\seed_20260726.parquet,2552724e801edeba432587e5525411a764c4b50cebab718c234a813ae47aa47f,learned,0.6500030591266042,9510,8,1,9518,0.9991594872872452,0.9998948585847965,0.9995270376793316,0.9465292407925191,1.0,0.9996845757543896,0.9998422630001577,9510,8,1,0.9991594872872452,0.9998948585847965,0.9995270376793316,0.9995901219387232,0.9993851829080849,0.9994876419180202,10006,9998
clean_baseline_linkage,clean_mobility,20260726,2026-07-24_e2_clean_baseline_linkage_s20260726_seed20260726,link,19518,9511,65829,95219856,1.0,12.822374900002615,25.55542780000542,paper_experiments\results\E2_E6\E2\scores\clean_baseline_linkage\seed_20260726.parquet,2552724e801edeba432587e5525411a764c4b50cebab718c234a813ae47aa47f,splink,0.9986013472769922,9504,49,7,9553,0.9948707212394012,0.9992640100935759,0.9970625262274444,0.9986013472769922,0.9948707212394012,0.9992640100935759,0.9970625262274444,9504,50,7,0.9947665899099853,0.9992640100935759,0.9970102281667979,0.9974775420978925,0.9990777743621273,0.9982770169396639,9990,9998
clean_baseline_linkage,clean_mobility,20260727,2026-07-24_e2_clean_baseline_linkage_s20260727_seed20260727,link,19526,9520,64496,95299008,1.0,15.304126899995026,29.483844400005182,paper_experiments\results\E2_E6\E2\scores\clean_baseline_linkage\seed_20260727.parquet,b0b2b5055dcf54befc50aa0106348e995628954a9f203b87360171f9e6503a5b,baseline,0.65,9517,7,3,9524,0.999265014699706,0.9996848739495798,0.9994749002310438,0.65,0.999265014699706,0.9996848739495798,0.9994749002310438,9517,8,3,0.9991601049868767,0.9996848739495798,0.9994224205828302,0.999573218614497,0.9993854348048755,0.9994793178894041,10005,9998
clean_baseline_linkage,clean_mobility,20260727,2026-07-24_e2_clean_baseline_linkage_s20260727_seed20260727,link,19526,9520,64496,95299008,1.0,15.304126899995026,29.483844400005182,paper_experiments\results\E2_E6\E2\scores\clean_baseline_linkage\seed_20260727.parquet,b0b2b5055dcf54befc50aa0106348e995628954a9f203b87360171f9e6503a5b,learned,0.6500030591266042,9520,3,0,9523,0.999684973222724,1.0,0.9998424617969858,0.9215396718679068,0.9997899600924176,1.0,0.9998949690158597,9520,3,0,0.999684973222724,1.0,0.9998424617969858,0.9998463587012189,0.9995390761036567,0.9996926937895333,10005,9998
clean_baseline_linkage,clean_mobility,20260727,2026-07-24_e2_clean_baseline_linkage_s20260727_seed20260727,link,19526,9520,64496,95299008,1.0,15.304126899995026,29.483844400005182,paper_experiments\results\E2_E6\E2\scores\clean_baseline_linkage\seed_20260727.parquet,b0b2b5055dcf54befc50aa0106348e995628954a9f203b87360171f9e6503a5b,splink,0.9986013472769922,9517,47,3,9564,0.9950857381848599,0.9996848739495798,0.9973800041919934,0.9986013472769922,0.9950857381848599,0.9996848739495798,0.9973800041919934,9517,49,3,0.9948776918252143,0.9996848739495798,0.9972754898878758,0.9975041824575779,0.9994366485711359,0.9984694804778196,9983,9998
clean_baseline_linkage,clean_mobility,20260728,2026-07-24_e2_clean_baseline_linkage_s20260728_seed20260728,link,19518,9506,66035,95219856,1.0,15.72878029999265,31.726218000010704,paper_experiments\results\E2_E6\E2\scores\clean_baseline_linkage\seed_20260728.parquet,5c7a8358d3a3ed0175807a133e21b8adda0a5a2c8c383980102fbaab415728e7,baseline,0.65,9499,12,7,9511,0.9987383030175586,0.9992636229749632,0.9990008939370038,0.65,0.9987383030175586,0.9992636229749632,0.9990008939370038,9499,12,7,0.9987383030175586,0.9992636229749632,0.9990008939370038,0.9993988455101274,0.9989240700891485,0.9991614013994189,10013,9998
clean_baseline_linkage,clean_mobility,20260728,2026-07-24_e2_clean_baseline_linkage_s20260728_seed20260728,link,19518,9506,66035,95219856,1.0,15.72878029999265,31.726218000010704,paper_experiments\results\E2_E6\E2\scores\clean_baseline_linkage\seed_20260728.parquet,5c7a8358d3a3ed0175807a133e21b8adda0a5a2c8c383980102fbaab415728e7,learned,0.6500030591266042,9504,2,2,9506,0.9997896065642752,0.9997896065642752,0.9997896065642752,0.6500030591266042,0.9997896065642752,0.9997896065642752,0.9997896065642752,9504,2,2,0.9997896065642752,0.9997896065642752,0.9997896065642752,0.9998975304846808,0.9991802438774464,0.9995387584967065,10013,9998
clean_baseline_linkage,clean_mobility,20260728,2026-07-24_e2_clean_baseline_linkage_s20260728_seed20260728,link,19518,9506,66035,95219856,1.0,15.72878029999265,31.726218000010704,paper_experiments\results\E2_E6\E2\scores\clean_baseline_linkage\seed_20260728.parquet,5c7a8358d3a3ed0175807a133e21b8adda0a5a2c8c383980102fbaab415728e7,splink,0.9986013472769922,9499,44,7,9543,0.9953892905794823,0.9992636229749632,0.9973226941046774,0.9986013472769922,0.9953892905794823,0.9992636229749632,0.9973226941046774,9499,44,7,0.9953892905794823,0.9992636229749632,0.9973226941046774,0.997687604604297,0.9989240700891485,0.9983054544863712,9994,9998
clean_baseline_linkage,clean_mobility,20260729,2026-07-24_e2_clean_baseline_linkage_s20260729_seed20260729,link,19511,9508,64286,95150598,1.0,16.070548300005612,31.938308800003142,paper_experiments\results\E2_E6\E2\scores\clean_baseline_linkage\seed_20260729.parquet,130ee12183b9f58e2c2d14d5bee70e876dc353f27f6b39fe6029369919025609,baseline,0.65,9503,12,5,9515,0.9987388334209143,0.9994741270509045,0.9991063449508489,0.65,0.9987388334209143,0.9994741270509045,0.9991063449508489,9503,13,5,0.9986338797814208,0.9994741270509045,0.9990538267451641,0.9993166248099361,0.9993337091896879,0.9993251669267936,10004,9998
clean_baseline_linkage,clean_mobility,20260729,2026-07-24_e2_clean_baseline_linkage_s20260729_seed20260729,link,19511,9508,64286,95150598,1.0,16.070548300005612,31.938308800003142,paper_experiments\results\E2_E6\E2\scores\clean_baseline_linkage\seed_20260729.parquet,130ee12183b9f58e2c2d14d5bee70e876dc353f27f6b39fe6029369919025609,learned,0.6500030591266042,9508,3,0,9511,0.9996845757543896,1.0,0.9998422630001577,0.9611300752440034,1.0,0.9998948254101809,0.9999474099395215,9508,3,0,0.9996845757543896,1.0,0.9998422630001577,0.9998769924657884,0.9995899748859618,0.9997334630756121,10005,9998
clean_baseline_linkage,clean_mobility,20260729,2026-07-24_e2_clean_baseline_linkage_s20260729_seed20260729,link,19511,9508,64286,95150598,1.0,16.070548300005612,31.938308800003142,paper_experiments\results\E2_E6\E2\scores\clean_baseline_linkage\seed_20260729.parquet,130ee12183b9f58e2c2d14d5bee70e876dc353f27f6b39fe6029369919025609,splink,0.9986013472769922,9503,44,5,9547,0.9953912223735205,0.9994741270509045,0.9974284964576228,0.9986013472769922,0.9953912223735205,0.9994741270509045,0.9974284964576228,9503,46,5,0.9951827416483401,0.9994741270509045,0.9973238180196254,0.9975876855790751,0.9993337091896879,0.9984599340597816,9986,9998
couple_merge,household_formation,20260720,2026-07-24_e2_couple_merge_s20260720_seed20260720,link,16510,10460,46243,60549489,0.9979923518164436,10.444149100003415,21.342095299987704,paper_experiments\results\E2_E6\E2\scores\couple_merge\seed_20260720.parquet,76d613ef6bc51307c49074600bb943e41f766d8ab92b5f1c8fe49ea6af0ecb6a,baseline,0.65,8029,18,2431,8047,0.9977631415434324,0.7675908221797323,0.8676716917922949,0.6000000000000001,0.9937530622243999,0.775621414913958,0.871241408934708,8029,22,2431,0.9972674201962489,0.7675908221797323,0.8674841985846253,0.9986008479709269,0.8470220068645266,0.916586931169492,8466,6050
couple_merge,household_formation,20260720,2026-07-24_e2_couple_merge_s20260720_seed20260720,link,16510,10460,46243,60549489,0.9979923518164436,10.444149100003415,21.342095299987704,paper_experiments\results\E2_E6\E2\scores\couple_merge\seed_20260720.parquet,76d613ef6bc51307c49074600bb943e41f766d8ab92b5f1c8fe49ea6af0ecb6a,learned,0.6500030591266042,8315,7,2145,8322,0.9991588560442202,0.7949330783938815,0.8854222127568949,0.0062973693779081056,0.9872027504536338,0.9882409177820267,0.9877215613205294,8315,9,2145,0.998918789043729,0.7949330783938815,0.8853279386712096,0.9995275590551181,0.868180900464365,0.9292357507259756,8191,6050
couple_merge,household_formation,20260720,2026-07-24_e2_couple_merge_s20260720_seed20260720,link,16510,10460,46243,60549489,0.9979923518164436,10.444149100003415,21.342095299987704,paper_experiments\results\E2_E6\E2\scores\couple_merge\seed_20260720.parquet,76d613ef6bc51307c49074600bb943e41f766d8ab92b5f1c8fe49ea6af0ecb6a,splink,0.9986013472769922,8027,257,2433,8284,0.9689763399323998,0.7673996175908222,0.8564874093043108,0.3880054100290566,0.9725264350453172,0.9847992351816444,0.9786243587307619,8027,268,2433,0.9676913803496082,0.7673996175908222,0.8559850706478274,0.9811861498081971,0.8508984453866344,0.9114096278047757,8239,6050
couple_merge,household_formation,20260721,2026-07-24_e2_couple_merge_s20260721_seed20260721,link,16510,10460,45861,60549489,0.9980879541108987,10.470009199998458,21.21796369999356,paper_experiments\results\E2_E6\E2\scores\couple_merge\seed_20260721.parquet,ba75e711d0196591e6d62b2ed27cd10e09220e14569574336fc44364bd135696,baseline,0.65,8124,20,2336,8144,0.9975442043222004,0.7766730401529637,0.8733605676198667,0.6000000000000001,0.9935819811092275,0.7844168260038241,0.8766962282295117,8124,22,2336,0.9972992879941075,0.7766730401529637,0.8732666881651081,0.9986069049061175,0.853139511407228,0.9201594769500289,8370,6050
couple_merge,household_formation,20260721,2026-07-24_e2_couple_merge_s20260721_seed20260721,link,16510,10460,45861,60549489,0.9980879541108987,10.470009199998458,21.21796369999356,paper_experiments\results\E2_E6\E2\scores\couple_merge\seed_20260721.parquet,ba75e711d0196591e6d62b2ed27cd10e09220e14569574336fc44364bd135696,learned,0.6500030591266042,8390,1,2070,8391,0.9998808246931236,0.8021032504780115,0.8901384541934114,0.006297369377908123,0.9808203570072161,0.9875717017208413,0.9841844512195123,8390,1,2070,0.9998808246931236,0.8021032504780115,0.8901384541934114,0.9999091459721381,0.8729053099131839,0.932100881864703,8119,6050
couple_merge,household_formation,20260721,2026-07-24_e2_couple_merge_s20260721_seed20260721,link,16510,10460,45861,60549489,0.9980879541108987,10.470009199998458,21.21796369999356,paper_experiments\results\E2_E6\E2\scores\couple_merge\seed_20260721.parquet,ba75e711d0196591e6d62b2ed27cd10e09220e14569574336fc44364bd135696,splink,0.9986013472769922,8125,290,2335,8415,0.9655377302436126,0.7767686424474187,0.8609271523178808,0.3880054100290566,0.9700621351911128,0.9850860420650096,0.9775163646712836,8125,296,2335,0.9648497803111269,0.7767686424474187,0.860653567078015,0.9791802947708459,0.8579244902079548,0.9145507235970177,8111,6050
couple_merge,household_formation,20260722,2026-07-24_e2_couple_merge_s20260722_seed20260722,link,16510,10460,45601,60549489,0.9979923518164436,11.319671299992478,22.42604510000092,paper_experiments\results\E2_E6\E2\scores\couple_merge\seed_20260722.parquet,b64cc006413b770947e1ca7cc7f0e20e690970901c5c0df00a1c57dfc97a891d,baseline,0.65,8075,14,2385,8089,0.9982692545432068,0.7719885277246654,0.870666882311715,0.6000000000000001,0.9948717948717949,0.7789674952198853,0.8737801608579089,8075,14,2385,0.9982692545432068,0.7719885277246654,0.870666882311715,0.9989703210175651,0.8504542701393095,0.918749084784675,8421,6050
couple_merge,household_formation,20260722,2026-07-24_e2_couple_merge_s20260722_seed20260722,link,16510,10460,45601,60549489,0.9979923518164436,11.319671299992478,22.42604510000092,paper_experiments\results\E2_E6\E2\scores\couple_merge\seed_20260722.parquet,b64cc006413b770947e1ca7cc7f0e20e690970901c5c0df00a1c57dfc97a891d,learned,0.6500030591266042,8334,3,2126,8337,0.9996401583303347,0.7967495219885278,0.8867372453051018,0.0062973693779081056,0.9810962287451316,0.9873804971319312,0.9842283318244628,8334,6,2126,0.9992805755395684,0.7967495219885278,0.8865957446808511,0.999737532808399,0.8696951342620634,0.9301932967557935,8173,6050
couple_merge,household_formation,20260722,2026-07-24_e2_couple_merge_s20260722_seed20260722,link,16510,10460,45601,60549489,0.9979923518164436,11.319671299992478,22.42604510000092,paper_experiments\results\E2_E6\E2\scores\couple_merge\seed_20260722.parquet,b64cc006413b770947e1ca7cc7f0e20e690970901c5c0df00a1c57dfc97a891d,splink,0.9986013472769922,8077,250,2383,8327,0.9699771826588207,0.7721797323135755,0.8598498962048226,0.3880054100290566,0.9732277526395173,0.9869980879541109,0.9800645528764002,8077,258,2383,0.9690461907618476,0.7721797323135755,0.8594839052939611,0.9819745608721988,0.8547345043408037,0.9139471846239738,8193,6050
couple_merge,household_formation,20260723,2026-07-24_e2_couple_merge_s20260723_seed20260723,link,16510,10460,45660,60549489,0.9978011472275334,13.181092200000421,26.78951240000606,paper_experiments\results\E2_E6\E2\scores\couple_merge\seed_20260723.parquet,ef03d023065355c553313fda6a19bde2aa3a3f073a6e14a7f045fc96cdf21ada,baseline,0.65,8119,19,2341,8138,0.9976652740231015,0.7761950286806883,0.8731046349069792,0.6000000000000001,0.9932170542635659,0.7839388145315488,0.876255610173114,8119,25,2341,0.9969302554027505,0.7761950286806883,0.8728230488067082,0.9984554815263477,0.8528770442156269,0.9199425257478204,8375,6050
couple_merge,household_formation,20260723,2026-07-24_e2_couple_merge_s20260723_seed20260723,link,16510,10460,45660,60549489,0.9978011472275334,13.181092200000421,26.78951240000606,paper_experiments\results\E2_E6\E2\scores\couple_merge\seed_20260723.parquet,ef03d023065355c553313fda6a19bde2aa3a3f073a6e14a7f045fc96cdf21ada,learned,0.6500030591266042,8398,0,2062,8398,1.0,0.802868068833652,0.8906564853112737,0.006297369377908123,0.9831380394398399,0.9866156787762906,0.9848737891873837,8398,0,2062,1.0,0.802868068833652,0.8906564853112737,1.0,0.8734100545124167,0.9324280633688976,8112,6050
couple_merge,household_formation,20260723,2026-07-24_e2_couple_merge_s20260723_seed20260723,link,16510,10460,45660,60549489,0.9978011472275334,13.181092200000421,26.78951240000606,paper_experiments\results\E2_E6\E2\scores\couple_merge\seed_20260723.parquet,ef03d023065355c553313fda6a19bde2aa3a3f073a6e14a7f045fc96cdf21ada,splink,0.9986013472769922,8117,228,2343,8345,0.9726782504493708,0.7760038240917781,0.8632810422759905,0.3880054100290566,0.9762288095463586,0.9854684512428298,0.9808268709263047,8117,241,2343,0.9711653505623354,0.7760038240917781,0.8626846636199383,0.9831292723025007,0.8563093074904098,0.9153474930744188,8173,6050
couple_merge,household_formation,20260724,2026-07-24_e2_couple_merge_s20260724_seed20260724,link,16510,10460,45877,60549489,0.9982791586998088,12.921007600001758,26.72886999999173,paper_experiments\results\E2_E6\E2\scores\couple_merge\seed_20260724.parquet,c5ee7e906d25e28426de352d43ebef6607d967ec9af636deee72d2c92e24ff62,baseline,0.65,8016,15,2444,8031,0.9981322375793799,0.7663479923518165,0.8670163863501162,0.6000000000000001,0.9922879177377892,0.7749521988527724,0.8702560523914327,8016,15,2444,0.9981322375793799,0.7663479923518165,0.8670163863501162,0.9990248334342824,0.8464768826973552,0.9164461017302858,8482,6050
couple_merge,household_formation,20260724,2026-07-24_e2_couple_merge_s20260724_seed20260724,link,16510,10460,45877,60549489,0.9982791586998088,12.921007600001758,26.72886999999173,paper_experiments\results\E2_E6\E2\scores\couple_merge\seed_20260724.parquet,c5ee7e906d25e28426de352d43ebef6607d967ec9af636deee72d2c92e24ff62,learned,0.6500030591266042,8317,0,2143,8317,1.0,0.7951242829827916,0.885871012408798,0.0062973693779081056,0.9822530131916105,0.9894837476099426,0.9858551221603086,8317,0,2143,1.0,0.7951242829827916,0.885871012408798,1.0,0.8684433676559661,0.9295902489626555,8193,6050
couple_merge,household_formation,20260724,2026-07-24_e2_couple_merge_s20260724_seed20260724,link,16510,10460,45877,60549489,0.9982791586998088,12.921007600001758,26.72886999999173,paper_experiments\results\E2_E6\E2\scores\couple_merge\seed_20260724.parquet,c5ee7e906d25e28426de352d43ebef6607d967ec9af636deee72d2c92e24ff62,splink,0.9986013472769922,8014,269,2446,8283,0.967523844017868,0.7661567877629063,0.8551459211438937,0.3880054100290566,0.9699050126963228,0.9859464627151051,0.9778599535390887,8014,272,2446,0.9671735457398021,0.7661567877629063,0.8550090686013017,0.9804926307288513,0.8508378760347265,0.911075597021916,8236,6050
couple_merge,household_formation,20260725,2026-07-24_e2_couple_merge_s20260725_seed20260725,link,16510,10460,44767,60549489,0.9978967495219885,13.18868449999718,26.56891880001058,paper_experiments\results\E2_E6\E2\scores\couple_merge\seed_20260725.parquet,26a3340a5c6e50a7a38a12ce6f3acf47a1f30b60917189f404667ea14c8aca6e,baseline,0.65,8051,21,2409,8072,0.997398414271556,0.7696940726577438,0.868875458666091,0.6000000000000001,0.9923048735800659,0.7766730401529637,0.8713465973078779,8051,25,2409,0.9969044081228331,0.7696940726577438,0.8686879585671127,0.9986008479709269,0.8480920654149,0.9172130889135991,8446,6050
couple_merge,household_formation,20260725,2026-07-24_e2_couple_merge_s20260725_seed20260725,link,16510,10460,44767,60549489,0.9978967495219885,13.18868449999718,26.56891880001058,paper_experiments\results\E2_E6\E2\scores\couple_merge\seed_20260725.parquet,26a3340a5c6e50a7a38a12ce6f3acf47a1f30b60917189f404667ea14c8aca6e,learned,0.6500030591266042,8316,2,2144,8318,0.9997595575859581,0.7950286806883365,0.8857173287890084,0.006297369377908123,0.9820935327174016,0.985755258126195,0.9839209885967842,8316,4,2144,0.9995192307692308,0.7950286806883365,0.8856230031948883,0.9998182919442762,0.867979002624672,0.929245680322042,8193,6050
couple_merge,household_formation,20260725,2026-07-24_e2_couple_merge_s20260725_seed20260725,link,16510,10460,44767,60549489,0.9978967495219885,13.18868449999718,26.56891880001058,paper_experiments\results\E2_E6\E2\scores\couple_merge\seed_20260725.parquet,26a3340a5c6e50a7a38a12ce6f3acf47a1f30b60917189f404667ea14c8aca6e,splink,0.9986013472769922,8050,237,2410,8287,0.971400989501629,0.7695984703632888,0.8588040753187178,0.3880054100290566,0.9745698619776896,0.9855640535372849,0.9800361251069495,8050,248,2410,0.9701132803085081,0.7695984703632888,0.8583004584710524,0.9825741974560873,0.8515848980415909,0.912402146370949,8239,6050
couple_merge,household_formation,20260726,2026-07-24_e2_couple_merge_s20260726_seed20260726,link,16510,10460,44819,60549489,0.9978011472275334,10.475291599999764,21.326877199986484,paper_experiments\results\E2_E6\E2\scores\couple_merge\seed_20260726.parquet,a2c49fc7a39ebc5388f5a65f1a864687cf07c14beb28ed21f88db5a0eb01a3a0,baseline,0.65,8087,19,2373,8106,0.9976560572415495,0.7731357552581262,0.8711623397608532,0.6000000000000001,0.9921145214121072,0.7818355640535373,0.8745121103566272,8087,19,2373,0.9976560572415495,0.7731357552581262,0.8711623397608532,0.9985645063597819,0.8514839491217444,0.919177707814932,8404,6050
couple_merge,household_formation,20260726,2026-07-24_e2_couple_merge_s20260726_seed20260726,link,16510,10460,44819,60549489,0.9978011472275334,10.475291599999764,21.326877199986484,paper_experiments\results\E2_E6\E2\scores\couple_merge\seed_20260726.parquet,a2c49fc7a39ebc5388f5a65f1a864687cf07c14beb28ed21f88db5a0eb01a3a0,learned,0.6500030591266042,8329,9,2131,8338,0.9989206044615015,0.7962715105162524,0.8861581019257367,0.0062973693779081056,0.9822748815165877,0.9907265774378585,0.9864826273203238,8329,10,2131,0.998800815445497,0.7962715105162524,0.8861109633491143,0.9995457298606905,0.8693317181506157,0.9299023942255291,8178,6050
couple_merge,household_formation,20260726,2026-07-24_e2_couple_merge_s20260726_seed20260726,link,16510,10460,44819,60549489,0.9978011472275334,10.475291599999764,21.326877199986484,paper_experiments\results\E2_E6\E2\scores\couple_merge\seed_20260726.parquet,a2c49fc7a39ebc5388f5a65f1a864687cf07c14beb28ed21f88db5a0eb01a3a0,splink,0.9986013472769922,8088,280,2372,8368,0.9665391969407265,0.7732313575525812,0.8591459528362013,0.3880054100290566,0.9706546275395034,0.9866156787762906,0.9785700739616917,8088,280,2372,0.9665391969407265,0.7732313575525812,0.8591459528362013,0.9798142539874823,0.8558449424591157,0.9136435297443115,8154,6050
couple_merge,household_formation,20260727,2026-07-24_e2_couple_merge_s20260727_seed20260727,link,16510,10460,44211,60549489,0.9978967495219885,13.041328800012707,26.613881299999775,paper_experiments\results\E2_E6\E2\scores\couple_merge\seed_20260727.parquet,5a646863c6e072e67661f310e966108cc7e76efc2fe226497f19ef7871b6980c,baseline,0.65,8176,37,2284,8213,0.9954949470351881,0.7816443594646272,0.8757028865206448,0.6000000000000001,0.9906204906204906,0.7875717017208413,0.8775031955688113,8176,37,2284,0.9954949470351881,0.7816443594646272,0.8757028865206448,0.997534827377347,0.8576418332323844,0.9223138865749594,8303,6050
couple_merge,household_formation,20260727,2026-07-24_e2_couple_merge_s20260727_seed20260727,link,16510,10460,44211,60549489,0.9978967495219885,13.041328800012707,26.613881299999775,paper_experiments\results\E2_E6\E2\scores\couple_merge\seed_20260727.parquet,5a646863c6e072e67661f310e966108cc7e76efc2fe226497f19ef7871b6980c,learned,0.6500030591266042,8397,4,2063,8401,0.999523866206404,0.802772466539197,0.8904087800222682,0.006297369377908123,0.979638223316602,0.9889101338432122,0.9842523431181313,8397,4,2063,0.999523866206404,0.802772466539197,0.8904087800222682,0.9998182919442762,0.8735917625681405,0.9324525848504556,8112,6050
couple_merge,household_formation,20260727,2026-07-24_e2_couple_merge_s20260727_seed20260727,link,16510,10460,44211,60549489,0.9978967495219885,13.041328800012707,26.613881299999775,paper_experiments\results\E2_E6\E2\scores\couple_merge\seed_20260727.parquet,5a646863c6e072e67661f310e966108cc7e76efc2fe226497f19ef7871b6980c,splink,0.9986013472769922,8178,278,2282,8456,0.9671239356669821,0.7818355640535373,0.8646648340029605,0.3880054100290566,0.9711891535636946,0.9861376673040153,0.9786063279730564,8178,280,2282,0.9668952471033341,0.7818355640535373,0.8645734221376467,0.9802079547748839,0.8619220674338784,0.9172673554081582,8072,6050
couple_merge,household_formation,20260728,2026-07-24_e2_couple_merge_s20260728_seed20260728,link,16510,10460,45945,60549489,0.9989483747609943,13.475011399990763,26.602676299997256,paper_experiments\results\E2_E6\E2\scores\couple_merge\seed_20260728.parquet,d9daebc7a5f9dde75ff3e87fd4df74e1b2e0b2b42a2852681fb047c21ce86007,baseline,0.65,8020,19,2440,8039,0.9976365219554671,0.7667304015296367,0.867073895886264,0.6000000000000001,0.9915596330275229,0.7749521988527724,0.8699758518916019,8020,21,2440,0.9973883845292874,0.7667304015296367,0.8669801632344196,0.9985887341005452,0.8467999192408642,0.9164517814283276,8472,6050
couple_merge,household_formation,20260728,2026-07-24_e2_couple_merge_s20260728_seed20260728,link,16510,10460,45945,60549489,0.9989483747609943,13.475011399990763,26.602676299997256,paper_experiments\results\E2_E6\E2\scores\couple_merge\seed_20260728.parquet,d9daebc7a5f9dde75ff3e87fd4df74e1b2e0b2b42a2852681fb047c21ce86007,learned,0.6500030591266042,8290,1,2170,8291,0.9998793872874201,0.7925430210325047,0.8842195082928911,0.006297369377908123,0.9812879939209727,0.9876673040152963,0.9844673146559939,8290,1,2170,0.9998793872874201,0.7925430210325047,0.8842195082928911,0.9999394306480921,0.8663638199071271,0.9283714686284923,8219,6050
couple_merge,household_formation,20260728,2026-07-24_e2_couple_merge_s20260728_seed20260728,link,16510,10460,45945,60549489,0.9989483747609943,13.475011399990763,26.602676299997256,paper_experiments\results\E2_E6\E2\scores\couple_merge\seed_20260728.parquet,d9daebc7a5f9dde75ff3e87fd4df74e1b2e0b2b42a2852681fb047c21ce86007,splink,0.9986013472769922,8022,252,2438,8274,0.9695431472081218,0.7669216061185469,0.8564108038859827,0.3880054100290566,0.9721514207495516,0.9845124282982791,0.9782928798746022,8022,263,2438,0.9682558841279421,0.7669216061185469,0.8559082421979194,0.9815322603905281,0.8508378760347265,0.9115241588901621,8245,6050
couple_merge,household_formation,20260729,2026-07-24_e2_couple_merge_s20260729_seed20260729,link,16510,10460,45036,60549489,0.9983747609942638,13.446624700009124,26.855722000007518,paper_experiments\results\E2_E6\E2\scores\couple_merge\seed_20260729.parquet,78316a5062dd2149dd63d530fb968cc6f63758769bc7e4414a7b63058323054b,baseline,0.65,8033,21,2427,8054,0.9973925999503352,0.7679732313575526,0.8677757372798962,0.6000000000000001,0.9936383655493026,0.7764818355640536,0.8717398304175165,8033,23,2427,0.9971449851042701,0.7679732313575526,0.8676820047526463,0.9984918231374923,0.8474459923278821,0.9167891646195061,8460,6050
couple_merge,household_formation,20260729,2026-07-24_e2_couple_merge_s20260729_seed20260729,link,16510,10460,45036,60549489,0.9983747609942638,13.446624700009124,26.855722000007518,paper_experiments\results\E2_E6\E2\scores\couple_merge\seed_20260729.parquet,78316a5062dd2149dd63d530fb968cc6f63758769bc7e4414a7b63058323054b,learned,0.6500030591266042,8312,0,2148,8312,1.0,0.7946462715105163,0.8855742595354784,0.0062973693779081056,0.9853249475890985,0.988527724665392,0.9869237377111768,8312,0,2148,1.0,0.7946462715105163,0.8855742595354784,1.0,0.8679588128407025,0.9293125810635537,8198,6050
couple_merge,household_formation,20260729,2026-07-24_e2_couple_merge_s20260729_seed20260729,link,16510,10460,45036,60549489,0.9983747609942638,13.446624700009124,26.855722000007518,paper_experiments\results\E2_E6\E2\scores\couple_merge\seed_20260729.parquet,78316a5062dd2149dd63d530fb968cc6f63758769bc7e4414a7b63058323054b,splink,0.9986013472769922,8030,265,2430,8295,0.9680530440024111,0.7676864244741873,0.8563049853372433,0.3880054100290566,0.972939845370545,0.9865200764818356,0.979682901357638,8030,269,2430,0.9675864561995421,0.7676864244741873,0.856122394583933,0.9806077124974762,0.851524328689683,0.9115187173423158,8222,6050
death_survivor_persistence,lifecycle,20260720,2026-07-24_e2_death_survivor_persistence_s20260720_seed20260720,link,3540,1770,3884,3132900,1.0,2.191877999997814,4.60755309999513,paper_experiments\results\E2_E6\E2\scores\death_survivor_persistence\seed_20260720.parquet,648d38583ba5a6df2aab4a7e414bb7f77fa12cf80761fabdb333b39eb11905ba,baseline,0.65,1770,0,0,1770,1.0,1.0,1.0,1.0000000000000002,1.0,1.0,1.0,1770,0,0,1.0,1.0,1.0,1.0,1.0,1.0,1770,1770
death_survivor_persistence,lifecycle,20260720,2026-07-24_e2_death_survivor_persistence_s20260720_seed20260720,link,3540,1770,3884,3132900,1.0,2.191877999997814,4.60755309999513,paper_experiments\results\E2_E6\E2\scores\death_survivor_persistence\seed_20260720.parquet,648d38583ba5a6df2aab4a7e414bb7f77fa12cf80761fabdb333b39eb11905ba,learned,0.6500030591266042,1770,0,0,1770,1.0,1.0,1.0,0.9999920993841217,1.0,1.0,1.0,1770,0,0,1.0,1.0,1.0,1.0,1.0,1.0,1770,1770
death_survivor_persistence,lifecycle,20260720,2026-07-24_e2_death_survivor_persistence_s20260720_seed20260720,link,3540,1770,3884,3132900,1.0,2.191877999997814,4.60755309999513,paper_experiments\results\E2_E6\E2\scores\death_survivor_persistence\seed_20260720.parquet,648d38583ba5a6df2aab4a7e414bb7f77fa12cf80761fabdb333b39eb11905ba,splink,0.9986013472769922,1770,6,0,1776,0.9966216216216216,1.0,0.9983079526226735,0.9999999999998234,1.0,1.0,1.0,1770,6,0,0.9966216216216216,1.0,0.9983079526226735,0.9983050847457627,1.0,0.9991518235793045,1767,1770
death_survivor_persistence,lifecycle,20260721,2026-07-24_e2_death_survivor_persistence_s20260721_seed20260721,link,3540,1770,4110,3132900,1.0,2.235815200008801,4.627912900003139,paper_experiments\results\E2_E6\E2\scores\death_survivor_persistence\seed_20260721.parquet,379c37721c766a52d955aeec219d186450141204bb54c007f0384183fe6556cc,baseline,0.65,1770,2,0,1772,0.9988713318284425,1.0,0.9994353472614342,1.0000000000000002,1.0,1.0,1.0,1770,2,0,0.9988713318284425,1.0,0.9994353472614342,0.9994350282485875,1.0,0.9997174343034756,1769,1770
death_survivor_persistence,lifecycle,20260721,2026-07-24_e2_death_survivor_persistence_s20260721_seed20260721,link,3540,1770,4110,3132900,1.0,2.235815200008801,4.627912900003139,paper_experiments\results\E2_E6\E2\scores\death_survivor_persistence\seed_20260721.parquet,379c37721c766a52d955aeec219d186450141204bb54c007f0384183fe6556cc,learned,0.6500030591266042,1770,2,0,1772,0.9988713318284425,1.0,0.9994353472614342,0.9999920993841217,1.0,1.0,1.0,1770,2,0,0.9988713318284425,1.0,0.9994353472614342,0.9994350282485875,1.0,0.9997174343034756,1769,1770
death_survivor_persistence,lifecycle,20260721,2026-07-24_e2_death_survivor_persistence_s20260721_seed20260721,link,3540,1770,4110,3132900,1.0,2.235815200008801,4.627912900003139,paper_experiments\results\E2_E6\E2\scores\death_survivor_persistence\seed_20260721.parquet,379c37721c766a52d955aeec219d186450141204bb54c007f0384183fe6556cc,splink,0.9986013472769922,1770,10,0,1780,0.9943820224719101,1.0,0.9971830985915493,0.9999999999998234,1.0,1.0,1.0,1770,10,0,0.9943820224719101,1.0,0.9971830985915493,0.9971751412429378,1.0,0.9985855728429986,1765,1770
death_survivor_persistence,lifecycle,20260722,2026-07-24_e2_death_survivor_persistence_s20260722_seed20260722,link,3540,1770,3890,3132900,1.0,2.668340799995349,5.611594800007879,paper_experiments\results\E2_E6\E2\scores\death_survivor_persistence\seed_20260722.parquet,3074a772d52a294515b9fcc7fcc13db6021af99529002a889f844ad888b30283,baseline,0.65,1770,0,0,1770,1.0,1.0,1.0,1.0000000000000002,1.0,1.0,1.0,1770,0,0,1.0,1.0,1.0,1.0,1.0,1.0,1770,1770
death_survivor_persistence,lifecycle,20260722,2026-07-24_e2_death_survivor_persistence_s20260722_seed20260722,link,3540,1770,3890,3132900,1.0,2.668340799995349,5.611594800007879,paper_experiments\results\E2_E6\E2\scores\death_survivor_persistence\seed_20260722.parquet,3074a772d52a294515b9fcc7fcc13db6021af99529002a889f844ad888b30283,learned,0.6500030591266042,1770,2,0,1772,0.9988713318284425,1.0,0.9994353472614342,0.9999920993841217,1.0,1.0,1.0,1770,2,0,0.9988713318284425,1.0,0.9994353472614342,0.9994350282485875,1.0,0.9997174343034756,1769,1770
death_survivor_persistence,lifecycle,20260722,2026-07-24_e2_death_survivor_persistence_s20260722_seed20260722,link,3540,1770,3890,3132900,1.0,2.668340799995349,5.611594800007879,paper_experiments\results\E2_E6\E2\scores\death_survivor_persistence\seed_20260722.parquet,3074a772d52a294515b9fcc7fcc13db6021af99529002a889f844ad888b30283,splink,0.9986013472769922,1770,2,0,1772,0.9988713318284425,1.0,0.9994353472614342,0.9999999999998234,1.0,1.0,1.0,1770,2,0,0.9988713318284425,1.0,0.9994353472614342,0.9994350282485875,1.0,0.9997174343034756,1769,1770
death_survivor_persistence,lifecycle,20260723,2026-07-24_e2_death_survivor_persistence_s20260723_seed20260723,link,3540,1770,3812,3132900,1.0,2.946408199990401,6.030518300001859,paper_experiments\results\E2_E6\E2\scores\death_survivor_persistence\seed_20260723.parquet,da3f1e3bf0fcfe13a223dc40dc37eb89985c4eae8acd92c1cc22e5b49bf11674,baseline,0.65,1770,0,0,1770,1.0,1.0,1.0,1.0000000000000002,1.0,1.0,1.0,1770,0,0,1.0,1.0,1.0,1.0,1.0,1.0,1770,1770
death_survivor_persistence,lifecycle,20260723,2026-07-24_e2_death_survivor_persistence_s20260723_seed20260723,link,3540,1770,3812,3132900,1.0,2.946408199990401,6.030518300001859,paper_experiments\results\E2_E6\E2\scores\death_survivor_persistence\seed_20260723.parquet,da3f1e3bf0fcfe13a223dc40dc37eb89985c4eae8acd92c1cc22e5b49bf11674,learned,0.6500030591266042,1770,0,0,1770,1.0,1.0,1.0,0.9999920993841217,1.0,1.0,1.0,1770,0,0,1.0,1.0,1.0,1.0,1.0,1.0,1770,1770
death_survivor_persistence,lifecycle,20260723,2026-07-24_e2_death_survivor_persistence_s20260723_seed20260723,link,3540,1770,3812,3132900,1.0,2.946408199990401,6.030518300001859,paper_experiments\results\E2_E6\E2\scores\death_survivor_persistence\seed_20260723.parquet,da3f1e3bf0fcfe13a223dc40dc37eb89985c4eae8acd92c1cc22e5b49bf11674,splink,0.9986013472769922,1770,4,0,1774,0.9977452085682075,1.0,0.9988713318284425,0.9999999999998234,1.0,1.0,1.0,1770,4,0,0.9977452085682075,1.0,0.9988713318284425,0.9988700564971752,1.0,0.9994347088750708,1768,1770
death_survivor_persistence,lifecycle,20260724,2026-07-24_e2_death_survivor_persistence_s20260724_seed20260724,link,3540,1770,4040,3132900,1.0,2.835324200001196,5.872931500009145,paper_experiments\results\E2_E6\E2\scores\death_survivor_persistence\seed_20260724.parquet,a354ba4013a4e86f6889f3b8562c63edf8dfc10ca44b9c8f320078482b081bc5,baseline,0.65,1770,0,0,1770,1.0,1.0,1.0,1.0000000000000002,1.0,1.0,1.0,1770,0,0,1.0,1.0,1.0,1.0,1.0,1.0,1770,1770
death_survivor_persistence,lifecycle,20260724,2026-07-24_e2_death_survivor_persistence_s20260724_seed20260724,link,3540,1770,4040,3132900,1.0,2.835324200001196,5.872931500009145,paper_experiments\results\E2_E6\E2\scores\death_survivor_persistence\seed_20260724.parquet,a354ba4013a4e86f6889f3b8562c63edf8dfc10ca44b9c8f320078482b081bc5,learned,0.6500030591266042,1770,0,0,1770,1.0,1.0,1.0,0.9999920993841217,1.0,1.0,1.0,1770,0,0,1.0,1.0,1.0,1.0,1.0,1.0,1770,1770
death_survivor_persistence,lifecycle,20260724,2026-07-24_e2_death_survivor_persistence_s20260724_seed20260724,link,3540,1770,4040,3132900,1.0,2.835324200001196,5.872931500009145,paper_experiments\results\E2_E6\E2\scores\death_survivor_persistence\seed_20260724.parquet,a354ba4013a4e86f6889f3b8562c63edf8dfc10ca44b9c8f320078482b081bc5,splink,0.9986013472769922,1770,10,0,1780,0.9943820224719101,1.0,0.9971830985915493,0.9999999999998234,1.0,1.0,1.0,1770,10,0,0.9943820224719101,1.0,0.9971830985915493,0.9971751412429378,1.0,0.9985855728429986,1765,1770
death_survivor_persistence,lifecycle,20260725,2026-07-24_e2_death_survivor_persistence_s20260725_seed20260725,link,3540,1770,3906,3132900,1.0,2.1831820999941556,4.5898798999987775,paper_experiments\results\E2_E6\E2\scores\death_survivor_persistence\seed_20260725.parquet,6c7cc245dabb4ba814d03d02af1ac8dd46e32a7c8415803c4f622338e5b4d5d9,baseline,0.65,1770,4,0,1774,0.9977452085682075,1.0,0.9988713318284425,1.0000000000000002,1.0,1.0,1.0,1770,4,0,0.9977452085682075,1.0,0.9988713318284425,0.9988700564971752,1.0,0.9994347088750708,1768,1770
death_survivor_persistence,lifecycle,20260725,2026-07-24_e2_death_survivor_persistence_s20260725_seed20260725,link,3540,1770,3906,3132900,1.0,2.1831820999941556,4.5898798999987775,paper_experiments\results\E2_E6\E2\scores\death_survivor_persistence\seed_20260725.parquet,6c7cc245dabb4ba814d03d02af1ac8dd46e32a7c8415803c4f622338e5b4d5d9,learned,0.6500030591266042,1770,0,0,1770,1.0,1.0,1.0,0.9999920993841217,1.0,1.0,1.0,1770,0,0,1.0,1.0,1.0,1.0,1.0,1.0,1770,1770
death_survivor_persistence,lifecycle,20260725,2026-07-24_e2_death_survivor_persistence_s20260725_seed20260725,link,3540,1770,3906,3132900,1.0,2.1831820999941556,4.5898798999987775,paper_experiments\results\E2_E6\E2\scores\death_survivor_persistence\seed_20260725.parquet,6c7cc245dabb4ba814d03d02af1ac8dd46e32a7c8415803c4f622338e5b4d5d9,splink,0.9986013472769922,1770,8,0,1778,0.9955005624296963,1.0,0.9977452085682074,0.9999999999998234,1.0,1.0,1.0,1770,8,0,0.9955005624296963,1.0,0.9977452085682074,0.9977401129943503,1.0,0.998868778280543,1766,1770
death_survivor_persistence,lifecycle,20260726,2026-07-24_e2_death_survivor_persistence_s20260726_seed20260726,link,3540,1770,3960,3132900,1.0,2.1899024000013014,4.535274099995149,paper_experiments\results\E2_E6\E2\scores\death_survivor_persistence\seed_20260726.parquet,17a17f588e1ab925c44c0d6988ee155c2a2375926b44bee05a811d2f1c3acc46,baseline,0.65,1770,2,0,1772,0.9988713318284425,1.0,0.9994353472614342,1.0000000000000002,1.0,1.0,1.0,1770,2,0,0.9988713318284425,1.0,0.9994353472614342,0.9994350282485875,1.0,0.9997174343034756,1769,1770
death_survivor_persistence,lifecycle,20260726,2026-07-24_e2_death_survivor_persistence_s20260726_seed20260726,link,3540,1770,3960,3132900,1.0,2.1899024000013014,4.535274099995149,paper_experiments\results\E2_E6\E2\scores\death_survivor_persistence\seed_20260726.parquet,17a17f588e1ab925c44c0d6988ee155c2a2375926b44bee05a811d2f1c3acc46,learned,0.6500030591266042,1770,0,0,1770,1.0,1.0,1.0,0.9999920993841217,1.0,1.0,1.0,1770,0,0,1.0,1.0,1.0,1.0,1.0,1.0,1770,1770
death_survivor_persistence,lifecycle,20260726,2026-07-24_e2_death_survivor_persistence_s20260726_seed20260726,link,3540,1770,3960,3132900,1.0,2.1899024000013014,4.535274099995149,paper_experiments\results\E2_E6\E2\scores\death_survivor_persistence\seed_20260726.parquet,17a17f588e1ab925c44c0d6988ee155c2a2375926b44bee05a811d2f1c3acc46,splink,0.9986013472769922,1770,8,0,1778,0.9955005624296963,1.0,0.9977452085682074,0.9999999999998234,1.0,1.0,1.0,1770,8,0,0.9955005624296963,1.0,0.9977452085682074,0.9977401129943503,1.0,0.998868778280543,1766,1770
death_survivor_persistence,lifecycle,20260727,2026-07-24_e2_death_survivor_persistence_s20260727_seed20260727,link,3540,1770,3812,3132900,1.0,2.6505950999999186,5.6666486000031,paper_experiments\results\E2_E6\E2\scores\death_survivor_persistence\seed_20260727.parquet,57072448d7ee1ecc80d2fb8007e4ec2d8e6d9833178c4c7242cd914c4fc67f43,baseline,0.65,1770,0,0,1770,1.0,1.0,1.0,1.0000000000000002,1.0,1.0,1.0,1770,0,0,1.0,1.0,1.0,1.0,1.0,1.0,1770,1770
death_survivor_persistence,lifecycle,20260727,2026-07-24_e2_death_survivor_persistence_s20260727_seed20260727,link,3540,1770,3812,3132900,1.0,2.6505950999999186,5.6666486000031,paper_experiments\results\E2_E6\E2\scores\death_survivor_persistence\seed_20260727.parquet,57072448d7ee1ecc80d2fb8007e4ec2d8e6d9833178c4c7242cd914c4fc67f43,learned,0.6500030591266042,1770,0,0,1770,1.0,1.0,1.0,0.9999920993841217,1.0,1.0,1.0,1770,0,0,1.0,1.0,1.0,1.0,1.0,1.0,1770,1770
death_survivor_persistence,lifecycle,20260727,2026-07-24_e2_death_survivor_persistence_s20260727_seed20260727,link,3540,1770,3812,3132900,1.0,2.6505950999999186,5.6666486000031,paper_experiments\results\E2_E6\E2\scores\death_survivor_persistence\seed_20260727.parquet,57072448d7ee1ecc80d2fb8007e4ec2d8e6d9833178c4c7242cd914c4fc67f43,splink,0.9986013472769922,1770,2,0,1772,0.9988713318284425,1.0,0.9994353472614342,0.9999999999998234,1.0,1.0,1.0,1770,2,0,0.9988713318284425,1.0,0.9994353472614342,0.9994350282485875,1.0,0.9997174343034756,1769,1770
death_survivor_persistence,lifecycle,20260728,2026-07-24_e2_death_survivor_persistence_s20260728_seed20260728,link,3540,1770,4072,3132900,1.0,2.6738681999995606,5.629123399994569,paper_experiments\results\E2_E6\E2\scores\death_survivor_persistence\seed_20260728.parquet,199559bc7ca9744e0586b9bee12a29df845d6e9d7b8700a1dc88a8f77dd7c99d,baseline,0.65,1770,4,0,1774,0.9977452085682075,1.0,0.9988713318284425,1.0000000000000002,1.0,1.0,1.0,1770,4,0,0.9977452085682075,1.0,0.9988713318284425,0.9988700564971752,1.0,0.9994347088750708,1768,1770
death_survivor_persistence,lifecycle,20260728,2026-07-24_e2_death_survivor_persistence_s20260728_seed20260728,link,3540,1770,4072,3132900,1.0,2.6738681999995606,5.629123399994569,paper_experiments\results\E2_E6\E2\scores\death_survivor_persistence\seed_20260728.parquet,199559bc7ca9744e0586b9bee12a29df845d6e9d7b8700a1dc88a8f77dd7c99d,learned,0.6500030591266042,1770,0,0,1770,1.0,1.0,1.0,0.9999920993841217,1.0,1.0,1.0,1770,0,0,1.0,1.0,1.0,1.0,1.0,1.0,1770,1770
death_survivor_persistence,lifecycle,20260728,2026-07-24_e2_death_survivor_persistence_s20260728_seed20260728,link,3540,1770,4072,3132900,1.0,2.6738681999995606,5.629123399994569,paper_experiments\results\E2_E6\E2\scores\death_survivor_persistence\seed_20260728.parquet,199559bc7ca9744e0586b9bee12a29df845d6e9d7b8700a1dc88a8f77dd7c99d,splink,0.9986013472769922,1770,8,0,1778,0.9955005624296963,1.0,0.9977452085682074,0.9999999999998234,1.0,1.0,1.0,1770,8,0,0.9955005624296963,1.0,0.9977452085682074,0.9977401129943503,1.0,0.998868778280543,1766,1770
death_survivor_persistence,lifecycle,20260729,2026-07-24_e2_death_survivor_persistence_s20260729_seed20260729,link,3540,1770,3950,3132900,1.0,2.645595100009814,6.009929799998645,paper_experiments\results\E2_E6\E2\scores\death_survivor_persistence\seed_20260729.parquet,74e75a314f2c054526b620c85b6606c0f179f870b58acedb3bcec239247e238b,baseline,0.65,1770,0,0,1770,1.0,1.0,1.0,1.0000000000000002,1.0,1.0,1.0,1770,0,0,1.0,1.0,1.0,1.0,1.0,1.0,1770,1770
death_survivor_persistence,lifecycle,20260729,2026-07-24_e2_death_survivor_persistence_s20260729_seed20260729,link,3540,1770,3950,3132900,1.0,2.645595100009814,6.009929799998645,paper_experiments\results\E2_E6\E2\scores\death_survivor_persistence\seed_20260729.parquet,74e75a314f2c054526b620c85b6606c0f179f870b58acedb3bcec239247e238b,learned,0.6500030591266042,1770,2,0,1772,0.9988713318284425,1.0,0.9994353472614342,0.9999920993841217,1.0,1.0,1.0,1770,2,0,0.9988713318284425,1.0,0.9994353472614342,0.9994350282485875,1.0,0.9997174343034756,1769,1770
death_survivor_persistence,lifecycle,20260729,2026-07-24_e2_death_survivor_persistence_s20260729_seed20260729,link,3540,1770,3950,3132900,1.0,2.645595100009814,6.009929799998645,paper_experiments\results\E2_E6\E2\scores\death_survivor_persistence\seed_20260729.parquet,74e75a314f2c054526b620c85b6606c0f179f870b58acedb3bcec239247e238b,splink,0.9986013472769922,1770,4,0,1774,0.9977452085682075,1.0,0.9988713318284425,0.9999999999998234,1.0,1.0,1.0,1770,4,0,0.9977452085682075,1.0,0.9988713318284425,0.9988700564971752,1.0,0.9994347088750708,1768,1770
divorce_custody,household_dissolution,20260720,2026-07-24_e2_divorce_custody_s20260720_seed20260720,link,30857,27820,170285,237932010,0.9992092020129403,20.3075167999923,40.70879160000186,paper_experiments\results\E2_E6\E2\scores\divorce_custody\seed_20260720.parquet,3f18720bc66b2ab6b30a26b3915e89186bfee7e097a3e677d9d0f6c0ad5d02ba,baseline,0.65,27276,27,544,27303,0.9990110976815735,0.9804457225017973,0.9896413475318832,0.6000000000000001,0.9980655522300897,0.9829259525521208,0.9904379006845594,27298,33,522,0.9987925798543779,0.9812365204888569,0.9899367191891353,0.9993885774162535,0.9872962374825809,0.9933056062708973,10332,9992
divorce_custody,household_dissolution,20260720,2026-07-24_e2_divorce_custody_s20260720_seed20260720,link,30857,27820,170285,237932010,0.9992092020129403,20.3075167999923,40.70879160000186,paper_experiments\results\E2_E6\E2\scores\divorce_custody\seed_20260720.parquet,3f18720bc66b2ab6b30a26b3915e89186bfee7e097a3e677d9d0f6c0ad5d02ba,learned,0.6500030591266042,27440,8,380,27448,0.9997085397843194,0.9863407620416966,0.9929796627343127,0.3403491734941457,0.9989828907697338,0.9885334291876348,0.9937306907080525,27448,10,372,0.999635807414961,0.986628324946082,0.9930894750171859,0.9998185176783226,0.9909582914735716,0.995368687747813,10256,9992
divorce_custody,household_dissolution,20260720,2026-07-24_e2_divorce_custody_s20260720_seed20260720,link,30857,27820,170285,237932010,0.9992092020129403,20.3075167999923,40.70879160000186,paper_experiments\results\E2_E6\E2\scores\divorce_custody\seed_20260720.parquet,3f18720bc66b2ab6b30a26b3915e89186bfee7e097a3e677d9d0f6c0ad5d02ba,splink,0.9986013472769922,27277,225,543,27502,0.9918187768162315,0.9804816678648455,0.9861176385524747,0.3880054100290566,0.989366257493577,0.9966211358734723,0.9929804455268247,27300,480,520,0.9827213822894169,0.9813084112149533,0.9820143884892085,0.9922557571194833,0.9876365168357261,0.9899407484569565,10242,9992
divorce_custody,household_dissolution,20260721,2026-07-24_e2_divorce_custody_s20260721_seed20260721,link,30854,27816,168314,237885400,0.9996045441472534,20.362108399989665,40.481064999999944,paper_experiments\results\E2_E6\E2\scores\divorce_custody\seed_20260721.parquet,01483b0f449fc7a0fb7ca4ad5891045bf808e12a0978a0d133d0f2b06d42546a,baseline,0.65,27394,26,422,27420,0.9990517870167761,0.9848288754673569,0.9918893475269751,0.6000000000000001,0.9981088158277568,0.9866264020707507,0.9923343939832225,27411,26,405,0.9990523745307431,0.9854400345125108,0.9921995185781768,0.9994987143752295,0.9901309392623323,0.9947927736667269,10251,9992
divorce_custody,household_dissolution,20260721,2026-07-24_e2_divorce_custody_s20260721_seed20260721,link,30854,27816,168314,237885400,0.9996045441472534,20.362108399989665,40.481064999999944,paper_experiments\results\E2_E6\E2\scores\divorce_custody\seed_20260721.parquet,01483b0f449fc7a0fb7ca4ad5891045bf808e12a0978a0d133d0f2b06d42546a,learned,0.6500030591266042,27525,2,291,27527,0.9999273440621935,0.9895383951682485,0.994705744177222,0.3956667950705287,0.9998548252458898,0.9904012079378774,0.9951055644855423,27534,2,282,0.9999273678094132,0.9898619499568594,0.9948692007515538,0.9999481428664031,0.9931451351526545,0.9965350286864035,10191,9992
divorce_custody,household_dissolution,20260721,2026-07-24_e2_divorce_custody_s20260721_seed20260721,link,30854,27816,168314,237885400,0.9996045441472534,20.362108399989665,40.481064999999944,paper_experiments\results\E2_E6\E2\scores\divorce_custody\seed_20260721.parquet,01483b0f449fc7a0fb7ca4ad5891045bf808e12a0978a0d133d0f2b06d42546a,splink,0.9986013472769922,27392,192,424,27584,0.9930394431554525,0.9847569744032212,0.9888808664259928,0.3880054100290566,0.9883199202336016,0.9977710670117917,0.9930230061898458,27410,367,406,0.9867876300536415,0.9854040839804429,0.986095371719461,0.9938927000701812,0.9904388409930641,0.992162764697598,10169,9992
divorce_custody,household_dissolution,20260722,2026-07-24_e2_divorce_custody_s20260722_seed20260722,link,30895,27868,166267,238523176,0.999461748241711,20.93284209999547,41.946676799998386,paper_experiments\results\E2_E6\E2\scores\divorce_custody\seed_20260722.parquet,4d802a50afc553e77346f2ee0485e2aa23d1588b944cd439e99f799a1f583c4e,baseline,0.65,27389,40,479,27429,0.998541689452769,0.9828118271853021,0.990614319040816,0.6000000000000001,0.9980373627971215,0.9853595521745371,0.9916579394026941,27414,40,454,0.998543017410942,0.9837089134491173,0.9910704602147428,0.9991886497275719,0.9890435345525166,0.9940902090055872,10279,9994
divorce_custody,household_dissolution,20260722,2026-07-24_e2_divorce_custody_s20260722_seed20260722,link,30895,27868,166267,238523176,0.999461748241711,20.93284209999547,41.946676799998386,paper_experiments\results\E2_E6\E2\scores\divorce_custody\seed_20260722.parquet,4d802a50afc553e77346f2ee0485e2aa23d1588b944cd439e99f799a1f583c4e,learned,0.6500030591266042,27539,10,329,27549,0.9996370104178011,0.9881943447681929,0.9938827435624448,0.3416511262295295,0.9992397914856647,0.9904908856035597,0.9948461039429106,27544,10,324,0.9996370762865646,0.988373762020956,0.9939735123236261,0.9998187408965853,0.9921346496196796,0.9959618743142707,10223,9994
divorce_custody,household_dissolution,20260722,2026-07-24_e2_divorce_custody_s20260722_seed20260722,link,30895,27868,166267,238523176,0.999461748241711,20.93284209999547,41.946676799998386,paper_experiments\results\E2_E6\E2\scores\divorce_custody\seed_20260722.parquet,4d802a50afc553e77346f2ee0485e2aa23d1588b944cd439e99f799a1f583c4e,splink,0.9986013472769922,27385,233,483,27618,0.9915634730972555,0.9826682933830917,0.9870958439966838,0.3880054100290566,0.9880850761132451,0.9968781398019233,0.992462132037725,27412,345,456,0.9875707028857585,0.983637146548012,0.9856,0.9936839833845821,0.9892377407347467,0.9914558772250487,10204,9994
divorce_custody,household_dissolution,20260723,2026-07-24_e2_divorce_custody_s20260723_seed20260723,link,30864,27828,163005,238040999,0.9991375592927986,26.249530300003244,51.824970700006816,paper_experiments\results\E2_E6\E2\scores\divorce_custody\seed_20260723.parquet,3ed35dca3529f48916736c76c3c589c4bf659d4728b701752a6dbf8dea5f733b,baseline,0.65,27289,30,539,27319,0.9989018631721512,0.9806310191174357,0.9896821223275971,0.6000000000000001,0.9982487504104491,0.9832183412390398,0.9906765392762098,27310,30,518,0.9989027066569129,0.9813856547362368,0.9900667053364268,0.9993822360463107,0.9874125194401244,0.9933613211462196,10331,9993
divorce_custody,household_dissolution,20260723,2026-07-24_e2_divorce_custody_s20260723_seed20260723,link,30864,27828,163005,238040999,0.9991375592927986,26.249530300003244,51.824970700006816,paper_experiments\results\E2_E6\E2\scores\divorce_custody\seed_20260723.parquet,3ed35dca3529f48916736c76c3c589c4bf659d4728b701752a6dbf8dea5f733b,learned,0.6500030591266042,27445,10,383,27455,0.9996357676197414,0.9862368837142447,0.992891123853626,0.37767296455462646,0.9994183087326401,0.9878539600402473,0.9936024867170276,27452,10,376,0.9996358604617289,0.9864884289205117,0.9930186290468439,0.9998185588387766,0.9908631415241057,0.9953207064539771,10264,9993
divorce_custody,household_dissolution,20260723,2026-07-24_e2_divorce_custody_s20260723_seed20260723,link,30864,27828,163005,238040999,0.9991375592927986,26.249530300003244,51.824970700006816,paper_experiments\results\E2_E6\E2\scores\divorce_custody\seed_20260723.parquet,3ed35dca3529f48916736c76c3c589c4bf659d4728b701752a6dbf8dea5f733b,splink,0.9986013472769922,27285,185,543,27470,0.9932653804149982,0.9804872789995688,0.9868349669065788,0.3880054100290566,0.9898355861478655,0.9973408078194624,0.9935740240213364,27306,405,522,0.9853848652159792,0.98124191461837,0.9833090260897747,0.993409797822706,0.9876879212026957,0.9905405964493144,10244,9993
divorce_custody,household_dissolution,20260724,2026-07-24_e2_divorce_custody_s20260724_seed20260724,link,30832,27788,166756,237543495,0.9997121059450123,26.394459600007394,51.995367800001986,paper_experiments\results\E2_E6\E2\scores\divorce_custody\seed_20260724.parquet,b4d9f1a7e37d520a1a94b681daa123432fcf4dfa650ff44c3d6bb4c72b8ebf83,baseline,0.65,27330,7,458,27337,0.9997439367889673,0.9835180653519505,0.9915646258503401,0.6000000000000001,0.9982133090246126,0.9851734561681301,0.9916505170883668,27360,8,428,0.9997076878105817,0.9845976680581546,0.9920951483066214,0.9998097215014704,0.9895887389724961,0.99467297393742,10270,9991
divorce_custody,household_dissolution,20260724,2026-07-24_e2_divorce_custody_s20260724_seed20260724,link,30832,27788,166756,237543495,0.9997121059450123,26.394459600007394,51.995367800001986,paper_experiments\results\E2_E6\E2\scores\divorce_custody\seed_20260724.parquet,b4d9f1a7e37d520a1a94b681daa123432fcf4dfa650ff44c3d6bb4c72b8ebf83,learned,0.6500030591266042,27463,0,325,27463,1.0,0.988304304016122,0.9941177535248231,0.35329790982478915,0.9996730720331287,0.9903555491579099,0.9949924977854909,27472,0,316,1.0,0.9886281848279833,0.994281577994933,1.0,0.9923131811105345,0.9961417617659987,10216,9991
divorce_custody,household_dissolution,20260724,2026-07-24_e2_divorce_custody_s20260724_seed20260724,link,30832,27788,166756,237543495,0.9997121059450123,26.394459600007394,51.995367800001986,paper_experiments\results\E2_E6\E2\scores\divorce_custody\seed_20260724.parquet,b4d9f1a7e37d520a1a94b681daa123432fcf4dfa650ff44c3d6bb4c72b8ebf83,splink,0.9986013472769922,27329,226,459,27555,0.9917982217383415,0.983482078595077,0.9876226442368502,0.3880054100290566,0.9884438420658416,0.9973009932344897,0.9928526645768024,27360,413,428,0.9851294422640694,0.9845976680581546,0.984863483378629,0.9926128079669854,0.9899130773222626,0.9912611044478045,10172,9991
divorce_custody,household_dissolution,20260725,2026-07-24_e2_divorce_custody_s20260725_seed20260725,link,30848,27808,163588,237792192,0.9995325086306099,25.502702099998714,50.10160029999679,paper_experiments\results\E2_E6\E2\scores\divorce_custody\seed_20260725.parquet,5c5899e3696f8f12acdb6be8f9dcf812a53dad60e9cb6f42d0aa126a7c550c19,baseline,0.65,27367,20,441,27387,0.999269726512579,0.984141254315305,0.9916477941842557,0.6000000000000001,0.9982518755918129,0.9856875719217492,0.9919299388412406,27393,21,415,0.9992339680455242,0.9850762370540852,0.99210459599435,0.9996045124481326,0.9899021006224067,0.9947296482084722,10258,9992
divorce_custody,household_dissolution,20260725,2026-07-24_e2_divorce_custody_s20260725_seed20260725,link,30848,27808,163588,237792192,0.9995325086306099,25.502702099998714,50.10160029999679,paper_experiments\results\E2_E6\E2\scores\divorce_custody\seed_20260725.parquet,5c5899e3696f8f12acdb6be8f9dcf812a53dad60e9cb6f42d0aa126a7c550c19,learned,0.6500030591266042,27536,9,272,27545,0.9996732619350154,0.9902186421173763,0.9949234910483623,0.37067526518873417,0.9992390201478475,0.9916211162255466,0.9954154934661759,27546,10,262,0.9996371026273769,0.990578250863061,0.9950870601835127,0.9998184647302905,0.9936300570539419,0.9967146553294066,10178,9992
divorce_custody,household_dissolution,20260725,2026-07-24_e2_divorce_custody_s20260725_seed20260725,link,30848,27808,163588,237792192,0.9995325086306099,25.502702099998714,50.10160029999679,paper_experiments\results\E2_E6\E2\scores\divorce_custody\seed_20260725.parquet,5c5899e3696f8f12acdb6be8f9dcf812a53dad60e9cb6f42d0aa126a7c550c19,splink,0.9986013472769922,27367,235,441,27602,0.991486124193899,0.984141254315305,0.9878000360945679,0.3880054100290566,0.9879994302400114,0.9977344649021864,0.9928430846305242,27393,364,415,0.9868861908707713,0.9850762370540852,0.9859803833348332,0.993564142461964,0.9902586877593361,0.9919086613287537,10171,9992
divorce_custody,household_dissolution,20260726,2026-07-24_e2_divorce_custody_s20260726_seed20260726,link,30835,27792,165498,237590076,0.9991004605641911,20.751689500000793,40.850915000002715,paper_experiments\results\E2_E6\E2\scores\divorce_custody\seed_20260726.parquet,50ecff4f0c88de952c3f81fa90c6bf6497ee9c03f21a6055f17d0e19d4a4f078,baseline,0.65,27339,30,453,27369,0.9989038693412254,0.9837003454231433,0.991243813563931,0.6000000000000001,0.997596679047411,0.9857512953367875,0.9916386143989576,27358,44,434,0.9983942777899424,0.9843839953943581,0.9913396383664892,0.9993805740230258,0.9894113831684774,0.9943709923808951,10271,9991
divorce_custody,household_dissolution,20260726,2026-07-24_e2_divorce_custody_s20260726_seed20260726,link,30835,27792,165498,237590076,0.9991004605641911,20.751689500000793,40.850915000002715,paper_experiments\results\E2_E6\E2\scores\divorce_custody\seed_20260726.parquet,50ecff4f0c88de952c3f81fa90c6bf6497ee9c03f21a6055f17d0e19d4a4f078,learned,0.6500030591266042,27490,18,302,27508,0.9993456449033009,0.9891335636154289,0.9942133815551537,0.41966873804061866,0.9989834077624079,0.9900331030512378,0.9944881178277762,27497,18,295,0.9993458113756133,0.9893854346574554,0.9943406802032293,0.9996886654775418,0.9928166045078645,0.9962407842782578,10196,9991
divorce_custody,household_dissolution,20260726,2026-07-24_e2_divorce_custody_s20260726_seed20260726,link,30835,27792,165498,237590076,0.9991004605641911,20.751689500000793,40.850915000002715,paper_experiments\results\E2_E6\E2\scores\divorce_custody\seed_20260726.parquet,50ecff4f0c88de952c3f81fa90c6bf6497ee9c03f21a6055f17d0e19d4a4f078,splink,0.9986013472769922,27341,232,451,27573,0.9915859717839915,0.983772308578008,0.9876636864445045,0.3880054100290566,0.9883318465655665,0.9966177317213587,0.9924574950283964,27360,412,432,0.9851649143021749,0.9844559585492227,0.9848103088330573,0.9929638611753092,0.9897356899627047,0.9913471475638279,10179,9991
divorce_custody,household_dissolution,20260727,2026-07-24_e2_divorce_custody_s20260727_seed20260727,link,30854,27816,164729,237885400,0.9995685936151855,25.46407660000841,50.703542700008256,paper_experiments\results\E2_E6\E2\scores\divorce_custody\seed_20260727.parquet,5fb70e3b7268151adb0364ac6efc99f634b70a92468052f0a53e6372340fc7ae,baseline,0.65,27359,39,457,27398,0.9985765384334623,0.9835706068449813,0.9910167711087767,0.6058823529411765,0.9981053705457991,0.9848288754673569,0.9914226774275271,27379,43,437,0.9984319159798701,0.9842896174863388,0.9913103298453962,0.9992675179879432,0.9893692876126272,0.9942937691003841,10272,9992
divorce_custody,household_dissolution,20260727,2026-07-24_e2_divorce_custody_s20260727_seed20260727,link,30854,27816,164729,237885400,0.9995685936151855,25.46407660000841,50.703542700008256,paper_experiments\results\E2_E6\E2\scores\divorce_custody\seed_20260727.parquet,5fb70e3b7268151adb0364ac6efc99f634b70a92468052f0a53e6372340fc7ae,learned,0.6500030591266042,27495,16,321,27511,0.9994184144524009,0.9884598792062123,0.9939089413848573,0.3956667950705287,0.9990924272126624,0.989394593039977,0.9942198619992053,27502,16,314,0.999418562395523,0.9887115329306874,0.9940362164311273,0.9997407143320153,0.9923672781487003,0.9960403505039432,10214,9992
divorce_custody,household_dissolution,20260727,2026-07-24_e2_divorce_custody_s20260727_seed20260727,link,30854,27816,164729,237885400,0.9995685936151855,25.46407660000841,50.703542700008256,paper_experiments\results\E2_E6\E2\scores\divorce_custody\seed_20260727.parquet,5fb70e3b7268151adb0364ac6efc99f634b70a92468052f0a53e6372340fc7ae,splink,0.9986013472769922,27357,242,459,27599,0.9912315663611,0.9834987057808455,0.9873499954885862,0.3880054100290566,0.987233739909676,0.9980586712683348,0.992616693780503,27377,511,439,0.9816767068273092,0.984217716422203,0.9829455694384603,0.9919945550009723,0.98966098398911,0.9908263955040623,10177,9992
divorce_custody,household_dissolution,20260728,2026-07-24_e2_divorce_custody_s20260728_seed20260728,link,30835,27792,166181,237590076,0.9990284974093264,25.9345861000038,51.757126500000595,paper_experiments\results\E2_E6\E2\scores\divorce_custody\seed_20260728.parquet,e6e6d20a48df46c54adafee43f540749b9ed72d6d49ae19194ba8368152e38ac,baseline,0.65,27351,26,441,27377,0.9990502976951455,0.9841321243523317,0.9915351012343889,0.6000000000000001,0.9974528782475802,0.9863270005757052,0.9918587400948005,27373,30,419,0.9989052293544503,0.9849237190558434,0.9918652051816288,0.9994032754986216,0.9898329820009729,0.9945951072214881,10259,9991
divorce_custody,household_dissolution,20260728,2026-07-24_e2_divorce_custody_s20260728_seed20260728,link,30835,27792,166181,237590076,0.9990284974093264,25.9345861000038,51.757126500000595,paper_experiments\results\E2_E6\E2\scores\divorce_custody\seed_20260728.parquet,e6e6d20a48df46c54adafee43f540749b9ed72d6d49ae19194ba8368152e38ac,learned,0.6500030591266042,27471,6,321,27477,0.9997816355497325,0.9884499136442142,0.9940834826032677,0.47085465066776433,0.9997817070508622,0.9887737478411054,0.9942472593075004,27476,8,316,0.9997089215543589,0.9886298215313759,0.9941385049569432,0.999870277282309,0.992313928976812,0.9960777725271156,10214,9991
divorce_custody,household_dissolution,20260728,2026-07-24_e2_divorce_custody_s20260728_seed20260728,link,30835,27792,166181,237590076,0.9990284974093264,25.9345861000038,51.757126500000595,paper_experiments\results\E2_E6\E2\scores\divorce_custody\seed_20260728.parquet,e6e6d20a48df46c54adafee43f540749b9ed72d6d49ae19194ba8368152e38ac,splink,0.9986013472769922,27351,215,441,27566,0.9922005368932744,0.9841321243523317,0.9881498609053796,0.3880054100290566,0.9874558996471972,0.9970135290731146,0.9922116985658783,27373,360,419,0.9870190747484946,0.9849237190558434,0.9859702836560108,0.993574401383709,0.9901572887952003,0.9918629019851779,10175,9991
divorce_custody,household_dissolution,20260729,2026-07-24_e2_divorce_custody_s20260729_seed20260729,link,30822,27776,161546,237388032,0.9997479838709677,26.237867899995763,52.051704500001506,paper_experiments\results\E2_E6\E2\scores\divorce_custody\seed_20260729.parquet,d22b7bbdcb83fdd0e9319dabd250d25e1362f050dd47d1eb6a3b7c0e5134824f,baseline,0.65,27326,31,450,27357,0.9988668348137588,0.9837989631336406,0.9912756425371375,0.6068181818181818,0.9981028821597957,0.9849510368663594,0.9914833472257456,27342,34,434,0.9987580362361193,0.984375,0.991514360313316,0.9993684164990375,0.989439361495036,0.9943791037627966,10273,9990
divorce_custody,household_dissolution,20260729,2026-07-24_e2_divorce_custody_s20260729_seed20260729,link,30822,27776,161546,237388032,0.9997479838709677,26.237867899995763,52.051704500001506,paper_experiments\results\E2_E6\E2\scores\divorce_custody\seed_20260729.parquet,d22b7bbdcb83fdd0e9319dabd250d25e1362f050dd47d1eb6a3b7c0e5134824f,learned,0.6500030591266042,27453,0,323,27453,1.0,0.9883712557603687,0.9941516232414129,0.36357635589963544,0.9995638108393007,0.990027361751152,0.9947727313835079,27460,0,316,1.0,0.9886232718894009,0.99427909334492,1.0,0.9923106871715008,0.9961405051541355,10217,9990
divorce_custody,household_dissolution,20260729,2026-07-24_e2_divorce_custody_s20260729_seed20260729,link,30822,27776,161546,237388032,0.9997479838709677,26.237867899995763,52.051704500001506,paper_experiments\results\E2_E6\E2\scores\divorce_custody\seed_20260729.parquet,d22b7bbdcb83fdd0e9319dabd250d25e1362f050dd47d1eb6a3b7c0e5134824f,splink,0.9986013472769922,27327,232,449,27559,0.9915816974491092,0.983834965437788,0.9876931417728381,0.3880054100290566,0.9872091780382656,0.9975518433179723,0.9923535626667621,27342,485,434,0.9825708843928559,0.984375,0.9834721148139489,0.992038392252525,0.9898124716111868,0.9909241819077517,10167,9990
family_birth,household_formation,20260720,2026-07-24_e2_family_birth_s20260720_seed20260720,link,14900,8500,40811,54400000,0.9978823529411764,9.422100600000704,19.020522000006167,paper_experiments\results\E2_E6\E2\scores\family_birth\seed_20260720.parquet,e9189e2c627347b4838273255eadfa6a3a5875f50c29b48691d0d8020432a75e,baseline,0.65,7466,43,1034,7509,0.994273538420562,0.8783529411764706,0.9327253419951276,0.65,0.994273538420562,0.8783529411764706,0.9327253419951276,7466,43,1034,0.994273538420562,0.8783529411764706,0.9327253419951276,0.9973557046979865,0.9304697986577182,0.9627524484193261,7407,6400
family_birth,household_formation,20260720,2026-07-24_e2_family_birth_s20260720_seed20260720,link,14900,8500,40811,54400000,0.9978823529411764,9.422100600000704,19.020522000006167,paper_experiments\results\E2_E6\E2\scores\family_birth\seed_20260720.parquet,e9189e2c627347b4838273255eadfa6a3a5875f50c29b48691d0d8020432a75e,learned,0.6500030591266042,7526,3,974,7529,0.9996015407092576,0.8854117647058823,0.939047975544326,0.006297369377908123,0.9852015847121883,0.9947058823529412,0.9899309214377707,7526,3,974,0.9996015407092576,0.8854117647058823,0.939047975544326,0.999765100671141,0.934496644295302,0.9660296845471082,7372,6400
family_birth,household_formation,20260720,2026-07-24_e2_family_birth_s20260720_seed20260720,link,14900,8500,40811,54400000,0.9978823529411764,9.422100600000704,19.020522000006167,paper_experiments\results\E2_E6\E2\scores\family_birth\seed_20260720.parquet,e9189e2c627347b4838273255eadfa6a3a5875f50c29b48691d0d8020432a75e,splink,0.9986013472769922,7468,926,1032,8394,0.889683106981177,0.8785882352941177,0.8841008642121464,0.3880054100290566,0.8981392876129718,0.993764705882353,0.9435353253281207,7468,941,1032,0.8880960875252706,0.8785882352941177,0.883316576970844,0.9395391498881431,0.9312975391498881,0.9354001911045677,6772,6400
family_birth,household_formation,20260721,2026-07-24_e2_family_birth_s20260721_seed20260721,link,14900,8500,40099,54400000,0.9981176470588236,9.37495119999221,19.125134700007038,paper_experiments\results\E2_E6\E2\scores\family_birth\seed_20260721.parquet,970cec94f7241c5b1dd631a0b69eae37f0eafdd101b77fbba6e40615db641c94,baseline,0.65,7418,30,1082,7448,0.9959720730397422,0.8727058823529412,0.9302733885126662,0.65,0.9959720730397422,0.8727058823529412,0.9302733885126662,7418,32,1082,0.9957046979865772,0.8727058823529412,0.9301567398119123,0.9980134228187919,0.9271364653243847,0.9612702292713009,7464,6400
family_birth,household_formation,20260721,2026-07-24_e2_family_birth_s20260721_seed20260721,link,14900,8500,40099,54400000,0.9981176470588236,9.37495119999221,19.125134700007038,paper_experiments\results\E2_E6\E2\scores\family_birth\seed_20260721.parquet,970cec94f7241c5b1dd631a0b69eae37f0eafdd101b77fbba6e40615db641c94,learned,0.6500030591266042,7457,3,1043,7460,0.999597855227882,0.8772941176470588,0.9344611528822055,0.0062973693779081056,0.9792584009269989,0.9942352941176471,0.9866900175131349,7457,3,1043,0.999597855227882,0.8772941176470588,0.9344611528822055,0.9998389261744967,0.9297986577181208,0.9635476622672461,7442,6400
family_birth,household_formation,20260721,2026-07-24_e2_family_birth_s20260721_seed20260721,link,14900,8500,40099,54400000,0.9981176470588236,9.37495119999221,19.125134700007038,paper_experiments\results\E2_E6\E2\scores\family_birth\seed_20260721.parquet,970cec94f7241c5b1dd631a0b69eae37f0eafdd101b77fbba6e40615db641c94,splink,0.9986013472769922,7421,953,1079,8374,0.8861953666109387,0.8730588235294118,0.8795780490695746,0.3880054100290566,0.8964858265208621,0.9934117647058823,0.9424633071041911,7421,972,1079,0.8841892052901227,0.8730588235294118,0.8785887645770438,0.9370421860019176,0.9279642058165549,0.9324811022251054,6798,6400
family_birth,household_formation,20260722,2026-07-24_e2_family_birth_s20260722_seed20260722,link,14900,8500,40559,54400000,0.9982352941176471,9.476347300005727,19.230643800008693,paper_experiments\results\E2_E6\E2\scores\family_birth\seed_20260722.parquet,aeb77175e8e084f07e379882cd23194ece5b3dd83487f7e3171516c59046a511,baseline,0.65,7404,36,1096,7440,0.9951612903225806,0.8710588235294118,0.9289836888331241,0.65,0.9951612903225806,0.8710588235294118,0.9289836888331241,7404,38,1096,0.9948938457403924,0.8710588235294118,0.9288671433948062,0.9975190156599553,0.9260850111856824,0.9604756445537542,7471,6400
family_birth,household_formation,20260722,2026-07-24_e2_family_birth_s20260722_seed20260722,link,14900,8500,40559,54400000,0.9982352941176471,9.476347300005727,19.230643800008693,paper_experiments\results\E2_E6\E2\scores\family_birth\seed_20260722.parquet,aeb77175e8e084f07e379882cd23194ece5b3dd83487f7e3171516c59046a511,learned,0.6500030591266042,7457,2,1043,7459,0.999731867542566,0.8772941176470588,0.9345197067485431,0.0062973693779081056,0.9796201945345067,0.9952941176470588,0.9873949579831932,7457,2,1043,0.999731867542566,0.8772941176470588,0.9345197067485431,0.9998993288590604,0.9297539149888143,0.9635516832522575,7442,6400
family_birth,household_formation,20260722,2026-07-24_e2_family_birth_s20260722_seed20260722,link,14900,8500,40559,54400000,0.9982352941176471,9.476347300005727,19.230643800008693,paper_experiments\results\E2_E6\E2\scores\family_birth\seed_20260722.parquet,aeb77175e8e084f07e379882cd23194ece5b3dd83487f7e3171516c59046a511,splink,0.9986013472769922,7405,900,1095,8305,0.8916315472606864,0.8711764705882353,0.8812853317465041,0.3880054100290566,0.90163234823429,0.9942352941176471,0.9456722430481733,7405,914,1095,0.8901310253636254,0.8711764705882353,0.8805517569415541,0.9396800894854587,0.9266442953020134,0.9331166665646309,6838,6400
family_birth,household_formation,20260723,2026-07-24_e2_family_birth_s20260723_seed20260723,link,14900,8500,40773,54400000,0.9983529411764706,12.21072479999566,24.55339190000086,paper_experiments\results\E2_E6\E2\scores\family_birth\seed_20260723.parquet,be38d1ee73943e9e4ce0375c773f6057e34574d58335e1e15dcf8dbb5f101cab,baseline,0.65,7445,45,1055,7490,0.9939919893190922,0.8758823529411764,0.9312070043777362,0.65,0.9939919893190922,0.8758823529411764,0.9312070043777362,7445,49,1055,0.9934614358153189,0.8758823529411764,0.9309741152932348,0.9970290827740492,0.9289485458612976,0.961785539825432,7427,6400
family_birth,household_formation,20260723,2026-07-24_e2_family_birth_s20260723_seed20260723,link,14900,8500,40773,54400000,0.9983529411764706,12.21072479999566,24.55339190000086,paper_experiments\results\E2_E6\E2\scores\family_birth\seed_20260723.parquet,be38d1ee73943e9e4ce0375c773f6057e34574d58335e1e15dcf8dbb5f101cab,learned,0.6500030591266042,7507,0,993,7507,1.0,0.8831764705882353,0.9379646404697946,0.006297369377908123,0.982668372688147,0.9938823529411764,0.9882435515002632,7507,0,993,1.0,0.8831764705882353,0.9379646404697946,1.0,0.9332662192393737,0.9654813289051923,7393,6400
family_birth,household_formation,20260723,2026-07-24_e2_family_birth_s20260723_seed20260723,link,14900,8500,40773,54400000,0.9983529411764706,12.21072479999566,24.55339190000086,paper_experiments\results\E2_E6\E2\scores\family_birth\seed_20260723.parquet,be38d1ee73943e9e4ce0375c773f6057e34574d58335e1e15dcf8dbb5f101cab,splink,0.9986013472769922,7445,941,1055,8386,0.8877891724302409,0.8758823529411764,0.8817955702949188,0.3880054100290566,0.8966946540546286,0.9925882352941177,0.9422078284661343,7445,972,1055,0.8845194249732684,0.8758823529411764,0.8801797008925932,0.9379977628635348,0.9294854586129753,0.9337222104772993,6790,6400
family_birth,household_formation,20260724,2026-07-24_e2_family_birth_s20260724_seed20260724,link,14900,8500,40425,54400000,0.9981176470588236,12.371604300002218,24.875365799991414,paper_experiments\results\E2_E6\E2\scores\family_birth\seed_20260724.parquet,0e249c682d4bb364993485fa2c2d8e8f01ec750a66f67e75841f9f50b32419f2,baseline,0.65,7440,38,1060,7478,0.9949184273870019,0.8752941176470588,0.9312805107022156,0.65,0.9949184273870019,0.8752941176470588,0.9312805107022156,7440,39,1060,0.9947853991175291,0.8752941176470588,0.9312222291757932,0.9973624161073826,0.9286129753914988,0.9617606588881159,7434,6400
family_birth,household_formation,20260724,2026-07-24_e2_family_birth_s20260724_seed20260724,link,14900,8500,40425,54400000,0.9981176470588236,12.371604300002218,24.875365799991414,paper_experiments\results\E2_E6\E2\scores\family_birth\seed_20260724.parquet,0e249c682d4bb364993485fa2c2d8e8f01ec750a66f67e75841f9f50b32419f2,learned,0.6500030591266042,7472,3,1028,7475,0.9995986622073578,0.8790588235294118,0.9354616588419405,0.006297369377908123,0.9793671032803988,0.994,0.9866292987680272,7472,5,1028,0.9993312825999733,0.8790588235294118,0.9353445578018402,0.9997046979865772,0.9308724832214765,0.9640615291232462,7426,6400
family_birth,household_formation,20260724,2026-07-24_e2_family_birth_s20260724_seed20260724,link,14900,8500,40425,54400000,0.9981176470588236,12.371604300002218,24.875365799991414,paper_experiments\results\E2_E6\E2\scores\family_birth\seed_20260724.parquet,0e249c682d4bb364993485fa2c2d8e8f01ec750a66f67e75841f9f50b32419f2,splink,0.9986013472769922,7440,890,1060,8330,0.8931572629051621,0.8752941176470588,0.8841354723707664,0.3880054100290566,0.9020046918319471,0.9951764705882353,0.9463027184248798,7440,903,1060,0.8917655519597267,0.8752941176470588,0.8834530665558391,0.9419709172259508,0.9292841163310962,0.9355845095683734,6827,6400
family_birth,household_formation,20260725,2026-07-24_e2_family_birth_s20260725_seed20260725,link,14900,8500,39488,54400000,0.9981176470588236,11.920461000001524,24.201547899996513,paper_experiments\results\E2_E6\E2\scores\family_birth\seed_20260725.parquet,9fe9c22136ac64f487dbead75c80e70ffb9c83f1fe3a7ecba8c276e9c8af7cee,baseline,0.65,7444,47,1056,7491,0.9937258042984916,0.8757647058823529,0.9310237008317177,0.65,0.9937258042984916,0.8757647058823529,0.9310237008317177,7444,48,1056,0.99359316604378,0.8757647058823529,0.9309654827413706,0.9966868008948546,0.9289038031319911,0.9616022823819104,7423,6400
family_birth,household_formation,20260725,2026-07-24_e2_family_birth_s20260725_seed20260725,link,14900,8500,39488,54400000,0.9981176470588236,11.920461000001524,24.201547899996513,paper_experiments\results\E2_E6\E2\scores\family_birth\seed_20260725.parquet,9fe9c22136ac64f487dbead75c80e70ffb9c83f1fe3a7ecba8c276e9c8af7cee,learned,0.6500030591266042,7479,2,1021,7481,0.9997326560620238,0.8798823529411764,0.9359864839496902,0.006297369377908123,0.9804171494785632,0.9954117647058823,0.9878575598365442,7479,2,1021,0.9997326560620238,0.8798823529411764,0.9359864839496902,0.9998389261744967,0.9312975391498882,0.9643518707375918,7419,6400
family_birth,household_formation,20260725,2026-07-24_e2_family_birth_s20260725_seed20260725,link,14900,8500,39488,54400000,0.9981176470588236,11.920461000001524,24.201547899996513,paper_experiments\results\E2_E6\E2\scores\family_birth\seed_20260725.parquet,9fe9c22136ac64f487dbead75c80e70ffb9c83f1fe3a7ecba8c276e9c8af7cee,splink,0.9986013472769922,7445,970,1055,8415,0.8847296494355318,0.8758823529411764,0.8802837718001774,0.3880054100290566,0.895416534349529,0.9951764705882353,0.9426645121747367,7445,993,1055,0.8823180848542309,0.8758823529411764,0.8790884401936474,0.9359501438159155,0.9293736017897092,0.9326502793984168,6767,6400
family_birth,household_formation,20260726,2026-07-24_e2_family_birth_s20260726_seed20260726,link,14900,8500,40004,54400000,0.9969411764705882,9.604467700002715,19.50095839999267,paper_experiments\results\E2_E6\E2\scores\family_birth\seed_20260726.parquet,a44fd1af4ea470b9f855775b4b798c5059a06cafe96445102dd1956314dd1950,baseline,0.65,7506,38,994,7544,0.9949628844114529,0.8830588235294118,0.9356768885564698,0.65,0.9949628844114529,0.8830588235294118,0.9356768885564698,7506,43,994,0.9943038813087827,0.8830588235294118,0.9353853822668079,0.9970581655480983,0.9330648769574944,0.9640006715311836,7366,6400
family_birth,household_formation,20260726,2026-07-24_e2_family_birth_s20260726_seed20260726,link,14900,8500,40004,54400000,0.9969411764705882,9.604467700002715,19.50095839999267,paper_experiments\results\E2_E6\E2\scores\family_birth\seed_20260726.parquet,a44fd1af4ea470b9f855775b4b798c5059a06cafe96445102dd1956314dd1950,learned,0.6500030591266042,7565,10,935,7575,0.9986798679867986,0.89,0.941213063763608,0.006297369377908123,0.9809590154417741,0.994,0.9874364518202535,7565,10,935,0.9986798679867986,0.89,0.941213063763608,0.9993691275167784,0.937158836689038,0.967264740068606,7330,6400
family_birth,household_formation,20260726,2026-07-24_e2_family_birth_s20260726_seed20260726,link,14900,8500,40004,54400000,0.9969411764705882,9.604467700002715,19.50095839999267,paper_experiments\results\E2_E6\E2\scores\family_birth\seed_20260726.parquet,a44fd1af4ea470b9f855775b4b798c5059a06cafe96445102dd1956314dd1950,splink,0.9986013472769922,7507,907,993,8414,0.8922034704064654,0.8831764705882353,0.8876670214023885,0.3880054100290566,0.8999574286930608,0.9948235294117647,0.9450156459544031,7507,930,993,0.8897712457034491,0.8831764705882353,0.8864615929621539,0.9406279961649091,0.9338255033557047,0.9372144064537296,6751,6400
family_birth,household_formation,20260727,2026-07-24_e2_family_birth_s20260727_seed20260727,link,14900,8500,39574,54400000,0.9978823529411764,11.880700100009562,24.113141599998926,paper_experiments\results\E2_E6\E2\scores\family_birth\seed_20260727.parquet,c86ddd67f5273f60d13ee0a5bedebf0d058fa7a4bd4bff44378b0f2c9c385219,baseline,0.65,7523,41,977,7564,0.9945795875198308,0.8850588235294118,0.9366284860557769,0.65,0.9945795875198308,0.8850588235294118,0.9366284860557769,7523,42,977,0.9944481163251817,0.8850588235294118,0.9365701836290071,0.9974116331096198,0.9342058165548099,0.9647746237872449,7352,6400
family_birth,household_formation,20260727,2026-07-24_e2_family_birth_s20260727_seed20260727,link,14900,8500,39574,54400000,0.9978823529411764,11.880700100009562,24.113141599998926,paper_experiments\results\E2_E6\E2\scores\family_birth\seed_20260727.parquet,c86ddd67f5273f60d13ee0a5bedebf0d058fa7a4bd4bff44378b0f2c9c385219,learned,0.6500030591266042,7572,2,928,7574,0.9997359387377872,0.8908235294117647,0.9421425905188504,0.006297369377908123,0.9773410404624278,0.9945882352941177,0.9858892128279884,7572,3,928,0.9996039603960396,0.8908235294117647,0.9420839813374805,0.9998389261744967,0.9375838926174497,0.9677111916929511,7327,6400
family_birth,household_formation,20260727,2026-07-24_e2_family_birth_s20260727_seed20260727,link,14900,8500,39574,54400000,0.9978823529411764,11.880700100009562,24.113141599998926,paper_experiments\results\E2_E6\E2\scores\family_birth\seed_20260727.parquet,c86ddd67f5273f60d13ee0a5bedebf0d058fa7a4bd4bff44378b0f2c9c385219,splink,0.9986013472769922,7523,878,977,8401,0.8954886323056779,0.8850588235294118,0.8902431808768713,0.3880054100290566,0.9020717642033319,0.993764705882353,0.9457008508732647,7523,899,977,0.8932557587271432,0.8850588235294118,0.8891383997163457,0.9422761265580057,0.9346979865771812,0.9384717584861849,6754,6400
family_birth,household_formation,20260728,2026-07-24_e2_family_birth_s20260728_seed20260728,link,14900,8500,40200,54400000,0.9962352941176471,12.452604300007806,24.794228699989617,paper_experiments\results\E2_E6\E2\scores\family_birth\seed_20260728.parquet,8554384492af0484f9f70c5fd78812407ada5b6c4e4624fc0028659d72f24dff,baseline,0.65,7440,61,1060,7501,0.9918677509665378,0.8752941176470588,0.9299418786325855,0.65,0.9918677509665378,0.8752941176470588,0.9299418786325855,7440,64,1060,0.9914712153518124,0.8752941176470588,0.9297675581104724,0.9958568232662193,0.9284116331096197,0.9609522585775494,7418,6400
family_birth,household_formation,20260728,2026-07-24_e2_family_birth_s20260728_seed20260728,link,14900,8500,40200,54400000,0.9962352941176471,12.452604300007806,24.794228699989617,paper_experiments\results\E2_E6\E2\scores\family_birth\seed_20260728.parquet,8554384492af0484f9f70c5fd78812407ada5b6c4e4624fc0028659d72f24dff,learned,0.6500030591266042,7488,7,1012,7495,0.999066044029353,0.8809411764705882,0.9362925914348234,0.006297369377908123,0.9807133728360636,0.9930588235294118,0.9868474893318525,7488,7,1012,0.999066044029353,0.8809411764705882,0.9362925914348234,0.9996040268456376,0.931834451901566,0.9645303029051001,7409,6400
family_birth,household_formation,20260728,2026-07-24_e2_family_birth_s20260728_seed20260728,link,14900,8500,40200,54400000,0.9962352941176471,12.452604300007806,24.794228699989617,paper_experiments\results\E2_E6\E2\scores\family_birth\seed_20260728.parquet,8554384492af0484f9f70c5fd78812407ada5b6c4e4624fc0028659d72f24dff,splink,0.9986013472769922,7441,946,1059,8387,0.8872063908429713,0.8754117647058823,0.8812696156807012,0.3880054100290566,0.8965700329191887,0.9932941176470588,0.9424568845230786,7441,975,1059,0.8841492395437263,0.8754117647058823,0.8797588082288956,0.9373630552892298,0.9291275167785235,0.9332271171517037,6780,6400
family_birth,household_formation,20260729,2026-07-24_e2_family_birth_s20260729_seed20260729,link,14900,8500,39398,54400000,0.9985882352941177,12.202514000004157,24.520976400002837,paper_experiments\results\E2_E6\E2\scores\family_birth\seed_20260729.parquet,0f9db0bfd4f5d9020c9b8b34c2aa606cbadfb6f5087996093b54acc4f9b46d75,baseline,0.65,7507,39,993,7546,0.9948316989133316,0.8831764705882353,0.9356849058955503,0.65,0.9948316989133316,0.8831764705882353,0.9356849058955503,7507,39,993,0.9948316989133316,0.8831764705882353,0.9356849058955503,0.997523489932886,0.9331767337807607,0.9642778311950082,7368,6400
family_birth,household_formation,20260729,2026-07-24_e2_family_birth_s20260729_seed20260729,link,14900,8500,39398,54400000,0.9985882352941177,12.202514000004157,24.520976400002837,paper_experiments\results\E2_E6\E2\scores\family_birth\seed_20260729.parquet,0f9db0bfd4f5d9020c9b8b34c2aa606cbadfb6f5087996093b54acc4f9b46d75,learned,0.6500030591266042,7543,0,957,7543,1.0,0.8874117647058823,0.940347815246525,0.0062973693779081056,0.9832480223359702,0.9943529411764706,0.9887693027608797,7543,0,957,1.0,0.8874117647058823,0.940347815246525,1.0,0.935682326621924,0.9667726090725224,7357,6400
family_birth,household_formation,20260729,2026-07-24_e2_family_birth_s20260729_seed20260729,link,14900,8500,39398,54400000,0.9985882352941177,12.202514000004157,24.520976400002837,paper_experiments\results\E2_E6\E2\scores\family_birth\seed_20260729.parquet,0f9db0bfd4f5d9020c9b8b34c2aa606cbadfb6f5087996093b54acc4f9b46d75,splink,0.9986013472769922,7508,897,992,8405,0.8932778108268887,0.8832941176470588,0.8882579118603963,0.3880054100290566,0.9013663535439795,0.9934117647058823,0.9451533467651667,7509,932,991,0.8895865418789243,0.8834117647058823,0.8864884009208429,0.9397829977628636,0.9338478747203579,0.9368060358612991,6741,6400
high_duplication_dedup,duplication_topology,20260720,2026-07-24_e2_high_duplication_dedup_s20260720_seed20260720,dedupe,16800,9022,90289,141111600,0.9997783196630459,11.464860400010366,22.596040999997058,paper_experiments\results\E2_E6\E2\scores\high_duplication_dedup\seed_20260720.parquet,e89c6ba011a9a35156cb2d6be16b7cf207643733f8439424be80e9459c93c998,baseline,0.65,8973,13,49,8986,0.998553305141331,0.9945688317446243,0.9965570857396713,0.6000000000000001,0.9973357015985791,0.9957880735978719,0.9965612867443151,8986,13,36,0.9985553950438938,0.9960097539348259,0.9972809500027745,0.9995138888888888,0.9982083333333335,0.9988606845064286,10022,10000
high_duplication_dedup,duplication_topology,20260720,2026-07-24_e2_high_duplication_dedup_s20260720_seed20260720,dedupe,16800,9022,90289,141111600,0.9997783196630459,11.464860400010366,22.596040999997058,paper_experiments\results\E2_E6\E2\scores\high_duplication_dedup\seed_20260720.parquet,e89c6ba011a9a35156cb2d6be16b7cf207643733f8439424be80e9459c93c998,learned,0.6500030591266042,8991,3,31,8994,0.9996664442961974,0.9965639547772113,0.9981127886323268,0.6250949937893489,0.9994446912483341,0.9974506761250277,0.9984466881171642,9002,3,20,0.9996668517490284,0.9977831966304589,0.9987241360181949,0.999861111111111,0.9990079365079366,0.9994343417298363,10013,10000
high_duplication_dedup,duplication_topology,20260720,2026-07-24_e2_high_duplication_dedup_s20260720_seed20260720,dedupe,16800,9022,90289,141111600,0.9997783196630459,11.464860400010366,22.596040999997058,paper_experiments\results\E2_E6\E2\scores\high_duplication_dedup\seed_20260720.parquet,e89c6ba011a9a35156cb2d6be16b7cf207643733f8439424be80e9459c93c998,splink,0.9986013472769922,8974,92,48,9066,0.9898521950143393,0.9946796719131014,0.9922600619195048,0.5662987087670317,0.988593989910068,0.9991132786521836,0.9938257993384786,8988,147,34,0.9839080459770115,0.9962314342717801,0.9900313928512419,0.9960982142857143,0.998327380952381,0.9972115518508325,9987,10000
high_duplication_dedup,duplication_topology,20260721,2026-07-24_e2_high_duplication_dedup_s20260721_seed20260721,dedupe,16800,9127,90943,141111600,0.9991234797852525,11.304614699998638,22.73325269999623,paper_experiments\results\E2_E6\E2\scores\high_duplication_dedup\seed_20260721.parquet,bb4ab015c88de9ff6c673a2d81116afe0d269f6bbb166331501b49ed9a0d60dd,baseline,0.65,9053,4,74,9057,0.9995583526554047,0.991892188013586,0.9957105147382314,0.6000000000000001,0.9986779773052771,0.9932069683357072,0.9959349593495934,9072,6,55,0.9993390614672836,0.9939739235236112,0.9966492721779731,0.9997619047619047,0.9975337301587301,0.9986465745892132,10033,10000
high_duplication_dedup,duplication_topology,20260721,2026-07-24_e2_high_duplication_dedup_s20260721_seed20260721,dedupe,16800,9127,90943,141111600,0.9991234797852525,11.304614699998638,22.73325269999623,paper_experiments\results\E2_E6\E2\scores\high_duplication_dedup\seed_20260721.parquet,bb4ab015c88de9ff6c673a2d81116afe0d269f6bbb166331501b49ed9a0d60dd,learned,0.6500030591266042,9103,2,24,9105,0.9997803404722679,0.9973704393557576,0.9985739359368143,0.37849880605052955,0.9996707638279192,0.9980278295168182,0.9988486210866823,9110,2,17,0.9997805092186128,0.9981373945436617,0.9989582762212841,0.9999206349206348,0.9992500000000001,0.9995852049758729,10010,10000
high_duplication_dedup,duplication_topology,20260721,2026-07-24_e2_high_duplication_dedup_s20260721_seed20260721,dedupe,16800,9127,90943,141111600,0.9991234797852525,11.304614699998638,22.73325269999623,paper_experiments\results\E2_E6\E2\scores\high_duplication_dedup\seed_20260721.parquet,bb4ab015c88de9ff6c673a2d81116afe0d269f6bbb166331501b49ed9a0d60dd,splink,0.9986013472769922,9051,53,76,9104,0.9941783831282952,0.9916730579598992,0.9929241402007569,0.5662987087670317,0.9909674610947873,0.9976991344362879,0.994321904345927,9072,91,55,0.9900687547746372,0.9939739235236112,0.9920174958993986,0.9972962018140589,0.9975337301587301,0.9974149518449097,10006,10000
high_duplication_dedup,duplication_topology,20260722,2026-07-24_e2_high_duplication_dedup_s20260722_seed20260722,dedupe,16800,9156,91965,141111600,0.9996723460026212,14.460257399987313,28.82328329999291,paper_experiments\results\E2_E6\E2\scores\high_duplication_dedup\seed_20260722.parquet,933d6222c89825078ae9a6b188a637862693209698cc0a85088e3b7825c7d402,baseline,0.65,9117,24,39,9141,0.9973744666885461,0.995740498034076,0.9965568125922283,0.6000000000000001,0.9971584699453552,0.9965050240279598,0.9968316398994865,9130,25,26,0.9972692517749864,0.9971603320227174,0.9972147889246901,0.9993452380952381,0.998670634920635,0.9990078226225944,10015,10000
high_duplication_dedup,duplication_topology,20260722,2026-07-24_e2_high_duplication_dedup_s20260722_seed20260722,dedupe,16800,9156,91965,141111600,0.9996723460026212,14.460257399987313,28.82328329999291,paper_experiments\results\E2_E6\E2\scores\high_duplication_dedup\seed_20260722.parquet,933d6222c89825078ae9a6b188a637862693209698cc0a85088e3b7825c7d402,learned,0.6500030591266042,9141,5,15,9146,0.9994533129236824,0.9983617300131061,0.9989072232542892,0.5498069404147198,0.9994536713286714,0.9990170380078637,0.9992353069696307,9146,6,10,0.9993444055944056,0.9989078200087375,0.9991260651081494,0.9997718253968255,0.9994444444444445,0.9996081081155591,10006,10000
high_duplication_dedup,duplication_topology,20260722,2026-07-24_e2_high_duplication_dedup_s20260722_seed20260722,dedupe,16800,9156,91965,141111600,0.9996723460026212,14.460257399987313,28.82328329999291,paper_experiments\results\E2_E6\E2\scores\high_duplication_dedup\seed_20260722.parquet,933d6222c89825078ae9a6b188a637862693209698cc0a85088e3b7825c7d402,splink,0.9986013472769922,9117,82,39,9199,0.9910859876073487,0.995740498034076,0.9934077907926997,0.5827268764206824,0.9897175018941444,0.9986893840104849,0.9941832019570536,9130,114,26,0.9876676763305928,0.9971603320227174,0.9923913043478261,0.9964764739229024,0.998670634920635,0.997572347908609,9981,10000
high_duplication_dedup,duplication_topology,20260723,2026-07-24_e2_high_duplication_dedup_s20260723_seed20260723,dedupe,16800,9131,89462,141111600,0.9993428978206111,14.000971100002062,27.6616847999976,paper_experiments\results\E2_E6\E2\scores\high_duplication_dedup\seed_20260723.parquet,a9e6073114a2d23696cadb0fc10f21fd2f4aa4765c3632284343c64c231d2e3c,baseline,0.65,9075,22,56,9097,0.9975816203143894,0.9938670463257037,0.9957208689927584,0.6000000000000001,0.9967094438960185,0.9951812506844815,0.9959447610697063,9092,24,39,0.9973672663448881,0.9957288358339722,0.9965473776511207,0.9992777777777779,0.9979960317460317,0.9986364934830702,10024,10000
high_duplication_dedup,duplication_topology,20260723,2026-07-24_e2_high_duplication_dedup_s20260723_seed20260723,dedupe,16800,9131,89462,141111600,0.9993428978206111,14.000971100002062,27.6616847999976,paper_experiments\results\E2_E6\E2\scores\high_duplication_dedup\seed_20260723.parquet,a9e6073114a2d23696cadb0fc10f21fd2f4aa4765c3632284343c64c231d2e3c,learned,0.6500030591266042,9105,4,26,9109,0.9995608738610166,0.9971525572226482,0.9983552631578947,0.6302064111058477,0.9995610184372257,0.9974811083123426,0.9985199802664037,9110,4,21,0.9995611147684881,0.9977001423721389,0.9986297615785147,0.9998412698412698,0.9989682539682538,0.9994045712520995,10014,10000
high_duplication_dedup,duplication_topology,20260723,2026-07-24_e2_high_duplication_dedup_s20260723_seed20260723,dedupe,16800,9131,89462,141111600,0.9993428978206111,14.000971100002062,27.6616847999976,paper_experiments\results\E2_E6\E2\scores\high_duplication_dedup\seed_20260723.parquet,a9e6073114a2d23696cadb0fc10f21fd2f4aa4765c3632284343c64c231d2e3c,splink,0.9986013472769922,9075,71,56,9146,0.9922370435162913,0.9938670463257037,0.9930513760463971,0.5662987087670317,0.9903281895240165,0.9980286934618333,0.9941635302460045,9093,113,38,0.9877253964805561,0.9958383528638703,0.9917652833069749,0.9967684240362812,0.9980158730158729,0.9973917584766469,9999,10000
high_duplication_dedup,duplication_topology,20260724,2026-07-24_e2_high_duplication_dedup_s20260724_seed20260724,dedupe,16800,9134,91790,141111600,0.9992336325815634,14.05691419998766,27.781735800002934,paper_experiments\results\E2_E6\E2\scores\high_duplication_dedup\seed_20260724.parquet,35db4cbe85fcf18f8275ae208a5d07d6b960c4224c85a6645441d0c6e2e5faaa,baseline,0.65,9079,7,55,9086,0.9992295839753467,0.9939785417122837,0.9965971459934139,0.6142857142857143,0.9987906772207564,0.9946354280709437,0.9967087218869994,9093,8,41,0.9991209757169541,0.9955112765491569,0.9973128598848369,0.999702380952381,0.9979265873015871,0.998813694830488,10028,10000
high_duplication_dedup,duplication_topology,20260724,2026-07-24_e2_high_duplication_dedup_s20260724_seed20260724,dedupe,16800,9134,91790,141111600,0.9992336325815634,14.05691419998766,27.781735800002934,paper_experiments\results\E2_E6\E2\scores\high_duplication_dedup\seed_20260724.parquet,35db4cbe85fcf18f8275ae208a5d07d6b960c4224c85a6645441d0c6e2e5faaa,learned,0.6500030591266042,9111,1,23,9112,0.9998902546093064,0.9974819356251369,0.9986846432094705,0.6302064111058477,0.9997806055287407,0.9978103788044669,0.9987945205479453,9114,1,20,0.9998902907295667,0.9978103788044669,0.998849252013809,0.9999404761904762,0.9989384920634922,0.9994392329931719,10016,10000
high_duplication_dedup,duplication_topology,20260724,2026-07-24_e2_high_duplication_dedup_s20260724_seed20260724,dedupe,16800,9134,91790,141111600,0.9992336325815634,14.05691419998766,27.781735800002934,paper_experiments\results\E2_E6\E2\scores\high_duplication_dedup\seed_20260724.parquet,35db4cbe85fcf18f8275ae208a5d07d6b960c4224c85a6645441d0c6e2e5faaa,splink,0.9986013472769922,9079,105,55,9184,0.9885670731707317,0.9939785417122837,0.9912654219893001,0.5827268764206824,0.9864747890067085,0.9981388219837968,0.9922725293861558,9093,175,41,0.9811178247734139,0.9955112765491569,0.9882621454189762,0.9951220238095237,0.9979265873015871,0.9965223323030372,9980,10000
high_duplication_dedup,duplication_topology,20260725,2026-07-24_e2_high_duplication_dedup_s20260725_seed20260725,dedupe,16800,9019,88807,141111600,0.9994456148131722,12.425710900002741,23.606826999995974,paper_experiments\results\E2_E6\E2\scores\high_duplication_dedup\seed_20260725.parquet,6c527dd306e4d0e500051b0937919e75f7165b2324584d490f21a749594f9438,baseline,0.65,8951,19,68,8970,0.9978818283166109,0.9924603614591418,0.995163711156818,0.6000000000000001,0.9967770615692376,0.9944561481317219,0.9956152522617527,8971,21,48,0.9976645907473309,0.994677902206453,0.9961690078285492,0.9992261904761904,0.997688492063492,0.9984567492274197,10026,10000
high_duplication_dedup,duplication_topology,20260725,2026-07-24_e2_high_duplication_dedup_s20260725_seed20260725,dedupe,16800,9019,88807,141111600,0.9994456148131722,12.425710900002741,23.606826999995974,paper_experiments\results\E2_E6\E2\scores\high_duplication_dedup\seed_20260725.parquet,6c527dd306e4d0e500051b0937919e75f7165b2324584d490f21a749594f9438,learned,0.6500030591266042,9002,7,17,9009,0.9992229992229992,0.9981150903647854,0.9986687375194142,0.47380012083263406,0.9992232578783844,0.9984477214768821,0.998835339138151,9007,8,12,0.9991125901275651,0.9986694755516132,0.9988909836974603,0.9996825396825397,0.9993253968253969,0.9995039363503879,10007,10000
high_duplication_dedup,duplication_topology,20260725,2026-07-24_e2_high_duplication_dedup_s20260725_seed20260725,dedupe,16800,9019,88807,141111600,0.9994456148131722,12.425710900002741,23.606826999995974,paper_experiments\results\E2_E6\E2\scores\high_duplication_dedup\seed_20260725.parquet,6c527dd306e4d0e500051b0937919e75f7165b2324584d490f21a749594f9438,splink,0.9986013472769922,8952,69,67,9021,0.9923511805786498,0.9925712384965074,0.9924611973392461,0.5827268764206824,0.9920652413489089,0.9981150903647854,0.9950809705410931,8972,127,47,0.9860424222442027,0.9947887792438186,0.9903962909813445,0.996123015873016,0.9977480158730158,0.9969348536875089,9993,10000
high_duplication_dedup,duplication_topology,20260726,2026-07-24_e2_high_duplication_dedup_s20260726_seed20260726,dedupe,16800,9131,89758,141111600,0.9990143467309166,11.258574099992984,22.199386699998286,paper_experiments\results\E2_E6\E2\scores\high_duplication_dedup\seed_20260726.parquet,e0f294ae46f6c906c87990626869db384f01158a1ba7b3ce0f6d818bfea33058,baseline,0.65,9076,17,55,9093,0.9981304300010998,0.9939765633556018,0.9960491659350309,0.6318181818181818,0.9981306355839015,0.9940860803855,0.9961042524005486,9093,19,38,0.9979148375768218,0.9958383528638703,0.9968755138957409,0.9993849206349205,0.9981547619047619,0.9987694624812458,10021,10000
high_duplication_dedup,duplication_topology,20260726,2026-07-24_e2_high_duplication_dedup_s20260726_seed20260726,dedupe,16800,9131,89758,141111600,0.9990143467309166,11.258574099992984,22.199386699998286,paper_experiments\results\E2_E6\E2\scores\high_duplication_dedup\seed_20260726.parquet,e0f294ae46f6c906c87990626869db384f01158a1ba7b3ce0f6d818bfea33058,learned,0.6500030591266042,9098,10,33,9108,0.9989020641194554,0.9963859380133611,0.9976424146060638,0.6250949937893489,0.9989030276437034,0.9972620742525463,0.9980818764728449,9109,10,22,0.998903388529444,0.9975906253422407,0.9982465753424657,0.9996825396825395,0.9989583333333333,0.9993203053000632,10013,10000
high_duplication_dedup,duplication_topology,20260726,2026-07-24_e2_high_duplication_dedup_s20260726_seed20260726,dedupe,16800,9131,89758,141111600,0.9990143467309166,11.258574099992984,22.199386699998286,paper_experiments\results\E2_E6\E2\scores\high_duplication_dedup\seed_20260726.parquet,e0f294ae46f6c906c87990626869db384f01158a1ba7b3ce0f6d818bfea33058,splink,0.9986013472769922,9074,74,57,9148,0.9919108001749016,0.9937575292958055,0.9928333059795393,0.5827268764206824,0.9896817638753123,0.9979191764319352,0.993783400588941,9092,114,39,0.9876167716706495,0.9957288358339722,0.9916562142117031,0.9964265873015871,0.9981150793650793,0.9972701186314304,9989,10000
high_duplication_dedup,duplication_topology,20260727,2026-07-24_e2_high_duplication_dedup_s20260727_seed20260727,dedupe,16800,9151,88030,141111600,0.9985793902305758,14.158828300001915,27.9106194999913,paper_experiments\results\E2_E6\E2\scores\high_duplication_dedup\seed_20260727.parquet,824b54b1fd3490cfaca808fed58b799c6b76fa8fde51f49f5c70a2ce1215be12,baseline,0.65,9094,14,57,9108,0.9984628897672376,0.9937711725494481,0.9961115066542527,0.65,0.9984628897672376,0.9937711725494481,0.9961115066542527,9113,14,38,0.9984660896241919,0.9958474483662988,0.9971550497866287,0.9995039682539684,0.9982281746031746,0.9988656640542782,10021,10000
high_duplication_dedup,duplication_topology,20260727,2026-07-24_e2_high_duplication_dedup_s20260727_seed20260727,dedupe,16800,9151,88030,141111600,0.9985793902305758,14.158828300001915,27.9106194999913,paper_experiments\results\E2_E6\E2\scores\high_duplication_dedup\seed_20260727.parquet,824b54b1fd3490cfaca808fed58b799c6b76fa8fde51f49f5c70a2ce1215be12,learned,0.6500030591266042,9120,5,31,9125,0.9994520547945206,0.9966123920882963,0.9980302035456335,0.6302064111058477,0.9994521748657829,0.9968309474374385,0.9981398402451034,9132,5,19,0.9994527744336216,0.9979237241831493,0.9986876640419946,0.9998214285714285,0.999140873015873,0.9994810349445764,10011,10000
high_duplication_dedup,duplication_topology,20260727,2026-07-24_e2_high_duplication_dedup_s20260727_seed20260727,dedupe,16800,9151,88030,141111600,0.9985793902305758,14.158828300001915,27.9106194999913,paper_experiments\results\E2_E6\E2\scores\high_duplication_dedup\seed_20260727.parquet,824b54b1fd3490cfaca808fed58b799c6b76fa8fde51f49f5c70a2ce1215be12,splink,0.9986013472769922,9095,82,56,9177,0.9910646180669064,0.9938804502240193,0.9924705368834571,0.5662987087670317,0.9899208843611141,0.9981422795322915,0.9940145826531722,9116,138,35,0.9850875297168792,0.996175281390012,0.9906003803314317,0.9954880952380951,0.9983174603174604,0.9969007702332783,9975,10000
high_duplication_dedup,duplication_topology,20260728,2026-07-24_e2_high_duplication_dedup_s20260728_seed20260728,dedupe,16800,9140,89358,141111600,0.9983588621444202,13.993086999995285,27.87736300000688,paper_experiments\results\E2_E6\E2\scores\high_duplication_dedup\seed_20260728.parquet,1e1ece1c999c3c38d5ca31507e072882bab0395a33401658ff46625c55782189,baseline,0.65,9069,14,71,9083,0.9984586590333591,0.9922319474835887,0.9953355649453988,0.65,0.9984586590333591,0.9922319474835887,0.9953355649453988,9086,16,54,0.998242144583608,0.9940919037199125,0.9961627014581735,0.9994940476190476,0.9975496031746031,0.9985208787815132,10031,10000
high_duplication_dedup,duplication_topology,20260728,2026-07-24_e2_high_duplication_dedup_s20260728_seed20260728,dedupe,16800,9140,89358,141111600,0.9983588621444202,13.993086999995285,27.87736300000688,paper_experiments\results\E2_E6\E2\scores\high_duplication_dedup\seed_20260728.parquet,1e1ece1c999c3c38d5ca31507e072882bab0395a33401658ff46625c55782189,learned,0.6500030591266042,9098,4,42,9102,0.999560536145902,0.9954048140043764,0.997478346672514,0.6223024323544883,0.9995610184372257,0.9964989059080963,0.9980276134122289,9108,4,32,0.9995610184372257,0.9964989059080963,0.9980276134122289,0.9998809523809524,0.9986309523809523,0.9992555614650924,10019,10000
high_duplication_dedup,duplication_topology,20260728,2026-07-24_e2_high_duplication_dedup_s20260728_seed20260728,dedupe,16800,9140,89358,141111600,0.9983588621444202,13.993086999995285,27.87736300000688,paper_experiments\results\E2_E6\E2\scores\high_duplication_dedup\seed_20260728.parquet,1e1ece1c999c3c38d5ca31507e072882bab0395a33401658ff46625c55782189,splink,0.9986013472769922,9068,71,72,9139,0.9922310974942554,0.9921225382932166,0.99217681492423,0.5662987087670317,0.988402341209625,0.9977024070021882,0.9930306000217795,9085,131,55,0.9857855902777778,0.9939824945295405,0.9898670734364785,0.9962671485260771,0.9974900793650793,0.9968782388849098,9998,10000
high_duplication_dedup,duplication_topology,20260729,2026-07-24_e2_high_duplication_dedup_s20260729_seed20260729,dedupe,16800,9091,88013,141111600,0.999120008799912,14.035883699994884,28.066974200002733,paper_experiments\results\E2_E6\E2\scores\high_duplication_dedup\seed_20260729.parquet,4ddf140abad6c333c06a6405d4a423f24b0bfc00b7be9eb135d604b028b7a480,baseline,0.65,9045,19,46,9064,0.9979037952338923,0.994940050599494,0.9964197190856513,0.65,0.9979037952338923,0.994940050599494,0.9964197190856513,9059,21,32,0.9976872246696036,0.996480035199648,0.9970832645424028,0.9993472222222222,0.9983531746031745,0.9988499510956657,10019,10000
high_duplication_dedup,duplication_topology,20260729,2026-07-24_e2_high_duplication_dedup_s20260729_seed20260729,dedupe,16800,9091,88013,141111600,0.999120008799912,14.035883699994884,28.066974200002733,paper_experiments\results\E2_E6\E2\scores\high_duplication_dedup\seed_20260729.parquet,4ddf140abad6c333c06a6405d4a423f24b0bfc00b7be9eb135d604b028b7a480,learned,0.6500030591266042,9061,3,30,9064,0.9996690203000883,0.99670003299967,0.9981823189204075,0.6250949937893489,0.9996693121693122,0.997580024199758,0.9986235754005396,9068,3,23,0.9996692757138133,0.997470025299747,0.9985684395991631,0.9999107142857143,0.9988888888888888,0.9993995403987512,10016,10000
high_duplication_dedup,duplication_topology,20260729,2026-07-24_e2_high_duplication_dedup_s20260729_seed20260729,dedupe,16800,9091,88013,141111600,0.999120008799912,14.035883699994884,28.066974200002733,paper_experiments\results\E2_E6\E2\scores\high_duplication_dedup\seed_20260729.parquet,4ddf140abad6c333c06a6405d4a423f24b0bfc00b7be9eb135d604b028b7a480,splink,0.9986013472769922,9044,92,47,9136,0.9899299474605955,0.994830051699483,0.99237395073243,0.5662987087670317,0.9885670731707317,0.998680013199868,0.9935978112175103,9059,141,32,0.9846739130434783,0.996480035199648,0.9905417965119458,0.9961702569916856,0.9983531746031745,0.9972605212440788,9987,10000
high_noise_identity_drift,emission_noise_coverage,20260720,2026-07-24_e2_high_noise_identity_drift_s20260720_seed20260720,link,18234,8233,54863,83089064,0.9969634398153772,11.45729210000718,23.46118220000062,paper_experiments\results\E2_E6\E2\scores\high_noise_identity_drift\seed_20260720.parquet,1d6862329b59318400d2359c41acd84d3827641a641f664de6abdb1a1ed33fc7,baseline,0.65,7895,12,338,7907,0.9984823574048312,0.958945706303899,0.9783147459727386,0.55,0.9924242424242424,0.9865176727802745,0.9894621429006518,7895,16,338,0.9979774996839843,0.958945706303899,0.9780723488602576,0.9991225183722716,0.9810427406676172,0.9900000913680509,10331,9995
high_noise_identity_drift,emission_noise_coverage,20260720,2026-07-24_e2_high_noise_identity_drift_s20260720_seed20260720,link,18234,8233,54863,83089064,0.9969634398153772,11.45729210000718,23.46118220000062,paper_experiments\results\E2_E6\E2\scores\high_noise_identity_drift\seed_20260720.parquet,1d6862329b59318400d2359c41acd84d3827641a641f664de6abdb1a1ed33fc7,learned,0.6500030591266042,8111,3,122,8114,0.9996302686714321,0.9851815862990404,0.9923533370037315,0.0748286193508397,0.9948985788898336,0.9948985788898336,0.9948985788898336,8111,4,122,0.9995070856438694,0.9851815862990404,0.9922926351847321,0.9997806295930679,0.9929070235091954,0.9963319715921966,10121,9995
high_noise_identity_drift,emission_noise_coverage,20260720,2026-07-24_e2_high_noise_identity_drift_s20260720_seed20260720,link,18234,8233,54863,83089064,0.9969634398153772,11.45729210000718,23.46118220000062,paper_experiments\results\E2_E6\E2\scores\high_noise_identity_drift\seed_20260720.parquet,1d6862329b59318400d2359c41acd84d3827641a641f664de6abdb1a1ed33fc7,splink,0.9986013472769922,7887,39,346,7926,0.9950794852384557,0.9579740070448196,0.9761742682096665,0.5662987087670317,0.993896484375,0.9889469209279728,0.9914155251141552,7887,45,346,0.9943267776096822,0.9579740070448196,0.9758119393751933,0.9973492742495704,0.980603999853753,0.988905754635413,10319,9995
high_noise_identity_drift,emission_noise_coverage,20260721,2026-07-24_e2_high_noise_identity_drift_s20260721_seed20260721,link,18233,8225,54898,83079772,0.9979331306990882,11.635991700008162,23.39460400000098,paper_experiments\results\E2_E6\E2\scores\high_noise_identity_drift\seed_20260721.parquet,ce21be593c058840cb6c1f6fcda557c6faf0c7837ff69b5073d9274cefeb49f1,baseline,0.65,7909,4,316,7913,0.9994945027170479,0.961580547112462,0.9801710249101498,0.55,0.9927987306237032,0.9889361702127659,0.9908636861980753,7909,5,316,0.9993682082385645,0.961580547112462,0.9801102918396432,0.9996709263423463,0.9819192306989158,0.9907155659390063,10320,9995
high_noise_identity_drift,emission_noise_coverage,20260721,2026-07-24_e2_high_noise_identity_drift_s20260721_seed20260721,link,18233,8225,54898,83079772,0.9979331306990882,11.635991700008162,23.39460400000098,paper_experiments\results\E2_E6\E2\scores\high_noise_identity_drift\seed_20260721.parquet,ce21be593c058840cb6c1f6fcda557c6faf0c7837ff69b5073d9274cefeb49f1,learned,0.6500030591266042,8120,1,105,8121,0.9998768624553627,0.9872340425531915,0.9935152330845466,0.0748286193508397,0.9936939121998545,0.9962310030395137,0.9949608402647078,8120,1,105,0.9998768624553627,0.9872340425531915,0.9935152330845466,0.9999268725205213,0.9935282180661438,0.996717275992805,10112,9995
high_noise_identity_drift,emission_noise_coverage,20260721,2026-07-24_e2_high_noise_identity_drift_s20260721_seed20260721,link,18233,8225,54898,83079772,0.9979331306990882,11.635991700008162,23.39460400000098,paper_experiments\results\E2_E6\E2\scores\high_noise_identity_drift\seed_20260721.parquet,ce21be593c058840cb6c1f6fcda557c6faf0c7837ff69b5073d9274cefeb49f1,splink,0.9986013472769922,7901,26,324,7927,0.9967200706446323,0.9606079027355623,0.9783308568598317,0.5662987087670317,0.9947484123106985,0.990273556231003,0.992505940413087,7901,33,324,0.9958406856566675,0.9606079027355623,0.9779070487035089,0.9980621217938171,0.9814804658220442,0.9897018456140686,10312,9995
high_noise_identity_drift,emission_noise_coverage,20260722,2026-07-24_e2_high_noise_identity_drift_s20260722_seed20260722,link,18250,8238,55043,83237736,0.9963583394027676,11.950014999994892,24.056712699995842,paper_experiments\results\E2_E6\E2\scores\high_noise_identity_drift\seed_20260722.parquet,bb8f35fdc4076cf836fa48df797bfbc328658d386fe22e6ccc57ee51871e44f3,baseline,0.65,7918,8,320,7926,0.9989906636386576,0.9611556202961884,0.979707993071022,0.55,0.9930453879941434,0.9879825200291333,0.9905074844833882,7918,11,320,0.9986126876024719,0.9611556202961884,0.9795261953361787,0.9993059360730593,0.9814977168949771,0.9903217749681046,10324,9996
high_noise_identity_drift,emission_noise_coverage,20260722,2026-07-24_e2_high_noise_identity_drift_s20260722_seed20260722,link,18250,8238,55043,83237736,0.9963583394027676,11.950014999994892,24.056712699995842,paper_experiments\results\E2_E6\E2\scores\high_noise_identity_drift\seed_20260722.parquet,bb8f35fdc4076cf836fa48df797bfbc328658d386fe22e6ccc57ee51871e44f3,learned,0.6500030591266042,8125,3,113,8128,0.999630905511811,0.9862830784170915,0.9929121349138459,0.041625090331071285,0.9955058909267581,0.9949016751638747,0.995203691336288,8125,5,113,0.9993849938499385,0.9862830784170915,0.9927908113391984,0.9997077625570777,0.9929132420091323,0.9962989181661629,10122,9996
high_noise_identity_drift,emission_noise_coverage,20260722,2026-07-24_e2_high_noise_identity_drift_s20260722_seed20260722,link,18250,8238,55043,83237736,0.9963583394027676,11.950014999994892,24.056712699995842,paper_experiments\results\E2_E6\E2\scores\high_noise_identity_drift\seed_20260722.parquet,bb8f35fdc4076cf836fa48df797bfbc328658d386fe22e6ccc57ee51871e44f3,splink,0.9986013472769922,7905,45,333,7950,0.9943396226415094,0.9595775673707211,0.9766493699036324,0.5662987087670317,0.9932959531935641,0.9891964068948774,0.9912419413696631,7905,51,333,0.9935897435897436,0.9595775673707211,0.976287513894035,0.9969315068493151,0.9807853881278538,0.9887925388768843,10312,9996
high_noise_identity_drift,emission_noise_coverage,20260723,2026-07-24_e2_high_noise_identity_drift_s20260723_seed20260723,link,18237,8234,54126,83116940,0.9975710468787953,14.837962000005064,29.795408399993903,paper_experiments\results\E2_E6\E2\scores\high_noise_identity_drift\seed_20260723.parquet,f034845fe0243facf3e85c42b16bb6854d298e099caeaff153f6036729b683ae,baseline,0.65,7936,9,298,7945,0.9988672120830712,0.9638085984940491,0.9810247852154027,0.55,0.9937774524158126,0.9891911586106388,0.9914790018259282,7936,12,298,0.9984901862103673,0.9638085984940491,0.9808429118773947,0.9993419970389866,0.9831112573339913,0.9911601850368973,10295,9995
high_noise_identity_drift,emission_noise_coverage,20260723,2026-07-24_e2_high_noise_identity_drift_s20260723_seed20260723,link,18237,8234,54126,83116940,0.9975710468787953,14.837962000005064,29.795408399993903,paper_experiments\results\E2_E6\E2\scores\high_noise_identity_drift\seed_20260723.parquet,f034845fe0243facf3e85c42b16bb6854d298e099caeaff153f6036729b683ae,learned,0.6500030591266042,8111,3,123,8114,0.9996302686714321,0.9850619383045908,0.9922926351847321,0.0748286193508397,0.9949022939677146,0.9955064367257712,0.9952042736599285,8111,3,123,0.9996302686714321,0.9850619383045908,0.9922926351847321,0.9998172213997184,0.9928168010089379,0.996304714444086,10124,9995
high_noise_identity_drift,emission_noise_coverage,20260723,2026-07-24_e2_high_noise_identity_drift_s20260723_seed20260723,link,18237,8234,54126,83116940,0.9975710468787953,14.837962000005064,29.795408399993903,paper_experiments\results\E2_E6\E2\scores\high_noise_identity_drift\seed_20260723.parquet,f034845fe0243facf3e85c42b16bb6854d298e099caeaff153f6036729b683ae,splink,0.9986013472769922,7921,35,313,7956,0.9956008044243339,0.9619868836531454,0.9785052501544164,0.5662987087670317,0.9943888753354476,0.9900412922030605,0.9922103213242454,7921,43,313,0.9946007031642391,0.9619868836531454,0.978021978021978,0.9976458116283745,0.9822887536327247,0.9899077253011257,10293,9995
high_noise_identity_drift,emission_noise_coverage,20260724,2026-07-24_e2_high_noise_identity_drift_s20260724_seed20260724,link,18224,8221,54707,82996144,0.9974455662328184,14.860229700003401,29.807681799997226,paper_experiments\results\E2_E6\E2\scores\high_noise_identity_drift\seed_20260724.parquet,71de6fb4e4bbf0b1f60566b3ab95691681fba162631f95a0e0262c0983f60bad,baseline,0.65,7915,4,306,7919,0.9994948857178937,0.962778250821068,0.9807930607187114,0.55,0.9947303921568628,0.9873494708672911,0.9910261888773579,7915,4,306,0.9994948857178937,0.962778250821068,0.9807930607187114,0.9997622183201638,0.9825687737781681,0.9910909336939394,10306,9994
high_noise_identity_drift,emission_noise_coverage,20260724,2026-07-24_e2_high_noise_identity_drift_s20260724_seed20260724,link,18224,8221,54707,82996144,0.9974455662328184,14.860229700003401,29.807681799997226,paper_experiments\results\E2_E6\E2\scores\high_noise_identity_drift\seed_20260724.parquet,71de6fb4e4bbf0b1f60566b3ab95691681fba162631f95a0e0262c0983f60bad,learned,0.6500030591266042,8112,1,109,8113,0.9998767410329101,0.9867412723512955,0.9932655809966939,0.0748286193508397,0.9954998783750912,0.9956209706848316,0.9955604208477772,8112,1,109,0.9998767410329101,0.9867412723512955,0.9932655809966939,0.9999451273046532,0.9933969856599355,0.9966603011386129,10111,9994
high_noise_identity_drift,emission_noise_coverage,20260724,2026-07-24_e2_high_noise_identity_drift_s20260724_seed20260724,link,18224,8221,54707,82996144,0.9974455662328184,14.860229700003401,29.807681799997226,paper_experiments\results\E2_E6\E2\scores\high_noise_identity_drift\seed_20260724.parquet,71de6fb4e4bbf0b1f60566b3ab95691681fba162631f95a0e0262c0983f60bad,splink,0.9986013472769922,7907,39,314,7946,0.9950918701233324,0.961805133195475,0.9781653986515741,0.5662987087670317,0.9935381614240429,0.991241941369663,0.9923887231321926,7907,45,314,0.994341046277666,0.961805133195475,0.9778025103567675,0.9973661106233538,0.9821297922153938,0.9896893139151749,10289,9994
high_noise_identity_drift,emission_noise_coverage,20260725,2026-07-24_e2_high_noise_identity_drift_s20260725_seed20260725,link,18231,8220,53940,83061188,0.9972019464720194,14.869919500008109,29.102782499991008,paper_experiments\results\E2_E6\E2\scores\high_noise_identity_drift\seed_20260725.parquet,6593f3ce83e3d2100686d273c1eacea507d2d601977c8b28e658bae61f34eb1a,baseline,0.65,7940,10,280,7950,0.9987421383647799,0.9659367396593674,0.9820655534941249,0.55,0.9935302734375,0.9901459854014598,0.9918352425054838,7940,11,280,0.9986165262231166,0.9659367396593674,0.9820048234493848,0.9993417804837913,0.9836907830983854,0.9914545193864621,10284,9995
high_noise_identity_drift,emission_noise_coverage,20260725,2026-07-24_e2_high_noise_identity_drift_s20260725_seed20260725,link,18231,8220,53940,83061188,0.9972019464720194,14.869919500008109,29.102782499991008,paper_experiments\results\E2_E6\E2\scores\high_noise_identity_drift\seed_20260725.parquet,6593f3ce83e3d2100686d273c1eacea507d2d601977c8b28e658bae61f34eb1a,learned,0.6500030591266042,8127,4,93,8131,0.9995080555897183,0.9886861313868613,0.9940676411228672,0.0748286193508397,0.994896099161502,0.995985401459854,0.9954404523071312,8127,5,93,0.999385145105755,0.9886861313868613,0.9940068493150684,0.999707457992796,0.9939663211014207,0.996828623236654,10101,9995
high_noise_identity_drift,emission_noise_coverage,20260725,2026-07-24_e2_high_noise_identity_drift_s20260725_seed20260725,link,18231,8220,53940,83061188,0.9972019464720194,14.869919500008109,29.102782499991008,paper_experiments\results\E2_E6\E2\scores\high_noise_identity_drift\seed_20260725.parquet,6593f3ce83e3d2100686d273c1eacea507d2d601977c8b28e658bae61f34eb1a,splink,0.9986013472769922,7930,32,290,7962,0.9959809093192665,0.9647201946472019,0.9801013471758744,0.5662987087670317,0.9952427421322274,0.9925790754257907,0.9939091241320502,7930,38,290,0.9952309236947792,0.9647201946472019,0.9797380775883371,0.9977693671950706,0.9831422668348782,0.990401813580073,10278,9995
high_noise_identity_drift,emission_noise_coverage,20260726,2026-07-24_e2_high_noise_identity_drift_s20260726_seed20260726,link,18225,8216,54865,83005436,0.9972005842259006,11.615273300005356,23.62927399999171,paper_experiments\results\E2_E6\E2\scores\high_noise_identity_drift\seed_20260726.parquet,6eb848ee717826b699188526a3a6d284486ad05a1a40d4099932397b2439fe05,baseline,0.65,7921,8,295,7929,0.9989910455290705,0.9640944498539435,0.9812325797460513,0.55,0.992545521202493,0.9885589094449854,0.9905482041587901,7921,11,295,0.998613212304589,0.9640944498539435,0.9810502848649989,0.9994878829446732,0.9829355281207133,0.9911426031278565,10299,9994
high_noise_identity_drift,emission_noise_coverage,20260726,2026-07-24_e2_high_noise_identity_drift_s20260726_seed20260726,link,18225,8216,54865,83005436,0.9972005842259006,11.615273300005356,23.62927399999171,paper_experiments\results\E2_E6\E2\scores\high_noise_identity_drift\seed_20260726.parquet,6eb848ee717826b699188526a3a6d284486ad05a1a40d4099932397b2439fe05,learned,0.6500030591266042,8107,5,109,8112,0.9993836291913215,0.9867332035053554,0.9930181283684468,0.0748286193508397,0.9950145914396887,0.995983446932814,0.9954987834549879,8107,7,109,0.9991372935666749,0.9867332035053554,0.9928965094917329,0.9995976223136718,0.9931778692272518,0.9963774051099445,10114,9994
high_noise_identity_drift,emission_noise_coverage,20260726,2026-07-24_e2_high_noise_identity_drift_s20260726_seed20260726,link,18225,8216,54865,83005436,0.9972005842259006,11.615273300005356,23.62927399999171,paper_experiments\results\E2_E6\E2\scores\high_noise_identity_drift\seed_20260726.parquet,6eb848ee717826b699188526a3a6d284486ad05a1a40d4099932397b2439fe05,splink,0.9986013472769922,7918,42,298,7960,0.9947236180904523,0.9637293086660176,0.978981206726014,0.5662987087670317,0.9923123856009762,0.9897760467380721,0.9910425933824875,7918,47,298,0.9940991839296924,0.9637293086660176,0.9786786972375008,0.9974174668495657,0.9827709190672154,0.9900400260509724,10280,9994
high_noise_identity_drift,emission_noise_coverage,20260727,2026-07-24_e2_high_noise_identity_drift_s20260727_seed20260727,link,18233,8221,53660,83079772,0.9975672059360176,14.924688300001435,29.467587200007983,paper_experiments\results\E2_E6\E2\scores\high_noise_identity_drift\seed_20260727.parquet,f0e362ab880100a8182e94dabace4b49a159897ca1055081e2d0b9325b320103,baseline,0.65,7927,7,294,7934,0.9991177211998992,0.9642379272594575,0.9813679975239863,0.55,0.9919580845619593,0.9902688237440701,0.9911127343559777,7927,8,294,0.9989918084436042,0.9642379272594575,0.9813072542708591,0.9994881076436498,0.982906451671877,0.9911279313755371,10300,9995
high_noise_identity_drift,emission_noise_coverage,20260727,2026-07-24_e2_high_noise_identity_drift_s20260727_seed20260727,link,18233,8221,53660,83079772,0.9975672059360176,14.924688300001435,29.467587200007983,paper_experiments\results\E2_E6\E2\scores\high_noise_identity_drift\seed_20260727.parquet,f0e362ab880100a8182e94dabace4b49a159897ca1055081e2d0b9325b320103,learned,0.6500030591266042,8112,3,109,8115,0.999630314232902,0.9867412723512955,0.9931439764936337,0.0748286193508397,0.994535519125683,0.9962291692008272,0.9953816237238697,8112,4,109,0.9995071463775259,0.9867412723512955,0.9930831854073576,0.9997806175615642,0.9930528894495331,0.9964053972318333,10119,9995
high_noise_identity_drift,emission_noise_coverage,20260727,2026-07-24_e2_high_noise_identity_drift_s20260727_seed20260727,link,18233,8221,53660,83079772,0.9975672059360176,14.924688300001435,29.467587200007983,paper_experiments\results\E2_E6\E2\scores\high_noise_identity_drift\seed_20260727.parquet,f0e362ab880100a8182e94dabace4b49a159897ca1055081e2d0b9325b320103,splink,0.9986013472769922,7921,38,300,7959,0.9952255308455836,0.9635080890402627,0.9791100123609395,0.5662987087670317,0.9942612942612943,0.9905121031504683,0.9923831576381694,7921,42,300,0.9947256059274143,0.9635080890402627,0.9788680177953535,0.9974771019579882,0.9825590961443537,0.9899619013670911,10285,9995
high_noise_identity_drift,emission_noise_coverage,20260728,2026-07-24_e2_high_noise_identity_drift_s20260728_seed20260728,link,18225,8218,54375,83005436,0.9967145290825018,14.688222500000848,29.36551540000073,paper_experiments\results\E2_E6\E2\scores\high_noise_identity_drift\seed_20260728.parquet,6e60dec70437077fdeba2842329149920b01732efdd6ce402bbe48e53b541774,baseline,0.65,7918,9,300,7927,0.9988646398385266,0.9634947675833536,0.9808609476618149,0.55,0.9912120102526547,0.9881966415186176,0.9897020291268052,7918,9,300,0.9988646398385266,0.9634947675833536,0.9808609476618149,0.999487882944673,0.9827526291723822,0.9910496115738874,10302,9994
high_noise_identity_drift,emission_noise_coverage,20260728,2026-07-24_e2_high_noise_identity_drift_s20260728_seed20260728,link,18225,8218,54375,83005436,0.9967145290825018,14.688222500000848,29.36551540000073,paper_experiments\results\E2_E6\E2\scores\high_noise_identity_drift\seed_20260728.parquet,6e60dec70437077fdeba2842329149920b01732efdd6ce402bbe48e53b541774,learned,0.6500030591266042,8098,1,120,8099,0.9998765279664156,0.9853979070333414,0.9925844211558497,0.0748286193508397,0.994524215137503,0.994524215137503,0.994524215137503,8098,1,120,0.9998765279664156,0.9853979070333414,0.9925844211558497,0.9999268404206676,0.9926291723822587,0.9962646426720482,10126,9994
high_noise_identity_drift,emission_noise_coverage,20260728,2026-07-24_e2_high_noise_identity_drift_s20260728_seed20260728,link,18225,8218,54375,83005436,0.9967145290825018,14.688222500000848,29.36551540000073,paper_experiments\results\E2_E6\E2\scores\high_noise_identity_drift\seed_20260728.parquet,6e60dec70437077fdeba2842329149920b01732efdd6ce402bbe48e53b541774,splink,0.9986013472769922,7908,48,310,7956,0.9939668174962293,0.9622779265027988,0.9778657103994065,0.5662987087670317,0.9923105089710729,0.989291798491117,0.9907988544269086,7908,60,310,0.9924698795180723,0.9622779265027988,0.9771407389101693,0.996787771898883,0.982203932327389,0.9894421155622973,10284,9994
high_noise_identity_drift,emission_noise_coverage,20260729,2026-07-24_e2_high_noise_identity_drift_s20260729_seed20260729,link,18219,8221,53301,82949684,0.9975672059360176,14.661547000010614,29.19833749999816,paper_experiments\results\E2_E6\E2\scores\high_noise_identity_drift\seed_20260729.parquet,6a0e342f449668cb2a0a3ee1865b46d99dcae5c70b502952de7257c66cfd1008,baseline,0.65,7936,10,285,7946,0.9987415051598288,0.9653326845882496,0.9817529535473495,0.55,0.9914800389483934,0.9908770222600657,0.9911784388878749,7936,10,285,0.9987415051598288,0.9653326845882496,0.9817529535473495,0.999414530618219,0.98404595934647,0.991670704350169,10277,9994
high_noise_identity_drift,emission_noise_coverage,20260729,2026-07-24_e2_high_noise_identity_drift_s20260729_seed20260729,link,18219,8221,53301,82949684,0.9975672059360176,14.661547000010614,29.19833749999816,paper_experiments\results\E2_E6\E2\scores\high_noise_identity_drift\seed_20260729.parquet,6a0e342f449668cb2a0a3ee1865b46d99dcae5c70b502952de7257c66cfd1008,learned,0.6500030591266042,8127,1,94,8128,0.999876968503937,0.9885658678992824,0.9941892470487492,0.0748286193508397,0.9952623906705539,0.9965940883104245,0.9959277943232238,8127,1,94,0.999876968503937,0.9885658678992824,0.9941892470487492,0.9999268163272772,0.9946027041367071,0.9972576542527808,10091,9994
high_noise_identity_drift,emission_noise_coverage,20260729,2026-07-24_e2_high_noise_identity_drift_s20260729_seed20260729,link,18219,8221,53301,82949684,0.9975672059360176,14.661547000010614,29.19833749999816,paper_experiments\results\E2_E6\E2\scores\high_noise_identity_drift\seed_20260729.parquet,6a0e342f449668cb2a0a3ee1865b46d99dcae5c70b502952de7257c66cfd1008,splink,0.9986013472769922,7930,37,291,7967,0.9953558428517635,0.9646028463690549,0.9797380775883371,0.5662987087670317,0.9941449133935106,0.9913635810728622,0.9927522991656008,7930,43,291,0.9946067979430578,0.9646028463690549,0.9793750771890825,0.9975757908410633,0.9837166328192182,0.9905977393636889,10265,9994
low_overlap_sparse_coverage,emission_noise_coverage,20260720,2026-07-24_e2_low_overlap_sparse_coverage_s20260720_seed20260720,link,11124,2261,20626,30869280,1.0,7.039738599996781,14.407786800002214,paper_experiments\results\E2_E6\E2\scores\low_overlap_sparse_coverage\seed_20260720.parquet,e3325e597913881f100784e17ee096b81046aa3f6a75c64f5912d496e1757b1e,baseline,0.65,2251,7,10,2258,0.9968999114260407,0.9955771782397169,0.9962381057756141,0.6225,0.9964601769911504,0.9960194604157453,0.9962397699623977,2251,7,10,0.9968999114260407,0.9955771782397169,0.9962381057756141,0.9993107994726117,0.9912501498262015,0.9952641541060078,8868,8776
low_overlap_sparse_coverage,emission_noise_coverage,20260720,2026-07-24_e2_low_overlap_sparse_coverage_s20260720_seed20260720,link,11124,2261,20626,30869280,1.0,7.039738599996781,14.407786800002214,paper_experiments\results\E2_E6\E2\scores\low_overlap_sparse_coverage\seed_20260720.parquet,e3325e597913881f100784e17ee096b81046aa3f6a75c64f5912d496e1757b1e,learned,0.6500030591266042,2255,1,6,2256,0.9995567375886525,0.9973463069438302,0.9984502988709321,0.6500030591266042,0.9995567375886525,0.9973463069438302,0.9984502988709321,2255,1,6,0.9995567375886525,0.9973463069438302,0.9984502988709321,0.9998801390387151,0.9915198369890926,0.9956824388898698,8869,8776
low_overlap_sparse_coverage,emission_noise_coverage,20260720,2026-07-24_e2_low_overlap_sparse_coverage_s20260720_seed20260720,link,11124,2261,20626,30869280,1.0,7.039738599996781,14.407786800002214,paper_experiments\results\E2_E6\E2\scores\low_overlap_sparse_coverage\seed_20260720.parquet,e3325e597913881f100784e17ee096b81046aa3f6a75c64f5912d496e1757b1e,splink,0.9986013472769922,2251,18,10,2269,0.9920669898633759,0.9955771782397169,0.9938189845474614,0.5827268764206824,0.990342405618964,0.9977885891198585,0.9940515532055519,2251,19,10,0.9916299559471365,0.9955771782397169,0.993599646877069,0.9981061968116983,0.9912501498262015,0.9946663591006609,8859,8776
low_overlap_sparse_coverage,emission_noise_coverage,20260721,2026-07-24_e2_low_overlap_sparse_coverage_s20260721_seed20260721,link,11124,2254,20798,30869280,1.0,6.973759600004996,14.486357400004636,paper_experiments\results\E2_E6\E2\scores\low_overlap_sparse_coverage\seed_20260721.parquet,69671c4606f0fcaec0c289df616c604dc6e26397a849ecf980eb919f84298cb6,baseline,0.65,2246,3,8,2249,0.9986660738105825,0.9964507542147294,0.9975571840994892,0.6011363636363637,0.9977817213842058,0.9977817213842058,0.9977817213842058,2246,3,8,0.9986660738105825,0.9964507542147294,0.9975571840994892,0.9996703823564665,0.9908905669423468,0.9952611119771074,8875,8777
low_overlap_sparse_coverage,emission_noise_coverage,20260721,2026-07-24_e2_low_overlap_sparse_coverage_s20260721_seed20260721,link,11124,2254,20798,30869280,1.0,6.973759600004996,14.486357400004636,paper_experiments\results\E2_E6\E2\scores\low_overlap_sparse_coverage\seed_20260721.parquet,69671c4606f0fcaec0c289df616c604dc6e26397a849ecf980eb919f84298cb6,learned,0.6500030591266042,2250,1,4,2251,0.9995557529986673,0.9982253771073647,0.9988901220865705,0.6500030591266042,0.9995557529986673,0.9982253771073647,0.9988901220865705,2250,1,4,0.9995557529986673,0.9982253771073647,0.9988901220865705,0.9998801390387152,0.9912801150665228,0.9955615548628192,8873,8777
low_overlap_sparse_coverage,emission_noise_coverage,20260721,2026-07-24_e2_low_overlap_sparse_coverage_s20260721_seed20260721,link,11124,2254,20798,30869280,1.0,6.973759600004996,14.486357400004636,paper_experiments\results\E2_E6\E2\scores\low_overlap_sparse_coverage\seed_20260721.parquet,69671c4606f0fcaec0c289df616c604dc6e26397a849ecf980eb919f84298cb6,splink,0.9986013472769922,2245,13,9,2258,0.9942426926483614,0.9960070984915705,0.9951241134751773,0.9859569981263862,0.9942452412571935,0.9964507542147294,0.9953467759805009,2245,15,9,0.9933628318584071,0.9960070984915705,0.9946832077979618,0.9985167206040992,0.9908006712213832,0.9946437316294344,8866,8777
low_overlap_sparse_coverage,emission_noise_coverage,20260722,2026-07-24_e2_low_overlap_sparse_coverage_s20260722_seed20260722,link,11135,2254,20727,30927624,1.0,7.896598299994366,16.9035392000078,paper_experiments\results\E2_E6\E2\scores\low_overlap_sparse_coverage\seed_20260722.parquet,faa077f9b4576201ace8f43e27c5e71ed5771e719f511e2475aea0e7c5dac381,baseline,0.65,2247,2,7,2249,0.9991107158737217,0.9968944099378882,0.9980013324450366,0.6219696969696971,0.9986672589960017,0.997338065661047,0.9980022197558268,2247,2,7,0.9991107158737217,0.9968944099378882,0.9980013324450366,0.9997605148929801,0.9905702739110912,0.9951441766904422,8886,8783
low_overlap_sparse_coverage,emission_noise_coverage,20260722,2026-07-24_e2_low_overlap_sparse_coverage_s20260722_seed20260722,link,11135,2254,20727,30927624,1.0,7.896598299994366,16.9035392000078,paper_experiments\results\E2_E6\E2\scores\low_overlap_sparse_coverage\seed_20260722.parquet,faa077f9b4576201ace8f43e27c5e71ed5771e719f511e2475aea0e7c5dac381,learned,0.6500030591266042,2250,0,4,2250,1.0,0.9982253771073647,0.9991119005328597,0.4132463838104052,1.0,0.9986690328305236,0.9993340732519422,2250,0,4,1.0,0.9982253771073647,0.9991119005328597,1.0,0.9908396946564886,0.995398773006135,8885,8783
low_overlap_sparse_coverage,emission_noise_coverage,20260722,2026-07-24_e2_low_overlap_sparse_coverage_s20260722_seed20260722,link,11135,2254,20727,30927624,1.0,7.896598299994366,16.9035392000078,paper_experiments\results\E2_E6\E2\scores\low_overlap_sparse_coverage\seed_20260722.parquet,faa077f9b4576201ace8f43e27c5e71ed5771e719f511e2475aea0e7c5dac381,splink,0.9986013472769922,2247,14,7,2261,0.9938080495356038,0.9968944099378882,0.9953488372093025,0.7959649952156721,0.9938162544169611,0.9982253771073647,0.9960159362549801,2247,15,7,0.993368700265252,0.9968944099378882,0.9951284322409213,0.9984134111659931,0.9905702739110912,0.9944763786605675,8875,8783
low_overlap_sparse_coverage,emission_noise_coverage,20260723,2026-07-24_e2_low_overlap_sparse_coverage_s20260723_seed20260723,link,11127,2260,20210,30885192,1.0,8.947363800005405,18.119462899994687,paper_experiments\results\E2_E6\E2\scores\low_overlap_sparse_coverage\seed_20260723.parquet,67c244fb059fa47f980765ab6a1095b1a7439792f435a46effc612c1bb75c597,baseline,0.65,2253,6,7,2259,0.99734395750332,0.9969026548672566,0.9971232573578225,0.65,0.99734395750332,0.9969026548672566,0.9971232573578225,2253,6,7,0.99734395750332,0.9969026548672566,0.9971232573578225,0.9994008567748119,0.991372337557293,0.9953704081996224,8869,8778
low_overlap_sparse_coverage,emission_noise_coverage,20260723,2026-07-24_e2_low_overlap_sparse_coverage_s20260723_seed20260723,link,11127,2260,20210,30885192,1.0,8.947363800005405,18.119462899994687,paper_experiments\results\E2_E6\E2\scores\low_overlap_sparse_coverage\seed_20260723.parquet,67c244fb059fa47f980765ab6a1095b1a7439792f435a46effc612c1bb75c597,learned,0.6500030591266042,2256,1,4,2257,0.9995569339831635,0.9982300884955753,0.9988930706220943,0.6500030591266042,0.9995569339831635,0.9982300884955753,0.9988930706220943,2256,1,4,0.9995569339831635,0.9982300884955753,0.9988930706220943,0.9999101285162219,0.9916419520086277,0.9957588770801438,8870,8778
low_overlap_sparse_coverage,emission_noise_coverage,20260723,2026-07-24_e2_low_overlap_sparse_coverage_s20260723_seed20260723,link,11127,2260,20210,30885192,1.0,8.947363800005405,18.119462899994687,paper_experiments\results\E2_E6\E2\scores\low_overlap_sparse_coverage\seed_20260723.parquet,67c244fb059fa47f980765ab6a1095b1a7439792f435a46effc612c1bb75c597,splink,0.9986013472769922,2253,13,7,2266,0.9942630185348632,0.9969026548672566,0.995581087052585,0.5827268764206824,0.9929577464788732,0.9982300884955753,0.9955869373345102,2253,13,7,0.9942630185348632,0.9969026548672566,0.995581087052585,0.9986669063239568,0.991372337557293,0.9950062526732462,8863,8778
low_overlap_sparse_coverage,emission_noise_coverage,20260724,2026-07-24_e2_low_overlap_sparse_coverage_s20260724_seed20260724,link,11118,2253,20644,30837456,1.0,8.946996200000285,18.029968000002555,paper_experiments\results\E2_E6\E2\scores\low_overlap_sparse_coverage\seed_20260724.parquet,31f85006bd86a9e6674a5ed470701357484058c514acc541a78ab0083332234b,baseline,0.65,2248,2,5,2250,0.9991111111111111,0.9977807367953839,0.998445480790584,0.65,0.9991111111111111,0.9977807367953839,0.998445480790584,2248,2,5,0.9991111111111111,0.9977807367953839,0.998445480790584,0.9998650836481382,0.9911854650116928,0.9955063557294499,8869,8772
low_overlap_sparse_coverage,emission_noise_coverage,20260724,2026-07-24_e2_low_overlap_sparse_coverage_s20260724_seed20260724,link,11118,2253,20644,30837456,1.0,8.946996200000285,18.029968000002555,paper_experiments\results\E2_E6\E2\scores\low_overlap_sparse_coverage\seed_20260724.parquet,31f85006bd86a9e6674a5ed470701357484058c514acc541a78ab0083332234b,learned,0.6500030591266042,2252,0,1,2252,1.0,0.9995561473590768,0.9997780244173141,0.6500030591266042,1.0,0.9995561473590768,0.9997780244173141,2252,0,1,1.0,0.9995561473590768,0.9997780244173141,1.0,0.991545241949991,0.9957546743744919,8866,8772
low_overlap_sparse_coverage,emission_noise_coverage,20260724,2026-07-24_e2_low_overlap_sparse_coverage_s20260724_seed20260724,link,11118,2253,20644,30837456,1.0,8.946996200000285,18.029968000002555,paper_experiments\results\E2_E6\E2\scores\low_overlap_sparse_coverage\seed_20260724.parquet,31f85006bd86a9e6674a5ed470701357484058c514acc541a78ab0083332234b,splink,0.9986013472769922,2248,21,5,2269,0.9907448215072719,0.9977807367953839,0.994250331711632,0.5827268764206824,0.9894551845342706,0.9995561473590768,0.9944800176639434,2248,21,5,0.9907448215072719,0.9977807367953839,0.994250331711632,0.9978863104874978,0.9911854650116928,0.9945246007436048,8851,8772
low_overlap_sparse_coverage,emission_noise_coverage,20260725,2026-07-24_e2_low_overlap_sparse_coverage_s20260725_seed20260725,link,11123,2262,20120,30863976,1.0,7.95254980000027,16.084331200007,paper_experiments\results\E2_E6\E2\scores\low_overlap_sparse_coverage\seed_20260725.parquet,a0f28b79874a770f95f310decfff55323413f2eb7632813d2bfb2146a306ee99,baseline,0.65,2256,6,6,2262,0.9973474801061007,0.9973474801061007,0.9973474801061007,0.6060869565217392,0.9973498233215548,0.9982316534040672,0.9977905435262925,2256,6,6,0.9973474801061007,0.9973474801061007,0.9973474801061007,0.9993107375108633,0.9916389463274297,0.9954600609378791,8863,8776
low_overlap_sparse_coverage,emission_noise_coverage,20260725,2026-07-24_e2_low_overlap_sparse_coverage_s20260725_seed20260725,link,11123,2262,20120,30863976,1.0,7.95254980000027,16.084331200007,paper_experiments\results\E2_E6\E2\scores\low_overlap_sparse_coverage\seed_20260725.parquet,a0f28b79874a770f95f310decfff55323413f2eb7632813d2bfb2146a306ee99,learned,0.6500030591266042,2258,2,4,2260,0.9991150442477876,0.9982316534040672,0.9986731534719151,0.4581573440485531,0.9991158267020336,0.9991158267020336,0.9991158267020336,2258,2,4,0.9991150442477876,0.9982316534040672,0.9986731534719151,0.9997602565255176,0.9918187539332913,0.9957736716965415,8865,8776
low_overlap_sparse_coverage,emission_noise_coverage,20260725,2026-07-24_e2_low_overlap_sparse_coverage_s20260725_seed20260725,link,11123,2262,20120,30863976,1.0,7.95254980000027,16.084331200007,paper_experiments\results\E2_E6\E2\scores\low_overlap_sparse_coverage\seed_20260725.parquet,a0f28b79874a770f95f310decfff55323413f2eb7632813d2bfb2146a306ee99,splink,0.9986013472769922,2256,20,6,2276,0.9912126537785588,0.9973474801061007,0.9942706037902159,0.5827268764206824,0.991224221149627,0.9986737400530504,0.994935036335609,2256,20,6,0.9912126537785588,0.9973474801061007,0.9942706037902159,0.9977823728610388,0.9916389463274297,0.9947011739993002,8849,8776
low_overlap_sparse_coverage,emission_noise_coverage,20260726,2026-07-24_e2_low_overlap_sparse_coverage_s20260726_seed20260726,link,11119,2241,20587,30842760,1.0,7.127717299998039,14.389785400009714,paper_experiments\results\E2_E6\E2\scores\low_overlap_sparse_coverage\seed_20260726.parquet,5543c5299cc8dc32c6833cc2bc3251f31953fdbc563e98649d12904f03dedced,baseline,0.65,2230,3,11,2233,0.9986565158978952,0.9950914770191879,0.9968708091193562,0.65,0.9986565158978952,0.9950914770191879,0.9968708091193562,2230,5,11,0.9977628635346756,0.9950914770191879,0.9964253798033958,0.9995922894744732,0.9893875348502563,0.9944637336622948,8888,8773
low_overlap_sparse_coverage,emission_noise_coverage,20260726,2026-07-24_e2_low_overlap_sparse_coverage_s20260726_seed20260726,link,11119,2241,20587,30842760,1.0,7.127717299998039,14.389785400009714,paper_experiments\results\E2_E6\E2\scores\low_overlap_sparse_coverage\seed_20260726.parquet,5543c5299cc8dc32c6833cc2bc3251f31953fdbc563e98649d12904f03dedced,learned,0.6500030591266042,2238,2,3,2240,0.9991071428571429,0.998661311914324,0.9988841776389198,0.6304418257279977,0.9991075412762159,0.9991075412762159,0.9991075412762159,2238,2,3,0.9991071428571429,0.998661311914324,0.9988841776389198,0.999790148994214,0.9901070240129508,0.9949250267662567,8881,8773
low_overlap_sparse_coverage,emission_noise_coverage,20260726,2026-07-24_e2_low_overlap_sparse_coverage_s20260726_seed20260726,link,11119,2241,20587,30842760,1.0,7.127717299998039,14.389785400009714,paper_experiments\results\E2_E6\E2\scores\low_overlap_sparse_coverage\seed_20260726.parquet,5543c5299cc8dc32c6833cc2bc3251f31953fdbc563e98649d12904f03dedced,splink,0.9986013472769922,2230,21,11,2251,0.9906708129720124,0.9950914770191879,0.9928762243989314,0.5827268764206824,0.9876488751654169,0.9991075412762159,0.9933451641526175,2230,22,11,0.9902309058614565,0.9950914770191879,0.9926552414867571,0.9976886410648439,0.9893875348502563,0.993520748822488,8872,8773
low_overlap_sparse_coverage,emission_noise_coverage,20260727,2026-07-24_e2_low_overlap_sparse_coverage_s20260727_seed20260727,link,11124,2252,20150,30869280,1.0,8.933132100006333,18.35331540000334,paper_experiments\results\E2_E6\E2\scores\low_overlap_sparse_coverage\seed_20260727.parquet,930d338687b4a76d82a476b2c1e0e441f9f9567356c4dd717e1600ebb4945466,baseline,0.65,2238,1,14,2239,0.9995533720410897,0.9937833037300178,0.9966599866399465,0.6000000000000001,0.9986636971046771,0.9955595026642984,0.9971091839003781,2238,1,14,0.9995533720410897,0.9937833037300178,0.9966599866399465,0.9999101042790364,0.9901714011746373,0.9950169239695986,8885,8777
low_overlap_sparse_coverage,emission_noise_coverage,20260727,2026-07-24_e2_low_overlap_sparse_coverage_s20260727_seed20260727,link,11124,2252,20150,30869280,1.0,8.933132100006333,18.35331540000334,paper_experiments\results\E2_E6\E2\scores\low_overlap_sparse_coverage\seed_20260727.parquet,930d338687b4a76d82a476b2c1e0e441f9f9567356c4dd717e1600ebb4945466,learned,0.6500030591266042,2247,0,5,2247,1.0,0.9977797513321492,0.9988886419204267,0.6500030591266042,1.0,0.9977797513321492,0.9988886419204267,2247,0,5,1.0,0.9977797513321492,0.9988886419204267,1.0,0.9909804626633105,0.9954698011829688,8877,8777
low_overlap_sparse_coverage,emission_noise_coverage,20260727,2026-07-24_e2_low_overlap_sparse_coverage_s20260727_seed20260727,link,11124,2252,20150,30869280,1.0,8.933132100006333,18.35331540000334,paper_experiments\results\E2_E6\E2\scores\low_overlap_sparse_coverage\seed_20260727.parquet,930d338687b4a76d82a476b2c1e0e441f9f9567356c4dd717e1600ebb4945466,splink,0.9986013472769922,2238,16,14,2254,0.9929015084294588,0.9937833037300178,0.9933422103861519,0.5827268764206824,0.9916151809355693,0.9977797513321492,0.9946879150066402,2238,18,14,0.9920212765957447,0.9937833037300178,0.9929015084294587,0.9982020855807263,0.9901714011746373,0.9941705261296497,8871,8777
low_overlap_sparse_coverage,emission_noise_coverage,20260728,2026-07-24_e2_low_overlap_sparse_coverage_s20260728_seed20260728,link,11119,2243,20291,30842760,1.0,8.82475839999097,17.914166899994598,paper_experiments\results\E2_E6\E2\scores\low_overlap_sparse_coverage\seed_20260728.parquet,e468b2b44c5255942b268207503bcb0dfdebf764d180d815568f32c58827fc1d,baseline,0.65,2230,4,13,2234,0.9982094897045658,0.9942041908158716,0.9962028143846325,0.65,0.9982094897045658,0.9942041908158716,0.9962028143846325,2230,4,13,0.9982094897045658,0.9942041908158716,0.9962028143846325,0.9995203405582036,0.9895674071409299,0.9945189727652071,8885,8773
low_overlap_sparse_coverage,emission_noise_coverage,20260728,2026-07-24_e2_low_overlap_sparse_coverage_s20260728_seed20260728,link,11119,2243,20291,30842760,1.0,8.82475839999097,17.914166899994598,paper_experiments\results\E2_E6\E2\scores\low_overlap_sparse_coverage\seed_20260728.parquet,e468b2b44c5255942b268207503bcb0dfdebf764d180d815568f32c58827fc1d,learned,0.6500030591266042,2236,1,7,2237,0.9995529727313366,0.9968791796700847,0.9982142857142857,0.6500030591266042,0.9995529727313366,0.9968791796700847,0.9982142857142857,2236,1,7,0.9995529727313366,0.9968791796700847,0.9982142857142857,0.9998800851395508,0.9901070240129508,0.9949695562489891,8882,8773
low_overlap_sparse_coverage,emission_noise_coverage,20260728,2026-07-24_e2_low_overlap_sparse_coverage_s20260728_seed20260728,link,11119,2243,20291,30842760,1.0,8.82475839999097,17.914166899994598,paper_experiments\results\E2_E6\E2\scores\low_overlap_sparse_coverage\seed_20260728.parquet,e468b2b44c5255942b268207503bcb0dfdebf764d180d815568f32c58827fc1d,splink,0.9986013472769922,2230,20,13,2250,0.9911111111111112,0.9942041908158716,0.9926552414867572,0.5827268764206824,0.9898230088495575,0.9973250111457869,0.9935598489895625,2230,21,13,0.9906708129720124,0.9942041908158716,0.9924343569203383,0.9978115537968042,0.9895674071409299,0.9936723810742827,8870,8773
low_overlap_sparse_coverage,emission_noise_coverage,20260729,2026-07-24_e2_low_overlap_sparse_coverage_s20260729_seed20260729,link,11115,2243,20163,30821544,1.0,8.983175800007302,18.021880300002522,paper_experiments\results\E2_E6\E2\scores\low_overlap_sparse_coverage\seed_20260729.parquet,86d15baf6c53868d29e3405a9207efa95b140c127a4d3c5f6a33b286b0fa3582,baseline,0.65,2232,6,11,2238,0.9973190348525469,0.9950958537672759,0.9962062039723276,0.65,0.9973190348525469,0.9950958537672759,0.9962062039723276,2232,6,11,0.9973190348525469,0.9950958537672759,0.9962062039723276,0.999370220422852,0.989923526765632,0.994624443517945,8877,8771
low_overlap_sparse_coverage,emission_noise_coverage,20260729,2026-07-24_e2_low_overlap_sparse_coverage_s20260729_seed20260729,link,11115,2243,20163,30821544,1.0,8.983175800007302,18.021880300002522,paper_experiments\results\E2_E6\E2\scores\low_overlap_sparse_coverage\seed_20260729.parquet,86d15baf6c53868d29e3405a9207efa95b140c127a4d3c5f6a33b286b0fa3582,learned,0.6500030591266042,2237,1,6,2238,0.9995531724754245,0.9973250111457869,0.9984378486944878,0.6500030591266042,0.9995531724754245,0.9973250111457869,0.9984378486944878,2237,1,6,0.9995531724754245,0.9973250111457869,0.9984378486944878,0.9999100314889788,0.9903733693207377,0.9951188524211806,8877,8771
low_overlap_sparse_coverage,emission_noise_coverage,20260729,2026-07-24_e2_low_overlap_sparse_coverage_s20260729_seed20260729,link,11115,2243,20163,30821544,1.0,8.983175800007302,18.021880300002522,paper_experiments\results\E2_E6\E2\scores\low_overlap_sparse_coverage\seed_20260729.parquet,86d15baf6c53868d29e3405a9207efa95b140c127a4d3c5f6a33b286b0fa3582,splink,0.9986013472769922,2232,20,11,2252,0.9911190053285968,0.9950958537672759,0.993103448275862,0.5827268764206824,0.9889527176314626,0.9977708426214891,0.9933422103861518,2232,22,11,0.9902395740905058,0.9950958537672759,0.9926617745163442,0.9978557504873293,0.9900134952766532,0.9939191538145664,8863,8771
name_change_lifecycle,lifecycle,20260720,2026-07-24_e2_name_change_lifecycle_s20260720_seed20260720,link,15640,7820,19169,61152400,1.0,9.61967210000148,19.541581600002246,paper_experiments\results\E2_E6\E2\scores\name_change_lifecycle\seed_20260720.parquet,657c9789e30eeb55559048affa55ede77748c0aaa35a36d239fb2e35e7877893,baseline,0.65,7820,5,0,7825,0.9993610223642172,1.0,0.9996804090763822,0.7500000000000001,1.0,1.0,1.0,7820,8,0,0.9989780275932549,1.0,0.9994887525562371,0.9994884910485934,1.0,0.9997441800972117,7816,7820
name_change_lifecycle,lifecycle,20260720,2026-07-24_e2_name_change_lifecycle_s20260720_seed20260720,link,15640,7820,19169,61152400,1.0,9.61967210000148,19.541581600002246,paper_experiments\results\E2_E6\E2\scores\name_change_lifecycle\seed_20260720.parquet,657c9789e30eeb55559048affa55ede77748c0aaa35a36d239fb2e35e7877893,learned,0.6500030591266042,7820,0,0,7820,1.0,1.0,1.0,0.8136698834838331,1.0,1.0,1.0,7820,0,0,1.0,1.0,1.0,1.0,1.0,1.0,7820,7820
name_change_lifecycle,lifecycle,20260720,2026-07-24_e2_name_change_lifecycle_s20260720_seed20260720,link,15640,7820,19169,61152400,1.0,9.61967210000148,19.541581600002246,paper_experiments\results\E2_E6\E2\scores\name_change_lifecycle\seed_20260720.parquet,657c9789e30eeb55559048affa55ede77748c0aaa35a36d239fb2e35e7877893,splink,0.9986013472769922,7820,31,0,7851,0.9960514584129411,1.0,0.9980218237508774,0.9999999998010238,1.0,1.0,1.0,7820,46,0,0.9941520467836257,1.0,0.9970674486803519,0.9970588235294118,1.0,0.9985272459499264,7797,7820
name_change_lifecycle,lifecycle,20260721,2026-07-24_e2_name_change_lifecycle_s20260721_seed20260721,link,15640,7820,19545,61152400,1.0,9.993246500001987,20.224562800009153,paper_experiments\results\E2_E6\E2\scores\name_change_lifecycle\seed_20260721.parquet,17a6bef7556214d6abca617bb37264dc318ec7fbbe14018faac4b07836667d6c,baseline,0.65,7820,3,0,7823,0.999616515403298,1.0,0.9998082209294893,0.7500000000000001,1.0,1.0,1.0,7820,6,0,0.9992333248147202,1.0,0.9996165154032979,0.9996163682864451,1.0,0.9998081473428407,7817,7820
name_change_lifecycle,lifecycle,20260721,2026-07-24_e2_name_change_lifecycle_s20260721_seed20260721,link,15640,7820,19545,61152400,1.0,9.993246500001987,20.224562800009153,paper_experiments\results\E2_E6\E2\scores\name_change_lifecycle\seed_20260721.parquet,17a6bef7556214d6abca617bb37264dc318ec7fbbe14018faac4b07836667d6c,learned,0.6500030591266042,7820,2,0,7822,0.9997443109179238,1.0,0.9998721391126455,0.8136698834838331,0.9998721391126455,1.0,0.9999360654689599,7820,4,0,0.9994887525562373,1.0,0.9997443109179238,0.9997442455242966,1.0,0.9998721064074689,7818,7820
name_change_lifecycle,lifecycle,20260721,2026-07-24_e2_name_change_lifecycle_s20260721_seed20260721,link,15640,7820,19545,61152400,1.0,9.993246500001987,20.224562800009153,paper_experiments\results\E2_E6\E2\scores\name_change_lifecycle\seed_20260721.parquet,17a6bef7556214d6abca617bb37264dc318ec7fbbe14018faac4b07836667d6c,splink,0.9986013472769922,7820,20,0,7840,0.9974489795918368,1.0,0.9987228607918263,0.9999999998010238,1.0,1.0,1.0,7820,32,0,0.9959246051961284,1.0,0.9979581419091373,0.9979539641943734,1.0,0.9989759344598054,7804,7820
name_change_lifecycle,lifecycle,20260722,2026-07-24_e2_name_change_lifecycle_s20260722_seed20260722,link,15640,7820,19728,61152400,1.0,12.387276599998586,24.873823100002483,paper_experiments\results\E2_E6\E2\scores\name_change_lifecycle\seed_20260722.parquet,37d6189b6960024328fc30164950b058dd4ef29c78ee8918748ba36ce085bbb8,baseline,0.65,7820,2,0,7822,0.9997443109179238,1.0,0.9998721391126455,0.7500000000000001,1.0,1.0,1.0,7820,4,0,0.9994887525562373,1.0,0.9997443109179238,0.9997442455242966,1.0,0.9998721064074689,7818,7820
name_change_lifecycle,lifecycle,20260722,2026-07-24_e2_name_change_lifecycle_s20260722_seed20260722,link,15640,7820,19728,61152400,1.0,12.387276599998586,24.873823100002483,paper_experiments\results\E2_E6\E2\scores\name_change_lifecycle\seed_20260722.parquet,37d6189b6960024328fc30164950b058dd4ef29c78ee8918748ba36ce085bbb8,learned,0.6500030591266042,7820,1,0,7821,0.9998721391126455,1.0,0.9999360654689599,0.8136698834838333,0.9998721391126455,1.0,0.9999360654689599,7820,2,0,0.9997443109179238,1.0,0.9998721391126455,0.9998721227621483,1.0,0.9999360572926658,7819,7820
name_change_lifecycle,lifecycle,20260722,2026-07-24_e2_name_change_lifecycle_s20260722_seed20260722,link,15640,7820,19728,61152400,1.0,12.387276599998586,24.873823100002483,paper_experiments\results\E2_E6\E2\scores\name_change_lifecycle\seed_20260722.parquet,37d6189b6960024328fc30164950b058dd4ef29c78ee8918748ba36ce085bbb8,splink,0.9986013472769922,7820,24,0,7844,0.9969403365629781,1.0,0.998467824310521,0.9999999998010238,1.0,1.0,1.0,7820,40,0,0.9949109414758269,1.0,0.9974489795918366,0.9974424552429667,1.0,0.998719590268886,7800,7820
name_change_lifecycle,lifecycle,20260723,2026-07-24_e2_name_change_lifecycle_s20260723_seed20260723,link,15640,7820,19538,61152400,1.0,12.434187999999267,24.780691699997988,paper_experiments\results\E2_E6\E2\scores\name_change_lifecycle\seed_20260723.parquet,4d521a913ef0fb2183042ed03af22ab7dc018761618f6e0e0cdb70b5dcd8305b,baseline,0.65,7820,1,0,7821,0.9998721391126455,1.0,0.9999360654689599,0.7500000000000001,1.0,1.0,1.0,7820,2,0,0.9997443109179238,1.0,0.9998721391126455,0.9998721227621483,1.0,0.9999360572926658,7819,7820
name_change_lifecycle,lifecycle,20260723,2026-07-24_e2_name_change_lifecycle_s20260723_seed20260723,link,15640,7820,19538,61152400,1.0,12.434187999999267,24.780691699997988,paper_experiments\results\E2_E6\E2\scores\name_change_lifecycle\seed_20260723.parquet,4d521a913ef0fb2183042ed03af22ab7dc018761618f6e0e0cdb70b5dcd8305b,learned,0.6500030591266042,7820,1,0,7821,0.9998721391126455,1.0,0.9999360654689599,0.8136698834838331,1.0,1.0,1.0,7820,2,0,0.9997443109179238,1.0,0.9998721391126455,0.9998721227621483,1.0,0.9999360572926658,7819,7820
name_change_lifecycle,lifecycle,20260723,2026-07-24_e2_name_change_lifecycle_s20260723_seed20260723,link,15640,7820,19538,61152400,1.0,12.434187999999267,24.780691699997988,paper_experiments\results\E2_E6\E2\scores\name_change_lifecycle\seed_20260723.parquet,4d521a913ef0fb2183042ed03af22ab7dc018761618f6e0e0cdb70b5dcd8305b,splink,0.9986013472769922,7820,20,0,7840,0.9974489795918368,1.0,0.9987228607918263,0.9999999998010238,1.0,1.0,1.0,7820,30,0,0.9961783439490446,1.0,0.998085513720485,0.9980818414322251,1.0,0.9990399999999999,7805,7820
name_change_lifecycle,lifecycle,20260724,2026-07-24_e2_name_change_lifecycle_s20260724_seed20260724,link,15640,7820,19468,61152400,1.0,12.331414400003268,24.814058200005093,paper_experiments\results\E2_E6\E2\scores\name_change_lifecycle\seed_20260724.parquet,7ac2fb4c1308584a8cf593c694ab9115c54036a9683d4dd6d927209087900434,baseline,0.65,7820,2,0,7822,0.9997443109179238,1.0,0.9998721391126455,0.7500000000000001,1.0,1.0,1.0,7820,4,0,0.9994887525562373,1.0,0.9997443109179238,0.9997442455242966,1.0,0.9998721064074689,7818,7820
name_change_lifecycle,lifecycle,20260724,2026-07-24_e2_name_change_lifecycle_s20260724_seed20260724,link,15640,7820,19468,61152400,1.0,12.331414400003268,24.814058200005093,paper_experiments\results\E2_E6\E2\scores\name_change_lifecycle\seed_20260724.parquet,7ac2fb4c1308584a8cf593c694ab9115c54036a9683d4dd6d927209087900434,learned,0.6500030591266042,7820,0,0,7820,1.0,1.0,1.0,0.8136698834838333,1.0,1.0,1.0,7820,0,0,1.0,1.0,1.0,1.0,1.0,1.0,7820,7820
name_change_lifecycle,lifecycle,20260724,2026-07-24_e2_name_change_lifecycle_s20260724_seed20260724,link,15640,7820,19468,61152400,1.0,12.331414400003268,24.814058200005093,paper_experiments\results\E2_E6\E2\scores\name_change_lifecycle\seed_20260724.parquet,7ac2fb4c1308584a8cf593c694ab9115c54036a9683d4dd6d927209087900434,splink,0.9986013472769922,7820,32,0,7852,0.9959246051961284,1.0,0.9979581419091373,0.9999999998010238,1.0,1.0,1.0,7820,46,0,0.9941520467836257,1.0,0.9970674486803519,0.9970588235294118,1.0,0.9985272459499264,7797,7820
name_change_lifecycle,lifecycle,20260725,2026-07-24_e2_name_change_lifecycle_s20260725_seed20260725,link,15640,7820,19508,61152400,1.0,9.637011300001177,19.64316909998888,paper_experiments\results\E2_E6\E2\scores\name_change_lifecycle\seed_20260725.parquet,99e5601885b6b5721eb325b549773fc9812285f5c4e1cee1a078bfd941f8f5bc,baseline,0.65,7820,1,0,7821,0.9998721391126455,1.0,0.9999360654689599,0.7500000000000001,1.0,1.0,1.0,7820,2,0,0.9997443109179238,1.0,0.9998721391126455,0.9998721227621483,1.0,0.9999360572926658,7819,7820
name_change_lifecycle,lifecycle,20260725,2026-07-24_e2_name_change_lifecycle_s20260725_seed20260725,link,15640,7820,19508,61152400,1.0,9.637011300001177,19.64316909998888,paper_experiments\results\E2_E6\E2\scores\name_change_lifecycle\seed_20260725.parquet,99e5601885b6b5721eb325b549773fc9812285f5c4e1cee1a078bfd941f8f5bc,learned,0.6500030591266042,7820,1,0,7821,0.9998721391126455,1.0,0.9999360654689599,0.8136698834838333,0.9998721391126455,1.0,0.9999360654689599,7820,2,0,0.9997443109179238,1.0,0.9998721391126455,0.9998721227621483,1.0,0.9999360572926658,7819,7820
name_change_lifecycle,lifecycle,20260725,2026-07-24_e2_name_change_lifecycle_s20260725_seed20260725,link,15640,7820,19508,61152400,1.0,9.637011300001177,19.64316909998888,paper_experiments\results\E2_E6\E2\scores\name_change_lifecycle\seed_20260725.parquet,99e5601885b6b5721eb325b549773fc9812285f5c4e1cee1a078bfd941f8f5bc,splink,0.9986013472769922,7820,26,0,7846,0.9966862095335203,1.0,0.9983403549087195,0.9999999998010238,1.0,1.0,1.0,7820,38,0,0.9951641639093917,1.0,0.9975762214568183,0.9975703324808184,1.0,0.9987836886242878,7801,7820
name_change_lifecycle,lifecycle,20260726,2026-07-24_e2_name_change_lifecycle_s20260726_seed20260726,link,15640,7820,18688,61152400,1.0,9.699307700007921,19.747639499997604,paper_experiments\results\E2_E6\E2\scores\name_change_lifecycle\seed_20260726.parquet,96f96d4857685e2eaf0dd81ee4b6d850897443eb2050eb10688ca0294af507f3,baseline,0.65,7820,0,0,7820,1.0,1.0,1.0,0.7500000000000001,1.0,1.0,1.0,7820,0,0,1.0,1.0,1.0,1.0,1.0,1.0,7820,7820
name_change_lifecycle,lifecycle,20260726,2026-07-24_e2_name_change_lifecycle_s20260726_seed20260726,link,15640,7820,18688,61152400,1.0,9.699307700007921,19.747639499997604,paper_experiments\results\E2_E6\E2\scores\name_change_lifecycle\seed_20260726.parquet,96f96d4857685e2eaf0dd81ee4b6d850897443eb2050eb10688ca0294af507f3,learned,0.6500030591266042,7820,1,0,7821,0.9998721391126455,1.0,0.9999360654689599,0.8136698834838333,1.0,1.0,1.0,7820,2,0,0.9997443109179238,1.0,0.9998721391126455,0.9998721227621483,1.0,0.9999360572926658,7819,7820
name_change_lifecycle,lifecycle,20260726,2026-07-24_e2_name_change_lifecycle_s20260726_seed20260726,link,15640,7820,18688,61152400,1.0,9.699307700007921,19.747639499997604,paper_experiments\results\E2_E6\E2\scores\name_change_lifecycle\seed_20260726.parquet,96f96d4857685e2eaf0dd81ee4b6d850897443eb2050eb10688ca0294af507f3,splink,0.9986013472769922,7820,23,0,7843,0.9970674486803519,1.0,0.9985315712187959,0.9999999998010238,1.0,1.0,1.0,7820,32,0,0.9959246051961284,1.0,0.9979581419091373,0.9979539641943734,1.0,0.9989759344598054,7804,7820
name_change_lifecycle,lifecycle,20260727,2026-07-24_e2_name_change_lifecycle_s20260727_seed20260727,link,15640,7820,19790,61152400,1.0,12.211905600008322,24.947375400006422,paper_experiments\results\E2_E6\E2\scores\name_change_lifecycle\seed_20260727.parquet,52d1ebda8a7d015c9989305ab459693dac64c520a1d88bdb06c478f1dd2bb1e3,baseline,0.65,7820,3,0,7823,0.999616515403298,1.0,0.9998082209294893,0.7500000000000001,1.0,1.0,1.0,7820,4,0,0.9994887525562373,1.0,0.9997443109179238,0.9997442455242966,1.0,0.9998721064074689,7818,7820
name_change_lifecycle,lifecycle,20260727,2026-07-24_e2_name_change_lifecycle_s20260727_seed20260727,link,15640,7820,19790,61152400,1.0,12.211905600008322,24.947375400006422,paper_experiments\results\E2_E6\E2\scores\name_change_lifecycle\seed_20260727.parquet,52d1ebda8a7d015c9989305ab459693dac64c520a1d88bdb06c478f1dd2bb1e3,learned,0.6500030591266042,7820,3,0,7823,0.999616515403298,1.0,0.9998082209294893,0.8136698834838331,0.9997443109179238,1.0,0.9998721391126455,7820,6,0,0.9992333248147202,1.0,0.9996165154032979,0.9996163682864451,1.0,0.9998081473428407,7817,7820
name_change_lifecycle,lifecycle,20260727,2026-07-24_e2_name_change_lifecycle_s20260727_seed20260727,link,15640,7820,19790,61152400,1.0,12.211905600008322,24.947375400006422,paper_experiments\results\E2_E6\E2\scores\name_change_lifecycle\seed_20260727.parquet,52d1ebda8a7d015c9989305ab459693dac64c520a1d88bdb06c478f1dd2bb1e3,splink,0.9986013472769922,7820,25,0,7845,0.9968132568514978,1.0,0.998404085541015,0.9999999998010238,1.0,1.0,1.0,7820,36,0,0.995417515274949,1.0,0.9977034957897422,0.9976982097186701,1.0,0.9988477787735245,7802,7820
name_change_lifecycle,lifecycle,20260728,2026-07-24_e2_name_change_lifecycle_s20260728_seed20260728,link,15640,7820,19672,61152400,1.0,12.072713199988357,24.609622000003583,paper_experiments\results\E2_E6\E2\scores\name_change_lifecycle\seed_20260728.parquet,74b137193fd55406e9610e7eba96b97b8aa8c6e77828269b8e825c9a05e86ea4,baseline,0.65,7820,1,0,7821,0.9998721391126455,1.0,0.9999360654689599,0.7500000000000001,1.0,1.0,1.0,7820,2,0,0.9997443109179238,1.0,0.9998721391126455,0.9998721227621483,1.0,0.9999360572926658,7819,7820
name_change_lifecycle,lifecycle,20260728,2026-07-24_e2_name_change_lifecycle_s20260728_seed20260728,link,15640,7820,19672,61152400,1.0,12.072713199988357,24.609622000003583,paper_experiments\results\E2_E6\E2\scores\name_change_lifecycle\seed_20260728.parquet,74b137193fd55406e9610e7eba96b97b8aa8c6e77828269b8e825c9a05e86ea4,learned,0.6500030591266042,7820,1,0,7821,0.9998721391126455,1.0,0.9999360654689599,0.8136698834838333,1.0,1.0,1.0,7820,2,0,0.9997443109179238,1.0,0.9998721391126455,0.9998721227621483,1.0,0.9999360572926658,7819,7820
name_change_lifecycle,lifecycle,20260728,2026-07-24_e2_name_change_lifecycle_s20260728_seed20260728,link,15640,7820,19672,61152400,1.0,12.072713199988357,24.609622000003583,paper_experiments\results\E2_E6\E2\scores\name_change_lifecycle\seed_20260728.parquet,74b137193fd55406e9610e7eba96b97b8aa8c6e77828269b8e825c9a05e86ea4,splink,0.9986013472769922,7820,29,0,7849,0.9963052618167919,1.0,0.9981492118195163,0.9999999998010238,1.0,1.0,1.0,7820,46,0,0.9941520467836257,1.0,0.9970674486803519,0.9970588235294118,1.0,0.9985272459499264,7797,7820
name_change_lifecycle,lifecycle,20260729,2026-07-24_e2_name_change_lifecycle_s20260729_seed20260729,link,15640,7820,18718,61152400,1.0,12.057572899997467,25.415193199994974,paper_experiments\results\E2_E6\E2\scores\name_change_lifecycle\seed_20260729.parquet,0df1a04ef7c6060282ae416614e8ed8a2995ad791baa72b4d0cd0a352175f091,baseline,0.65,7820,0,0,7820,1.0,1.0,1.0,0.7500000000000001,1.0,1.0,1.0,7820,0,0,1.0,1.0,1.0,1.0,1.0,1.0,7820,7820
name_change_lifecycle,lifecycle,20260729,2026-07-24_e2_name_change_lifecycle_s20260729_seed20260729,link,15640,7820,18718,61152400,1.0,12.057572899997467,25.415193199994974,paper_experiments\results\E2_E6\E2\scores\name_change_lifecycle\seed_20260729.parquet,0df1a04ef7c6060282ae416614e8ed8a2995ad791baa72b4d0cd0a352175f091,learned,0.6500030591266042,7820,0,0,7820,1.0,1.0,1.0,0.8136698834838331,1.0,1.0,1.0,7820,0,0,1.0,1.0,1.0,1.0,1.0,1.0,7820,7820
name_change_lifecycle,lifecycle,20260729,2026-07-24_e2_name_change_lifecycle_s20260729_seed20260729,link,15640,7820,18718,61152400,1.0,12.057572899997467,25.415193199994974,paper_experiments\results\E2_E6\E2\scores\name_change_lifecycle\seed_20260729.parquet,0df1a04ef7c6060282ae416614e8ed8a2995ad791baa72b4d0cd0a352175f091,splink,0.9986013472769922,7820,26,0,7846,0.9966862095335203,1.0,0.9983403549087195,0.9999999998010238,1.0,1.0,1.0,7820,40,0,0.9949109414758269,1.0,0.9974489795918366,0.9974424552429667,1.0,0.998719590268886,7800,7820
roommates_split,household_formation,20260720,2026-07-24_e2_roommates_split_s20260720_seed20260720,link,24458,15120,96474,138479512,0.999537037037037,15.691332099988358,31.359436300001107,paper_experiments\results\E2_E6\E2\scores\roommates_split\seed_20260720.parquet,7fe105a3e2ec4c12201eb234374d833fdf2cb19c14c67101b010e42e686cc460,baseline,0.65,14855,10,265,14865,0.9993272788429196,0.982473544973545,0.9908287477071869,0.55,0.9935377514012529,0.996494708994709,0.9950140333498431,14856,13,264,0.9991256977604411,0.9825396825396825,0.9907632798692854,0.9995531698655421,0.9809891787281598,0.9901841724291066,10384,9992
roommates_split,household_formation,20260720,2026-07-24_e2_roommates_split_s20260720_seed20260720,link,24458,15120,96474,138479512,0.999537037037037,15.691332099988358,31.359436300001107,paper_experiments\results\E2_E6\E2\scores\roommates_split\seed_20260720.parquet,7fe105a3e2ec4c12201eb234374d833fdf2cb19c14c67101b010e42e686cc460,learned,0.6500030591266042,15044,6,76,15050,0.9996013289036545,0.994973544973545,0.9972820682797481,0.4474124800737751,0.9996015407092576,0.9955026455026456,0.9975478825634568,15045,6,75,0.9996013553916683,0.9950396825396826,0.9973153027741871,0.9998119224793525,0.9901940741952191,0.9949797564461128,10213,9992
roommates_split,household_formation,20260720,2026-07-24_e2_roommates_split_s20260720_seed20260720,link,24458,15120,96474,138479512,0.999537037037037,15.691332099988358,31.359436300001107,paper_experiments\results\E2_E6\E2\scores\roommates_split\seed_20260720.parquet,7fe105a3e2ec4c12201eb234374d833fdf2cb19c14c67101b010e42e686cc460,splink,0.9986013472769922,14855,52,265,14907,0.9965117059099752,0.982473544973545,0.9894428347820295,0.5662987087670317,0.9952387250363709,0.9953703703703703,0.9953045433503076,14856,124,264,0.9917222963951936,0.9825396825396825,0.987109634551495,0.9966788547130357,0.9809891787281598,0.9887717803067134,10356,9992
roommates_split,household_formation,20260721,2026-07-24_e2_roommates_split_s20260721_seed20260721,link,24456,15102,96807,138455055,0.9998013508144616,15.953397900011623,31.806953599996632,paper_experiments\results\E2_E6\E2\scores\roommates_split\seed_20260721.parquet,7e6c4d444fe98f22be64ea05f46fbd09bac5fcf88a61170de4a3233f44a3380d,baseline,0.65,14817,12,285,14829,0.9991907748330973,0.9811283273738578,0.9900771775082691,0.55,0.9929405555189021,0.9965567474506688,0.9947453650153674,14820,12,282,0.9991909385113269,0.9813269765593962,0.9901783924634197,0.9995774724675607,0.9802775051793698,0.9898334191210045,10404,9992
roommates_split,household_formation,20260721,2026-07-24_e2_roommates_split_s20260721_seed20260721,link,24456,15102,96807,138455055,0.9998013508144616,15.953397900011623,31.806953599996632,paper_experiments\results\E2_E6\E2\scores\roommates_split\seed_20260721.parquet,7e6c4d444fe98f22be64ea05f46fbd09bac5fcf88a61170de4a3233f44a3380d,learned,0.6500030591266042,15029,4,73,15033,0.9997339187121665,0.9951662031519004,0.997444831591173,0.36289982629834006,0.9996013818761627,0.996291881869951,0.9979438880413876,15031,4,71,0.9997339541070834,0.9952986359422593,0.9975113647675614,0.9998773307163886,0.9903254824991823,0.995078484872433,10212,9992
roommates_split,household_formation,20260721,2026-07-24_e2_roommates_split_s20260721_seed20260721,link,24456,15102,96807,138455055,0.9998013508144616,15.953397900011623,31.806953599996632,paper_experiments\results\E2_E6\E2\scores\roommates_split\seed_20260721.parquet,7e6c4d444fe98f22be64ea05f46fbd09bac5fcf88a61170de4a3233f44a3380d,splink,0.9986013472769922,14811,74,291,14885,0.9950285522337924,0.9807310290027811,0.987828058825491,0.5662987087670317,0.9937214989095235,0.9956297179181566,0.9946746932160223,14813,134,289,0.9910349902990566,0.98086346179314,0.985922992445672,0.9962493379752948,0.9800662414131501,0.9880915319019269,10375,9992
roommates_split,household_formation,20260722,2026-07-24_e2_roommates_split_s20260722_seed20260722,link,24485,15182,97605,138819856,0.9996047951521538,16.215627700003097,32.282394800000475,paper_experiments\results\E2_E6\E2\scores\roommates_split\seed_20260722.parquet,c766277bc2a8c06c488bf5ad8138083bc97722f251e9a722556efa48cf43ed15,baseline,0.65,14917,16,265,14933,0.9989285475122213,0.9825451192201291,0.9906691017765233,0.55,0.993103448275862,0.9959162165722566,0.9945078435886473,14923,16,259,0.9989289778432291,0.9829403240679753,0.990870157033299,0.9994118848274454,0.9825090191273569,0.9908883737051791,10352,9994
roommates_split,household_formation,20260722,2026-07-24_e2_roommates_split_s20260722_seed20260722,link,24485,15182,97605,138819856,0.9996047951521538,16.215627700003097,32.282394800000475,paper_experiments\results\E2_E6\E2\scores\roommates_split\seed_20260722.parquet,c766277bc2a8c06c488bf5ad8138083bc97722f251e9a722556efa48cf43ed15,learned,0.6500030591266042,15105,6,77,15111,0.9996029382568989,0.9949282044526413,0.997260093090813,0.2149860992361772,0.997957435593332,0.9976287709129232,0.9977930761882803,15105,6,77,0.9996029382568989,0.9949282044526413,0.997260093090813,0.9997549520114356,0.9910965897488259,0.9954069429475858,10194,9994
roommates_split,household_formation,20260722,2026-07-24_e2_roommates_split_s20260722_seed20260722,link,24485,15182,97605,138819856,0.9996047951521538,16.215627700003097,32.282394800000475,paper_experiments\results\E2_E6\E2\scores\roommates_split\seed_20260722.parquet,c766277bc2a8c06c488bf5ad8138083bc97722f251e9a722556efa48cf43ed15,splink,0.9986013472769922,14917,80,265,14997,0.9946655997866239,0.9825451192201291,0.9885682096822294,0.5827268764206824,0.9937504111571607,0.9949940719272823,0.9943718526807753,14923,145,259,0.9903769577913459,0.9829403240679753,0.9866446280991736,0.9958796931065667,0.9825770880130693,0.9891836690111943,10315,9994
roommates_split,household_formation,20260723,2026-07-24_e2_roommates_split_s20260723_seed20260723,link,24463,15114,94891,138543990,0.9995368532486436,20.254340400002548,40.26616230000218,paper_experiments\results\E2_E6\E2\scores\roommates_split\seed_20260723.parquet,eef96d5c32974e6aaabbdf21ff4f2a5e522794dbcbcd9d14038bab64b5d029b5,baseline,0.65,14843,13,271,14856,0.9991249326871298,0.9820696043403467,0.9905238571905238,0.55,0.9936003166853599,0.9964271536323938,0.9950117273958574,14844,15,270,0.9989905108015344,0.982135768161969,0.9904914422980682,0.9994481461799453,0.9809767131313957,0.9901262880792147,10387,9993
roommates_split,household_formation,20260723,2026-07-24_e2_roommates_split_s20260723_seed20260723,link,24463,15114,94891,138543990,0.9995368532486436,20.254340400002548,40.26616230000218,paper_experiments\results\E2_E6\E2\scores\roommates_split\seed_20260723.parquet,eef96d5c32974e6aaabbdf21ff4f2a5e522794dbcbcd9d14038bab64b5d029b5,learned,0.6500030591266042,15026,8,88,15034,0.9994678728216043,0.9941775836972343,0.996815709168104,0.36289982629834006,0.9984737889847379,0.9955670239513035,0.9970182878346144,15026,8,88,0.9994678728216043,0.9941775836972343,0.996815709168104,0.9997547316355312,0.9896578506315661,0.9946806687445789,10225,9993
roommates_split,household_formation,20260723,2026-07-24_e2_roommates_split_s20260723_seed20260723,link,24463,15114,94891,138543990,0.9995368532486436,20.254340400002548,40.26616230000218,paper_experiments\results\E2_E6\E2\scores\roommates_split\seed_20260723.parquet,eef96d5c32974e6aaabbdf21ff4f2a5e522794dbcbcd9d14038bab64b5d029b5,splink,0.9986013472769922,14842,50,272,14892,0.9966424926134837,0.9820034405187243,0.9892688129040857,0.5827268764206824,0.9954301609378104,0.9944422389837237,0.9949359547214776,14843,108,271,0.9927764029161928,0.9820696043403467,0.9873939797106269,0.9968529202065562,0.9809494610908992,0.9888372509917036,10362,9993
roommates_split,household_formation,20260724,2026-07-24_e2_roommates_split_s20260724_seed20260724,link,24442,15080,96910,138277257,0.9999336870026525,21.053611899988027,40.8249405999959,paper_experiments\results\E2_E6\E2\scores\roommates_split\seed_20260724.parquet,326ea479d21df7c73e43f609a6f1d65516b05fd32f95c617ae2038623ea40055,baseline,0.65,14808,1,272,14809,0.9999324734958471,0.9819628647214854,0.9908662049583459,0.55,0.993452380952381,0.9960875331564987,0.9947682119205298,14810,1,270,0.9999324826142731,0.9820954907161804,0.9909337258706634,0.9999386302266591,0.9806685213975943,0.9902098325642595,10399,9991
roommates_split,household_formation,20260724,2026-07-24_e2_roommates_split_s20260724_seed20260724,link,24442,15080,96910,138277257,0.9999336870026525,21.053611899988027,40.8249405999959,paper_experiments\results\E2_E6\E2\scores\roommates_split\seed_20260724.parquet,326ea479d21df7c73e43f609a6f1d65516b05fd32f95c617ae2038623ea40055,learned,0.6500030591266042,14996,0,84,14996,1.0,0.9944297082228116,0.9972070754089639,0.6500030591266042,1.0,0.9944297082228116,0.9972070754089639,14996,0,84,1.0,0.9944297082228116,0.9972070754089639,1.0,0.9895330442135122,0.9947389887205289,10231,9991
roommates_split,household_formation,20260724,2026-07-24_e2_roommates_split_s20260724_seed20260724,link,24442,15080,96910,138277257,0.9999336870026525,21.053611899988027,40.8249405999959,paper_experiments\results\E2_E6\E2\scores\roommates_split\seed_20260724.parquet,326ea479d21df7c73e43f609a6f1d65516b05fd32f95c617ae2038623ea40055,splink,0.9986013472769922,14805,66,275,14871,0.9955618317530764,0.9817639257294429,0.9886147374044272,0.5827268764206824,0.994362273661869,0.9941644562334218,0.9942633551082667,14807,101,273,0.9932251140327341,0.9818965517241379,0.9875283446712019,0.9970912675683153,0.9806617025338897,0.9888082433112845,10368,9991
roommates_split,household_formation,20260725,2026-07-24_e2_roommates_split_s20260725_seed20260725,link,24454,15168,94207,138430600,0.9997362869198312,20.367204800000763,40.15286429999105,paper_experiments\results\E2_E6\E2\scores\roommates_split\seed_20260725.parquet,a942840ada6e74d77a7c8c1f943d1615f30bbf20f2d4a8438b04c8b21688b37c,baseline,0.65,14922,28,246,14950,0.9981270903010033,0.9837816455696202,0.9909024503619098,0.55,0.9932863818863951,0.994923523206751,0.9941042785152004,14923,30,245,0.9979937136360596,0.9838475738396625,0.9908701570332991,0.9991482550327729,0.9834205719582345,0.9912220297811213,10331,9992
roommates_split,household_formation,20260725,2026-07-24_e2_roommates_split_s20260725_seed20260725,link,24454,15168,94207,138430600,0.9997362869198312,20.367204800000763,40.15286429999105,paper_experiments\results\E2_E6\E2\scores\roommates_split\seed_20260725.parquet,a942840ada6e74d77a7c8c1f943d1615f30bbf20f2d4a8438b04c8b21688b37c,learned,0.6500030591266042,15099,8,69,15107,0.9994704441649567,0.9954509493670886,0.9974566473988439,0.6304418257279977,0.9994706193753309,0.9957805907172996,0.9976221928665786,15099,8,69,0.9994704441649567,0.9954509493670886,0.9974566473988439,0.9997546413674654,0.9918690875385078,0.9957962535827487,10176,9992
roommates_split,household_formation,20260725,2026-07-24_e2_roommates_split_s20260725_seed20260725,link,24454,15168,94207,138430600,0.9997362869198312,20.367204800000763,40.15286429999105,paper_experiments\results\E2_E6\E2\scores\roommates_split\seed_20260725.parquet,a942840ada6e74d77a7c8c1f943d1615f30bbf20f2d4a8438b04c8b21688b37c,splink,0.9986013472769922,14919,69,249,14988,0.995396317053643,0.9835838607594937,0.9894548348587346,0.5827268764206824,0.9950579862941487,0.995582805907173,0.9953203269180069,14920,102,248,0.9932099587272001,0.9836497890295358,0.9884067572043723,0.99677236560773,0.9832569995365448,0.9899685557006742,10310,9992
roommates_split,household_formation,20260726,2026-07-24_e2_roommates_split_s20260726_seed20260726,link,24444,15110,95949,138301700,0.999735274652548,15.991610500001116,31.915563199989265,paper_experiments\results\E2_E6\E2\scores\roommates_split\seed_20260726.parquet,dea6e6e039ae95b21b80f9c640026b336911b78d190c93df21d0fef6b4ab8b65,baseline,0.65,14855,25,255,14880,0.9983198924731183,0.9831237590999338,0.9906635545181727,0.55,0.9923553446685119,0.9965585704831238,0.9944525161801612,14856,27,254,0.9981858496270913,0.9831899404367969,0.9906311472676957,0.9992753114991703,0.9818905798287243,0.9905066701494696,10366,9991
roommates_split,household_formation,20260726,2026-07-24_e2_roommates_split_s20260726_seed20260726,link,24444,15110,95949,138301700,0.999735274652548,15.991610500001116,31.915563199989265,paper_experiments\results\E2_E6\E2\scores\roommates_split\seed_20260726.parquet,dea6e6e039ae95b21b80f9c640026b336911b78d190c93df21d0fef6b4ab8b65,learned,0.6500030591266042,15024,16,86,15040,0.9989361702127659,0.9943084050297816,0.9966169154228856,0.35329790982478915,0.9979449784554193,0.9962938451356718,0.9971187282662692,15024,16,86,0.9989361702127659,0.9943084050297816,0.9966169154228856,0.9995529139490847,0.9899293623520429,0.9947178625611193,10216,9991
roommates_split,household_formation,20260726,2026-07-24_e2_roommates_split_s20260726_seed20260726,link,24444,15110,95949,138301700,0.999735274652548,15.991610500001116,31.915563199989265,paper_experiments\results\E2_E6\E2\scores\roommates_split\seed_20260726.parquet,dea6e6e039ae95b21b80f9c640026b336911b78d190c93df21d0fef6b4ab8b65,splink,0.9986013472769922,14855,61,255,14916,0.9959104317511397,0.9831237590999338,0.9894757876507025,0.5827268764206824,0.994309534837557,0.9945069490403706,0.9944082321410845,14856,103,254,0.993114513002206,0.9831899404367969,0.9881273071934551,0.9969512432693581,0.9819178530518736,0.9893774441253232,10339,9991
roommates_split,household_formation,20260727,2026-07-24_e2_roommates_split_s20260727_seed20260727,link,24456,15100,94410,138455055,0.9999337748344371,19.598708999998053,39.38285850000102,paper_experiments\results\E2_E6\E2\scores\roommates_split\seed_20260727.parquet,9e914a268c4ddafe70cc36b3e4cac0adaedd10c636549d2c0e4ad7a82b8e10ce,baseline,0.65,14843,7,257,14850,0.9995286195286195,0.9829801324503311,0.9911853088480801,0.55,0.9930092989513949,0.9971523178807947,0.9950764960512838,14845,7,255,0.9995286830056558,0.983112582781457,0.9912526709401709,0.9996933267909716,0.9814196925089956,0.9904722323506528,10378,9992
roommates_split,household_formation,20260727,2026-07-24_e2_roommates_split_s20260727_seed20260727,link,24456,15100,94410,138455055,0.9999337748344371,19.598708999998053,39.38285850000102,paper_experiments\results\E2_E6\E2\scores\roommates_split\seed_20260727.parquet,9e914a268c4ddafe70cc36b3e4cac0adaedd10c636549d2c0e4ad7a82b8e10ce,learned,0.6500030591266042,15025,2,75,15027,0.9998669062354428,0.9950331125827815,0.9974441530852723,0.41750043132426884,0.9997339364108022,0.9953642384105961,0.9975443021172098,15025,2,75,0.9998669062354428,0.9950331125827815,0.9974441530852723,0.9998773307163886,0.9900351651946352,0.994931908135958,10217,9992
roommates_split,household_formation,20260727,2026-07-24_e2_roommates_split_s20260727_seed20260727,link,24456,15100,94410,138455055,0.9999337748344371,19.598708999998053,39.38285850000102,paper_experiments\results\E2_E6\E2\scores\roommates_split\seed_20260727.parquet,9e914a268c4ddafe70cc36b3e4cac0adaedd10c636549d2c0e4ad7a82b8e10ce,splink,0.9986013472769922,14845,66,255,14911,0.9955737375092214,0.983112582781457,0.989303921895305,0.5662987087670317,0.994245270538431,0.9954304635761589,0.9948375140644649,14847,142,253,0.9905263860164121,0.9832450331125828,0.9868722789059126,0.9961738866302164,0.9815014720314033,0.9887832518563469,10339,9992
roommates_split,household_formation,20260728,2026-07-24_e2_roommates_split_s20260728_seed20260728,link,24444,15100,95915,138301700,0.9996688741721854,19.72751040000003,40.24553589998686,paper_experiments\results\E2_E6\E2\scores\roommates_split\seed_20260728.parquet,6d71bfdede64334d5342e226eb95d110d00711f28dc838ab2026bed0579b309d,baseline,0.65,14828,14,272,14842,0.9990567308988006,0.9819867549668874,0.9904481998530491,0.55,0.9899973677283496,0.9962913907284768,0.9931344071824664,14833,19,267,0.9987207110153514,0.982317880794702,0.9904513888888888,0.9994301844449119,0.9812755686467027,0.9902696763848883,10378,9991
roommates_split,household_formation,20260728,2026-07-24_e2_roommates_split_s20260728_seed20260728,link,24444,15100,95915,138301700,0.9996688741721854,19.72751040000003,40.24553589998686,paper_experiments\results\E2_E6\E2\scores\roommates_split\seed_20260728.parquet,6d71bfdede64334d5342e226eb95d110d00711f28dc838ab2026bed0579b309d,learned,0.6500030591266042,15020,4,80,15024,0.9997337593184239,0.9947019867549669,0.997211525693799,0.4680553561376989,0.9996008249617457,0.9950331125827815,0.9973117387408317,15021,4,79,0.9997337770382696,0.9947682119205298,0.9972448132780083,0.9998772704958272,0.9901461844760813,0.9949879352952423,10215,9991
roommates_split,household_formation,20260728,2026-07-24_e2_roommates_split_s20260728_seed20260728,link,24444,15100,95915,138301700,0.9996688741721854,19.72751040000003,40.24553589998686,paper_experiments\results\E2_E6\E2\scores\roommates_split\seed_20260728.parquet,6d71bfdede64334d5342e226eb95d110d00711f28dc838ab2026bed0579b309d,splink,0.9986013472769922,14827,83,273,14910,0.9944332662642522,0.9819205298013245,0.9881372875708098,0.5827268764206824,0.9928613920285544,0.9947682119205298,0.9938138873267393,14832,121,268,0.9919079783321073,0.9822516556291391,0.9870562007120753,0.9961769759450173,0.9813028418698522,0.9886839690534619,10342,9991
roommates_split,household_formation,20260729,2026-07-24_e2_roommates_split_s20260729_seed20260729,link,24432,15090,93724,138148415,1.0,20.062305300001753,40.281042899994645,paper_experiments\results\E2_E6\E2\scores\roommates_split\seed_20260729.parquet,bb10cf29b4a1f5b0092158546e1d5ad88df2334473eafd6518b1a4862555d825,baseline,0.65,14826,12,264,14838,0.9991912656692277,0.9825049701789265,0.9907778668805132,0.55,0.9912974683544303,0.9964214711729622,0.9938528653579218,14827,12,263,0.9991913201698228,0.982571239231279,0.9908115874235691,0.9995770574110455,0.9816129120279415,0.9905135411112774,10369,9990
roommates_split,household_formation,20260729,2026-07-24_e2_roommates_split_s20260729_seed20260729,link,24432,15090,93724,138148415,1.0,20.062305300001753,40.281042899994645,paper_experiments\results\E2_E6\E2\scores\roommates_split\seed_20260729.parquet,bb10cf29b4a1f5b0092158546e1d5ad88df2334473eafd6518b1a4862555d825,learned,0.6500030591266042,15016,4,74,15020,0.9997336884154461,0.9950960901259112,0.9974094985054798,0.3416511262295295,0.9984072205999469,0.9969516235917827,0.9976788911731547,15017,4,73,0.9997337061447307,0.9951623591782638,0.9974427949918635,0.99987721021611,0.9904728771010697,0.9951528260894541,10206,9990
roommates_split,household_formation,20260729,2026-07-24_e2_roommates_split_s20260729_seed20260729,link,24432,15090,93724,138148415,1.0,20.062305300001753,40.281042899994645,paper_experiments\results\E2_E6\E2\scores\roommates_split\seed_20260729.parquet,bb10cf29b4a1f5b0092158546e1d5ad88df2334473eafd6518b1a4862555d825,splink,0.9986013472769922,14825,73,265,14898,0.9951000134246207,0.9824387011265739,0.9887288248632786,0.5827268764206824,0.9941090812814403,0.9952948972829688,0.9947016358699251,14826,124,264,0.9917056856187291,0.9825049701789265,0.9870838881491345,0.9965654917828296,0.981681128574547,0.9890673150702332,10336,9990
single_movers,clean_mobility,20260720,2026-07-24_e2_single_movers_s20260720_seed20260720,link,18324,8389,57712,83799360,0.9998807962808439,11.682690599991474,23.626243599996087,paper_experiments\results\E2_E6\E2\scores\single_movers\seed_20260720.parquet,2946fdd1271163ddb36693659a0dff45b803dae23c057a5638ffe33e333d0e57,baseline,0.65,8019,5,370,8024,0.9993768693918246,0.9558946239122661,0.9771522573569732,0.55,0.9910936943355896,0.9948742400762903,0.9929803688280785,8019,6,370,0.9992523364485981,0.9558946239122661,0.9770927257219447,0.9996361784181037,0.9798079022047588,0.989622729464148,10301,9935
single_movers,clean_mobility,20260720,2026-07-24_e2_single_movers_s20260720_seed20260720,link,18324,8389,57712,83799360,0.9998807962808439,11.682690599991474,23.626243599996087,paper_experiments\results\E2_E6\E2\scores\single_movers\seed_20260720.parquet,2946fdd1271163ddb36693659a0dff45b803dae23c057a5638ffe33e333d0e57,learned,0.6500030591266042,8281,4,108,8285,0.9995171997585999,0.9871259983311479,0.9932829554995801,0.0748286193508397,0.9935981031416716,0.9990463702467517,0.9963147883975273,8281,4,108,0.9995171997585999,0.9871259983311479,0.9932829554995801,0.9997817070508622,0.9941060903732809,0.9969358208691979,10041,9935
single_movers,clean_mobility,20260720,2026-07-24_e2_single_movers_s20260720_seed20260720,link,18324,8389,57712,83799360,0.9998807962808439,11.682690599991474,23.626243599996087,paper_experiments\results\E2_E6\E2\scores\single_movers\seed_20260720.parquet,2946fdd1271163ddb36693659a0dff45b803dae23c057a5638ffe33e333d0e57,splink,0.9986013472769922,8016,21,373,8037,0.9973870847331093,0.955537012754798,0.9760136369170825,0.5662987087670317,0.9956704750450992,0.9868875908928358,0.9912595785440612,8016,26,373,0.9967669733897041,0.955537012754798,0.975716633193354,0.9984719493560358,0.9796441824929055,0.9889684643082295,10292,9935
single_movers,clean_mobility,20260721,2026-07-24_e2_single_movers_s20260721_seed20260721,link,18324,8390,57904,83799360,1.0,11.837625499989372,23.74328969999624,paper_experiments\results\E2_E6\E2\scores\single_movers\seed_20260721.parquet,921011ebee48cdca61249e8a66ed4c896ea4156cc3dd94eebf9c238a22652278,baseline,0.65,8083,4,307,8087,0.9995053790033387,0.9634088200238379,0.9811252048309765,0.55,0.9927441417866064,0.9947556615017878,0.9937488837292374,8083,5,307,0.999381800197824,0.9634088200238379,0.981065663308654,0.9997089427344829,0.9832460161536782,0.9914091400321362,10238,9934
single_movers,clean_mobility,20260721,2026-07-24_e2_single_movers_s20260721_seed20260721,link,18324,8390,57904,83799360,1.0,11.837625499989372,23.74328969999624,paper_experiments\results\E2_E6\E2\scores\single_movers\seed_20260721.parquet,921011ebee48cdca61249e8a66ed4c896ea4156cc3dd94eebf9c238a22652278,learned,0.6500030591266042,8323,2,67,8325,0.9997597597597597,0.9920143027413587,0.9958719712832784,0.28049491423128275,0.9951312195701223,0.99880810488677,0.9969662720837547,8323,2,67,0.9997597597597597,0.9920143027413587,0.9958719712832784,0.9998908535254312,0.9963435931019428,0.9981140716156152,10000,9934
single_movers,clean_mobility,20260721,2026-07-24_e2_single_movers_s20260721_seed20260721,link,18324,8390,57904,83799360,1.0,11.837625499989372,23.74328969999624,paper_experiments\results\E2_E6\E2\scores\single_movers\seed_20260721.parquet,921011ebee48cdca61249e8a66ed4c896ea4156cc3dd94eebf9c238a22652278,splink,0.9986013472769922,8076,19,314,8095,0.9976528721432983,0.9625744934445769,0.9797998180163785,0.5662987087670317,0.9966479109302048,0.9922526817640047,0.9944454398853252,8076,28,314,0.9965449160908193,0.9625744934445769,0.9792651873408513,0.9985083315142255,0.9828640034926872,0.9906244060175101,10233,9934
single_movers,clean_mobility,20260722,2026-07-24_e2_single_movers_s20260722_seed20260722,link,18324,8371,58161,83799360,0.9996416198781508,11.85451409999223,24.978513599999133,paper_experiments\results\E2_E6\E2\scores\single_movers\seed_20260722.parquet,97eaf1f6fd7e47f5f40de6c8cc8c0e39dfc796b1dbf57bbb0d9b5094995a4bbd,baseline,0.65,8019,6,352,8025,0.9992523364485981,0.9579500657030223,0.9781654061966333,0.55,0.9943813508667065,0.9936686178473301,0.9940248565965583,8019,10,352,0.9987545148835472,0.9579500657030223,0.9779268292682927,0.9994542676271556,0.9807902204758786,0.9900342885848669,10300,9953
single_movers,clean_mobility,20260722,2026-07-24_e2_single_movers_s20260722_seed20260722,link,18324,8371,58161,83799360,0.9996416198781508,11.85451409999223,24.978513599999133,paper_experiments\results\E2_E6\E2\scores\single_movers\seed_20260722.parquet,97eaf1f6fd7e47f5f40de6c8cc8c0e39dfc796b1dbf57bbb0d9b5094995a4bbd,learned,0.6500030591266042,8277,2,94,8279,0.9997584249305471,0.9887707561820571,0.9942342342342342,0.31440791742844815,0.9973740749582239,0.9982080993907538,0.9977909128903218,8277,2,94,0.9997584249305471,0.9887707561820571,0.9942342342342342,0.9998908535254312,0.9948701156952631,0.99737416610684,10046,9953
single_movers,clean_mobility,20260722,2026-07-24_e2_single_movers_s20260722_seed20260722,link,18324,8371,58161,83799360,0.9996416198781508,11.85451409999223,24.978513599999133,paper_experiments\results\E2_E6\E2\scores\single_movers\seed_20260722.parquet,97eaf1f6fd7e47f5f40de6c8cc8c0e39dfc796b1dbf57bbb0d9b5094995a4bbd,splink,0.9986013472769922,8017,26,354,8043,0.9967673753574536,0.9577111456217895,0.9768490313147313,0.5827268764206824,0.9960260115606936,0.9880539959383586,0.9920239880059971,8017,44,354,0.9945416201463838,0.9577111456217895,0.9757789678675753,0.9976424361493124,0.9806810740013098,0.9890890450750407,10283,9953
single_movers,clean_mobility,20260723,2026-07-24_e2_single_movers_s20260723_seed20260723,link,18324,8385,56398,83799360,0.9995229576624926,15.046718999990844,29.881689999994705,paper_experiments\results\E2_E6\E2\scores\single_movers\seed_20260723.parquet,ecacac3c431eac88b89257ae8f703a0f4a8c05ef61e30ef53728bb95c288c9fd,baseline,0.65,8027,6,358,8033,0.9992530810407071,0.9573047107930829,0.9778292118406626,0.55,0.9942782214805101,0.994752534287418,0.9945153213306307,8027,9,358,0.9988800398208064,0.9573047107930829,0.9776505693928507,0.9994906497853453,0.980462781052172,0.9898852840287855,10292,9939
single_movers,clean_mobility,20260723,2026-07-24_e2_single_movers_s20260723_seed20260723,link,18324,8385,56398,83799360,0.9995229576624926,15.046718999990844,29.881689999994705,paper_experiments\results\E2_E6\E2\scores\single_movers\seed_20260723.parquet,ecacac3c431eac88b89257ae8f703a0f4a8c05ef61e30ef53728bb95c288c9fd,learned,0.6500030591266042,8279,3,106,8282,0.9996377686549143,0.9873583780560524,0.993460130797384,0.08718346898412165,0.9951271690040409,0.9985688729874777,0.996845050300613,8279,3,106,0.9996377686549143,0.9873583780560524,0.993460130797384,0.9998180892090519,0.9942152368478498,0.9970087915565523,10043,9939
single_movers,clean_mobility,20260723,2026-07-24_e2_single_movers_s20260723_seed20260723,link,18324,8385,56398,83799360,0.9995229576624926,15.046718999990844,29.881689999994705,paper_experiments\results\E2_E6\E2\scores\single_movers\seed_20260723.parquet,ecacac3c431eac88b89257ae8f703a0f4a8c05ef61e30ef53728bb95c288c9fd,splink,0.9986013472769922,8024,18,361,8042,0.9977617508082567,0.9569469290399523,0.9769282279174529,0.5662987087670317,0.9967516843118384,0.9880739415623137,0.9923938432053663,8024,28,361,0.9965226030799801,0.9569469290399523,0.9763338808785058,0.9983991850396566,0.9802990613403187,0.9892663378338752,10284,9939
single_movers,clean_mobility,20260724,2026-07-24_e2_single_movers_s20260724_seed20260724,link,18324,8399,58324,83799360,0.9996428146207882,15.000193100000615,29.746538800012786,paper_experiments\results\E2_E6\E2\scores\single_movers\seed_20260724.parquet,aed6d675cfb2bd2c1de3618c1c1e58a45133104fd927ef5d26487904d7a66052,baseline,0.65,8040,1,359,8041,0.9998756373585375,0.9572568162876532,0.9781021897810218,0.55,0.9940497441389979,0.9945231575187522,0.994286394476848,8040,1,359,0.9998756373585375,0.9572568162876532,0.9781021897810218,0.9999272356836206,0.9804082078148876,0.9900715278316551,10283,9925
single_movers,clean_mobility,20260724,2026-07-24_e2_single_movers_s20260724_seed20260724,link,18324,8399,58324,83799360,0.9996428146207882,15.000193100000615,29.746538800012786,paper_experiments\results\E2_E6\E2\scores\single_movers\seed_20260724.parquet,aed6d675cfb2bd2c1de3618c1c1e58a45133104fd927ef5d26487904d7a66052,learned,0.6500030591266042,8299,2,100,8301,0.9997590651728707,0.9880938206929396,0.9938922155688623,0.31440791742844815,0.996078431372549,0.9979759495177998,0.9970262876174617,8299,2,100,0.9997590651728707,0.9880938206929396,0.9938922155688623,0.9998908535254312,0.9945426762715565,0.9972095941907436,10024,9925
single_movers,clean_mobility,20260724,2026-07-24_e2_single_movers_s20260724_seed20260724,link,18324,8399,58324,83799360,0.9996428146207882,15.000193100000615,29.746538800012786,paper_experiments\results\E2_E6\E2\scores\single_movers\seed_20260724.parquet,aed6d675cfb2bd2c1de3618c1c1e58a45133104fd927ef5d26487904d7a66052,splink,0.9986013472769922,8036,14,363,8050,0.9982608695652174,0.9567805691153709,0.9770806735971792,0.5827268764206824,0.997114691031498,0.9874985117275866,0.9922833044206496,8036,23,363,0.9971460478967614,0.9567805691153709,0.9765463604326164,0.9987993887797424,0.9801899148657498,0.9894071545030997,10276,9925
single_movers,clean_mobility,20260725,2026-07-24_e2_single_movers_s20260725_seed20260725,link,18324,8392,56803,83799360,0.9998808388941849,15.138642700010678,29.857073699997272,paper_experiments\results\E2_E6\E2\scores\single_movers\seed_20260725.parquet,2578ce4adaef1076c60da7883d4776a3da923652299bc524fcaa9fca0e3ddaae,baseline,0.65,8061,5,331,8066,0.9993801140590132,0.9605576739752145,0.979584396646008,0.55,0.9920304508147972,0.9938036224976168,0.9929162450145842,8061,8,331,0.9990085512455075,0.9605576739752145,0.9794058684162567,0.9995634141017246,0.9819362584588518,0.9906714318726667,10259,9932
single_movers,clean_mobility,20260725,2026-07-24_e2_single_movers_s20260725_seed20260725,link,18324,8392,56803,83799360,0.9998808388941849,15.138642700010678,29.857073699997272,paper_experiments\results\E2_E6\E2\scores\single_movers\seed_20260725.parquet,2578ce4adaef1076c60da7883d4776a3da923652299bc524fcaa9fca0e3ddaae,learned,0.6500030591266042,8280,2,112,8282,0.9997585124366095,0.9866539561487131,0.9931630082763584,0.0748286193508397,0.9946587537091988,0.9985700667302193,0.9966105726348338,8280,2,112,0.9997585124366095,0.9866539561487131,0.9931630082763584,0.9998908535254312,0.9938877974241432,0.9968802881921033,10043,9932
single_movers,clean_mobility,20260725,2026-07-24_e2_single_movers_s20260725_seed20260725,link,18324,8392,56803,83799360,0.9998808388941849,15.138642700010678,29.857073699997272,paper_experiments\results\E2_E6\E2\scores\single_movers\seed_20260725.parquet,2578ce4adaef1076c60da7883d4776a3da923652299bc524fcaa9fca0e3ddaae,splink,0.9986013472769922,8060,22,332,8082,0.9972779015095273,0.9604385128693994,0.9785115940269515,0.5662987087670317,0.9961547704878635,0.9878455672068637,0.9919827689362211,8060,35,332,0.9956763434218654,0.9604385128693994,0.9777400376053861,0.9980353634577603,0.9818816852215674,0.9898926273060653,10245,9932
single_movers,clean_mobility,20260726,2026-07-24_e2_single_movers_s20260726_seed20260726,link,18324,8398,57456,83799360,0.9998809240295309,11.871883499989053,23.878042900003493,paper_experiments\results\E2_E6\E2\scores\single_movers\seed_20260726.parquet,60cca18a879a6df828cb3051b1b7d8cb5aaced0148b2f729eb0310ac03ef2483,baseline,0.65,8060,6,338,8066,0.9992561368708158,0.9597523219814241,0.9791059280855199,0.548125,0.9914550201756468,0.994760657299357,0.9931050879695674,8060,8,338,0.999008428358949,0.9597523219814241,0.9789870035224097,0.9995634141017246,0.9815542457978608,0.9904769746038024,10260,9926
single_movers,clean_mobility,20260726,2026-07-24_e2_single_movers_s20260726_seed20260726,link,18324,8398,57456,83799360,0.9998809240295309,11.871883499989053,23.878042900003493,paper_experiments\results\E2_E6\E2\scores\single_movers\seed_20260726.parquet,60cca18a879a6df828cb3051b1b7d8cb5aaced0148b2f729eb0310ac03ef2483,learned,0.6500030591266042,8306,8,92,8314,0.9990377676208805,0.9890450107168374,0.9940162757300144,0.06832104016296658,0.9930169250798911,0.9990473922362467,0.9960230308066718,8306,8,92,0.9990377676208805,0.9890450107168374,0.9940162757300144,0.9995634141017246,0.9949792621698319,0.9972660701489899,10014,9926
single_movers,clean_mobility,20260726,2026-07-24_e2_single_movers_s20260726_seed20260726,link,18324,8398,57456,83799360,0.9998809240295309,11.871883499989053,23.878042900003493,paper_experiments\results\E2_E6\E2\scores\single_movers\seed_20260726.parquet,60cca18a879a6df828cb3051b1b7d8cb5aaced0148b2f729eb0310ac03ef2483,splink,0.9986013472769922,8056,19,342,8075,0.9976470588235294,0.9592760180995475,0.978085351787774,0.5662987087670317,0.9961626094255907,0.9891640866873065,0.9926510127262951,8056,29,342,0.996413110698825,0.9592760180995475,0.9774919614147911,0.998362802881467,0.981335952848723,0.9897761562142761,10252,9926
single_movers,clean_mobility,20260727,2026-07-24_e2_single_movers_s20260727_seed20260727,link,18324,8390,56468,83799360,0.999761620977354,14.786741899995832,29.150434499999392,paper_experiments\results\E2_E6\E2\scores\single_movers\seed_20260727.parquet,e4b68ae8006195bf7fd1d6df3b080811fffbc201f834bdce1eae9da7fe799b4e,baseline,0.65,8034,2,356,8036,0.9997511199601792,0.9575685339690108,0.9782052843053696,0.55,0.9923891069092639,0.9946364719904648,0.9935115185427704,8034,4,356,0.9995023637720826,0.9575685339690108,0.9780861943024105,0.9997817070508622,0.9805719275267409,0.9900836481641255,10288,9934
single_movers,clean_mobility,20260727,2026-07-24_e2_single_movers_s20260727_seed20260727,link,18324,8390,56468,83799360,0.999761620977354,14.786741899995832,29.150434499999392,paper_experiments\results\E2_E6\E2\scores\single_movers\seed_20260727.parquet,e4b68ae8006195bf7fd1d6df3b080811fffbc201f834bdce1eae9da7fe799b4e,learned,0.6500030591266042,8281,0,109,8281,1.0,0.9870083432657926,0.9934616999580109,0.09946793743477127,0.9939494601969392,0.998569725864124,0.9962542362803971,8281,0,109,1.0,0.9870083432657926,0.9934616999580109,1.0,0.9940515171359965,0.9970168860669422,10043,9934
single_movers,clean_mobility,20260727,2026-07-24_e2_single_movers_s20260727_seed20260727,link,18324,8390,56468,83799360,0.999761620977354,14.786741899995832,29.150434499999392,paper_experiments\results\E2_E6\E2\scores\single_movers\seed_20260727.parquet,e4b68ae8006195bf7fd1d6df3b080811fffbc201f834bdce1eae9da7fe799b4e,splink,0.9986013472769922,8033,23,357,8056,0.9971449851042701,0.9574493444576877,0.9768940775872552,0.5662987087670317,0.9965081276339555,0.9864123957091776,0.991434561245882,8033,40,357,0.9950452124365168,0.9574493444576877,0.9758853185932089,0.997969875573019,0.9805173542894564,0.9891666393272116,10272,9934
single_movers,clean_mobility,20260728,2026-07-24_e2_single_movers_s20260728_seed20260728,link,18324,8398,57610,83799360,0.9998809240295309,14.98576409999805,30.174563699998544,paper_experiments\results\E2_E6\E2\scores\single_movers\seed_20260728.parquet,70676ad485c8e7a07ddaf1cbee1dbf8aca84c51a9dfb126e1291a44d45b125f5,baseline,0.65,8027,4,371,8031,0.9995019300211679,0.9558228149559419,0.9771745084910829,0.5487577639751554,0.9926295767950547,0.9942843534174803,0.993456276026175,8027,7,371,0.9991287030121981,0.9558228149559419,0.976996105160662,0.999599796259914,0.9797533289674744,0.9895770648891675,10293,9926
single_movers,clean_mobility,20260728,2026-07-24_e2_single_movers_s20260728_seed20260728,link,18324,8398,57610,83799360,0.9998809240295309,14.98576409999805,30.174563699998544,paper_experiments\results\E2_E6\E2\scores\single_movers\seed_20260728.parquet,70676ad485c8e7a07ddaf1cbee1dbf8aca84c51a9dfb126e1291a44d45b125f5,learned,0.6500030591266042,8294,2,104,8296,0.9997589199614272,0.9876160990712074,0.9936504133221516,0.0993922668563597,0.9941888045540797,0.9982138604429626,0.9961972667855021,8294,2,104,0.9997589199614272,0.9876160990712074,0.9936504133221516,0.9998908535254312,0.9943243833224187,0.9970998495557635,10029,9926
single_movers,clean_mobility,20260728,2026-07-24_e2_single_movers_s20260728_seed20260728,link,18324,8398,57610,83799360,0.9998809240295309,14.98576409999805,30.174563699998544,paper_experiments\results\E2_E6\E2\scores\single_movers\seed_20260728.parquet,70676ad485c8e7a07ddaf1cbee1dbf8aca84c51a9dfb126e1291a44d45b125f5,splink,0.9986013472769922,8024,26,374,8050,0.9967701863354037,0.9554655870445344,0.97568093385214,0.5662987087670317,0.9949628208203406,0.9878542510121457,0.9913957934990439,8024,42,374,0.9947929580957104,0.9554655870445344,0.9747327502429544,0.9977879647820709,0.979589609255621,0.9886050447563123,10278,9926
single_movers,clean_mobility,20260729,2026-07-24_e2_single_movers_s20260729_seed20260729,link,18324,8405,56133,83799360,0.9997620464009518,14.890958100004354,30.358934299991233,paper_experiments\results\E2_E6\E2\scores\single_movers\seed_20260729.parquet,6d81cc62a5eb29014e536c71e8b241c69e444be41773e001dd14ca2f07f428b9,baseline,0.65,8044,5,361,8049,0.9993788048204746,0.9570493753718025,0.977756168712775,0.5480769230769231,0.9919239904988123,0.9936942296252231,0.9928083209509658,8044,7,361,0.9991305427897156,0.9570493753718025,0.9776373359261059,0.9995997962599142,0.9802990613403187,0.9898553536995106,10276,9919
single_movers,clean_mobility,20260729,2026-07-24_e2_single_movers_s20260729_seed20260729,link,18324,8405,56133,83799360,0.9997620464009518,14.890958100004354,30.358934299991233,paper_experiments\results\E2_E6\E2\scores\single_movers\seed_20260729.parquet,6d81cc62a5eb29014e536c71e8b241c69e444be41773e001dd14ca2f07f428b9,learned,0.6500030591266042,8316,2,89,8318,0.9997595575859581,0.9894110648423557,0.9945583926329008,0.0748286193508397,0.9943107739717909,0.9980963712076145,0.9961999762498516,8316,2,89,0.9997595575859581,0.9894110648423557,0.9945583926329008,0.9998908535254312,0.9951429818816853,0.9975112681038508,10007,9919
single_movers,clean_mobility,20260729,2026-07-24_e2_single_movers_s20260729_seed20260729,link,18324,8405,56133,83799360,0.9997620464009518,14.890958100004354,30.358934299991233,paper_experiments\results\E2_E6\E2\scores\single_movers\seed_20260729.parquet,6d81cc62a5eb29014e536c71e8b241c69e444be41773e001dd14ca2f07f428b9,splink,0.9986013472769922,8042,21,363,8063,0.9973955103559469,0.9568114217727544,0.9766820500364343,0.5662987087670317,0.99664308835871,0.9890541344437834,0.9928341096381225,8042,35,363,0.9956667079361149,0.9568114217727544,0.9758524450916152,0.9980444589973078,0.9801899148657498,0.9890366138835732,10263,9919
three_source_partial_overlap,multi_source,20260720,2026-07-24_e2_three_source_partial_overlap_s20260720_seed20260720,link,22759,17293,117746,168058878,1.0,15.427630899997894,30.229405699996278,paper_experiments\results\E2_E6\E2\scores\three_source_partial_overlap\seed_20260720.parquet,37898e789c9da206cc4394fb859fe86027a2e70d0ed431d47b4a89c4e5bc164c,baseline,0.65,17239,23,54,17262,0.9986675935581045,0.996877349216446,0.9977716683547967,0.65,0.9986675935581045,0.996877349216446,0.9977716683547967,17255,29,38,0.9983221476510067,0.9978025790782398,0.9980622957457269,0.9991739531613866,0.9969462630168285,0.9980588650268561,10057,10000
three_source_partial_overlap,multi_source,20260720,2026-07-24_e2_three_source_partial_overlap_s20260720_seed20260720,link,22759,17293,117746,168058878,1.0,15.427630899997894,30.229405699996278,paper_experiments\results\E2_E6\E2\scores\three_source_partial_overlap\seed_20260720.parquet,37898e789c9da206cc4394fb859fe86027a2e70d0ed431d47b4a89c4e5bc164c,learned,0.6500030591266042,17270,3,23,17273,0.9998263185318127,0.9986699820736714,0.9992478157727246,0.6500030591266042,0.9998263185318127,0.9986699820736714,0.9992478157727246,17280,3,13,0.9998264190244749,0.9992482507372925,0.999537251272559,0.999853537794572,0.9978030669185817,0.9988272500158484,10046,10000
three_source_partial_overlap,multi_source,20260720,2026-07-24_e2_three_source_partial_overlap_s20260720_seed20260720,link,22759,17293,117746,168058878,1.0,15.427630899997894,30.229405699996278,paper_experiments\results\E2_E6\E2\scores\three_source_partial_overlap\seed_20260720.parquet,37898e789c9da206cc4394fb859fe86027a2e70d0ed431d47b4a89c4e5bc164c,splink,0.9986013472769922,17239,122,54,17361,0.9929727550256322,0.996877349216446,0.9949212212154441,0.5827268764206824,0.9917882163776272,0.9987278089400335,0.9952459158094908,17257,301,36,0.9828568174051714,0.9979182328109639,0.99033026312014,0.9933452107207544,0.9970048478989998,0.995171664840341,10000,10000
three_source_partial_overlap,multi_source,20260721,2026-07-24_e2_three_source_partial_overlap_s20260721_seed20260721,link,22758,17302,117417,168045752,0.9997688128540053,15.751542099998915,30.87623419999727,paper_experiments\results\E2_E6\E2\scores\three_source_partial_overlap\seed_20260721.parquet,f1f64e05b92352ea0c62f5cda4ac39c9169396a98f9fabf81030da692b85f90f,baseline,0.65,17247,20,55,17267,0.9988417212022934,0.9968211767425731,0.997830426104313,0.6026881720430107,0.9986686733040055,0.9971679574615652,0.997917751171265,17272,23,30,0.9986701358774213,0.9982660964050398,0.9984680752666416,0.9993877610803527,0.9973928581890616,0.9983893131212427,10051,10000
three_source_partial_overlap,multi_source,20260721,2026-07-24_e2_three_source_partial_overlap_s20260721_seed20260721,link,22758,17302,117417,168045752,0.9997688128540053,15.751542099998915,30.87623419999727,paper_experiments\results\E2_E6\E2\scores\three_source_partial_overlap\seed_20260721.parquet,f1f64e05b92352ea0c62f5cda4ac39c9169396a98f9fabf81030da692b85f90f,learned,0.6500030591266042,17276,4,26,17280,0.9997685185185186,0.9984972835510345,0.9991324966745706,0.6500030591266042,0.9997685185185186,0.9984972835510345,0.9991324966745706,17286,4,16,0.9997686524002314,0.9990752514160213,0.9994218316373727,0.9998945425784339,0.9980007030494771,0.9989467252122995,10043,10000
three_source_partial_overlap,multi_source,20260721,2026-07-24_e2_three_source_partial_overlap_s20260721_seed20260721,link,22758,17302,117417,168045752,0.9997688128540053,15.751542099998915,30.87623419999727,paper_experiments\results\E2_E6\E2\scores\three_source_partial_overlap\seed_20260721.parquet,f1f64e05b92352ea0c62f5cda4ac39c9169396a98f9fabf81030da692b85f90f,splink,0.9986013472769922,17247,116,55,17363,0.9933191268789956,0.9968211767425731,0.9950670705322372,0.5827268764206824,0.9919627992422068,0.9986706739105305,0.9953054347513032,17273,253,29,0.9855643044619422,0.9983238931915386,0.9919030664982198,0.994487966554932,0.9973928581890618,0.9959382941741356,10003,10000
three_source_partial_overlap,multi_source,20260722,2026-07-24_e2_three_source_partial_overlap_s20260722_seed20260722,link,22777,17292,116673,168295146,1.0,19.690552200001548,38.34216980000201,paper_experiments\results\E2_E6\E2\scores\three_source_partial_overlap\seed_20260722.parquet,11c291400f2fefecb5db05a60ee4d877d3ec2b17668d9148f3c63beb94298580,baseline,0.65,17240,21,52,17261,0.9987833845084294,0.9969928290538977,0.9978873035626429,0.6000000000000001,0.9987267044796851,0.9979181124219292,0.9983222447208563,17251,22,41,0.9987263358999595,0.9976289613694194,0.9981773470273398,0.9993633928963428,0.9969267243271721,0.9981435715148508,10059,10000
three_source_partial_overlap,multi_source,20260722,2026-07-24_e2_three_source_partial_overlap_s20260722_seed20260722,link,22777,17292,116673,168295146,1.0,19.690552200001548,38.34216980000201,paper_experiments\results\E2_E6\E2\scores\three_source_partial_overlap\seed_20260722.parquet,11c291400f2fefecb5db05a60ee4d877d3ec2b17668d9148f3c63beb94298580,learned,0.6500030591266042,17268,9,24,17277,0.9994790762285118,0.9986120749479528,0.9990453874858977,0.8136698834838333,1.0,0.998265093684941,0.9991317937141864,17273,9,19,0.9994792269413262,0.9989012260004626,0.9991901428819343,0.9997438936939309,0.9977169952144708,0.9987294160692474,10047,10000
three_source_partial_overlap,multi_source,20260722,2026-07-24_e2_three_source_partial_overlap_s20260722_seed20260722,link,22777,17292,116673,168295146,1.0,19.690552200001548,38.34216980000201,paper_experiments\results\E2_E6\E2\scores\three_source_partial_overlap\seed_20260722.parquet,11c291400f2fefecb5db05a60ee4d877d3ec2b17668d9148f3c63beb94298580,splink,0.9986013472769922,17240,131,52,17371,0.9924586955270278,0.9969928290538977,0.9947205954475954,0.5827268764206824,0.9917877447883765,0.9987277353689568,0.9952456418383518,17251,272,41,0.9844775437995777,0.9976289613694194,0.991009622289243,0.9935644143946379,0.9969267243271721,0.9952427295773304,10002,10000
three_source_partial_overlap,multi_source,20260723,2026-07-24_e2_three_source_partial_overlap_s20260723_seed20260723,link,22762,17277,114719,168098256,1.0,19.351577699999325,37.938483800011454,paper_experiments\results\E2_E6\E2\scores\three_source_partial_overlap\seed_20260723.parquet,fe73055e70e5a0593ac1b7025d9484d52c3d2cf830ead142b08566d9a3770a8c,baseline,0.65,17224,21,53,17245,0.9987822557262975,0.9969323377901256,0.9978564393719948,0.6083333333333334,0.9984938014135094,0.9976269028187764,0.9980601638727236,17239,21,38,0.9987833140208575,0.9978005440759391,0.9982916871760721,0.9994200861084263,0.9968221890284978,0.9981194471250421,10063,10000
three_source_partial_overlap,multi_source,20260723,2026-07-24_e2_three_source_partial_overlap_s20260723_seed20260723,link,22762,17277,114719,168098256,1.0,19.351577699999325,37.938483800011454,paper_experiments\results\E2_E6\E2\scores\three_source_partial_overlap\seed_20260723.parquet,fe73055e70e5a0593ac1b7025d9484d52c3d2cf830ead142b08566d9a3770a8c,learned,0.6500030591266042,17259,8,18,17267,0.9995366884809174,0.9989581524570238,0.9992473367299676,0.6500030591266042,0.9995366884809174,0.9989581524570238,0.9992473367299676,17263,8,14,0.9995367957848417,0.9991896741332408,0.9993632048164872,0.9997891222212459,0.9976862021497819,0.9987365552199425,10050,10000
three_source_partial_overlap,multi_source,20260723,2026-07-24_e2_three_source_partial_overlap_s20260723_seed20260723,link,22762,17277,114719,168098256,1.0,19.351577699999325,37.938483800011454,paper_experiments\results\E2_E6\E2\scores\three_source_partial_overlap\seed_20260723.parquet,fe73055e70e5a0593ac1b7025d9484d52c3d2cf830ead142b08566d9a3770a8c,splink,0.9986013472769922,17224,85,53,17309,0.9950892599225837,0.9969323377901256,0.9960099462210142,0.5827268764206824,0.994010941549093,0.9990739132951323,0.9965359967669303,17239,191,38,0.9890418818129662,0.9978005440759391,0.9934019073962025,0.9956025288597119,0.9968221890284978,0.9962119856374213,10026,10000
three_source_partial_overlap,multi_source,20260724,2026-07-24_e2_three_source_partial_overlap_s20260724_seed20260724,link,22749,17271,116512,167927618,1.0,19.271416499992483,38.18652969998948,paper_experiments\results\E2_E6\E2\scores\three_source_partial_overlap\seed_20260724.parquet,14482661c089c17ba4cc01f6ff6a2e7ac4db3ee4fbb7b1cd757479dc27cc0a0c,baseline,0.65,17224,8,47,17232,0.999535747446611,0.9972786752359446,0.9984059357157348,0.65,0.999535747446611,0.9972786752359446,0.9984059357157348,17244,12,27,0.9993045897079277,0.9984366857738406,0.9988704492136589,0.9996922941667765,0.9973845004176007,0.998537063865251,10054,10000
three_source_partial_overlap,multi_source,20260724,2026-07-24_e2_three_source_partial_overlap_s20260724_seed20260724,link,22749,17271,116512,167927618,1.0,19.271416499992483,38.18652969998948,paper_experiments\results\E2_E6\E2\scores\three_source_partial_overlap\seed_20260724.parquet,14482661c089c17ba4cc01f6ff6a2e7ac4db3ee4fbb7b1cd757479dc27cc0a0c,learned,0.6500030591266042,17257,2,14,17259,0.9998841184309636,0.9991893926234728,0.9995366348103099,0.6500030591266042,0.9998841184309636,0.9991893926234728,0.9995366348103099,17267,6,4,0.9996526370636253,0.9997683978924208,0.9997105141269106,0.9998681260714757,0.9982197019649215,0.9990432340425747,10039,10000
three_source_partial_overlap,multi_source,20260724,2026-07-24_e2_three_source_partial_overlap_s20260724_seed20260724,link,22749,17271,116512,167927618,1.0,19.271416499992483,38.18652969998948,paper_experiments\results\E2_E6\E2\scores\three_source_partial_overlap\seed_20260724.parquet,14482661c089c17ba4cc01f6ff6a2e7ac4db3ee4fbb7b1cd757479dc27cc0a0c,splink,0.9986013472769922,17224,116,47,17340,0.9933102652825836,0.9972786752359446,0.9952905145762907,0.5827268764206824,0.9922935357717967,0.9990156910427885,0.995643267261029,17244,186,27,0.9893287435456111,0.9984366857738406,0.9938618483617188,0.9954244979894458,0.9973845004176007,0.9964035353355556,10013,10000
three_source_partial_overlap,multi_source,20260725,2026-07-24_e2_three_source_partial_overlap_s20260725_seed20260725,link,22756,17310,114064,168019500,0.9999422299248989,15.510071800003061,30.326207999998587,paper_experiments\results\E2_E6\E2\scores\three_source_partial_overlap\seed_20260725.parquet,583375929219994c9f4463cb0d7740fa6fda68799632cb1c7f1c0e4e6473edb4,baseline,0.65,17262,26,48,17288,0.9984960666358168,0.9972270363951473,0.9978611480432396,0.6100000000000001,0.9983809413669481,0.9974581166955517,0.9979193156860479,17286,31,24,0.9982098515909222,0.9986135181975736,0.99841164409276,0.9992397609421692,0.9976855920782797,0.9984620717202521,10043,10000
three_source_partial_overlap,multi_source,20260725,2026-07-24_e2_three_source_partial_overlap_s20260725_seed20260725,link,22756,17310,114064,168019500,0.9999422299248989,15.510071800003061,30.326207999998587,paper_experiments\results\E2_E6\E2\scores\three_source_partial_overlap\seed_20260725.parquet,583375929219994c9f4463cb0d7740fa6fda68799632cb1c7f1c0e4e6473edb4,learned,0.6500030591266042,17285,7,25,17292,0.9995951885264862,0.9985557481224726,0.9990751979654355,0.6304418257279977,0.9995952587453021,0.9987290583477758,0.9991619708134662,17298,9,12,0.999479979199168,0.9993067590987869,0.9993933616431234,0.9997802777289506,0.9981250366203784,0.998951971500747,10039,10000
three_source_partial_overlap,multi_source,20260725,2026-07-24_e2_three_source_partial_overlap_s20260725_seed20260725,link,22756,17310,114064,168019500,0.9999422299248989,15.510071800003061,30.326207999998587,paper_experiments\results\E2_E6\E2\scores\three_source_partial_overlap\seed_20260725.parquet,583375929219994c9f4463cb0d7740fa6fda68799632cb1c7f1c0e4e6473edb4,splink,0.9986013472769922,17260,114,50,17374,0.9934384712789225,0.9971114962449451,0.9952715949717449,0.5827268764206824,0.9929359062715368,0.9987868284228769,0.99585277345775,17284,293,26,0.9833304887068328,0.9984979780473715,0.9908561928512053,0.9937729281616607,0.9976269994726665,0.9956962343137464,9992,10000
three_source_partial_overlap,multi_source,20260726,2026-07-24_e2_three_source_partial_overlap_s20260726_seed20260726,link,22750,17285,116225,167940744,0.9996528782181082,15.250377799995476,30.095761899996432,paper_experiments\results\E2_E6\E2\scores\three_source_partial_overlap\seed_20260726.parquet,5bb7d91e136165ef753b0c7b8c290c8ac24f38bfd23007f006aaf219efa5c342,baseline,0.65,17237,20,48,17257,0.9988410500086922,0.9972230257448655,0.9980313820855771,0.65,0.9988410500086922,0.9972230257448655,0.9980313820855771,17254,27,31,0.9984375904172212,0.9982065374602256,0.9983220505699242,0.9992351648351647,0.9973113553113553,0.9982723332120408,10050,10000
three_source_partial_overlap,multi_source,20260726,2026-07-24_e2_three_source_partial_overlap_s20260726_seed20260726,link,22750,17285,116225,167940744,0.9996528782181082,15.250377799995476,30.095761899996432,paper_experiments\results\E2_E6\E2\scores\three_source_partial_overlap\seed_20260726.parquet,5bb7d91e136165ef753b0c7b8c290c8ac24f38bfd23007f006aaf219efa5c342,learned,0.6500030591266042,17254,14,31,17268,0.9991892517952282,0.9982065374602256,0.9986976528810811,0.6304418257279977,0.999189298743413,0.9982643910905409,0.9987266307808068,17267,14,18,0.9991898616978184,0.9989586346543246,0.9990742347971996,0.9996087912087911,0.9978095238095237,0.9987083471222822,10044,10000
three_source_partial_overlap,multi_source,20260726,2026-07-24_e2_three_source_partial_overlap_s20260726_seed20260726,link,22750,17285,116225,167940744,0.9996528782181082,15.250377799995476,30.095761899996432,paper_experiments\results\E2_E6\E2\scores\three_source_partial_overlap\seed_20260726.parquet,5bb7d91e136165ef753b0c7b8c290c8ac24f38bfd23007f006aaf219efa5c342,splink,0.9986013472769922,17237,121,48,17358,0.9930291508238276,0.9972230257448655,0.9951216696013625,0.9986013472769922,0.9930291508238276,0.9972230257448655,0.9951216696013625,17254,257,31,0.9853235109359831,0.9982065374602256,0.9917231865731693,0.993822815279958,0.9973113553113553,0.9955640292706709,10000,10000
three_source_partial_overlap,multi_source,20260727,2026-07-24_e2_three_source_partial_overlap_s20260727_seed20260727,link,22758,17291,113919,168045752,0.9998843328899427,19.31203080000705,38.13198150000244,paper_experiments\results\E2_E6\E2\scores\three_source_partial_overlap\seed_20260727.parquet,1a9c959dbf4dfa6805ae88a5808e2d411c151d3ff09275380aa57725aae941cb,baseline,0.65,17235,24,56,17259,0.9986094211715627,0.9967613209183969,0.997684515195369,0.65,0.9986094211715627,0.9967613209183969,0.997684515195369,17255,25,36,0.9985532407407407,0.9979179920189694,0.9982355153163055,0.9993996878125537,0.9972610364121042,0.998329216742523,10053,10000
three_source_partial_overlap,multi_source,20260727,2026-07-24_e2_three_source_partial_overlap_s20260727_seed20260727,link,22758,17291,113919,168045752,0.9998843328899427,19.31203080000705,38.13198150000244,paper_experiments\results\E2_E6\E2\scores\three_source_partial_overlap\seed_20260727.parquet,1a9c959dbf4dfa6805ae88a5808e2d411c151d3ff09275380aa57725aae941cb,learned,0.6500030591266042,17266,14,25,17280,0.9991898148148148,0.9985541611242843,0.9988718868415725,0.6500030591266042,0.9991898148148148,0.9985541611242843,0.9988718868415725,17279,14,12,0.9991904238709305,0.9993059973396564,0.9992482072634745,0.9997175247636624,0.9981325248264347,0.9989243960629768,10039,10000
three_source_partial_overlap,multi_source,20260727,2026-07-24_e2_three_source_partial_overlap_s20260727_seed20260727,link,22758,17291,113919,168045752,0.9998843328899427,19.31203080000705,38.13198150000244,paper_experiments\results\E2_E6\E2\scores\three_source_partial_overlap\seed_20260727.parquet,1a9c959dbf4dfa6805ae88a5808e2d411c151d3ff09275380aa57725aae941cb,splink,0.9986013472769922,17236,131,55,17367,0.992456958599643,0.9968191544734255,0.9946332737030411,0.5827268764206824,0.9920721548802206,0.9987276617893702,0.9953887832151709,17257,293,34,0.9833048433048434,0.9980336591290266,0.9906145058982233,0.9939409738761484,0.9973196238685298,0.9956274325283296,10001,10000
three_source_partial_overlap,multi_source,20260728,2026-07-24_e2_three_source_partial_overlap_s20260728_seed20260728,link,22750,17268,116936,167940744,0.9997683576557794,19.583080899989,38.10694380001223,paper_experiments\results\E2_E6\E2\scores\three_source_partial_overlap\seed_20260728.parquet,5a0b7a7b6262eca1c1ef93c5f9b17b3f524f107ce5c10061f5349c79c650090f,baseline,0.65,17214,19,54,17233,0.9988974641675854,0.9968728283530229,0.9978841193008897,0.65,0.9988974641675854,0.9968728283530229,0.9978841193008897,17236,19,32,0.9988988698927846,0.9981468612462359,0.9985227239811141,0.9994637362637362,0.9970769230769231,0.9982689029833341,10057,10000
three_source_partial_overlap,multi_source,20260728,2026-07-24_e2_three_source_partial_overlap_s20260728_seed20260728,link,22750,17268,116936,167940744,0.9997683576557794,19.583080899989,38.10694380001223,paper_experiments\results\E2_E6\E2\scores\three_source_partial_overlap\seed_20260728.parquet,5a0b7a7b6262eca1c1ef93c5f9b17b3f524f107ce5c10061f5349c79c650090f,learned,0.6500030591266042,17241,4,27,17245,0.999768048709771,0.9984364141765114,0.9991017877321587,0.48462693871893536,0.9997680890538033,0.9986101459346769,0.9991887820141384,17253,6,15,0.9996523552928906,0.999131341209173,0.9993917803458164,0.9998681318681318,0.9976776556776558,0.9987716927526291,10050,10000
three_source_partial_overlap,multi_source,20260728,2026-07-24_e2_three_source_partial_overlap_s20260728_seed20260728,link,22750,17268,116936,167940744,0.9997683576557794,19.583080899989,38.10694380001223,paper_experiments\results\E2_E6\E2\scores\three_source_partial_overlap\seed_20260728.parquet,5a0b7a7b6262eca1c1ef93c5f9b17b3f524f107ce5c10061f5349c79c650090f,splink,0.9986013472769922,17214,99,54,17313,0.994281753595564,0.9968728283530229,0.9955756051010671,0.5827268764206824,0.9929176023492832,0.9986101459346769,0.9957557384148983,17236,182,32,0.9895510391548973,0.9981468612462359,0.9938303638355533,0.9955218210361069,0.9970769230769231,0.996298765225269,10019,10000
three_source_partial_overlap,multi_source,20260729,2026-07-24_e2_three_source_partial_overlap_s20260729_seed20260729,link,22743,17284,113964,167848862,0.9999421430224485,19.681532700007665,38.46351020000293,paper_experiments\results\E2_E6\E2\scores\three_source_partial_overlap\seed_20260729.parquet,1f7f27a102e1c2627fe854d5d65242575cdf7a503f71ffa0e6e103cd2d40001f,baseline,0.65,17230,19,54,17249,0.998898486868804,0.9968757232122194,0.9978860799814671,0.6000000000000001,0.9984364141765114,0.9975121499652858,0.9979740680713128,17245,23,39,0.998668056520732,0.9977435778754918,0.9982056031488772,0.9993567879598747,0.9968268624778319,0.9980902220289506,10061,10000
three_source_partial_overlap,multi_source,20260729,2026-07-24_e2_three_source_partial_overlap_s20260729_seed20260729,link,22743,17284,113964,167848862,0.9999421430224485,19.681532700007665,38.46351020000293,paper_experiments\results\E2_E6\E2\scores\three_source_partial_overlap\seed_20260729.parquet,1f7f27a102e1c2627fe854d5d65242575cdf7a503f71ffa0e6e103cd2d40001f,learned,0.6500030591266042,17262,2,22,17264,0.9998841519925857,0.9987271464938672,0.9993053143452588,0.43224373303706876,0.9998841654117919,0.9988428604489702,0.9993632416787265,17268,2,16,0.9998841922408801,0.9990742883591761,0.999479076228512,0.9999120608538891,0.9976622843658854,0.9987859056997825,10050,10000
three_source_partial_overlap,multi_source,20260729,2026-07-24_e2_three_source_partial_overlap_s20260729_seed20260729,link,22743,17284,113964,167848862,0.9999421430224485,19.681532700007665,38.46351020000293,paper_experiments\results\E2_E6\E2\scores\three_source_partial_overlap\seed_20260729.parquet,1f7f27a102e1c2627fe854d5d65242575cdf7a503f71ffa0e6e103cd2d40001f,splink,0.9986013472769922,17230,85,54,17315,0.9950909615939937,0.9968757232122194,0.9959825428480592,0.5827268764206824,0.9940685286495825,0.9987271464938672,0.9963923922768334,17245,174,39,0.9900109076295999,0.9977435778754918,0.9938622021150909,0.995561795047351,0.9968268624778319,0.9961939271352289,10021,10000
