PersonKey,DatasetId,RecordKey
1,A,A-000000001
1,B,B-000000001
2,A,A-000000002
2,B,B-000000002
3,A,A-000000003
3,B,B-000000003
4,A,A-000000004
4,B,B-000000004
5,A,A-000000005
5,B,B-000000005
6,A,A-000000006
6,B,B-000000006
8,A,A-000000007
8,B,B-000000007
10,A,A-000000008
10,B,B-000000008
12,A,A-000000009
12,B,B-000000009
16,A,A-000000010
16,B,B-000000010
18,A,A-000000011
18,B,B-000000011
20,A,A-000000012
20,B,B-000000012
21,A,A-000000013
21,B,B-000000013
24,A,A-000000014
24,B,B-000000014
25,A,A-000000015
25,B,B-000000015
26,A,A-000000016
26,B,B-000000016
27,A,A-000000017
27,B,B-000000017
28,A,A-000000018
28,B,B-000000018
30,A,A-000000019
30,B,B-000000019
31,A,A-000000020
31,B,B-000000020
32,A,A-000000021
32,B,B-000000021
33,A,A-000000022
33,B,B-000000022
38,A,A-000000023
38,B,B-000000023
39,A,A-000000024
39,B,B-000000024
40,A,A-000000025
40,B,B-000000025
41,A,A-000000026
41,B,B-000000026
42,A,A-000000027
42,B,B-000000027
43,A,A-000000028
43,B,B-000000028
44,A,A-000000029
44,B,B-000000029
45,A,A-000000030
45,B,B-000000030
46,A,A-000000031
46,B,B-000000031
48,A,A-000000032
48,B,B-000000032
49,A,A-000000033
49,B,B-000000033
54,A,A-000000034
54,B,B-000000034
55,A,A-000000035
55,B,B-000000035
56,A,A-000000036
56,B,B-000000036
57,A,A-000000037
57,B,B-000000037
59,A,A-000000038
59,B,B-000000038
60,A,A-000000039
60,B,B-000000039
61,A,A-000000040
61,B,B-000000040
62,A,A-000000041
62,B,B-000000041
66,A,A-000000042
66,B,B-000000042
69,A,A-000000043
69,B,B-000000043
70,A,A-000000044
70,B,B-000000044
71,A,A-000000045
71,B,B-000000045
73,A,A-000000046
73,B,B-000000046
75,A,A-000000047
75,B,B-000000047
76,A,A-000000048
76,B,B-000000048
77,A,A-000000049
77,B,B-000000049
79,A,A-000000050
79,B,B-000000050
80,A,A-000000051
80,B,B-000000051
81,A,A-000000052
81,B,B-000000052
85,A,A-000000053
85,B,B-000000053
86,A,A-000000054
86,B,B-000000054
91,A,A-000000055
91,B,B-000000055
92,A,A-000000056
92,B,B-000000056
93,A,A-000000057
93,B,B-000000057
95,A,A-000000058
95,B,B-000000058
96,A,A-000000059
96,B,B-000000059
98,A,A-000000060
98,B,B-000000060
101,A,A-000000061
101,B,B-000000061
102,A,A-000000062
102,B,B-000000062
103,A,A-000000063
103,B,B-000000063
104,A,A-000000064
104,B,B-000000064
105,A,A-000000065
105,B,B-000000065
106,A,A-000000066
106,B,B-000000066
112,A,A-000000067
112,B,B-000000067
113,A,A-000000068
113,B,B-000000068
114,A,A-000000069
114,B,B-000000069
115,A,A-000000070
115,B,B-000000070
116,A,A-000000071
116,B,B-000000071
118,A,A-000000072
118,B,B-000000072
120,A,A-000000073
120,B,B-000000073
122,A,A-000000074
122,B,B-000000074
125,A,A-000000075
125,B,B-000000075
126,A,A-000000076
126,B,B-000000076
128,A,A-000000077
128,B,B-000000077
129,A,A-000000078
129,B,B-000000078
131,A,A-000000079
131,B,B-000000079
133,A,A-000000080
133,B,B-000000080
134,A,A-000000081
134,B,B-000000081
137,A,A-000000082
137,B,B-000000082
138,A,A-000000083
138,B,B-000000083
141,A,A-000000084
141,B,B-000000084
142,A,A-000000085
142,B,B-000000085
143,A,A-000000086
143,B,B-000000086
144,A,A-000000087
144,B,B-000000087
146,A,A-000000088
146,B,B-000000088
149,A,A-000000089
149,B,B-000000089
150,A,A-000000090
150,B,B-000000090
151,A,A-000000091
151,B,B-000000091
152,A,A-000000092
152,B,B-000000092
153,A,A-000000093
153,B,B-000000093
154,A,A-000000094
154,B,B-000000094
155,A,A-000000095
155,B,B-000000095
156,A,A-000000096
156,B,B-000000096
157,A,A-000000097
157,B,B-000000097
158,A,A-000000098
158,B,B-000000098
159,A,A-000000099
159,B,B-000000099
161,A,A-000000100
161,B,B-000000100
162,A,A-000000101
162,B,B-000000101
163,A,A-000000102
163,B,B-000000102
165,A,A-000000103
165,B,B-000000103
166,A,A-000000104
166,B,B-000000104
167,A,A-000000105
167,B,B-000000105
168,A,A-000000106
168,B,B-000000106
170,A,A-000000107
170,B,B-000000107
171,A,A-000000108
171,B,B-000000108
173,A,A-000000109
173,B,B-000000109
175,A,A-000000110
175,B,B-000000110
178,A,A-000000111
178,B,B-000000111
179,A,A-000000112
179,B,B-000000112
180,A,A-000000113
180,B,B-000000113
183,A,A-000000114
183,B,B-000000114
185,A,A-000000115
185,B,B-000000115
188,A,A-000000116
188,B,B-000000116
191,A,A-000000117
191,B,B-000000117
192,A,A-000000118
192,B,B-000000118
193,A,A-000000119
193,B,B-000000119
195,A,A-000000120
195,B,B-000000120
196,A,A-000000121
196,B,B-000000121
199,A,A-000000122
199,B,B-000000122
200,A,A-000000123
200,B,B-000000123
203,A,A-000000124
203,B,B-000000124
204,A,A-000000125
204,B,B-000000125
205,A,A-000000126
205,B,B-000000126
207,A,A-000000127
207,B,B-000000127
208,A,A-000000128
208,B,B-000000128
212,A,A-000000129
212,B,B-000000129
213,A,A-000000130
213,B,B-000000130
214,A,A-000000131
214,B,B-000000131
216,A,A-000000132
216,B,B-000000132
217,A,A-000000133
217,B,B-000000133
218,A,A-000000134
218,B,B-000000134
219,A,A-000000135
219,B,B-000000135
220,A,A-000000136
220,B,B-000000136
222,A,A-000000137
222,B,B-000000137
223,A,A-000000138
223,B,B-000000138
227,A,A-000000139
227,B,B-000000139
231,A,A-000000140
231,B,B-000000140
232,A,A-000000141
232,B,B-000000141
233,A,A-000000142
233,B,B-000000142
236,A,A-000000143
236,B,B-000000143
239,A,A-000000144
239,B,B-000000144
240,A,A-000000145
240,B,B-000000145
242,A,A-000000146
242,B,B-000000146
243,A,A-000000147
243,B,B-000000147
244,A,A-000000148
244,B,B-000000148
246,A,A-000000149
246,B,B-000000149
254,A,A-000000150
254,B,B-000000150
255,A,A-000000151
255,B,B-000000151
256,A,A-000000152
256,B,B-000000152
257,A,A-000000153
257,B,B-000000153
258,A,A-000000154
258,B,B-000000154
259,A,A-000000155
259,B,B-000000155
262,A,A-000000156
262,B,B-000000156
264,A,A-000000157
264,B,B-000000157
266,A,A-000000158
266,B,B-000000158
271,A,A-000000159
271,B,B-000000159
272,A,A-000000160
272,B,B-000000160
273,A,A-000000161
273,B,B-000000161
274,A,A-000000162
274,B,B-000000162
278,A,A-000000163
278,B,B-000000163
279,A,A-000000164
279,B,B-000000164
280,A,A-000000165
280,B,B-000000165
281,A,A-000000166
281,B,B-000000166
284,A,A-000000167
284,B,B-000000167
285,A,A-000000168
285,B,B-000000168
287,A,A-000000169
287,B,B-000000169
288,A,A-000000170
288,B,B-000000170
289,A,A-000000171
289,B,B-000000171
291,A,A-000000172
291,B,B-000000172
292,A,A-000000173
292,B,B-000000173
294,A,A-000000174
294,B,B-000000174
296,A,A-000000175
296,B,B-000000175
299,A,A-000000176
299,B,B-000000176
300,A,A-000000177
300,B,B-000000177
301,A,A-000000178
301,B,B-000000178
308,A,A-000000179
308,B,B-000000179
309,A,A-000000180
309,B,B-000000180
311,A,A-000000181
311,B,B-000000181
315,A,A-000000182
315,B,B-000000182
317,A,A-000000183
317,B,B-000000183
319,A,A-000000184
319,B,B-000000184
326,A,A-000000185
326,B,B-000000185
327,A,A-000000186
327,B,B-000000186
329,A,A-000000187
329,B,B-000000187
330,A,A-000000188
330,B,B-000000188
333,A,A-000000189
333,B,B-000000189
334,A,A-000000190
334,B,B-000000190
335,A,A-000000191
335,B,B-000000191
337,A,A-000000192
337,B,B-000000192
339,A,A-000000193
339,B,B-000000193
340,A,A-000000194
340,B,B-000000194
341,A,A-000000195
341,B,B-000000195
343,A,A-000000196
343,B,B-000000196
344,A,A-000000197
344,B,B-000000197
345,A,A-000000198
345,B,B-000000198
348,A,A-000000199
348,B,B-000000199
351,A,A-000000200
351,B,B-000000200
353,A,A-000000201
353,B,B-000000201
355,A,A-000000202
355,B,B-000000202
356,A,A-000000203
356,B,B-000000203
357,A,A-000000204
357,B,B-000000204
358,A,A-000000205
358,B,B-000000205
360,A,A-000000206
360,B,B-000000206
361,A,A-000000207
361,B,B-000000207
365,A,A-000000208
365,B,B-000000208
369,A,A-000000209
369,B,B-000000209
370,A,A-000000210
370,B,B-000000210
371,A,A-000000211
371,B,B-000000211
372,A,A-000000212
372,B,B-000000212
373,A,A-000000213
373,B,B-000000213
375,A,A-000000214
375,B,B-000000214
376,A,A-000000215
376,B,B-000000215
377,A,A-000000216
377,B,B-000000216
378,A,A-000000217
378,B,B-000000217
380,A,A-000000218
380,B,B-000000218
381,A,A-000000219
381,B,B-000000219
382,A,A-000000220
382,B,B-000000220
383,A,A-000000221
383,B,B-000000221
384,A,A-000000222
384,B,B-000000222
386,A,A-000000223
386,B,B-000000223
388,A,A-000000224
388,B,B-000000224
389,A,A-000000225
389,B,B-000000225
391,A,A-000000226
391,B,B-000000226
395,A,A-000000227
395,B,B-000000227
397,A,A-000000228
397,B,B-000000228
398,A,A-000000229
398,B,B-000000229
399,A,A-000000230
399,B,B-000000230
400,A,A-000000231
400,B,B-000000231
402,A,A-000000232
402,B,B-000000232
404,A,A-000000233
404,B,B-000000233
405,A,A-000000234
405,B,B-000000234
407,A,A-000000235
407,B,B-000000235
408,A,A-000000236
408,B,B-000000236
410,A,A-000000237
410,B,B-000000237
411,A,A-000000238
411,B,B-000000238
413,A,A-000000239
413,B,B-000000239
414,A,A-000000240
414,B,B-000000240
415,A,A-000000241
415,B,B-000000241
416,A,A-000000242
416,B,B-000000242
417,A,A-000000243
417,B,B-000000243
418,A,A-000000244
418,B,B-000000244
419,A,A-000000245
419,B,B-000000245
421,A,A-000000246
421,B,B-000000246
422,A,A-000000247
422,B,B-000000247
427,A,A-000000248
427,B,B-000000248
429,A,A-000000249
429,B,B-000000249
430,A,A-000000250
430,B,B-000000250
432,A,A-000000251
432,B,B-000000251
434,A,A-000000252
434,B,B-000000252
435,A,A-000000253
435,B,B-000000253
436,A,A-000000254
436,B,B-000000254
439,A,A-000000255
439,B,B-000000255
440,A,A-000000256
440,B,B-000000256
441,A,A-000000257
441,B,B-000000257
442,A,A-000000258
442,B,B-000000258
443,A,A-000000259
443,B,B-000000259
444,A,A-000000260
444,B,B-000000260
445,A,A-000000261
445,B,B-000000261
450,A,A-000000262
450,B,B-000000262
451,A,A-000000263
451,B,B-000000263
453,A,A-000000264
453,B,B-000000264
454,A,A-000000265
454,B,B-000000265
455,A,A-000000266
455,B,B-000000266
456,A,A-000000267
456,B,B-000000267
457,A,A-000000268
457,B,B-000000268
458,A,A-000000269
458,B,B-000000269
464,A,A-000000270
464,B,B-000000270
466,A,A-000000271
466,B,B-000000271
467,A,A-000000272
467,B,B-000000272
468,A,A-000000273
468,B,B-000000273
469,A,A-000000274
469,B,B-000000274
470,A,A-000000275
470,B,B-000000275
471,A,A-000000276
471,B,B-000000276
473,A,A-000000277
473,B,B-000000277
474,A,A-000000278
474,B,B-000000278
475,A,A-000000279
475,B,B-000000279
476,A,A-000000280
476,B,B-000000280
478,A,A-000000281
478,B,B-000000281
480,A,A-000000282
480,B,B-000000282
482,A,A-000000283
482,B,B-000000283
483,A,A-000000284
483,B,B-000000284
486,A,A-000000285
486,B,B-000000285
487,A,A-000000286
487,B,B-000000286
488,A,A-000000287
488,B,B-000000287
489,A,A-000000288
489,B,B-000000288
490,A,A-000000289
490,B,B-000000289
491,A,A-000000290
491,B,B-000000290
492,A,A-000000291
492,B,B-000000291
493,A,A-000000292
493,B,B-000000292
495,A,A-000000293
495,B,B-000000293
496,A,A-000000294
496,B,B-000000294
497,A,A-000000295
497,B,B-000000295
498,A,A-000000296
498,B,B-000000296
499,A,A-000000297
499,B,B-000000297
500,A,A-000000298
500,B,B-000000298
502,A,A-000000299
502,B,B-000000299
503,A,A-000000300
503,B,B-000000300
504,A,A-000000301
504,B,B-000000301
505,A,A-000000302
505,B,B-000000302
506,A,A-000000303
506,B,B-000000303
509,A,A-000000304
509,B,B-000000304
510,A,A-000000305
510,B,B-000000305
513,A,A-000000306
513,B,B-000000306
515,A,A-000000307
515,B,B-000000307
516,A,A-000000308
516,B,B-000000308
518,A,A-000000309
518,B,B-000000309
519,A,A-000000310
519,B,B-000000310
520,A,A-000000311
520,B,B-000000311
521,A,A-000000312
521,B,B-000000312
522,A,A-000000313
522,B,B-000000313
523,A,A-000000314
523,B,B-000000314
524,A,A-000000315
524,B,B-000000315
525,A,A-000000316
525,B,B-000000316
526,A,A-000000317
526,B,B-000000317
527,A,A-000000318
527,B,B-000000318
529,A,A-000000319
529,B,B-000000319
530,A,A-000000320
530,B,B-000000320
532,A,A-000000321
532,B,B-000000321
533,A,A-000000322
533,B,B-000000322
534,A,A-000000323
534,B,B-000000323
535,A,A-000000324
535,B,B-000000324
536,A,A-000000325
536,B,B-000000325
537,A,A-000000326
537,B,B-000000326
538,A,A-000000327
538,B,B-000000327
539,A,A-000000328
539,B,B-000000328
542,A,A-000000329
542,B,B-000000329
543,A,A-000000330
543,B,B-000000330
545,A,A-000000331
545,B,B-000000331
546,A,A-000000332
546,B,B-000000332
547,A,A-000000333
547,B,B-000000333
548,A,A-000000334
548,B,B-000000334
552,A,A-000000335
552,B,B-000000335
554,A,A-000000336
554,B,B-000000336
556,A,A-000000337
556,B,B-000000337
557,A,A-000000338
557,B,B-000000338
558,A,A-000000339
558,B,B-000000339
559,A,A-000000340
559,B,B-000000340
560,A,A-000000341
560,B,B-000000341
561,A,A-000000342
561,B,B-000000342
562,A,A-000000343
562,B,B-000000343
564,A,A-000000344
564,B,B-000000344
567,A,A-000000345
567,B,B-000000345
568,A,A-000000346
568,B,B-000000346
569,A,A-000000347
569,B,B-000000347
572,A,A-000000348
572,B,B-000000348
573,A,A-000000349
573,B,B-000000349
574,A,A-000000350
574,B,B-000000350
577,A,A-000000351
577,B,B-000000351
580,A,A-000000352
580,B,B-000000352
581,A,A-000000353
581,B,B-000000353
583,A,A-000000354
583,B,B-000000354
584,A,A-000000355
584,B,B-000000355
585,A,A-000000356
585,B,B-000000356
588,A,A-000000357
588,B,B-000000357
589,A,A-000000358
589,B,B-000000358
590,A,A-000000359
590,B,B-000000359
591,A,A-000000360
591,B,B-000000360
595,A,A-000000361
595,B,B-000000361
598,A,A-000000362
598,B,B-000000362
599,A,A-000000363
599,B,B-000000363
600,A,A-000000364
600,B,B-000000364
604,A,A-000000365
604,B,B-000000365
605,A,A-000000366
605,B,B-000000366
608,A,A-000000367
608,B,B-000000367
610,A,A-000000368
610,B,B-000000368
612,A,A-000000369
612,B,B-000000369
615,A,A-000000370
615,B,B-000000370
617,A,A-000000371
617,B,B-000000371
618,A,A-000000372
618,B,B-000000372
619,A,A-000000373
619,B,B-000000373
625,A,A-000000374
625,B,B-000000374
627,A,A-000000375
627,B,B-000000375
628,A,A-000000376
628,B,B-000000376
633,A,A-000000377
633,B,B-000000377
634,A,A-000000378
634,B,B-000000378
636,A,A-000000379
636,B,B-000000379
638,A,A-000000380
638,B,B-000000380
639,A,A-000000381
639,B,B-000000381
640,A,A-000000382
640,B,B-000000382
641,A,A-000000383
641,B,B-000000383
643,A,A-000000384
643,B,B-000000384
645,A,A-000000385
645,B,B-000000385
646,A,A-000000386
646,B,B-000000386
647,A,A-000000387
647,B,B-000000387
648,A,A-000000388
648,B,B-000000388
649,A,A-000000389
649,B,B-000000389
650,A,A-000000390
650,B,B-000000390
651,A,A-000000391
651,B,B-000000391
653,A,A-000000392
653,B,B-000000392
654,A,A-000000393
654,B,B-000000393
655,A,A-000000394
655,B,B-000000394
657,A,A-000000395
657,B,B-000000395
658,A,A-000000396
658,B,B-000000396
660,A,A-000000397
660,B,B-000000397
661,A,A-000000398
661,B,B-000000398
662,A,A-000000399
662,B,B-000000399
663,A,A-000000400
663,B,B-000000400
665,A,A-000000401
665,B,B-000000401
667,A,A-000000402
667,B,B-000000402
669,A,A-000000403
669,B,B-000000403
670,A,A-000000404
670,B,B-000000404
672,A,A-000000405
672,B,B-000000405
673,A,A-000000406
673,B,B-000000406
674,A,A-000000407
674,B,B-000000407
679,A,A-000000408
679,B,B-000000408
680,A,A-000000409
680,B,B-000000409
681,A,A-000000410
681,B,B-000000410
682,A,A-000000411
682,B,B-000000411
683,A,A-000000412
683,B,B-000000412
684,A,A-000000413
684,B,B-000000413
689,A,A-000000414
689,B,B-000000414
691,A,A-000000415
691,B,B-000000415
692,A,A-000000416
692,B,B-000000416
694,A,A-000000417
694,B,B-000000417
695,A,A-000000418
695,B,B-000000418
697,A,A-000000419
697,B,B-000000419
699,A,A-000000420
699,B,B-000000420
700,A,A-000000421
700,B,B-000000421
701,A,A-000000422
701,B,B-000000422
702,A,A-000000423
702,B,B-000000423
704,A,A-000000424
704,B,B-000000424
705,A,A-000000425
705,B,B-000000425
706,A,A-000000426
706,B,B-000000426
707,A,A-000000427
707,B,B-000000427
709,A,A-000000428
709,B,B-000000428
711,A,A-000000429
711,B,B-000000429
712,A,A-000000430
712,B,B-000000430
713,A,A-000000431
713,B,B-000000431
714,A,A-000000432
714,B,B-000000432
715,A,A-000000433
715,B,B-000000433
716,A,A-000000434
716,B,B-000000434
717,A,A-000000435
717,B,B-000000435
718,A,A-000000436
718,B,B-000000436
719,A,A-000000437
719,B,B-000000437
724,A,A-000000438
724,B,B-000000438
727,A,A-000000439
727,B,B-000000439
728,A,A-000000440
728,B,B-000000440
729,A,A-000000441
729,B,B-000000441
730,A,A-000000442
730,B,B-000000442
732,A,A-000000443
732,B,B-000000443
736,A,A-000000444
736,B,B-000000444
737,A,A-000000445
737,B,B-000000445
738,A,A-000000446
738,B,B-000000446
739,A,A-000000447
739,B,B-000000447
741,A,A-000000448
741,B,B-000000448
742,A,A-000000449
742,B,B-000000449
743,A,A-000000450
743,B,B-000000450
745,A,A-000000451
745,B,B-000000451
746,A,A-000000452
746,B,B-000000452
748,A,A-000000453
748,B,B-000000453
751,A,A-000000454
751,B,B-000000454
752,A,A-000000455
752,B,B-000000455
753,A,A-000000456
753,B,B-000000456
754,A,A-000000457
754,B,B-000000457
755,A,A-000000458
755,B,B-000000458
757,A,A-000000459
757,B,B-000000459
759,A,A-000000460
759,B,B-000000460
761,A,A-000000461
761,B,B-000000461
762,A,A-000000462
762,B,B-000000462
764,A,A-000000463
764,B,B-000000463
765,A,A-000000464
765,B,B-000000464
766,A,A-000000465
766,B,B-000000465
767,A,A-000000466
767,B,B-000000466
768,A,A-000000467
768,B,B-000000467
769,A,A-000000468
769,B,B-000000468
770,A,A-000000469
770,B,B-000000469
771,A,A-000000470
771,B,B-000000470
772,A,A-000000471
772,B,B-000000471
773,A,A-000000472
773,B,B-000000472
774,A,A-000000473
774,B,B-000000473
776,A,A-000000474
776,B,B-000000474
777,A,A-000000475
777,B,B-000000475
778,A,A-000000476
778,B,B-000000476
780,A,A-000000477
780,B,B-000000477
782,A,A-000000478
782,B,B-000000478
783,A,A-000000479
783,B,B-000000479
785,A,A-000000480
785,B,B-000000480
786,A,A-000000481
786,B,B-000000481
787,A,A-000000482
787,B,B-000000482
791,A,A-000000483
791,B,B-000000483
793,A,A-000000484
793,B,B-000000484
794,A,A-000000485
794,B,B-000000485
800,A,A-000000486
800,B,B-000000486
802,A,A-000000487
802,B,B-000000487
804,A,A-000000488
804,B,B-000000488
805,A,A-000000489
805,B,B-000000489
810,A,A-000000490
810,B,B-000000490
811,A,A-000000491
811,B,B-000000491
812,A,A-000000492
812,B,B-000000492
813,A,A-000000493
813,B,B-000000493
814,A,A-000000494
814,B,B-000000494
815,A,A-000000495
815,B,B-000000495
820,A,A-000000496
820,B,B-000000496
822,A,A-000000497
822,B,B-000000497
823,A,A-000000498
823,B,B-000000498
824,A,A-000000499
824,B,B-000000499
826,A,A-000000500
826,B,B-000000500
828,A,A-000000501
828,B,B-000000501
829,A,A-000000502
829,B,B-000000502
831,A,A-000000503
831,B,B-000000503
833,A,A-000000504
833,B,B-000000504
836,A,A-000000505
836,B,B-000000505
837,A,A-000000506
837,B,B-000000506
841,A,A-000000507
841,B,B-000000507
844,A,A-000000508
844,B,B-000000508
847,A,A-000000509
847,B,B-000000509
849,A,A-000000510
849,B,B-000000510
850,A,A-000000511
850,B,B-000000511
852,A,A-000000512
852,B,B-000000512
853,A,A-000000513
853,B,B-000000513
854,A,A-000000514
854,B,B-000000514
855,A,A-000000515
855,B,B-000000515
858,A,A-000000516
858,B,B-000000516
860,A,A-000000517
860,B,B-000000517
862,A,A-000000518
862,B,B-000000518
863,A,A-000000519
863,B,B-000000519
864,A,A-000000520
864,B,B-000000520
865,A,A-000000521
865,B,B-000000521
868,A,A-000000522
868,B,B-000000522
869,A,A-000000523
869,B,B-000000523
870,A,A-000000524
870,B,B-000000524
874,A,A-000000525
874,B,B-000000525
875,A,A-000000526
875,B,B-000000526
878,A,A-000000527
878,B,B-000000527
879,A,A-000000528
879,B,B-000000528
881,A,A-000000529
881,B,B-000000529
882,A,A-000000530
882,B,B-000000530
883,A,A-000000531
883,B,B-000000531
884,A,A-000000532
884,B,B-000000532
889,A,A-000000533
889,B,B-000000533
892,A,A-000000534
892,B,B-000000534
895,A,A-000000535
895,B,B-000000535
896,A,A-000000536
896,B,B-000000536
897,A,A-000000537
897,B,B-000000537
899,A,A-000000538
899,B,B-000000538
900,A,A-000000539
900,B,B-000000539
902,A,A-000000540
902,B,B-000000540
904,A,A-000000541
904,B,B-000000541
906,A,A-000000542
906,B,B-000000542
907,A,A-000000543
907,B,B-000000543
908,A,A-000000544
908,B,B-000000544
909,A,A-000000545
909,B,B-000000545
910,A,A-000000546
910,B,B-000000546
912,A,A-000000547
912,B,B-000000547
913,A,A-000000548
913,B,B-000000548
915,A,A-000000549
915,B,B-000000549
917,A,A-000000550
917,B,B-000000550
919,A,A-000000551
919,B,B-000000551
920,A,A-000000552
920,B,B-000000552
921,A,A-000000553
921,B,B-000000553
922,A,A-000000554
922,B,B-000000554
924,A,A-000000555
924,B,B-000000555
925,A,A-000000556
925,B,B-000000556
928,A,A-000000557
928,B,B-000000557
929,A,A-000000558
929,B,B-000000558
930,A,A-000000559
930,B,B-000000559
932,A,A-000000560
932,B,B-000000560
933,A,A-000000561
933,B,B-000000561
934,A,A-000000562
934,B,B-000000562
935,A,A-000000563
935,B,B-000000563
937,A,A-000000564
937,B,B-000000564
938,A,A-000000565
938,B,B-000000565
939,A,A-000000566
939,B,B-000000566
940,A,A-000000567
940,B,B-000000567
941,A,A-000000568
941,B,B-000000568
943,A,A-000000569
943,B,B-000000569
945,A,A-000000570
945,B,B-000000570
947,A,A-000000571
947,B,B-000000571
949,A,A-000000572
949,B,B-000000572
950,A,A-000000573
950,B,B-000000573
953,A,A-000000574
953,B,B-000000574
955,A,A-000000575
955,B,B-000000575
956,A,A-000000576
956,B,B-000000576
958,A,A-000000577
958,B,B-000000577
961,A,A-000000578
961,B,B-000000578
964,A,A-000000579
964,B,B-000000579
965,A,A-000000580
965,B,B-000000580
968,A,A-000000581
968,B,B-000000581
969,A,A-000000582
969,B,B-000000582
971,A,A-000000583
971,B,B-000000583
972,A,A-000000584
972,B,B-000000584
973,A,A-000000585
973,B,B-000000585
974,A,A-000000586
974,B,B-000000586
978,A,A-000000587
978,B,B-000000587
979,A,A-000000588
979,B,B-000000588
981,A,A-000000589
981,B,B-000000589
982,A,A-000000590
982,B,B-000000590
983,A,A-000000591
983,B,B-000000591
985,A,A-000000592
985,B,B-000000592
986,A,A-000000593
986,B,B-000000593
987,A,A-000000594
987,B,B-000000594
989,A,A-000000595
989,B,B-000000595
994,A,A-000000596
994,B,B-000000596
996,A,A-000000597
996,B,B-000000597
997,A,A-000000598
997,B,B-000000598
998,A,A-000000599
998,B,B-000000599
1001,A,A-000000600
1001,B,B-000000600
1003,A,A-000000601
1003,B,B-000000601
1005,A,A-000000602
1005,B,B-000000602
1006,A,A-000000603
1006,B,B-000000603
1008,A,A-000000604
1008,B,B-000000604
1009,A,A-000000605
1009,B,B-000000605
1010,A,A-000000606
1010,B,B-000000606
1011,A,A-000000607
1011,B,B-000000607
1012,A,A-000000608
1012,B,B-000000608
1013,A,A-000000609
1013,B,B-000000609
1014,A,A-000000610
1014,B,B-000000610
1016,A,A-000000611
1016,B,B-000000611
1017,A,A-000000612
1017,B,B-000000612
1018,A,A-000000613
1018,B,B-000000613
1019,A,A-000000614
1019,B,B-000000614
1020,A,A-000000615
1020,B,B-000000615
1021,A,A-000000616
1021,B,B-000000616
1022,A,A-000000617
1022,B,B-000000617
1024,A,A-000000618
1024,B,B-000000618
1025,A,A-000000619
1025,B,B-000000619
1027,A,A-000000620
1027,B,B-000000620
1028,A,A-000000621
1028,B,B-000000621
1029,A,A-000000622
1029,B,B-000000622
1030,A,A-000000623
1030,B,B-000000623
1036,A,A-000000624
1036,B,B-000000624
1037,A,A-000000625
1037,B,B-000000625
1038,A,A-000000626
1038,B,B-000000626
1039,A,A-000000627
1039,B,B-000000627
1040,A,A-000000628
1040,B,B-000000628
1042,A,A-000000629
1042,B,B-000000629
1043,A,A-000000630
1043,B,B-000000630
1044,A,A-000000631
1044,B,B-000000631
1046,A,A-000000632
1046,B,B-000000632
1047,A,A-000000633
1047,B,B-000000633
1048,A,A-000000634
1048,B,B-000000634
1050,A,A-000000635
1050,B,B-000000635
1051,A,A-000000636
1051,B,B-000000636
1052,A,A-000000637
1052,B,B-000000637
1054,A,A-000000638
1054,B,B-000000638
1056,A,A-000000639
1056,B,B-000000639
1058,A,A-000000640
1058,B,B-000000640
1064,A,A-000000641
1064,B,B-000000641
1065,A,A-000000642
1065,B,B-000000642
1068,A,A-000000643
1068,B,B-000000643
1070,A,A-000000644
1070,B,B-000000644
1071,A,A-000000645
1071,B,B-000000645
1072,A,A-000000646
1072,B,B-000000646
1073,A,A-000000647
1073,B,B-000000647
1076,A,A-000000648
1076,B,B-000000648
1080,A,A-000000649
1080,B,B-000000649
1081,A,A-000000650
1081,B,B-000000650
1082,A,A-000000651
1082,B,B-000000651
1084,A,A-000000652
1084,B,B-000000652
1085,A,A-000000653
1085,B,B-000000653
1086,A,A-000000654
1086,B,B-000000654
1087,A,A-000000655
1087,B,B-000000655
1088,A,A-000000656
1088,B,B-000000656
1089,A,A-000000657
1089,B,B-000000657
1091,A,A-000000658
1091,B,B-000000658
1092,A,A-000000659
1092,B,B-000000659
1093,A,A-000000660
1093,B,B-000000660
1094,A,A-000000661
1094,B,B-000000661
1099,A,A-000000662
1099,B,B-000000662
1100,A,A-000000663
1100,B,B-000000663
1101,A,A-000000664
1101,B,B-000000664
1103,A,A-000000665
1103,B,B-000000665
1104,A,A-000000666
1104,B,B-000000666
1105,A,A-000000667
1105,B,B-000000667
1107,A,A-000000668
1107,B,B-000000668
1109,A,A-000000669
1109,B,B-000000669
1111,A,A-000000670
1111,B,B-000000670
1113,A,A-000000671
1113,B,B-000000671
1114,A,A-000000672
1114,B,B-000000672
1116,A,A-000000673
1116,B,B-000000673
1117,A,A-000000674
1117,B,B-000000674
1118,A,A-000000675
1118,B,B-000000675
1119,A,A-000000676
1119,B,B-000000676
1120,A,A-000000677
1120,B,B-000000677
1122,A,A-000000678
1122,B,B-000000678
1123,A,A-000000679
1123,B,B-000000679
1125,A,A-000000680
1125,B,B-000000680
1126,A,A-000000681
1126,B,B-000000681
1128,A,A-000000682
1128,B,B-000000682
1132,A,A-000000683
1132,B,B-000000683
1133,A,A-000000684
1133,B,B-000000684
1136,A,A-000000685
1136,B,B-000000685
1137,A,A-000000686
1137,B,B-000000686
1139,A,A-000000687
1139,B,B-000000687
1140,A,A-000000688
1140,B,B-000000688
1142,A,A-000000689
1142,B,B-000000689
1143,A,A-000000690
1143,B,B-000000690
1144,A,A-000000691
1144,B,B-000000691
1145,A,A-000000692
1145,B,B-000000692
1146,A,A-000000693
1146,B,B-000000693
1148,A,A-000000694
1148,B,B-000000694
1149,A,A-000000695
1149,B,B-000000695
1151,A,A-000000696
1151,B,B-000000696
1152,A,A-000000697
1152,B,B-000000697
1153,A,A-000000698
1153,B,B-000000698
1154,A,A-000000699
1154,B,B-000000699
1155,A,A-000000700
1155,B,B-000000700
1158,A,A-000000701
1158,B,B-000000701
1160,A,A-000000702
1160,B,B-000000702
1161,A,A-000000703
1161,B,B-000000703
1164,A,A-000000704
1164,B,B-000000704
1167,A,A-000000705
1167,B,B-000000705
1168,A,A-000000706
1168,B,B-000000706
1169,A,A-000000707
1169,B,B-000000707
1173,A,A-000000708
1173,B,B-000000708
1174,A,A-000000709
1174,B,B-000000709
1175,A,A-000000710
1175,B,B-000000710
1178,A,A-000000711
1178,B,B-000000711
1179,A,A-000000712
1179,B,B-000000712
1180,A,A-000000713
1180,B,B-000000713
1186,A,A-000000714
1186,B,B-000000714
1188,A,A-000000715
1188,B,B-000000715
1191,A,A-000000716
1191,B,B-000000716
1192,A,A-000000717
1192,B,B-000000717
1193,A,A-000000718
1193,B,B-000000718
1195,A,A-000000719
1195,B,B-000000719
1196,A,A-000000720
1196,B,B-000000720
1198,A,A-000000721
1198,B,B-000000721
1199,A,A-000000722
1199,B,B-000000722
1200,A,A-000000723
1200,B,B-000000723
1204,A,A-000000724
1204,B,B-000000724
1205,A,A-000000725
1205,B,B-000000725
1206,A,A-000000726
1206,B,B-000000726
1207,A,A-000000727
1207,B,B-000000727
1208,A,A-000000728
1208,B,B-000000728
1209,A,A-000000729
1209,B,B-000000729
1211,A,A-000000730
1211,B,B-000000730
1212,A,A-000000731
1212,B,B-000000731
1213,A,A-000000732
1213,B,B-000000732
1215,A,A-000000733
1215,B,B-000000733
1216,A,A-000000734
1216,B,B-000000734
1217,A,A-000000735
1217,B,B-000000735
1219,A,A-000000736
1219,B,B-000000736
1224,A,A-000000737
1224,B,B-000000737
1225,A,A-000000738
1225,B,B-000000738
1226,A,A-000000739
1226,B,B-000000739
1229,A,A-000000740
1229,B,B-000000740
1230,A,A-000000741
1230,B,B-000000741
1233,A,A-000000742
1233,B,B-000000742
1234,A,A-000000743
1234,B,B-000000743
1238,A,A-000000744
1238,B,B-000000744
1239,A,A-000000745
1239,B,B-000000745
1242,A,A-000000746
1242,B,B-000000746
1243,A,A-000000747
1243,B,B-000000747
1245,A,A-000000748
1245,B,B-000000748
1246,A,A-000000749
1246,B,B-000000749
1247,A,A-000000750
1247,B,B-000000750
1249,A,A-000000751
1249,B,B-000000751
1250,A,A-000000752
1250,B,B-000000752
1251,A,A-000000753
1251,B,B-000000753
1254,A,A-000000754
1254,B,B-000000754
1255,A,A-000000755
1255,B,B-000000755
1256,A,A-000000756
1256,B,B-000000756
1257,A,A-000000757
1257,B,B-000000757
1259,A,A-000000758
1259,B,B-000000758
1262,A,A-000000759
1262,B,B-000000759
1263,A,A-000000760
1263,B,B-000000760
1266,A,A-000000761
1266,B,B-000000761
1267,A,A-000000762
1267,B,B-000000762
1269,A,A-000000763
1269,B,B-000000763
1271,A,A-000000764
1271,B,B-000000764
1272,A,A-000000765
1272,B,B-000000765
1274,A,A-000000766
1274,B,B-000000766
1278,A,A-000000767
1278,B,B-000000767
1280,A,A-000000768
1280,B,B-000000768
1281,A,A-000000769
1281,B,B-000000769
1282,A,A-000000770
1282,B,B-000000770
1283,A,A-000000771
1283,B,B-000000771
1284,A,A-000000772
1284,B,B-000000772
1286,A,A-000000773
1286,B,B-000000773
1287,A,A-000000774
1287,B,B-000000774
1288,A,A-000000775
1288,B,B-000000775
1290,A,A-000000776
1290,B,B-000000776
1291,A,A-000000777
1291,B,B-000000777
1292,A,A-000000778
1292,B,B-000000778
1293,A,A-000000779
1293,B,B-000000779
1294,A,A-000000780
1294,B,B-000000780
1297,A,A-000000781
1297,B,B-000000781
1298,A,A-000000782
1298,B,B-000000782
1300,A,A-000000783
1300,B,B-000000783
1302,A,A-000000784
1302,B,B-000000784
1303,A,A-000000785
1303,B,B-000000785
1304,A,A-000000786
1304,B,B-000000786
1307,A,A-000000787
1307,B,B-000000787
1308,A,A-000000788
1308,B,B-000000788
1309,A,A-000000789
1309,B,B-000000789
1317,A,A-000000790
1317,B,B-000000790
1318,A,A-000000791
1318,B,B-000000791
1320,A,A-000000792
1320,B,B-000000792
1323,A,A-000000793
1323,B,B-000000793
1324,A,A-000000794
1324,B,B-000000794
1326,A,A-000000795
1326,B,B-000000795
1327,A,A-000000796
1327,B,B-000000796
1329,A,A-000000797
1329,B,B-000000797
1331,A,A-000000798
1331,B,B-000000798
1333,A,A-000000799
1333,B,B-000000799
1336,A,A-000000800
1336,B,B-000000800
1337,A,A-000000801
1337,B,B-000000801
1338,A,A-000000802
1338,B,B-000000802
1339,A,A-000000803
1339,B,B-000000803
1342,A,A-000000804
1342,B,B-000000804
1344,A,A-000000805
1344,B,B-000000805
1345,A,A-000000806
1345,B,B-000000806
1346,A,A-000000807
1346,B,B-000000807
1348,A,A-000000808
1348,B,B-000000808
1349,A,A-000000809
1349,B,B-000000809
1352,A,A-000000810
1352,B,B-000000810
1353,A,A-000000811
1353,B,B-000000811
1356,A,A-000000812
1356,B,B-000000812
1357,A,A-000000813
1357,B,B-000000813
1358,A,A-000000814
1358,B,B-000000814
1359,A,A-000000815
1359,B,B-000000815
1360,A,A-000000816
1360,B,B-000000816
1362,A,A-000000817
1362,B,B-000000817
1363,A,A-000000818
1363,B,B-000000818
1365,A,A-000000819
1365,B,B-000000819
1370,A,A-000000820
1370,B,B-000000820
1371,A,A-000000821
1371,B,B-000000821
1373,A,A-000000822
1373,B,B-000000822
1374,A,A-000000823
1374,B,B-000000823
1375,A,A-000000824
1375,B,B-000000824
1377,A,A-000000825
1377,B,B-000000825
1379,A,A-000000826
1379,B,B-000000826
1380,A,A-000000827
1380,B,B-000000827
1381,A,A-000000828
1381,B,B-000000828
1382,A,A-000000829
1382,B,B-000000829
1383,A,A-000000830
1383,B,B-000000830
1384,A,A-000000831
1384,B,B-000000831
1385,A,A-000000832
1385,B,B-000000832
1388,A,A-000000833
1388,B,B-000000833
1389,A,A-000000834
1389,B,B-000000834
1390,A,A-000000835
1390,B,B-000000835
1391,A,A-000000836
1391,B,B-000000836
1393,A,A-000000837
1393,B,B-000000837
1394,A,A-000000838
1394,B,B-000000838
1398,A,A-000000839
1398,B,B-000000839
1401,A,A-000000840
1401,B,B-000000840
1403,A,A-000000841
1403,B,B-000000841
1405,A,A-000000842
1405,B,B-000000842
1409,A,A-000000843
1409,B,B-000000843
1413,A,A-000000844
1413,B,B-000000844
1414,A,A-000000845
1414,B,B-000000845
1415,A,A-000000846
1415,B,B-000000846
1416,A,A-000000847
1416,B,B-000000847
1418,A,A-000000848
1418,B,B-000000848
1420,A,A-000000849
1420,B,B-000000849
1423,A,A-000000850
1423,B,B-000000850
1430,A,A-000000851
1430,B,B-000000851
1432,A,A-000000852
1432,B,B-000000852
1434,A,A-000000853
1434,B,B-000000853
1435,A,A-000000854
1435,B,B-000000854
1436,A,A-000000855
1436,B,B-000000855
1437,A,A-000000856
1437,B,B-000000856
1442,A,A-000000857
1442,B,B-000000857
1444,A,A-000000858
1444,B,B-000000858
1445,A,A-000000859
1445,B,B-000000859
1446,A,A-000000860
1446,B,B-000000860
1450,A,A-000000861
1450,B,B-000000861
1452,A,A-000000862
1452,B,B-000000862
1455,A,A-000000863
1455,B,B-000000863
1456,A,A-000000864
1456,B,B-000000864
1458,A,A-000000865
1458,B,B-000000865
1460,A,A-000000866
1460,B,B-000000866
1462,A,A-000000867
1462,B,B-000000867
1464,A,A-000000868
1464,B,B-000000868
1465,A,A-000000869
1465,B,B-000000869
1468,A,A-000000870
1468,B,B-000000870
1470,A,A-000000871
1470,B,B-000000871
1471,A,A-000000872
1471,B,B-000000872
1473,A,A-000000873
1473,B,B-000000873
1474,A,A-000000874
1474,B,B-000000874
1480,A,A-000000875
1480,B,B-000000875
1482,A,A-000000876
1482,B,B-000000876
1483,A,A-000000877
1483,B,B-000000877
1484,A,A-000000878
1484,B,B-000000878
1485,A,A-000000879
1485,B,B-000000879
1488,A,A-000000880
1488,B,B-000000880
1489,A,A-000000881
1489,B,B-000000881
1491,A,A-000000882
1491,B,B-000000882
1492,A,A-000000883
1492,B,B-000000883
1493,A,A-000000884
1493,B,B-000000884
1495,A,A-000000885
1495,B,B-000000885
1497,A,A-000000886
1497,B,B-000000886
1498,A,A-000000887
1498,B,B-000000887
1500,A,A-000000888
1500,B,B-000000888
1503,A,A-000000889
1503,B,B-000000889
1505,A,A-000000890
1505,B,B-000000890
1508,A,A-000000891
1508,B,B-000000891
1509,A,A-000000892
1509,B,B-000000892
1511,A,A-000000893
1511,B,B-000000893
1512,A,A-000000894
1512,B,B-000000894
1513,A,A-000000895
1513,B,B-000000895
1516,A,A-000000896
1516,B,B-000000896
1519,A,A-000000897
1519,B,B-000000897
1520,A,A-000000898
1520,B,B-000000898
1521,A,A-000000899
1521,B,B-000000899
1524,A,A-000000900
1524,B,B-000000900
1525,A,A-000000901
1525,B,B-000000901
1529,A,A-000000902
1529,B,B-000000902
1530,A,A-000000903
1530,B,B-000000903
1531,A,A-000000904
1531,B,B-000000904
1532,A,A-000000905
1532,B,B-000000905
1535,A,A-000000906
1535,B,B-000000906
1537,A,A-000000907
1537,B,B-000000907
1538,A,A-000000908
1538,B,B-000000908
1540,A,A-000000909
1540,B,B-000000909
1541,A,A-000000910
1541,B,B-000000910
1542,A,A-000000911
1542,B,B-000000911
1543,A,A-000000912
1543,B,B-000000912
1547,A,A-000000913
1547,B,B-000000913
1550,A,A-000000914
1550,B,B-000000914
1552,A,A-000000915
1552,B,B-000000915
1553,A,A-000000916
1553,B,B-000000916
1554,A,A-000000917
1554,B,B-000000917
1556,A,A-000000918
1556,B,B-000000918
1557,A,A-000000919
1557,B,B-000000919
1562,A,A-000000920
1562,B,B-000000920
1563,A,A-000000921
1563,B,B-000000921
1564,A,A-000000922
1564,B,B-000000922
1565,A,A-000000923
1565,B,B-000000923
1566,A,A-000000924
1566,B,B-000000924
1567,A,A-000000925
1567,B,B-000000925
1572,A,A-000000926
1572,B,B-000000926
1574,A,A-000000927
1574,B,B-000000927
1575,A,A-000000928
1575,B,B-000000928
1576,A,A-000000929
1576,B,B-000000929
1578,A,A-000000930
1578,B,B-000000930
1580,A,A-000000931
1580,B,B-000000931
1582,A,A-000000932
1582,B,B-000000932
1584,A,A-000000933
1584,B,B-000000933
1588,A,A-000000934
1588,B,B-000000934
1589,A,A-000000935
1589,B,B-000000935
1590,A,A-000000936
1590,B,B-000000936
1594,A,A-000000937
1594,B,B-000000937
1595,A,A-000000938
1595,B,B-000000938
1598,A,A-000000939
1598,B,B-000000939
1600,A,A-000000940
1600,B,B-000000940
1603,A,A-000000941
1603,B,B-000000941
1605,A,A-000000942
1605,B,B-000000942
1607,A,A-000000943
1607,B,B-000000943
1608,A,A-000000944
1608,B,B-000000944
1610,A,A-000000945
1610,B,B-000000945
1611,A,A-000000946
1611,B,B-000000946
1613,A,A-000000947
1613,B,B-000000947
1614,A,A-000000948
1614,B,B-000000948
1618,A,A-000000949
1618,B,B-000000949
1620,A,A-000000950
1620,B,B-000000950
1625,A,A-000000951
1625,B,B-000000951
1626,A,A-000000952
1626,B,B-000000952
1628,A,A-000000953
1628,B,B-000000953
1631,A,A-000000954
1631,B,B-000000954
1633,A,A-000000955
1633,B,B-000000955
1635,A,A-000000956
1635,B,B-000000956
1638,A,A-000000957
1638,B,B-000000957
1639,A,A-000000958
1639,B,B-000000958
1640,A,A-000000959
1640,B,B-000000959
1643,A,A-000000960
1643,B,B-000000960
1644,A,A-000000961
1644,B,B-000000961
1645,A,A-000000962
1645,B,B-000000962
1646,A,A-000000963
1646,B,B-000000963
1647,A,A-000000964
1647,B,B-000000964
1649,A,A-000000965
1649,B,B-000000965
1650,A,A-000000966
1650,B,B-000000966
1651,A,A-000000967
1651,B,B-000000967
1654,A,A-000000968
1654,B,B-000000968
1656,A,A-000000969
1656,B,B-000000969
1657,A,A-000000970
1657,B,B-000000970
1658,A,A-000000971
1658,B,B-000000971
1660,A,A-000000972
1660,B,B-000000972
1664,A,A-000000973
1664,B,B-000000973
1666,A,A-000000974
1666,B,B-000000974
1667,A,A-000000975
1667,B,B-000000975
1669,A,A-000000976
1669,B,B-000000976
1670,A,A-000000977
1670,B,B-000000977
1672,A,A-000000978
1672,B,B-000000978
1673,A,A-000000979
1673,B,B-000000979
1676,A,A-000000980
1676,B,B-000000980
1677,A,A-000000981
1677,B,B-000000981
1678,A,A-000000982
1678,B,B-000000982
1681,A,A-000000983
1681,B,B-000000983
1682,A,A-000000984
1682,B,B-000000984
1687,A,A-000000985
1687,B,B-000000985
1689,A,A-000000986
1689,B,B-000000986
1690,A,A-000000987
1690,B,B-000000987
1691,A,A-000000988
1691,B,B-000000988
1693,A,A-000000989
1693,B,B-000000989
1696,A,A-000000990
1696,B,B-000000990
1697,A,A-000000991
1697,B,B-000000991
1698,A,A-000000992
1698,B,B-000000992
1699,A,A-000000993
1699,B,B-000000993
1700,A,A-000000994
1700,B,B-000000994
1701,A,A-000000995
1701,B,B-000000995
1702,A,A-000000996
1702,B,B-000000996
1704,A,A-000000997
1704,B,B-000000997
1709,A,A-000000998
1709,B,B-000000998
1711,A,A-000000999
1711,B,B-000000999
1715,A,A-000001000
1715,B,B-000001000
1716,A,A-000001001
1716,B,B-000001001
1722,A,A-000001002
1722,B,B-000001002
1726,A,A-000001003
1726,B,B-000001003
1728,A,A-000001004
1728,B,B-000001004
1730,A,A-000001005
1730,B,B-000001005
1731,A,A-000001006
1731,B,B-000001006
1732,A,A-000001007
1732,B,B-000001007
1733,A,A-000001008
1733,B,B-000001008
1734,A,A-000001009
1734,B,B-000001009
1736,A,A-000001010
1736,B,B-000001010
1737,A,A-000001011
1737,B,B-000001011
1738,A,A-000001012
1738,B,B-000001012
1743,A,A-000001013
1743,B,B-000001013
1745,A,A-000001014
1745,B,B-000001014
1747,A,A-000001015
1747,B,B-000001015
1748,A,A-000001016
1748,B,B-000001016
1750,A,A-000001017
1750,B,B-000001017
1754,A,A-000001018
1754,B,B-000001018
1755,A,A-000001019
1755,B,B-000001019
1756,A,A-000001020
1756,B,B-000001020
1761,A,A-000001021
1761,B,B-000001021
1762,A,A-000001022
1762,B,B-000001022
1764,A,A-000001023
1764,B,B-000001023
1765,A,A-000001024
1765,B,B-000001024
1767,A,A-000001025
1767,B,B-000001025
1768,A,A-000001026
1768,B,B-000001026
1769,A,A-000001027
1769,B,B-000001027
1770,A,A-000001028
1770,B,B-000001028
1772,A,A-000001029
1772,B,B-000001029
1775,A,A-000001030
1775,B,B-000001030
1776,A,A-000001031
1776,B,B-000001031
1779,A,A-000001032
1779,B,B-000001032
1781,A,A-000001033
1781,B,B-000001033
1784,A,A-000001034
1784,B,B-000001034
1785,A,A-000001035
1785,B,B-000001035
1786,A,A-000001036
1786,B,B-000001036
1787,A,A-000001037
1787,B,B-000001037
1789,A,A-000001038
1789,B,B-000001038
1790,A,A-000001039
1790,B,B-000001039
1795,A,A-000001040
1795,B,B-000001040
1797,A,A-000001041
1797,B,B-000001041
1798,A,A-000001042
1798,B,B-000001042
1799,A,A-000001043
1799,B,B-000001043
1800,A,A-000001044
1800,B,B-000001044
1801,A,A-000001045
1801,B,B-000001045
1802,A,A-000001046
1802,B,B-000001046
1803,A,A-000001047
1803,B,B-000001047
1805,A,A-000001048
1805,B,B-000001048
1806,A,A-000001049
1806,B,B-000001049
1807,A,A-000001050
1807,B,B-000001050
1808,A,A-000001051
1808,B,B-000001051
1809,A,A-000001052
1809,B,B-000001052
1810,A,A-000001053
1810,B,B-000001053
1811,A,A-000001054
1811,B,B-000001054
1814,A,A-000001055
1814,B,B-000001055
1815,A,A-000001056
1815,B,B-000001056
1817,A,A-000001057
1817,B,B-000001057
1818,A,A-000001058
1818,B,B-000001058
1819,A,A-000001059
1819,B,B-000001059
1822,A,A-000001060
1822,B,B-000001060
1823,A,A-000001061
1823,B,B-000001061
1824,A,A-000001062
1824,B,B-000001062
1828,A,A-000001063
1828,B,B-000001063
1829,A,A-000001064
1829,B,B-000001064
1830,A,A-000001065
1830,B,B-000001065
1831,A,A-000001066
1831,B,B-000001066
1832,A,A-000001067
1832,B,B-000001067
1833,A,A-000001068
1833,B,B-000001068
1835,A,A-000001069
1835,B,B-000001069
1837,A,A-000001070
1837,B,B-000001070
1838,A,A-000001071
1838,B,B-000001071
1839,A,A-000001072
1839,B,B-000001072
1842,A,A-000001073
1842,B,B-000001073
1843,A,A-000001074
1843,B,B-000001074
1844,A,A-000001075
1844,B,B-000001075
1846,A,A-000001076
1846,B,B-000001076
1848,A,A-000001077
1848,B,B-000001077
1850,A,A-000001078
1850,B,B-000001078
1855,A,A-000001079
1855,B,B-000001079
1857,A,A-000001080
1857,B,B-000001080
1858,A,A-000001081
1858,B,B-000001081
1859,A,A-000001082
1859,B,B-000001082
1861,A,A-000001083
1861,B,B-000001083
1862,A,A-000001084
1862,B,B-000001084
1864,A,A-000001085
1864,B,B-000001085
1866,A,A-000001086
1866,B,B-000001086
1867,A,A-000001087
1867,B,B-000001087
1870,A,A-000001088
1870,B,B-000001088
1872,A,A-000001089
1872,B,B-000001089
1874,A,A-000001090
1874,B,B-000001090
1875,A,A-000001091
1875,B,B-000001091
1876,A,A-000001092
1876,B,B-000001092
1877,A,A-000001093
1877,B,B-000001093
1878,A,A-000001094
1878,B,B-000001094
1880,A,A-000001095
1880,B,B-000001095
1882,A,A-000001096
1882,B,B-000001096
1883,A,A-000001097
1883,B,B-000001097
1886,A,A-000001098
1886,B,B-000001098
1887,A,A-000001099
1887,B,B-000001099
1888,A,A-000001100
1888,B,B-000001100
1889,A,A-000001101
1889,B,B-000001101
1891,A,A-000001102
1891,B,B-000001102
1893,A,A-000001103
1893,B,B-000001103
1894,A,A-000001104
1894,B,B-000001104
1896,A,A-000001105
1896,B,B-000001105
1897,A,A-000001106
1897,B,B-000001106
1898,A,A-000001107
1898,B,B-000001107
1901,A,A-000001108
1901,B,B-000001108
1902,A,A-000001109
1902,B,B-000001109
1903,A,A-000001110
1903,B,B-000001110
1905,A,A-000001111
1905,B,B-000001111
1909,A,A-000001112
1909,B,B-000001112
1910,A,A-000001113
1910,B,B-000001113
1911,A,A-000001114
1911,B,B-000001114
1912,A,A-000001115
1912,B,B-000001115
1915,A,A-000001116
1915,B,B-000001116
1916,A,A-000001117
1916,B,B-000001117
1917,A,A-000001118
1917,B,B-000001118
1918,A,A-000001119
1918,B,B-000001119
1919,A,A-000001120
1919,B,B-000001120
1920,A,A-000001121
1920,B,B-000001121
1922,A,A-000001122
1922,B,B-000001122
1924,A,A-000001123
1924,B,B-000001123
1926,A,A-000001124
1926,B,B-000001124
1930,A,A-000001125
1930,B,B-000001125
1931,A,A-000001126
1931,B,B-000001126
1933,A,A-000001127
1933,B,B-000001127
1936,A,A-000001128
1936,B,B-000001128
1937,A,A-000001129
1937,B,B-000001129
1941,A,A-000001130
1941,B,B-000001130
1942,A,A-000001131
1942,B,B-000001131
1943,A,A-000001132
1943,B,B-000001132
1945,A,A-000001133
1945,B,B-000001133
1946,A,A-000001134
1946,B,B-000001134
1947,A,A-000001135
1947,B,B-000001135
1950,A,A-000001136
1950,B,B-000001136
1951,A,A-000001137
1951,B,B-000001137
1952,A,A-000001138
1952,B,B-000001138
1954,A,A-000001139
1954,B,B-000001139
1955,A,A-000001140
1955,B,B-000001140
1956,A,A-000001141
1956,B,B-000001141
1957,A,A-000001142
1957,B,B-000001142
1958,A,A-000001143
1958,B,B-000001143
1959,A,A-000001144
1959,B,B-000001144
1960,A,A-000001145
1960,B,B-000001145
1962,A,A-000001146
1962,B,B-000001146
1963,A,A-000001147
1963,B,B-000001147
1964,A,A-000001148
1964,B,B-000001148
1965,A,A-000001149
1965,B,B-000001149
1966,A,A-000001150
1966,B,B-000001150
1967,A,A-000001151
1967,B,B-000001151
1968,A,A-000001152
1968,B,B-000001152
1969,A,A-000001153
1969,B,B-000001153
1971,A,A-000001154
1971,B,B-000001154
1972,A,A-000001155
1972,B,B-000001155
1973,A,A-000001156
1973,B,B-000001156
1974,A,A-000001157
1974,B,B-000001157
1975,A,A-000001158
1975,B,B-000001158
1976,A,A-000001159
1976,B,B-000001159
1978,A,A-000001160
1978,B,B-000001160
1979,A,A-000001161
1979,B,B-000001161
1983,A,A-000001162
1983,B,B-000001162
1985,A,A-000001163
1985,B,B-000001163
1986,A,A-000001164
1986,B,B-000001164
1989,A,A-000001165
1989,B,B-000001165
1990,A,A-000001166
1990,B,B-000001166
1993,A,A-000001167
1993,B,B-000001167
1994,A,A-000001168
1994,B,B-000001168
1996,A,A-000001169
1996,B,B-000001169
1997,A,A-000001170
1997,B,B-000001170
1998,A,A-000001171
1998,B,B-000001171
2000,A,A-000001172
2000,B,B-000001172
2001,A,A-000001173
2001,B,B-000001173
2002,A,A-000001174
2002,B,B-000001174
2003,A,A-000001175
2003,B,B-000001175
2004,A,A-000001176
2004,B,B-000001176
2005,A,A-000001177
2005,B,B-000001177
2006,A,A-000001178
2006,B,B-000001178
2007,A,A-000001179
2007,B,B-000001179
2008,A,A-000001180
2008,B,B-000001180
2011,A,A-000001181
2011,B,B-000001181
2012,A,A-000001182
2012,B,B-000001182
2013,A,A-000001183
2013,B,B-000001183
2015,A,A-000001184
2015,B,B-000001184
2017,A,A-000001185
2017,B,B-000001185
2018,A,A-000001186
2018,B,B-000001186
2020,A,A-000001187
2020,B,B-000001187
2022,A,A-000001188
2022,B,B-000001188
2024,A,A-000001189
2024,B,B-000001189
2027,A,A-000001190
2027,B,B-000001190
2030,A,A-000001191
2030,B,B-000001191
2031,A,A-000001192
2031,B,B-000001192
2032,A,A-000001193
2032,B,B-000001193
2035,A,A-000001194
2035,B,B-000001194
2038,A,A-000001195
2038,B,B-000001195
2039,A,A-000001196
2039,B,B-000001196
2041,A,A-000001197
2041,B,B-000001197
2042,A,A-000001198
2042,B,B-000001198
2043,A,A-000001199
2043,B,B-000001199
2044,A,A-000001200
2044,B,B-000001200
2045,A,A-000001201
2045,B,B-000001201
2046,A,A-000001202
2046,B,B-000001202
2047,A,A-000001203
2047,B,B-000001203
2048,A,A-000001204
2048,B,B-000001204
2049,A,A-000001205
2049,B,B-000001205
2050,A,A-000001206
2050,B,B-000001206
2051,A,A-000001207
2051,B,B-000001207
2052,A,A-000001208
2052,B,B-000001208
2053,A,A-000001209
2053,B,B-000001209
2054,A,A-000001210
2054,B,B-000001210
2055,A,A-000001211
2055,B,B-000001211
2057,A,A-000001212
2057,B,B-000001212
2059,A,A-000001213
2059,B,B-000001213
2060,A,A-000001214
2060,B,B-000001214
2061,A,A-000001215
2061,B,B-000001215
2062,A,A-000001216
2062,B,B-000001216
2063,A,A-000001217
2063,B,B-000001217
2065,A,A-000001218
2065,B,B-000001218
2066,A,A-000001219
2066,B,B-000001219
2067,A,A-000001220
2067,B,B-000001220
2068,A,A-000001221
2068,B,B-000001221
2070,A,A-000001222
2070,B,B-000001222
2072,A,A-000001223
2072,B,B-000001223
2074,A,A-000001224
2074,B,B-000001224
2075,A,A-000001225
2075,B,B-000001225
2076,A,A-000001226
2076,B,B-000001226
2077,A,A-000001227
2077,B,B-000001227
2078,A,A-000001228
2078,B,B-000001228
2079,A,A-000001229
2079,B,B-000001229
2081,A,A-000001230
2081,B,B-000001230
2084,A,A-000001231
2084,B,B-000001231
2087,A,A-000001232
2087,B,B-000001232
2088,A,A-000001233
2088,B,B-000001233
2089,A,A-000001234
2089,B,B-000001234
2092,A,A-000001235
2092,B,B-000001235
2093,A,A-000001236
2093,B,B-000001236
2094,A,A-000001237
2094,B,B-000001237
2095,A,A-000001238
2095,B,B-000001238
2097,A,A-000001239
2097,B,B-000001239
2098,A,A-000001240
2098,B,B-000001240
2102,A,A-000001241
2102,B,B-000001241
2103,A,A-000001242
2103,B,B-000001242
2104,A,A-000001243
2104,B,B-000001243
2107,A,A-000001244
2107,B,B-000001244
2109,A,A-000001245
2109,B,B-000001245
2110,A,A-000001246
2110,B,B-000001246
2112,A,A-000001247
2112,B,B-000001247
2113,A,A-000001248
2113,B,B-000001248
2115,A,A-000001249
2115,B,B-000001249
2116,A,A-000001250
2116,B,B-000001250
2117,A,A-000001251
2117,B,B-000001251
2118,A,A-000001252
2118,B,B-000001252
2120,A,A-000001253
2120,B,B-000001253
2121,A,A-000001254
2121,B,B-000001254
2122,A,A-000001255
2122,B,B-000001255
2123,A,A-000001256
2123,B,B-000001256
2124,A,A-000001257
2124,B,B-000001257
2126,A,A-000001258
2126,B,B-000001258
2127,A,A-000001259
2127,B,B-000001259
2129,A,A-000001260
2129,B,B-000001260
2133,A,A-000001261
2133,B,B-000001261
2135,A,A-000001262
2135,B,B-000001262
2136,A,A-000001263
2136,B,B-000001263
2139,A,A-000001264
2139,B,B-000001264
2141,A,A-000001265
2141,B,B-000001265
2142,A,A-000001266
2142,B,B-000001266
2146,A,A-000001267
2146,B,B-000001267
2147,A,A-000001268
2147,B,B-000001268
2151,A,A-000001269
2151,B,B-000001269
2152,A,A-000001270
2152,B,B-000001270
2153,A,A-000001271
2153,B,B-000001271
2154,A,A-000001272
2154,B,B-000001272
2155,A,A-000001273
2155,B,B-000001273
2156,A,A-000001274
2156,B,B-000001274
2157,A,A-000001275
2157,B,B-000001275
2158,A,A-000001276
2158,B,B-000001276
2159,A,A-000001277
2159,B,B-000001277
2160,A,A-000001278
2160,B,B-000001278
2161,A,A-000001279
2161,B,B-000001279
2163,A,A-000001280
2163,B,B-000001280
2164,A,A-000001281
2164,B,B-000001281
2165,A,A-000001282
2165,B,B-000001282
2168,A,A-000001283
2168,B,B-000001283
2171,A,A-000001284
2171,B,B-000001284
2172,A,A-000001285
2172,B,B-000001285
2173,A,A-000001286
2173,B,B-000001286
2174,A,A-000001287
2174,B,B-000001287
2175,A,A-000001288
2175,B,B-000001288
2177,A,A-000001289
2177,B,B-000001289
2179,A,A-000001290
2179,B,B-000001290
2181,A,A-000001291
2181,B,B-000001291
2182,A,A-000001292
2182,B,B-000001292
2184,A,A-000001293
2184,B,B-000001293
2188,A,A-000001294
2188,B,B-000001294
2193,A,A-000001295
2193,B,B-000001295
2196,A,A-000001296
2196,B,B-000001296
2198,A,A-000001297
2198,B,B-000001297
2199,A,A-000001298
2199,B,B-000001298
2203,A,A-000001299
2203,B,B-000001299
2204,A,A-000001300
2204,B,B-000001300
2205,A,A-000001301
2205,B,B-000001301
2206,A,A-000001302
2206,B,B-000001302
2207,A,A-000001303
2207,B,B-000001303
2210,A,A-000001304
2210,B,B-000001304
2211,A,A-000001305
2211,B,B-000001305
2212,A,A-000001306
2212,B,B-000001306
2214,A,A-000001307
2214,B,B-000001307
2216,A,A-000001308
2216,B,B-000001308
2217,A,A-000001309
2217,B,B-000001309
2220,A,A-000001310
2220,B,B-000001310
2222,A,A-000001311
2222,B,B-000001311
2224,A,A-000001312
2224,B,B-000001312
2227,A,A-000001313
2227,B,B-000001313
2228,A,A-000001314
2228,B,B-000001314
2231,A,A-000001315
2231,B,B-000001315
2234,A,A-000001316
2234,B,B-000001316
2241,A,A-000001317
2241,B,B-000001317
2242,A,A-000001318
2242,B,B-000001318
2244,A,A-000001319
2244,B,B-000001319
2247,A,A-000001320
2247,B,B-000001320
2250,A,A-000001321
2250,B,B-000001321
2252,A,A-000001322
2252,B,B-000001322
2253,A,A-000001323
2253,B,B-000001323
2254,A,A-000001324
2254,B,B-000001324
2255,A,A-000001325
2255,B,B-000001325
2256,A,A-000001326
2256,B,B-000001326
2258,A,A-000001327
2258,B,B-000001327
2260,A,A-000001328
2260,B,B-000001328
2262,A,A-000001329
2262,B,B-000001329
2263,A,A-000001330
2263,B,B-000001330
2264,A,A-000001331
2264,B,B-000001331
2265,A,A-000001332
2265,B,B-000001332
2266,A,A-000001333
2266,B,B-000001333
2268,A,A-000001334
2268,B,B-000001334
2269,A,A-000001335
2269,B,B-000001335
2270,A,A-000001336
2270,B,B-000001336
2271,A,A-000001337
2271,B,B-000001337
2272,A,A-000001338
2272,B,B-000001338
2273,A,A-000001339
2273,B,B-000001339
2274,A,A-000001340
2274,B,B-000001340
2275,A,A-000001341
2275,B,B-000001341
2277,A,A-000001342
2277,B,B-000001342
2278,A,A-000001343
2278,B,B-000001343
2279,A,A-000001344
2279,B,B-000001344
2284,A,A-000001345
2284,B,B-000001345
2286,A,A-000001346
2286,B,B-000001346
2287,A,A-000001347
2287,B,B-000001347
2288,A,A-000001348
2288,B,B-000001348
2290,A,A-000001349
2290,B,B-000001349
2292,A,A-000001350
2292,B,B-000001350
2293,A,A-000001351
2293,B,B-000001351
2294,A,A-000001352
2294,B,B-000001352
2295,A,A-000001353
2295,B,B-000001353
2296,A,A-000001354
2296,B,B-000001354
2298,A,A-000001355
2298,B,B-000001355
2299,A,A-000001356
2299,B,B-000001356
2301,A,A-000001357
2301,B,B-000001357
2302,A,A-000001358
2302,B,B-000001358
2303,A,A-000001359
2303,B,B-000001359
2304,A,A-000001360
2304,B,B-000001360
2305,A,A-000001361
2305,B,B-000001361
2306,A,A-000001362
2306,B,B-000001362
2307,A,A-000001363
2307,B,B-000001363
2309,A,A-000001364
2309,B,B-000001364
2310,A,A-000001365
2310,B,B-000001365
2312,A,A-000001366
2312,B,B-000001366
2314,A,A-000001367
2314,B,B-000001367
2315,A,A-000001368
2315,B,B-000001368
2318,A,A-000001369
2318,B,B-000001369
2319,A,A-000001370
2319,B,B-000001370
2320,A,A-000001371
2320,B,B-000001371
2322,A,A-000001372
2322,B,B-000001372
2323,A,A-000001373
2323,B,B-000001373
2326,A,A-000001374
2326,B,B-000001374
2327,A,A-000001375
2327,B,B-000001375
2329,A,A-000001376
2329,B,B-000001376
2330,A,A-000001377
2330,B,B-000001377
2332,A,A-000001378
2332,B,B-000001378
2335,A,A-000001379
2335,B,B-000001379
2337,A,A-000001380
2337,B,B-000001380
2338,A,A-000001381
2338,B,B-000001381
2340,A,A-000001382
2340,B,B-000001382
2341,A,A-000001383
2341,B,B-000001383
2342,A,A-000001384
2342,B,B-000001384
2343,A,A-000001385
2343,B,B-000001385
2344,A,A-000001386
2344,B,B-000001386
2345,A,A-000001387
2345,B,B-000001387
2347,A,A-000001388
2347,B,B-000001388
2348,A,A-000001389
2348,B,B-000001389
2350,A,A-000001390
2350,B,B-000001390
2352,A,A-000001391
2352,B,B-000001391
2356,A,A-000001392
2356,B,B-000001392
2357,A,A-000001393
2357,B,B-000001393
2358,A,A-000001394
2358,B,B-000001394
2359,A,A-000001395
2359,B,B-000001395
2361,A,A-000001396
2361,B,B-000001396
2362,A,A-000001397
2362,B,B-000001397
2363,A,A-000001398
2363,B,B-000001398
2367,A,A-000001399
2367,B,B-000001399
2373,A,A-000001400
2373,B,B-000001400
2375,A,A-000001401
2375,B,B-000001401
2381,A,A-000001402
2381,B,B-000001402
2382,A,A-000001403
2382,B,B-000001403
2383,A,A-000001404
2383,B,B-000001404
2385,A,A-000001405
2385,B,B-000001405
2387,A,A-000001406
2387,B,B-000001406
2389,A,A-000001407
2389,B,B-000001407
2390,A,A-000001408
2390,B,B-000001408
2391,A,A-000001409
2391,B,B-000001409
2392,A,A-000001410
2392,B,B-000001410
2393,A,A-000001411
2393,B,B-000001411
2395,A,A-000001412
2395,B,B-000001412
2397,A,A-000001413
2397,B,B-000001413
2399,A,A-000001414
2399,B,B-000001414
2400,A,A-000001415
2400,B,B-000001415
2404,A,A-000001416
2404,B,B-000001416
2405,A,A-000001417
2405,B,B-000001417
2407,A,A-000001418
2407,B,B-000001418
2408,A,A-000001419
2408,B,B-000001419
2409,A,A-000001420
2409,B,B-000001420
2412,A,A-000001421
2412,B,B-000001421
2414,A,A-000001422
2414,B,B-000001422
2415,A,A-000001423
2415,B,B-000001423
2417,A,A-000001424
2417,B,B-000001424
2418,A,A-000001425
2418,B,B-000001425
2419,A,A-000001426
2419,B,B-000001426
2421,A,A-000001427
2421,B,B-000001427
2422,A,A-000001428
2422,B,B-000001428
2423,A,A-000001429
2423,B,B-000001429
2424,A,A-000001430
2424,B,B-000001430
2425,A,A-000001431
2425,B,B-000001431
2426,A,A-000001432
2426,B,B-000001432
2429,A,A-000001433
2429,B,B-000001433
2430,A,A-000001434
2430,B,B-000001434
2435,A,A-000001435
2435,B,B-000001435
2436,A,A-000001436
2436,B,B-000001436
2437,A,A-000001437
2437,B,B-000001437
2438,A,A-000001438
2438,B,B-000001438
2439,A,A-000001439
2439,B,B-000001439
2440,A,A-000001440
2440,B,B-000001440
2442,A,A-000001441
2442,B,B-000001441
2443,A,A-000001442
2443,B,B-000001442
2444,A,A-000001443
2444,B,B-000001443
2446,A,A-000001444
2446,B,B-000001444
2448,A,A-000001445
2448,B,B-000001445
2451,A,A-000001446
2451,B,B-000001446
2452,A,A-000001447
2452,B,B-000001447
2453,A,A-000001448
2453,B,B-000001448
2455,A,A-000001449
2455,B,B-000001449
2459,A,A-000001450
2459,B,B-000001450
2460,A,A-000001451
2460,B,B-000001451
2462,A,A-000001452
2462,B,B-000001452
2463,A,A-000001453
2463,B,B-000001453
2467,A,A-000001454
2467,B,B-000001454
2469,A,A-000001455
2469,B,B-000001455
2470,A,A-000001456
2470,B,B-000001456
2471,A,A-000001457
2471,B,B-000001457
2472,A,A-000001458
2472,B,B-000001458
2474,A,A-000001459
2474,B,B-000001459
2479,A,A-000001460
2479,B,B-000001460
2481,A,A-000001461
2481,B,B-000001461
2483,A,A-000001462
2483,B,B-000001462
2484,A,A-000001463
2484,B,B-000001463
2485,A,A-000001464
2485,B,B-000001464
2487,A,A-000001465
2487,B,B-000001465
2490,A,A-000001466
2490,B,B-000001466
2491,A,A-000001467
2491,B,B-000001467
2492,A,A-000001468
2492,B,B-000001468
2494,A,A-000001469
2494,B,B-000001469
2496,A,A-000001470
2496,B,B-000001470
2498,A,A-000001471
2498,B,B-000001471
2499,A,A-000001472
2499,B,B-000001472
2500,A,A-000001473
2500,B,B-000001473
2502,A,A-000001474
2502,B,B-000001474
2503,A,A-000001475
2503,B,B-000001475
2505,A,A-000001476
2505,B,B-000001476
2506,A,A-000001477
2506,B,B-000001477
2508,A,A-000001478
2508,B,B-000001478
2509,A,A-000001479
2509,B,B-000001479
2510,A,A-000001480
2510,B,B-000001480
2511,A,A-000001481
2511,B,B-000001481
2512,A,A-000001482
2512,B,B-000001482
2513,A,A-000001483
2513,B,B-000001483
2514,A,A-000001484
2514,B,B-000001484
2516,A,A-000001485
2516,B,B-000001485
2518,A,A-000001486
2518,B,B-000001486
2521,A,A-000001487
2521,B,B-000001487
2523,A,A-000001488
2523,B,B-000001488
2524,A,A-000001489
2524,B,B-000001489
2525,A,A-000001490
2525,B,B-000001490
2526,A,A-000001491
2526,B,B-000001491
2527,A,A-000001492
2527,B,B-000001492
2528,A,A-000001493
2528,B,B-000001493
2530,A,A-000001494
2530,B,B-000001494
2531,A,A-000001495
2531,B,B-000001495
2532,A,A-000001496
2532,B,B-000001496
2533,A,A-000001497
2533,B,B-000001497
2536,A,A-000001498
2536,B,B-000001498
2537,A,A-000001499
2537,B,B-000001499
2540,A,A-000001500
2540,B,B-000001500
2541,A,A-000001501
2541,B,B-000001501
2542,A,A-000001502
2542,B,B-000001502
2546,A,A-000001503
2546,B,B-000001503
2547,A,A-000001504
2547,B,B-000001504
2548,A,A-000001505
2548,B,B-000001505
2549,A,A-000001506
2549,B,B-000001506
2550,A,A-000001507
2550,B,B-000001507
2554,A,A-000001508
2554,B,B-000001508
2555,A,A-000001509
2555,B,B-000001509
2556,A,A-000001510
2556,B,B-000001510
2557,A,A-000001511
2557,B,B-000001511
2559,A,A-000001512
2559,B,B-000001512
2560,A,A-000001513
2560,B,B-000001513
2561,A,A-000001514
2561,B,B-000001514
2567,A,A-000001515
2567,B,B-000001515
2568,A,A-000001516
2568,B,B-000001516
2569,A,A-000001517
2569,B,B-000001517
2570,A,A-000001518
2570,B,B-000001518
2571,A,A-000001519
2571,B,B-000001519
2572,A,A-000001520
2572,B,B-000001520
2576,A,A-000001521
2576,B,B-000001521
2577,A,A-000001522
2577,B,B-000001522
2578,A,A-000001523
2578,B,B-000001523
2580,A,A-000001524
2580,B,B-000001524
2583,A,A-000001525
2583,B,B-000001525
2584,A,A-000001526
2584,B,B-000001526
2586,A,A-000001527
2586,B,B-000001527
2588,A,A-000001528
2588,B,B-000001528
2589,A,A-000001529
2589,B,B-000001529
2595,A,A-000001530
2595,B,B-000001530
2596,A,A-000001531
2596,B,B-000001531
2597,A,A-000001532
2597,B,B-000001532
2598,A,A-000001533
2598,B,B-000001533
2600,A,A-000001534
2600,B,B-000001534
2601,A,A-000001535
2601,B,B-000001535
2602,A,A-000001536
2602,B,B-000001536
2603,A,A-000001537
2603,B,B-000001537
2604,A,A-000001538
2604,B,B-000001538
2605,A,A-000001539
2605,B,B-000001539
2610,A,A-000001540
2610,B,B-000001540
2612,A,A-000001541
2612,B,B-000001541
2615,A,A-000001542
2615,B,B-000001542
2616,A,A-000001543
2616,B,B-000001543
2617,A,A-000001544
2617,B,B-000001544
2618,A,A-000001545
2618,B,B-000001545
2621,A,A-000001546
2621,B,B-000001546
2622,A,A-000001547
2622,B,B-000001547
2624,A,A-000001548
2624,B,B-000001548
2625,A,A-000001549
2625,B,B-000001549
2626,A,A-000001550
2626,B,B-000001550
2628,A,A-000001551
2628,B,B-000001551
2629,A,A-000001552
2629,B,B-000001552
2631,A,A-000001553
2631,B,B-000001553
2632,A,A-000001554
2632,B,B-000001554
2633,A,A-000001555
2633,B,B-000001555
2634,A,A-000001556
2634,B,B-000001556
2637,A,A-000001557
2637,B,B-000001557
2640,A,A-000001558
2640,B,B-000001558
2641,A,A-000001559
2641,B,B-000001559
2643,A,A-000001560
2643,B,B-000001560
2645,A,A-000001561
2645,B,B-000001561
2646,A,A-000001562
2646,B,B-000001562
2652,A,A-000001563
2652,B,B-000001563
2653,A,A-000001564
2653,B,B-000001564
2655,A,A-000001565
2655,B,B-000001565
2656,A,A-000001566
2656,B,B-000001566
2658,A,A-000001567
2658,B,B-000001567
2659,A,A-000001568
2659,B,B-000001568
2660,A,A-000001569
2660,B,B-000001569
2661,A,A-000001570
2661,B,B-000001570
2662,A,A-000001571
2662,B,B-000001571
2663,A,A-000001572
2663,B,B-000001572
2664,A,A-000001573
2664,B,B-000001573
2666,A,A-000001574
2666,B,B-000001574
2667,A,A-000001575
2667,B,B-000001575
2668,A,A-000001576
2668,B,B-000001576
2669,A,A-000001577
2669,B,B-000001577
2672,A,A-000001578
2672,B,B-000001578
2677,A,A-000001579
2677,B,B-000001579
2680,A,A-000001580
2680,B,B-000001580
2681,A,A-000001581
2681,B,B-000001581
2683,A,A-000001582
2683,B,B-000001582
2684,A,A-000001583
2684,B,B-000001583
2685,A,A-000001584
2685,B,B-000001584
2687,A,A-000001585
2687,B,B-000001585
2688,A,A-000001586
2688,B,B-000001586
2689,A,A-000001587
2689,B,B-000001587
2691,A,A-000001588
2691,B,B-000001588
2693,A,A-000001589
2693,B,B-000001589
2695,A,A-000001590
2695,B,B-000001590
2697,A,A-000001591
2697,B,B-000001591
2698,A,A-000001592
2698,B,B-000001592
2699,A,A-000001593
2699,B,B-000001593
2701,A,A-000001594
2701,B,B-000001594
2703,A,A-000001595
2703,B,B-000001595
2707,A,A-000001596
2707,B,B-000001596
2709,A,A-000001597
2709,B,B-000001597
2710,A,A-000001598
2710,B,B-000001598
2713,A,A-000001599
2713,B,B-000001599
2717,A,A-000001600
2717,B,B-000001600
2719,A,A-000001601
2719,B,B-000001601
2720,A,A-000001602
2720,B,B-000001602
2722,A,A-000001603
2722,B,B-000001603
2723,A,A-000001604
2723,B,B-000001604
2727,A,A-000001605
2727,B,B-000001605
2728,A,A-000001606
2728,B,B-000001606
2729,A,A-000001607
2729,B,B-000001607
2733,A,A-000001608
2733,B,B-000001608
2736,A,A-000001609
2736,B,B-000001609
2738,A,A-000001610
2738,B,B-000001610
2740,A,A-000001611
2740,B,B-000001611
2741,A,A-000001612
2741,B,B-000001612
2742,A,A-000001613
2742,B,B-000001613
2744,A,A-000001614
2744,B,B-000001614
2745,A,A-000001615
2745,B,B-000001615
2747,A,A-000001616
2747,B,B-000001616
2749,A,A-000001617
2749,B,B-000001617
2751,A,A-000001618
2751,B,B-000001618
2752,A,A-000001619
2752,B,B-000001619
2754,A,A-000001620
2754,B,B-000001620
2756,A,A-000001621
2756,B,B-000001621
2758,A,A-000001622
2758,B,B-000001622
2759,A,A-000001623
2759,B,B-000001623
2761,A,A-000001624
2761,B,B-000001624
2762,A,A-000001625
2762,B,B-000001625
2766,A,A-000001626
2766,B,B-000001626
2768,A,A-000001627
2768,B,B-000001627
2773,A,A-000001628
2773,B,B-000001628
2774,A,A-000001629
2774,B,B-000001629
2777,A,A-000001630
2777,B,B-000001630
2778,A,A-000001631
2778,B,B-000001631
2779,A,A-000001632
2779,B,B-000001632
2780,A,A-000001633
2780,B,B-000001633
2784,A,A-000001634
2784,B,B-000001634
2785,A,A-000001635
2785,B,B-000001635
2786,A,A-000001636
2786,B,B-000001636
2787,A,A-000001637
2787,B,B-000001637
2792,A,A-000001638
2792,B,B-000001638
2797,A,A-000001639
2797,B,B-000001639
2798,A,A-000001640
2798,B,B-000001640
2799,A,A-000001641
2799,B,B-000001641
2804,A,A-000001642
2804,B,B-000001642
2811,A,A-000001643
2811,B,B-000001643
2812,A,A-000001644
2812,B,B-000001644
2813,A,A-000001645
2813,B,B-000001645
2815,A,A-000001646
2815,B,B-000001646
2816,A,A-000001647
2816,B,B-000001647
2818,A,A-000001648
2818,B,B-000001648
2819,A,A-000001649
2819,B,B-000001649
2820,A,A-000001650
2820,B,B-000001650
2822,A,A-000001651
2822,B,B-000001651
2825,A,A-000001652
2825,B,B-000001652
2827,A,A-000001653
2827,B,B-000001653
2828,A,A-000001654
2828,B,B-000001654
2830,A,A-000001655
2830,B,B-000001655
2831,A,A-000001656
2831,B,B-000001656
2832,A,A-000001657
2832,B,B-000001657
2834,A,A-000001658
2834,B,B-000001658
2836,A,A-000001659
2836,B,B-000001659
2838,A,A-000001660
2838,B,B-000001660
2839,A,A-000001661
2839,B,B-000001661
2840,A,A-000001662
2840,B,B-000001662
2841,A,A-000001663
2841,B,B-000001663
2842,A,A-000001664
2842,B,B-000001664
2843,A,A-000001665
2843,B,B-000001665
2844,A,A-000001666
2844,B,B-000001666
2845,A,A-000001667
2845,B,B-000001667
2847,A,A-000001668
2847,B,B-000001668
2848,A,A-000001669
2848,B,B-000001669
2849,A,A-000001670
2849,B,B-000001670
2850,A,A-000001671
2850,B,B-000001671
2851,A,A-000001672
2851,B,B-000001672
2852,A,A-000001673
2852,B,B-000001673
2853,A,A-000001674
2853,B,B-000001674
2854,A,A-000001675
2854,B,B-000001675
2855,A,A-000001676
2855,B,B-000001676
2858,A,A-000001677
2858,B,B-000001677
2862,A,A-000001678
2862,B,B-000001678
2866,A,A-000001679
2866,B,B-000001679
2867,A,A-000001680
2867,B,B-000001680
2869,A,A-000001681
2869,B,B-000001681
2870,A,A-000001682
2870,B,B-000001682
2871,A,A-000001683
2871,B,B-000001683
2872,A,A-000001684
2872,B,B-000001684
2873,A,A-000001685
2873,B,B-000001685
2874,A,A-000001686
2874,B,B-000001686
2875,A,A-000001687
2875,B,B-000001687
2876,A,A-000001688
2876,B,B-000001688
2878,A,A-000001689
2878,B,B-000001689
2879,A,A-000001690
2879,B,B-000001690
2881,A,A-000001691
2881,B,B-000001691
2882,A,A-000001692
2882,B,B-000001692
2884,A,A-000001693
2884,B,B-000001693
2886,A,A-000001694
2886,B,B-000001694
2887,A,A-000001695
2887,B,B-000001695
2889,A,A-000001696
2889,B,B-000001696
2890,A,A-000001697
2890,B,B-000001697
2891,A,A-000001698
2891,B,B-000001698
2893,A,A-000001699
2893,B,B-000001699
2894,A,A-000001700
2894,B,B-000001700
2897,A,A-000001701
2897,B,B-000001701
2898,A,A-000001702
2898,B,B-000001702
2901,A,A-000001703
2901,B,B-000001703
2902,A,A-000001704
2902,B,B-000001704
2904,A,A-000001705
2904,B,B-000001705
2905,A,A-000001706
2905,B,B-000001706
2906,A,A-000001707
2906,B,B-000001707
2907,A,A-000001708
2907,B,B-000001708
2908,A,A-000001709
2908,B,B-000001709
2909,A,A-000001710
2909,B,B-000001710
2911,A,A-000001711
2911,B,B-000001711
2914,A,A-000001712
2914,B,B-000001712
2915,A,A-000001713
2915,B,B-000001713
2916,A,A-000001714
2916,B,B-000001714
2917,A,A-000001715
2917,B,B-000001715
2918,A,A-000001716
2918,B,B-000001716
2920,A,A-000001717
2920,B,B-000001717
2921,A,A-000001718
2921,B,B-000001718
2922,A,A-000001719
2922,B,B-000001719
2924,A,A-000001720
2924,B,B-000001720
2929,A,A-000001721
2929,B,B-000001721
2930,A,A-000001722
2930,B,B-000001722
2931,A,A-000001723
2931,B,B-000001723
2932,A,A-000001724
2932,B,B-000001724
2933,A,A-000001725
2933,B,B-000001725
2936,A,A-000001726
2936,B,B-000001726
2937,A,A-000001727
2937,B,B-000001727
2939,A,A-000001728
2939,B,B-000001728
2940,A,A-000001729
2940,B,B-000001729
2943,A,A-000001730
2943,B,B-000001730
2944,A,A-000001731
2944,B,B-000001731
2946,A,A-000001732
2946,B,B-000001732
2948,A,A-000001733
2948,B,B-000001733
2949,A,A-000001734
2949,B,B-000001734
2950,A,A-000001735
2950,B,B-000001735
2951,A,A-000001736
2951,B,B-000001736
2952,A,A-000001737
2952,B,B-000001737
2953,A,A-000001738
2953,B,B-000001738
2957,A,A-000001739
2957,B,B-000001739
2958,A,A-000001740
2958,B,B-000001740
2959,A,A-000001741
2959,B,B-000001741
2961,A,A-000001742
2961,B,B-000001742
2964,A,A-000001743
2964,B,B-000001743
2966,A,A-000001744
2966,B,B-000001744
2967,A,A-000001745
2967,B,B-000001745
2968,A,A-000001746
2968,B,B-000001746
2971,A,A-000001747
2971,B,B-000001747
2972,A,A-000001748
2972,B,B-000001748
2973,A,A-000001749
2973,B,B-000001749
2975,A,A-000001750
2975,B,B-000001750
2976,A,A-000001751
2976,B,B-000001751
2977,A,A-000001752
2977,B,B-000001752
2978,A,A-000001753
2978,B,B-000001753
2979,A,A-000001754
2979,B,B-000001754
2980,A,A-000001755
2980,B,B-000001755
2981,A,A-000001756
2981,B,B-000001756
2983,A,A-000001757
2983,B,B-000001757
2985,A,A-000001758
2985,B,B-000001758
2986,A,A-000001759
2986,B,B-000001759
2988,A,A-000001760
2988,B,B-000001760
2989,A,A-000001761
2989,B,B-000001761
2990,A,A-000001762
2990,B,B-000001762
2991,A,A-000001763
2991,B,B-000001763
2992,A,A-000001764
2992,B,B-000001764
2993,A,A-000001765
2993,B,B-000001765
2996,A,A-000001766
2996,B,B-000001766
2997,A,A-000001767
2997,B,B-000001767
2999,A,A-000001768
2999,B,B-000001768
3003,A,A-000001769
3003,B,B-000001769
3009,A,A-000001770
3009,B,B-000001770
3015,A,A-000001771
3015,B,B-000001771
3016,A,A-000001772
3016,B,B-000001772
3017,A,A-000001773
3017,B,B-000001773
3018,A,A-000001774
3018,B,B-000001774
3019,A,A-000001775
3019,B,B-000001775
3023,A,A-000001776
3023,B,B-000001776
3025,A,A-000001777
3025,B,B-000001777
3027,A,A-000001778
3027,B,B-000001778
3028,A,A-000001779
3028,B,B-000001779
3029,A,A-000001780
3029,B,B-000001780
3032,A,A-000001781
3032,B,B-000001781
3034,A,A-000001782
3034,B,B-000001782
3035,A,A-000001783
3035,B,B-000001783
3036,A,A-000001784
3036,B,B-000001784
3037,A,A-000001785
3037,B,B-000001785
3038,A,A-000001786
3038,B,B-000001786
3039,A,A-000001787
3039,B,B-000001787
3041,A,A-000001788
3041,B,B-000001788
3042,A,A-000001789
3042,B,B-000001789
3043,A,A-000001790
3043,B,B-000001790
3046,A,A-000001791
3046,B,B-000001791
3048,A,A-000001792
3048,B,B-000001792
3049,A,A-000001793
3049,B,B-000001793
3050,A,A-000001794
3050,B,B-000001794
3051,A,A-000001795
3051,B,B-000001795
3056,A,A-000001796
3056,B,B-000001796
3057,A,A-000001797
3057,B,B-000001797
3060,A,A-000001798
3060,B,B-000001798
3061,A,A-000001799
3061,B,B-000001799
3062,A,A-000001800
3062,B,B-000001800
3063,A,A-000001801
3063,B,B-000001801
3064,A,A-000001802
3064,B,B-000001802
3065,A,A-000001803
3065,B,B-000001803
3067,A,A-000001804
3067,B,B-000001804
3069,A,A-000001805
3069,B,B-000001805
3070,A,A-000001806
3070,B,B-000001806
3071,A,A-000001807
3071,B,B-000001807
3073,A,A-000001808
3073,B,B-000001808
3075,A,A-000001809
3075,B,B-000001809
3078,A,A-000001810
3078,B,B-000001810
3080,A,A-000001811
3080,B,B-000001811
3081,A,A-000001812
3081,B,B-000001812
3082,A,A-000001813
3082,B,B-000001813
3083,A,A-000001814
3083,B,B-000001814
3086,A,A-000001815
3086,B,B-000001815
3087,A,A-000001816
3087,B,B-000001816
3088,A,A-000001817
3088,B,B-000001817
3090,A,A-000001818
3090,B,B-000001818
3091,A,A-000001819
3091,B,B-000001819
3092,A,A-000001820
3092,B,B-000001820
3093,A,A-000001821
3093,B,B-000001821
3094,A,A-000001822
3094,B,B-000001822
3096,A,A-000001823
3096,B,B-000001823
3097,A,A-000001824
3097,B,B-000001824
3098,A,A-000001825
3098,B,B-000001825
3099,A,A-000001826
3099,B,B-000001826
3101,A,A-000001827
3101,B,B-000001827
3103,A,A-000001828
3103,B,B-000001828
3104,A,A-000001829
3104,B,B-000001829
3105,A,A-000001830
3105,B,B-000001830
3108,A,A-000001831
3108,B,B-000001831
3109,A,A-000001832
3109,B,B-000001832
3110,A,A-000001833
3110,B,B-000001833
3111,A,A-000001834
3111,B,B-000001834
3113,A,A-000001835
3113,B,B-000001835
3115,A,A-000001836
3115,B,B-000001836
3116,A,A-000001837
3116,B,B-000001837
3117,A,A-000001838
3117,B,B-000001838
3118,A,A-000001839
3118,B,B-000001839
3121,A,A-000001840
3121,B,B-000001840
3124,A,A-000001841
3124,B,B-000001841
3125,A,A-000001842
3125,B,B-000001842
3127,A,A-000001843
3127,B,B-000001843
3129,A,A-000001844
3129,B,B-000001844
3130,A,A-000001845
3130,B,B-000001845
3133,A,A-000001846
3133,B,B-000001846
3134,A,A-000001847
3134,B,B-000001847
3135,A,A-000001848
3135,B,B-000001848
3137,A,A-000001849
3137,B,B-000001849
3138,A,A-000001850
3138,B,B-000001850
3139,A,A-000001851
3139,B,B-000001851
3140,A,A-000001852
3140,B,B-000001852
3141,A,A-000001853
3141,B,B-000001853
3142,A,A-000001854
3142,B,B-000001854
3145,A,A-000001855
3145,B,B-000001855
3146,A,A-000001856
3146,B,B-000001856
3147,A,A-000001857
3147,B,B-000001857
3149,A,A-000001858
3149,B,B-000001858
3150,A,A-000001859
3150,B,B-000001859
3152,A,A-000001860
3152,B,B-000001860
3156,A,A-000001861
3156,B,B-000001861
3157,A,A-000001862
3157,B,B-000001862
3161,A,A-000001863
3161,B,B-000001863
3165,A,A-000001864
3165,B,B-000001864
3166,A,A-000001865
3166,B,B-000001865
3168,A,A-000001866
3168,B,B-000001866
3170,A,A-000001867
3170,B,B-000001867
3173,A,A-000001868
3173,B,B-000001868
3174,A,A-000001869
3174,B,B-000001869
3175,A,A-000001870
3175,B,B-000001870
3177,A,A-000001871
3177,B,B-000001871
3178,A,A-000001872
3178,B,B-000001872
3179,A,A-000001873
3179,B,B-000001873
3182,A,A-000001874
3182,B,B-000001874
3183,A,A-000001875
3183,B,B-000001875
3184,A,A-000001876
3184,B,B-000001876
3186,A,A-000001877
3186,B,B-000001877
3187,A,A-000001878
3187,B,B-000001878
3188,A,A-000001879
3188,B,B-000001879
3190,A,A-000001880
3190,B,B-000001880
3191,A,A-000001881
3191,B,B-000001881
3192,A,A-000001882
3192,B,B-000001882
3193,A,A-000001883
3193,B,B-000001883
3194,A,A-000001884
3194,B,B-000001884
3195,A,A-000001885
3195,B,B-000001885
3196,A,A-000001886
3196,B,B-000001886
3198,A,A-000001887
3198,B,B-000001887
3199,A,A-000001888
3199,B,B-000001888
3200,A,A-000001889
3200,B,B-000001889
3201,A,A-000001890
3201,B,B-000001890
3206,A,A-000001891
3206,B,B-000001891
3207,A,A-000001892
3207,B,B-000001892
3208,A,A-000001893
3208,B,B-000001893
3209,A,A-000001894
3209,B,B-000001894
3210,A,A-000001895
3210,B,B-000001895
3211,A,A-000001896
3211,B,B-000001896
3214,A,A-000001897
3214,B,B-000001897
3216,A,A-000001898
3216,B,B-000001898
3217,A,A-000001899
3217,B,B-000001899
3218,A,A-000001900
3218,B,B-000001900
3219,A,A-000001901
3219,B,B-000001901
3220,A,A-000001902
3220,B,B-000001902
3222,A,A-000001903
3222,B,B-000001903
3223,A,A-000001904
3223,B,B-000001904
3224,A,A-000001905
3224,B,B-000001905
3226,A,A-000001906
3226,B,B-000001906
3228,A,A-000001907
3228,B,B-000001907
3229,A,A-000001908
3229,B,B-000001908
3230,A,A-000001909
3230,B,B-000001909
3231,A,A-000001910
3231,B,B-000001910
3232,A,A-000001911
3232,B,B-000001911
3233,A,A-000001912
3233,B,B-000001912
3235,A,A-000001913
3235,B,B-000001913
3236,A,A-000001914
3236,B,B-000001914
3239,A,A-000001915
3239,B,B-000001915
3240,A,A-000001916
3240,B,B-000001916
3241,A,A-000001917
3241,B,B-000001917
3242,A,A-000001918
3242,B,B-000001918
3243,A,A-000001919
3243,B,B-000001919
3244,A,A-000001920
3244,B,B-000001920
3245,A,A-000001921
3245,B,B-000001921
3247,A,A-000001922
3247,B,B-000001922
3248,A,A-000001923
3248,B,B-000001923
3249,A,A-000001924
3249,B,B-000001924
3250,A,A-000001925
3250,B,B-000001925
3251,A,A-000001926
3251,B,B-000001926
3253,A,A-000001927
3253,B,B-000001927
3254,A,A-000001928
3254,B,B-000001928
3255,A,A-000001929
3255,B,B-000001929
3256,A,A-000001930
3256,B,B-000001930
3264,A,A-000001931
3264,B,B-000001931
3266,A,A-000001932
3266,B,B-000001932
3269,A,A-000001933
3269,B,B-000001933
3270,A,A-000001934
3270,B,B-000001934
3271,A,A-000001935
3271,B,B-000001935
3272,A,A-000001936
3272,B,B-000001936
3273,A,A-000001937
3273,B,B-000001937
3274,A,A-000001938
3274,B,B-000001938
3276,A,A-000001939
3276,B,B-000001939
3277,A,A-000001940
3277,B,B-000001940
3278,A,A-000001941
3278,B,B-000001941
3280,A,A-000001942
3280,B,B-000001942
3281,A,A-000001943
3281,B,B-000001943
3282,A,A-000001944
3282,B,B-000001944
3283,A,A-000001945
3283,B,B-000001945
3284,A,A-000001946
3284,B,B-000001946
3285,A,A-000001947
3285,B,B-000001947
3287,A,A-000001948
3287,B,B-000001948
3289,A,A-000001949
3289,B,B-000001949
3291,A,A-000001950
3291,B,B-000001950
3292,A,A-000001951
3292,B,B-000001951
3295,A,A-000001952
3295,B,B-000001952
3296,A,A-000001953
3296,B,B-000001953
3297,A,A-000001954
3297,B,B-000001954
3298,A,A-000001955
3298,B,B-000001955
3300,A,A-000001956
3300,B,B-000001956
3301,A,A-000001957
3301,B,B-000001957
3303,A,A-000001958
3303,B,B-000001958
3305,A,A-000001959
3305,B,B-000001959
3306,A,A-000001960
3306,B,B-000001960
3307,A,A-000001961
3307,B,B-000001961
3309,A,A-000001962
3309,B,B-000001962
3311,A,A-000001963
3311,B,B-000001963
3312,A,A-000001964
3312,B,B-000001964
3313,A,A-000001965
3313,B,B-000001965
3314,A,A-000001966
3314,B,B-000001966
3315,A,A-000001967
3315,B,B-000001967
3316,A,A-000001968
3316,B,B-000001968
3317,A,A-000001969
3317,B,B-000001969
3318,A,A-000001970
3318,B,B-000001970
3319,A,A-000001971
3319,B,B-000001971
3320,A,A-000001972
3320,B,B-000001972
3321,A,A-000001973
3321,B,B-000001973
3322,A,A-000001974
3322,B,B-000001974
3324,A,A-000001975
3324,B,B-000001975
3333,A,A-000001976
3333,B,B-000001976
3334,A,A-000001977
3334,B,B-000001977
3335,A,A-000001978
3335,B,B-000001978
3336,A,A-000001979
3336,B,B-000001979
3340,A,A-000001980
3340,B,B-000001980
3341,A,A-000001981
3341,B,B-000001981
3344,A,A-000001982
3344,B,B-000001982
3347,A,A-000001983
3347,B,B-000001983
3348,A,A-000001984
3348,B,B-000001984
3350,A,A-000001985
3350,B,B-000001985
3351,A,A-000001986
3351,B,B-000001986
3352,A,A-000001987
3352,B,B-000001987
3353,A,A-000001988
3353,B,B-000001988
3354,A,A-000001989
3354,B,B-000001989
3355,A,A-000001990
3355,B,B-000001990
3356,A,A-000001991
3356,B,B-000001991
3357,A,A-000001992
3357,B,B-000001992
3359,A,A-000001993
3359,B,B-000001993
3361,A,A-000001994
3361,B,B-000001994
3362,A,A-000001995
3362,B,B-000001995
3363,A,A-000001996
3363,B,B-000001996
3365,A,A-000001997
3365,B,B-000001997
3366,A,A-000001998
3366,B,B-000001998
3367,A,A-000001999
3367,B,B-000001999
3368,A,A-000002000
3368,B,B-000002000
3369,A,A-000002001
3369,B,B-000002001
3370,A,A-000002002
3370,B,B-000002002
3371,A,A-000002003
3371,B,B-000002003
3374,A,A-000002004
3374,B,B-000002004
3376,A,A-000002005
3376,B,B-000002005
3377,A,A-000002006
3377,B,B-000002006
3378,A,A-000002007
3378,B,B-000002007
3379,A,A-000002008
3379,B,B-000002008
3382,A,A-000002009
3382,B,B-000002009
3386,A,A-000002010
3386,B,B-000002010
3387,A,A-000002011
3387,B,B-000002011
3390,A,A-000002012
3390,B,B-000002012
3391,A,A-000002013
3391,B,B-000002013
3392,A,A-000002014
3392,B,B-000002014
3393,A,A-000002015
3393,B,B-000002015
3394,A,A-000002016
3394,B,B-000002016
3395,A,A-000002017
3395,B,B-000002017
3396,A,A-000002018
3396,B,B-000002018
3397,A,A-000002019
3397,B,B-000002019
3398,A,A-000002020
3398,B,B-000002020
3399,A,A-000002021
3399,B,B-000002021
3401,A,A-000002022
3401,B,B-000002022
3402,A,A-000002023
3402,B,B-000002023
3403,A,A-000002024
3403,B,B-000002024
3404,A,A-000002025
3404,B,B-000002025
3405,A,A-000002026
3405,B,B-000002026
3406,A,A-000002027
3406,B,B-000002027
3408,A,A-000002028
3408,B,B-000002028
3409,A,A-000002029
3409,B,B-000002029
3410,A,A-000002030
3410,B,B-000002030
3411,A,A-000002031
3411,B,B-000002031
3412,A,A-000002032
3412,B,B-000002032
3413,A,A-000002033
3413,B,B-000002033
3417,A,A-000002034
3417,B,B-000002034
3420,A,A-000002035
3420,B,B-000002035
3421,A,A-000002036
3421,B,B-000002036
3422,A,A-000002037
3422,B,B-000002037
3424,A,A-000002038
3424,B,B-000002038
3428,A,A-000002039
3428,B,B-000002039
3429,A,A-000002040
3429,B,B-000002040
3430,A,A-000002041
3430,B,B-000002041
3431,A,A-000002042
3431,B,B-000002042
3432,A,A-000002043
3432,B,B-000002043
3433,A,A-000002044
3433,B,B-000002044
3434,A,A-000002045
3434,B,B-000002045
3435,A,A-000002046
3435,B,B-000002046
3438,A,A-000002047
3438,B,B-000002047
3439,A,A-000002048
3439,B,B-000002048
3441,A,A-000002049
3441,B,B-000002049
3444,A,A-000002050
3444,B,B-000002050
3445,A,A-000002051
3445,B,B-000002051
3446,A,A-000002052
3446,B,B-000002052
3447,A,A-000002053
3447,B,B-000002053
3448,A,A-000002054
3448,B,B-000002054
3450,A,A-000002055
3450,B,B-000002055
3451,A,A-000002056
3451,B,B-000002056
3452,A,A-000002057
3452,B,B-000002057
3453,A,A-000002058
3453,B,B-000002058
3454,A,A-000002059
3454,B,B-000002059
3455,A,A-000002060
3455,B,B-000002060
3456,A,A-000002061
3456,B,B-000002061
3458,A,A-000002062
3458,B,B-000002062
3460,A,A-000002063
3460,B,B-000002063
3461,A,A-000002064
3461,B,B-000002064
3464,A,A-000002065
3464,B,B-000002065
3467,A,A-000002066
3467,B,B-000002066
3469,A,A-000002067
3469,B,B-000002067
3470,A,A-000002068
3470,B,B-000002068
3471,A,A-000002069
3471,B,B-000002069
3473,A,A-000002070
3473,B,B-000002070
3474,A,A-000002071
3474,B,B-000002071
3475,A,A-000002072
3475,B,B-000002072
3476,A,A-000002073
3476,B,B-000002073
3477,A,A-000002074
3477,B,B-000002074
3478,A,A-000002075
3478,B,B-000002075
3482,A,A-000002076
3482,B,B-000002076
3483,A,A-000002077
3483,B,B-000002077
3485,A,A-000002078
3485,B,B-000002078
3489,A,A-000002079
3489,B,B-000002079
3490,A,A-000002080
3490,B,B-000002080
3491,A,A-000002081
3491,B,B-000002081
3492,A,A-000002082
3492,B,B-000002082
3493,A,A-000002083
3493,B,B-000002083
3494,A,A-000002084
3494,B,B-000002084
3495,A,A-000002085
3495,B,B-000002085
3496,A,A-000002086
3496,B,B-000002086
3497,A,A-000002087
3497,B,B-000002087
3499,A,A-000002088
3499,B,B-000002088
3500,A,A-000002089
3500,B,B-000002089
3502,A,A-000002090
3502,B,B-000002090
3503,A,A-000002091
3503,B,B-000002091
3504,A,A-000002092
3504,B,B-000002092
3505,A,A-000002093
3505,B,B-000002093
3507,A,A-000002094
3507,B,B-000002094
3508,A,A-000002095
3508,B,B-000002095
3511,A,A-000002096
3511,B,B-000002096
3515,A,A-000002097
3515,B,B-000002097
3519,A,A-000002098
3519,B,B-000002098
3521,A,A-000002099
3521,B,B-000002099
3523,A,A-000002100
3523,B,B-000002100
3524,A,A-000002101
3524,B,B-000002101
3526,A,A-000002102
3526,B,B-000002102
3527,A,A-000002103
3527,B,B-000002103
3528,A,A-000002104
3528,B,B-000002104
3532,A,A-000002105
3532,B,B-000002105
3535,A,A-000002106
3535,B,B-000002106
3537,A,A-000002107
3537,B,B-000002107
3538,A,A-000002108
3538,B,B-000002108
3539,A,A-000002109
3539,B,B-000002109
3540,A,A-000002110
3540,B,B-000002110
3541,A,A-000002111
3541,B,B-000002111
3544,A,A-000002112
3544,B,B-000002112
3546,A,A-000002113
3546,B,B-000002113
3548,A,A-000002114
3548,B,B-000002114
3550,A,A-000002115
3550,B,B-000002115
3551,A,A-000002116
3551,B,B-000002116
3553,A,A-000002117
3553,B,B-000002117
3554,A,A-000002118
3554,B,B-000002118
3555,A,A-000002119
3555,B,B-000002119
3556,A,A-000002120
3556,B,B-000002120
3558,A,A-000002121
3558,B,B-000002121
3559,A,A-000002122
3559,B,B-000002122
3563,A,A-000002123
3563,B,B-000002123
3566,A,A-000002124
3566,B,B-000002124
3568,A,A-000002125
3568,B,B-000002125
3569,A,A-000002126
3569,B,B-000002126
3570,A,A-000002127
3570,B,B-000002127
3575,A,A-000002128
3575,B,B-000002128
3577,A,A-000002129
3577,B,B-000002129
3579,A,A-000002130
3579,B,B-000002130
3580,A,A-000002131
3580,B,B-000002131
3581,A,A-000002132
3581,B,B-000002132
3582,A,A-000002133
3582,B,B-000002133
3583,A,A-000002134
3583,B,B-000002134
3584,A,A-000002135
3584,B,B-000002135
3590,A,A-000002136
3590,B,B-000002136
3591,A,A-000002137
3591,B,B-000002137
3592,A,A-000002138
3592,B,B-000002138
3593,A,A-000002139
3593,B,B-000002139
3594,A,A-000002140
3594,B,B-000002140
3596,A,A-000002141
3596,B,B-000002141
3597,A,A-000002142
3597,B,B-000002142
3599,A,A-000002143
3599,B,B-000002143
3600,A,A-000002144
3600,B,B-000002144
3601,A,A-000002145
3601,B,B-000002145
3603,A,A-000002146
3603,B,B-000002146
3604,A,A-000002147
3604,B,B-000002147
3606,A,A-000002148
3606,B,B-000002148
3607,A,A-000002149
3607,B,B-000002149
3609,A,A-000002150
3609,B,B-000002150
3610,A,A-000002151
3610,B,B-000002151
3612,A,A-000002152
3612,B,B-000002152
3613,A,A-000002153
3613,B,B-000002153
3615,A,A-000002154
3615,B,B-000002154
3616,A,A-000002155
3616,B,B-000002155
3617,A,A-000002156
3617,B,B-000002156
3618,A,A-000002157
3618,B,B-000002157
3620,A,A-000002158
3620,B,B-000002158
3621,A,A-000002159
3621,B,B-000002159
3623,A,A-000002160
3623,B,B-000002160
3624,A,A-000002161
3624,B,B-000002161
3625,A,A-000002162
3625,B,B-000002162
3626,A,A-000002163
3626,B,B-000002163
3627,A,A-000002164
3627,B,B-000002164
3628,A,A-000002165
3628,B,B-000002165
3631,A,A-000002166
3631,B,B-000002166
3632,A,A-000002167
3632,B,B-000002167
3633,A,A-000002168
3633,B,B-000002168
3636,A,A-000002169
3636,B,B-000002169
3638,A,A-000002170
3638,B,B-000002170
3639,A,A-000002171
3639,B,B-000002171
3642,A,A-000002172
3642,B,B-000002172
3643,A,A-000002173
3643,B,B-000002173
3644,A,A-000002174
3644,B,B-000002174
3647,A,A-000002175
3647,B,B-000002175
3648,A,A-000002176
3648,B,B-000002176
3650,A,A-000002177
3650,B,B-000002177
3653,A,A-000002178
3653,B,B-000002178
3654,A,A-000002179
3654,B,B-000002179
3655,A,A-000002180
3655,B,B-000002180
3656,A,A-000002181
3656,B,B-000002181
3658,A,A-000002182
3658,B,B-000002182
3661,A,A-000002183
3661,B,B-000002183
3662,A,A-000002184
3662,B,B-000002184
3664,A,A-000002185
3664,B,B-000002185
3669,A,A-000002186
3669,B,B-000002186
3670,A,A-000002187
3670,B,B-000002187
3672,A,A-000002188
3672,B,B-000002188
3674,A,A-000002189
3674,B,B-000002189
3675,A,A-000002190
3675,B,B-000002190
3677,A,A-000002191
3677,B,B-000002191
3680,A,A-000002192
3680,B,B-000002192
3682,A,A-000002193
3682,B,B-000002193
3687,A,A-000002194
3687,B,B-000002194
3688,A,A-000002195
3688,B,B-000002195
3689,A,A-000002196
3689,B,B-000002196
3692,A,A-000002197
3692,B,B-000002197
3694,A,A-000002198
3694,B,B-000002198
3695,A,A-000002199
3695,B,B-000002199
3696,A,A-000002200
3696,B,B-000002200
3697,A,A-000002201
3697,B,B-000002201
3698,A,A-000002202
3698,B,B-000002202
3700,A,A-000002203
3700,B,B-000002203
3701,A,A-000002204
3701,B,B-000002204
3702,A,A-000002205
3702,B,B-000002205
3703,A,A-000002206
3703,B,B-000002206
3704,A,A-000002207
3704,B,B-000002207
3706,A,A-000002208
3706,B,B-000002208
3707,A,A-000002209
3707,B,B-000002209
3708,A,A-000002210
3708,B,B-000002210
3709,A,A-000002211
3709,B,B-000002211
3711,A,A-000002212
3711,B,B-000002212
3712,A,A-000002213
3712,B,B-000002213
3713,A,A-000002214
3713,B,B-000002214
3714,A,A-000002215
3714,B,B-000002215
3716,A,A-000002216
3716,B,B-000002216
3717,A,A-000002217
3717,B,B-000002217
3723,A,A-000002218
3723,B,B-000002218
3725,A,A-000002219
3725,B,B-000002219
3726,A,A-000002220
3726,B,B-000002220
3727,A,A-000002221
3727,B,B-000002221
3728,A,A-000002222
3728,B,B-000002222
3730,A,A-000002223
3730,B,B-000002223
3731,A,A-000002224
3731,B,B-000002224
3732,A,A-000002225
3732,B,B-000002225
3734,A,A-000002226
3734,B,B-000002226
3736,A,A-000002227
3736,B,B-000002227
3738,A,A-000002228
3738,B,B-000002228
3739,A,A-000002229
3739,B,B-000002229
3742,A,A-000002230
3742,B,B-000002230
3743,A,A-000002231
3743,B,B-000002231
3744,A,A-000002232
3744,B,B-000002232
3745,A,A-000002233
3745,B,B-000002233
3746,A,A-000002234
3746,B,B-000002234
3747,A,A-000002235
3747,B,B-000002235
3748,A,A-000002236
3748,B,B-000002236
3749,A,A-000002237
3749,B,B-000002237
3751,A,A-000002238
3751,B,B-000002238
3752,A,A-000002239
3752,B,B-000002239
3755,A,A-000002240
3755,B,B-000002240
3756,A,A-000002241
3756,B,B-000002241
3757,A,A-000002242
3757,B,B-000002242
3759,A,A-000002243
3759,B,B-000002243
3760,A,A-000002244
3760,B,B-000002244
3761,A,A-000002245
3761,B,B-000002245
3762,A,A-000002246
3762,B,B-000002246
3763,A,A-000002247
3763,B,B-000002247
3764,A,A-000002248
3764,B,B-000002248
3766,A,A-000002249
3766,B,B-000002249
3767,A,A-000002250
3767,B,B-000002250
3770,A,A-000002251
3770,B,B-000002251
3771,A,A-000002252
3771,B,B-000002252
3772,A,A-000002253
3772,B,B-000002253
3773,A,A-000002254
3773,B,B-000002254
3775,A,A-000002255
3775,B,B-000002255
3776,A,A-000002256
3776,B,B-000002256
3778,A,A-000002257
3778,B,B-000002257
3779,A,A-000002258
3779,B,B-000002258
3780,A,A-000002259
3780,B,B-000002259
3781,A,A-000002260
3781,B,B-000002260
3782,A,A-000002261
3782,B,B-000002261
3783,A,A-000002262
3783,B,B-000002262
3784,A,A-000002263
3784,B,B-000002263
3786,A,A-000002264
3786,B,B-000002264
3788,A,A-000002265
3788,B,B-000002265
3789,A,A-000002266
3789,B,B-000002266
3790,A,A-000002267
3790,B,B-000002267
3791,A,A-000002268
3791,B,B-000002268
3792,A,A-000002269
3792,B,B-000002269
3793,A,A-000002270
3793,B,B-000002270
3795,A,A-000002271
3795,B,B-000002271
3796,A,A-000002272
3796,B,B-000002272
3797,A,A-000002273
3797,B,B-000002273
3798,A,A-000002274
3798,B,B-000002274
3799,A,A-000002275
3799,B,B-000002275
3800,A,A-000002276
3800,B,B-000002276
3802,A,A-000002277
3802,B,B-000002277
3803,A,A-000002278
3803,B,B-000002278
3805,A,A-000002279
3805,B,B-000002279
3806,A,A-000002280
3806,B,B-000002280
3808,A,A-000002281
3808,B,B-000002281
3809,A,A-000002282
3809,B,B-000002282
3810,A,A-000002283
3810,B,B-000002283
3811,A,A-000002284
3811,B,B-000002284
3813,A,A-000002285
3813,B,B-000002285
3814,A,A-000002286
3814,B,B-000002286
3815,A,A-000002287
3815,B,B-000002287
3818,A,A-000002288
3818,B,B-000002288
3820,A,A-000002289
3820,B,B-000002289
3821,A,A-000002290
3821,B,B-000002290
3824,A,A-000002291
3824,B,B-000002291
3825,A,A-000002292
3825,B,B-000002292
3826,A,A-000002293
3826,B,B-000002293
3828,A,A-000002294
3828,B,B-000002294
3829,A,A-000002295
3829,B,B-000002295
3831,A,A-000002296
3831,B,B-000002296
3832,A,A-000002297
3832,B,B-000002297
3834,A,A-000002298
3834,B,B-000002298
3836,A,A-000002299
3836,B,B-000002299
3840,A,A-000002300
3840,B,B-000002300
3841,A,A-000002301
3841,B,B-000002301
3844,A,A-000002302
3844,B,B-000002302
3845,A,A-000002303
3845,B,B-000002303
3846,A,A-000002304
3846,B,B-000002304
3847,A,A-000002305
3847,B,B-000002305
3848,A,A-000002306
3848,B,B-000002306
3849,A,A-000002307
3849,B,B-000002307
3850,A,A-000002308
3850,B,B-000002308
3851,A,A-000002309
3851,B,B-000002309
3852,A,A-000002310
3852,B,B-000002310
3853,A,A-000002311
3853,B,B-000002311
3855,A,A-000002312
3855,B,B-000002312
3856,A,A-000002313
3856,B,B-000002313
3857,A,A-000002314
3857,B,B-000002314
3858,A,A-000002315
3858,B,B-000002315
3859,A,A-000002316
3859,B,B-000002316
3861,A,A-000002317
3861,B,B-000002317
3865,A,A-000002318
3865,B,B-000002318
3867,A,A-000002319
3867,B,B-000002319
3869,A,A-000002320
3869,B,B-000002320
3870,A,A-000002321
3870,B,B-000002321
3871,A,A-000002322
3871,B,B-000002322
3873,A,A-000002323
3873,B,B-000002323
3874,A,A-000002324
3874,B,B-000002324
3875,A,A-000002325
3875,B,B-000002325
3876,A,A-000002326
3876,B,B-000002326
3878,A,A-000002327
3878,B,B-000002327
3879,A,A-000002328
3879,B,B-000002328
3881,A,A-000002329
3881,B,B-000002329
3884,A,A-000002330
3884,B,B-000002330
3885,A,A-000002331
3885,B,B-000002331
3888,A,A-000002332
3888,B,B-000002332
3889,A,A-000002333
3889,B,B-000002333
3893,A,A-000002334
3893,B,B-000002334
3895,A,A-000002335
3895,B,B-000002335
3896,A,A-000002336
3896,B,B-000002336
3897,A,A-000002337
3897,B,B-000002337
3898,A,A-000002338
3898,B,B-000002338
3900,A,A-000002339
3900,B,B-000002339
3903,A,A-000002340
3903,B,B-000002340
3904,A,A-000002341
3904,B,B-000002341
3905,A,A-000002342
3905,B,B-000002342
3906,A,A-000002343
3906,B,B-000002343
3907,A,A-000002344
3907,B,B-000002344
3908,A,A-000002345
3908,B,B-000002345
3909,A,A-000002346
3909,B,B-000002346
3911,A,A-000002347
3911,B,B-000002347
3913,A,A-000002348
3913,B,B-000002348
3915,A,A-000002349
3915,B,B-000002349
3916,A,A-000002350
3916,B,B-000002350
3917,A,A-000002351
3917,B,B-000002351
3921,A,A-000002352
3921,B,B-000002352
3924,A,A-000002353
3924,B,B-000002353
3929,A,A-000002354
3929,B,B-000002354
3931,A,A-000002355
3931,B,B-000002355
3932,A,A-000002356
3932,B,B-000002356
3933,A,A-000002357
3933,B,B-000002357
3934,A,A-000002358
3934,B,B-000002358
3935,A,A-000002359
3935,B,B-000002359
3937,A,A-000002360
3937,B,B-000002360
3938,A,A-000002361
3938,B,B-000002361
3939,A,A-000002362
3939,B,B-000002362
3943,A,A-000002363
3943,B,B-000002363
3945,A,A-000002364
3945,B,B-000002364
3946,A,A-000002365
3946,B,B-000002365
3947,A,A-000002366
3947,B,B-000002366
3948,A,A-000002367
3948,B,B-000002367
3953,A,A-000002368
3953,B,B-000002368
3955,A,A-000002369
3955,B,B-000002369
3956,A,A-000002370
3956,B,B-000002370
3957,A,A-000002371
3957,B,B-000002371
3958,A,A-000002372
3958,B,B-000002372
3959,A,A-000002373
3959,B,B-000002373
3960,A,A-000002374
3960,B,B-000002374
3961,A,A-000002375
3961,B,B-000002375
3962,A,A-000002376
3962,B,B-000002376
3963,A,A-000002377
3963,B,B-000002377
3965,A,A-000002378
3965,B,B-000002378
3966,A,A-000002379
3966,B,B-000002379
3968,A,A-000002380
3968,B,B-000002380
3969,A,A-000002381
3969,B,B-000002381
3970,A,A-000002382
3970,B,B-000002382
3972,A,A-000002383
3972,B,B-000002383
3973,A,A-000002384
3973,B,B-000002384
3974,A,A-000002385
3974,B,B-000002385
3975,A,A-000002386
3975,B,B-000002386
3976,A,A-000002387
3976,B,B-000002387
3977,A,A-000002388
3977,B,B-000002388
3978,A,A-000002389
3978,B,B-000002389
3979,A,A-000002390
3979,B,B-000002390
3980,A,A-000002391
3980,B,B-000002391
3981,A,A-000002392
3981,B,B-000002392
3983,A,A-000002393
3983,B,B-000002393
3985,A,A-000002394
3985,B,B-000002394
3986,A,A-000002395
3986,B,B-000002395
3987,A,A-000002396
3987,B,B-000002396
3988,A,A-000002397
3988,B,B-000002397
3989,A,A-000002398
3989,B,B-000002398
3990,A,A-000002399
3990,B,B-000002399
3992,A,A-000002400
3992,B,B-000002400
3993,A,A-000002401
3993,B,B-000002401
3994,A,A-000002402
3994,B,B-000002402
3995,A,A-000002403
3995,B,B-000002403
3996,A,A-000002404
3996,B,B-000002404
3998,A,A-000002405
3998,B,B-000002405
3999,A,A-000002406
3999,B,B-000002406
4000,A,A-000002407
4000,B,B-000002407
4002,A,A-000002408
4002,B,B-000002408
4003,A,A-000002409
4003,B,B-000002409
4004,A,A-000002410
4004,B,B-000002410
4008,A,A-000002411
4008,B,B-000002411
4009,A,A-000002412
4009,B,B-000002412
4011,A,A-000002413
4011,B,B-000002413
4015,A,A-000002414
4015,B,B-000002414
4016,A,A-000002415
4016,B,B-000002415
4017,A,A-000002416
4017,B,B-000002416
4018,A,A-000002417
4018,B,B-000002417
4019,A,A-000002418
4019,B,B-000002418
4020,A,A-000002419
4020,B,B-000002419
4021,A,A-000002420
4021,B,B-000002420
4023,A,A-000002421
4023,B,B-000002421
4026,A,A-000002422
4026,B,B-000002422
4027,A,A-000002423
4027,B,B-000002423
4029,A,A-000002424
4029,B,B-000002424
4030,A,A-000002425
4030,B,B-000002425
4031,A,A-000002426
4031,B,B-000002426
4034,A,A-000002427
4034,B,B-000002427
4035,A,A-000002428
4035,B,B-000002428
4037,A,A-000002429
4037,B,B-000002429
4038,A,A-000002430
4038,B,B-000002430
4039,A,A-000002431
4039,B,B-000002431
4040,A,A-000002432
4040,B,B-000002432
4042,A,A-000002433
4042,B,B-000002433
4043,A,A-000002434
4043,B,B-000002434
4046,A,A-000002435
4046,B,B-000002435
4047,A,A-000002436
4047,B,B-000002436
4049,A,A-000002437
4049,B,B-000002437
4055,A,A-000002438
4055,B,B-000002438
4056,A,A-000002439
4056,B,B-000002439
4058,A,A-000002440
4058,B,B-000002440
4060,A,A-000002441
4060,B,B-000002441
4062,A,A-000002442
4062,B,B-000002442
4064,A,A-000002443
4064,B,B-000002443
4065,A,A-000002444
4065,B,B-000002444
4067,A,A-000002445
4067,B,B-000002445
4068,A,A-000002446
4068,B,B-000002446
4069,A,A-000002447
4069,B,B-000002447
4070,A,A-000002448
4070,B,B-000002448
4071,A,A-000002449
4071,B,B-000002449
4075,A,A-000002450
4075,B,B-000002450
4076,A,A-000002451
4076,B,B-000002451
4077,A,A-000002452
4077,B,B-000002452
4079,A,A-000002453
4079,B,B-000002453
4081,A,A-000002454
4081,B,B-000002454
4082,A,A-000002455
4082,B,B-000002455
4083,A,A-000002456
4083,B,B-000002456
4084,A,A-000002457
4084,B,B-000002457
4085,A,A-000002458
4085,B,B-000002458
4086,A,A-000002459
4086,B,B-000002459
4088,A,A-000002460
4088,B,B-000002460
4089,A,A-000002461
4089,B,B-000002461
4090,A,A-000002462
4090,B,B-000002462
4091,A,A-000002463
4091,B,B-000002463
4095,A,A-000002464
4095,B,B-000002464
4097,A,A-000002465
4097,B,B-000002465
4098,A,A-000002466
4098,B,B-000002466
4100,A,A-000002467
4100,B,B-000002467
4101,A,A-000002468
4101,B,B-000002468
4102,A,A-000002469
4102,B,B-000002469
4103,A,A-000002470
4103,B,B-000002470
4104,A,A-000002471
4104,B,B-000002471
4105,A,A-000002472
4105,B,B-000002472
4107,A,A-000002473
4107,B,B-000002473
4108,A,A-000002474
4108,B,B-000002474
4109,A,A-000002475
4109,B,B-000002475
4111,A,A-000002476
4111,B,B-000002476
4114,A,A-000002477
4114,B,B-000002477
4115,A,A-000002478
4115,B,B-000002478
4116,A,A-000002479
4116,B,B-000002479
4118,A,A-000002480
4118,B,B-000002480
4119,A,A-000002481
4119,B,B-000002481
4120,A,A-000002482
4120,B,B-000002482
4121,A,A-000002483
4121,B,B-000002483
4123,A,A-000002484
4123,B,B-000002484
4124,A,A-000002485
4124,B,B-000002485
4126,A,A-000002486
4126,B,B-000002486
4129,A,A-000002487
4129,B,B-000002487
4130,A,A-000002488
4130,B,B-000002488
4131,A,A-000002489
4131,B,B-000002489
4132,A,A-000002490
4132,B,B-000002490
4136,A,A-000002491
4136,B,B-000002491
4137,A,A-000002492
4137,B,B-000002492
4138,A,A-000002493
4138,B,B-000002493
4139,A,A-000002494
4139,B,B-000002494
4140,A,A-000002495
4140,B,B-000002495
4143,A,A-000002496
4143,B,B-000002496
4145,A,A-000002497
4145,B,B-000002497
4147,A,A-000002498
4147,B,B-000002498
4152,A,A-000002499
4152,B,B-000002499
4153,A,A-000002500
4153,B,B-000002500
4155,A,A-000002501
4155,B,B-000002501
4156,A,A-000002502
4156,B,B-000002502
4157,A,A-000002503
4157,B,B-000002503
4158,A,A-000002504
4158,B,B-000002504
4159,A,A-000002505
4159,B,B-000002505
4160,A,A-000002506
4160,B,B-000002506
4162,A,A-000002507
4162,B,B-000002507
4164,A,A-000002508
4164,B,B-000002508
4165,A,A-000002509
4165,B,B-000002509
4166,A,A-000002510
4166,B,B-000002510
4168,A,A-000002511
4168,B,B-000002511
4169,A,A-000002512
4169,B,B-000002512
4170,A,A-000002513
4170,B,B-000002513
4173,A,A-000002514
4173,B,B-000002514
4174,A,A-000002515
4174,B,B-000002515
4176,A,A-000002516
4176,B,B-000002516
4177,A,A-000002517
4177,B,B-000002517
4178,A,A-000002518
4178,B,B-000002518
4180,A,A-000002519
4180,B,B-000002519
4182,A,A-000002520
4182,B,B-000002520
4183,A,A-000002521
4183,B,B-000002521
4184,A,A-000002522
4184,B,B-000002522
4186,A,A-000002523
4186,B,B-000002523
4187,A,A-000002524
4187,B,B-000002524
4188,A,A-000002525
4188,B,B-000002525
4189,A,A-000002526
4189,B,B-000002526
4191,A,A-000002527
4191,B,B-000002527
4192,A,A-000002528
4192,B,B-000002528
4194,A,A-000002529
4194,B,B-000002529
4196,A,A-000002530
4196,B,B-000002530
4197,A,A-000002531
4197,B,B-000002531
4198,A,A-000002532
4198,B,B-000002532
4202,A,A-000002533
4202,B,B-000002533
4204,A,A-000002534
4204,B,B-000002534
4205,A,A-000002535
4205,B,B-000002535
4209,A,A-000002536
4209,B,B-000002536
4210,A,A-000002537
4210,B,B-000002537
4211,A,A-000002538
4211,B,B-000002538
4212,A,A-000002539
4212,B,B-000002539
4213,A,A-000002540
4213,B,B-000002540
4215,A,A-000002541
4215,B,B-000002541
4216,A,A-000002542
4216,B,B-000002542
4217,A,A-000002543
4217,B,B-000002543
4218,A,A-000002544
4218,B,B-000002544
4219,A,A-000002545
4219,B,B-000002545
4220,A,A-000002546
4220,B,B-000002546
4221,A,A-000002547
4221,B,B-000002547
4222,A,A-000002548
4222,B,B-000002548
4224,A,A-000002549
4224,B,B-000002549
4225,A,A-000002550
4225,B,B-000002550
4228,A,A-000002551
4228,B,B-000002551
4230,A,A-000002552
4230,B,B-000002552
4233,A,A-000002553
4233,B,B-000002553
4234,A,A-000002554
4234,B,B-000002554
4235,A,A-000002555
4235,B,B-000002555
4238,A,A-000002556
4238,B,B-000002556
4239,A,A-000002557
4239,B,B-000002557
4242,A,A-000002558
4242,B,B-000002558
4243,A,A-000002559
4243,B,B-000002559
4244,A,A-000002560
4244,B,B-000002560
4245,A,A-000002561
4245,B,B-000002561
4246,A,A-000002562
4246,B,B-000002562
4248,A,A-000002563
4248,B,B-000002563
4250,A,A-000002564
4250,B,B-000002564
4251,A,A-000002565
4251,B,B-000002565
4252,A,A-000002566
4252,B,B-000002566
4253,A,A-000002567
4253,B,B-000002567
4254,A,A-000002568
4254,B,B-000002568
4255,A,A-000002569
4255,B,B-000002569
4256,A,A-000002570
4256,B,B-000002570
4258,A,A-000002571
4258,B,B-000002571
4261,A,A-000002572
4261,B,B-000002572
4262,A,A-000002573
4262,B,B-000002573
4265,A,A-000002574
4265,B,B-000002574
4266,A,A-000002575
4266,B,B-000002575
4268,A,A-000002576
4268,B,B-000002576
4270,A,A-000002577
4270,B,B-000002577
4271,A,A-000002578
4271,B,B-000002578
4272,A,A-000002579
4272,B,B-000002579
4274,A,A-000002580
4274,B,B-000002580
4275,A,A-000002581
4275,B,B-000002581
4276,A,A-000002582
4276,B,B-000002582
4277,A,A-000002583
4277,B,B-000002583
4278,A,A-000002584
4278,B,B-000002584
4279,A,A-000002585
4279,B,B-000002585
4281,A,A-000002586
4281,B,B-000002586
4282,A,A-000002587
4282,B,B-000002587
4283,A,A-000002588
4283,B,B-000002588
4285,A,A-000002589
4285,B,B-000002589
4286,A,A-000002590
4286,B,B-000002590
4289,A,A-000002591
4289,B,B-000002591
4291,A,A-000002592
4291,B,B-000002592
4294,A,A-000002593
4294,B,B-000002593
4295,A,A-000002594
4295,B,B-000002594
4296,A,A-000002595
4296,B,B-000002595
4300,A,A-000002596
4300,B,B-000002596
4301,A,A-000002597
4301,B,B-000002597
4302,A,A-000002598
4302,B,B-000002598
4303,A,A-000002599
4303,B,B-000002599
4305,A,A-000002600
4305,B,B-000002600
4306,A,A-000002601
4306,B,B-000002601
4307,A,A-000002602
4307,B,B-000002602
4310,A,A-000002603
4310,B,B-000002603
4311,A,A-000002604
4311,B,B-000002604
4313,A,A-000002605
4313,B,B-000002605
4316,A,A-000002606
4316,B,B-000002606
4317,A,A-000002607
4317,B,B-000002607
4318,A,A-000002608
4318,B,B-000002608
4321,A,A-000002609
4321,B,B-000002609
4324,A,A-000002610
4324,B,B-000002610
4325,A,A-000002611
4325,B,B-000002611
4327,A,A-000002612
4327,B,B-000002612
4328,A,A-000002613
4328,B,B-000002613
4331,A,A-000002614
4331,B,B-000002614
4332,A,A-000002615
4332,B,B-000002615
4337,A,A-000002616
4337,B,B-000002616
4339,A,A-000002617
4339,B,B-000002617
4340,A,A-000002618
4340,B,B-000002618
4341,A,A-000002619
4341,B,B-000002619
4344,A,A-000002620
4344,B,B-000002620
4345,A,A-000002621
4345,B,B-000002621
4346,A,A-000002622
4346,B,B-000002622
4347,A,A-000002623
4347,B,B-000002623
4348,A,A-000002624
4348,B,B-000002624
4350,A,A-000002625
4350,B,B-000002625
4351,A,A-000002626
4351,B,B-000002626
4353,A,A-000002627
4353,B,B-000002627
4355,A,A-000002628
4355,B,B-000002628
4357,A,A-000002629
4357,B,B-000002629
4358,A,A-000002630
4358,B,B-000002630
4362,A,A-000002631
4362,B,B-000002631
4363,A,A-000002632
4363,B,B-000002632
4364,A,A-000002633
4364,B,B-000002633
4366,A,A-000002634
4366,B,B-000002634
4367,A,A-000002635
4367,B,B-000002635
4368,A,A-000002636
4368,B,B-000002636
4369,A,A-000002637
4369,B,B-000002637
4370,A,A-000002638
4370,B,B-000002638
4371,A,A-000002639
4371,B,B-000002639
4372,A,A-000002640
4372,B,B-000002640
4375,A,A-000002641
4375,B,B-000002641
4377,A,A-000002642
4377,B,B-000002642
4380,A,A-000002643
4380,B,B-000002643
4382,A,A-000002644
4382,B,B-000002644
4383,A,A-000002645
4383,B,B-000002645
4384,A,A-000002646
4384,B,B-000002646
4386,A,A-000002647
4386,B,B-000002647
4387,A,A-000002648
4387,B,B-000002648
4389,A,A-000002649
4389,B,B-000002649
4390,A,A-000002650
4390,B,B-000002650
4392,A,A-000002651
4392,B,B-000002651
4393,A,A-000002652
4393,B,B-000002652
4396,A,A-000002653
4396,B,B-000002653
4397,A,A-000002654
4397,B,B-000002654
4399,A,A-000002655
4399,B,B-000002655
4400,A,A-000002656
4400,B,B-000002656
4403,A,A-000002657
4403,B,B-000002657
4404,A,A-000002658
4404,B,B-000002658
4406,A,A-000002659
4406,B,B-000002659
4407,A,A-000002660
4407,B,B-000002660
4408,A,A-000002661
4408,B,B-000002661
4409,A,A-000002662
4409,B,B-000002662
4413,A,A-000002663
4413,B,B-000002663
4414,A,A-000002664
4414,B,B-000002664
4415,A,A-000002665
4415,B,B-000002665
4417,A,A-000002666
4417,B,B-000002666
4418,A,A-000002667
4418,B,B-000002667
4419,A,A-000002668
4419,B,B-000002668
4420,A,A-000002669
4420,B,B-000002669
4421,A,A-000002670
4421,B,B-000002670
4423,A,A-000002671
4423,B,B-000002671
4424,A,A-000002672
4424,B,B-000002672
4425,A,A-000002673
4425,B,B-000002673
4427,A,A-000002674
4427,B,B-000002674
4428,A,A-000002675
4428,B,B-000002675
4432,A,A-000002676
4432,B,B-000002676
4433,A,A-000002677
4433,B,B-000002677
4434,A,A-000002678
4434,B,B-000002678
4435,A,A-000002679
4435,B,B-000002679
4436,A,A-000002680
4436,B,B-000002680
4438,A,A-000002681
4438,B,B-000002681
4439,A,A-000002682
4439,B,B-000002682
4441,A,A-000002683
4441,B,B-000002683
4442,A,A-000002684
4442,B,B-000002684
4443,A,A-000002685
4443,B,B-000002685
4445,A,A-000002686
4445,B,B-000002686
4446,A,A-000002687
4446,B,B-000002687
4451,A,A-000002688
4451,B,B-000002688
4452,A,A-000002689
4452,B,B-000002689
4453,A,A-000002690
4453,B,B-000002690
4454,A,A-000002691
4454,B,B-000002691
4456,A,A-000002692
4456,B,B-000002692
4459,A,A-000002693
4459,B,B-000002693
4462,A,A-000002694
4462,B,B-000002694
4463,A,A-000002695
4463,B,B-000002695
4465,A,A-000002696
4465,B,B-000002696
4466,A,A-000002697
4466,B,B-000002697
4467,A,A-000002698
4467,B,B-000002698
4468,A,A-000002699
4468,B,B-000002699
4473,A,A-000002700
4473,B,B-000002700
4474,A,A-000002701
4474,B,B-000002701
4475,A,A-000002702
4475,B,B-000002702
4476,A,A-000002703
4476,B,B-000002703
4477,A,A-000002704
4477,B,B-000002704
4479,A,A-000002705
4479,B,B-000002705
4480,A,A-000002706
4480,B,B-000002706
4483,A,A-000002707
4483,B,B-000002707
4484,A,A-000002708
4484,B,B-000002708
4485,A,A-000002709
4485,B,B-000002709
4487,A,A-000002710
4487,B,B-000002710
4488,A,A-000002711
4488,B,B-000002711
4489,A,A-000002712
4489,B,B-000002712
4491,A,A-000002713
4491,B,B-000002713
4492,A,A-000002714
4492,B,B-000002714
4493,A,A-000002715
4493,B,B-000002715
4495,A,A-000002716
4495,B,B-000002716
4496,A,A-000002717
4496,B,B-000002717
4498,A,A-000002718
4498,B,B-000002718
4499,A,A-000002719
4499,B,B-000002719
4501,A,A-000002720
4501,B,B-000002720
4504,A,A-000002721
4504,B,B-000002721
4508,A,A-000002722
4508,B,B-000002722
4510,A,A-000002723
4510,B,B-000002723
4511,A,A-000002724
4511,B,B-000002724
4512,A,A-000002725
4512,B,B-000002725
4513,A,A-000002726
4513,B,B-000002726
4515,A,A-000002727
4515,B,B-000002727
4516,A,A-000002728
4516,B,B-000002728
4521,A,A-000002729
4521,B,B-000002729
4524,A,A-000002730
4524,B,B-000002730
4527,A,A-000002731
4527,B,B-000002731
4528,A,A-000002732
4528,B,B-000002732
4529,A,A-000002733
4529,B,B-000002733
4530,A,A-000002734
4530,B,B-000002734
4532,A,A-000002735
4532,B,B-000002735
4533,A,A-000002736
4533,B,B-000002736
4534,A,A-000002737
4534,B,B-000002737
4536,A,A-000002738
4536,B,B-000002738
4538,A,A-000002739
4538,B,B-000002739
4539,A,A-000002740
4539,B,B-000002740
4540,A,A-000002741
4540,B,B-000002741
4541,A,A-000002742
4541,B,B-000002742
4544,A,A-000002743
4544,B,B-000002743
4546,A,A-000002744
4546,B,B-000002744
4547,A,A-000002745
4547,B,B-000002745
4548,A,A-000002746
4548,B,B-000002746
4549,A,A-000002747
4549,B,B-000002747
4552,A,A-000002748
4552,B,B-000002748
4553,A,A-000002749
4553,B,B-000002749
4554,A,A-000002750
4554,B,B-000002750
4555,A,A-000002751
4555,B,B-000002751
4556,A,A-000002752
4556,B,B-000002752
4557,A,A-000002753
4557,B,B-000002753
4559,A,A-000002754
4559,B,B-000002754
4561,A,A-000002755
4561,B,B-000002755
4562,A,A-000002756
4562,B,B-000002756
4563,A,A-000002757
4563,B,B-000002757
4567,A,A-000002758
4567,B,B-000002758
4568,A,A-000002759
4568,B,B-000002759
4569,A,A-000002760
4569,B,B-000002760
4571,A,A-000002761
4571,B,B-000002761
4572,A,A-000002762
4572,B,B-000002762
4574,A,A-000002763
4574,B,B-000002763
4576,A,A-000002764
4576,B,B-000002764
4577,A,A-000002765
4577,B,B-000002765
4579,A,A-000002766
4579,B,B-000002766
4580,A,A-000002767
4580,B,B-000002767
4582,A,A-000002768
4582,B,B-000002768
4583,A,A-000002769
4583,B,B-000002769
4585,A,A-000002770
4585,B,B-000002770
4586,A,A-000002771
4586,B,B-000002771
4588,A,A-000002772
4588,B,B-000002772
4589,A,A-000002773
4589,B,B-000002773
4590,A,A-000002774
4590,B,B-000002774
4593,A,A-000002775
4593,B,B-000002775
4595,A,A-000002776
4595,B,B-000002776
4598,A,A-000002777
4598,B,B-000002777
4599,A,A-000002778
4599,B,B-000002778
4600,A,A-000002779
4600,B,B-000002779
4602,A,A-000002780
4602,B,B-000002780
4603,A,A-000002781
4603,B,B-000002781
4604,A,A-000002782
4604,B,B-000002782
4606,A,A-000002783
4606,B,B-000002783
4607,A,A-000002784
4607,B,B-000002784
4610,A,A-000002785
4610,B,B-000002785
4611,A,A-000002786
4611,B,B-000002786
4613,A,A-000002787
4613,B,B-000002787
4614,A,A-000002788
4614,B,B-000002788
4615,A,A-000002789
4615,B,B-000002789
4616,A,A-000002790
4616,B,B-000002790
4620,A,A-000002791
4620,B,B-000002791
4621,A,A-000002792
4621,B,B-000002792
4623,A,A-000002793
4623,B,B-000002793
4624,A,A-000002794
4624,B,B-000002794
4625,A,A-000002795
4625,B,B-000002795
4627,A,A-000002796
4627,B,B-000002796
4628,A,A-000002797
4628,B,B-000002797
4629,A,A-000002798
4629,B,B-000002798
4631,A,A-000002799
4631,B,B-000002799
4632,A,A-000002800
4632,B,B-000002800
4633,A,A-000002801
4633,B,B-000002801
4634,A,A-000002802
4634,B,B-000002802
4636,A,A-000002803
4636,B,B-000002803
4637,A,A-000002804
4637,B,B-000002804
4638,A,A-000002805
4638,B,B-000002805
4640,A,A-000002806
4640,B,B-000002806
4641,A,A-000002807
4641,B,B-000002807
4642,A,A-000002808
4642,B,B-000002808
4643,A,A-000002809
4643,B,B-000002809
4644,A,A-000002810
4644,B,B-000002810
4646,A,A-000002811
4646,B,B-000002811
4647,A,A-000002812
4647,B,B-000002812
4648,A,A-000002813
4648,B,B-000002813
4651,A,A-000002814
4651,B,B-000002814
4652,A,A-000002815
4652,B,B-000002815
4653,A,A-000002816
4653,B,B-000002816
4654,A,A-000002817
4654,B,B-000002817
4655,A,A-000002818
4655,B,B-000002818
4656,A,A-000002819
4656,B,B-000002819
4659,A,A-000002820
4659,B,B-000002820
4661,A,A-000002821
4661,B,B-000002821
4664,A,A-000002822
4664,B,B-000002822
4666,A,A-000002823
4666,B,B-000002823
4667,A,A-000002824
4667,B,B-000002824
4668,A,A-000002825
4668,B,B-000002825
4669,A,A-000002826
4669,B,B-000002826
4670,A,A-000002827
4670,B,B-000002827
4674,A,A-000002828
4674,B,B-000002828
4675,A,A-000002829
4675,B,B-000002829
4676,A,A-000002830
4676,B,B-000002830
4677,A,A-000002831
4677,B,B-000002831
4678,A,A-000002832
4678,B,B-000002832
4681,A,A-000002833
4681,B,B-000002833
4682,A,A-000002834
4682,B,B-000002834
4683,A,A-000002835
4683,B,B-000002835
4684,A,A-000002836
4684,B,B-000002836
4687,A,A-000002837
4687,B,B-000002837
4688,A,A-000002838
4688,B,B-000002838
4689,A,A-000002839
4689,B,B-000002839
4691,A,A-000002840
4691,B,B-000002840
4692,A,A-000002841
4692,B,B-000002841
4693,A,A-000002842
4693,B,B-000002842
4694,A,A-000002843
4694,B,B-000002843
4696,A,A-000002844
4696,B,B-000002844
4699,A,A-000002845
4699,B,B-000002845
4700,A,A-000002846
4700,B,B-000002846
4703,A,A-000002847
4703,B,B-000002847
4705,A,A-000002848
4705,B,B-000002848
4708,A,A-000002849
4708,B,B-000002849
4713,A,A-000002850
4713,B,B-000002850
4714,A,A-000002851
4714,B,B-000002851
4715,A,A-000002852
4715,B,B-000002852
4716,A,A-000002853
4716,B,B-000002853
4718,A,A-000002854
4718,B,B-000002854
4719,A,A-000002855
4719,B,B-000002855
4721,A,A-000002856
4721,B,B-000002856
4723,A,A-000002857
4723,B,B-000002857
4724,A,A-000002858
4724,B,B-000002858
4726,A,A-000002859
4726,B,B-000002859
4728,A,A-000002860
4728,B,B-000002860
4729,A,A-000002861
4729,B,B-000002861
4730,A,A-000002862
4730,B,B-000002862
4732,A,A-000002863
4732,B,B-000002863
4733,A,A-000002864
4733,B,B-000002864
4734,A,A-000002865
4734,B,B-000002865
4735,A,A-000002866
4735,B,B-000002866
4736,A,A-000002867
4736,B,B-000002867
4741,A,A-000002868
4741,B,B-000002868
4742,A,A-000002869
4742,B,B-000002869
4744,A,A-000002870
4744,B,B-000002870
4745,A,A-000002871
4745,B,B-000002871
4748,A,A-000002872
4748,B,B-000002872
4749,A,A-000002873
4749,B,B-000002873
4751,A,A-000002874
4751,B,B-000002874
4752,A,A-000002875
4752,B,B-000002875
4753,A,A-000002876
4753,B,B-000002876
4755,A,A-000002877
4755,B,B-000002877
4757,A,A-000002878
4757,B,B-000002878
4758,A,A-000002879
4758,B,B-000002879
4759,A,A-000002880
4759,B,B-000002880
4760,A,A-000002881
4760,B,B-000002881
4761,A,A-000002882
4761,B,B-000002882
4762,A,A-000002883
4762,B,B-000002883
4763,A,A-000002884
4763,B,B-000002884
4764,A,A-000002885
4764,B,B-000002885
4766,A,A-000002886
4766,B,B-000002886
4768,A,A-000002887
4768,B,B-000002887
4770,A,A-000002888
4770,B,B-000002888
4771,A,A-000002889
4771,B,B-000002889
4772,A,A-000002890
4772,B,B-000002890
4773,A,A-000002891
4773,B,B-000002891
4774,A,A-000002892
4774,B,B-000002892
4777,A,A-000002893
4777,B,B-000002893
4783,A,A-000002894
4783,B,B-000002894
4787,A,A-000002895
4787,B,B-000002895
4790,A,A-000002896
4790,B,B-000002896
4792,A,A-000002897
4792,B,B-000002897
4794,A,A-000002898
4794,B,B-000002898
4796,A,A-000002899
4796,B,B-000002899
4798,A,A-000002900
4798,B,B-000002900
4800,A,A-000002901
4800,B,B-000002901
4801,A,A-000002902
4801,B,B-000002902
4802,A,A-000002903
4802,B,B-000002903
4804,A,A-000002904
4804,B,B-000002904
4807,A,A-000002905
4807,B,B-000002905
4808,A,A-000002906
4808,B,B-000002906
4811,A,A-000002907
4811,B,B-000002907
4812,A,A-000002908
4812,B,B-000002908
4813,A,A-000002909
4813,B,B-000002909
4815,A,A-000002910
4815,B,B-000002910
4816,A,A-000002911
4816,B,B-000002911
4818,A,A-000002912
4818,B,B-000002912
4819,A,A-000002913
4819,B,B-000002913
4820,A,A-000002914
4820,B,B-000002914
4822,A,A-000002915
4822,B,B-000002915
4823,A,A-000002916
4823,B,B-000002916
4824,A,A-000002917
4824,B,B-000002917
4825,A,A-000002918
4825,B,B-000002918
4826,A,A-000002919
4826,B,B-000002919
4827,A,A-000002920
4827,B,B-000002920
4828,A,A-000002921
4828,B,B-000002921
4831,A,A-000002922
4831,B,B-000002922
4833,A,A-000002923
4833,B,B-000002923
4835,A,A-000002924
4835,B,B-000002924
4836,A,A-000002925
4836,B,B-000002925
4838,A,A-000002926
4838,B,B-000002926
4839,A,A-000002927
4839,B,B-000002927
4840,A,A-000002928
4840,B,B-000002928
4841,A,A-000002929
4841,B,B-000002929
4843,A,A-000002930
4843,B,B-000002930
4846,A,A-000002931
4846,B,B-000002931
4848,A,A-000002932
4848,B,B-000002932
4849,A,A-000002933
4849,B,B-000002933
4850,A,A-000002934
4850,B,B-000002934
4852,A,A-000002935
4852,B,B-000002935
4853,A,A-000002936
4853,B,B-000002936
4854,A,A-000002937
4854,B,B-000002937
4856,A,A-000002938
4856,B,B-000002938
4859,A,A-000002939
4859,B,B-000002939
4862,A,A-000002940
4862,B,B-000002940
4866,A,A-000002941
4866,B,B-000002941
4867,A,A-000002942
4867,B,B-000002942
4868,A,A-000002943
4868,B,B-000002943
4869,A,A-000002944
4869,B,B-000002944
4871,A,A-000002945
4871,B,B-000002945
4872,A,A-000002946
4872,B,B-000002946
4873,A,A-000002947
4873,B,B-000002947
4874,A,A-000002948
4874,B,B-000002948
4875,A,A-000002949
4875,B,B-000002949
4876,A,A-000002950
4876,B,B-000002950
4877,A,A-000002951
4877,B,B-000002951
4879,A,A-000002952
4879,B,B-000002952
4880,A,A-000002953
4880,B,B-000002953
4883,A,A-000002954
4883,B,B-000002954
4884,A,A-000002955
4884,B,B-000002955
4887,A,A-000002956
4887,B,B-000002956
4890,A,A-000002957
4890,B,B-000002957
4893,A,A-000002958
4893,B,B-000002958
4894,A,A-000002959
4894,B,B-000002959
4895,A,A-000002960
4895,B,B-000002960
4896,A,A-000002961
4896,B,B-000002961
4897,A,A-000002962
4897,B,B-000002962
4898,A,A-000002963
4898,B,B-000002963
4899,A,A-000002964
4899,B,B-000002964
4904,A,A-000002965
4904,B,B-000002965
4905,A,A-000002966
4905,B,B-000002966
4906,A,A-000002967
4906,B,B-000002967
4907,A,A-000002968
4907,B,B-000002968
4908,A,A-000002969
4908,B,B-000002969
4910,A,A-000002970
4910,B,B-000002970
4912,A,A-000002971
4912,B,B-000002971
4914,A,A-000002972
4914,B,B-000002972
4915,A,A-000002973
4915,B,B-000002973
4917,A,A-000002974
4917,B,B-000002974
4920,A,A-000002975
4920,B,B-000002975
4922,A,A-000002976
4922,B,B-000002976
4925,A,A-000002977
4925,B,B-000002977
4926,A,A-000002978
4926,B,B-000002978
4927,A,A-000002979
4927,B,B-000002979
4929,A,A-000002980
4929,B,B-000002980
4933,A,A-000002981
4933,B,B-000002981
4935,A,A-000002982
4935,B,B-000002982
4936,A,A-000002983
4936,B,B-000002983
4937,A,A-000002984
4937,B,B-000002984
4939,A,A-000002985
4939,B,B-000002985
4940,A,A-000002986
4940,B,B-000002986
4942,A,A-000002987
4942,B,B-000002987
4943,A,A-000002988
4943,B,B-000002988
4944,A,A-000002989
4944,B,B-000002989
4947,A,A-000002990
4947,B,B-000002990
4948,A,A-000002991
4948,B,B-000002991
4950,A,A-000002992
4950,B,B-000002992
4951,A,A-000002993
4951,B,B-000002993
4952,A,A-000002994
4952,B,B-000002994
4953,A,A-000002995
4953,B,B-000002995
4954,A,A-000002996
4954,B,B-000002996
4955,A,A-000002997
4955,B,B-000002997
4956,A,A-000002998
4956,B,B-000002998
4957,A,A-000002999
4957,B,B-000002999
4961,A,A-000003000
4961,B,B-000003000
4962,A,A-000003001
4962,B,B-000003001
4963,A,A-000003002
4963,B,B-000003002
4964,A,A-000003003
4964,B,B-000003003
4968,A,A-000003004
4968,B,B-000003004
4969,A,A-000003005
4969,B,B-000003005
4973,A,A-000003006
4973,B,B-000003006
4977,A,A-000003007
4977,B,B-000003007
4979,A,A-000003008
4979,B,B-000003008
4980,A,A-000003009
4980,B,B-000003009
4983,A,A-000003010
4983,B,B-000003010
4985,A,A-000003011
4985,B,B-000003011
4986,A,A-000003012
4986,B,B-000003012
4988,A,A-000003013
4988,B,B-000003013
4991,A,A-000003014
4991,B,B-000003014
4993,A,A-000003015
4993,B,B-000003015
4995,A,A-000003016
4995,B,B-000003016
4996,A,A-000003017
4996,B,B-000003017
4997,A,A-000003018
4997,B,B-000003018
4999,A,A-000003019
4999,B,B-000003019
5000,A,A-000003020
5000,B,B-000003020
5001,A,A-000003021
5001,B,B-000003021
5004,A,A-000003022
5004,B,B-000003022
5005,A,A-000003023
5005,B,B-000003023
5006,A,A-000003024
5006,B,B-000003024
5007,A,A-000003025
5007,B,B-000003025
5009,A,A-000003026
5009,B,B-000003026
5010,A,A-000003027
5010,B,B-000003027
5012,A,A-000003028
5012,B,B-000003028
5013,A,A-000003029
5013,B,B-000003029
5014,A,A-000003030
5014,B,B-000003030
5015,A,A-000003031
5015,B,B-000003031
5019,A,A-000003032
5019,B,B-000003032
5020,A,A-000003033
5020,B,B-000003033
5021,A,A-000003034
5021,B,B-000003034
5022,A,A-000003035
5022,B,B-000003035
5023,A,A-000003036
5023,B,B-000003036
5024,A,A-000003037
5024,B,B-000003037
5025,A,A-000003038
5025,B,B-000003038
5028,A,A-000003039
5028,B,B-000003039
5029,A,A-000003040
5029,B,B-000003040
5030,A,A-000003041
5030,B,B-000003041
5031,A,A-000003042
5031,B,B-000003042
5034,A,A-000003043
5034,B,B-000003043
5036,A,A-000003044
5036,B,B-000003044
5037,A,A-000003045
5037,B,B-000003045
5041,A,A-000003046
5041,B,B-000003046
5043,A,A-000003047
5043,B,B-000003047
5047,A,A-000003048
5047,B,B-000003048
5049,A,A-000003049
5049,B,B-000003049
5051,A,A-000003050
5051,B,B-000003050
5053,A,A-000003051
5053,B,B-000003051
5054,A,A-000003052
5054,B,B-000003052
5057,A,A-000003053
5057,B,B-000003053
5058,A,A-000003054
5058,B,B-000003054
5060,A,A-000003055
5060,B,B-000003055
5061,A,A-000003056
5061,B,B-000003056
5063,A,A-000003057
5063,B,B-000003057
5064,A,A-000003058
5064,B,B-000003058
5066,A,A-000003059
5066,B,B-000003059
5067,A,A-000003060
5067,B,B-000003060
5068,A,A-000003061
5068,B,B-000003061
5072,A,A-000003062
5072,B,B-000003062
5073,A,A-000003063
5073,B,B-000003063
5074,A,A-000003064
5074,B,B-000003064
5075,A,A-000003065
5075,B,B-000003065
5076,A,A-000003066
5076,B,B-000003066
5078,A,A-000003067
5078,B,B-000003067
5079,A,A-000003068
5079,B,B-000003068
5083,A,A-000003069
5083,B,B-000003069
5084,A,A-000003070
5084,B,B-000003070
5086,A,A-000003071
5086,B,B-000003071
5088,A,A-000003072
5088,B,B-000003072
5089,A,A-000003073
5089,B,B-000003073
5096,A,A-000003074
5096,B,B-000003074
5097,A,A-000003075
5097,B,B-000003075
5098,A,A-000003076
5098,B,B-000003076
5099,A,A-000003077
5099,B,B-000003077
5100,A,A-000003078
5100,B,B-000003078
5101,A,A-000003079
5101,B,B-000003079
5102,A,A-000003080
5102,B,B-000003080
5103,A,A-000003081
5103,B,B-000003081
5107,A,A-000003082
5107,B,B-000003082
5108,A,A-000003083
5108,B,B-000003083
5109,A,A-000003084
5109,B,B-000003084
5110,A,A-000003085
5110,B,B-000003085
5111,A,A-000003086
5111,B,B-000003086
5112,A,A-000003087
5112,B,B-000003087
5113,A,A-000003088
5113,B,B-000003088
5114,A,A-000003089
5114,B,B-000003089
5115,A,A-000003090
5115,B,B-000003090
5116,A,A-000003091
5116,B,B-000003091
5119,A,A-000003092
5119,B,B-000003092
5120,A,A-000003093
5120,B,B-000003093
5122,A,A-000003094
5122,B,B-000003094
5123,A,A-000003095
5123,B,B-000003095
5124,A,A-000003096
5124,B,B-000003096
5125,A,A-000003097
5125,B,B-000003097
5126,A,A-000003098
5126,B,B-000003098
5127,A,A-000003099
5127,B,B-000003099
5129,A,A-000003100
5129,B,B-000003100
5130,A,A-000003101
5130,B,B-000003101
5131,A,A-000003102
5131,B,B-000003102
5132,A,A-000003103
5132,B,B-000003103
5135,A,A-000003104
5135,B,B-000003104
5136,A,A-000003105
5136,B,B-000003105
5137,A,A-000003106
5137,B,B-000003106
5140,A,A-000003107
5140,B,B-000003107
5141,A,A-000003108
5141,B,B-000003108
5143,A,A-000003109
5143,B,B-000003109
5144,A,A-000003110
5144,B,B-000003110
5145,A,A-000003111
5145,B,B-000003111
5146,A,A-000003112
5146,B,B-000003112
5148,A,A-000003113
5148,B,B-000003113
5149,A,A-000003114
5149,B,B-000003114
5152,A,A-000003115
5152,B,B-000003115
5153,A,A-000003116
5153,B,B-000003116
5155,A,A-000003117
5155,B,B-000003117
5158,A,A-000003118
5158,B,B-000003118
5159,A,A-000003119
5159,B,B-000003119
5162,A,A-000003120
5162,B,B-000003120
5163,A,A-000003121
5163,B,B-000003121
5164,A,A-000003122
5164,B,B-000003122
5165,A,A-000003123
5165,B,B-000003123
5169,A,A-000003124
5169,B,B-000003124
5170,A,A-000003125
5170,B,B-000003125
5171,A,A-000003126
5171,B,B-000003126
5172,A,A-000003127
5172,B,B-000003127
5173,A,A-000003128
5173,B,B-000003128
5174,A,A-000003129
5174,B,B-000003129
5175,A,A-000003130
5175,B,B-000003130
5176,A,A-000003131
5176,B,B-000003131
5183,A,A-000003132
5183,B,B-000003132
5184,A,A-000003133
5184,B,B-000003133
5185,A,A-000003134
5185,B,B-000003134
5186,A,A-000003135
5186,B,B-000003135
5187,A,A-000003136
5187,B,B-000003136
5188,A,A-000003137
5188,B,B-000003137
5189,A,A-000003138
5189,B,B-000003138
5190,A,A-000003139
5190,B,B-000003139
5191,A,A-000003140
5191,B,B-000003140
5192,A,A-000003141
5192,B,B-000003141
5194,A,A-000003142
5194,B,B-000003142
5195,A,A-000003143
5195,B,B-000003143
5196,A,A-000003144
5196,B,B-000003144
5197,A,A-000003145
5197,B,B-000003145
5199,A,A-000003146
5199,B,B-000003146
5200,A,A-000003147
5200,B,B-000003147
5204,A,A-000003148
5204,B,B-000003148
5206,A,A-000003149
5206,B,B-000003149
5208,A,A-000003150
5208,B,B-000003150
5212,A,A-000003151
5212,B,B-000003151
5213,A,A-000003152
5213,B,B-000003152
5214,A,A-000003153
5214,B,B-000003153
5216,A,A-000003154
5216,B,B-000003154
5218,A,A-000003155
5218,B,B-000003155
5219,A,A-000003156
5219,B,B-000003156
5221,A,A-000003157
5221,B,B-000003157
5224,A,A-000003158
5224,B,B-000003158
5225,A,A-000003159
5225,B,B-000003159
5226,A,A-000003160
5226,B,B-000003160
5227,A,A-000003161
5227,B,B-000003161
5231,A,A-000003162
5231,B,B-000003162
5233,A,A-000003163
5233,B,B-000003163
5236,A,A-000003164
5236,B,B-000003164
5239,A,A-000003165
5239,B,B-000003165
5240,A,A-000003166
5240,B,B-000003166
5241,A,A-000003167
5241,B,B-000003167
5244,A,A-000003168
5244,B,B-000003168
5245,A,A-000003169
5245,B,B-000003169
5249,A,A-000003170
5249,B,B-000003170
5250,A,A-000003171
5250,B,B-000003171
5251,A,A-000003172
5251,B,B-000003172
5254,A,A-000003173
5254,B,B-000003173
5255,A,A-000003174
5255,B,B-000003174
5256,A,A-000003175
5256,B,B-000003175
5257,A,A-000003176
5257,B,B-000003176
5258,A,A-000003177
5258,B,B-000003177
5260,A,A-000003178
5260,B,B-000003178
5261,A,A-000003179
5261,B,B-000003179
5262,A,A-000003180
5262,B,B-000003180
5263,A,A-000003181
5263,B,B-000003181
5264,A,A-000003182
5264,B,B-000003182
5265,A,A-000003183
5265,B,B-000003183
5267,A,A-000003184
5267,B,B-000003184
5268,A,A-000003185
5268,B,B-000003185
5269,A,A-000003186
5269,B,B-000003186
5270,A,A-000003187
5270,B,B-000003187
5271,A,A-000003188
5271,B,B-000003188
5272,A,A-000003189
5272,B,B-000003189
5273,A,A-000003190
5273,B,B-000003190
5275,A,A-000003191
5275,B,B-000003191
5276,A,A-000003192
5276,B,B-000003192
5277,A,A-000003193
5277,B,B-000003193
5278,A,A-000003194
5278,B,B-000003194
5279,A,A-000003195
5279,B,B-000003195
5282,A,A-000003196
5282,B,B-000003196
5284,A,A-000003197
5284,B,B-000003197
5286,A,A-000003198
5286,B,B-000003198
5287,A,A-000003199
5287,B,B-000003199
5289,A,A-000003200
5289,B,B-000003200
5291,A,A-000003201
5291,B,B-000003201
5292,A,A-000003202
5292,B,B-000003202
5294,A,A-000003203
5294,B,B-000003203
5295,A,A-000003204
5295,B,B-000003204
5296,A,A-000003205
5296,B,B-000003205
5297,A,A-000003206
5297,B,B-000003206
5298,A,A-000003207
5298,B,B-000003207
5299,A,A-000003208
5299,B,B-000003208
5300,A,A-000003209
5300,B,B-000003209
5301,A,A-000003210
5301,B,B-000003210
5304,A,A-000003211
5304,B,B-000003211
5306,A,A-000003212
5306,B,B-000003212
5307,A,A-000003213
5307,B,B-000003213
5308,A,A-000003214
5308,B,B-000003214
5309,A,A-000003215
5309,B,B-000003215
5310,A,A-000003216
5310,B,B-000003216
5311,A,A-000003217
5311,B,B-000003217
5315,A,A-000003218
5315,B,B-000003218
5318,A,A-000003219
5318,B,B-000003219
5319,A,A-000003220
5319,B,B-000003220
5320,A,A-000003221
5320,B,B-000003221
5321,A,A-000003222
5321,B,B-000003222
5323,A,A-000003223
5323,B,B-000003223
5324,A,A-000003224
5324,B,B-000003224
5325,A,A-000003225
5325,B,B-000003225
5327,A,A-000003226
5327,B,B-000003226
5328,A,A-000003227
5328,B,B-000003227
5330,A,A-000003228
5330,B,B-000003228
5333,A,A-000003229
5333,B,B-000003229
5335,A,A-000003230
5335,B,B-000003230
5337,A,A-000003231
5337,B,B-000003231
5338,A,A-000003232
5338,B,B-000003232
5339,A,A-000003233
5339,B,B-000003233
5341,A,A-000003234
5341,B,B-000003234
5344,A,A-000003235
5344,B,B-000003235
5345,A,A-000003236
5345,B,B-000003236
5346,A,A-000003237
5346,B,B-000003237
5347,A,A-000003238
5347,B,B-000003238
5348,A,A-000003239
5348,B,B-000003239
5353,A,A-000003240
5353,B,B-000003240
5354,A,A-000003241
5354,B,B-000003241
5355,A,A-000003242
5355,B,B-000003242
5356,A,A-000003243
5356,B,B-000003243
5357,A,A-000003244
5357,B,B-000003244
5360,A,A-000003245
5360,B,B-000003245
5362,A,A-000003246
5362,B,B-000003246
5363,A,A-000003247
5363,B,B-000003247
5367,A,A-000003248
5367,B,B-000003248
5368,A,A-000003249
5368,B,B-000003249
5372,A,A-000003250
5372,B,B-000003250
5373,A,A-000003251
5373,B,B-000003251
5374,A,A-000003252
5374,B,B-000003252
5375,A,A-000003253
5375,B,B-000003253
5376,A,A-000003254
5376,B,B-000003254
5377,A,A-000003255
5377,B,B-000003255
5378,A,A-000003256
5378,B,B-000003256
5380,A,A-000003257
5380,B,B-000003257
5382,A,A-000003258
5382,B,B-000003258
5384,A,A-000003259
5384,B,B-000003259
5385,A,A-000003260
5385,B,B-000003260
5387,A,A-000003261
5387,B,B-000003261
5389,A,A-000003262
5389,B,B-000003262
5390,A,A-000003263
5390,B,B-000003263
5393,A,A-000003264
5393,B,B-000003264
5397,A,A-000003265
5397,B,B-000003265
5398,A,A-000003266
5398,B,B-000003266
5399,A,A-000003267
5399,B,B-000003267
5400,A,A-000003268
5400,B,B-000003268
5401,A,A-000003269
5401,B,B-000003269
5404,A,A-000003270
5404,B,B-000003270
5405,A,A-000003271
5405,B,B-000003271
5408,A,A-000003272
5408,B,B-000003272
5410,A,A-000003273
5410,B,B-000003273
5411,A,A-000003274
5411,B,B-000003274
5414,A,A-000003275
5414,B,B-000003275
5415,A,A-000003276
5415,B,B-000003276
5422,A,A-000003277
5422,B,B-000003277
5423,A,A-000003278
5423,B,B-000003278
5424,A,A-000003279
5424,B,B-000003279
5426,A,A-000003280
5426,B,B-000003280
5428,A,A-000003281
5428,B,B-000003281
5429,A,A-000003282
5429,B,B-000003282
5431,A,A-000003283
5431,B,B-000003283
5432,A,A-000003284
5432,B,B-000003284
5436,A,A-000003285
5436,B,B-000003285
5437,A,A-000003286
5437,B,B-000003286
5438,A,A-000003287
5438,B,B-000003287
5439,A,A-000003288
5439,B,B-000003288
5440,A,A-000003289
5440,B,B-000003289
5441,A,A-000003290
5441,B,B-000003290
5444,A,A-000003291
5444,B,B-000003291
5445,A,A-000003292
5445,B,B-000003292
5448,A,A-000003293
5448,B,B-000003293
5449,A,A-000003294
5449,B,B-000003294
5452,A,A-000003295
5452,B,B-000003295
5453,A,A-000003296
5453,B,B-000003296
5454,A,A-000003297
5454,B,B-000003297
5455,A,A-000003298
5455,B,B-000003298
5457,A,A-000003299
5457,B,B-000003299
5459,A,A-000003300
5459,B,B-000003300
5460,A,A-000003301
5460,B,B-000003301
5462,A,A-000003302
5462,B,B-000003302
5468,A,A-000003303
5468,B,B-000003303
5469,A,A-000003304
5469,B,B-000003304
5471,A,A-000003305
5471,B,B-000003305
5472,A,A-000003306
5472,B,B-000003306
5473,A,A-000003307
5473,B,B-000003307
5475,A,A-000003308
5475,B,B-000003308
5478,A,A-000003309
5478,B,B-000003309
5479,A,A-000003310
5479,B,B-000003310
5480,A,A-000003311
5480,B,B-000003311
5481,A,A-000003312
5481,B,B-000003312
5482,A,A-000003313
5482,B,B-000003313
5485,A,A-000003314
5485,B,B-000003314
5486,A,A-000003315
5486,B,B-000003315
5489,A,A-000003316
5489,B,B-000003316
5490,A,A-000003317
5490,B,B-000003317
5492,A,A-000003318
5492,B,B-000003318
5493,A,A-000003319
5493,B,B-000003319
5494,A,A-000003320
5494,B,B-000003320
5498,A,A-000003321
5498,B,B-000003321
5499,A,A-000003322
5499,B,B-000003322
5501,A,A-000003323
5501,B,B-000003323
5503,A,A-000003324
5503,B,B-000003324
5504,A,A-000003325
5504,B,B-000003325
5505,A,A-000003326
5505,B,B-000003326
5506,A,A-000003327
5506,B,B-000003327
5507,A,A-000003328
5507,B,B-000003328
5508,A,A-000003329
5508,B,B-000003329
5509,A,A-000003330
5509,B,B-000003330
5510,A,A-000003331
5510,B,B-000003331
5511,A,A-000003332
5511,B,B-000003332
5512,A,A-000003333
5512,B,B-000003333
5515,A,A-000003334
5515,B,B-000003334
5516,A,A-000003335
5516,B,B-000003335
5517,A,A-000003336
5517,B,B-000003336
5518,A,A-000003337
5518,B,B-000003337
5519,A,A-000003338
5519,B,B-000003338
5520,A,A-000003339
5520,B,B-000003339
5521,A,A-000003340
5521,B,B-000003340
5525,A,A-000003341
5525,B,B-000003341
5526,A,A-000003342
5526,B,B-000003342
5527,A,A-000003343
5527,B,B-000003343
5529,A,A-000003344
5529,B,B-000003344
5530,A,A-000003345
5530,B,B-000003345
5531,A,A-000003346
5531,B,B-000003346
5532,A,A-000003347
5532,B,B-000003347
5535,A,A-000003348
5535,B,B-000003348
5536,A,A-000003349
5536,B,B-000003349
5537,A,A-000003350
5537,B,B-000003350
5538,A,A-000003351
5538,B,B-000003351
5539,A,A-000003352
5539,B,B-000003352
5540,A,A-000003353
5540,B,B-000003353
5541,A,A-000003354
5541,B,B-000003354
5542,A,A-000003355
5542,B,B-000003355
5543,A,A-000003356
5543,B,B-000003356
5545,A,A-000003357
5545,B,B-000003357
5546,A,A-000003358
5546,B,B-000003358
5548,A,A-000003359
5548,B,B-000003359
5549,A,A-000003360
5549,B,B-000003360
5550,A,A-000003361
5550,B,B-000003361
5551,A,A-000003362
5551,B,B-000003362
5552,A,A-000003363
5552,B,B-000003363
5553,A,A-000003364
5553,B,B-000003364
5554,A,A-000003365
5554,B,B-000003365
5556,A,A-000003366
5556,B,B-000003366
5558,A,A-000003367
5558,B,B-000003367
5559,A,A-000003368
5559,B,B-000003368
5561,A,A-000003369
5561,B,B-000003369
5563,A,A-000003370
5563,B,B-000003370
5565,A,A-000003371
5565,B,B-000003371
5566,A,A-000003372
5566,B,B-000003372
5567,A,A-000003373
5567,B,B-000003373
5568,A,A-000003374
5568,B,B-000003374
5569,A,A-000003375
5569,B,B-000003375
5571,A,A-000003376
5571,B,B-000003376
5572,A,A-000003377
5572,B,B-000003377
5577,A,A-000003378
5577,B,B-000003378
5581,A,A-000003379
5581,B,B-000003379
5582,A,A-000003380
5582,B,B-000003380
5585,A,A-000003381
5585,B,B-000003381
5586,A,A-000003382
5586,B,B-000003382
5587,A,A-000003383
5587,B,B-000003383
5590,A,A-000003384
5590,B,B-000003384
5593,A,A-000003385
5593,B,B-000003385
5594,A,A-000003386
5594,B,B-000003386
5596,A,A-000003387
5596,B,B-000003387
5597,A,A-000003388
5597,B,B-000003388
5599,A,A-000003389
5599,B,B-000003389
5601,A,A-000003390
5601,B,B-000003390
5603,A,A-000003391
5603,B,B-000003391
5604,A,A-000003392
5604,B,B-000003392
5605,A,A-000003393
5605,B,B-000003393
5607,A,A-000003394
5607,B,B-000003394
5608,A,A-000003395
5608,B,B-000003395
5609,A,A-000003396
5609,B,B-000003396
5610,A,A-000003397
5610,B,B-000003397
5611,A,A-000003398
5611,B,B-000003398
5614,A,A-000003399
5614,B,B-000003399
5615,A,A-000003400
5615,B,B-000003400
5616,A,A-000003401
5616,B,B-000003401
5618,A,A-000003402
5618,B,B-000003402
5619,A,A-000003403
5619,B,B-000003403
5621,A,A-000003404
5621,B,B-000003404
5624,A,A-000003405
5624,B,B-000003405
5626,A,A-000003406
5626,B,B-000003406
5627,A,A-000003407
5627,B,B-000003407
5628,A,A-000003408
5628,B,B-000003408
5630,A,A-000003409
5630,B,B-000003409
5631,A,A-000003410
5631,B,B-000003410
5634,A,A-000003411
5634,B,B-000003411
5636,A,A-000003412
5636,B,B-000003412
5638,A,A-000003413
5638,B,B-000003413
5639,A,A-000003414
5639,B,B-000003414
5642,A,A-000003415
5642,B,B-000003415
5643,A,A-000003416
5643,B,B-000003416
5644,A,A-000003417
5644,B,B-000003417
5647,A,A-000003418
5647,B,B-000003418
5649,A,A-000003419
5649,B,B-000003419
5650,A,A-000003420
5650,B,B-000003420
5651,A,A-000003421
5651,B,B-000003421
5653,A,A-000003422
5653,B,B-000003422
5654,A,A-000003423
5654,B,B-000003423
5655,A,A-000003424
5655,B,B-000003424
5657,A,A-000003425
5657,B,B-000003425
5658,A,A-000003426
5658,B,B-000003426
5659,A,A-000003427
5659,B,B-000003427
5661,A,A-000003428
5661,B,B-000003428
5663,A,A-000003429
5663,B,B-000003429
5664,A,A-000003430
5664,B,B-000003430
5666,A,A-000003431
5666,B,B-000003431
5667,A,A-000003432
5667,B,B-000003432
5668,A,A-000003433
5668,B,B-000003433
5669,A,A-000003434
5669,B,B-000003434
5670,A,A-000003435
5670,B,B-000003435
5672,A,A-000003436
5672,B,B-000003436
5673,A,A-000003437
5673,B,B-000003437
5674,A,A-000003438
5674,B,B-000003438
5675,A,A-000003439
5675,B,B-000003439
5677,A,A-000003440
5677,B,B-000003440
5681,A,A-000003441
5681,B,B-000003441
5683,A,A-000003442
5683,B,B-000003442
5684,A,A-000003443
5684,B,B-000003443
5685,A,A-000003444
5685,B,B-000003444
5686,A,A-000003445
5686,B,B-000003445
5687,A,A-000003446
5687,B,B-000003446
5692,A,A-000003447
5692,B,B-000003447
5694,A,A-000003448
5694,B,B-000003448
5696,A,A-000003449
5696,B,B-000003449
5697,A,A-000003450
5697,B,B-000003450
5699,A,A-000003451
5699,B,B-000003451
5700,A,A-000003452
5700,B,B-000003452
5701,A,A-000003453
5701,B,B-000003453
5702,A,A-000003454
5702,B,B-000003454
5704,A,A-000003455
5704,B,B-000003455
5707,A,A-000003456
5707,B,B-000003456
5712,A,A-000003457
5712,B,B-000003457
5716,A,A-000003458
5716,B,B-000003458
5717,A,A-000003459
5717,B,B-000003459
5719,A,A-000003460
5719,B,B-000003460
5720,A,A-000003461
5720,B,B-000003461
5723,A,A-000003462
5723,B,B-000003462
5724,A,A-000003463
5724,B,B-000003463
5726,A,A-000003464
5726,B,B-000003464
5729,A,A-000003465
5729,B,B-000003465
5730,A,A-000003466
5730,B,B-000003466
5731,A,A-000003467
5731,B,B-000003467
5733,A,A-000003468
5733,B,B-000003468
5735,A,A-000003469
5735,B,B-000003469
5740,A,A-000003470
5740,B,B-000003470
5741,A,A-000003471
5741,B,B-000003471
5742,A,A-000003472
5742,B,B-000003472
5743,A,A-000003473
5743,B,B-000003473
5745,A,A-000003474
5745,B,B-000003474
5746,A,A-000003475
5746,B,B-000003475
5749,A,A-000003476
5749,B,B-000003476
5754,A,A-000003477
5754,B,B-000003477
5755,A,A-000003478
5755,B,B-000003478
5757,A,A-000003479
5757,B,B-000003479
5759,A,A-000003480
5759,B,B-000003480
5760,A,A-000003481
5760,B,B-000003481
5764,A,A-000003482
5764,B,B-000003482
5765,A,A-000003483
5765,B,B-000003483
5767,A,A-000003484
5767,B,B-000003484
5769,A,A-000003485
5769,B,B-000003485
5770,A,A-000003486
5770,B,B-000003486
5771,A,A-000003487
5771,B,B-000003487
5772,A,A-000003488
5772,B,B-000003488
5773,A,A-000003489
5773,B,B-000003489
5774,A,A-000003490
5774,B,B-000003490
5776,A,A-000003491
5776,B,B-000003491
5777,A,A-000003492
5777,B,B-000003492
5778,A,A-000003493
5778,B,B-000003493
5781,A,A-000003494
5781,B,B-000003494
5782,A,A-000003495
5782,B,B-000003495
5784,A,A-000003496
5784,B,B-000003496
5785,A,A-000003497
5785,B,B-000003497
5787,A,A-000003498
5787,B,B-000003498
5788,A,A-000003499
5788,B,B-000003499
5789,A,A-000003500
5789,B,B-000003500
5791,A,A-000003501
5791,B,B-000003501
5792,A,A-000003502
5792,B,B-000003502
5794,A,A-000003503
5794,B,B-000003503
5798,A,A-000003504
5798,B,B-000003504
5799,A,A-000003505
5799,B,B-000003505
5800,A,A-000003506
5800,B,B-000003506
5801,A,A-000003507
5801,B,B-000003507
5804,A,A-000003508
5804,B,B-000003508
5806,A,A-000003509
5806,B,B-000003509
5807,A,A-000003510
5807,B,B-000003510
5809,A,A-000003511
5809,B,B-000003511
5812,A,A-000003512
5812,B,B-000003512
5813,A,A-000003513
5813,B,B-000003513
5815,A,A-000003514
5815,B,B-000003514
5816,A,A-000003515
5816,B,B-000003515
5817,A,A-000003516
5817,B,B-000003516
5818,A,A-000003517
5818,B,B-000003517
5819,A,A-000003518
5819,B,B-000003518
5824,A,A-000003519
5824,B,B-000003519
5825,A,A-000003520
5825,B,B-000003520
5826,A,A-000003521
5826,B,B-000003521
5827,A,A-000003522
5827,B,B-000003522
5830,A,A-000003523
5830,B,B-000003523
5833,A,A-000003524
5833,B,B-000003524
5835,A,A-000003525
5835,B,B-000003525
5837,A,A-000003526
5837,B,B-000003526
5838,A,A-000003527
5838,B,B-000003527
5844,A,A-000003528
5844,B,B-000003528
5846,A,A-000003529
5846,B,B-000003529
5849,A,A-000003530
5849,B,B-000003530
5851,A,A-000003531
5851,B,B-000003531
5853,A,A-000003532
5853,B,B-000003532
5854,A,A-000003533
5854,B,B-000003533
5856,A,A-000003534
5856,B,B-000003534
5859,A,A-000003535
5859,B,B-000003535
5860,A,A-000003536
5860,B,B-000003536
5862,A,A-000003537
5862,B,B-000003537
5863,A,A-000003538
5863,B,B-000003538
5864,A,A-000003539
5864,B,B-000003539
5865,A,A-000003540
5865,B,B-000003540
5868,A,A-000003541
5868,B,B-000003541
5869,A,A-000003542
5869,B,B-000003542
5870,A,A-000003543
5870,B,B-000003543
5871,A,A-000003544
5871,B,B-000003544
5873,A,A-000003545
5873,B,B-000003545
5875,A,A-000003546
5875,B,B-000003546
5876,A,A-000003547
5876,B,B-000003547
5879,A,A-000003548
5879,B,B-000003548
5883,A,A-000003549
5883,B,B-000003549
5889,A,A-000003550
5889,B,B-000003550
5891,A,A-000003551
5891,B,B-000003551
5893,A,A-000003552
5893,B,B-000003552
5896,A,A-000003553
5896,B,B-000003553
5897,A,A-000003554
5897,B,B-000003554
5898,A,A-000003555
5898,B,B-000003555
5903,A,A-000003556
5903,B,B-000003556
5904,A,A-000003557
5904,B,B-000003557
5905,A,A-000003558
5905,B,B-000003558
5906,A,A-000003559
5906,B,B-000003559
5907,A,A-000003560
5907,B,B-000003560
5909,A,A-000003561
5909,B,B-000003561
5910,A,A-000003562
5910,B,B-000003562
5911,A,A-000003563
5911,B,B-000003563
5913,A,A-000003564
5913,B,B-000003564
5917,A,A-000003565
5917,B,B-000003565
5918,A,A-000003566
5918,B,B-000003566
5919,A,A-000003567
5919,B,B-000003567
5921,A,A-000003568
5921,B,B-000003568
5922,A,A-000003569
5922,B,B-000003569
5924,A,A-000003570
5924,B,B-000003570
5925,A,A-000003571
5925,B,B-000003571
5926,A,A-000003572
5926,B,B-000003572
5928,A,A-000003573
5928,B,B-000003573
5929,A,A-000003574
5929,B,B-000003574
5934,A,A-000003575
5934,B,B-000003575
5935,A,A-000003576
5935,B,B-000003576
5937,A,A-000003577
5937,B,B-000003577
5939,A,A-000003578
5939,B,B-000003578
5940,A,A-000003579
5940,B,B-000003579
5941,A,A-000003580
5941,B,B-000003580
5944,A,A-000003581
5944,B,B-000003581
5945,A,A-000003582
5945,B,B-000003582
5946,A,A-000003583
5946,B,B-000003583
5947,A,A-000003584
5947,B,B-000003584
5948,A,A-000003585
5948,B,B-000003585
5949,A,A-000003586
5949,B,B-000003586
5950,A,A-000003587
5950,B,B-000003587
5954,A,A-000003588
5954,B,B-000003588
5957,A,A-000003589
5957,B,B-000003589
5960,A,A-000003590
5960,B,B-000003590
5963,A,A-000003591
5963,B,B-000003591
5968,A,A-000003592
5968,B,B-000003592
5969,A,A-000003593
5969,B,B-000003593
5970,A,A-000003594
5970,B,B-000003594
5972,A,A-000003595
5972,B,B-000003595
5973,A,A-000003596
5973,B,B-000003596
5974,A,A-000003597
5974,B,B-000003597
5979,A,A-000003598
5979,B,B-000003598
5980,A,A-000003599
5980,B,B-000003599
5983,A,A-000003600
5983,B,B-000003600
5984,A,A-000003601
5984,A,A-000003602
5984,B,B-000003601
5985,A,A-000003603
5985,A,A-000003604
5985,B,B-000003602
5987,A,A-000003605
5987,A,A-000003606
5987,B,B-000003603
5989,A,A-000003607
5989,A,A-000003608
5989,B,B-000003604
5990,A,A-000003609
5990,A,A-000003610
5990,B,B-000003605
5991,A,A-000003611
5991,A,A-000003612
5991,B,B-000003606
5992,A,A-000003613
5992,A,A-000003614
5992,B,B-000003607
5993,A,A-000003615
5993,A,A-000003616
5993,B,B-000003608
5994,A,A-000003617
5994,A,A-000003618
5994,B,B-000003609
5996,A,A-000003619
5996,A,A-000003620
5996,B,B-000003610
5997,A,A-000003621
5997,A,A-000003622
5997,B,B-000003611
5998,A,A-000003623
5998,A,A-000003624
5998,B,B-000003612
5999,A,A-000003625
5999,A,A-000003626
5999,B,B-000003613
6001,A,A-000003627
6001,A,A-000003628
6001,B,B-000003614
6003,A,A-000003629
6003,A,A-000003630
6003,B,B-000003615
6006,A,A-000003631
6006,A,A-000003632
6006,B,B-000003616
6007,A,A-000003633
6007,A,A-000003634
6007,B,B-000003617
6013,A,A-000003635
6013,A,A-000003636
6013,B,B-000003618
6014,A,A-000003637
6014,A,A-000003638
6014,B,B-000003619
6015,A,A-000003639
6015,A,A-000003640
6015,B,B-000003620
6017,A,A-000003641
6017,A,A-000003642
6017,B,B-000003621
6020,A,A-000003643
6020,A,A-000003644
6020,B,B-000003622
6021,A,A-000003645
6021,A,A-000003646
6021,B,B-000003623
6023,A,A-000003647
6023,A,A-000003648
6023,B,B-000003624
6025,A,A-000003649
6025,A,A-000003650
6025,B,B-000003625
6026,A,A-000003651
6026,A,A-000003652
6026,B,B-000003626
6027,A,A-000003653
6027,A,A-000003654
6027,B,B-000003627
6030,A,A-000003655
6030,A,A-000003656
6030,B,B-000003628
6031,A,A-000003657
6031,A,A-000003658
6031,B,B-000003629
6032,A,A-000003659
6032,A,A-000003660
6032,B,B-000003630
6035,A,A-000003661
6035,A,A-000003662
6035,B,B-000003631
6036,A,A-000003663
6036,A,A-000003664
6036,B,B-000003632
6038,A,A-000003665
6038,A,A-000003666
6038,B,B-000003633
6040,A,A-000003667
6040,A,A-000003668
6040,B,B-000003634
6041,A,A-000003669
6041,A,A-000003670
6041,B,B-000003635
6042,A,A-000003671
6042,A,A-000003672
6042,B,B-000003636
6043,A,A-000003673
6043,A,A-000003674
6043,B,B-000003637
6045,A,A-000003675
6045,A,A-000003676
6045,B,B-000003638
6046,A,A-000003677
6046,A,A-000003678
6046,B,B-000003639
6048,A,A-000003679
6048,A,A-000003680
6048,B,B-000003640
6051,A,A-000003681
6051,A,A-000003682
6051,B,B-000003641
6052,A,A-000003683
6052,A,A-000003684
6052,B,B-000003642
6053,A,A-000003685
6053,A,A-000003686
6053,B,B-000003643
6054,A,A-000003687
6054,A,A-000003688
6054,B,B-000003644
6055,A,A-000003689
6055,A,A-000003690
6055,B,B-000003645
6056,A,A-000003691
6056,A,A-000003692
6056,B,B-000003646
6058,A,A-000003693
6058,A,A-000003694
6058,B,B-000003647
6060,A,A-000003695
6060,A,A-000003696
6060,B,B-000003648
6062,A,A-000003697
6062,A,A-000003698
6062,B,B-000003649
6063,A,A-000003699
6063,A,A-000003700
6063,B,B-000003650
6065,A,A-000003701
6065,A,A-000003702
6065,B,B-000003651
6066,A,A-000003703
6066,A,A-000003704
6066,B,B-000003652
6067,A,A-000003705
6067,A,A-000003706
6067,B,B-000003653
6070,A,A-000003707
6070,A,A-000003708
6070,B,B-000003654
6073,A,A-000003709
6073,A,A-000003710
6073,B,B-000003655
6075,A,A-000003711
6075,A,A-000003712
6075,B,B-000003656
6076,A,A-000003713
6076,A,A-000003714
6076,B,B-000003657
6078,A,A-000003715
6078,A,A-000003716
6078,B,B-000003658
6081,A,A-000003717
6081,A,A-000003718
6081,B,B-000003659
6084,A,A-000003719
6084,A,A-000003720
6084,B,B-000003660
6085,A,A-000003721
6085,A,A-000003722
6085,B,B-000003661
6088,A,A-000003723
6088,A,A-000003724
6088,B,B-000003662
6090,A,A-000003725
6090,A,A-000003726
6090,B,B-000003663
6092,A,A-000003727
6092,A,A-000003728
6092,B,B-000003664
6093,A,A-000003729
6093,A,A-000003730
6093,B,B-000003665
6094,A,A-000003731
6094,A,A-000003732
6094,B,B-000003666
6095,A,A-000003733
6095,A,A-000003734
6095,B,B-000003667
6096,A,A-000003735
6096,A,A-000003736
6096,B,B-000003668
6099,A,A-000003737
6099,A,A-000003738
6099,B,B-000003669
6100,A,A-000003739
6100,A,A-000003740
6100,B,B-000003670
6101,A,A-000003741
6101,A,A-000003742
6101,B,B-000003671
6104,A,A-000003743
6104,A,A-000003744
6104,B,B-000003672
6105,A,A-000003745
6105,A,A-000003746
6105,B,B-000003673
6107,A,A-000003747
6107,A,A-000003748
6107,B,B-000003674
6108,A,A-000003749
6108,A,A-000003750
6108,B,B-000003675
6110,A,A-000003751
6110,A,A-000003752
6110,B,B-000003676
6111,A,A-000003753
6111,A,A-000003754
6111,B,B-000003677
6120,A,A-000003755
6120,A,A-000003756
6120,B,B-000003678
6122,A,A-000003757
6122,A,A-000003758
6122,B,B-000003679
6123,A,A-000003759
6123,A,A-000003760
6123,B,B-000003680
6124,A,A-000003761
6124,A,A-000003762
6124,B,B-000003681
6126,A,A-000003763
6126,A,A-000003764
6126,B,B-000003682
6132,A,A-000003765
6132,A,A-000003766
6132,B,B-000003683
6133,A,A-000003767
6133,A,A-000003768
6133,B,B-000003684
6136,A,A-000003769
6136,A,A-000003770
6136,B,B-000003685
6137,A,A-000003771
6137,A,A-000003772
6137,B,B-000003686
6141,A,A-000003773
6141,A,A-000003774
6141,B,B-000003687
6142,A,A-000003775
6142,A,A-000003776
6142,B,B-000003688
6143,A,A-000003777
6143,A,A-000003778
6143,B,B-000003689
6144,A,A-000003779
6144,A,A-000003780
6144,B,B-000003690
6145,A,A-000003781
6145,A,A-000003782
6145,B,B-000003691
6146,A,A-000003783
6146,A,A-000003784
6146,B,B-000003692
6149,A,A-000003785
6149,A,A-000003786
6149,B,B-000003693
6150,A,A-000003787
6150,A,A-000003788
6150,B,B-000003694
6152,A,A-000003789
6152,A,A-000003790
6152,B,B-000003695
6153,A,A-000003791
6153,A,A-000003792
6153,B,B-000003696
6155,A,A-000003793
6155,A,A-000003794
6155,B,B-000003697
6157,A,A-000003795
6157,A,A-000003796
6157,B,B-000003698
6158,A,A-000003797
6158,A,A-000003798
6158,B,B-000003699
6159,A,A-000003799
6159,A,A-000003800
6159,B,B-000003700
6161,A,A-000003801
6161,A,A-000003802
6161,B,B-000003701
6163,A,A-000003803
6163,A,A-000003804
6163,B,B-000003702
6164,A,A-000003805
6164,A,A-000003806
6164,B,B-000003703
6167,A,A-000003807
6167,A,A-000003808
6167,B,B-000003704
6169,A,A-000003809
6169,A,A-000003810
6169,B,B-000003705
6170,A,A-000003811
6170,A,A-000003812
6170,B,B-000003706
6174,A,A-000003813
6174,A,A-000003814
6174,B,B-000003707
6175,A,A-000003815
6175,A,A-000003816
6175,B,B-000003708
6176,A,A-000003817
6176,A,A-000003818
6176,B,B-000003709
6177,A,A-000003819
6177,A,A-000003820
6177,B,B-000003710
6180,A,A-000003821
6180,A,A-000003822
6180,B,B-000003711
6181,A,A-000003823
6181,A,A-000003824
6181,B,B-000003712
6183,A,A-000003825
6183,A,A-000003826
6183,B,B-000003713
6184,A,A-000003827
6184,A,A-000003828
6184,B,B-000003714
6191,A,A-000003829
6191,A,A-000003830
6191,B,B-000003715
6194,A,A-000003831
6194,A,A-000003832
6194,B,B-000003716
6195,A,A-000003833
6195,A,A-000003834
6195,B,B-000003717
6196,A,A-000003835
6196,A,A-000003836
6196,B,B-000003718
6197,A,A-000003837
6197,A,A-000003838
6197,B,B-000003719
6198,A,A-000003839
6198,A,A-000003840
6198,B,B-000003720
6199,A,A-000003841
6199,A,A-000003842
6199,B,B-000003721
6202,A,A-000003843
6202,A,A-000003844
6202,B,B-000003722
6203,A,A-000003845
6203,A,A-000003846
6203,B,B-000003723
6204,A,A-000003847
6204,A,A-000003848
6204,B,B-000003724
6205,A,A-000003849
6205,A,A-000003850
6205,B,B-000003725
6208,A,A-000003851
6208,A,A-000003852
6208,B,B-000003726
6210,A,A-000003853
6210,A,A-000003854
6210,B,B-000003727
6211,A,A-000003855
6211,A,A-000003856
6211,B,B-000003728
6212,A,A-000003857
6212,A,A-000003858
6212,B,B-000003729
6214,A,A-000003859
6214,A,A-000003860
6214,B,B-000003730
6215,A,A-000003861
6215,A,A-000003862
6215,B,B-000003731
6217,A,A-000003863
6217,A,A-000003864
6217,B,B-000003732
6221,A,A-000003865
6221,A,A-000003866
6221,B,B-000003733
6222,A,A-000003867
6222,A,A-000003868
6222,B,B-000003734
6224,A,A-000003869
6224,A,A-000003870
6224,B,B-000003735
6225,A,A-000003871
6225,A,A-000003872
6225,B,B-000003736
6230,A,A-000003873
6230,A,A-000003874
6230,B,B-000003737
6232,A,A-000003875
6232,A,A-000003876
6232,B,B-000003738
6233,A,A-000003877
6233,A,A-000003878
6233,B,B-000003739
6234,A,A-000003879
6234,A,A-000003880
6234,B,B-000003740
6235,A,A-000003881
6235,A,A-000003882
6235,B,B-000003741
6238,A,A-000003883
6238,A,A-000003884
6238,B,B-000003742
6241,A,A-000003885
6241,A,A-000003886
6241,B,B-000003743
6242,A,A-000003887
6242,A,A-000003888
6242,B,B-000003744
6244,A,A-000003889
6244,A,A-000003890
6244,B,B-000003745
6245,A,A-000003891
6245,A,A-000003892
6245,B,B-000003746
6246,A,A-000003893
6246,A,A-000003894
6246,B,B-000003747
6248,A,A-000003895
6248,A,A-000003896
6248,B,B-000003748
6250,A,A-000003897
6250,A,A-000003898
6250,B,B-000003749
6251,A,A-000003899
6251,A,A-000003900
6251,B,B-000003750
6252,A,A-000003901
6252,A,A-000003902
6252,B,B-000003751
6254,A,A-000003903
6254,A,A-000003904
6254,B,B-000003752
6255,A,A-000003905
6255,A,A-000003906
6255,B,B-000003753
6256,A,A-000003907
6256,A,A-000003908
6256,B,B-000003754
6257,A,A-000003909
6257,A,A-000003910
6257,B,B-000003755
6259,A,A-000003911
6259,A,A-000003912
6259,B,B-000003756
6263,A,A-000003913
6263,A,A-000003914
6263,B,B-000003757
6264,A,A-000003915
6264,A,A-000003916
6264,B,B-000003758
6265,A,A-000003917
6265,A,A-000003918
6265,B,B-000003759
6267,A,A-000003919
6267,A,A-000003920
6267,B,B-000003760
6269,A,A-000003921
6269,A,A-000003922
6269,B,B-000003761
6270,A,A-000003923
6270,A,A-000003924
6270,B,B-000003762
6271,A,A-000003925
6271,A,A-000003926
6271,B,B-000003763
6272,A,A-000003927
6272,A,A-000003928
6272,B,B-000003764
6273,A,A-000003929
6273,A,A-000003930
6273,B,B-000003765
6274,A,A-000003931
6274,A,A-000003932
6274,B,B-000003766
6276,A,A-000003933
6276,A,A-000003934
6276,B,B-000003767
6279,A,A-000003935
6279,A,A-000003936
6279,B,B-000003768
6280,A,A-000003937
6280,A,A-000003938
6280,B,B-000003769
6282,A,A-000003939
6282,A,A-000003940
6282,B,B-000003770
6284,A,A-000003941
6284,A,A-000003942
6284,B,B-000003771
6286,A,A-000003943
6286,A,A-000003944
6286,B,B-000003772
6288,A,A-000003945
6288,A,A-000003946
6288,B,B-000003773
6290,A,A-000003947
6290,A,A-000003948
6290,B,B-000003774
6291,A,A-000003949
6291,A,A-000003950
6291,B,B-000003775
6292,A,A-000003951
6292,A,A-000003952
6292,B,B-000003776
6293,A,A-000003953
6293,A,A-000003954
6293,B,B-000003777
6296,A,A-000003955
6296,A,A-000003956
6296,B,B-000003778
6297,A,A-000003957
6297,A,A-000003958
6297,B,B-000003779
6298,A,A-000003959
6298,A,A-000003960
6298,B,B-000003780
6299,A,A-000003961
6299,A,A-000003962
6299,B,B-000003781
6305,A,A-000003963
6305,A,A-000003964
6305,B,B-000003782
6308,A,A-000003965
6308,A,A-000003966
6308,B,B-000003783
6310,A,A-000003967
6310,A,A-000003968
6310,B,B-000003784
6311,A,A-000003969
6311,A,A-000003970
6311,B,B-000003785
6312,A,A-000003971
6312,A,A-000003972
6312,B,B-000003786
6313,A,A-000003973
6313,A,A-000003974
6313,B,B-000003787
6314,A,A-000003975
6314,A,A-000003976
6314,B,B-000003788
6315,A,A-000003977
6315,A,A-000003978
6315,B,B-000003789
6317,A,A-000003979
6317,A,A-000003980
6317,B,B-000003790
6318,A,A-000003981
6318,A,A-000003982
6318,B,B-000003791
6320,A,A-000003983
6320,A,A-000003984
6320,B,B-000003792
6322,A,A-000003985
6322,A,A-000003986
6322,B,B-000003793
6323,A,A-000003987
6323,A,A-000003988
6323,B,B-000003794
6324,A,A-000003989
6324,A,A-000003990
6324,B,B-000003795
6325,A,A-000003991
6325,A,A-000003992
6325,B,B-000003796
6326,A,A-000003993
6326,A,A-000003994
6326,B,B-000003797
6327,A,A-000003995
6327,A,A-000003996
6327,B,B-000003798
6328,A,A-000003997
6328,A,A-000003998
6328,B,B-000003799
6329,A,A-000003999
6329,A,A-000004000
6329,B,B-000003800
6330,A,A-000004001
6330,A,A-000004002
6330,B,B-000003801
6333,A,A-000004003
6333,A,A-000004004
6333,B,B-000003802
6335,A,A-000004005
6335,A,A-000004006
6335,B,B-000003803
6337,A,A-000004007
6337,A,A-000004008
6337,B,B-000003804
6338,A,A-000004009
6338,A,A-000004010
6338,B,B-000003805
6342,A,A-000004011
6342,A,A-000004012
6342,B,B-000003806
6343,A,A-000004013
6343,A,A-000004014
6343,B,B-000003807
6344,A,A-000004015
6344,A,A-000004016
6344,B,B-000003808
6345,A,A-000004017
6345,A,A-000004018
6345,B,B-000003809
6349,A,A-000004019
6349,A,A-000004020
6349,B,B-000003810
6350,A,A-000004021
6350,A,A-000004022
6350,B,B-000003811
6351,A,A-000004023
6351,A,A-000004024
6351,B,B-000003812
6352,A,A-000004025
6352,A,A-000004026
6352,B,B-000003813
6354,A,A-000004027
6354,A,A-000004028
6354,B,B-000003814
6355,A,A-000004029
6355,A,A-000004030
6355,B,B-000003815
6356,A,A-000004031
6356,A,A-000004032
6356,B,B-000003816
6357,A,A-000004033
6357,A,A-000004034
6357,B,B-000003817
6358,A,A-000004035
6358,A,A-000004036
6358,B,B-000003818
6360,A,A-000004037
6360,A,A-000004038
6360,B,B-000003819
6363,A,A-000004039
6363,A,A-000004040
6363,B,B-000003820
6365,A,A-000004041
6365,A,A-000004042
6365,B,B-000003821
6366,A,A-000004043
6366,A,A-000004044
6366,B,B-000003822
6367,A,A-000004045
6367,A,A-000004046
6367,B,B-000003823
6370,A,A-000004047
6370,A,A-000004048
6370,B,B-000003824
6373,A,A-000004049
6373,A,A-000004050
6373,B,B-000003825
6374,A,A-000004051
6374,A,A-000004052
6374,B,B-000003826
6375,A,A-000004053
6375,A,A-000004054
6375,B,B-000003827
6376,A,A-000004055
6376,A,A-000004056
6376,B,B-000003828
6378,A,A-000004057
6378,A,A-000004058
6378,B,B-000003829
6381,A,A-000004059
6381,A,A-000004060
6381,B,B-000003830
6382,A,A-000004061
6382,A,A-000004062
6382,B,B-000003831
6385,A,A-000004063
6385,A,A-000004064
6385,B,B-000003832
6386,A,A-000004065
6386,A,A-000004066
6386,B,B-000003833
6388,A,A-000004067
6388,A,A-000004068
6388,B,B-000003834
6391,A,A-000004069
6391,A,A-000004070
6391,B,B-000003835
6392,A,A-000004071
6392,A,A-000004072
6392,B,B-000003836
6395,A,A-000004073
6395,A,A-000004074
6395,B,B-000003837
6396,A,A-000004075
6396,A,A-000004076
6396,B,B-000003838
6398,A,A-000004077
6398,A,A-000004078
6398,B,B-000003839
6402,A,A-000004079
6402,A,A-000004080
6402,B,B-000003840
6403,A,A-000004081
6403,A,A-000004082
6403,B,B-000003841
6404,A,A-000004083
6404,A,A-000004084
6404,B,B-000003842
6405,A,A-000004085
6405,A,A-000004086
6405,B,B-000003843
6406,A,A-000004087
6406,A,A-000004088
6406,B,B-000003844
6408,A,A-000004089
6408,A,A-000004090
6408,B,B-000003845
6409,A,A-000004091
6409,A,A-000004092
6409,B,B-000003846
6411,A,A-000004093
6411,A,A-000004094
6411,B,B-000003847
6417,A,A-000004095
6417,A,A-000004096
6417,B,B-000003848
6418,A,A-000004097
6418,A,A-000004098
6418,B,B-000003849
6419,A,A-000004099
6419,A,A-000004100
6419,B,B-000003850
6421,A,A-000004101
6421,A,A-000004102
6421,B,B-000003851
6423,A,A-000004103
6423,A,A-000004104
6423,B,B-000003852
6424,A,A-000004105
6424,A,A-000004106
6424,B,B-000003853
6428,A,A-000004107
6428,A,A-000004108
6428,B,B-000003854
6429,A,A-000004109
6429,A,A-000004110
6429,B,B-000003855
6431,A,A-000004111
6431,A,A-000004112
6431,B,B-000003856
6432,A,A-000004113
6432,A,A-000004114
6432,B,B-000003857
6433,A,A-000004115
6433,A,A-000004116
6433,B,B-000003858
6437,A,A-000004117
6437,A,A-000004118
6437,B,B-000003859
6438,A,A-000004119
6438,A,A-000004120
6438,B,B-000003860
6441,A,A-000004121
6441,A,A-000004122
6441,B,B-000003861
6442,A,A-000004123
6442,A,A-000004124
6442,B,B-000003862
6443,A,A-000004125
6443,A,A-000004126
6443,B,B-000003863
6444,A,A-000004127
6444,A,A-000004128
6444,B,B-000003864
6445,A,A-000004129
6445,A,A-000004130
6445,B,B-000003865
6447,A,A-000004131
6447,A,A-000004132
6447,B,B-000003866
6448,A,A-000004133
6448,A,A-000004134
6448,B,B-000003867
6450,A,A-000004135
6450,A,A-000004136
6450,B,B-000003868
6452,A,A-000004137
6452,A,A-000004138
6452,B,B-000003869
6453,A,A-000004139
6453,A,A-000004140
6453,B,B-000003870
6454,A,A-000004141
6454,A,A-000004142
6454,B,B-000003871
6455,A,A-000004143
6455,A,A-000004144
6455,B,B-000003872
6456,A,A-000004145
6456,A,A-000004146
6456,B,B-000003873
6458,A,A-000004147
6458,A,A-000004148
6458,B,B-000003874
6459,A,A-000004149
6459,A,A-000004150
6459,B,B-000003875
6460,A,A-000004151
6460,A,A-000004152
6460,B,B-000003876
6461,A,A-000004153
6461,A,A-000004154
6461,B,B-000003877
6462,A,A-000004155
6462,A,A-000004156
6462,B,B-000003878
6463,A,A-000004157
6463,A,A-000004158
6463,B,B-000003879
6464,A,A-000004159
6464,A,A-000004160
6464,B,B-000003880
6465,A,A-000004161
6465,A,A-000004162
6465,B,B-000003881
6466,A,A-000004163
6466,A,A-000004164
6466,B,B-000003882
6467,A,A-000004165
6467,A,A-000004166
6467,B,B-000003883
6468,A,A-000004167
6468,A,A-000004168
6468,B,B-000003884
6469,A,A-000004169
6469,A,A-000004170
6469,B,B-000003885
6471,A,A-000004171
6471,A,A-000004172
6471,B,B-000003886
6473,A,A-000004173
6473,A,A-000004174
6473,B,B-000003887
6477,A,A-000004175
6477,A,A-000004176
6477,B,B-000003888
6481,A,A-000004177
6481,A,A-000004178
6481,B,B-000003889
6482,A,A-000004179
6482,A,A-000004180
6482,B,B-000003890
6483,A,A-000004181
6483,A,A-000004182
6483,B,B-000003891
6484,A,A-000004183
6484,A,A-000004184
6484,B,B-000003892
6485,A,A-000004185
6485,A,A-000004186
6485,B,B-000003893
6486,A,A-000004187
6486,A,A-000004188
6486,B,B-000003894
6487,A,A-000004189
6487,A,A-000004190
6487,B,B-000003895
6489,A,A-000004191
6489,A,A-000004192
6489,B,B-000003896
6490,A,A-000004193
6490,A,A-000004194
6490,B,B-000003897
6492,A,A-000004195
6492,A,A-000004196
6492,B,B-000003898
6494,A,A-000004197
6494,A,A-000004198
6494,B,B-000003899
6495,A,A-000004199
6495,A,A-000004200
6495,B,B-000003900
6496,A,A-000004201
6496,A,A-000004202
6496,B,B-000003901
6497,A,A-000004203
6497,A,A-000004204
6497,B,B-000003902
6498,A,A-000004205
6498,A,A-000004206
6498,B,B-000003903
6499,A,A-000004207
6499,A,A-000004208
6499,B,B-000003904
6500,A,A-000004209
6500,A,A-000004210
6500,B,B-000003905
6501,A,A-000004211
6501,A,A-000004212
6501,B,B-000003906
6503,A,A-000004213
6503,A,A-000004214
6503,B,B-000003907
6504,A,A-000004215
6504,A,A-000004216
6504,B,B-000003908
6505,A,A-000004217
6505,A,A-000004218
6505,B,B-000003909
6507,A,A-000004219
6507,A,A-000004220
6507,B,B-000003910
6510,A,A-000004221
6510,A,A-000004222
6510,B,B-000003911
6511,A,A-000004223
6511,A,A-000004224
6511,B,B-000003912
6512,A,A-000004225
6512,A,A-000004226
6512,B,B-000003913
6513,A,A-000004227
6513,A,A-000004228
6513,B,B-000003914
6516,A,A-000004229
6516,A,A-000004230
6516,B,B-000003915
6517,A,A-000004231
6517,A,A-000004232
6517,B,B-000003916
6519,A,A-000004233
6519,A,A-000004234
6519,B,B-000003917
6522,A,A-000004235
6522,A,A-000004236
6522,B,B-000003918
6523,A,A-000004237
6523,A,A-000004238
6523,B,B-000003919
6525,A,A-000004239
6525,A,A-000004240
6525,B,B-000003920
6528,A,A-000004241
6528,A,A-000004242
6528,B,B-000003921
6530,A,A-000004243
6530,A,A-000004244
6530,B,B-000003922
6531,A,A-000004245
6531,A,A-000004246
6531,B,B-000003923
6532,A,A-000004247
6532,A,A-000004248
6532,B,B-000003924
6533,A,A-000004249
6533,A,A-000004250
6533,B,B-000003925
6536,A,A-000004251
6536,A,A-000004252
6536,B,B-000003926
6537,A,A-000004253
6537,A,A-000004254
6537,B,B-000003927
6538,A,A-000004255
6538,A,A-000004256
6538,B,B-000003928
6542,A,A-000004257
6542,A,A-000004258
6542,B,B-000003929
6544,A,A-000004259
6544,A,A-000004260
6544,B,B-000003930
6545,A,A-000004261
6545,A,A-000004262
6545,B,B-000003931
6546,A,A-000004263
6546,A,A-000004264
6546,B,B-000003932
6547,A,A-000004265
6547,A,A-000004266
6547,B,B-000003933
6550,A,A-000004267
6550,A,A-000004268
6550,B,B-000003934
6554,A,A-000004269
6554,A,A-000004270
6554,B,B-000003935
6555,A,A-000004271
6555,A,A-000004272
6555,B,B-000003936
6557,A,A-000004273
6557,A,A-000004274
6557,B,B-000003937
6558,A,A-000004275
6558,A,A-000004276
6558,B,B-000003938
6559,A,A-000004277
6559,A,A-000004278
6559,B,B-000003939
6561,A,A-000004279
6561,A,A-000004280
6561,B,B-000003940
6562,A,A-000004281
6562,A,A-000004282
6562,B,B-000003941
6563,A,A-000004283
6563,A,A-000004284
6563,B,B-000003942
6564,A,A-000004285
6564,A,A-000004286
6564,B,B-000003943
6565,A,A-000004287
6565,A,A-000004288
6565,B,B-000003944
6568,A,A-000004289
6568,A,A-000004290
6568,B,B-000003945
6572,A,A-000004291
6572,A,A-000004292
6572,B,B-000003946
6573,A,A-000004293
6573,A,A-000004294
6573,B,B-000003947
6575,A,A-000004295
6575,A,A-000004296
6575,B,B-000003948
6577,A,A-000004297
6577,A,A-000004298
6577,B,B-000003949
6578,A,A-000004299
6578,A,A-000004300
6578,B,B-000003950
6580,A,A-000004301
6580,A,A-000004302
6580,B,B-000003951
6581,A,A-000004303
6581,A,A-000004304
6581,B,B-000003952
6584,A,A-000004305
6584,A,A-000004306
6584,B,B-000003953
6585,A,A-000004307
6585,A,A-000004308
6585,B,B-000003954
6588,A,A-000004309
6588,A,A-000004310
6588,B,B-000003955
6591,A,A-000004311
6591,A,A-000004312
6591,B,B-000003956
6593,A,A-000004313
6593,A,A-000004314
6593,B,B-000003957
6594,A,A-000004315
6594,A,A-000004316
6594,B,B-000003958
6595,A,A-000004317
6595,A,A-000004318
6595,B,B-000003959
6596,A,A-000004319
6596,A,A-000004320
6596,B,B-000003960
6597,A,A-000004321
6597,A,A-000004322
6597,B,B-000003961
6598,A,A-000004323
6598,A,A-000004324
6598,B,B-000003962
6599,A,A-000004325
6599,A,A-000004326
6599,B,B-000003963
6601,A,A-000004327
6601,A,A-000004328
6601,B,B-000003964
6602,A,A-000004329
6602,A,A-000004330
6602,B,B-000003965
6603,A,A-000004331
6603,A,A-000004332
6603,B,B-000003966
6608,A,A-000004333
6608,A,A-000004334
6608,B,B-000003967
6609,A,A-000004335
6609,A,A-000004336
6609,B,B-000003968
6611,A,A-000004337
6611,A,A-000004338
6611,B,B-000003969
6612,A,A-000004339
6612,A,A-000004340
6612,B,B-000003970
6614,A,A-000004341
6614,A,A-000004342
6614,B,B-000003971
6615,A,A-000004343
6615,A,A-000004344
6615,B,B-000003972
6618,A,A-000004345
6618,A,A-000004346
6618,B,B-000003973
6619,A,A-000004347
6619,A,A-000004348
6619,B,B-000003974
6621,A,A-000004349
6621,A,A-000004350
6621,B,B-000003975
6627,A,A-000004351
6627,A,A-000004352
6627,B,B-000003976
6629,A,A-000004353
6629,A,A-000004354
6629,B,B-000003977
6630,A,A-000004355
6630,A,A-000004356
6630,B,B-000003978
6631,A,A-000004357
6631,A,A-000004358
6631,B,B-000003979
6632,A,A-000004359
6632,A,A-000004360
6632,B,B-000003980
6633,A,A-000004361
6633,A,A-000004362
6633,B,B-000003981
6634,A,A-000004363
6634,A,A-000004364
6634,B,B-000003982
6636,A,A-000004365
6636,A,A-000004366
6636,B,B-000003983
6639,A,A-000004367
6639,A,A-000004368
6639,B,B-000003984
6641,A,A-000004369
6641,A,A-000004370
6641,B,B-000003985
6643,A,A-000004371
6643,A,A-000004372
6643,B,B-000003986
6644,A,A-000004373
6644,A,A-000004374
6644,B,B-000003987
6645,A,A-000004375
6645,A,A-000004376
6645,B,B-000003988
6647,A,A-000004377
6647,A,A-000004378
6647,B,B-000003989
6648,A,A-000004379
6648,A,A-000004380
6648,B,B-000003990
6649,A,A-000004381
6649,A,A-000004382
6649,B,B-000003991
6651,A,A-000004383
6651,A,A-000004384
6651,B,B-000003992
6653,A,A-000004385
6653,A,A-000004386
6653,B,B-000003993
6656,A,A-000004387
6656,A,A-000004388
6656,B,B-000003994
6661,A,A-000004389
6661,A,A-000004390
6661,B,B-000003995
6662,A,A-000004391
6662,A,A-000004392
6662,B,B-000003996
6663,A,A-000004393
6663,A,A-000004394
6663,B,B-000003997
6664,A,A-000004395
6664,A,A-000004396
6664,B,B-000003998
6665,A,A-000004397
6665,A,A-000004398
6665,B,B-000003999
6667,A,A-000004399
6667,A,A-000004400
6667,B,B-000004000
6669,A,A-000004401
6669,A,A-000004402
6669,B,B-000004001
6670,A,A-000004403
6670,A,A-000004404
6670,B,B-000004002
6671,A,A-000004405
6671,A,A-000004406
6671,B,B-000004003
6672,A,A-000004407
6672,A,A-000004408
6672,B,B-000004004
6673,A,A-000004409
6673,A,A-000004410
6673,B,B-000004005
6674,A,A-000004411
6674,A,A-000004412
6674,B,B-000004006
6676,A,A-000004413
6676,A,A-000004414
6676,B,B-000004007
6677,A,A-000004415
6677,A,A-000004416
6677,B,B-000004008
6680,A,A-000004417
6680,A,A-000004418
6680,B,B-000004009
6682,A,A-000004419
6682,A,A-000004420
6682,B,B-000004010
6684,A,A-000004421
6684,A,A-000004422
6684,B,B-000004011
6685,A,A-000004423
6685,A,A-000004424
6685,B,B-000004012
6690,A,A-000004425
6690,A,A-000004426
6690,B,B-000004013
6691,A,A-000004427
6691,A,A-000004428
6691,B,B-000004014
6692,A,A-000004429
6692,A,A-000004430
6692,B,B-000004015
6694,A,A-000004431
6694,A,A-000004432
6694,B,B-000004016
6697,A,A-000004433
6697,A,A-000004434
6697,B,B-000004017
6698,A,A-000004435
6698,A,A-000004436
6698,B,B-000004018
6699,A,A-000004437
6699,A,A-000004438
6699,B,B-000004019
6700,A,A-000004439
6700,A,A-000004440
6700,B,B-000004020
6701,A,A-000004441
6701,A,A-000004442
6701,B,B-000004021
6702,A,A-000004443
6702,A,A-000004444
6702,B,B-000004022
6704,A,A-000004445
6704,A,A-000004446
6704,B,B-000004023
6705,A,A-000004447
6705,A,A-000004448
6705,B,B-000004024
6706,A,A-000004449
6706,A,A-000004450
6706,B,B-000004025
6708,A,A-000004451
6708,A,A-000004452
6708,B,B-000004026
6709,A,A-000004453
6709,A,A-000004454
6709,B,B-000004027
6710,A,A-000004455
6710,A,A-000004456
6710,B,B-000004028
6711,A,A-000004457
6711,A,A-000004458
6711,B,B-000004029
6712,A,A-000004459
6712,A,A-000004460
6712,B,B-000004030
6715,A,A-000004461
6715,A,A-000004462
6715,B,B-000004031
6716,A,A-000004463
6716,A,A-000004464
6716,B,B-000004032
6720,A,A-000004465
6720,A,A-000004466
6720,B,B-000004033
6721,A,A-000004467
6721,A,A-000004468
6721,B,B-000004034
6723,A,A-000004469
6723,A,A-000004470
6723,B,B-000004035
6727,A,A-000004471
6727,A,A-000004472
6727,B,B-000004036
6729,A,A-000004473
6729,A,A-000004474
6729,B,B-000004037
6730,A,A-000004475
6730,A,A-000004476
6730,B,B-000004038
6731,A,A-000004477
6731,A,A-000004478
6731,B,B-000004039
6732,A,A-000004479
6732,A,A-000004480
6732,B,B-000004040
6737,A,A-000004481
6737,A,A-000004482
6737,B,B-000004041
6738,A,A-000004483
6738,A,A-000004484
6738,B,B-000004042
6741,A,A-000004485
6741,A,A-000004486
6741,B,B-000004043
6742,A,A-000004487
6742,A,A-000004488
6742,B,B-000004044
6743,A,A-000004489
6743,A,A-000004490
6743,B,B-000004045
6745,A,A-000004491
6745,A,A-000004492
6745,B,B-000004046
6747,A,A-000004493
6747,A,A-000004494
6747,B,B-000004047
6749,A,A-000004495
6749,A,A-000004496
6749,B,B-000004048
6750,A,A-000004497
6750,A,A-000004498
6750,B,B-000004049
6753,A,A-000004499
6753,A,A-000004500
6753,B,B-000004050
6760,A,A-000004501
6760,A,A-000004502
6760,B,B-000004051
6763,A,A-000004503
6763,A,A-000004504
6763,B,B-000004052
6765,A,A-000004505
6765,A,A-000004506
6765,B,B-000004053
6766,A,A-000004507
6766,A,A-000004508
6766,B,B-000004054
6767,A,A-000004509
6767,A,A-000004510
6767,B,B-000004055
6769,A,A-000004511
6769,A,A-000004512
6769,B,B-000004056
6770,A,A-000004513
6770,A,A-000004514
6770,B,B-000004057
6771,A,A-000004515
6771,A,A-000004516
6771,B,B-000004058
6773,A,A-000004517
6773,A,A-000004518
6773,B,B-000004059
6775,A,A-000004519
6775,A,A-000004520
6775,B,B-000004060
6777,A,A-000004521
6777,A,A-000004522
6777,B,B-000004061
6778,A,A-000004523
6778,A,A-000004524
6778,B,B-000004062
6779,A,A-000004525
6779,A,A-000004526
6779,B,B-000004063
6780,A,A-000004527
6780,A,A-000004528
6780,B,B-000004064
6782,A,A-000004529
6782,A,A-000004530
6782,B,B-000004065
6784,A,A-000004531
6784,A,A-000004532
6784,B,B-000004066
6785,A,A-000004533
6785,A,A-000004534
6785,B,B-000004067
6786,A,A-000004535
6786,A,A-000004536
6786,B,B-000004068
6787,A,A-000004537
6787,A,A-000004538
6787,B,B-000004069
6788,A,A-000004539
6788,A,A-000004540
6788,B,B-000004070
6789,A,A-000004541
6789,A,A-000004542
6789,B,B-000004071
6791,A,A-000004543
6791,A,A-000004544
6791,B,B-000004072
6792,A,A-000004545
6792,A,A-000004546
6792,B,B-000004073
6793,A,A-000004547
6793,A,A-000004548
6793,B,B-000004074
6794,A,A-000004549
6794,A,A-000004550
6794,B,B-000004075
6795,A,A-000004551
6795,A,A-000004552
6795,B,B-000004076
6797,A,A-000004553
6797,A,A-000004554
6797,B,B-000004077
6798,A,A-000004555
6798,A,A-000004556
6798,B,B-000004078
6800,A,A-000004557
6800,A,A-000004558
6800,B,B-000004079
6802,A,A-000004559
6802,A,A-000004560
6802,B,B-000004080
6803,A,A-000004561
6803,A,A-000004562
6803,B,B-000004081
6804,A,A-000004563
6804,A,A-000004564
6804,B,B-000004082
6806,A,A-000004565
6806,A,A-000004566
6806,B,B-000004083
6808,A,A-000004567
6808,A,A-000004568
6808,B,B-000004084
6809,A,A-000004569
6809,A,A-000004570
6809,B,B-000004085
6812,A,A-000004571
6812,A,A-000004572
6812,B,B-000004086
6815,A,A-000004573
6815,A,A-000004574
6815,B,B-000004087
6816,A,A-000004575
6816,A,A-000004576
6816,B,B-000004088
6817,A,A-000004577
6817,A,A-000004578
6817,B,B-000004089
6818,A,A-000004579
6818,A,A-000004580
6818,B,B-000004090
6819,A,A-000004581
6819,A,A-000004582
6819,B,B-000004091
6820,A,A-000004583
6820,A,A-000004584
6820,B,B-000004092
6823,A,A-000004585
6823,A,A-000004586
6823,B,B-000004093
6824,A,A-000004587
6824,A,A-000004588
6824,B,B-000004094
6827,A,A-000004589
6827,A,A-000004590
6827,B,B-000004095
6828,A,A-000004591
6828,A,A-000004592
6828,B,B-000004096
6832,A,A-000004593
6832,A,A-000004594
6832,B,B-000004097
6833,A,A-000004595
6833,A,A-000004596
6833,B,B-000004098
6834,A,A-000004597
6834,A,A-000004598
6834,B,B-000004099
6835,A,A-000004599
6835,A,A-000004600
6835,B,B-000004100
6836,A,A-000004601
6836,A,A-000004602
6836,B,B-000004101
6837,A,A-000004603
6837,A,A-000004604
6837,B,B-000004102
6838,A,A-000004605
6838,A,A-000004606
6838,B,B-000004103
6839,A,A-000004607
6839,A,A-000004608
6839,B,B-000004104
6840,A,A-000004609
6840,A,A-000004610
6840,B,B-000004105
6841,A,A-000004611
6841,A,A-000004612
6841,B,B-000004106
6844,A,A-000004613
6844,A,A-000004614
6844,B,B-000004107
6846,A,A-000004615
6846,A,A-000004616
6846,B,B-000004108
6848,A,A-000004617
6848,A,A-000004618
6848,B,B-000004109
6849,A,A-000004619
6849,A,A-000004620
6849,B,B-000004110
6850,A,A-000004621
6850,A,A-000004622
6850,B,B-000004111
6852,A,A-000004623
6852,A,A-000004624
6852,B,B-000004112
6853,A,A-000004625
6853,A,A-000004626
6853,B,B-000004113
6854,A,A-000004627
6854,A,A-000004628
6854,B,B-000004114
6856,A,A-000004629
6856,A,A-000004630
6856,B,B-000004115
6858,A,A-000004631
6858,A,A-000004632
6858,B,B-000004116
6859,A,A-000004633
6859,A,A-000004634
6859,B,B-000004117
6862,A,A-000004635
6862,A,A-000004636
6862,B,B-000004118
6864,A,A-000004637
6864,A,A-000004638
6864,B,B-000004119
6866,A,A-000004639
6866,A,A-000004640
6866,B,B-000004120
6867,A,A-000004641
6867,A,A-000004642
6867,B,B-000004121
6869,A,A-000004643
6869,A,A-000004644
6869,B,B-000004122
6870,A,A-000004645
6870,A,A-000004646
6870,B,B-000004123
6871,A,A-000004647
6871,A,A-000004648
6871,B,B-000004124
6875,A,A-000004649
6875,A,A-000004650
6875,B,B-000004125
6878,A,A-000004651
6878,A,A-000004652
6878,B,B-000004126
6879,A,A-000004653
6879,A,A-000004654
6879,B,B-000004127
6880,A,A-000004655
6880,A,A-000004656
6880,B,B-000004128
6881,A,A-000004657
6881,A,A-000004658
6881,B,B-000004129
6882,A,A-000004659
6882,A,A-000004660
6882,B,B-000004130
6884,A,A-000004661
6884,A,A-000004662
6884,B,B-000004131
6885,A,A-000004663
6885,A,A-000004664
6885,B,B-000004132
6886,A,A-000004665
6886,A,A-000004666
6886,B,B-000004133
6887,A,A-000004667
6887,A,A-000004668
6887,B,B-000004134
6888,A,A-000004669
6888,A,A-000004670
6888,B,B-000004135
6889,A,A-000004671
6889,A,A-000004672
6889,B,B-000004136
6890,A,A-000004673
6890,A,A-000004674
6890,B,B-000004137
6891,A,A-000004675
6891,A,A-000004676
6891,B,B-000004138
6892,A,A-000004677
6892,A,A-000004678
6892,B,B-000004139
6898,A,A-000004679
6898,A,A-000004680
6898,B,B-000004140
6899,A,A-000004681
6899,A,A-000004682
6899,B,B-000004141
6900,A,A-000004683
6900,A,A-000004684
6900,B,B-000004142
6901,A,A-000004685
6901,A,A-000004686
6901,B,B-000004143
6902,A,A-000004687
6902,A,A-000004688
6902,B,B-000004144
6903,A,A-000004689
6903,A,A-000004690
6903,B,B-000004145
6904,A,A-000004691
6904,A,A-000004692
6904,B,B-000004146
6906,A,A-000004693
6906,A,A-000004694
6906,B,B-000004147
6907,A,A-000004695
6907,A,A-000004696
6907,B,B-000004148
6908,A,A-000004697
6908,A,A-000004698
6908,B,B-000004149
6910,A,A-000004699
6910,A,A-000004700
6910,B,B-000004150
6911,A,A-000004701
6911,A,A-000004702
6911,B,B-000004151
6913,A,A-000004703
6913,A,A-000004704
6913,B,B-000004152
6914,A,A-000004705
6914,A,A-000004706
6914,B,B-000004153
6915,A,A-000004707
6915,A,A-000004708
6915,B,B-000004154
6917,A,A-000004709
6917,A,A-000004710
6917,B,B-000004155
6919,A,A-000004711
6919,A,A-000004712
6919,B,B-000004156
6920,A,A-000004713
6920,A,A-000004714
6920,B,B-000004157
6921,A,A-000004715
6921,A,A-000004716
6921,B,B-000004158
6923,A,A-000004717
6923,A,A-000004718
6923,B,B-000004159
6924,A,A-000004719
6924,A,A-000004720
6924,B,B-000004160
6927,A,A-000004721
6927,A,A-000004722
6927,B,B-000004161
6929,A,A-000004723
6929,A,A-000004724
6929,B,B-000004162
6931,A,A-000004725
6931,A,A-000004726
6931,B,B-000004163
6932,A,A-000004727
6932,A,A-000004728
6932,B,B-000004164
6933,A,A-000004729
6933,A,A-000004730
6933,B,B-000004165
6934,A,A-000004731
6934,A,A-000004732
6934,B,B-000004166
6935,A,A-000004733
6935,A,A-000004734
6935,B,B-000004167
6937,A,A-000004735
6937,A,A-000004736
6937,B,B-000004168
6939,A,A-000004737
6939,A,A-000004738
6939,B,B-000004169
6941,A,A-000004739
6941,A,A-000004740
6941,B,B-000004170
6944,A,A-000004741
6944,A,A-000004742
6944,B,B-000004171
6946,A,A-000004743
6946,A,A-000004744
6946,B,B-000004172
6948,A,A-000004745
6948,A,A-000004746
6948,B,B-000004173
6949,A,A-000004747
6949,A,A-000004748
6949,B,B-000004174
6953,A,A-000004749
6953,A,A-000004750
6953,B,B-000004175
6954,A,A-000004751
6954,A,A-000004752
6954,B,B-000004176
6955,A,A-000004753
6955,A,A-000004754
6955,B,B-000004177
6958,A,A-000004755
6958,A,A-000004756
6958,B,B-000004178
6959,A,A-000004757
6959,A,A-000004758
6959,B,B-000004179
6961,A,A-000004759
6961,A,A-000004760
6961,B,B-000004180
6962,A,A-000004761
6962,A,A-000004762
6962,B,B-000004181
6964,A,A-000004763
6964,A,A-000004764
6964,B,B-000004182
6965,A,A-000004765
6965,A,A-000004766
6965,B,B-000004183
6967,A,A-000004767
6967,A,A-000004768
6967,B,B-000004184
6968,A,A-000004769
6968,A,A-000004770
6968,B,B-000004185
6970,A,A-000004771
6970,A,A-000004772
6970,B,B-000004186
6971,A,A-000004773
6971,A,A-000004774
6971,B,B-000004187
6972,A,A-000004775
6972,A,A-000004776
6972,B,B-000004188
6973,A,A-000004777
6973,A,A-000004778
6973,B,B-000004189
6975,A,A-000004779
6975,A,A-000004780
6975,B,B-000004190
6976,A,A-000004781
6976,A,A-000004782
6976,B,B-000004191
6981,A,A-000004783
6981,A,A-000004784
6981,B,B-000004192
6982,A,A-000004785
6982,A,A-000004786
6982,B,B-000004193
6983,A,A-000004787
6983,A,A-000004788
6983,B,B-000004194
6984,A,A-000004789
6984,A,A-000004790
6984,B,B-000004195
6985,A,A-000004791
6985,A,A-000004792
6985,B,B-000004196
6986,A,A-000004793
6986,A,A-000004794
6986,B,B-000004197
6988,A,A-000004795
6988,A,A-000004796
6988,B,B-000004198
6990,A,A-000004797
6990,A,A-000004798
6990,B,B-000004199
6991,A,A-000004799
6991,A,A-000004800
6991,B,B-000004200
6992,A,A-000004801
6992,A,A-000004802
6992,B,B-000004201
6993,A,A-000004803
6993,A,A-000004804
6993,B,B-000004202
6994,A,A-000004805
6994,A,A-000004806
6994,B,B-000004203
6999,A,A-000004807
6999,A,A-000004808
6999,B,B-000004204
7001,A,A-000004809
7001,A,A-000004810
7001,B,B-000004205
7005,A,A-000004811
7005,A,A-000004812
7005,B,B-000004206
7006,A,A-000004813
7006,A,A-000004814
7006,B,B-000004207
7007,A,A-000004815
7007,A,A-000004816
7007,B,B-000004208
7009,A,A-000004817
7009,A,A-000004818
7009,B,B-000004209
7010,A,A-000004819
7010,A,A-000004820
7010,B,B-000004210
7011,A,A-000004821
7011,A,A-000004822
7011,B,B-000004211
7012,A,A-000004823
7012,A,A-000004824
7012,B,B-000004212
7018,A,A-000004825
7018,A,A-000004826
7018,B,B-000004213
7019,A,A-000004827
7019,A,A-000004828
7019,B,B-000004214
7020,A,A-000004829
7020,A,A-000004830
7020,B,B-000004215
7021,A,A-000004831
7021,A,A-000004832
7021,B,B-000004216
7024,A,A-000004833
7024,A,A-000004834
7024,B,B-000004217
7025,A,A-000004835
7025,A,A-000004836
7025,B,B-000004218
7027,A,A-000004837
7027,A,A-000004838
7027,B,B-000004219
7031,A,A-000004839
7031,A,A-000004840
7031,B,B-000004220
7032,A,A-000004841
7032,A,A-000004842
7032,B,B-000004221
7035,A,A-000004843
7035,A,A-000004844
7035,B,B-000004222
7036,A,A-000004845
7036,A,A-000004846
7036,B,B-000004223
7037,A,A-000004847
7037,A,A-000004848
7037,B,B-000004224
7040,A,A-000004849
7040,A,A-000004850
7040,B,B-000004225
7041,A,A-000004851
7041,A,A-000004852
7041,B,B-000004226
7042,A,A-000004853
7042,A,A-000004854
7042,B,B-000004227
7045,A,A-000004855
7045,A,A-000004856
7045,B,B-000004228
7046,A,A-000004857
7046,A,A-000004858
7046,B,B-000004229
7048,A,A-000004859
7048,A,A-000004860
7048,B,B-000004230
7049,A,A-000004861
7049,A,A-000004862
7049,B,B-000004231
7050,A,A-000004863
7050,A,A-000004864
7050,B,B-000004232
7051,A,A-000004865
7051,A,A-000004866
7051,B,B-000004233
7052,A,A-000004867
7052,A,A-000004868
7052,B,B-000004234
7055,A,A-000004869
7055,A,A-000004870
7055,B,B-000004235
7056,A,A-000004871
7056,A,A-000004872
7056,B,B-000004236
7058,A,A-000004873
7058,A,A-000004874
7058,B,B-000004237
7059,A,A-000004875
7059,A,A-000004876
7059,B,B-000004238
7060,A,A-000004877
7060,A,A-000004878
7060,B,B-000004239
7061,A,A-000004879
7061,A,A-000004880
7061,B,B-000004240
7062,A,A-000004881
7062,A,A-000004882
7062,B,B-000004241
7064,A,A-000004883
7064,A,A-000004884
7064,B,B-000004242
7065,A,A-000004885
7065,A,A-000004886
7065,B,B-000004243
7067,A,A-000004887
7067,A,A-000004888
7067,B,B-000004244
7068,A,A-000004889
7068,A,A-000004890
7068,B,B-000004245
7069,A,A-000004891
7069,A,A-000004892
7069,B,B-000004246
7072,A,A-000004893
7072,A,A-000004894
7072,B,B-000004247
7073,A,A-000004895
7073,A,A-000004896
7073,B,B-000004248
7074,A,A-000004897
7074,A,A-000004898
7074,B,B-000004249
7075,A,A-000004899
7075,A,A-000004900
7075,B,B-000004250
7076,A,A-000004901
7076,A,A-000004902
7076,B,B-000004251
7077,A,A-000004903
7077,A,A-000004904
7077,B,B-000004252
7083,A,A-000004905
7083,A,A-000004906
7083,B,B-000004253
7084,A,A-000004907
7084,A,A-000004908
7084,B,B-000004254
7085,A,A-000004909
7085,A,A-000004910
7085,B,B-000004255
7086,A,A-000004911
7086,A,A-000004912
7086,B,B-000004256
7087,A,A-000004913
7087,A,A-000004914
7087,B,B-000004257
7090,A,A-000004915
7090,A,A-000004916
7090,B,B-000004258
7093,A,A-000004917
7093,A,A-000004918
7093,B,B-000004259
7094,A,A-000004919
7094,A,A-000004920
7094,B,B-000004260
7095,A,A-000004921
7095,A,A-000004922
7095,B,B-000004261
7096,A,A-000004923
7096,A,A-000004924
7096,B,B-000004262
7098,A,A-000004925
7098,A,A-000004926
7098,B,B-000004263
7100,A,A-000004927
7100,A,A-000004928
7100,B,B-000004264
7103,A,A-000004929
7103,A,A-000004930
7103,B,B-000004265
7104,A,A-000004931
7104,A,A-000004932
7104,B,B-000004266
7105,A,A-000004933
7105,A,A-000004934
7105,B,B-000004267
7106,A,A-000004935
7106,A,A-000004936
7106,B,B-000004268
7108,A,A-000004937
7108,A,A-000004938
7108,B,B-000004269
7109,A,A-000004939
7109,A,A-000004940
7109,B,B-000004270
7111,A,A-000004941
7111,A,A-000004942
7111,B,B-000004271
7112,A,A-000004943
7112,A,A-000004944
7112,B,B-000004272
7113,A,A-000004945
7113,A,A-000004946
7113,B,B-000004273
7114,A,A-000004947
7114,A,A-000004948
7114,B,B-000004274
7115,A,A-000004949
7115,A,A-000004950
7115,B,B-000004275
7116,A,A-000004951
7116,A,A-000004952
7116,B,B-000004276
7118,A,A-000004953
7118,A,A-000004954
7118,B,B-000004277
7120,A,A-000004955
7120,A,A-000004956
7120,B,B-000004278
7121,A,A-000004957
7121,A,A-000004958
7121,B,B-000004279
7122,A,A-000004959
7122,A,A-000004960
7122,B,B-000004280
7123,A,A-000004961
7123,A,A-000004962
7123,B,B-000004281
7124,A,A-000004963
7124,A,A-000004964
7124,B,B-000004282
7127,A,A-000004965
7127,A,A-000004966
7127,B,B-000004283
7128,A,A-000004967
7128,A,A-000004968
7128,B,B-000004284
7129,A,A-000004969
7129,A,A-000004970
7129,B,B-000004285
7130,A,A-000004971
7130,A,A-000004972
7130,B,B-000004286
7131,A,A-000004973
7131,A,A-000004974
7131,B,B-000004287
7133,A,A-000004975
7133,A,A-000004976
7133,B,B-000004288
7134,A,A-000004977
7134,A,A-000004978
7134,B,B-000004289
7135,A,A-000004979
7135,A,A-000004980
7135,B,B-000004290
7137,A,A-000004981
7137,A,A-000004982
7137,B,B-000004291
7138,A,A-000004983
7138,A,A-000004984
7138,B,B-000004292
7139,A,A-000004985
7139,A,A-000004986
7139,B,B-000004293
7140,A,A-000004987
7140,A,A-000004988
7140,B,B-000004294
7143,A,A-000004989
7143,A,A-000004990
7143,B,B-000004295
7144,A,A-000004991
7144,A,A-000004992
7144,B,B-000004296
7145,A,A-000004993
7145,A,A-000004994
7145,B,B-000004297
7146,A,A-000004995
7146,A,A-000004996
7146,B,B-000004298
7147,A,A-000004997
7147,A,A-000004998
7147,B,B-000004299
7148,A,A-000004999
7148,A,A-000005000
7148,B,B-000004300
7149,A,A-000005001
7149,A,A-000005002
7149,B,B-000004301
7153,A,A-000005003
7153,A,A-000005004
7153,B,B-000004302
7154,A,A-000005005
7154,A,A-000005006
7154,B,B-000004303
7156,A,A-000005007
7156,A,A-000005008
7156,B,B-000004304
7158,A,A-000005009
7158,A,A-000005010
7158,B,B-000004305
7160,A,A-000005011
7160,A,A-000005012
7160,B,B-000004306
7163,A,A-000005013
7163,A,A-000005014
7163,B,B-000004307
7165,A,A-000005015
7165,A,A-000005016
7165,B,B-000004308
7169,A,A-000005017
7169,A,A-000005018
7169,B,B-000004309
7170,A,A-000005019
7170,A,A-000005020
7170,B,B-000004310
7171,A,A-000005021
7171,A,A-000005022
7171,B,B-000004311
7172,A,A-000005023
7172,A,A-000005024
7172,B,B-000004312
7174,A,A-000005025
7174,A,A-000005026
7174,B,B-000004313
7177,A,A-000005027
7177,A,A-000005028
7177,B,B-000004314
7180,A,A-000005029
7180,A,A-000005030
7180,B,B-000004315
7181,A,A-000005031
7181,A,A-000005032
7181,B,B-000004316
7182,A,A-000005033
7182,A,A-000005034
7182,B,B-000004317
7183,A,A-000005035
7183,A,A-000005036
7183,B,B-000004318
7185,A,A-000005037
7185,A,A-000005038
7185,B,B-000004319
7186,A,A-000005039
7186,A,A-000005040
7186,B,B-000004320
7187,A,A-000005041
7187,A,A-000005042
7187,B,B-000004321
7188,A,A-000005043
7188,A,A-000005044
7188,B,B-000004322
7191,A,A-000005045
7191,A,A-000005046
7191,B,B-000004323
7193,A,A-000005047
7193,A,A-000005048
7193,B,B-000004324
7195,A,A-000005049
7195,A,A-000005050
7195,B,B-000004325
7196,A,A-000005051
7196,A,A-000005052
7196,B,B-000004326
7198,A,A-000005053
7198,A,A-000005054
7198,B,B-000004327
7201,A,A-000005055
7201,A,A-000005056
7201,B,B-000004328
7202,A,A-000005057
7202,A,A-000005058
7202,B,B-000004329
7204,A,A-000005059
7204,A,A-000005060
7204,B,B-000004330
7206,A,A-000005061
7206,A,A-000005062
7206,B,B-000004331
7207,A,A-000005063
7207,A,A-000005064
7207,B,B-000004332
7208,A,A-000005065
7208,A,A-000005066
7208,B,B-000004333
7209,A,A-000005067
7209,A,A-000005068
7209,B,B-000004334
7211,A,A-000005069
7211,A,A-000005070
7211,B,B-000004335
7212,A,A-000005071
7212,A,A-000005072
7212,B,B-000004336
7213,A,A-000005073
7213,A,A-000005074
7213,B,B-000004337
7215,A,A-000005075
7215,A,A-000005076
7215,B,B-000004338
7217,A,A-000005077
7217,A,A-000005078
7217,B,B-000004339
7218,A,A-000005079
7218,A,A-000005080
7218,B,B-000004340
7220,A,A-000005081
7220,A,A-000005082
7220,B,B-000004341
7221,A,A-000005083
7221,A,A-000005084
7221,B,B-000004342
7226,A,A-000005085
7226,A,A-000005086
7226,B,B-000004343
7227,A,A-000005087
7227,A,A-000005088
7227,B,B-000004344
7228,A,A-000005089
7228,A,A-000005090
7228,B,B-000004345
7229,A,A-000005091
7229,A,A-000005092
7229,B,B-000004346
7231,A,A-000005093
7231,A,A-000005094
7231,B,B-000004347
7232,A,A-000005095
7232,A,A-000005096
7232,B,B-000004348
7233,A,A-000005097
7233,A,A-000005098
7233,B,B-000004349
7234,A,A-000005099
7234,A,A-000005100
7234,B,B-000004350
7235,A,A-000005101
7235,A,A-000005102
7235,B,B-000004351
7236,A,A-000005103
7236,A,A-000005104
7236,B,B-000004352
7237,A,A-000005105
7237,A,A-000005106
7237,B,B-000004353
7238,A,A-000005107
7238,A,A-000005108
7238,B,B-000004354
7240,A,A-000005109
7240,A,A-000005110
7240,B,B-000004355
7242,A,A-000005111
7242,A,A-000005112
7242,B,B-000004356
7243,A,A-000005113
7243,A,A-000005114
7243,B,B-000004357
7247,A,A-000005115
7247,A,A-000005116
7247,B,B-000004358
7248,A,A-000005117
7248,A,A-000005118
7248,B,B-000004359
7250,A,A-000005119
7250,A,A-000005120
7250,B,B-000004360
7251,A,A-000005121
7251,A,A-000005122
7251,B,B-000004361
7252,A,A-000005123
7252,A,A-000005124
7252,B,B-000004362
7253,A,A-000005125
7253,A,A-000005126
7253,B,B-000004363
7254,A,A-000005127
7254,A,A-000005128
7254,B,B-000004364
7256,A,A-000005129
7256,A,A-000005130
7256,B,B-000004365
7257,A,A-000005131
7257,A,A-000005132
7257,B,B-000004366
7259,A,A-000005133
7259,A,A-000005134
7259,B,B-000004367
7260,A,A-000005135
7260,A,A-000005136
7260,B,B-000004368
7263,A,A-000005137
7263,A,A-000005138
7263,B,B-000004369
7265,A,A-000005139
7265,A,A-000005140
7265,B,B-000004370
7266,A,A-000005141
7266,A,A-000005142
7266,B,B-000004371
7268,A,A-000005143
7268,A,A-000005144
7268,B,B-000004372
7269,A,A-000005145
7269,A,A-000005146
7269,B,B-000004373
7277,A,A-000005147
7277,A,A-000005148
7277,B,B-000004374
7281,A,A-000005149
7281,A,A-000005150
7281,B,B-000004375
7283,A,A-000005151
7283,A,A-000005152
7283,B,B-000004376
7285,A,A-000005153
7285,A,A-000005154
7285,B,B-000004377
7286,A,A-000005155
7286,A,A-000005156
7286,B,B-000004378
7287,A,A-000005157
7287,A,A-000005158
7287,B,B-000004379
7289,A,A-000005159
7289,A,A-000005160
7289,B,B-000004380
7292,A,A-000005161
7292,A,A-000005162
7292,B,B-000004381
7295,A,A-000005163
7295,A,A-000005164
7295,B,B-000004382
7296,A,A-000005165
7296,A,A-000005166
7296,B,B-000004383
7297,A,A-000005167
7297,A,A-000005168
7297,B,B-000004384
7298,A,A-000005169
7298,A,A-000005170
7298,B,B-000004385
7302,A,A-000005171
7302,A,A-000005172
7302,B,B-000004386
7303,A,A-000005173
7303,A,A-000005174
7303,B,B-000004387
7304,A,A-000005175
7304,A,A-000005176
7304,B,B-000004388
7305,A,A-000005177
7305,A,A-000005178
7305,B,B-000004389
7307,A,A-000005179
7307,A,A-000005180
7307,B,B-000004390
7310,A,A-000005181
7310,A,A-000005182
7310,B,B-000004391
7313,A,A-000005183
7313,A,A-000005184
7313,B,B-000004392
7314,A,A-000005185
7314,A,A-000005186
7314,B,B-000004393
7315,A,A-000005187
7315,A,A-000005188
7315,B,B-000004394
7316,A,A-000005189
7316,A,A-000005190
7316,B,B-000004395
7317,A,A-000005191
7317,A,A-000005192
7317,B,B-000004396
7318,A,A-000005193
7318,A,A-000005194
7318,B,B-000004397
7321,A,A-000005195
7321,A,A-000005196
7321,B,B-000004398
7322,A,A-000005197
7322,A,A-000005198
7322,B,B-000004399
7323,A,A-000005199
7323,A,A-000005200
7323,B,B-000004400
7324,A,A-000005201
7324,A,A-000005202
7324,B,B-000004401
7325,A,A-000005203
7325,A,A-000005204
7325,B,B-000004402
7326,A,A-000005205
7326,A,A-000005206
7326,B,B-000004403
7328,A,A-000005207
7328,A,A-000005208
7328,B,B-000004404
7330,A,A-000005209
7330,A,A-000005210
7330,B,B-000004405
7332,A,A-000005211
7332,A,A-000005212
7332,B,B-000004406
7333,A,A-000005213
7333,A,A-000005214
7333,B,B-000004407
7335,A,A-000005215
7335,A,A-000005216
7335,B,B-000004408
7336,A,A-000005217
7336,A,A-000005218
7336,B,B-000004409
7337,A,A-000005219
7337,A,A-000005220
7337,B,B-000004410
7339,A,A-000005221
7339,A,A-000005222
7339,B,B-000004411
7343,A,A-000005223
7343,A,A-000005224
7343,B,B-000004412
7345,A,A-000005225
7345,A,A-000005226
7345,B,B-000004413
7346,A,A-000005227
7346,A,A-000005228
7346,B,B-000004414
7347,A,A-000005229
7347,A,A-000005230
7347,B,B-000004415
7348,A,A-000005231
7348,A,A-000005232
7348,B,B-000004416
7349,A,A-000005233
7349,A,A-000005234
7349,B,B-000004417
7350,A,A-000005235
7350,A,A-000005236
7350,B,B-000004418
7351,A,A-000005237
7351,A,A-000005238
7351,B,B-000004419
7352,A,A-000005239
7352,A,A-000005240
7352,B,B-000004420
7354,A,A-000005241
7354,A,A-000005242
7354,B,B-000004421
7355,A,A-000005243
7355,A,A-000005244
7355,B,B-000004422
7356,A,A-000005245
7356,A,A-000005246
7356,B,B-000004423
7358,A,A-000005247
7358,A,A-000005248
7358,B,B-000004424
7359,A,A-000005249
7359,A,A-000005250
7359,B,B-000004425
7360,A,A-000005251
7360,A,A-000005252
7360,B,B-000004426
7361,A,A-000005253
7361,A,A-000005254
7361,B,B-000004427
7362,A,A-000005255
7362,A,A-000005256
7362,B,B-000004428
7363,A,A-000005257
7363,A,A-000005258
7363,B,B-000004429
7365,A,A-000005259
7365,A,A-000005260
7365,B,B-000004430
7366,A,A-000005261
7366,A,A-000005262
7366,B,B-000004431
7367,A,A-000005263
7367,A,A-000005264
7367,B,B-000004432
7369,A,A-000005265
7369,A,A-000005266
7369,B,B-000004433
7371,A,A-000005267
7371,A,A-000005268
7371,B,B-000004434
7372,A,A-000005269
7372,A,A-000005270
7372,B,B-000004435
7373,A,A-000005271
7373,A,A-000005272
7373,B,B-000004436
7374,A,A-000005273
7374,A,A-000005274
7374,B,B-000004437
7376,A,A-000005275
7376,A,A-000005276
7376,B,B-000004438
7380,A,A-000005277
7380,A,A-000005278
7380,B,B-000004439
7381,A,A-000005279
7381,A,A-000005280
7381,B,B-000004440
7382,A,A-000005281
7382,A,A-000005282
7382,B,B-000004441
7383,A,A-000005283
7383,A,A-000005284
7383,B,B-000004442
7384,A,A-000005285
7384,A,A-000005286
7384,B,B-000004443
7386,A,A-000005287
7386,A,A-000005288
7386,B,B-000004444
7387,A,A-000005289
7387,A,A-000005290
7387,B,B-000004445
7391,A,A-000005291
7391,A,A-000005292
7391,B,B-000004446
7393,A,A-000005293
7393,A,A-000005294
7393,B,B-000004447
7394,A,A-000005295
7394,A,A-000005296
7394,B,B-000004448
7395,A,A-000005297
7395,A,A-000005298
7395,B,B-000004449
7397,A,A-000005299
7397,A,A-000005300
7397,B,B-000004450
7401,A,A-000005301
7401,A,A-000005302
7401,B,B-000004451
7402,A,A-000005303
7402,A,A-000005304
7402,B,B-000004452
7403,A,A-000005305
7403,A,A-000005306
7403,B,B-000004453
7404,A,A-000005307
7404,A,A-000005308
7404,B,B-000004454
7405,A,A-000005309
7405,A,A-000005310
7405,B,B-000004455
7406,A,A-000005311
7406,A,A-000005312
7406,B,B-000004456
7407,A,A-000005313
7407,A,A-000005314
7407,B,B-000004457
7408,A,A-000005315
7408,A,A-000005316
7408,B,B-000004458
7412,A,A-000005317
7412,A,A-000005318
7412,B,B-000004459
7417,A,A-000005319
7417,A,A-000005320
7417,B,B-000004460
7418,A,A-000005321
7418,A,A-000005322
7418,B,B-000004461
7419,A,A-000005323
7419,A,A-000005324
7419,B,B-000004462
7420,A,A-000005325
7420,A,A-000005326
7420,B,B-000004463
7421,A,A-000005327
7421,A,A-000005328
7421,B,B-000004464
7422,A,A-000005329
7422,A,A-000005330
7422,B,B-000004465
7426,A,A-000005331
7426,A,A-000005332
7426,B,B-000004466
7427,A,A-000005333
7427,A,A-000005334
7427,B,B-000004467
7428,A,A-000005335
7428,A,A-000005336
7428,B,B-000004468
7429,A,A-000005337
7429,A,A-000005338
7429,B,B-000004469
7430,A,A-000005339
7430,A,A-000005340
7430,B,B-000004470
7433,A,A-000005341
7433,A,A-000005342
7433,B,B-000004471
7434,A,A-000005343
7434,A,A-000005344
7434,B,B-000004472
7436,A,A-000005345
7436,A,A-000005346
7436,B,B-000004473
7437,A,A-000005347
7437,A,A-000005348
7437,B,B-000004474
7438,A,A-000005349
7438,A,A-000005350
7438,B,B-000004475
7439,A,A-000005351
7439,A,A-000005352
7439,B,B-000004476
7441,A,A-000005353
7441,A,A-000005354
7441,B,B-000004477
7442,A,A-000005355
7442,A,A-000005356
7442,B,B-000004478
7444,A,A-000005357
7444,A,A-000005358
7444,B,B-000004479
7446,A,A-000005359
7446,A,A-000005360
7446,B,B-000004480
7447,A,A-000005361
7447,A,A-000005362
7447,B,B-000004481
7451,A,A-000005363
7451,A,A-000005364
7451,B,B-000004482
7452,A,A-000005365
7452,A,A-000005366
7452,B,B-000004483
7454,A,A-000005367
7454,A,A-000005368
7454,B,B-000004484
7455,A,A-000005369
7455,A,A-000005370
7455,B,B-000004485
7456,A,A-000005371
7456,A,A-000005372
7456,B,B-000004486
7457,A,A-000005373
7457,A,A-000005374
7457,B,B-000004487
7458,A,A-000005375
7458,A,A-000005376
7458,B,B-000004488
7460,A,A-000005377
7460,A,A-000005378
7460,B,B-000004489
7461,A,A-000005379
7461,A,A-000005380
7461,B,B-000004490
7464,A,A-000005381
7464,A,A-000005382
7464,B,B-000004491
7465,A,A-000005383
7465,A,A-000005384
7465,B,B-000004492
7466,A,A-000005385
7466,A,A-000005386
7466,B,B-000004493
7467,A,A-000005387
7467,A,A-000005388
7467,B,B-000004494
7469,A,A-000005389
7469,A,A-000005390
7469,B,B-000004495
7470,A,A-000005391
7470,A,A-000005392
7470,B,B-000004496
7474,A,A-000005393
7474,A,A-000005394
7474,B,B-000004497
7475,A,A-000005395
7475,A,A-000005396
7475,B,B-000004498
7478,A,A-000005397
7478,A,A-000005398
7478,B,B-000004499
7480,A,A-000005399
7480,A,A-000005400
7480,B,B-000004500
7481,A,A-000005401
7481,A,A-000005402
7481,B,B-000004501
7482,A,A-000005403
7482,A,A-000005404
7482,B,B-000004502
7483,A,A-000005405
7483,A,A-000005406
7483,B,B-000004503
7484,A,A-000005407
7484,A,A-000005408
7484,B,B-000004504
7485,A,A-000005409
7485,A,A-000005410
7485,B,B-000004505
7487,A,A-000005411
7487,A,A-000005412
7487,B,B-000004506
7488,A,A-000005413
7488,A,A-000005414
7488,B,B-000004507
7489,A,A-000005415
7489,A,A-000005416
7489,B,B-000004508
7490,A,A-000005417
7490,A,A-000005418
7490,B,B-000004509
7492,A,A-000005419
7492,A,A-000005420
7492,B,B-000004510
7493,A,A-000005421
7493,A,A-000005422
7493,B,B-000004511
7494,A,A-000005423
7494,A,A-000005424
7494,B,B-000004512
7496,A,A-000005425
7496,A,A-000005426
7496,B,B-000004513
7497,A,A-000005427
7497,A,A-000005428
7497,B,B-000004514
7498,A,A-000005429
7498,A,A-000005430
7498,B,B-000004515
7500,A,A-000005431
7500,A,A-000005432
7500,B,B-000004516
7502,A,A-000005433
7502,A,A-000005434
7502,B,B-000004517
7503,A,A-000005435
7503,A,A-000005436
7503,B,B-000004518
7504,A,A-000005437
7504,A,A-000005438
7504,B,B-000004519
7505,A,A-000005439
7505,A,A-000005440
7505,B,B-000004520
7506,A,A-000005441
7506,A,A-000005442
7506,B,B-000004521
7507,A,A-000005443
7507,A,A-000005444
7507,B,B-000004522
7510,A,A-000005445
7510,A,A-000005446
7510,B,B-000004523
7512,A,A-000005447
7512,A,A-000005448
7512,B,B-000004524
7513,A,A-000005449
7513,A,A-000005450
7513,B,B-000004525
7516,A,A-000005451
7516,A,A-000005452
7516,B,B-000004526
7517,A,A-000005453
7517,A,A-000005454
7517,B,B-000004527
7518,A,A-000005455
7518,A,A-000005456
7518,B,B-000004528
7519,A,A-000005457
7519,A,A-000005458
7519,B,B-000004529
7522,A,A-000005459
7522,A,A-000005460
7522,B,B-000004530
7523,A,A-000005461
7523,A,A-000005462
7523,B,B-000004531
7525,A,A-000005463
7525,A,A-000005464
7525,B,B-000004532
7528,A,A-000005465
7528,A,A-000005466
7528,B,B-000004533
7530,A,A-000005467
7530,A,A-000005468
7530,B,B-000004534
7531,A,A-000005469
7531,A,A-000005470
7531,B,B-000004535
7532,A,A-000005471
7532,A,A-000005472
7532,B,B-000004536
7533,A,A-000005473
7533,A,A-000005474
7533,B,B-000004537
7534,A,A-000005475
7534,A,A-000005476
7534,B,B-000004538
7535,A,A-000005477
7535,A,A-000005478
7535,B,B-000004539
7538,A,A-000005479
7538,A,A-000005480
7538,B,B-000004540
7539,A,A-000005481
7539,A,A-000005482
7539,B,B-000004541
7540,A,A-000005483
7540,A,A-000005484
7540,B,B-000004542
7541,A,A-000005485
7541,A,A-000005486
7541,B,B-000004543
7543,A,A-000005487
7543,A,A-000005488
7543,B,B-000004544
7544,A,A-000005489
7544,A,A-000005490
7544,B,B-000004545
7545,A,A-000005491
7545,A,A-000005492
7545,B,B-000004546
7546,A,A-000005493
7546,A,A-000005494
7546,B,B-000004547
7547,A,A-000005495
7547,A,A-000005496
7547,B,B-000004548
7548,A,A-000005497
7548,A,A-000005498
7548,B,B-000004549
7550,A,A-000005499
7550,A,A-000005500
7550,B,B-000004550
7551,A,A-000005501
7551,A,A-000005502
7551,B,B-000004551
7552,A,A-000005503
7552,A,A-000005504
7552,B,B-000004552
7553,A,A-000005505
7553,A,A-000005506
7553,B,B-000004553
7554,A,A-000005507
7554,A,A-000005508
7554,B,B-000004554
7555,A,A-000005509
7555,A,A-000005510
7555,B,B-000004555
7556,A,A-000005511
7556,A,A-000005512
7556,B,B-000004556
7557,A,A-000005513
7557,A,A-000005514
7557,B,B-000004557
7558,A,A-000005515
7558,A,A-000005516
7558,B,B-000004558
7559,A,A-000005517
7559,A,A-000005518
7559,B,B-000004559
7560,A,A-000005519
7560,A,A-000005520
7560,B,B-000004560
7561,A,A-000005521
7561,A,A-000005522
7561,B,B-000004561
7562,A,A-000005523
7562,A,A-000005524
7562,B,B-000004562
7563,A,A-000005525
7563,A,A-000005526
7563,B,B-000004563
7564,A,A-000005527
7564,A,A-000005528
7564,B,B-000004564
7565,A,A-000005529
7565,A,A-000005530
7565,B,B-000004565
7567,A,A-000005531
7567,A,A-000005532
7567,B,B-000004566
7568,A,A-000005533
7568,A,A-000005534
7568,B,B-000004567
7570,A,A-000005535
7570,A,A-000005536
7570,B,B-000004568
7571,A,A-000005537
7571,A,A-000005538
7571,B,B-000004569
7572,A,A-000005539
7572,A,A-000005540
7572,B,B-000004570
7573,A,A-000005541
7573,A,A-000005542
7573,B,B-000004571
7574,A,A-000005543
7574,A,A-000005544
7574,B,B-000004572
7575,A,A-000005545
7575,A,A-000005546
7575,B,B-000004573
7578,A,A-000005547
7578,A,A-000005548
7578,B,B-000004574
7580,A,A-000005549
7580,A,A-000005550
7580,B,B-000004575
7581,A,A-000005551
7581,A,A-000005552
7581,B,B-000004576
7582,A,A-000005553
7582,A,A-000005554
7582,B,B-000004577
7583,A,A-000005555
7583,A,A-000005556
7583,B,B-000004578
7586,A,A-000005557
7586,A,A-000005558
7586,B,B-000004579
7588,A,A-000005559
7588,A,A-000005560
7588,B,B-000004580
7589,A,A-000005561
7589,A,A-000005562
7589,B,B-000004581
7590,A,A-000005563
7590,A,A-000005564
7590,B,B-000004582
7592,A,A-000005565
7592,A,A-000005566
7592,B,B-000004583
7593,A,A-000005567
7593,A,A-000005568
7593,B,B-000004584
7594,A,A-000005569
7594,A,A-000005570
7594,B,B-000004585
7595,A,A-000005571
7595,A,A-000005572
7595,B,B-000004586
7597,A,A-000005573
7597,A,A-000005574
7597,B,B-000004587
7598,A,A-000005575
7598,A,A-000005576
7598,B,B-000004588
7599,A,A-000005577
7599,A,A-000005578
7599,B,B-000004589
7603,A,A-000005579
7603,A,A-000005580
7603,B,B-000004590
7604,A,A-000005581
7604,A,A-000005582
7604,B,B-000004591
7605,A,A-000005583
7605,A,A-000005584
7605,B,B-000004592
7606,A,A-000005585
7606,A,A-000005586
7606,B,B-000004593
7609,A,A-000005587
7609,A,A-000005588
7609,B,B-000004594
7610,A,A-000005589
7610,A,A-000005590
7610,B,B-000004595
7611,A,A-000005591
7611,A,A-000005592
7611,B,B-000004596
7612,A,A-000005593
7612,A,A-000005594
7612,B,B-000004597
7614,A,A-000005595
7614,A,A-000005596
7614,B,B-000004598
7617,A,A-000005597
7617,A,A-000005598
7617,B,B-000004599
7619,A,A-000005599
7619,A,A-000005600
7619,B,B-000004600
7620,A,A-000005601
7620,A,A-000005602
7620,B,B-000004601
7622,A,A-000005603
7622,A,A-000005604
7622,B,B-000004602
7626,A,A-000005605
7626,A,A-000005606
7626,B,B-000004603
7627,A,A-000005607
7627,A,A-000005608
7627,B,B-000004604
7629,A,A-000005609
7629,A,A-000005610
7629,B,B-000004605
7632,A,A-000005611
7632,A,A-000005612
7632,B,B-000004606
7633,A,A-000005613
7633,A,A-000005614
7633,B,B-000004607
7634,A,A-000005615
7634,A,A-000005616
7634,B,B-000004608
7635,A,A-000005617
7635,A,A-000005618
7635,B,B-000004609
7638,A,A-000005619
7638,A,A-000005620
7638,B,B-000004610
7643,A,A-000005621
7643,A,A-000005622
7643,B,B-000004611
7646,A,A-000005623
7646,A,A-000005624
7646,B,B-000004612
7648,A,A-000005625
7648,A,A-000005626
7648,B,B-000004613
7649,A,A-000005627
7649,A,A-000005628
7649,B,B-000004614
7650,A,A-000005629
7650,A,A-000005630
7650,B,B-000004615
7651,A,A-000005631
7651,A,A-000005632
7651,B,B-000004616
7652,A,A-000005633
7652,A,A-000005634
7652,B,B-000004617
7653,A,A-000005635
7653,A,A-000005636
7653,B,B-000004618
7654,A,A-000005637
7654,A,A-000005638
7654,B,B-000004619
7655,A,A-000005639
7655,A,A-000005640
7655,B,B-000004620
7656,A,A-000005641
7656,A,A-000005642
7656,B,B-000004621
7657,A,A-000005643
7657,A,A-000005644
7657,B,B-000004622
7659,A,A-000005645
7659,A,A-000005646
7659,B,B-000004623
7660,A,A-000005647
7660,A,A-000005648
7660,B,B-000004624
7663,A,A-000005649
7663,A,A-000005650
7663,B,B-000004625
7664,A,A-000005651
7664,A,A-000005652
7664,B,B-000004626
7665,A,A-000005653
7665,A,A-000005654
7665,B,B-000004627
7666,A,A-000005655
7666,A,A-000005656
7666,B,B-000004628
7667,A,A-000005657
7667,A,A-000005658
7667,B,B-000004629
7669,A,A-000005659
7669,A,A-000005660
7669,B,B-000004630
7670,A,A-000005661
7670,A,A-000005662
7670,B,B-000004631
7673,A,A-000005663
7673,A,A-000005664
7673,B,B-000004632
7674,A,A-000005665
7674,A,A-000005666
7674,B,B-000004633
7676,A,A-000005667
7676,A,A-000005668
7676,B,B-000004634
7677,A,A-000005669
7677,A,A-000005670
7677,B,B-000004635
7678,A,A-000005671
7678,A,A-000005672
7678,B,B-000004636
7679,A,A-000005673
7679,A,A-000005674
7679,B,B-000004637
7680,A,A-000005675
7680,A,A-000005676
7680,B,B-000004638
7681,A,A-000005677
7681,A,A-000005678
7681,B,B-000004639
7682,A,A-000005679
7682,A,A-000005680
7682,B,B-000004640
7684,A,A-000005681
7684,A,A-000005682
7684,B,B-000004641
7685,A,A-000005683
7685,A,A-000005684
7685,B,B-000004642
7686,A,A-000005685
7686,A,A-000005686
7686,B,B-000004643
7687,A,A-000005687
7687,A,A-000005688
7687,B,B-000004644
7688,A,A-000005689
7688,A,A-000005690
7688,B,B-000004645
7693,A,A-000005691
7693,A,A-000005692
7693,B,B-000004646
7694,A,A-000005693
7694,A,A-000005694
7694,B,B-000004647
7697,A,A-000005695
7697,A,A-000005696
7697,B,B-000004648
7700,A,A-000005697
7700,A,A-000005698
7700,B,B-000004649
7701,A,A-000005699
7701,A,A-000005700
7701,B,B-000004650
7702,A,A-000005701
7702,A,A-000005702
7702,B,B-000004651
7703,A,A-000005703
7703,A,A-000005704
7703,B,B-000004652
7705,A,A-000005705
7705,A,A-000005706
7705,B,B-000004653
7706,A,A-000005707
7706,A,A-000005708
7706,B,B-000004654
7708,A,A-000005709
7708,A,A-000005710
7708,B,B-000004655
7709,A,A-000005711
7709,A,A-000005712
7709,B,B-000004656
7710,A,A-000005713
7710,A,A-000005714
7710,B,B-000004657
7711,A,A-000005715
7711,A,A-000005716
7711,B,B-000004658
7712,A,A-000005717
7712,A,A-000005718
7712,B,B-000004659
7713,A,A-000005719
7713,A,A-000005720
7713,B,B-000004660
7715,A,A-000005721
7715,A,A-000005722
7715,B,B-000004661
7716,A,A-000005723
7716,A,A-000005724
7716,B,B-000004662
7717,A,A-000005725
7717,A,A-000005726
7717,B,B-000004663
7718,A,A-000005727
7718,A,A-000005728
7718,B,B-000004664
7719,A,A-000005729
7719,A,A-000005730
7719,B,B-000004665
7720,A,A-000005731
7720,A,A-000005732
7720,B,B-000004666
7721,A,A-000005733
7721,A,A-000005734
7721,B,B-000004667
7724,A,A-000005735
7724,A,A-000005736
7724,B,B-000004668
7725,A,A-000005737
7725,A,A-000005738
7725,B,B-000004669
7726,A,A-000005739
7726,A,A-000005740
7726,B,B-000004670
7727,A,A-000005741
7727,A,A-000005742
7727,B,B-000004671
7729,A,A-000005743
7729,A,A-000005744
7729,B,B-000004672
7731,A,A-000005745
7731,A,A-000005746
7731,B,B-000004673
7733,A,A-000005747
7733,A,A-000005748
7733,B,B-000004674
7734,A,A-000005749
7734,A,A-000005750
7734,B,B-000004675
7735,A,A-000005751
7735,A,A-000005752
7735,B,B-000004676
7736,A,A-000005753
7736,A,A-000005754
7736,B,B-000004677
7737,A,A-000005755
7737,A,A-000005756
7737,B,B-000004678
7741,A,A-000005757
7741,A,A-000005758
7741,B,B-000004679
7742,A,A-000005759
7742,A,A-000005760
7742,B,B-000004680
7746,A,A-000005761
7746,A,A-000005762
7746,B,B-000004681
7747,A,A-000005763
7747,A,A-000005764
7747,B,B-000004682
7749,A,A-000005765
7749,A,A-000005766
7749,B,B-000004683
7751,A,A-000005767
7751,A,A-000005768
7751,B,B-000004684
7752,A,A-000005769
7752,A,A-000005770
7752,B,B-000004685
7753,A,A-000005771
7753,A,A-000005772
7753,B,B-000004686
7754,A,A-000005773
7754,A,A-000005774
7754,B,B-000004687
7755,A,A-000005775
7755,A,A-000005776
7755,B,B-000004688
7756,A,A-000005777
7756,A,A-000005778
7756,B,B-000004689
7757,A,A-000005779
7757,A,A-000005780
7757,B,B-000004690
7758,A,A-000005781
7758,A,A-000005782
7758,B,B-000004691
7759,A,A-000005783
7759,A,A-000005784
7759,B,B-000004692
7763,A,A-000005785
7763,A,A-000005786
7763,B,B-000004693
7765,A,A-000005787
7765,A,A-000005788
7765,B,B-000004694
7766,A,A-000005789
7766,A,A-000005790
7766,B,B-000004695
7767,A,A-000005791
7767,A,A-000005792
7767,B,B-000004696
7770,A,A-000005793
7770,A,A-000005794
7770,B,B-000004697
7771,A,A-000005795
7771,A,A-000005796
7771,B,B-000004698
7772,A,A-000005797
7772,A,A-000005798
7772,B,B-000004699
7773,A,A-000005799
7773,A,A-000005800
7773,B,B-000004700
7774,A,A-000005801
7774,A,A-000005802
7774,B,B-000004701
7775,A,A-000005803
7775,A,A-000005804
7775,B,B-000004702
7776,A,A-000005805
7776,A,A-000005806
7776,B,B-000004703
7777,A,A-000005807
7777,A,A-000005808
7777,B,B-000004704
7778,A,A-000005809
7778,A,A-000005810
7778,B,B-000004705
7779,A,A-000005811
7779,A,A-000005812
7779,B,B-000004706
7782,A,A-000005813
7782,A,A-000005814
7782,B,B-000004707
7784,A,A-000005815
7784,A,A-000005816
7784,B,B-000004708
7785,A,A-000005817
7785,A,A-000005818
7785,B,B-000004709
7787,A,A-000005819
7787,A,A-000005820
7787,B,B-000004710
7789,A,A-000005821
7789,A,A-000005822
7789,B,B-000004711
7790,A,A-000005823
7790,A,A-000005824
7790,B,B-000004712
7791,A,A-000005825
7791,A,A-000005826
7791,B,B-000004713
7794,A,A-000005827
7794,A,A-000005828
7794,B,B-000004714
7795,A,A-000005829
7795,A,A-000005830
7795,B,B-000004715
7797,A,A-000005831
7797,A,A-000005832
7797,B,B-000004716
7798,A,A-000005833
7798,A,A-000005834
7798,B,B-000004717
7804,A,A-000005835
7804,A,A-000005836
7804,B,B-000004718
7805,A,A-000005837
7805,A,A-000005838
7805,B,B-000004719
7808,A,A-000005839
7808,A,A-000005840
7808,B,B-000004720
7809,A,A-000005841
7809,A,A-000005842
7809,B,B-000004721
7810,A,A-000005843
7810,A,A-000005844
7810,B,B-000004722
7812,A,A-000005845
7812,A,A-000005846
7812,B,B-000004723
7816,A,A-000005847
7816,A,A-000005848
7816,B,B-000004724
7817,A,A-000005849
7817,A,A-000005850
7817,B,B-000004725
7818,A,A-000005851
7818,A,A-000005852
7818,B,B-000004726
7819,A,A-000005853
7819,A,A-000005854
7819,B,B-000004727
7820,A,A-000005855
7820,A,A-000005856
7820,B,B-000004728
7822,A,A-000005857
7822,A,A-000005858
7822,B,B-000004729
7823,A,A-000005859
7823,A,A-000005860
7823,B,B-000004730
7824,A,A-000005861
7824,A,A-000005862
7824,B,B-000004731
7825,A,A-000005863
7825,A,A-000005864
7825,B,B-000004732
7827,A,A-000005865
7827,A,A-000005866
7827,B,B-000004733
7828,A,A-000005867
7828,A,A-000005868
7828,B,B-000004734
7829,A,A-000005869
7829,A,A-000005870
7829,B,B-000004735
7832,A,A-000005871
7832,A,A-000005872
7832,B,B-000004736
7833,A,A-000005873
7833,A,A-000005874
7833,B,B-000004737
7835,A,A-000005875
7835,A,A-000005876
7835,B,B-000004738
7837,A,A-000005877
7837,A,A-000005878
7837,B,B-000004739
7839,A,A-000005879
7839,A,A-000005880
7839,B,B-000004740
7840,A,A-000005881
7840,A,A-000005882
7840,B,B-000004741
7842,A,A-000005883
7842,A,A-000005884
7842,B,B-000004742
7843,A,A-000005885
7843,A,A-000005886
7843,B,B-000004743
7844,A,A-000005887
7844,A,A-000005888
7844,B,B-000004744
7847,A,A-000005889
7847,A,A-000005890
7847,B,B-000004745
7848,A,A-000005891
7848,A,A-000005892
7848,B,B-000004746
7849,A,A-000005893
7849,A,A-000005894
7849,B,B-000004747
7850,A,A-000005895
7850,A,A-000005896
7850,B,B-000004748
7851,A,A-000005897
7851,A,A-000005898
7851,B,B-000004749
7852,A,A-000005899
7852,A,A-000005900
7852,B,B-000004750
7853,A,A-000005901
7853,A,A-000005902
7853,B,B-000004751
7854,A,A-000005903
7854,A,A-000005904
7854,B,B-000004752
7855,A,A-000005905
7855,A,A-000005906
7855,B,B-000004753
7857,A,A-000005907
7857,A,A-000005908
7857,B,B-000004754
7860,A,A-000005909
7860,A,A-000005910
7860,B,B-000004755
7865,A,A-000005911
7865,A,A-000005912
7865,B,B-000004756
7867,A,A-000005913
7867,A,A-000005914
7867,B,B-000004757
7869,A,A-000005915
7869,A,A-000005916
7869,B,B-000004758
7871,A,A-000005917
7871,A,A-000005918
7871,B,B-000004759
7872,A,A-000005919
7872,A,A-000005920
7872,B,B-000004760
7873,A,A-000005921
7873,A,A-000005922
7873,B,B-000004761
7875,A,A-000005923
7875,A,A-000005924
7875,B,B-000004762
7876,A,A-000005925
7876,A,A-000005926
7876,B,B-000004763
7878,A,A-000005927
7878,A,A-000005928
7878,B,B-000004764
7880,A,A-000005929
7880,A,A-000005930
7880,B,B-000004765
7881,A,A-000005931
7881,A,A-000005932
7881,B,B-000004766
7883,A,A-000005933
7883,A,A-000005934
7883,B,B-000004767
7884,A,A-000005935
7884,A,A-000005936
7884,B,B-000004768
7885,A,A-000005937
7885,A,A-000005938
7885,B,B-000004769
7886,A,A-000005939
7886,A,A-000005940
7886,B,B-000004770
7888,A,A-000005941
7888,A,A-000005942
7888,B,B-000004771
7889,A,A-000005943
7889,A,A-000005944
7889,B,B-000004772
7890,A,A-000005945
7890,A,A-000005946
7890,B,B-000004773
7891,A,A-000005947
7891,A,A-000005948
7891,B,B-000004774
7892,A,A-000005949
7892,A,A-000005950
7892,B,B-000004775
7893,A,A-000005951
7893,A,A-000005952
7893,B,B-000004776
7894,A,A-000005953
7894,A,A-000005954
7894,B,B-000004777
7895,A,A-000005955
7895,A,A-000005956
7895,B,B-000004778
7896,A,A-000005957
7896,A,A-000005958
7896,B,B-000004779
7897,A,A-000005959
7897,A,A-000005960
7897,B,B-000004780
7898,A,A-000005961
7898,A,A-000005962
7898,B,B-000004781
7899,A,A-000005963
7899,A,A-000005964
7899,B,B-000004782
7900,A,A-000005965
7900,A,A-000005966
7900,B,B-000004783
7901,A,A-000005967
7901,A,A-000005968
7901,B,B-000004784
7902,A,A-000005969
7902,A,A-000005970
7902,B,B-000004785
7905,A,A-000005971
7905,A,A-000005972
7905,B,B-000004786
7906,A,A-000005973
7906,A,A-000005974
7906,B,B-000004787
7907,A,A-000005975
7907,A,A-000005976
7907,B,B-000004788
7909,A,A-000005977
7909,A,A-000005978
7909,B,B-000004789
7912,A,A-000005979
7912,A,A-000005980
7912,B,B-000004790
7916,A,A-000005981
7916,A,A-000005982
7916,B,B-000004791
7917,A,A-000005983
7917,A,A-000005984
7917,B,B-000004792
7920,A,A-000005985
7920,A,A-000005986
7920,B,B-000004793
7921,A,A-000005987
7921,A,A-000005988
7921,B,B-000004794
7923,A,A-000005989
7923,A,A-000005990
7923,B,B-000004795
7924,A,A-000005991
7924,A,A-000005992
7924,B,B-000004796
7926,A,A-000005993
7926,A,A-000005994
7926,B,B-000004797
7927,A,A-000005995
7927,A,A-000005996
7927,B,B-000004798
7928,A,A-000005997
7928,A,A-000005998
7928,B,B-000004799
7929,A,A-000005999
7929,A,A-000006000
7929,B,B-000004800
7930,A,A-000006001
7930,A,A-000006002
7930,B,B-000004801
7933,A,A-000006003
7933,A,A-000006004
7933,B,B-000004802
7934,A,A-000006005
7934,A,A-000006006
7934,B,B-000004803
7936,A,A-000006007
7936,A,A-000006008
7936,B,B-000004804
7940,A,A-000006009
7940,A,A-000006010
7940,B,B-000004805
7941,A,A-000006011
7941,A,A-000006012
7941,B,B-000004806
7944,A,A-000006013
7944,A,A-000006014
7944,B,B-000004807
7945,A,A-000006015
7945,A,A-000006016
7945,B,B-000004808
7948,A,A-000006017
7948,A,A-000006018
7948,B,B-000004809
7950,A,A-000006019
7950,A,A-000006020
7950,B,B-000004810
7952,A,A-000006021
7952,A,A-000006022
7952,B,B-000004811
7953,A,A-000006023
7953,A,A-000006024
7953,B,B-000004812
7955,A,A-000006025
7955,A,A-000006026
7955,B,B-000004813
7956,A,A-000006027
7956,A,A-000006028
7956,B,B-000004814
7959,A,A-000006029
7959,A,A-000006030
7959,B,B-000004815
7962,A,A-000006031
7962,A,A-000006032
7962,B,B-000004816
7964,A,A-000006033
7964,A,A-000006034
7964,B,B-000004817
7965,A,A-000006035
7965,A,A-000006036
7965,B,B-000004818
7966,A,A-000006037
7966,A,A-000006038
7966,B,B-000004819
7967,A,A-000006039
7967,A,A-000006040
7967,B,B-000004820
7969,A,A-000006041
7969,A,A-000006042
7969,B,B-000004821
7970,A,A-000006043
7970,A,A-000006044
7970,B,B-000004822
7972,A,A-000006045
7972,A,A-000006046
7972,B,B-000004823
7973,A,A-000006047
7973,A,A-000006048
7973,B,B-000004824
7974,A,A-000006049
7974,A,A-000006050
7974,B,B-000004825
7975,A,A-000006051
7975,A,A-000006052
7975,B,B-000004826
7977,A,A-000006053
7977,A,A-000006054
7977,B,B-000004827
7979,A,A-000006055
7979,A,A-000006056
7979,B,B-000004828
7981,A,A-000006057
7981,A,A-000006058
7981,B,B-000004829
7982,A,A-000006059
7982,A,A-000006060
7982,B,B-000004830
7983,A,A-000006061
7983,A,A-000006062
7983,B,B-000004831
7984,A,A-000006063
7984,A,A-000006064
7984,B,B-000004832
7985,A,A-000006065
7985,A,A-000006066
7985,B,B-000004833
7986,A,A-000006067
7986,A,A-000006068
7986,B,B-000004834
7988,A,A-000006069
7988,A,A-000006070
7988,B,B-000004835
7990,A,A-000006071
7990,A,A-000006072
7990,B,B-000004836
7991,A,A-000006073
7991,A,A-000006074
7991,B,B-000004837
7992,A,A-000006075
7992,A,A-000006076
7992,B,B-000004838
7995,A,A-000006077
7995,A,A-000006078
7995,B,B-000004839
7999,A,A-000006079
7999,A,A-000006080
7999,B,B-000004840
8000,A,A-000006081
8000,A,A-000006082
8000,B,B-000004841
8002,A,A-000006083
8002,A,A-000006084
8002,B,B-000004842
8005,A,A-000006085
8005,A,A-000006086
8005,B,B-000004843
8006,A,A-000006087
8006,A,A-000006088
8006,B,B-000004844
8007,A,A-000006089
8007,A,A-000006090
8007,B,B-000004845
8008,A,A-000006091
8008,A,A-000006092
8008,B,B-000004846
8009,A,A-000006093
8009,A,A-000006094
8009,B,B-000004847
8013,A,A-000006095
8013,A,A-000006096
8013,B,B-000004848
8014,A,A-000006097
8014,A,A-000006098
8014,B,B-000004849
8015,A,A-000006099
8015,A,A-000006100
8015,B,B-000004850
8016,A,A-000006101
8016,A,A-000006102
8016,B,B-000004851
8018,A,A-000006103
8018,A,A-000006104
8018,B,B-000004852
8019,A,A-000006105
8019,A,A-000006106
8019,B,B-000004853
8021,A,A-000006107
8021,A,A-000006108
8021,B,B-000004854
8023,A,A-000006109
8023,A,A-000006110
8023,B,B-000004855
8024,A,A-000006111
8024,A,A-000006112
8024,B,B-000004856
8025,A,A-000006113
8025,A,A-000006114
8025,B,B-000004857
8027,A,A-000006115
8027,A,A-000006116
8027,B,B-000004858
8028,A,A-000006117
8028,A,A-000006118
8028,B,B-000004859
8029,A,A-000006119
8029,A,A-000006120
8029,B,B-000004860
8031,A,A-000006121
8031,A,A-000006122
8031,B,B-000004861
8032,A,A-000006123
8032,A,A-000006124
8032,B,B-000004862
8034,A,A-000006125
8034,A,A-000006126
8034,B,B-000004863
8035,A,A-000006127
8035,A,A-000006128
8035,B,B-000004864
8036,A,A-000006129
8036,A,A-000006130
8036,B,B-000004865
8037,A,A-000006131
8037,A,A-000006132
8037,B,B-000004866
8038,A,A-000006133
8038,A,A-000006134
8038,B,B-000004867
8042,A,A-000006135
8042,A,A-000006136
8042,B,B-000004868
8044,A,A-000006137
8044,A,A-000006138
8044,B,B-000004869
8045,A,A-000006139
8045,A,A-000006140
8045,B,B-000004870
8046,A,A-000006141
8046,A,A-000006142
8046,B,B-000004871
8047,A,A-000006143
8047,A,A-000006144
8047,B,B-000004872
8053,A,A-000006145
8053,A,A-000006146
8053,B,B-000004873
8056,A,A-000006147
8056,A,A-000006148
8056,B,B-000004874
8058,A,A-000006149
8058,A,A-000006150
8058,B,B-000004875
8059,A,A-000006151
8059,A,A-000006152
8059,B,B-000004876
8060,A,A-000006153
8060,A,A-000006154
8060,B,B-000004877
8061,A,A-000006155
8061,A,A-000006156
8061,B,B-000004878
8062,A,A-000006157
8062,A,A-000006158
8062,B,B-000004879
8064,A,A-000006159
8064,A,A-000006160
8064,B,B-000004880
8066,A,A-000006161
8066,A,A-000006162
8066,B,B-000004881
8069,A,A-000006163
8069,A,A-000006164
8069,B,B-000004882
8073,A,A-000006165
8073,A,A-000006166
8073,B,B-000004883
8074,A,A-000006167
8074,A,A-000006168
8074,B,B-000004884
8075,A,A-000006169
8075,A,A-000006170
8075,B,B-000004885
8076,A,A-000006171
8076,A,A-000006172
8076,B,B-000004886
8077,A,A-000006173
8077,A,A-000006174
8077,B,B-000004887
8082,A,A-000006175
8082,A,A-000006176
8082,B,B-000004888
8083,A,A-000006177
8083,A,A-000006178
8083,B,B-000004889
8085,A,A-000006179
8085,A,A-000006180
8085,B,B-000004890
8087,A,A-000006181
8087,A,A-000006182
8087,B,B-000004891
8089,A,A-000006183
8089,A,A-000006184
8089,B,B-000004892
8091,A,A-000006185
8091,A,A-000006186
8091,B,B-000004893
8092,A,A-000006187
8092,A,A-000006188
8092,B,B-000004894
8094,A,A-000006189
8094,A,A-000006190
8094,B,B-000004895
8095,A,A-000006191
8095,A,A-000006192
8095,B,B-000004896
8096,A,A-000006193
8096,A,A-000006194
8096,B,B-000004897
8098,A,A-000006195
8098,A,A-000006196
8098,B,B-000004898
8100,A,A-000006197
8100,A,A-000006198
8100,B,B-000004899
8101,A,A-000006199
8101,A,A-000006200
8101,B,B-000004900
8102,A,A-000006201
8102,A,A-000006202
8102,B,B-000004901
8106,A,A-000006203
8106,A,A-000006204
8106,B,B-000004902
8109,A,A-000006205
8109,A,A-000006206
8109,B,B-000004903
8110,A,A-000006207
8110,A,A-000006208
8110,B,B-000004904
8111,A,A-000006209
8111,A,A-000006210
8111,B,B-000004905
8114,A,A-000006211
8114,A,A-000006212
8114,B,B-000004906
8117,A,A-000006213
8117,A,A-000006214
8117,B,B-000004907
8118,A,A-000006215
8118,A,A-000006216
8118,B,B-000004908
8119,A,A-000006217
8119,A,A-000006218
8119,B,B-000004909
8120,A,A-000006219
8120,A,A-000006220
8120,B,B-000004910
8122,A,A-000006221
8122,A,A-000006222
8122,B,B-000004911
8123,A,A-000006223
8123,A,A-000006224
8123,B,B-000004912
8124,A,A-000006225
8124,A,A-000006226
8124,B,B-000004913
8125,A,A-000006227
8125,A,A-000006228
8125,B,B-000004914
8128,A,A-000006229
8128,A,A-000006230
8128,B,B-000004915
8129,A,A-000006231
8129,A,A-000006232
8129,B,B-000004916
8132,A,A-000006233
8132,A,A-000006234
8132,B,B-000004917
8134,A,A-000006235
8134,A,A-000006236
8134,B,B-000004918
8135,A,A-000006237
8135,A,A-000006238
8135,B,B-000004919
8138,A,A-000006239
8138,A,A-000006240
8138,B,B-000004920
8139,A,A-000006241
8139,A,A-000006242
8139,B,B-000004921
8140,A,A-000006243
8140,A,A-000006244
8140,B,B-000004922
8142,A,A-000006245
8142,A,A-000006246
8142,B,B-000004923
8143,A,A-000006247
8143,A,A-000006248
8143,B,B-000004924
8144,A,A-000006249
8144,A,A-000006250
8144,B,B-000004925
8147,A,A-000006251
8147,A,A-000006252
8147,B,B-000004926
8150,A,A-000006253
8150,A,A-000006254
8150,B,B-000004927
8153,A,A-000006255
8153,A,A-000006256
8153,B,B-000004928
8154,A,A-000006257
8154,A,A-000006258
8154,B,B-000004929
8155,A,A-000006259
8155,A,A-000006260
8155,B,B-000004930
8157,A,A-000006261
8157,A,A-000006262
8157,B,B-000004931
8160,A,A-000006263
8160,A,A-000006264
8160,B,B-000004932
8162,A,A-000006265
8162,A,A-000006266
8162,B,B-000004933
8163,A,A-000006267
8163,A,A-000006268
8163,B,B-000004934
8164,A,A-000006269
8164,A,A-000006270
8164,B,B-000004935
8165,A,A-000006271
8165,A,A-000006272
8165,B,B-000004936
8168,A,A-000006273
8168,A,A-000006274
8168,B,B-000004937
8170,A,A-000006275
8170,A,A-000006276
8170,B,B-000004938
8171,A,A-000006277
8171,A,A-000006278
8171,B,B-000004939
8172,A,A-000006279
8172,A,A-000006280
8172,B,B-000004940
8174,A,A-000006281
8174,A,A-000006282
8174,B,B-000004941
8176,A,A-000006283
8176,A,A-000006284
8176,B,B-000004942
8178,A,A-000006285
8178,A,A-000006286
8178,B,B-000004943
8179,A,A-000006287
8179,A,A-000006288
8179,B,B-000004944
8180,A,A-000006289
8180,A,A-000006290
8180,B,B-000004945
8182,A,A-000006291
8182,A,A-000006292
8182,B,B-000004946
8183,A,A-000006293
8183,A,A-000006294
8183,B,B-000004947
8184,A,A-000006295
8184,A,A-000006296
8184,B,B-000004948
8186,A,A-000006297
8186,A,A-000006298
8186,B,B-000004949
8189,A,A-000006299
8189,A,A-000006300
8189,B,B-000004950
8190,A,A-000006301
8190,A,A-000006302
8190,B,B-000004951
8191,A,A-000006303
8191,A,A-000006304
8191,B,B-000004952
8193,A,A-000006305
8193,A,A-000006306
8193,B,B-000004953
8196,A,A-000006307
8196,A,A-000006308
8196,B,B-000004954
8198,A,A-000006309
8198,A,A-000006310
8198,B,B-000004955
8199,A,A-000006311
8199,A,A-000006312
8199,B,B-000004956
8200,A,A-000006313
8200,A,A-000006314
8200,B,B-000004957
8203,A,A-000006315
8203,A,A-000006316
8203,B,B-000004958
8205,A,A-000006317
8205,A,A-000006318
8205,B,B-000004959
8206,A,A-000006319
8206,A,A-000006320
8206,B,B-000004960
8210,A,A-000006321
8210,A,A-000006322
8210,B,B-000004961
8211,A,A-000006323
8211,A,A-000006324
8211,B,B-000004962
8213,A,A-000006325
8213,A,A-000006326
8213,B,B-000004963
8214,A,A-000006327
8214,A,A-000006328
8214,B,B-000004964
8215,A,A-000006329
8215,A,A-000006330
8215,B,B-000004965
8217,A,A-000006331
8217,A,A-000006332
8217,B,B-000004966
8218,A,A-000006333
8218,A,A-000006334
8218,B,B-000004967
8219,A,A-000006335
8219,A,A-000006336
8219,B,B-000004968
8223,A,A-000006337
8223,A,A-000006338
8223,B,B-000004969
8225,A,A-000006339
8225,A,A-000006340
8225,B,B-000004970
8226,A,A-000006341
8226,A,A-000006342
8226,B,B-000004971
8227,A,A-000006343
8227,A,A-000006344
8227,B,B-000004972
8228,A,A-000006345
8228,A,A-000006346
8228,B,B-000004973
8229,A,A-000006347
8229,A,A-000006348
8229,B,B-000004974
8231,A,A-000006349
8231,A,A-000006350
8231,B,B-000004975
8235,A,A-000006351
8235,A,A-000006352
8235,B,B-000004976
8236,A,A-000006353
8236,A,A-000006354
8236,B,B-000004977
8237,A,A-000006355
8237,A,A-000006356
8237,B,B-000004978
8241,A,A-000006357
8241,A,A-000006358
8241,B,B-000004979
8242,A,A-000006359
8242,A,A-000006360
8242,B,B-000004980
8243,A,A-000006361
8243,A,A-000006362
8243,B,B-000004981
8245,A,A-000006363
8245,A,A-000006364
8245,B,B-000004982
8246,A,A-000006365
8246,A,A-000006366
8246,B,B-000004983
8247,A,A-000006367
8247,A,A-000006368
8247,B,B-000004984
8251,A,A-000006369
8251,A,A-000006370
8251,B,B-000004985
8252,A,A-000006371
8252,A,A-000006372
8252,B,B-000004986
8253,A,A-000006373
8253,A,A-000006374
8253,B,B-000004987
8254,A,A-000006375
8254,A,A-000006376
8254,B,B-000004988
8256,A,A-000006377
8256,A,A-000006378
8256,B,B-000004989
8257,A,A-000006379
8257,A,A-000006380
8257,B,B-000004990
8259,A,A-000006381
8259,A,A-000006382
8259,B,B-000004991
8260,A,A-000006383
8260,A,A-000006384
8260,B,B-000004992
8261,A,A-000006385
8261,A,A-000006386
8261,B,B-000004993
8262,A,A-000006387
8262,A,A-000006388
8262,B,B-000004994
8263,A,A-000006389
8263,A,A-000006390
8263,B,B-000004995
8270,A,A-000006391
8270,A,A-000006392
8270,B,B-000004996
8271,A,A-000006393
8271,A,A-000006394
8271,B,B-000004997
8272,A,A-000006395
8272,A,A-000006396
8272,B,B-000004998
8276,A,A-000006397
8276,A,A-000006398
8276,B,B-000004999
8277,A,A-000006399
8277,A,A-000006400
8277,B,B-000005000
8278,A,A-000006401
8278,A,A-000006402
8278,B,B-000005001
8279,A,A-000006403
8279,A,A-000006404
8279,B,B-000005002
8280,A,A-000006405
8280,A,A-000006406
8280,B,B-000005003
8281,A,A-000006407
8281,A,A-000006408
8281,B,B-000005004
8284,A,A-000006409
8284,A,A-000006410
8284,B,B-000005005
8285,A,A-000006411
8285,A,A-000006412
8285,B,B-000005006
8289,A,A-000006413
8289,A,A-000006414
8289,B,B-000005007
8291,A,A-000006415
8291,A,A-000006416
8291,B,B-000005008
8294,A,A-000006417
8294,A,A-000006418
8294,B,B-000005009
8296,A,A-000006419
8296,A,A-000006420
8296,B,B-000005010
8297,A,A-000006421
8297,A,A-000006422
8297,B,B-000005011
8298,A,A-000006423
8298,A,A-000006424
8298,B,B-000005012
8299,A,A-000006425
8299,A,A-000006426
8299,B,B-000005013
8300,A,A-000006427
8300,A,A-000006428
8300,B,B-000005014
8302,A,A-000006429
8302,A,A-000006430
8302,B,B-000005015
8303,A,A-000006431
8303,A,A-000006432
8303,B,B-000005016
8305,A,A-000006433
8305,A,A-000006434
8305,B,B-000005017
8306,A,A-000006435
8306,A,A-000006436
8306,B,B-000005018
8308,A,A-000006437
8308,A,A-000006438
8308,B,B-000005019
8309,A,A-000006439
8309,A,A-000006440
8309,B,B-000005020
8312,A,A-000006441
8312,A,A-000006442
8312,B,B-000005021
8313,A,A-000006443
8313,A,A-000006444
8313,B,B-000005022
8314,A,A-000006445
8314,A,A-000006446
8314,B,B-000005023
8315,A,A-000006447
8315,A,A-000006448
8315,B,B-000005024
8318,A,A-000006449
8318,A,A-000006450
8318,B,B-000005025
8320,A,A-000006451
8320,A,A-000006452
8320,B,B-000005026
8321,A,A-000006453
8321,A,A-000006454
8321,B,B-000005027
8322,A,A-000006455
8322,A,A-000006456
8322,B,B-000005028
8324,A,A-000006457
8324,A,A-000006458
8324,B,B-000005029
8325,A,A-000006459
8325,A,A-000006460
8325,B,B-000005030
8326,A,A-000006461
8326,A,A-000006462
8326,B,B-000005031
8327,A,A-000006463
8327,A,A-000006464
8327,B,B-000005032
8328,A,A-000006465
8328,A,A-000006466
8328,B,B-000005033
8329,A,A-000006467
8329,A,A-000006468
8329,B,B-000005034
8330,A,A-000006469
8330,A,A-000006470
8330,B,B-000005035
8333,A,A-000006471
8333,A,A-000006472
8333,B,B-000005036
8335,A,A-000006473
8335,A,A-000006474
8335,B,B-000005037
8338,A,A-000006475
8338,A,A-000006476
8338,B,B-000005038
8341,A,A-000006477
8341,A,A-000006478
8341,B,B-000005039
8342,A,A-000006479
8342,A,A-000006480
8342,B,B-000005040
8343,A,A-000006481
8343,A,A-000006482
8343,B,B-000005041
8344,A,A-000006483
8344,A,A-000006484
8344,B,B-000005042
8345,A,A-000006485
8345,A,A-000006486
8345,B,B-000005043
8346,A,A-000006487
8346,A,A-000006488
8346,B,B-000005044
8348,A,A-000006489
8348,A,A-000006490
8348,B,B-000005045
8350,A,A-000006491
8350,A,A-000006492
8350,B,B-000005046
8351,A,A-000006493
8351,A,A-000006494
8351,B,B-000005047
8352,A,A-000006495
8352,A,A-000006496
8352,B,B-000005048
8353,A,A-000006497
8353,A,A-000006498
8353,B,B-000005049
8354,A,A-000006499
8354,A,A-000006500
8354,B,B-000005050
8355,A,A-000006501
8355,A,A-000006502
8355,B,B-000005051
8356,A,A-000006503
8356,A,A-000006504
8356,B,B-000005052
8357,A,A-000006505
8357,A,A-000006506
8357,B,B-000005053
8358,A,A-000006507
8358,A,A-000006508
8358,B,B-000005054
8361,A,A-000006509
8361,A,A-000006510
8361,B,B-000005055
8362,A,A-000006511
8362,A,A-000006512
8362,B,B-000005056
8363,A,A-000006513
8363,A,A-000006514
8363,B,B-000005057
8364,A,A-000006515
8364,A,A-000006516
8364,B,B-000005058
8368,A,A-000006517
8368,A,A-000006518
8368,B,B-000005059
8371,A,A-000006519
8371,A,A-000006520
8371,B,B-000005060
8372,A,A-000006521
8372,A,A-000006522
8372,B,B-000005061
8375,A,A-000006523
8375,A,A-000006524
8375,B,B-000005062
8376,A,A-000006525
8376,A,A-000006526
8376,B,B-000005063
8377,A,A-000006527
8377,A,A-000006528
8377,B,B-000005064
8379,A,A-000006529
8379,A,A-000006530
8379,B,B-000005065
8380,A,A-000006531
8380,A,A-000006532
8380,B,B-000005066
8381,A,A-000006533
8381,A,A-000006534
8381,B,B-000005067
8383,A,A-000006535
8383,A,A-000006536
8383,B,B-000005068
8385,A,A-000006537
8385,A,A-000006538
8385,B,B-000005069
8387,A,A-000006539
8387,A,A-000006540
8387,B,B-000005070
8388,A,A-000006541
8388,A,A-000006542
8388,B,B-000005071
8391,A,A-000006543
8391,A,A-000006544
8391,B,B-000005072
8392,A,A-000006545
8392,A,A-000006546
8392,B,B-000005073
8393,A,A-000006547
8393,A,A-000006548
8393,B,B-000005074
8394,A,A-000006549
8394,A,A-000006550
8394,B,B-000005075
8396,A,A-000006551
8396,A,A-000006552
8396,B,B-000005076
8398,A,A-000006553
8398,A,A-000006554
8398,B,B-000005077
8400,A,A-000006555
8400,A,A-000006556
8400,B,B-000005078
8402,A,A-000006557
8402,A,A-000006558
8402,B,B-000005079
8403,A,A-000006559
8403,A,A-000006560
8403,B,B-000005080
8408,A,A-000006561
8408,A,A-000006562
8408,B,B-000005081
8409,A,A-000006563
8409,A,A-000006564
8409,B,B-000005082
8410,A,A-000006565
8410,A,A-000006566
8410,B,B-000005083
8412,A,A-000006567
8412,A,A-000006568
8412,B,B-000005084
8413,A,A-000006569
8413,A,A-000006570
8413,B,B-000005085
8414,A,A-000006571
8414,A,A-000006572
8414,B,B-000005086
8415,A,A-000006573
8415,A,A-000006574
8415,B,B-000005087
8417,A,A-000006575
8417,A,A-000006576
8417,B,B-000005088
8420,A,A-000006577
8420,A,A-000006578
8420,B,B-000005089
8421,A,A-000006579
8421,A,A-000006580
8421,B,B-000005090
8423,A,A-000006581
8423,A,A-000006582
8423,B,B-000005091
8427,A,A-000006583
8427,A,A-000006584
8427,B,B-000005092
8428,A,A-000006585
8428,A,A-000006586
8428,B,B-000005093
8429,A,A-000006587
8429,A,A-000006588
8429,B,B-000005094
8430,A,A-000006589
8430,A,A-000006590
8430,B,B-000005095
8431,A,A-000006591
8431,A,A-000006592
8431,B,B-000005096
8435,A,A-000006593
8435,A,A-000006594
8435,B,B-000005097
8436,A,A-000006595
8436,A,A-000006596
8436,B,B-000005098
8437,A,A-000006597
8437,A,A-000006598
8437,B,B-000005099
8438,A,A-000006599
8438,A,A-000006600
8438,B,B-000005100
8439,A,A-000006601
8439,A,A-000006602
8439,B,B-000005101
8441,A,A-000006603
8441,A,A-000006604
8441,B,B-000005102
8444,A,A-000006605
8444,A,A-000006606
8444,B,B-000005103
8445,A,A-000006607
8445,A,A-000006608
8445,B,B-000005104
8446,A,A-000006609
8446,A,A-000006610
8446,B,B-000005105
8448,A,A-000006611
8448,A,A-000006612
8448,B,B-000005106
8450,A,A-000006613
8450,A,A-000006614
8450,B,B-000005107
8452,A,A-000006615
8452,A,A-000006616
8452,B,B-000005108
8453,A,A-000006617
8453,A,A-000006618
8453,B,B-000005109
8454,A,A-000006619
8454,A,A-000006620
8454,B,B-000005110
8456,A,A-000006621
8456,A,A-000006622
8456,B,B-000005111
8457,A,A-000006623
8457,A,A-000006624
8457,B,B-000005112
8458,A,A-000006625
8458,A,A-000006626
8458,B,B-000005113
8459,A,A-000006627
8459,A,A-000006628
8459,B,B-000005114
8461,A,A-000006629
8461,A,A-000006630
8461,B,B-000005115
8464,A,A-000006631
8464,A,A-000006632
8464,B,B-000005116
8466,A,A-000006633
8466,A,A-000006634
8466,B,B-000005117
8468,A,A-000006635
8468,A,A-000006636
8468,B,B-000005118
8472,A,A-000006637
8472,A,A-000006638
8472,B,B-000005119
8473,A,A-000006639
8473,A,A-000006640
8473,B,B-000005120
8474,A,A-000006641
8474,A,A-000006642
8474,B,B-000005121
8475,A,A-000006643
8475,A,A-000006644
8475,B,B-000005122
8477,A,A-000006645
8477,A,A-000006646
8477,B,B-000005123
8478,A,A-000006647
8478,A,A-000006648
8478,B,B-000005124
8479,A,A-000006649
8479,A,A-000006650
8479,B,B-000005125
8480,A,A-000006651
8480,A,A-000006652
8480,B,B-000005126
8481,A,A-000006653
8481,A,A-000006654
8481,B,B-000005127
8485,A,A-000006655
8485,A,A-000006656
8485,B,B-000005128
8487,A,A-000006657
8487,A,A-000006658
8487,B,B-000005129
8488,A,A-000006659
8488,A,A-000006660
8488,B,B-000005130
8490,A,A-000006661
8490,A,A-000006662
8490,B,B-000005131
8491,A,A-000006663
8491,A,A-000006664
8491,B,B-000005132
8492,A,A-000006665
8492,A,A-000006666
8492,B,B-000005133
8497,A,A-000006667
8497,A,A-000006668
8497,B,B-000005134
8499,A,A-000006669
8499,A,A-000006670
8499,B,B-000005135
8500,A,A-000006671
8500,A,A-000006672
8500,B,B-000005136
8501,A,A-000006673
8501,A,A-000006674
8501,B,B-000005137
8504,A,A-000006675
8504,A,A-000006676
8504,B,B-000005138
8505,A,A-000006677
8505,A,A-000006678
8505,B,B-000005139
8506,A,A-000006679
8506,A,A-000006680
8506,B,B-000005140
8507,A,A-000006681
8507,A,A-000006682
8507,B,B-000005141
8508,A,A-000006683
8508,A,A-000006684
8508,B,B-000005142
8512,A,A-000006685
8512,A,A-000006686
8512,B,B-000005143
8513,A,A-000006687
8513,A,A-000006688
8513,B,B-000005144
8514,A,A-000006689
8514,A,A-000006690
8514,B,B-000005145
8515,A,A-000006691
8515,A,A-000006692
8515,B,B-000005146
8516,A,A-000006693
8516,A,A-000006694
8516,B,B-000005147
8517,A,A-000006695
8517,A,A-000006696
8517,B,B-000005148
8519,A,A-000006697
8519,A,A-000006698
8519,B,B-000005149
8520,A,A-000006699
8520,A,A-000006700
8520,B,B-000005150
8524,A,A-000006701
8524,A,A-000006702
8524,B,B-000005151
8526,A,A-000006703
8526,A,A-000006704
8526,B,B-000005152
8527,A,A-000006705
8527,A,A-000006706
8527,B,B-000005153
8529,A,A-000006707
8529,A,A-000006708
8529,B,B-000005154
8530,A,A-000006709
8530,A,A-000006710
8530,B,B-000005155
8532,A,A-000006711
8532,A,A-000006712
8532,B,B-000005156
8533,A,A-000006713
8533,A,A-000006714
8533,B,B-000005157
8534,A,A-000006715
8534,A,A-000006716
8534,B,B-000005158
8535,A,A-000006717
8535,A,A-000006718
8535,B,B-000005159
8537,A,A-000006719
8537,A,A-000006720
8537,B,B-000005160
8538,A,A-000006721
8538,A,A-000006722
8538,B,B-000005161
8539,A,A-000006723
8539,A,A-000006724
8539,B,B-000005162
8543,A,A-000006725
8543,A,A-000006726
8543,B,B-000005163
8544,A,A-000006727
8544,A,A-000006728
8544,B,B-000005164
8546,A,A-000006729
8546,A,A-000006730
8546,B,B-000005165
8547,A,A-000006731
8547,A,A-000006732
8547,B,B-000005166
8548,A,A-000006733
8548,A,A-000006734
8548,B,B-000005167
8549,A,A-000006735
8549,A,A-000006736
8549,B,B-000005168
8550,A,A-000006737
8550,A,A-000006738
8550,B,B-000005169
8551,A,A-000006739
8551,A,A-000006740
8551,B,B-000005170
8554,A,A-000006741
8554,A,A-000006742
8554,B,B-000005171
8555,A,A-000006743
8555,A,A-000006744
8555,B,B-000005172
8556,A,A-000006745
8556,A,A-000006746
8556,B,B-000005173
8558,A,A-000006747
8558,A,A-000006748
8558,B,B-000005174
8559,A,A-000006749
8559,A,A-000006750
8559,B,B-000005175
8560,A,A-000006751
8560,A,A-000006752
8560,B,B-000005176
8563,A,A-000006753
8563,A,A-000006754
8563,B,B-000005177
8565,A,A-000006755
8565,A,A-000006756
8565,B,B-000005178
8566,A,A-000006757
8566,A,A-000006758
8566,B,B-000005179
8567,A,A-000006759
8567,A,A-000006760
8567,B,B-000005180
8568,A,A-000006761
8568,A,A-000006762
8568,B,B-000005181
8569,A,A-000006763
8569,A,A-000006764
8569,B,B-000005182
8570,A,A-000006765
8570,A,A-000006766
8570,B,B-000005183
8573,A,A-000006767
8573,A,A-000006768
8573,B,B-000005184
8574,A,A-000006769
8574,A,A-000006770
8574,B,B-000005185
8575,A,A-000006771
8575,A,A-000006772
8575,B,B-000005186
8577,A,A-000006773
8577,A,A-000006774
8577,B,B-000005187
8578,A,A-000006775
8578,A,A-000006776
8578,B,B-000005188
8581,A,A-000006777
8581,A,A-000006778
8581,B,B-000005189
8582,A,A-000006779
8582,A,A-000006780
8582,B,B-000005190
8583,A,A-000006781
8583,A,A-000006782
8583,B,B-000005191
8584,A,A-000006783
8584,A,A-000006784
8584,B,B-000005192
8585,A,A-000006785
8585,A,A-000006786
8585,B,B-000005193
8586,A,A-000006787
8586,A,A-000006788
8586,B,B-000005194
8587,A,A-000006789
8587,A,A-000006790
8587,B,B-000005195
8591,A,A-000006791
8591,A,A-000006792
8591,B,B-000005196
8592,A,A-000006793
8592,A,A-000006794
8592,B,B-000005197
8594,A,A-000006795
8594,A,A-000006796
8594,B,B-000005198
8595,A,A-000006797
8595,A,A-000006798
8595,B,B-000005199
8597,A,A-000006799
8597,A,A-000006800
8597,B,B-000005200
8598,A,A-000006801
8598,A,A-000006802
8598,B,B-000005201
8600,A,A-000006803
8600,A,A-000006804
8600,B,B-000005202
8604,A,A-000006805
8604,A,A-000006806
8604,B,B-000005203
8606,A,A-000006807
8606,A,A-000006808
8606,B,B-000005204
8607,A,A-000006809
8607,A,A-000006810
8607,B,B-000005205
8608,A,A-000006811
8608,A,A-000006812
8608,B,B-000005206
8609,A,A-000006813
8609,A,A-000006814
8609,B,B-000005207
8610,A,A-000006815
8610,A,A-000006816
8610,B,B-000005208
8612,A,A-000006817
8612,A,A-000006818
8612,B,B-000005209
8613,A,A-000006819
8613,A,A-000006820
8613,B,B-000005210
8614,A,A-000006821
8614,A,A-000006822
8614,B,B-000005211
8615,A,A-000006823
8615,A,A-000006824
8615,B,B-000005212
8616,A,A-000006825
8616,A,A-000006826
8616,B,B-000005213
8618,A,A-000006827
8618,A,A-000006828
8618,B,B-000005214
8619,A,A-000006829
8619,A,A-000006830
8619,B,B-000005215
8625,A,A-000006831
8625,A,A-000006832
8625,B,B-000005216
8628,A,A-000006833
8628,A,A-000006834
8628,B,B-000005217
8629,A,A-000006835
8629,A,A-000006836
8629,B,B-000005218
8630,A,A-000006837
8630,A,A-000006838
8630,B,B-000005219
8632,A,A-000006839
8632,A,A-000006840
8632,B,B-000005220
8635,A,A-000006841
8635,A,A-000006842
8635,B,B-000005221
8636,A,A-000006843
8636,A,A-000006844
8636,B,B-000005222
8640,A,A-000006845
8640,A,A-000006846
8640,B,B-000005223
8643,A,A-000006847
8643,A,A-000006848
8643,B,B-000005224
8644,A,A-000006849
8644,A,A-000006850
8644,B,B-000005225
8649,A,A-000006851
8649,A,A-000006852
8649,B,B-000005226
8652,A,A-000006853
8652,A,A-000006854
8652,B,B-000005227
8653,A,A-000006855
8653,A,A-000006856
8653,B,B-000005228
8655,A,A-000006857
8655,A,A-000006858
8655,B,B-000005229
8656,A,A-000006859
8656,A,A-000006860
8656,B,B-000005230
8657,A,A-000006861
8657,A,A-000006862
8657,B,B-000005231
8660,A,A-000006863
8660,A,A-000006864
8660,B,B-000005232
8661,A,A-000006865
8661,A,A-000006866
8661,B,B-000005233
8662,A,A-000006867
8662,A,A-000006868
8662,B,B-000005234
8663,A,A-000006869
8663,A,A-000006870
8663,B,B-000005235
8664,A,A-000006871
8664,A,A-000006872
8664,B,B-000005236
8665,A,A-000006873
8665,A,A-000006874
8665,B,B-000005237
8666,A,A-000006875
8666,A,A-000006876
8666,B,B-000005238
8667,A,A-000006877
8667,A,A-000006878
8667,B,B-000005239
8668,A,A-000006879
8668,A,A-000006880
8668,B,B-000005240
8669,A,A-000006881
8669,A,A-000006882
8669,B,B-000005241
8672,A,A-000006883
8672,A,A-000006884
8672,B,B-000005242
8674,A,A-000006885
8674,A,A-000006886
8674,B,B-000005243
8675,A,A-000006887
8675,A,A-000006888
8675,B,B-000005244
8677,A,A-000006889
8677,A,A-000006890
8677,B,B-000005245
8679,A,A-000006891
8679,A,A-000006892
8679,B,B-000005246
8680,A,A-000006893
8680,A,A-000006894
8680,B,B-000005247
8681,A,A-000006895
8681,A,A-000006896
8681,B,B-000005248
8683,A,A-000006897
8683,A,A-000006898
8683,B,B-000005249
8684,A,A-000006899
8684,A,A-000006900
8684,B,B-000005250
8685,A,A-000006901
8685,A,A-000006902
8685,B,B-000005251
8687,A,A-000006903
8687,A,A-000006904
8687,B,B-000005252
8688,A,A-000006905
8688,A,A-000006906
8688,B,B-000005253
8692,A,A-000006907
8692,A,A-000006908
8692,B,B-000005254
8694,A,A-000006909
8694,A,A-000006910
8694,B,B-000005255
8697,A,A-000006911
8697,A,A-000006912
8697,B,B-000005256
8699,A,A-000006913
8699,A,A-000006914
8699,B,B-000005257
8700,A,A-000006915
8700,A,A-000006916
8700,B,B-000005258
8701,A,A-000006917
8701,A,A-000006918
8701,B,B-000005259
8703,A,A-000006919
8703,A,A-000006920
8703,B,B-000005260
8705,A,A-000006921
8705,A,A-000006922
8705,B,B-000005261
8706,A,A-000006923
8706,A,A-000006924
8706,B,B-000005262
8708,A,A-000006925
8708,A,A-000006926
8708,B,B-000005263
8710,A,A-000006927
8710,A,A-000006928
8710,B,B-000005264
8712,A,A-000006929
8712,A,A-000006930
8712,B,B-000005265
8713,A,A-000006931
8713,A,A-000006932
8713,B,B-000005266
8714,A,A-000006933
8714,A,A-000006934
8714,B,B-000005267
8715,A,A-000006935
8715,A,A-000006936
8715,B,B-000005268
8716,A,A-000006937
8716,A,A-000006938
8716,B,B-000005269
8717,A,A-000006939
8717,A,A-000006940
8717,B,B-000005270
8722,A,A-000006941
8722,A,A-000006942
8722,B,B-000005271
8723,A,A-000006943
8723,A,A-000006944
8723,B,B-000005272
8724,A,A-000006945
8724,A,A-000006946
8724,B,B-000005273
8726,A,A-000006947
8726,A,A-000006948
8726,B,B-000005274
8728,A,A-000006949
8728,A,A-000006950
8728,B,B-000005275
8729,A,A-000006951
8729,A,A-000006952
8729,B,B-000005276
8732,A,A-000006953
8732,A,A-000006954
8732,B,B-000005277
8734,A,A-000006955
8734,A,A-000006956
8734,B,B-000005278
8737,A,A-000006957
8737,A,A-000006958
8737,B,B-000005279
8739,A,A-000006959
8739,A,A-000006960
8739,B,B-000005280
8740,A,A-000006961
8740,A,A-000006962
8740,B,B-000005281
8741,A,A-000006963
8741,A,A-000006964
8741,B,B-000005282
8745,A,A-000006965
8745,A,A-000006966
8745,B,B-000005283
8746,A,A-000006967
8746,A,A-000006968
8746,B,B-000005284
8748,A,A-000006969
8748,A,A-000006970
8748,B,B-000005285
8749,A,A-000006971
8749,A,A-000006972
8749,B,B-000005286
8750,A,A-000006973
8750,A,A-000006974
8750,B,B-000005287
8751,A,A-000006975
8751,A,A-000006976
8751,B,B-000005288
8753,A,A-000006977
8753,A,A-000006978
8753,B,B-000005289
8754,A,A-000006979
8754,A,A-000006980
8754,B,B-000005290
8755,A,A-000006981
8755,A,A-000006982
8755,B,B-000005291
8756,A,A-000006983
8756,A,A-000006984
8756,B,B-000005292
8757,A,A-000006985
8757,A,A-000006986
8757,B,B-000005293
8761,A,A-000006987
8761,A,A-000006988
8761,B,B-000005294
8763,A,A-000006989
8763,A,A-000006990
8763,B,B-000005295
8764,A,A-000006991
8764,A,A-000006992
8764,B,B-000005296
8765,A,A-000006993
8765,A,A-000006994
8765,B,B-000005297
8768,A,A-000006995
8768,A,A-000006996
8768,B,B-000005298
8769,A,A-000006997
8769,A,A-000006998
8769,B,B-000005299
8770,A,A-000006999
8770,A,A-000007000
8770,B,B-000005300
8771,A,A-000007001
8771,A,A-000007002
8771,B,B-000005301
8774,A,A-000007003
8774,A,A-000007004
8774,B,B-000005302
8775,A,A-000007005
8775,A,A-000007006
8775,B,B-000005303
8779,A,A-000007007
8779,A,A-000007008
8779,B,B-000005304
8780,A,A-000007009
8780,A,A-000007010
8780,B,B-000005305
8781,A,A-000007011
8781,A,A-000007012
8781,B,B-000005306
8782,A,A-000007013
8782,A,A-000007014
8782,B,B-000005307
8784,A,A-000007015
8784,A,A-000007016
8784,B,B-000005308
8786,A,A-000007017
8786,A,A-000007018
8786,B,B-000005309
8787,A,A-000007019
8787,A,A-000007020
8787,B,B-000005310
8788,A,A-000007021
8788,A,A-000007022
8788,B,B-000005311
8789,A,A-000007023
8789,A,A-000007024
8789,B,B-000005312
8790,A,A-000007025
8790,A,A-000007026
8790,B,B-000005313
8791,A,A-000007027
8791,A,A-000007028
8791,B,B-000005314
8794,A,A-000007029
8794,A,A-000007030
8794,B,B-000005315
8798,A,A-000007031
8798,A,A-000007032
8798,B,B-000005316
8799,A,A-000007033
8799,A,A-000007034
8799,B,B-000005317
8800,A,A-000007035
8800,A,A-000007036
8800,B,B-000005318
8801,A,A-000007037
8801,A,A-000007038
8801,B,B-000005319
8802,A,A-000007039
8802,A,A-000007040
8802,B,B-000005320
8805,A,A-000007041
8805,A,A-000007042
8805,B,B-000005321
8807,A,A-000007043
8807,A,A-000007044
8807,B,B-000005322
8808,A,A-000007045
8808,A,A-000007046
8808,B,B-000005323
8810,A,A-000007047
8810,A,A-000007048
8810,B,B-000005324
8812,A,A-000007049
8812,A,A-000007050
8812,B,B-000005325
8813,A,A-000007051
8813,A,A-000007052
8813,B,B-000005326
8814,A,A-000007053
8814,A,A-000007054
8814,B,B-000005327
8815,A,A-000007055
8815,A,A-000007056
8815,B,B-000005328
8817,A,A-000007057
8817,A,A-000007058
8817,B,B-000005329
8819,A,A-000007059
8819,A,A-000007060
8819,B,B-000005330
8820,A,A-000007061
8820,A,A-000007062
8820,B,B-000005331
8822,A,A-000007063
8822,A,A-000007064
8822,B,B-000005332
8823,A,A-000007065
8823,A,A-000007066
8823,B,B-000005333
8824,A,A-000007067
8824,A,A-000007068
8824,B,B-000005334
8825,A,A-000007069
8825,A,A-000007070
8825,B,B-000005335
8827,A,A-000007071
8827,A,A-000007072
8827,B,B-000005336
8828,A,A-000007073
8828,A,A-000007074
8828,B,B-000005337
8830,A,A-000007075
8830,A,A-000007076
8830,B,B-000005338
8832,A,A-000007077
8832,A,A-000007078
8832,B,B-000005339
8833,A,A-000007079
8833,A,A-000007080
8833,B,B-000005340
8834,A,A-000007081
8834,A,A-000007082
8834,B,B-000005341
8836,A,A-000007083
8836,A,A-000007084
8836,B,B-000005342
8837,A,A-000007085
8837,A,A-000007086
8837,B,B-000005343
8839,A,A-000007087
8839,A,A-000007088
8839,B,B-000005344
8840,A,A-000007089
8840,A,A-000007090
8840,B,B-000005345
8842,A,A-000007091
8842,A,A-000007092
8842,B,B-000005346
8844,A,A-000007093
8844,A,A-000007094
8844,B,B-000005347
8845,A,A-000007095
8845,A,A-000007096
8845,B,B-000005348
8847,A,A-000007097
8847,A,A-000007098
8847,B,B-000005349
8848,A,A-000007099
8848,A,A-000007100
8848,B,B-000005350
8849,A,A-000007101
8849,A,A-000007102
8849,B,B-000005351
8850,A,A-000007103
8850,A,A-000007104
8850,B,B-000005352
8851,A,A-000007105
8851,A,A-000007106
8851,B,B-000005353
8853,A,A-000007107
8853,A,A-000007108
8853,B,B-000005354
8854,A,A-000007109
8854,A,A-000007110
8854,B,B-000005355
8856,A,A-000007111
8856,A,A-000007112
8856,B,B-000005356
8857,A,A-000007113
8857,A,A-000007114
8857,B,B-000005357
8862,A,A-000007115
8862,A,A-000007116
8862,B,B-000005358
8864,A,A-000007117
8864,A,A-000007118
8864,B,B-000005359
8865,A,A-000007119
8865,A,A-000007120
8865,B,B-000005360
8866,A,A-000007121
8866,A,A-000007122
8866,B,B-000005361
8867,A,A-000007123
8867,A,A-000007124
8867,B,B-000005362
8868,A,A-000007125
8868,A,A-000007126
8868,B,B-000005363
8870,A,A-000007127
8870,A,A-000007128
8870,B,B-000005364
8871,A,A-000007129
8871,A,A-000007130
8871,B,B-000005365
8872,A,A-000007131
8872,A,A-000007132
8872,B,B-000005366
8873,A,A-000007133
8873,A,A-000007134
8873,B,B-000005367
8874,A,A-000007135
8874,A,A-000007136
8874,B,B-000005368
8877,A,A-000007137
8877,A,A-000007138
8877,B,B-000005369
8878,A,A-000007139
8878,A,A-000007140
8878,B,B-000005370
8879,A,A-000007141
8879,A,A-000007142
8879,B,B-000005371
8881,A,A-000007143
8881,A,A-000007144
8881,B,B-000005372
8882,A,A-000007145
8882,A,A-000007146
8882,B,B-000005373
8883,A,A-000007147
8883,A,A-000007148
8883,B,B-000005374
8885,A,A-000007149
8885,A,A-000007150
8885,B,B-000005375
8886,A,A-000007151
8886,A,A-000007152
8886,B,B-000005376
8887,A,A-000007153
8887,A,A-000007154
8887,B,B-000005377
8888,A,A-000007155
8888,A,A-000007156
8888,B,B-000005378
8889,A,A-000007157
8889,A,A-000007158
8889,B,B-000005379
8890,A,A-000007159
8890,A,A-000007160
8890,B,B-000005380
8894,A,A-000007161
8894,A,A-000007162
8894,B,B-000005381
8896,A,A-000007163
8896,A,A-000007164
8896,B,B-000005382
8899,A,A-000007165
8899,A,A-000007166
8899,B,B-000005383
8900,A,A-000007167
8900,A,A-000007168
8900,B,B-000005384
8901,A,A-000007169
8901,A,A-000007170
8901,B,B-000005385
8905,A,A-000007171
8905,A,A-000007172
8905,B,B-000005386
8906,A,A-000007173
8906,A,A-000007174
8906,B,B-000005387
8907,A,A-000007175
8907,A,A-000007176
8907,B,B-000005388
8909,A,A-000007177
8909,A,A-000007178
8909,B,B-000005389
8910,A,A-000007179
8910,A,A-000007180
8910,B,B-000005390
8911,A,A-000007181
8911,A,A-000007182
8911,B,B-000005391
8912,A,A-000007183
8912,A,A-000007184
8912,B,B-000005392
8914,A,A-000007185
8914,A,A-000007186
8914,B,B-000005393
8915,A,A-000007187
8915,A,A-000007188
8915,B,B-000005394
8916,A,A-000007189
8916,A,A-000007190
8916,B,B-000005395
8918,A,A-000007191
8918,A,A-000007192
8918,B,B-000005396
8919,A,A-000007193
8919,A,A-000007194
8919,B,B-000005397
8922,A,A-000007195
8922,A,A-000007196
8922,B,B-000005398
8925,A,A-000007197
8925,A,A-000007198
8925,B,B-000005399
8926,A,A-000007199
8926,A,A-000007200
8926,B,B-000005400
8927,A,A-000007201
8927,A,A-000007202
8927,B,B-000005401
8932,A,A-000007203
8932,A,A-000007204
8932,B,B-000005402
8933,A,A-000007205
8933,A,A-000007206
8933,B,B-000005403
8934,A,A-000007207
8934,A,A-000007208
8934,B,B-000005404
8935,A,A-000007209
8935,A,A-000007210
8935,B,B-000005405
8936,A,A-000007211
8936,A,A-000007212
8936,B,B-000005406
8937,A,A-000007213
8937,A,A-000007214
8937,B,B-000005407
8940,A,A-000007215
8940,A,A-000007216
8940,B,B-000005408
8942,A,A-000007217
8942,A,A-000007218
8942,B,B-000005409
8943,A,A-000007219
8943,A,A-000007220
8943,B,B-000005410
8946,A,A-000007221
8946,A,A-000007222
8946,B,B-000005411
8948,A,A-000007223
8948,A,A-000007224
8948,B,B-000005412
8951,A,A-000007225
8951,A,A-000007226
8951,B,B-000005413
8952,A,A-000007227
8952,A,A-000007228
8952,B,B-000005414
8953,A,A-000007229
8953,A,A-000007230
8953,B,B-000005415
8954,A,A-000007231
8954,A,A-000007232
8954,B,B-000005416
8956,A,A-000007233
8956,A,A-000007234
8956,B,B-000005417
8959,A,A-000007235
8959,A,A-000007236
8959,B,B-000005418
8960,A,A-000007237
8960,A,A-000007238
8960,B,B-000005419
8961,A,A-000007239
8961,A,A-000007240
8961,B,B-000005420
8963,A,A-000007241
8963,A,A-000007242
8963,B,B-000005421
8964,A,A-000007243
8964,A,A-000007244
8964,B,B-000005422
8965,A,A-000007245
8965,A,A-000007246
8965,B,B-000005423
8966,A,A-000007247
8966,A,A-000007248
8966,B,B-000005424
8967,A,A-000007249
8967,A,A-000007250
8967,B,B-000005425
8969,A,A-000007251
8969,A,A-000007252
8969,B,B-000005426
8970,A,A-000007253
8970,A,A-000007254
8970,B,B-000005427
8973,A,A-000007255
8973,A,A-000007256
8973,B,B-000005428
8974,A,A-000007257
8974,A,A-000007258
8974,B,B-000005429
8975,A,A-000007259
8975,A,A-000007260
8975,B,B-000005430
8977,A,A-000007261
8977,A,A-000007262
8977,B,B-000005431
8978,A,A-000007263
8978,A,A-000007264
8978,B,B-000005432
8979,A,A-000007265
8979,A,A-000007266
8979,B,B-000005433
8982,A,A-000007267
8982,A,A-000007268
8982,B,B-000005434
8983,A,A-000007269
8983,A,A-000007270
8983,B,B-000005435
8984,A,A-000007271
8984,A,A-000007272
8984,B,B-000005436
8986,A,A-000007273
8986,A,A-000007274
8986,B,B-000005437
8987,A,A-000007275
8987,A,A-000007276
8987,B,B-000005438
8989,A,A-000007277
8989,A,A-000007278
8989,B,B-000005439
8990,A,A-000007279
8990,A,A-000007280
8990,B,B-000005440
8993,A,A-000007281
8993,A,A-000007282
8993,B,B-000005441
8995,A,A-000007283
8995,A,A-000007284
8995,B,B-000005442
8996,A,A-000007285
8996,A,A-000007286
8996,B,B-000005443
8997,A,A-000007287
8997,A,A-000007288
8997,B,B-000005444
8998,A,A-000007289
8998,A,A-000007290
8998,B,B-000005445
9001,A,A-000007291
9001,A,A-000007292
9001,B,B-000005446
9002,A,A-000007293
9002,A,A-000007294
9002,B,B-000005447
9003,A,A-000007295
9003,A,A-000007296
9003,B,B-000005448
9004,A,A-000007297
9004,A,A-000007298
9004,B,B-000005449
9006,A,A-000007299
9006,A,A-000007300
9006,B,B-000005450
9007,A,A-000007301
9007,A,A-000007302
9007,B,B-000005451
9010,A,A-000007303
9010,A,A-000007304
9010,B,B-000005452
9012,A,A-000007305
9012,A,A-000007306
9012,B,B-000005453
9014,A,A-000007307
9014,A,A-000007308
9014,B,B-000005454
9015,A,A-000007309
9015,A,A-000007310
9015,B,B-000005455
9016,A,A-000007311
9016,A,A-000007312
9016,B,B-000005456
9017,A,A-000007313
9017,A,A-000007314
9017,B,B-000005457
9018,A,A-000007315
9018,A,A-000007316
9018,B,B-000005458
9020,A,A-000007317
9020,A,A-000007318
9020,B,B-000005459
9021,A,A-000007319
9021,A,A-000007320
9021,B,B-000005460
9024,A,A-000007321
9024,A,A-000007322
9024,B,B-000005461
9027,A,A-000007323
9027,A,A-000007324
9027,B,B-000005462
9028,A,A-000007325
9028,A,A-000007326
9028,B,B-000005463
9029,A,A-000007327
9029,A,A-000007328
9029,B,B-000005464
9030,A,A-000007329
9030,A,A-000007330
9030,B,B-000005465
9031,A,A-000007331
9031,A,A-000007332
9031,B,B-000005466
9032,A,A-000007333
9032,A,A-000007334
9032,B,B-000005467
9033,A,A-000007335
9033,A,A-000007336
9033,B,B-000005468
9036,A,A-000007337
9036,A,A-000007338
9036,B,B-000005469
9037,A,A-000007339
9037,A,A-000007340
9037,B,B-000005470
9038,A,A-000007341
9038,A,A-000007342
9038,B,B-000005471
9039,A,A-000007343
9039,A,A-000007344
9039,B,B-000005472
9040,A,A-000007345
9040,A,A-000007346
9040,B,B-000005473
9041,A,A-000007347
9041,A,A-000007348
9041,B,B-000005474
9042,A,A-000007349
9042,A,A-000007350
9042,B,B-000005475
9043,A,A-000007351
9043,A,A-000007352
9043,B,B-000005476
9044,A,A-000007353
9044,A,A-000007354
9044,B,B-000005477
9045,A,A-000007355
9045,A,A-000007356
9045,B,B-000005478
9047,A,A-000007357
9047,A,A-000007358
9047,B,B-000005479
9048,A,A-000007359
9048,A,A-000007360
9048,B,B-000005480
9049,A,A-000007361
9049,A,A-000007362
9049,B,B-000005481
9050,A,A-000007363
9050,A,A-000007364
9050,B,B-000005482
9051,A,A-000007365
9051,A,A-000007366
9051,B,B-000005483
9052,A,A-000007367
9052,A,A-000007368
9052,B,B-000005484
9056,A,A-000007369
9056,A,A-000007370
9056,B,B-000005485
9057,A,A-000007371
9057,A,A-000007372
9057,B,B-000005486
9058,A,A-000007373
9058,A,A-000007374
9058,B,B-000005487
9059,A,A-000007375
9059,A,A-000007376
9059,B,B-000005488
9060,A,A-000007377
9060,A,A-000007378
9060,B,B-000005489
9061,A,A-000007379
9061,A,A-000007380
9061,B,B-000005490
9062,A,A-000007381
9062,A,A-000007382
9062,B,B-000005491
9063,A,A-000007383
9063,A,A-000007384
9063,B,B-000005492
9064,A,A-000007385
9064,A,A-000007386
9064,B,B-000005493
9065,A,A-000007387
9065,A,A-000007388
9065,B,B-000005494
9066,A,A-000007389
9066,A,A-000007390
9066,B,B-000005495
9070,A,A-000007391
9070,A,A-000007392
9070,B,B-000005496
9071,A,A-000007393
9071,A,A-000007394
9071,B,B-000005497
9072,A,A-000007395
9072,A,A-000007396
9072,B,B-000005498
9073,A,A-000007397
9073,A,A-000007398
9073,B,B-000005499
9075,A,A-000007399
9075,A,A-000007400
9075,B,B-000005500
9076,A,A-000007401
9076,A,A-000007402
9076,B,B-000005501
9078,A,A-000007403
9078,A,A-000007404
9078,B,B-000005502
9079,A,A-000007405
9079,A,A-000007406
9079,B,B-000005503
9080,A,A-000007407
9080,A,A-000007408
9080,B,B-000005504
9081,A,A-000007409
9081,A,A-000007410
9081,B,B-000005505
9082,A,A-000007411
9082,A,A-000007412
9082,B,B-000005506
9084,A,A-000007413
9084,A,A-000007414
9084,B,B-000005507
9085,A,A-000007415
9085,A,A-000007416
9085,B,B-000005508
9087,A,A-000007417
9087,A,A-000007418
9087,B,B-000005509
9088,A,A-000007419
9088,A,A-000007420
9088,B,B-000005510
9090,A,A-000007421
9090,A,A-000007422
9090,B,B-000005511
9091,A,A-000007423
9091,A,A-000007424
9091,B,B-000005512
9093,A,A-000007425
9093,A,A-000007426
9093,B,B-000005513
9095,A,A-000007427
9095,A,A-000007428
9095,B,B-000005514
9096,A,A-000007429
9096,A,A-000007430
9096,B,B-000005515
9097,A,A-000007431
9097,A,A-000007432
9097,B,B-000005516
9098,A,A-000007433
9098,A,A-000007434
9098,B,B-000005517
9099,A,A-000007435
9099,A,A-000007436
9099,B,B-000005518
9101,A,A-000007437
9101,A,A-000007438
9101,B,B-000005519
9106,A,A-000007439
9106,A,A-000007440
9106,B,B-000005520
9108,A,A-000007441
9108,A,A-000007442
9108,B,B-000005521
9111,A,A-000007443
9111,A,A-000007444
9111,B,B-000005522
9114,A,A-000007445
9114,A,A-000007446
9114,B,B-000005523
9115,A,A-000007447
9115,A,A-000007448
9115,B,B-000005524
9116,A,A-000007449
9116,A,A-000007450
9116,B,B-000005525
9118,A,A-000007451
9118,A,A-000007452
9118,B,B-000005526
9119,A,A-000007453
9119,A,A-000007454
9119,B,B-000005527
9120,A,A-000007455
9120,A,A-000007456
9120,B,B-000005528
9121,A,A-000007457
9121,A,A-000007458
9121,B,B-000005529
9123,A,A-000007459
9123,A,A-000007460
9123,B,B-000005530
9124,A,A-000007461
9124,A,A-000007462
9124,B,B-000005531
9128,A,A-000007463
9128,A,A-000007464
9128,B,B-000005532
9130,A,A-000007465
9130,A,A-000007466
9130,B,B-000005533
9132,A,A-000007467
9132,A,A-000007468
9132,B,B-000005534
9134,A,A-000007469
9134,A,A-000007470
9134,B,B-000005535
9137,A,A-000007471
9137,A,A-000007472
9137,B,B-000005536
9138,A,A-000007473
9138,A,A-000007474
9138,B,B-000005537
9139,A,A-000007475
9139,A,A-000007476
9139,B,B-000005538
9140,A,A-000007477
9140,A,A-000007478
9140,B,B-000005539
9141,A,A-000007479
9141,A,A-000007480
9141,B,B-000005540
9143,A,A-000007481
9143,A,A-000007482
9143,B,B-000005541
9144,A,A-000007483
9144,A,A-000007484
9144,B,B-000005542
9145,A,A-000007485
9145,A,A-000007486
9145,B,B-000005543
9147,A,A-000007487
9147,A,A-000007488
9147,B,B-000005544
9148,A,A-000007489
9148,A,A-000007490
9148,B,B-000005545
9149,A,A-000007491
9149,A,A-000007492
9149,B,B-000005546
9150,A,A-000007493
9150,A,A-000007494
9150,B,B-000005547
9154,A,A-000007495
9154,A,A-000007496
9154,B,B-000005548
9155,A,A-000007497
9155,A,A-000007498
9155,B,B-000005549
9157,A,A-000007499
9157,A,A-000007500
9157,B,B-000005550
9158,A,A-000007501
9158,A,A-000007502
9158,B,B-000005551
9159,A,A-000007503
9159,A,A-000007504
9159,B,B-000005552
9160,A,A-000007505
9160,A,A-000007506
9160,B,B-000005553
9161,A,A-000007507
9161,A,A-000007508
9161,B,B-000005554
9162,A,A-000007509
9162,A,A-000007510
9162,B,B-000005555
9163,A,A-000007511
9163,A,A-000007512
9163,B,B-000005556
9165,A,A-000007513
9165,A,A-000007514
9165,B,B-000005557
9172,A,A-000007515
9172,A,A-000007516
9172,B,B-000005558
9173,A,A-000007517
9173,A,A-000007518
9173,B,B-000005559
9174,A,A-000007519
9174,A,A-000007520
9174,B,B-000005560
9176,A,A-000007521
9176,A,A-000007522
9176,B,B-000005561
9180,A,A-000007523
9180,A,A-000007524
9180,B,B-000005562
9182,A,A-000007525
9182,A,A-000007526
9182,B,B-000005563
9183,A,A-000007527
9183,A,A-000007528
9183,B,B-000005564
9185,A,A-000007529
9185,A,A-000007530
9185,B,B-000005565
9187,A,A-000007531
9187,A,A-000007532
9187,B,B-000005566
9190,A,A-000007533
9190,A,A-000007534
9190,B,B-000005567
9191,A,A-000007535
9191,A,A-000007536
9191,B,B-000005568
9192,A,A-000007537
9192,A,A-000007538
9192,B,B-000005569
9193,A,A-000007539
9193,A,A-000007540
9193,B,B-000005570
9195,A,A-000007541
9195,A,A-000007542
9195,B,B-000005571
9196,A,A-000007543
9196,A,A-000007544
9196,B,B-000005572
9198,A,A-000007545
9198,A,A-000007546
9198,B,B-000005573
9199,A,A-000007547
9199,A,A-000007548
9199,B,B-000005574
9200,A,A-000007549
9200,A,A-000007550
9200,B,B-000005575
9203,A,A-000007551
9203,A,A-000007552
9203,B,B-000005576
9207,A,A-000007553
9207,A,A-000007554
9207,B,B-000005577
9210,A,A-000007555
9210,A,A-000007556
9210,B,B-000005578
9212,A,A-000007557
9212,A,A-000007558
9212,B,B-000005579
9216,A,A-000007559
9216,A,A-000007560
9216,B,B-000005580
9217,A,A-000007561
9217,A,A-000007562
9217,B,B-000005581
9218,A,A-000007563
9218,A,A-000007564
9218,B,B-000005582
9219,A,A-000007565
9219,A,A-000007566
9219,B,B-000005583
9221,A,A-000007567
9221,A,A-000007568
9221,B,B-000005584
9222,A,A-000007569
9222,A,A-000007570
9222,B,B-000005585
9227,A,A-000007571
9227,A,A-000007572
9227,B,B-000005586
9229,A,A-000007573
9229,A,A-000007574
9229,B,B-000005587
9230,A,A-000007575
9230,A,A-000007576
9230,B,B-000005588
9232,A,A-000007577
9232,A,A-000007578
9232,B,B-000005589
9233,A,A-000007579
9233,A,A-000007580
9233,B,B-000005590
9234,A,A-000007581
9234,A,A-000007582
9234,B,B-000005591
9235,A,A-000007583
9235,A,A-000007584
9235,B,B-000005592
9237,A,A-000007585
9237,A,A-000007586
9237,B,B-000005593
9239,A,A-000007587
9239,A,A-000007588
9239,B,B-000005594
9240,A,A-000007589
9240,A,A-000007590
9240,B,B-000005595
9241,A,A-000007591
9241,A,A-000007592
9241,B,B-000005596
9244,A,A-000007593
9244,A,A-000007594
9244,B,B-000005597
9245,A,A-000007595
9245,A,A-000007596
9245,B,B-000005598
9246,A,A-000007597
9246,A,A-000007598
9246,B,B-000005599
9247,A,A-000007599
9247,A,A-000007600
9247,B,B-000005600
9248,A,A-000007601
9248,A,A-000007602
9248,B,B-000005601
9250,A,A-000007603
9250,A,A-000007604
9250,B,B-000005602
9251,A,A-000007605
9251,A,A-000007606
9251,B,B-000005603
9252,A,A-000007607
9252,A,A-000007608
9252,B,B-000005604
9253,A,A-000007609
9253,A,A-000007610
9253,B,B-000005605
9254,A,A-000007611
9254,A,A-000007612
9254,B,B-000005606
9255,A,A-000007613
9255,A,A-000007614
9255,B,B-000005607
9257,A,A-000007615
9257,A,A-000007616
9257,B,B-000005608
9259,A,A-000007617
9259,A,A-000007618
9259,B,B-000005609
9261,A,A-000007619
9261,A,A-000007620
9261,B,B-000005610
9262,A,A-000007621
9262,A,A-000007622
9262,B,B-000005611
9263,A,A-000007623
9263,A,A-000007624
9263,B,B-000005612
9264,A,A-000007625
9264,A,A-000007626
9264,B,B-000005613
9265,A,A-000007627
9265,A,A-000007628
9265,B,B-000005614
9268,A,A-000007629
9268,A,A-000007630
9268,B,B-000005615
9269,A,A-000007631
9269,A,A-000007632
9269,B,B-000005616
9271,A,A-000007633
9271,A,A-000007634
9271,B,B-000005617
9272,A,A-000007635
9272,A,A-000007636
9272,B,B-000005618
9273,A,A-000007637
9273,A,A-000007638
9273,B,B-000005619
9275,A,A-000007639
9275,A,A-000007640
9275,B,B-000005620
9276,A,A-000007641
9276,A,A-000007642
9276,B,B-000005621
9277,A,A-000007643
9277,A,A-000007644
9277,B,B-000005622
9278,A,A-000007645
9278,A,A-000007646
9278,B,B-000005623
9279,A,A-000007647
9279,A,A-000007648
9279,B,B-000005624
9280,A,A-000007649
9280,A,A-000007650
9280,B,B-000005625
9281,A,A-000007651
9281,A,A-000007652
9281,B,B-000005626
9283,A,A-000007653
9283,A,A-000007654
9283,B,B-000005627
9285,A,A-000007655
9285,A,A-000007656
9285,B,B-000005628
9289,A,A-000007657
9289,A,A-000007658
9289,B,B-000005629
9292,A,A-000007659
9292,A,A-000007660
9292,B,B-000005630
9294,A,A-000007661
9294,A,A-000007662
9294,B,B-000005631
9295,A,A-000007663
9295,A,A-000007664
9295,B,B-000005632
9296,A,A-000007665
9296,A,A-000007666
9296,B,B-000005633
9298,A,A-000007667
9298,A,A-000007668
9298,B,B-000005634
9300,A,A-000007669
9300,A,A-000007670
9300,B,B-000005635
9301,A,A-000007671
9301,A,A-000007672
9301,B,B-000005636
9302,A,A-000007673
9302,A,A-000007674
9302,B,B-000005637
9303,A,A-000007675
9303,A,A-000007676
9303,B,B-000005638
9305,A,A-000007677
9305,A,A-000007678
9305,B,B-000005639
9307,A,A-000007679
9307,A,A-000007680
9307,B,B-000005640
9308,A,A-000007681
9308,A,A-000007682
9308,B,B-000005641
9309,A,A-000007683
9309,A,A-000007684
9309,B,B-000005642
9310,A,A-000007685
9310,A,A-000007686
9310,B,B-000005643
9311,A,A-000007687
9311,A,A-000007688
9311,B,B-000005644
9313,A,A-000007689
9313,A,A-000007690
9313,B,B-000005645
9314,A,A-000007691
9314,A,A-000007692
9314,B,B-000005646
9315,A,A-000007693
9315,A,A-000007694
9315,B,B-000005647
9316,A,A-000007695
9316,A,A-000007696
9316,B,B-000005648
9317,A,A-000007697
9317,A,A-000007698
9317,B,B-000005649
9319,A,A-000007699
9319,A,A-000007700
9319,B,B-000005650
9322,A,A-000007701
9322,A,A-000007702
9322,B,B-000005651
9323,A,A-000007703
9323,A,A-000007704
9323,B,B-000005652
9324,A,A-000007705
9324,A,A-000007706
9324,B,B-000005653
9325,A,A-000007707
9325,A,A-000007708
9325,B,B-000005654
9329,A,A-000007709
9329,A,A-000007710
9329,B,B-000005655
9333,A,A-000007711
9333,A,A-000007712
9333,B,B-000005656
9334,A,A-000007713
9334,A,A-000007714
9334,B,B-000005657
9335,A,A-000007715
9335,A,A-000007716
9335,B,B-000005658
9336,A,A-000007717
9336,A,A-000007718
9336,B,B-000005659
9337,A,A-000007719
9337,A,A-000007720
9337,B,B-000005660
9339,A,A-000007721
9339,A,A-000007722
9339,B,B-000005661
9340,A,A-000007723
9340,A,A-000007724
9340,B,B-000005662
9341,A,A-000007725
9341,A,A-000007726
9341,B,B-000005663
9342,A,A-000007727
9342,A,A-000007728
9342,B,B-000005664
9343,A,A-000007729
9343,A,A-000007730
9343,B,B-000005665
9347,A,A-000007731
9347,A,A-000007732
9347,B,B-000005666
9348,A,A-000007733
9348,A,A-000007734
9348,B,B-000005667
9350,A,A-000007735
9350,A,A-000007736
9350,B,B-000005668
9353,A,A-000007737
9353,A,A-000007738
9353,B,B-000005669
9354,A,A-000007739
9354,A,A-000007740
9354,B,B-000005670
9355,A,A-000007741
9355,A,A-000007742
9355,B,B-000005671
9358,A,A-000007743
9358,A,A-000007744
9358,B,B-000005672
9359,A,A-000007745
9359,A,A-000007746
9359,B,B-000005673
9363,A,A-000007747
9363,A,A-000007748
9363,B,B-000005674
9364,A,A-000007749
9364,A,A-000007750
9364,B,B-000005675
9366,A,A-000007751
9366,A,A-000007752
9366,B,B-000005676
9367,A,A-000007753
9367,A,A-000007754
9367,B,B-000005677
9369,A,A-000007755
9369,A,A-000007756
9369,B,B-000005678
9372,A,A-000007757
9372,A,A-000007758
9372,B,B-000005679
9373,A,A-000007759
9373,A,A-000007760
9373,B,B-000005680
9374,A,A-000007761
9374,A,A-000007762
9374,B,B-000005681
9377,A,A-000007763
9377,A,A-000007764
9377,B,B-000005682
9379,A,A-000007765
9379,A,A-000007766
9379,B,B-000005683
9380,A,A-000007767
9380,A,A-000007768
9380,B,B-000005684
9381,A,A-000007769
9381,A,A-000007770
9381,B,B-000005685
9383,A,A-000007771
9383,A,A-000007772
9383,B,B-000005686
9384,A,A-000007773
9384,A,A-000007774
9384,B,B-000005687
9387,A,A-000007775
9387,A,A-000007776
9387,B,B-000005688
9391,A,A-000007777
9391,A,A-000007778
9391,B,B-000005689
9399,A,A-000007779
9399,A,A-000007780
9399,B,B-000005690
9401,A,A-000007781
9401,A,A-000007782
9401,B,B-000005691
9405,A,A-000007783
9405,A,A-000007784
9405,B,B-000005692
9406,A,A-000007785
9406,A,A-000007786
9406,B,B-000005693
9407,A,A-000007787
9407,A,A-000007788
9407,B,B-000005694
9408,A,A-000007789
9408,A,A-000007790
9408,B,B-000005695
9409,A,A-000007791
9409,A,A-000007792
9409,B,B-000005696
9411,A,A-000007793
9411,A,A-000007794
9411,B,B-000005697
9413,A,A-000007795
9413,A,A-000007796
9413,B,B-000005698
9415,A,A-000007797
9415,A,A-000007798
9415,B,B-000005699
9417,A,A-000007799
9417,A,A-000007800
9417,B,B-000005700
9418,A,A-000007801
9418,A,A-000007802
9418,B,B-000005701
9419,A,A-000007803
9419,A,A-000007804
9419,B,B-000005702
9426,A,A-000007805
9426,A,A-000007806
9426,B,B-000005703
9427,A,A-000007807
9427,A,A-000007808
9427,B,B-000005704
9430,A,A-000007809
9430,A,A-000007810
9430,B,B-000005705
9431,A,A-000007811
9431,A,A-000007812
9431,B,B-000005706
9432,A,A-000007813
9432,A,A-000007814
9432,B,B-000005707
9434,A,A-000007815
9434,A,A-000007816
9434,B,B-000005708
9437,A,A-000007817
9437,A,A-000007818
9437,B,B-000005709
9438,A,A-000007819
9438,A,A-000007820
9438,B,B-000005710
9439,A,A-000007821
9439,A,A-000007822
9439,B,B-000005711
9440,A,A-000007823
9440,A,A-000007824
9440,B,B-000005712
9441,A,A-000007825
9441,A,A-000007826
9441,B,B-000005713
9443,A,A-000007827
9443,A,A-000007828
9443,B,B-000005714
9445,A,A-000007829
9445,A,A-000007830
9445,B,B-000005715
9448,A,A-000007831
9448,A,A-000007832
9448,B,B-000005716
9450,A,A-000007833
9450,A,A-000007834
9450,B,B-000005717
9453,A,A-000007835
9453,A,A-000007836
9453,B,B-000005718
9455,A,A-000007837
9455,A,A-000007838
9455,B,B-000005719
9456,A,A-000007839
9456,A,A-000007840
9456,B,B-000005720
9457,A,A-000007841
9457,A,A-000007842
9457,B,B-000005721
9458,A,A-000007843
9458,A,A-000007844
9458,B,B-000005722
9459,A,A-000007845
9459,A,A-000007846
9459,B,B-000005723
9460,A,A-000007847
9460,A,A-000007848
9460,B,B-000005724
9461,A,A-000007849
9461,A,A-000007850
9461,B,B-000005725
9462,A,A-000007851
9462,A,A-000007852
9462,B,B-000005726
9463,A,A-000007853
9463,A,A-000007854
9463,B,B-000005727
9464,A,A-000007855
9464,A,A-000007856
9464,B,B-000005728
9465,A,A-000007857
9465,A,A-000007858
9465,B,B-000005729
9466,A,A-000007859
9466,A,A-000007860
9466,B,B-000005730
9467,A,A-000007861
9467,A,A-000007862
9467,B,B-000005731
9468,A,A-000007863
9468,A,A-000007864
9468,B,B-000005732
9470,A,A-000007865
9470,A,A-000007866
9470,B,B-000005733
9471,A,A-000007867
9471,A,A-000007868
9471,B,B-000005734
9472,A,A-000007869
9472,A,A-000007870
9472,B,B-000005735
9473,A,A-000007871
9473,A,A-000007872
9473,B,B-000005736
9474,A,A-000007873
9474,A,A-000007874
9474,B,B-000005737
9476,A,A-000007875
9476,A,A-000007876
9476,B,B-000005738
9481,A,A-000007877
9481,A,A-000007878
9481,B,B-000005739
9483,A,A-000007879
9483,A,A-000007880
9483,B,B-000005740
9484,A,A-000007881
9484,A,A-000007882
9484,B,B-000005741
9486,A,A-000007883
9486,A,A-000007884
9486,B,B-000005742
9487,A,A-000007885
9487,A,A-000007886
9487,B,B-000005743
9490,A,A-000007887
9490,A,A-000007888
9490,B,B-000005744
9492,A,A-000007889
9492,A,A-000007890
9492,B,B-000005745
9493,A,A-000007891
9493,A,A-000007892
9493,B,B-000005746
9494,A,A-000007893
9494,A,A-000007894
9494,B,B-000005747
9495,A,A-000007895
9495,A,A-000007896
9495,B,B-000005748
9496,A,A-000007897
9496,A,A-000007898
9496,B,B-000005749
9498,A,A-000007899
9498,A,A-000007900
9498,B,B-000005750
9499,A,A-000007901
9499,A,A-000007902
9499,B,B-000005751
9500,A,A-000007903
9500,A,A-000007904
9500,B,B-000005752
9502,A,A-000007905
9502,A,A-000007906
9502,B,B-000005753
9503,A,A-000007907
9503,A,A-000007908
9503,B,B-000005754
9504,A,A-000007909
9504,A,A-000007910
9504,B,B-000005755
9506,A,A-000007911
9506,A,A-000007912
9506,B,B-000005756
9509,A,A-000007913
9509,A,A-000007914
9509,B,B-000005757
9510,A,A-000007915
9510,A,A-000007916
9510,B,B-000005758
9511,A,A-000007917
9511,A,A-000007918
9511,B,B-000005759
9512,A,A-000007919
9512,A,A-000007920
9512,B,B-000005760
9514,A,A-000007921
9514,A,A-000007922
9514,B,B-000005761
9517,A,A-000007923
9517,A,A-000007924
9517,B,B-000005762
9519,A,A-000007925
9519,A,A-000007926
9519,B,B-000005763
9521,A,A-000007927
9521,A,A-000007928
9521,B,B-000005764
9523,A,A-000007929
9523,A,A-000007930
9523,B,B-000005765
9526,A,A-000007931
9526,A,A-000007932
9526,B,B-000005766
9527,A,A-000007933
9527,A,A-000007934
9527,B,B-000005767
9531,A,A-000007935
9531,A,A-000007936
9531,B,B-000005768
9532,A,A-000007937
9532,A,A-000007938
9532,B,B-000005769
9533,A,A-000007939
9533,A,A-000007940
9533,B,B-000005770
9537,A,A-000007941
9537,A,A-000007942
9537,B,B-000005771
9541,A,A-000007943
9541,A,A-000007944
9541,B,B-000005772
9542,A,A-000007945
9542,A,A-000007946
9542,B,B-000005773
9546,A,A-000007947
9546,A,A-000007948
9546,B,B-000005774
9547,A,A-000007949
9547,A,A-000007950
9547,B,B-000005775
9549,A,A-000007951
9549,A,A-000007952
9549,B,B-000005776
9551,A,A-000007953
9551,A,A-000007954
9551,B,B-000005777
9552,A,A-000007955
9552,A,A-000007956
9552,B,B-000005778
9553,A,A-000007957
9553,A,A-000007958
9553,B,B-000005779
9554,A,A-000007959
9554,A,A-000007960
9554,B,B-000005780
9556,A,A-000007961
9556,A,A-000007962
9556,B,B-000005781
9558,A,A-000007963
9558,A,A-000007964
9558,B,B-000005782
9560,A,A-000007965
9560,A,A-000007966
9560,B,B-000005783
9561,A,A-000007967
9561,A,A-000007968
9561,B,B-000005784
9562,A,A-000007969
9562,A,A-000007970
9562,B,B-000005785
9563,A,A-000007971
9563,A,A-000007972
9563,B,B-000005786
9564,A,A-000007973
9564,A,A-000007974
9564,B,B-000005787
9565,A,A-000007975
9565,A,A-000007976
9565,B,B-000005788
9566,A,A-000007977
9566,A,A-000007978
9566,B,B-000005789
9571,A,A-000007979
9571,A,A-000007980
9571,B,B-000005790
9572,A,A-000007981
9572,A,A-000007982
9572,B,B-000005791
9573,A,A-000007983
9573,A,A-000007984
9573,B,B-000005792
9575,A,A-000007985
9575,A,A-000007986
9575,B,B-000005793
9576,A,A-000007987
9576,A,A-000007988
9576,B,B-000005794
9577,A,A-000007989
9577,A,A-000007990
9577,B,B-000005795
9578,A,A-000007991
9578,A,A-000007992
9578,B,B-000005796
9581,A,A-000007993
9581,A,A-000007994
9581,B,B-000005797
9583,A,A-000007995
9583,A,A-000007996
9583,B,B-000005798
9584,A,A-000007997
9584,A,A-000007998
9584,B,B-000005799
9587,A,A-000007999
9587,A,A-000008000
9587,B,B-000005800
9588,A,A-000008001
9588,A,A-000008002
9588,B,B-000005801
9591,A,A-000008003
9591,A,A-000008004
9591,B,B-000005802
9593,A,A-000008005
9593,A,A-000008006
9593,B,B-000005803
9595,A,A-000008007
9595,A,A-000008008
9595,B,B-000005804
9597,A,A-000008009
9597,A,A-000008010
9597,B,B-000005805
9598,A,A-000008011
9598,A,A-000008012
9598,B,B-000005806
9602,A,A-000008013
9602,A,A-000008014
9602,B,B-000005807
9606,A,A-000008015
9606,A,A-000008016
9606,B,B-000005808
9608,A,A-000008017
9608,A,A-000008018
9608,B,B-000005809
9611,A,A-000008019
9611,A,A-000008020
9611,B,B-000005810
9613,A,A-000008021
9613,A,A-000008022
9613,B,B-000005811
9614,A,A-000008023
9614,A,A-000008024
9614,B,B-000005812
9615,A,A-000008025
9615,A,A-000008026
9615,B,B-000005813
9616,A,A-000008027
9616,A,A-000008028
9616,B,B-000005814
9617,A,A-000008029
9617,A,A-000008030
9617,B,B-000005815
9618,A,A-000008031
9618,A,A-000008032
9618,B,B-000005816
9619,A,A-000008033
9619,A,A-000008034
9619,B,B-000005817
9621,A,A-000008035
9621,A,A-000008036
9621,B,B-000005818
9623,A,A-000008037
9623,A,A-000008038
9623,B,B-000005819
9626,A,A-000008039
9626,A,A-000008040
9626,B,B-000005820
9627,A,A-000008041
9627,A,A-000008042
9627,B,B-000005821
9628,A,A-000008043
9628,A,A-000008044
9628,B,B-000005822
9630,A,A-000008045
9630,A,A-000008046
9630,B,B-000005823
9631,A,A-000008047
9631,A,A-000008048
9631,B,B-000005824
9633,A,A-000008049
9633,A,A-000008050
9633,B,B-000005825
9634,A,A-000008051
9634,A,A-000008052
9634,B,B-000005826
9635,A,A-000008053
9635,A,A-000008054
9635,B,B-000005827
9637,A,A-000008055
9637,A,A-000008056
9637,B,B-000005828
9639,A,A-000008057
9639,A,A-000008058
9639,B,B-000005829
9641,A,A-000008059
9641,A,A-000008060
9641,B,B-000005830
9643,A,A-000008061
9643,A,A-000008062
9643,B,B-000005831
9644,A,A-000008063
9644,A,A-000008064
9644,B,B-000005832
9646,A,A-000008065
9646,A,A-000008066
9646,B,B-000005833
9647,A,A-000008067
9647,A,A-000008068
9647,B,B-000005834
9650,A,A-000008069
9650,A,A-000008070
9650,B,B-000005835
9653,A,A-000008071
9653,A,A-000008072
9653,B,B-000005836
9654,A,A-000008073
9654,A,A-000008074
9654,B,B-000005837
9655,A,A-000008075
9655,A,A-000008076
9655,B,B-000005838
9656,A,A-000008077
9656,A,A-000008078
9656,B,B-000005839
9661,A,A-000008079
9661,A,A-000008080
9661,B,B-000005840
9663,A,A-000008081
9663,A,A-000008082
9663,B,B-000005841
9665,A,A-000008083
9665,A,A-000008084
9665,B,B-000005842
9667,A,A-000008085
9667,A,A-000008086
9667,B,B-000005843
9668,A,A-000008087
9668,A,A-000008088
9668,B,B-000005844
9670,A,A-000008089
9670,A,A-000008090
9670,B,B-000005845
9671,A,A-000008091
9671,A,A-000008092
9671,B,B-000005846
9673,A,A-000008093
9673,A,A-000008094
9673,B,B-000005847
9674,A,A-000008095
9674,A,A-000008096
9674,B,B-000005848
9675,A,A-000008097
9675,A,A-000008098
9675,B,B-000005849
9676,A,A-000008099
9676,A,A-000008100
9676,B,B-000005850
9677,A,A-000008101
9677,A,A-000008102
9677,B,B-000005851
9678,A,A-000008103
9678,A,A-000008104
9678,B,B-000005852
9679,A,A-000008105
9679,A,A-000008106
9679,B,B-000005853
9683,A,A-000008107
9683,A,A-000008108
9683,B,B-000005854
9685,A,A-000008109
9685,A,A-000008110
9685,B,B-000005855
9687,A,A-000008111
9687,A,A-000008112
9687,B,B-000005856
9688,A,A-000008113
9688,A,A-000008114
9688,B,B-000005857
9689,A,A-000008115
9689,A,A-000008116
9689,B,B-000005858
9691,A,A-000008117
9691,A,A-000008118
9691,B,B-000005859
9692,A,A-000008119
9692,A,A-000008120
9692,B,B-000005860
9694,A,A-000008121
9694,A,A-000008122
9694,B,B-000005861
9695,A,A-000008123
9695,A,A-000008124
9695,B,B-000005862
9696,A,A-000008125
9696,A,A-000008126
9696,B,B-000005863
9699,A,A-000008127
9699,A,A-000008128
9699,B,B-000005864
9700,A,A-000008129
9700,A,A-000008130
9700,B,B-000005865
9701,A,A-000008131
9701,A,A-000008132
9701,B,B-000005866
9702,A,A-000008133
9702,A,A-000008134
9702,B,B-000005867
9703,A,A-000008135
9703,A,A-000008136
9703,B,B-000005868
9707,A,A-000008137
9707,A,A-000008138
9707,B,B-000005869
9708,A,A-000008139
9708,A,A-000008140
9708,B,B-000005870
9709,A,A-000008141
9709,A,A-000008142
9709,B,B-000005871
9710,A,A-000008143
9710,A,A-000008144
9710,B,B-000005872
9713,A,A-000008145
9713,A,A-000008146
9713,B,B-000005873
9715,A,A-000008147
9715,A,A-000008148
9715,B,B-000005874
9717,A,A-000008149
9717,A,A-000008150
9717,B,B-000005875
9719,A,A-000008151
9719,A,A-000008152
9719,B,B-000005876
9720,A,A-000008153
9720,A,A-000008154
9720,B,B-000005877
9721,A,A-000008155
9721,A,A-000008156
9721,B,B-000005878
9722,A,A-000008157
9722,A,A-000008158
9722,B,B-000005879
9723,A,A-000008159
9723,A,A-000008160
9723,B,B-000005880
9724,A,A-000008161
9724,A,A-000008162
9724,B,B-000005881
9728,A,A-000008163
9728,A,A-000008164
9728,B,B-000005882
9729,A,A-000008165
9729,A,A-000008166
9729,B,B-000005883
9730,A,A-000008167
9730,A,A-000008168
9730,B,B-000005884
9735,A,A-000008169
9735,A,A-000008170
9735,B,B-000005885
9736,A,A-000008171
9736,A,A-000008172
9736,B,B-000005886
9737,A,A-000008173
9737,A,A-000008174
9737,B,B-000005887
9738,A,A-000008175
9738,A,A-000008176
9738,B,B-000005888
9739,A,A-000008177
9739,A,A-000008178
9739,B,B-000005889
9742,A,A-000008179
9742,A,A-000008180
9742,B,B-000005890
9747,A,A-000008181
9747,A,A-000008182
9747,B,B-000005891
9748,A,A-000008183
9748,A,A-000008184
9748,B,B-000005892
9749,A,A-000008185
9749,A,A-000008186
9749,B,B-000005893
9750,A,A-000008187
9750,A,A-000008188
9750,B,B-000005894
9751,A,A-000008189
9751,A,A-000008190
9751,B,B-000005895
9752,A,A-000008191
9752,A,A-000008192
9752,B,B-000005896
9753,A,A-000008193
9753,A,A-000008194
9753,B,B-000005897
9754,A,A-000008195
9754,A,A-000008196
9754,B,B-000005898
9755,A,A-000008197
9755,A,A-000008198
9755,B,B-000005899
9756,A,A-000008199
9756,A,A-000008200
9756,B,B-000005900
9757,A,A-000008201
9757,A,A-000008202
9757,B,B-000005901
9759,A,A-000008203
9759,A,A-000008204
9759,B,B-000005902
9760,A,A-000008205
9760,A,A-000008206
9760,B,B-000005903
9763,A,A-000008207
9763,A,A-000008208
9763,B,B-000005904
9764,A,A-000008209
9764,A,A-000008210
9764,B,B-000005905
9765,A,A-000008211
9765,A,A-000008212
9765,B,B-000005906
9768,A,A-000008213
9768,A,A-000008214
9768,B,B-000005907
9772,A,A-000008215
9772,A,A-000008216
9772,B,B-000005908
9774,A,A-000008217
9774,A,A-000008218
9774,B,B-000005909
9780,A,A-000008219
9780,A,A-000008220
9780,B,B-000005910
9781,A,A-000008221
9781,A,A-000008222
9781,B,B-000005911
9782,A,A-000008223
9782,A,A-000008224
9782,B,B-000005912
9783,A,A-000008225
9783,A,A-000008226
9783,B,B-000005913
9784,A,A-000008227
9784,A,A-000008228
9784,B,B-000005914
9788,A,A-000008229
9788,A,A-000008230
9788,B,B-000005915
9789,A,A-000008231
9789,A,A-000008232
9789,B,B-000005916
9790,A,A-000008233
9790,A,A-000008234
9790,B,B-000005917
9795,A,A-000008235
9795,A,A-000008236
9795,B,B-000005918
9799,A,A-000008237
9799,A,A-000008238
9799,B,B-000005919
9800,A,A-000008239
9800,A,A-000008240
9800,B,B-000005920
9801,A,A-000008241
9801,A,A-000008242
9801,B,B-000005921
9802,A,A-000008243
9802,A,A-000008244
9802,B,B-000005922
9803,A,A-000008245
9803,A,A-000008246
9803,B,B-000005923
9804,A,A-000008247
9804,A,A-000008248
9804,B,B-000005924
9805,A,A-000008249
9805,A,A-000008250
9805,B,B-000005925
9811,A,A-000008251
9811,A,A-000008252
9811,B,B-000005926
9812,A,A-000008253
9812,A,A-000008254
9812,B,B-000005927
9813,A,A-000008255
9813,A,A-000008256
9813,B,B-000005928
9814,A,A-000008257
9814,A,A-000008258
9814,B,B-000005929
9815,A,A-000008259
9815,A,A-000008260
9815,B,B-000005930
9817,A,A-000008261
9817,A,A-000008262
9817,B,B-000005931
9818,A,A-000008263
9818,A,A-000008264
9818,B,B-000005932
9819,A,A-000008265
9819,A,A-000008266
9819,B,B-000005933
9820,A,A-000008267
9820,A,A-000008268
9820,B,B-000005934
9821,A,A-000008269
9821,A,A-000008270
9821,B,B-000005935
9824,A,A-000008271
9824,A,A-000008272
9824,B,B-000005936
9826,A,A-000008273
9826,A,A-000008274
9826,B,B-000005937
9827,A,A-000008275
9827,A,A-000008276
9827,B,B-000005938
9829,A,A-000008277
9829,A,A-000008278
9829,B,B-000005939
9831,A,A-000008279
9831,A,A-000008280
9831,B,B-000005940
9832,A,A-000008281
9832,A,A-000008282
9832,B,B-000005941
9834,A,A-000008283
9834,A,A-000008284
9834,B,B-000005942
9835,A,A-000008285
9835,A,A-000008286
9835,B,B-000005943
9836,A,A-000008287
9836,A,A-000008288
9836,B,B-000005944
9837,A,A-000008289
9837,A,A-000008290
9837,B,B-000005945
9842,A,A-000008291
9842,A,A-000008292
9842,B,B-000005946
9843,A,A-000008293
9843,A,A-000008294
9843,B,B-000005947
9844,A,A-000008295
9844,A,A-000008296
9844,B,B-000005948
9845,A,A-000008297
9845,A,A-000008298
9845,B,B-000005949
9848,A,A-000008299
9848,A,A-000008300
9848,B,B-000005950
9849,A,A-000008301
9849,A,A-000008302
9849,B,B-000005951
9851,A,A-000008303
9851,A,A-000008304
9851,B,B-000005952
9852,A,A-000008305
9852,A,A-000008306
9852,B,B-000005953
9854,A,A-000008307
9854,A,A-000008308
9854,B,B-000005954
9855,A,A-000008309
9855,A,A-000008310
9855,B,B-000005955
9856,A,A-000008311
9856,A,A-000008312
9856,B,B-000005956
9857,A,A-000008313
9857,A,A-000008314
9857,B,B-000005957
9859,A,A-000008315
9859,A,A-000008316
9859,B,B-000005958
9861,A,A-000008317
9861,A,A-000008318
9861,B,B-000005959
9862,A,A-000008319
9862,A,A-000008320
9862,B,B-000005960
9864,A,A-000008321
9864,A,A-000008322
9864,B,B-000005961
9865,A,A-000008323
9865,A,A-000008324
9865,B,B-000005962
9866,A,A-000008325
9866,A,A-000008326
9866,B,B-000005963
9867,A,A-000008327
9867,A,A-000008328
9867,B,B-000005964
9869,A,A-000008329
9869,A,A-000008330
9869,B,B-000005965
9870,A,A-000008331
9870,A,A-000008332
9870,B,B-000005966
9871,A,A-000008333
9871,A,A-000008334
9871,B,B-000005967
9872,A,A-000008335
9872,A,A-000008336
9872,B,B-000005968
9873,A,A-000008337
9873,A,A-000008338
9873,B,B-000005969
9874,A,A-000008339
9874,A,A-000008340
9874,B,B-000005970
9875,A,A-000008341
9875,A,A-000008342
9875,B,B-000005971
9876,A,A-000008343
9876,A,A-000008344
9876,B,B-000005972
9877,A,A-000008345
9877,A,A-000008346
9877,B,B-000005973
9878,A,A-000008347
9878,A,A-000008348
9878,B,B-000005974
9879,A,A-000008349
9879,A,A-000008350
9879,B,B-000005975
9880,A,A-000008351
9880,A,A-000008352
9880,B,B-000005976
9881,A,A-000008353
9881,A,A-000008354
9881,B,B-000005977
9883,A,A-000008355
9883,A,A-000008356
9883,B,B-000005978
9884,A,A-000008357
9884,A,A-000008358
9884,B,B-000005979
9886,A,A-000008359
9886,A,A-000008360
9886,B,B-000005980
9887,A,A-000008361
9887,A,A-000008362
9887,B,B-000005981
9888,A,A-000008363
9888,A,A-000008364
9888,B,B-000005982
9889,A,A-000008365
9889,A,A-000008366
9889,B,B-000005983
9890,A,A-000008367
9890,A,A-000008368
9890,B,B-000005984
9892,A,A-000008369
9892,A,A-000008370
9892,B,B-000005985
9895,A,A-000008371
9895,A,A-000008372
9895,B,B-000005986
9896,A,A-000008373
9896,A,A-000008374
9896,B,B-000005987
9897,A,A-000008375
9897,A,A-000008376
9897,B,B-000005988
9898,A,A-000008377
9898,A,A-000008378
9898,B,B-000005989
9899,A,A-000008379
9899,A,A-000008380
9899,B,B-000005990
9903,A,A-000008381
9903,A,A-000008382
9903,B,B-000005991
9904,A,A-000008383
9904,A,A-000008384
9904,B,B-000005992
9905,A,A-000008385
9905,A,A-000008386
9905,B,B-000005993
9906,A,A-000008387
9906,A,A-000008388
9906,B,B-000005994
9908,A,A-000008389
9908,A,A-000008390
9908,B,B-000005995
9910,A,A-000008391
9910,A,A-000008392
9910,B,B-000005996
9912,A,A-000008393
9912,A,A-000008394
9912,B,B-000005997
9915,A,A-000008395
9915,A,A-000008396
9915,B,B-000005998
9917,A,A-000008397
9917,A,A-000008398
9917,B,B-000005999
9918,A,A-000008399
9918,A,A-000008400
9918,B,B-000006000
9919,A,A-000008401
9919,A,A-000008402
9919,B,B-000006001
9920,A,A-000008403
9920,A,A-000008404
9920,B,B-000006002
9921,A,A-000008405
9921,A,A-000008406
9921,B,B-000006003
9923,A,A-000008407
9923,A,A-000008408
9923,B,B-000006004
9927,A,A-000008409
9927,A,A-000008410
9927,B,B-000006005
9929,A,A-000008411
9929,A,A-000008412
9929,B,B-000006006
9930,A,A-000008413
9930,A,A-000008414
9930,B,B-000006007
9931,A,A-000008415
9931,A,A-000008416
9931,B,B-000006008
9932,A,A-000008417
9932,A,A-000008418
9932,B,B-000006009
9935,A,A-000008419
9935,A,A-000008420
9935,B,B-000006010
9936,A,A-000008421
9936,A,A-000008422
9936,B,B-000006011
9937,A,A-000008423
9937,A,A-000008424
9937,B,B-000006012
9939,A,A-000008425
9939,A,A-000008426
9939,B,B-000006013
9940,A,A-000008427
9940,A,A-000008428
9940,B,B-000006014
9942,A,A-000008429
9942,A,A-000008430
9942,B,B-000006015
9945,A,A-000008431
9945,A,A-000008432
9945,B,B-000006016
9946,A,A-000008433
9946,A,A-000008434
9946,B,B-000006017
9949,A,A-000008435
9949,A,A-000008436
9949,B,B-000006018
9950,A,A-000008437
9950,A,A-000008438
9950,B,B-000006019
9951,A,A-000008439
9951,A,A-000008440
9951,B,B-000006020
9952,A,A-000008441
9952,A,A-000008442
9952,B,B-000006021
9954,A,A-000008443
9954,A,A-000008444
9954,B,B-000006022
9956,A,A-000008445
9956,A,A-000008446
9956,B,B-000006023
9957,A,A-000008447
9957,A,A-000008448
9957,B,B-000006024
9958,A,A-000008449
9958,A,A-000008450
9958,B,B-000006025
9960,A,A-000008451
9960,A,A-000008452
9960,B,B-000006026
9961,A,A-000008453
9961,A,A-000008454
9961,B,B-000006027
9962,A,A-000008455
9962,A,A-000008456
9962,B,B-000006028
9963,A,A-000008457
9963,A,A-000008458
9963,B,B-000006029
9965,A,A-000008459
9965,A,A-000008460
9965,B,B-000006030
9966,A,A-000008461
9966,A,A-000008462
9966,B,B-000006031
9967,A,A-000008463
9967,A,A-000008464
9967,B,B-000006032
9969,A,A-000008465
9969,A,A-000008466
9969,B,B-000006033
9970,A,A-000008467
9970,A,A-000008468
9970,B,B-000006034
9971,A,A-000008469
9971,A,A-000008470
9971,B,B-000006035
9972,A,A-000008471
9972,A,A-000008472
9972,B,B-000006036
9974,A,A-000008473
9974,A,A-000008474
9974,B,B-000006037
9975,A,A-000008475
9975,A,A-000008476
9975,B,B-000006038
9976,A,A-000008477
9976,A,A-000008478
9976,B,B-000006039
9977,A,A-000008479
9977,A,A-000008480
9977,B,B-000006040
9979,A,A-000008481
9979,A,A-000008482
9979,B,B-000006041
9983,A,A-000008483
9983,A,A-000008484
9983,B,B-000006042
9987,A,A-000008485
9987,A,A-000008486
9987,B,B-000006043
9988,A,A-000008487
9988,A,A-000008488
9988,B,B-000006044
9989,A,A-000008489
9989,A,A-000008490
9989,B,B-000006045
9991,A,A-000008491
9991,A,A-000008492
9991,B,B-000006046
9994,A,A-000008493
9994,A,A-000008494
9994,B,B-000006047
9996,A,A-000008495
9996,A,A-000008496
9996,B,B-000006048
9998,A,A-000008497
9998,A,A-000008498
9998,B,B-000006049
10000,A,A-000008499
10000,A,A-000008500
10000,B,B-000006050
P_CHILD_0000001,B,B-000006051
P_CHILD_0000002,B,B-000006052
P_CHILD_0000003,B,B-000006053
P_CHILD_0000004,B,B-000006054
P_CHILD_0000006,B,B-000006055
P_CHILD_0000007,B,B-000006056
P_CHILD_0000008,B,B-000006057
P_CHILD_0000009,B,B-000006058
P_CHILD_0000010,B,B-000006059
P_CHILD_0000011,B,B-000006060
P_CHILD_0000012,B,B-000006061
P_CHILD_0000013,B,B-000006062
P_CHILD_0000014,B,B-000006063
P_CHILD_0000015,B,B-000006064
P_CHILD_0000016,B,B-000006065
P_CHILD_0000017,B,B-000006066
P_CHILD_0000018,B,B-000006067
P_CHILD_0000019,B,B-000006068
P_CHILD_0000020,B,B-000006069
P_CHILD_0000021,B,B-000006070
P_CHILD_0000022,B,B-000006071
P_CHILD_0000023,B,B-000006072
P_CHILD_0000024,B,B-000006073
P_CHILD_0000025,B,B-000006074
P_CHILD_0000026,B,B-000006075
P_CHILD_0000027,B,B-000006076
P_CHILD_0000028,B,B-000006077
P_CHILD_0000029,B,B-000006078
P_CHILD_0000030,B,B-000006079
P_CHILD_0000031,B,B-000006080
P_CHILD_0000032,B,B-000006081
P_CHILD_0000033,B,B-000006082
P_CHILD_0000034,B,B-000006083
P_CHILD_0000035,B,B-000006084
P_CHILD_0000036,B,B-000006085
P_CHILD_0000037,B,B-000006086
P_CHILD_0000038,B,B-000006087
P_CHILD_0000040,B,B-000006088
P_CHILD_0000041,B,B-000006089
P_CHILD_0000042,B,B-000006090
P_CHILD_0000043,B,B-000006091
P_CHILD_0000044,B,B-000006092
P_CHILD_0000045,B,B-000006093
P_CHILD_0000046,B,B-000006094
P_CHILD_0000047,B,B-000006095
P_CHILD_0000048,B,B-000006096
P_CHILD_0000049,B,B-000006097
P_CHILD_0000050,B,B-000006098
P_CHILD_0000051,B,B-000006099
P_CHILD_0000052,B,B-000006100
P_CHILD_0000053,B,B-000006101
P_CHILD_0000054,B,B-000006102
P_CHILD_0000055,B,B-000006103
P_CHILD_0000056,B,B-000006104
P_CHILD_0000057,B,B-000006105
P_CHILD_0000058,B,B-000006106
P_CHILD_0000059,B,B-000006107
P_CHILD_0000060,B,B-000006108
P_CHILD_0000061,B,B-000006109
P_CHILD_0000062,B,B-000006110
P_CHILD_0000063,B,B-000006111
P_CHILD_0000064,B,B-000006112
P_CHILD_0000066,B,B-000006113
P_CHILD_0000067,B,B-000006114
P_CHILD_0000068,B,B-000006115
P_CHILD_0000069,B,B-000006116
P_CHILD_0000070,B,B-000006117
P_CHILD_0000071,B,B-000006118
P_CHILD_0000072,B,B-000006119
P_CHILD_0000073,B,B-000006120
P_CHILD_0000075,B,B-000006121
P_CHILD_0000077,B,B-000006122
P_CHILD_0000078,B,B-000006123
P_CHILD_0000079,B,B-000006124
P_CHILD_0000080,B,B-000006125
P_CHILD_0000081,B,B-000006126
P_CHILD_0000082,B,B-000006127
P_CHILD_0000083,B,B-000006128
P_CHILD_0000084,B,B-000006129
P_CHILD_0000085,B,B-000006130
P_CHILD_0000086,B,B-000006131
P_CHILD_0000087,B,B-000006132
P_CHILD_0000088,B,B-000006133
P_CHILD_0000089,B,B-000006134
P_CHILD_0000090,B,B-000006135
P_CHILD_0000091,B,B-000006136
P_CHILD_0000092,B,B-000006137
P_CHILD_0000093,B,B-000006138
P_CHILD_0000094,B,B-000006139
P_CHILD_0000095,B,B-000006140
P_CHILD_0000096,B,B-000006141
P_CHILD_0000097,B,B-000006142
P_CHILD_0000098,B,B-000006143
P_CHILD_0000099,B,B-000006144
P_CHILD_0000100,B,B-000006145
P_CHILD_0000101,B,B-000006146
P_CHILD_0000102,B,B-000006147
P_CHILD_0000103,B,B-000006148
P_CHILD_0000104,B,B-000006149
P_CHILD_0000105,B,B-000006150
P_CHILD_0000106,B,B-000006151
P_CHILD_0000107,B,B-000006152
P_CHILD_0000108,B,B-000006153
P_CHILD_0000109,B,B-000006154
P_CHILD_0000110,B,B-000006155
P_CHILD_0000111,B,B-000006156
P_CHILD_0000112,B,B-000006157
P_CHILD_0000113,B,B-000006158
P_CHILD_0000114,B,B-000006159
P_CHILD_0000115,B,B-000006160
P_CHILD_0000116,B,B-000006161
P_CHILD_0000117,B,B-000006162
P_CHILD_0000118,B,B-000006163
P_CHILD_0000119,B,B-000006164
P_CHILD_0000120,B,B-000006165
P_CHILD_0000121,B,B-000006166
P_CHILD_0000122,B,B-000006167
P_CHILD_0000124,B,B-000006168
P_CHILD_0000125,B,B-000006169
P_CHILD_0000126,B,B-000006170
P_CHILD_0000127,B,B-000006171
P_CHILD_0000128,B,B-000006172
P_CHILD_0000130,B,B-000006173
P_CHILD_0000131,B,B-000006174
P_CHILD_0000132,B,B-000006175
P_CHILD_0000133,B,B-000006176
P_CHILD_0000136,B,B-000006177
P_CHILD_0000137,B,B-000006178
P_CHILD_0000138,B,B-000006179
P_CHILD_0000139,B,B-000006180
P_CHILD_0000140,B,B-000006181
P_CHILD_0000141,B,B-000006182
P_CHILD_0000142,B,B-000006183
P_CHILD_0000144,B,B-000006184
P_CHILD_0000145,B,B-000006185
P_CHILD_0000146,B,B-000006186
P_CHILD_0000147,B,B-000006187
P_CHILD_0000148,B,B-000006188
P_CHILD_0000149,B,B-000006189
P_CHILD_0000150,B,B-000006190
P_CHILD_0000151,B,B-000006191
P_CHILD_0000152,B,B-000006192
P_CHILD_0000153,B,B-000006193
P_CHILD_0000154,B,B-000006194
P_CHILD_0000155,B,B-000006195
P_CHILD_0000156,B,B-000006196
P_CHILD_0000158,B,B-000006197
P_CHILD_0000159,B,B-000006198
P_CHILD_0000160,B,B-000006199
P_CHILD_0000161,B,B-000006200
P_CHILD_0000162,B,B-000006201
P_CHILD_0000163,B,B-000006202
P_CHILD_0000164,B,B-000006203
P_CHILD_0000165,B,B-000006204
P_CHILD_0000166,B,B-000006205
P_CHILD_0000167,B,B-000006206
P_CHILD_0000168,B,B-000006207
P_CHILD_0000169,B,B-000006208
P_CHILD_0000170,B,B-000006209
P_CHILD_0000171,B,B-000006210
P_CHILD_0000172,B,B-000006211
P_CHILD_0000173,B,B-000006212
P_CHILD_0000174,B,B-000006213
P_CHILD_0000175,B,B-000006214
P_CHILD_0000177,B,B-000006215
P_CHILD_0000178,B,B-000006216
P_CHILD_0000180,B,B-000006217
P_CHILD_0000181,B,B-000006218
P_CHILD_0000182,B,B-000006219
P_CHILD_0000183,B,B-000006220
P_CHILD_0000184,B,B-000006221
P_CHILD_0000185,B,B-000006222
P_CHILD_0000186,B,B-000006223
P_CHILD_0000187,B,B-000006224
P_CHILD_0000188,B,B-000006225
P_CHILD_0000189,B,B-000006226
P_CHILD_0000190,B,B-000006227
P_CHILD_0000191,B,B-000006228
P_CHILD_0000192,B,B-000006229
P_CHILD_0000193,B,B-000006230
P_CHILD_0000194,B,B-000006231
P_CHILD_0000195,B,B-000006232
P_CHILD_0000196,B,B-000006233
P_CHILD_0000198,B,B-000006234
P_CHILD_0000199,B,B-000006235
P_CHILD_0000200,B,B-000006236
P_CHILD_0000201,B,B-000006237
P_CHILD_0000202,B,B-000006238
P_CHILD_0000203,B,B-000006239
P_CHILD_0000204,B,B-000006240
P_CHILD_0000205,B,B-000006241
P_CHILD_0000206,B,B-000006242
P_CHILD_0000207,B,B-000006243
P_CHILD_0000208,B,B-000006244
P_CHILD_0000209,B,B-000006245
P_CHILD_0000210,B,B-000006246
P_CHILD_0000211,B,B-000006247
P_CHILD_0000212,B,B-000006248
P_CHILD_0000213,B,B-000006249
P_CHILD_0000214,B,B-000006250
P_CHILD_0000215,B,B-000006251
P_CHILD_0000216,B,B-000006252
P_CHILD_0000217,B,B-000006253
P_CHILD_0000218,B,B-000006254
P_CHILD_0000219,B,B-000006255
P_CHILD_0000220,B,B-000006256
P_CHILD_0000221,B,B-000006257
P_CHILD_0000222,B,B-000006258
P_CHILD_0000223,B,B-000006259
P_CHILD_0000224,B,B-000006260
P_CHILD_0000225,B,B-000006261
P_CHILD_0000226,B,B-000006262
P_CHILD_0000227,B,B-000006263
P_CHILD_0000228,B,B-000006264
P_CHILD_0000229,B,B-000006265
P_CHILD_0000230,B,B-000006266
P_CHILD_0000231,B,B-000006267
P_CHILD_0000232,B,B-000006268
P_CHILD_0000233,B,B-000006269
P_CHILD_0000234,B,B-000006270
P_CHILD_0000235,B,B-000006271
P_CHILD_0000236,B,B-000006272
P_CHILD_0000237,B,B-000006273
P_CHILD_0000238,B,B-000006274
P_CHILD_0000239,B,B-000006275
P_CHILD_0000240,B,B-000006276
P_CHILD_0000243,B,B-000006277
P_CHILD_0000244,B,B-000006278
P_CHILD_0000245,B,B-000006279
P_CHILD_0000246,B,B-000006280
P_CHILD_0000247,B,B-000006281
P_CHILD_0000248,B,B-000006282
P_CHILD_0000249,B,B-000006283
P_CHILD_0000250,B,B-000006284
P_CHILD_0000251,B,B-000006285
P_CHILD_0000252,B,B-000006286
P_CHILD_0000253,B,B-000006287
P_CHILD_0000254,B,B-000006288
P_CHILD_0000257,B,B-000006289
P_CHILD_0000258,B,B-000006290
P_CHILD_0000259,B,B-000006291
P_CHILD_0000260,B,B-000006292
P_CHILD_0000261,B,B-000006293
P_CHILD_0000262,B,B-000006294
P_CHILD_0000263,B,B-000006295
P_CHILD_0000264,B,B-000006296
P_CHILD_0000265,B,B-000006297
P_CHILD_0000266,B,B-000006298
P_CHILD_0000267,B,B-000006299
P_CHILD_0000268,B,B-000006300
P_CHILD_0000269,B,B-000006301
P_CHILD_0000270,B,B-000006302
P_CHILD_0000271,B,B-000006303
P_CHILD_0000272,B,B-000006304
P_CHILD_0000273,B,B-000006305
P_CHILD_0000274,B,B-000006306
P_CHILD_0000275,B,B-000006307
P_CHILD_0000276,B,B-000006308
P_CHILD_0000277,B,B-000006309
P_CHILD_0000278,B,B-000006310
P_CHILD_0000279,B,B-000006311
P_CHILD_0000280,B,B-000006312
P_CHILD_0000281,B,B-000006313
P_CHILD_0000283,B,B-000006314
P_CHILD_0000284,B,B-000006315
P_CHILD_0000285,B,B-000006316
P_CHILD_0000286,B,B-000006317
P_CHILD_0000287,B,B-000006318
P_CHILD_0000288,B,B-000006319
P_CHILD_0000289,B,B-000006320
P_CHILD_0000290,B,B-000006321
P_CHILD_0000291,B,B-000006322
P_CHILD_0000292,B,B-000006323
P_CHILD_0000293,B,B-000006324
P_CHILD_0000294,B,B-000006325
P_CHILD_0000295,B,B-000006326
P_CHILD_0000297,B,B-000006327
P_CHILD_0000298,B,B-000006328
P_CHILD_0000299,B,B-000006329
P_CHILD_0000300,B,B-000006330
P_CHILD_0000301,B,B-000006331
P_CHILD_0000302,B,B-000006332
P_CHILD_0000303,B,B-000006333
P_CHILD_0000304,B,B-000006334
P_CHILD_0000305,B,B-000006335
P_CHILD_0000307,B,B-000006336
P_CHILD_0000308,B,B-000006337
P_CHILD_0000309,B,B-000006338
P_CHILD_0000311,B,B-000006339
P_CHILD_0000312,B,B-000006340
P_CHILD_0000314,B,B-000006341
P_CHILD_0000316,B,B-000006342
P_CHILD_0000317,B,B-000006343
P_CHILD_0000318,B,B-000006344
P_CHILD_0000319,B,B-000006345
P_CHILD_0000320,B,B-000006346
P_CHILD_0000321,B,B-000006347
P_CHILD_0000322,B,B-000006348
P_CHILD_0000324,B,B-000006349
P_CHILD_0000325,B,B-000006350
P_CHILD_0000326,B,B-000006351
P_CHILD_0000327,B,B-000006352
P_CHILD_0000328,B,B-000006353
P_CHILD_0000329,B,B-000006354
P_CHILD_0000330,B,B-000006355
P_CHILD_0000331,B,B-000006356
P_CHILD_0000332,B,B-000006357
P_CHILD_0000333,B,B-000006358
P_CHILD_0000334,B,B-000006359
P_CHILD_0000336,B,B-000006360
P_CHILD_0000337,B,B-000006361
P_CHILD_0000340,B,B-000006362
P_CHILD_0000341,B,B-000006363
P_CHILD_0000342,B,B-000006364
P_CHILD_0000343,B,B-000006365
P_CHILD_0000344,B,B-000006366
P_CHILD_0000345,B,B-000006367
P_CHILD_0000346,B,B-000006368
P_CHILD_0000347,B,B-000006369
P_CHILD_0000348,B,B-000006370
P_CHILD_0000349,B,B-000006371
P_CHILD_0000350,B,B-000006372
P_CHILD_0000351,B,B-000006373
P_CHILD_0000352,B,B-000006374
P_CHILD_0000353,B,B-000006375
P_CHILD_0000354,B,B-000006376
P_CHILD_0000355,B,B-000006377
P_CHILD_0000356,B,B-000006378
P_CHILD_0000357,B,B-000006379
P_CHILD_0000358,B,B-000006380
P_CHILD_0000359,B,B-000006381
P_CHILD_0000360,B,B-000006382
P_CHILD_0000361,B,B-000006383
P_CHILD_0000362,B,B-000006384
P_CHILD_0000363,B,B-000006385
P_CHILD_0000364,B,B-000006386
P_CHILD_0000365,B,B-000006387
P_CHILD_0000366,B,B-000006388
P_CHILD_0000367,B,B-000006389
P_CHILD_0000368,B,B-000006390
P_CHILD_0000369,B,B-000006391
P_CHILD_0000370,B,B-000006392
P_CHILD_0000371,B,B-000006393
P_CHILD_0000372,B,B-000006394
P_CHILD_0000373,B,B-000006395
P_CHILD_0000374,B,B-000006396
P_CHILD_0000376,B,B-000006397
P_CHILD_0000377,B,B-000006398
P_CHILD_0000378,B,B-000006399
P_CHILD_0000379,B,B-000006400
